,CV Kopi Terbaik Nusantara,,,"Cek : 
1. Kolom E apakah sudah terisi semua. Kalau belum berarti kemungkinan tidak ada di accurate
2. Apabila belum ada di accurate, mohon dimasukkan
3. Apabila salah akun PI / FAA / Exp, mohon dibetulkan
4. Aset2 dengan nominal xxx perlukah di tempel aset tag",,,,,,,,,,
,,,,,,,,,,,,,,
No.,Date,tgl otorisasi,Vendor Name,COA / PI NO.,Account,Description,TAG, Amount,Note,Tax,,,PAID AMOUNT,Due date
,,,,,,,,,,23,21,VAT,,
,,,,,,,,,,,,,,
,,,9 Januari 2025,,,,,,,,,,,
,09/01/2024,9 Jan,Pindah Buku,BT.2025.01.00003,,Pindah Buku,,100.000.000,,,,,,
,09/01/2024,9 Jan,Nurul Tasya Berlianda,BT.2025.01.00001,,Pettycash Purchasing,,1.320.065,,,,,,
,09/01/2024,9 Jan,Nurul Tasya Berlianda,BT.2025.01.00002,,Pettycash MKG,,173.000,,,,,,
,02/01/2025,9 Jan,Iwan Junianto,EXP.2025.01.00005,,Iuran Pengelolaan Lingkungan Januari 2025 Riviera Plaza Hibrida,,500.002,,,,,,
,04/01/2025,9 Jan,Accurate,EXP.2025.01.00006,,by software,,344.100,,,,,,
,04/01/2025,9 Jan,Biznet,EXP.2025.01.00004,,Pembayaran Internet Periode Februari-Mei 2025,,832.500,,,,,,
,08/01/2025,9 Jan,Pajak Pemkot,EXP.2025.01.00012,,Freshmilk,,60.099.445,,,,,,
,26/12/2024,9 Jan,Gracia Maria Widjajanti,PI.2024.12.00218,,Biaya Pek Exhaust & MEP Roastery Strada Coffee La Piazza,,2.400.000,,,,,,
,01/12/2024,9 Jan,Summarecon Investment Property PT (MKG 2),EXP.2024.12.00075,,Deposit Sewa MKG 2,,9.860.000,,,,,,
,07/01/2025,9 Jan,Michelle,EXP.2025.01.00010,,Vouche mkg2 100 pcs dan sticker label cookies risoles untuk kitchen,,249.000,,,,,,
,09/01/2025,9 Jan,Michelle,EXP.2025.01.00008,,"Cetak modul kelas SCA miss evani (general knowledge 5 pcs, foundation 5 pcs, fond+intermediate 5 pcs)",,824.000,,,,,,
,09/01/2025,9 Jan,Michelle,EXP.2025.01.00009,,Notebook untuk kelas SCA miss evani 8 pcs,,203.114,,,,,,
,03/01/2025,9 Jan,Evani Jesslyn,PI.2025.01.00012,,Tokopedia - Pengadaan Barang Kitche Loyang Prees 40x60,,196.940,,,,,,
,03/01/2025,9 Jan,Evani Jesslyn,PI.2025.01.00013,,Tokopedia - Pengadaan Barang Kitchen 1 Set Spatula anti Panas (Food Grade),,129.660,,,,,,
,03/01/2025,9 Jan,Evani Jesslyn,PI.2025.01.00014,,Tokopedia - Pengadaan Kitchen wajan Anti Lengket Fry Pan 24 CM,,227.520,,,,,,
,03/01/2025,9 Jan,Evani Jesslyn,PI.2025.01.00015,,Tokopedia - Ring Cutter Diameter 10cm 10pcs,,91.800,,,,,,
,03/01/2025,9 Jan,Evani Jesslyn,PI.2025.01.00016,,PO Pemenuhan Gudang - Omura Powder,,300.000,,,,,,
,03/01/2025,9 Jan,Evani Jesslyn,PI.2025.01.00017,,Tokopedia - Pembelian Plastic Wrap untuk Pemenuhan Gudang,,484.320,,,,,,
,07/01/2025,9 Jan,Evani Jesslyn,PI.2025.01.00018,,"Tokopedia - Pembelian Utensil (Obeng, sikat kawat,Kape) untuk Roastery",,54.700,,,,,,
,07/01/2025,9 Jan,Evani Jesslyn,PI.2025.01.00019,,"Pembelian Pemenuhan gudang (Mix Veggie,Smoked Beef , Dll)",,2.269.600,,,,,,
,07/01/2025,9 Jan,Evani Jesslyn,PI.2025.01.00020,,Tokopedia - Pembelian Gelas Pengadaan Bar,,1.009.600,,,,,,
,07/01/2025,9 Jan,Evani Jesslyn,PI.2025.01.00021,,Tokopedia - Pembelian Refill Kain Pel Pengadaan HK,,40.000,,,,,,
,03/01/2025,9 Jan,Evani Jesslyn,PI.2025.01.00022,,Tokopedia - Pembelian Sarung Tangan Latex untuk Pengadaan HK,,35.090,,,,,,
,03/01/2025,9 Jan,Evani Jesslyn,PI.2025.01.00023,,Tokopedia - pembelian Kuas untuk roastery,,5.994,,,,,,
,06/01/2025,9 Jan,Evani Jesslyn,EXP.2025.01.00011,,Specialty Coffee Association,,6.500.000,,,,,,
,20/12/2024,9 Jan,PT Greenfields Indonesia,PI.2024.12.00220,,Freshmilk,,1.366.560,,,,,,
,20/12/2024,9 Jan,PT Greenfields Indonesia,PI.2024.12.00221,,Freshmilk,,455.520,,,,,,
,03/01/2025,9 Jan,PT. Mulia Raya Agrijaya,PI.2025.01.00002,,Cooking Cream,,1.026.970,,,,,,
,03/01/2025,9 Jan,PT. Cahaya Inti Putra Sejahtera,PI.2025.01.00003,,MTS-LADAKU GROUND WHITE PEPPER POUCH,,1.800.000,,,,,,
,04/05/2024,9 Jan,Cavalese,PI.2024.05.00202,,Cheesecake,,800.000,,,,,,
,31/12/2024,9 Jan,Tumin,PI.2024.12.00215,,Pembelian sayur untuk PO Kitchen dan BAR,,1.088.000,,,,,,
,03/01/2025,9 Jan,Tumin,PI.2025.01.00024,,Sayuran,,1.280.000,,,,,,
,06/01/2025,9 Jan,Tumin,PI.2025.01.00025,,Sayuran,,1.358.000,,,,,,
,08/01/2025,9 Jan,Tumin,PI.2025.01.00026,,Sayuran,,200.000,,,,,,
,30/12/2024,9 Jan,Bella Natalia,PI.2024.12.00216,,Telur 88,,210.000,,,,,,
,30/12/2024,9 Jan,Bella Natalia,PI.2024.12.00217,,Telur 88,,450.000,,,,,,
,03/01/2025,9 Jan,Bella Natalia,PI.2025.01.00027,,Telur 88,,305.000,,,,,,
,07/01/2025,9 Jan,Bella Natalia,PI.2025.01.00028,,Telur 88,,430.000,,,,,,
,03/01/2025,9 Jan,AJS Aquaman,PI.2025.01.00029,,Galon,,87.500,,,,,,
,08/01/2025,9 Jan,Titan Baking Kelapa Gading,PI.2025.01.00030,,"Keju, Almond, dll",,1.636.294,,,,,,
,06/01/2025,9 Jan,Suket teki,PI.2025.01.00031,,"Gula, garam, dll",,3.578.000,,,,,,
,08/01/2025,9 Jan,Liara Food,PI.2025.01.00032,,Daging,,3.440.600,,,,,,
,,,,,,,,,,,,,,
,,,,,,,,,,,,,,
,,,16 Januari 2025,,,,,,,,,,,
,15/01/2025,16 Jan,Pindah Buku,BT.2025.01.00006,,Pindah Buku,,50.000.000,,,,,,
,15/01/2025,16 Jan,Nurul Tasya Berlianda,BT.2025.01.00004,,Pettycash Purchasing,,714.350,,,,,,
,15/01/2025,16 Jan,Nurul Tasya Berlianda,BT.2025.01.00005,,Pettycash MKG,,310.000,,,,,,
,11/01/2025,16 Jan,Quinos,EXP.2025.01.00021,,Training Januari 2025,,750.000,,,,,,
,10/01/2025,16 Jan,Telkom,EXP.2025.01.00018,,Telkom Januari 2025,,653.790,,,,,,
,10/01/2025,16 Jan,Pt. Summarecon Agung Tbk ,EXP.2025.01.00022,,SC LPZ - Inc GF - 10#1 Jan 2025 - 31 Jan 2025,,25.250.000,,,,,,
,16/01/2025,16 Jan,Pajak,EXP.2025.01.00023,,Pasal 4(2) SC LPZ - Inc GF - 10#1 Jan 2025 - 31 Jan 2025,,2.500.000,,,,,,
,16/01/2025,16 Jan,Pt. Summarecon Agung Tbk (MKG),EXP.2025.01.00024,,Service Charge - Pendapatan 1F - K203# 1 Jan 2025 - 31 Jan 2025,,2.636.100,,,,,,
,16/01/2025,16 Jan,Pajak,EXP.2025.01.00025,,Pasal 4(2) Service Charge - Pendapatan 1F - K203# 1 Jan 2025 - 31 Jan 2025,,261.000,,,,,,
,14/01/2025,16 Jan,Michelle,EXP.2025.01.00019,,name tag ops,,614.200,,,,,,
,14/01/2025,16 Jan,Michelle,EXP.2025.01.00020,,cetak & laminating nametag beans,,52.414,,,,,,
,08/01/2025,16 Jan,Evani Jesslyn,PI.2025.01.00057,,Tokopedia - TokoCartridgeOnline,,547.400,,,,,,
,10/01/2025,16 Jan,Evani Jesslyn,PI.2025.01.00058,,Tokopedia - Sasa Official Store,,192.760,,,,,,
,10/01/2025,16 Jan,Evani Jesslyn,PI.2025.01.00061,,Tokopedia - Bobaolshop,,1.723.850,,,,,,
,10/01/2025,16 Jan,Evani Jesslyn,PI.2025.01.00062,,Tokopedia - Barcode Official Store,,349.000,,,,,,
,10/01/2025,16 Jan,Evani Jesslyn,PI.2025.01.00063,,Tokopedia - Arteristo Official,,761.500,,,,,,
,10/01/2025,16 Jan,Evani Jesslyn,EXP.2025.01.00016,,Tokopedia - Fokus888,,14.500,,,,,,
,09/01/2025,16 Jan,Evani Jesslyn,EXP.2025.01.00017,,Specialty Coffee Association,,4.990.000,,,,,,
,09/01/2025,16 Jan,CV. Panen Raya Indonesia,PI.2025.01.00038,,Cake,,1.229.138,,,,,,
,30/12/2025,16 Jan,CV. Panen Raya Indonesia,PI.2024.12.00222,,"Tahu rebung, dll",,3.098.690,,,,,,
,08/01/2025,16 Jan,CV. Panen Raya Indonesia,PI.2025.01.00039,,"Tahu rebung, dll",,4.601.800,,,,,,
,30/12/2025,16 Jan,CV. Panen Raya Indonesia,PI.2024.12.00223,,Cake,,1.800.000,,,,,,
,16/01/2025,,CV. Panen Raya Indonesia,JV.2025.01.00276,,Salah Transfer Academy semarang,,2.700.000,,,,,,
,09/01/2025,16 Jan,Natasha (Beras),PI.2025.01.00034,,Beras,,1.400.000,,,,,,
,06/01/2025,16 Jan,PT Sukanda Djaya,PI.2025.01.00035,,Oatmilk,,3.196.800,,,,,,
,06/01/2025,16 Jan,PT Sukanda Djaya,PI.2025.01.00036,,Ice cream vanilla,,333.000,,,,,,
,09/01/2025,16 Jan,PT Kartika Distrindo,PI.2025.01.00037,,Omela,,3.835.043,,,,,,
,10/01/2025,16 Jan,Bella Natalia,PI.2025.01.00054,,Telur 88,,140.000,,,,,,
,10/01/2025,16 Jan,Bella Natalia,PI.2025.01.00056,,Telur 88,,280.000,,,,,,
,14/01/2025,16 Jan,Bella Natalia,PI.2025.01.00066,,Telur88,,285.000,,,,,,
,10/01/2025,16 Jan,Tumin,PI.2025.01.00055,,Sayur,,707.000,,,,,,
,14/01/2025,16 Jan,Tumin,PI.2025.01.00067,,Sayur,,1.789.000,,,,,,
,14/01/2025,16 Jan,PT. Mulia Raya Agri Jaya,PI.2025.01.00064,,"Milk Powder, Cooking Cream",,622.745,,,,,,
,14/01/2025,16 Jan,PT. Karunia Sukses Gemilang,PI.2025.01.00068,,"Olive oil, dll",,917.775,,,,,,
,06/12/2024,16 Jan,PT Greenfields Indonesia,PI.2024.12.00224,,Freshmilk,,683.280,,,,,,
,24/12/2024,16 Jan,PT Greenfields Indonesia,PI.2024.12.00225,,Freshmilk,,1.822.080,,,,,,
,24/12/2024,16 Jan,PT Greenfields Indonesia,PI.2024.12.00226,,Freshmilk,,455.520,,,,,,
,26/12/2024,16 Jan,PT Greenfields Indonesia,PI.2024.12.00227,,Freshmilk,,2.049.840,,,,,,
,15/01/2025,16 Jan,AJS Aquaman,PI.2025.01.00069,,Air Galon,,70.000,,,,,,
,,,,,,,,,,,,,,
,,,23 Januari 2025,,,,,,,,,,,
,23/01/2025,23 Jan,Pindah Buku,BT.2025.01.00010,,Pindah Buku,,150.000.000,,,,,,
,23/01/2025,23 Jan,Nurul Tasya Berlianda,BT.2025.01.00007,,Pettycash Purchasing,,723.732,,,,,,
,23/01/2025,23 Jan,Nurul Tasya Berlianda,BT.2025.01.00008,,Pettycash Operasional ,,523.900,,,,,,
,23/01/2025,23 Jan,Nurul Tasya Berlianda,BT.2025.01.00009,,Pettycash MKG,,328.000,,,,,,
,18/01/2025,23 Jan,Michelle,EXP.2025.01.00031,, penambahan 5pcs nametag,,210.800,,,,,,
,16/12/2024,23 Jan,Fajar Nursodiq,EXP.2024.12.00076,,Pelunasan Training Lark,,750.000,,,,,,
,01/01/2025,23 Jan,BPJS Ketenagakerjaan,EXP.2025.01.00029,,Iuran Januari 2025,,162.287,,,,,,
,20/01/2025,23 Jan,Evani Jesslyn,PI.2025.01.00089,,Tokopedia - Pembelian Plastik Cookies & Risol,,141.000,,,,,,
,20/01/2025,23 Jan,Evani Jesslyn,PI.2025.01.00090,,Tokopedia - Dada Fillet,,2.318.980,,,,,,
,18/01/2025,23 Jan,Evani Jesslyn,EXP.2025.01.00013,,Tokopedia - MixMart Official,,52.500,,,,,,
,18/01/2025,23 Jan,Evani Jesslyn,PI.2025.01.00096,,Tokopedia - Official Store WLN,,193.300,,,,,,
,18/01/2025,23 Jan,Evani Jesslyn,EXP.2025.01.00026,,Tokopedia - Gottemall,,333.000,,,,,,
,18/01/2025,23 Jan,Evani Jesslyn,PI.2025.01.00097,,Tokopedia - Restomart Official Store,,198.090,,,,,,
,18/01/2025,23 Jan,Evani Jesslyn,PI.2025.01.00098,,Tokopedia - ZOZO INDONESIA OFFICIAL,,28.300,,,,,,
,17/01/2025,23 Jan,CV Panen Raya Indonesia,PI.2025.01.00073,,Banana Cake,,125.540,,,,,,
,17/01/2025,23 Jan,CV Panen Raya Indonesia,PI.2025.01.00074,,"PO Pemenuhan Gudang - Tahu rebung, dll",,3.836.450,,,,,,
,27/09/2024,23 Jan,PT Berkah Surya Bersinar,PI.2024.09.00173,,Bali Natural Anaerob Grape Yeast,,2.000.000,,,,,,
,01/10/2024,23 Jan,PT Berkah Surya Bersinar,PI.2024.10.00178,,Bali Natural Anaerob Grape Yeast,,2.000.000,,,,,,
,11/10/2024,23 Jan,PT Berkah Surya Bersinar,PI.2024.10.00179,,Coffee Beans dan Coffee Drip Strada X Modellista,,28.000.000,,,,,,
,01/11/2024,23 Jan,PT Berkah Surya Bersinar,PI.2024.11.00243,,"BSB Jakarta , PO Jacoweek",,25.454.250,,,,,,
,29/11/2024,23 Jan,PT Berkah Surya Bersinar,PI.2024.11.00244,,"Papua, java robusta, dll",,352.000,,,,,,
,30/11/2024,23 Jan,PT Berkah Surya Bersinar,PI.2024.11.00245,,"Bali, Toraja, dll",,1.122.000,,,,,,
,28/11/2024,23 Jan,PT Berkah Surya Bersinar,PI.2024.11.00246,,ongkos kirim,,20.000,,,,,,
,12/11/2024,23 Jan,PT Berkah Surya Bersinar,PI.2024.11.00247,,Akrilik,,264.200,,,,,,
,05/11/2024,23 Jan,PT Berkah Surya Bersinar,PI.2024.11.00248,,Timbngan 40 kg,,203.713,,,,,,
,07/12/2024,23 Jan,PT Berkah Surya Bersinar,PI.2024.12.00230,,"Blackforest, Aroma, dll",,1.640.000,,,,,,
,13/12/2024,23 Jan,PT Berkah Surya Bersinar,PI.2024.12.00231,,Barista Space,,39.551.800,,,,,,
,10/12/2024,23 Jan,PT Berkah Surya Bersinar,PI.2024.12.00232,,Greenbean Blackforest dan Aroma,,7.962.500,,,,,,
,02/01/2025,23 Jan,PT Berkah Surya Bersinar,PI.2025.01.00094,,Dripbag sachet,,217.500,,,,,,
,20/01/2025,23 Jan,Suket Teki,PI.2025.01.00091,,"Gula, Minyak, dll",,3.714.500,,,,,,
,18/01/2025,23 Jan,Bella Natalia,PI.2025.01.00092,,Telur88,,140.000,,,,,,
,21/01/2025,23 Jan,Bella Natalia,PI.2025.01.00104,,Telur88,,260.000,,,,,,
,17/01/2025,23 Jan,Tumin,PI.2025.01.00100,,Sayuran,,871.000,,,,,,
,21/01/2025,23 Jan,Tumin,PI.2025.01.00102,,Sayuran,,989.000,,,,,,
,22/01/2025,23 Jan,Tumin,PI.2025.01.00103,,Sayuran,,50.000,,,,,,
,21/01/2025,23 Jan,Armin Suplayer Skippy,PI.2025.01.00101,,Skippy,,1.236.000,,,,,,
,,,,,,,,,,,,,,
,,,30 Januari 2025,,,,,,,,,,,
,30/01/2025,30 Jan,Pindah Buku,BT.2025.01.00011,,,,150.000.000,,,,,,
,30/01/2025,30 Jan,Nurul Tasya Berlianda,BT.2025.01.00012,,Pettycash Purchasing,,1.082.424,,,,,,
,30/01/2025,30 Jan,Nurul Tasya Berlianda,BT.2025.01.00013,,Pettycash MKG,,622.400,,,,,,
,21/01/2025,30 Jan,Summarecon Investment Property PT,EXP.2025.01.00033,,"Rent 1-31 Dec , Add S Charge 1- 31 Dec 2024",,32.121.662,,,,,,
,30/01/2025,30 Jan,Pajak,EXP.2025.01.00046,,Pasal 4(2),,3.180.362,,,,,,
,21/01/2025,30 Jan,Summarecon Investment Property PT,EXP.2025.01.00034,,Rent 1-30 Des 2024 (Academy),,1.590.750,,,,,,
,30/01/2025,30 Jan,Pajak,EXP.2025.01.00047,,Pasal 4(2),,157.500,,,,,,
,21/01/2025,30 Jan,Pt. Summarecon Agung Tbk (MKG),EXP.2025.01.00036,,"Rent 02-31 Des 2024, S. Charge 02-31 Des 2024",,4.179.178,,,,,,
,30/01/2025,30 Jan,Pajak,EXP.2025.01.00048,,Pasal 4(2),,413.780,,,,,,
,26/01/2025,30 Jan,Danis Yulianto Hadi,EXP.2025.01.00038,,Tagihan Sciencewerk Januari 2025,,6.000.000,,,,,,
,24/01/2025,30 Jan,PT JAMPI MEDIA (Nibble),EXP.2025.01.00039,,Article - Untuk Campaign Strada Coffee Kelapa Gading,,2.500.000,,,,,,
,24/01/2025,30 Jan,Shella Dellina,PI.2025.01.00152,,Pembelian 10 pcs kontainer untuk roastery,,930.050,,,,,,
,17/01/2025,30 Jan,Shella Dellina,PI.2025.01.00153,,Pembelian 5 pcs container untuk roastery,,434.500,,,,,,
,09/01/2025,30 Jan,Shella Dellina,PI.2025.01.00154,,Pembelian 6 pcs kontainer + 1 laci plastik untuk roastery,,779.300,,,,,,
,4/12/2024,30 Jan,Shella Dellina,EXP.2025.01.00040,,Transfer hadiah lomba merchandise outlet la piazza (november) to riska Rp 500.000,,500000,,,,,,
,18/01/2025,30 Jan,Shella Dellina,EXP.2025.01.00041,,Transfer hadiah lomba merchandise outlet la piazza (desember) to riska Rp 500.000,,500.000,,,,,,
,06/12/2024,30 Jan,Shella Dellina,PI.2024.11.00132,,"Pelunasan signage MKG2
",,1.750.000,,,,,,
,17/01/2025,30 Jan,Shella Dellina,EXP.2025.01.00042,,"Pembayaran tagihan Opaper MKG2 
",,336.500,,,,,,
,16/01/2025,30 Jan,Shella Dellina,PI.2025.01.00155,,Pembelian label brother untuk roastery,,467.900,,,,,,
,16/01/2025,30 Jan,Shella Dellina,EXP.2025.01.00043,,Pembelian whipping cream untuk r&d minuman citrus cloud,,81.400,,,,,,
,13/01/2025,30 Jan,Shella Dellina,EXP.2025.01.00044,,Pembelian box untuk pengiriman paket influencer,,37.300,,,,,,
,12/12/2024,30 Jan,Shella Dellina,PI.2024.12.00237,,Pembelian lampu halogen untuk heater,,76.500,,,,,,
,12/12/2024,30 Jan,Shella Dellina,EXP.2024.12.00078,,Pembelian properti foto untuk peach candy crush,,71.600,,,,,,
,02/12/2024,30 Jan,Shella Dellina,PI.2024.12.00238,,Pembelian pompa galon untuk mkg2,,52.100,,,,,,
,02/12/2024,30 Jan,Shella Dellina,PI.2024.12.00239,,Pembelian gelas sloki untuk hiruma mkg2,,19.200,,,,,,
,02/12/2024,30 Jan,Shella Dellina,PI.2024.12.00240,,Pembelian obeng untuk mkg2,,51.400,,,,,,
,02/12/2024,30 Jan,Shella Dellina,PI.2024.12.00241,,"Kanebo, sikat, dll",,60.429,,,,,,
,02/12/2024,30 Jan,Shella Dellina,PI.2024.12.00242,,"Kotak penyimpnan, Cangkir",,23.800,,,,,,
,01/12/2024,30 Jan,Shella Dellina,EXP.2024.12.00079,,Pembelian perlengkapan untuk mkg2,,71.598,,,,,,
,29/11/2024,30 Jan,Shella Dellina,PI.2024.11.00249,,Pembelian kain hitam untuk closing mkg2,,36.500,,,,,,
,28/01/2025,30 Jan,Evani Jesslyn,EXP.2025.01.00049,,Pembayaran Karangan Bunga untuk dikirim ke Humble Baker,,575.000,,,,,,
,30/01/2025,30 Jan,Evani Jesslyn,EXP.2025.01.00050,,Sewa Ruko hibrida,,3.500.000,,,,,,
,28/01/2025,30 Jan,Evani Jesslyn,EXP.2025.01.00045,,Reimbures Miss Evani,,90.000.000,,,,,,
,17/12/2024,30 Jan,PT Greenfields Indonesia,PI.2024.12.00233,,Freshmilk,,1.822.080,,,,,,
,17/12/2024,30 Jan,PT Greenfields Indonesia,PI.2024.12.00234,,Yogurt Plain,,219.114,,,,,,
,31/12/2024,30 Jan,PT Greenfields Indonesia,PI.2024.12.00235,,Freshmilk,,1.822.080,,,,,,
,31/12/2024,30 Jan,PT Greenfields Indonesia,PI.2024.12.00236,,Freshmilk,,455.520,,,,,,
,02/01/2025,30 Jan,PT Greenfields Indonesia,PI.2025.01.00121,,Freshmilk,,1.138.800,,,,,,
,23/01/2025,30 Jan,PT. Sanpota Batara Indonesia,PI.2025.01.00105,,"Cup, Straw, dll",,7.602.220,,,,,,
,24/01/2025,30 Jan,PT. Kartika Distrindo,PI.2025.01.00106,,Omela UHT,,5.752.565,,,,,,
,28/01/2025,30 Jan,PT. Kreasi Cipta Megatama,PI.2025.01.00117,,"Karbol, Sabun cuci piring",,518.000,,,,,,
,24/01/2025,30 Jan,Tumin,PI.2025.01.00125,,Sayuran,,1.154.000,,,,,,
,28/01/2025,30 Jan,Tumin,PI.2025.01.00126,,Sayuran,,1.185.000,,,,,,
,24/01/2025,30 Jan,Bella Natalia,PI.2025.01.00127,,Telur88,,182.000,,,,,,
,24/01/2025,30 Jan,Bella Natalia,PI.2025.01.00128,,Telur88,,130.000,,,,,,
,28/01/2025,30 Jan,Bella Natalia,PI.2025.01.00159,,Telur88,,142.000,,,,,,
,24/01/2025,30 Jan,Cavalese,PI.2025.01.00129,,Cheesecake,,400.000,,,,,,
,30/01/2025,30 Jan,Titan,PI.2025.01.00158,,"Pewarna, whipcream",,662.108,,,,,,
,28/01/2025,30 Jan,Prambanan Kencana PT,PI.2025.01.00131,,Unsaltted Baking Butter,,1.100.000,,,,,,
,17/01/2025,30 Jan,Karunia Pack,PI.2025.01.00075,,Timus & Casava Frozen,,494.000,,,,,,
,27/01/2025,30 Jan,Suket teki,PI.2025.01.00156,,"Minyak, ajinomoto, dll",,2.504.000,,,,,,
,28/01/2025,30 Jan,AJS Aquaman,PI.2025.01.00160,,Galon,,70.000,,,,,,
,,,,,,,,,,,,,,
,,,6 Februari 2025,,,,,,,,,,,
,06/02/2025,6 Feb,Pindah Buku,BT.2025.02.00004,,Pindah Buku,,150.000.000,,,,,,
,06/02/2025,6 Feb,Nurul Tasya Berlianda,BT.2025.02.00003,,Pettycash Purchasing,,984.445,,,,,,
,06/02/2025,6 Feb,Nurul Tasya Berlianda,BT.2025.02.00002,,Pettycash Operasional ,,318.000,,,,,,
,06/02/2025,6 Feb,Nurul Tasya Berlianda,BT.2025.02.00001,,Pettycash MKG,,126.000,,,,,,
,03/02/2025,6 Feb,Accurate,EXP.2025.02.00001,,by software,,344.100,,,,,,
,05/02/2025,6 Feb,Pajak Pemkot ,EXP.2025.02.00008,,PB1 Januari 2025 (La Piazza dan MKG),,55.139.839,,,,,,
,10/01/2025,6 Feb,Lancar Sukses,EXP.2025.01.00055,,Card bahan art carton dan Tripod ,,460.000,,,,,,
,03/02/2024,6 Feb,Lancar Sukses,EXP.2025.02.00004,,Card bahan art dan Banner Strada coffe ,,180.000,,,,,,
,03/02/2025,6 Feb,Iwan Junianto,EXP.2025.02.00006,,Iuran Pengelolaan Lingkungan (IPL) Feb 2025,,500.002,,,,,,
,25/10/2024,6 Feb,CV. Pratama Multi Consulting,EXP.2024.10.00123,,Jasa Konsultan Pajak Oktober 2024,,1.470.000,,,,,,
,25/11/2024,6 Feb,CV. Pratama Multi Consulting,EXP.2024.11.00107,,Jasa Konsultan Pajak November 2024,,1.470.000,,,,,,
,25/12/2024,6 Feb,CV. Pratama Multi Consulting,EXP.2024.12.00080,,Jasa Konsultan Pajak Desember 2024,,1.470.000,,,,,,
,25/01/2025,6 Feb,CV. Pratama Multi Consulting,EXP.2025.01.00057,,Jasa Konsultan Pajak Januari 2025,,1.470.000,,,,,,
,22/01/2025,6 Feb,PT. Proton Gumilang,EXP.2025.01.00060,,pemeliharaan  Proton  Januari 2025,,1.035.500,,,,,,
,28/01/2025,6 Feb,Michelle,EXP.2025.01.00058,,"Print A5 table banner promo bulan februari (promo lunch set, free garlic cassava, promo breakfast 20%, birthday discount 15%)",,248.000,,,,,,
,24/01/2025,6 Feb,Michelle,EXP.2025.01.00059,,Cetak voucher strada x just yoga dan price tag cake outlet,,60.850,,,,,,
,03/02/2025,6 Feb,Michelle,EXP.2025.02.00005,,Untuk tambahan cetak modul kak cheila (manual brewing 2 pcs),,63.200,,,,,,
,20/01/2025,6 Feb,Riska,EXP.2025.01.00061,,Untuk member parkir (maulana) & daftar member baru (anang),,175000,,,,,,
,22/01/2025,6 Feb,PT Berkah Surya Bersinar,PI.2025.01.00164,,"Coklat, Matcha, Blue Moon, Brown sugar cair",,10.563.000,,,,,,
,18/01/2025,6 Feb,PT Berkah Surya Bersinar,PI.2025.01.00165,,Dripbag Sachet,,142.500,,,,,,
,18/01/2025,6 Feb,PT Berkah Surya Bersinar,PI.2025.01.00166,,Beans Merch Strada La Piazza,,585.000,,,,,,
,16/01/2025,6 Feb,PT Berkah Surya Bersinar,PI.2025.02.00001,,Beans roastery,,7.576.500,,,,,,
,16/01/2025,6 Feb,PT Berkah Surya Bersinar,PI.2025.01.00167,,Beans,,2.444.000,,,,,,
,07/01/2025,6 Feb,PT Berkah Surya Bersinar,PI.2025.02.00002,,Roasted Beans Bali Wanagiri,,1.934.000,,,,,,
,31/01/2025,6 Feb,PT Mustika Citra Rasa,,,Roti Tawar Holland,,1628100,,,,,,
,31/01/2025,6 Feb,Cavalese,PI.2025.01.00174,,Burnt Cheesecake,,400.000,,,,,,
,03/02/2025,6 Feb,Cavalese,PI.2025.02.00011,,Cheesecake,,800.000,,,,,,
,31/01/2025,6 Feb,Pak Tumin,PI.2025.01.00162,,"Sayur, dll",,1.936.000,,,,,,
,04/02/2025,6 Feb,Pak Tumin,PI.2025.02.00013,,Sayuran,,1.398.000,,,,,,
,04/02/2025,6 Feb,Bella Natalia,PI.2025.02.00015,,Telur88,,196.000 ,,,,,,
,31/01/2025,6 Feb,Bella Natalia,PI.2025.01.00182,,Telur88,,270.000,,,,,,
,20/01/2025,6 Feb,Karunia Pack,PI.2025.01.00169,,Singkong,,1.175.000,,,,,,
,03/02/2025,6 Feb,PT. Kartika Distrindo,PI.2025.02.00007,,UHT Omela,,5.752.565,,,,,,
,30/01/2025,6 Feb,PT East Indo Fair Trading,PI.2025.02.00016,,Granola Chocolate Vanilla,,603.840,,,,,,
,,,,,,,,,,,,,,
,,,12 Februari 2025,,,,,,,,,,,
,12/02/2025,13 Feb,Pindah Buku,BT.2025.02.00005,,Pindah Buku,,100.000.000,,,,,,
,12/02/2025,14 Feb,Nurul Tasya Berlianda,BT.2025.02.00006,,Pettycash Purchasing,,712.275,,,,,,
,12/02/2025,14 Feb,Nurul Tasya Berlianda,BT.2025.02.00007,,Pettycash Operasional ,,295.000,,,,,,
,12/02/2025,14 Feb,Nurul Tasya Berlianda,BT.2025.02.00008,,Pettycash MKG,,1.157.500,,,,,,
,01/02/2025,14 Feb,Pt. Summarecon Agung Tbk ,EXP.2025.02.00016,,SC LPZ - Inc GF - 10#1 Feb 2025 - 31 Feb 2025,,25.250.000,,,,,,
,01/02/2025,14 Feb,Pt. Summarecon Agung Tbk ,EXP.2025.02.00017,,Air summarecon periode 13/12/2024 s/d 20/01/2025,,3.265.002,,,,,,
,01/02/2025,14 Feb,Pt. Summarecon Agung Tbk ,EXP.2025.02.00018,,Gas summarecon periode 13/12/2024 s/d 20/01/2025,,15.120.459,,,,,,
,01/02/2025,14 Feb,Pt. Summarecon Agung Tbk ,EXP.2025.02.00019,,Listrik summarecon periode 13/12/2024 s/d 20/01/2025,,10.547.697,,,,,,
,01/02/2025,14 Feb,Pt. Summarecon Agung Tbk ,EXP.2025.02.00020,,Biaya pemeliharaan listrik summarecon periode 13/12/2024 s/d 20/01/2025,,5.775.019,,,,,,
,01/02/2025,14 Feb,Pt. Summarecon Agung Tbk (MKG),EXP.2025.02.00015,,Service Charge - Pendapatan 1F - K203# 1 Feb 2025 - 28 Feb 2025 (MKG),,2.636.100,,,,,,
,01/02/2025,14 Feb,Pt. Summarecon Agung Tbk (MKG),EXP.2025.02.00021,,Listrik periode : 13/12/2024 s/d 20/01/2025 (MKG),,628.799,,,,,,
,01/02/2025,14 Feb,Pt. Summarecon Agung Tbk (MKG),EXP.2025.02.00022,,Biaya pemeliharaan listrik periode : 13/12/2024 s/d 20/01/2025 (MKG),,272.619,,,,,,
,11/02/2025,14 Feb,Lancar Sukses,EXP.2025.02.00032,,Sticker vinil print & kiscut,,612.000,,,,,,
,10/02/2025,GAGAL,Telkom,EXP.2025.02.00031,,Telkom Februari 2025,,653.790,,,,,,
,11/02/2024,13 Feb,Labkesda,EXP.2025.02.00033,,Pemeriksaan uji Lab untuk sertifikat laik hygiene,,3.180.000,,,,,,
,20/01/2025,13 Feb,Gracia Maria Widjajanti,PI.2025.01.00192,,Pengadaan Pipa Air bersih dan kotor,,5.730.000,,,,,,
,03/02/2025,14 Feb,Shella Dellina,EXP.2025.02.00023,,Keperluan pembelian sample untuk R&D new beans,,497.900,,,,,,
,31/01/2025,14 Feb,Shella Dellina,EXP.2025.01.00062,,Pembelian honeycomb untuk r&d garnish dirty latte,,40.350,,,,,,
,31/01/2025,14 Feb,Shella Dellina,EXP.2025.01.00063,,Untuk r&d presentasi dirty latte,,16.800,,,,,,
,31/01/2025,14 Feb,Shella Dellina,EXP.2025.01.00064,,Untuk r&d dirty latte,,18.975,,,,,,
,31/01/2025,14 Feb,Shella Dellina,EXP.2025.01.00065,,Untuk r&d dirty latte,,56.175,,,,,,
,31/01/2025,14 Feb,Shella Dellina,EXP.2025.01.00066,,Sample gelas new drinks,,170.600,,,,,,
,20/01/2025,14 Feb,Shella Dellina,EXP.2025.01.00067,,Subscription capcut pro,,127.000,,,,,,
,10/02/2025,14 Feb,Shella Dellina,EXP.2025.02.00025,,Buat keperluan cupping product kompetitor,,149.900,,,,,,
,10/02/2025,14 Feb,Shella Dellina,EXP.2025.02.00026,,Pembelian Akrilik Horizontal A5 untuk mkg 2,,56.900,,,,,,
,29/01/2025,13 Feb,Evani Jesslyn,EXP.2025.01.00056,,Pembayaran PDAM Januari-2025,,126712,,,,,,
,03/02/2025,13 Feb,Evani Jesslyn,PI.2025.02.00010,,Orange Concentrate,,608.596,,,,,,
,03/02/2025,13 Feb,Evani Jesslyn,EXP.2025.01.00051,,Tokopedia - Dharmamulia Tape,,273.244,,,,,,
,03/02/2025,13 Feb,Evani Jesslyn,PI.2025.02.00012,,Tokopedia - Toko_Aneka_Sederhana,,482.146,,,,,,
,07/02/2025,13 Feb,Evani Jesslyn,PI.2025.02.00042,,Tokopedia - Dada Fillet,,1.679.240,,,,,,
,07/02/2025,13 Feb,Evani Jesslyn,PI.2025.02.00043,,Tokopedia - Raja Daging Jakpus,,1.710.320,,,,,,
,03/02/2025,13 Feb,Evani Jesslyn,EXP.2025.01.00052,,Tokopedia - OfficeXpres,,1.086.705,,,,,,
,06/02/2025,13 Feb,Evani Jesslyn,PI.2025.02.00044,,Tokopedia - Chazone Stm,,205.390,,,,,,
,08/02/2025,13 Feb,Evani Jesslyn,PI.2025.02.00052,,Tokopedia - TreasureShop,,773.700,,,,,,
,07/02/2025,13 Feb,Evani Jesslyn,PI.2025.02.00053,,Tokopedia - Mudaplas,,400.450,,,,,,
,06/02/2025,13 Feb,Evani Jesslyn,PI.2025.02.00055,,Tokopedia - greenGO Plastik & Packaging,,824.100,,,,,,
,11/02/2025,14 Feb,Bella Natalia,PI.2025.02.00064,,Telur88,,203.000,,,,,,
,07/02/2025,14 Feb,Bella Natalia,PI.2025.02.00032,,Telur88,,270.000,,,,,,
,11/02/2025,14 Feb,AJS Aquaman,PI.2025.02.00038,,Amidis,,74.000,,,,,,
,25/01/2025,14 Feb,PT. Sukanda Djaya,PI.2025.01.00157,,Ice Cream,,333.000,,,,,,
,07/02/2025,14 Feb,Pak Tumin,PI.2025.02.00056,,Sayuran dll,,1.324.000,,,,,,
,11/02/2025,14 Feb,Pak Tumin,PI.2025.02.00057,,Alpukat dll,,791.000,,,,,,
,06/02/2025,14 Feb,Suket Teki Superstore,PI.2025.02.00059,,"Minyak goreng, dll",,6.205.500,,,,,,
,11/02/2025,14 Feb,Cavalese,PI.2025.02.00060,,Chessecake,,800.000,,,,,,
,12/02/2025,14 Feb,PT. Kartika Distrindo,PI.2025.02.00061,,UHT Omela,,9.587.608,,,,,,
,12/02/2025,14 Feb,Karunia Pack,PI.2025.02.00063,,"Casava, Timus",,1.365.000,,,,,,
,12/02/2025,14 Feb,PT. Prambanan Kencana,PI.2025.02.00065,,Keju Mozarella,,1.080.000,,,,,,
,03/01/2025,14 Feb,PT Greenfields Indonesia,PI.2025.01.00191,,Freshmilk,,455.520,,,,,,
,,,,,,,,,,,,,,
,,,20 Februari 2025,,,,,,,,,,,
,20/02/2025,20 Feb,Pindah Buku,BT.2025.02.00012,,,,150000000,,,,,,
,20/02/2025,20 Feb,Nurul Tasya Berlianda,BT.2025.02.00011,,Pettycash Purchasing,,757.410,,,,,,
,20/02/2025,20 Feb,Nurul Tasya Berlianda,BT.2025.02.00010,,Pettycash Operasional ,,533.873,,,,,,
,20/02/2025,20 Feb,Nurul Tasya Berlianda,BT.2025.02.00009,,Pettycash MKG,,450.000,,,,,,
,12/02/2024,20 Feb,Lancar Sukses,EXP.2025.02.00058,,Sticker vinil transparan,,192.000,,,,,,
,15/02/2015,20 Feb,Lancar Sukses,EXP.2025.02.00059,,Sticker vinil hitam BMW print & kiscut,,375.000,,,,,,
,17/02/2025,20 Feb,Lancar Sukses,EXP.2025.02.00060,,Sticker vinil hitam BMW print & kiscut,,330.000,,,,,,
,05/02/2025,20 Feb,JM Harjanto Slamet,EXP.2025.02.00061,,konsultan Pajak PPH21 2024 (SMG25020177),,3.000.000,,,,,,
,10/02/2025,20 Feb,Telkom,EXP.2025.02.00031,,Telkom Februari 2025,,653.790,,,,,,
,11/02/2025,20 Feb,Shella Dellina,PI.2025.02.00054,,Tokopedia - TreasureShop,,625.000,,,,,,
,11/02/2025,20 Feb,Shella Dellina,EXP.2025.02.00038,,Pembelian tisu basah untuk event bmw,,20.800,,,,,,
,12/02/2025,20 Feb,Shella Dellina,PI.2025.02.00072,,Reimburse pembelian botol kale 1 liter untuk event BMW,,154.800,,,,,,
,12/02/2025,20 Feb,Shella Dellina,EXP.2025.02.00039,,Reimburse gosend botol kale 1 liter,,12.500,,,,,,
,12/02/2025,20 Feb,Shella Dellina,EXP.2025.02.00040,,Reimburse pembelian ice pack untuk event BMW,,184.300,,,,,,
,13/02/2025,20 Feb,Shella Dellina,EXP.2025.02.00041,,Reimburse pengiriman barang untuk coffee catering BMW,,92.000,,,,,,
,14/02/2025,20 Feb,Shella Dellina,PI.2025.02.00073,,Reimburse pembelian 30 botol literan untuk event BMW,,129.000,,,,,,
,15/02/2025,20 Feb,Shella Dellina,EXP.2025.02.00042,,Pembelian properti foto untuk ramadhan,,71.660,,,,,,
,15/02/2025,20 Feb,Shella Dellina,EXP.2025.02.00043,,Pembelian properti foto untuk ramadhan 2,,44.800,,,,,,
,14/02/2025,20 Feb,Shella Dellina,EXP.2025.02.00044,,Pembuatan enamel pin strada coffee,,206.600,,,,,,
,14/02/2025,20 Feb,Shella Dellina,EXP.2025.02.00045,,Reimburse pengiriman botol 1 liter,,12.500,,,,,,
,17/02/2025,20 Feb,Shella Dellina,EXP.2025.02.00046,,Pembelian box untuk pengiriman pemenang giveaway,,19.200,,,,,,
,17/02/2025,20 Feb,Ajeng,EXP.2025.02.00047,,"Timun suri , keperluan minuman baru bulan puasa ",,35.800,,,,,,
,15/02/2025,20 Feb,Riska,EXP.2025.02.00048,,Cetak sticker bmw by ajeng,,140.000,,,,,,
,14/02/2025,20 Feb,Galuh,EXP.2025.02.00050,,Cetak sticker untuk event BMW,,80.000,,,,,,
,14/02/2025,20 Feb,Galuh,EXP.2025.02.00051,,Gojek ambil dan kirim sticker MBW,,49500,,,,,,
,14/02/2025,20 Feb,Evani Jesslyn,PI.2025.02.00080,,Tokopedia - MinnieStore,,858.000,,,,,,
,14/02/2025,20 Feb,Evani Jesslyn,PI.2025.02.00083,,Tokopedia - Hi-Cook Official,,26.200,,,,,,
,14/02/2025,20 Feb,Evani Jesslyn,PI.2025.02.00084,,Tokopedia - Lapak Barang Terlengkap,,16.100,,,,,,
,14/02/2025,20 Feb,Evani Jesslyn,PI.2025.02.00085,,Tokopedia - Bobaolshop,,1.988.250,,,,,,
,14/02/2025,20 Feb,Evani Jesslyn,PI.2025.02.00086,,Tokopedia - Omura Powder,,300.000,,,,,,
,14/02/2025,20 Feb,Evani Jesslyn,PI.2025.02.00088,,Tokopedia - distoreku,,276.000,,,,,,
,14/02/2025,20 Feb,Evani Jesslyn,EXP.2025.02.00011,,Tokopedia - KAO Official Store,,103.220,,,,,,
,14/02/2025,20 Feb,Evani Jesslyn,EXP.2025.02.00037,,Tokopedia - KAO Official Store,,103.220,,,,,,
,13/02/2025,20 Feb,CV Panen Raya Indonesia,PI.2025.02.00068,,"Banana cake, dll",,1.207.921,,,,,,
,13/02/2025,20 Feb,CV Panen Raya Indonesia,PI.2025.02.00069,,"Tahu rebung , dll",,3.012.010,,,,,,
,07/02/2025,20 Feb,CV Panen Raya Indonesia,PI.2025.02.00070,,"Tahu rebung, dll",,2.245.935,,,,,,
,07/02/2025,20 Feb,CV Panen Raya Indonesia,PI.2025.02.00071,,"Banana cake, dll",,1.853.310,,,,,,
,30/01/2025,20 Feb,CV Panen Raya Indonesia,PI.2025.01.00195,,"Tahu Bakso, dll",,2.722.650,,,,,,
,30/01/2025,20 Feb,CV Panen Raya Indonesia,PI.2025.01.00196,,"Cake, dll",,1.633.461,,,,,,
,21/01/2025,20 Feb,CV Panen Raya Indonesia,PI.2025.01.00197,,"Tahu Bakso, dll",,2.247.740,,,,,,
,24/01/2025,20 Feb,PT. Berkah Surya Bersinar,PI.2025.01.00194,,"Alchemy, dll",,12.349.500,,,,,,
,31/08/2024,20 Feb,PT. Berkah Surya Bersinar,PI.2024.08.00161,,"Alchemy, dll",,101.050.980,,,,,,
,02/01/2025,20 Feb,PT. Berkah Surya Bersinar,PI.2025.01.00200,,Greenbean,,16.967.546,,,,,,
,07/01/2025,20 Feb,PT. Berkah Surya Bersinar,PI.2025.01.00201,,Greenbean,,8.520.390,,,,,,
,06/01/2025,20 Feb,PT Greenfields Indonesia,PI.2025.02.00067,,Freshmilk,,2.733.120,,,,,,
,14/02/2025,20 Feb,Tumin,PI.2025.02.00102,,Sayuran,,1.334.000,,,,,,
,18/02/2025,20 Feb,Tumin,PI.2025.02.00103,,Sayuran,,1.539.000,,,,,,
,14/02/2025,20 Feb,Bella Natalia,PI.2025.02.00104,,Telur88,,275.000,,,,,,
,18/02/2025,20 Feb,Bella Natalia,PI.2025.02.00105,,Telur88,,280.000,,,,,,
,19/02/2025,20 Feb,Titan,PI.2025.02.00106,,"Keju, coklat,dll",,1.228.320,,,,,,
,13/02/2025,20 Feb,Sweetindo Perkasa,PI.2025.02.00107,,Gula stick,,1.080.000,,,,,,
,22/02/2025,25 Feb,Lokyo,PI.2025.02.00163,,Hot Cup 8 Oz non Emboss (DP),,15.131.713,,,,,,
,,,27 Februari 2025,,,,,,,,,,,
,27/02/2025,27 Feb,Pindah Buku,BT.2025.02.00018,,,,100.000.000,,,,,,
,27/02/2025,27 Feb,Pindah Buku,BT.2025.02.00017,,Payroll MKG,,15.000.000,,,,,,
,27/02/2025,27 Feb,Pindah Buku,BT.2025.02.00016,,Payroll La Piazza,,169.000.000,,,,,,
,27/02/2025,27 Feb,Nurul Tasya Berlianda,BT.2025.02.00015,,Pettycash Purchasing,,363.600,,,,,,
,27/02/2025,27 Feb,Nurul Tasya Berlianda,BT.2025.02.00014,,Pettycash La Piazza,,508.000,,,,,,
,27/02/2025,27 Feb,Nurul Tasya Berlianda,BT.2025.02.00013,,Pettycash MKG,,206.000,,,,,,
,21/02/2025,27 Feb,Pt. Summarecon Agung Tbk ,EXP.2025.02.00087,,Rent 01-31 Jan (Academy),,4.044.040,,,,,,
,21/02/2025,27 Feb,Pt. Summarecon Agung Tbk (MKG),EXP.2025.02.00088,,Rent 01-31 Jan 2025 (MKG),,1.671.990,,,,,,
,31/01/2025,27 Feb,PT Opaper International Indonesia,EXP.2025.01.00073,,Opaper Periode 31.12.2024 - 31.01.2025,,400.000,,,,,,
,27/02/2025,27 Feb,BPJS Ketenagakerjaan,EXP.2025.02.00090,,Iuran Februari 2025,,162.287,,,,,,
,11/02/2025,27 Feb,Lancar Sukses,EXP.2025.02.00069,,Sticker vinil hitam BMW print & kiscut,,612.000,,,,,,
,24/02/2025,27 Feb,Lancar Sukses,EXP.2025.02.00070,,Sticker vinil hitam BMW print & kiscut,,126.000,,,,,,
,18/02/2025,27 Feb,Shella Dellina,EXP.2025.02.00073,,Pengiriman paket BMW,,48.500,,,,,,
,17/02/2025,27 Feb,Shella Dellina,EXP.2025.02.00074,,Pengiriman paket BMW,,48.500,,,,,,
,18/02/2025,27 Feb,Shella Dellina,EXP.2025.02.00075,,Cetak modul academy,,111.000,,,,,,
,18/02/2025,27 Feb,Shella Dellina,EXP.2025.02.00076,,Cetak sertifikat academy,,15.800,,,,,,
,19/02/2025,27 Feb,Shella Dellina,EXP.2025.02.00077,,Reimburse dekorasi ramadhan,,79.600,,,,,,
,19/02/2025,27 Feb,Shella Dellina,EXP.2025.02.00078,,Pembelian ketupat plastik untuk mock up promo ramadhan,,54.000,,,,,,
,19/02/2025,27 Feb,Shella Dellina,EXP.2025.02.00079,,Pengiriman paket BMW 19 Feb,,29.000,,,,,,
,20/02/2025,27 Feb,Shella Dellina,EXP.2025.02.00080,,Pengiriman paket BMW 20 Feb,,79.000,,,,,,
,21/02/2025,27 Feb,Shella Dellina,EXP.2025.02.00081,,Pengiriman paket BMW 21 Feb,,76.000,,,,,,
,02/12/2024,27 Feb,Shella Dellina,EXP.2024.12.00081,,Meta Ads 2 Dec 2024,,636.675,,,,,,
,14/12/2024,27 Feb,Shella Dellina,EXP.2024.12.00082,,Meta Ads 14 Dec 2024,,738.705,,,,,,
,17/12/2024,27 Feb,Shella Dellina,EXP.2024.12.00083,,Meta ads 17 Dec 2024,,155.077,,,,,,
,02/01/2025,27 Feb,Shella Dellina,EXP.2025.01.00068,,Meta Ads 2 Jan 2025,,747.215,,,,,,
,10/01/2025,27 Feb,Shella Dellina,EXP.2025.01.00069,,Meta Ads 10 Januari 2025,,261.506,,,,,,
,14/01/2025,27 Feb,Shella Dellina,EXP.2025.01.00070,,Meta Ads 14 Jan 2025,,101.275,,,,,,
,27/01/2025,27 Feb,Shella Dellina,EXP.2025.01.00071,,Meta Ads 27 Jan 2025,,59.150,,,,,,
,31/01/2025,27 Feb,Shella Dellina,EXP.2025.01.00072,,Meta Ads 31 Jan 2025,,200.680,,,,,,
,02/02/2025,27 Feb,Shella Dellina,EXP.2025.02.00082,,Meta Ads 2 Feb 2025,,78.322,,,,,,
,04/02/2025,27 Feb,Shella Dellina,EXP.2025.02.00083,,Meta Ads 4 Feb 2025,,149.243,,,,,,
,08/02/2025,27 Feb,Shella Dellina,EXP.2025.02.00084,,Meta Ads 8 Feb 2025,,137.985,,,,,,
,20/02/2025,27 Feb,Niko Questera,EXP.2025.02.00085,,Meeting potensi spot cafe baru,,362800,,,,,,
,18/02/2025,27 Feb,Niko Questera,EXP.2025.02.00086,,Servis Blender Cafe dan Kitchen,,187500,,,,,,
,21/02/2025,27 Feb,Evani Jesslyn,EXP.2025.02.00065,,Pembelian Listrik hibrida,,5.003.600,,,,,,
,21/02/2025,27 Feb,Evani Jesslyn,EXP.2025.02.00066,,Pembayaran Internet Cafe februari 2025,,686240,,,,,,
,20/02/2025,27 Feb,Evani Jesslyn,PI.2025.02.00137,,Tokopedia - Eyleen Store,,17.268,,,,,,
,20/02/2025,27 Feb,Evani Jesslyn,PI.2025.02.00138,,Tokopedia - ISPACK,,404.250,,,,,,
,20/02/2025,27 Feb,Evani Jesslyn,PI.2025.02.00139,,Tokopedia - Batavia Herbal Shop,,12.384,,,,,,
,20/02/2025,27 Feb,Evani Jesslyn,PI.2025.02.00140,,Tokopedia - Abun Aneka Plastik,,36.300,,,,,,
,20/02/2025,27 Feb,Evani Jesslyn,PI.2025.02.00141,,Tokopedia - One Two Cups Official Store,,705.396,,,,,,
,20/02/2025,27 Feb,Evani Jesslyn,EXP.2025.02.00064,,Tokopedia - Lapak Technology,,754.800,,,,,,
,20/02/2025,27 Feb,CV Panen Raya Indonesia,PI.2025.02.00108,,"Bakso tahu, dll",,4.793.250,,,,,,
,17/12/2024,27 Feb,CV Panen Raya Indonesia,PI.2024.12.00244,,Jolly Hampers,,45.000,,,,,,
,24/10/2024,27 Feb,CV Panen Raya Indonesia,EXP.2024.10.00124,,Penginapan event Jacoweek,,1.441.470,,,,,,
,15/02/2025,27 Feb,Cheilla Yuniar,EXP.2025.02.00089,,Biaya Perjalanan Dinas,,1.263.500,,,,,,
,01/02/2025,27 Feb,PT. Berkah Surya Bersinar,PI.2025.02.00110,,Dripbag beans merchandise,,567.750,,,,,,
,15/02/2025,27 Feb,PT. Berkah Surya Bersinar,PI.2025.02.00111,,"Sirup Lemon, Matcha, dll",,8.428.567,,,,,,
,08/02/2025,27 Feb,PT. Berkah Surya Bersinar,PI.2025.02.00112,,Dripbag MKG,,292.500,,,,,,
,19/02/2025,27 Feb,PT. Berkah Surya Bersinar,PI.2025.02.00121,,Vanilla Orange Blossom,,401.000,,,,,,
,22/02/2025,27 Feb,Suket Teki Groceries,PI.2025.02.00109,,"Gula, Minyak, dll",,4.272.500,,,,,,
,20/02/2025,27 Feb,AJS Aquaman,PI.2025.02.00123,,Amidis,,74.000,,,,,,
,19/01/2025,27 Feb,Sanpota Batara Indonesia,PI.2025.02.00120,,"Cup Frosted, Thinwall, dll",,10.776.315,,,,,,
,30/01/2025,27 Feb,PT. Bumi Sentosa Makmur,PI.2025.01.00168,,Giffard,,3.624.000,,,,,,
,24/02/2025,27 Feb,PT. Kreasi Cipta Megatama,PI.2025.02.00122,,"Karbol, Sabun cuci piring, dll",,1.434.000,,,,,,
,04/02/2025,27 Feb,PT. Artemis Adhi Tirta,PI.2025.02.00008,,Spiva Bottle Water,,5.994.000,,,,,,
,07/02/2025,27 Feb,PT. Mulia Agri Jaya,PI.2025.02.00040,,French Fries,,810.000,,,,,,
,07/02/2025,27 Feb,PT. Mulia Agri Jaya,PI.2025.02.00041,,Cooking Cream,,1.026.970,,,,,,
,04/02/2025,27 Feb,PT. Sukanda Djaya,PI.2025.02.00006,,Ice Cream Vanilla,,499.500,,,,,,
,21/02/2025,27 Feb,Pak Tumin,PI.2025.02.00113,,"Pisang, tempe, dll",,618.000,,,,,,
,25/02/2025,27 Feb,Pak Tumin,PI.2025.02.00142,,Sayuran,,1.261.000,,,,,,
,21/02/2025,27 Feb,Bella Natalia,PI.2025.02.00143,,Telur88,,300.000,,,,,,
,25/02/2025,27 Feb,Bella Natalia,PI.2025.02.00144,,Telur88,,300.000,,,,,,
,21/02/2025,27 Feb,Cavalese,PI.2025.02.00145,,Chessecake,,800.000,,,,,,
,03/02/2025,27 Feb,Karunia Pack,PI.2025.02.00146,,"Casava, nangka",,1.587.000,,,,,,
,12/02/2025,27 Feb,CV Asaku,PI.2025.02.00147,,Tissue,,3.411.490,,,,,,
,14/01/2025,27 Feb,PT Greenfields Indonesia,PI.2025.01.00204,,Freshmilk,,911.040,,,,,,
,17/01/2025,27 Feb,PT Greenfields Indonesia,PI.2025.01.00203,,Freshmilk,,911.040,,,,,,
,21/01/2025,27 Feb,PT Greenfields Indonesia,PI.2025.01.00202,,Freshmilk,,683.280,,,,,,
,26/02/2025,27 Feb,Danis Yulianto Hadi,EXP.2025.02.00091,,Strada Graphic Design Monthly - February 2025,,6.000.000,,,,,,
,18/02/2025,27 Feb,Kemang Jaya,EXP.2025.02.00092,,buku menu citrus cloud,,244.200,,,,,,
,,,,,,,,,,,,,,
,,,6 Maret 2025,,,,,,,,,,,
,06/03/2025,6 Mar,Pindah Buku,BT.2025.03.00003,,,,150.000.000,,,,,,
,06/03/2025,6 Mar,Nurul Tasya Berlianda,BT.2025.03.00002,,Pettycash Purchasing,,969.000,,,,,,
,06/03/2025,6 Mar,Nurul Tasya Berlianda,BT.2025.03.00001,,Pettycash MKG,,130.000,,,,,,
,21/02/2025,6 Mar,PT . Summarecon Investment Property,EXP.2025.02.00095,,Add S. Charge 01 - 31 Jan 2025 & Rent 01 - 31 Jan 2025 Lapiazza,,25.598.698,,,,,,
,03/03/2025,6 Mar,Iwan Junianto,EXP.2025.03.00009,,Iuran Pengelolaan Lingkungan untuk Bulan Maret Tahun 2025,,500.002,,,,,,
,05/03/2025,6 Mar,Accurate,EXP.2025.03.00006,,Accurate Maret 2025,,344.100,,,,,,
,04/02/2025,6 Mar,Pajak Pemkot PB1,PI.2025.03.00018,,PB1 Februari 2025 (La Piazza dan MKG),,47.387.245,,,,,,
,03/03/2025,6 Mar,BPJS Ketenagakerjaan,EXP.2025.02.00096,,BPJSTK Februari 2025,,473.508,,,,,,
,03/03/2025,6 Mar,Lancar Sukses,EXP.2025.03.00010,,Banner Strada Coffee dan Cetak A5 Art carton 260,,130.000,,,,,,
,03/03/2025,6 Mar,Roy Purnomo,EXP.2025.03.00011,,cetak sleeve box ramadan hampers,,450.000,,,,,,
,22/02/2025,6 Mar,Ivana Novita,EXP.2025.02.00097,,Greeting Card,,18.000,,,,,,
,03/03/2024,6 Mar,Michelle,EXP.2025.03.00007,,"Untuk cetak price tag ramadan hampers, sticker label kopi literan",,34.000,,,,,,
,04/03/2025,6 Mar,Michelle,EXP.2025.03.00008,,Sticker risoles dan cookies untuk kitchen dan cetak coffee tasting card,,234.500,,,,,,
,01/03/2025,6 Mar,Michelle,PI.2025.03.00026,,Tokopedia - Sarana Promosi.com,,41.400,,,,,,
,27/02/2025,6 Mar,Evani Jesslyn,PI.2025.03.00025,,Tokopedia - Granology,,18.706,,,,,,
,27/02/2025,6 Mar,Evani Jesslyn,PI.2025.03.00021,,Tokopedia - Abun Aneka Plastik,,36.300,,,,,,
,27/02/2025,6 Mar,Evani Jesslyn,PI.2025.03.00022,,Tokopedia - ISPACK,,492.000,,,,,,
,27/02/2025,6 Mar,Evani Jesslyn,PI.2025.03.00023,,Tokopedia - Dada Fillet,,1.905.722,,,,,,
,28/02/2025,6 Mar,Evani Jesslyn,PI.2025.03.00024,,Tokopedia - Raja Daging Jakpus,,666.120,,,,,,
,27/02/2025,6 Mar,Evani Jesslyn,EXP.2025.02.00093,,Refill Label Sticker untuk Roastery,,197.320,,,,,,
,28/02/2025,6 Mar,Evani Jesslyn,EXP.2025.03.00001,,PDAM Periode Jan 2025,,126.712,,,,,,
,05/03/2025,6 Mar,Evani Jesslyn,EXP.2025.03.00012,,Biaya perjalanan dinas,,404.250,,,,,,
,02/01/2025,6 Mar,PT Greenfields Indonesia,PI.2025.02.00148,,Yogurt Plain,,219.114,,,,,,
,30/01/2025,6 Mar,PT Greenfields Indonesia,PI.2025.02.00149,,Freshmilk,,2.505.360,,,,,,
,24/01/2025,6 Mar,PT Greenfields Indonesia,PI.2025.02.00150,,Freshmilk,,1.138.800,,,,,,
,24/01/2025,6 Mar,PT Greenfields Indonesia,PI.2025.02.00151,,Freshmilk,,455.520,,,,,,
,30/01/2025,6 Mar,PT Greenfields Indonesia,PI.2025.02.00152,,Yogurt Plain,,219.114,,,,,,
,11/02/2025,6 Mar,PT Greenfields Indonesia,PI.2025.02.00154,,Freshmilk,,1.366.560,,,,,,
,24/01/2025,6 Mar,PT Greenfields Indonesia,PI.2025.02.00155,,Freshmilk,,911.040,,,,,,
,05/02/2025,6 Mar,PT Greenfields Indonesia,PI.2025.02.00156,,Freshmilk,,1.366.560,,,,,,
,27/02/2025,6 Mar,CV Panen Raya Indonesia,PI.2025.03.00001,,"Klepon Cake, dll",,705.540,,,,,,
,27/02/2025,6 Mar,CV Panen Raya Indonesia,PI.2025.03.00002,,"Tahu bakso, bumbu putih, dll",,3.271.050,,,,,,
,19/02/2025,6 Mar,PT. Bumi Sentosa Makmur,PI.2025.02.00157,,Giffard,,906.000,,,,,,
,01/02/2025,6 Mar,PT. Berkah Surya Bersinar,PI.2025.03.00005,,"Blakforest, dll",,30.696.500,,,,,,
,01/02/2025,6 Mar,PT. Berkah Surya Bersinar,PI.2025.03.00006,,Green Bean,,13.995.000,,,,,,
,28/02/2025,6 Mar,Pak Tumin,PI.2025.03.00019,,Sayuran,,1.501.000,,,,,,
,04/03/2025,6 Mar,Pak Tumin,PI.2025.03.00020,,Sayuran,,865.000,,,,,,
,28/02/2025,6 Mar,Telur88,PI.2025.03.00027,,Telur,,300.000,,,,,,
,04/03/2025,6 Mar,Telur88,PI.2025.03.00031,,Telur,,285.000,,,,,,
,27/02/2025,6 Mar,Cavalese,PI.2025.03.00028,,Cheese Cake,,800.000,,,,,,
,11/02/2025,6 Mar,PT. Sukanda Djaya,PI.2025.02.00039,,Beef Sausage,,1.441.890,,,,,,
,13/02/2025,6 Mar,Natasha (Beras),PI.2025.02.00159,,Beras,,1.470.000,,,,,,
,28/02/2025,6 Mar,PT Mustika Citra Rasa,,,Roti Tawar Holland Februari 2025,,1.899.450 ,,,,,,
,01/03/2025,6 Mar,Suket Teki,PI.2025.03.00032,,"Gula, minyak dll",,5.099.000 ,,,,,,
,,,,,,,,,,,,,,
,,,13/03/2025,,,,,,,,,,,
,13/03/2025,13 Mar,Pindah Buku,BT.2025.03.00006,,,,150.000.000 ,,,,,,
,13/03/2025,13 Mar,Nurul Tasya Berlianda,BT.2025.03.00005,,Pettycash Purchasing,,418.950 ,,,,,,
,13/03/2025,13 Mar,Nurul Tasya Berlianda,BT.2025.03.00004,,Pettycash MKG,,298.000 ,,,,,,
,01/03/2025,13 Mar,Summarecon Investment Property PT (MKG 2),EXP.2025.03.00015,,Service Charge - Pendapatan 1F - K203# 1 Mar 2025 - 31 Mar 2025 (MKG),,2.636.100 ,,,,,,
,01/03/2025,13 Mar,Summarecon Investment Property PT (MKG 2),EXP.2025.03.00013,,Listrik Periode 21/01/2025 s.d 20/02/2025 (MKG),,446.538 ,,,,,,
,01/03/2025,13 Mar,Summarecon Investment Property PT (MKG 2),EXP.2025.03.00014,,Biaya Pemeliharaan Listrik Periode 21/01/2025 s.d 20/02/2025 (MKG),,238.683 ,,,,,,
,01/03/2025,13 Mar,PT. Summarecon Investment Property,EXP.2025.03.00025,,SC LPZ - Inc GF-10# 1 Mar 2025-31 Mar 2025,,25.250.000 ,,,,,,
,10/03/2025,13 Mar,PT. Summarecon Investment Property,EXP.2025.03.00028,,Pengecekan Listrik 1 titik Panel 10 Maret 2025,,90.900 ,,,,,,
,24/02/2025,13 Mar,Proton,EXP.2025.02.00099,,Proton Februari 2025,,1.035.500 ,,,,,,
,06/03/2025,13 Mar,Kemang Jaya,EXP.2025.03.00022,,Buku Menu,,976.800 ,,,,,,
,03/03/2025,13 Mar,Rinda,EXP.2025.03.00029,,Perpanjang parkir motor Maulana dan Anang,,150.000 ,,,,,,
,10/03/2025,13 Mar,PT. Mid Solusi Nusantara (Mekari),EXP.2025.03.00023,,Term I - 4 Bulan Talenta for Kopi Terbaik Nusantara,,2.775.000 ,,,,,,
,13/02/2025,13 Mar,Evani Jesslyn (BTPN),JV.2025.03.00286,,Piutang Miss Evani,,800.000.000 ,,,,,,
,06/03/2025,13 Mar,Evani Jesslyn,PI.2025.03.00069,,Tokopedia - Bawang Goreng Rady,,725.460 ,,,,,,
,08/03/2025,13 Mar,Evani Jesslyn,PI.2025.03.00070,,Tokopedia - Putri Mahkota,,29.950 ,,,,,,
,08/03/2025,13 Mar,Evani Jesslyn,PI.2025.03.00071,,Tokopedia - Ghuroba Teknik,,976.500 ,,,,,,
,08/03/2025,13 Mar,Evani Jesslyn,PI.2025.03.00072,,Tokopedia - CyanMart,,419.700 ,,,,,,
,08/03/2025,13 Mar,Evani Jesslyn,EXP.2025.03.00016,,Tokopedia - INDO ATK Stationary,,34.100 ,,,,,,
,06/03/2025,13 Mar,Evani Jesslyn,PI.2025.03.00073,,Tokopedia - Toko GM Horeca,,120.800 ,,,,,,
,06/03/2025,13 Mar,Evani Jesslyn,PI.2025.03.00074,,Tokopedia - Northsider coffee shop,,887.050 ,,,,,,
,08/03/2025,13 Mar,Evani Jesslyn,EXP.2025.03.00020,,BPJS TK Bulan Iuran 02-2025,,477.008 ,,,,,,
,05/03/2025,13 Mar,Evani Jesslyn,EXP.2025.03.00021,,Pembayaran Internet Cafe (Indihome),,656.790 ,,,,,,
,06/03/2025,13 Mar,Evani Jesslyn,PI.2025.03.00075,,Tokopedia - ABC HEINZ Indonesia Official Store,,123.228 ,,,,,,
,06/03/2025,13 Mar,Evani Jesslyn,PI.2025.03.00079,,Tokopedia - Pilihlah Aku Toserba,,161.242,,,,,,
,04/03/2025,13 Mar,Karunia Frozen Fruit,PI.2025.03.00033,,Mangga dan Casava Frozen,,1.285.000 ,,,,,,
,04/02/2025,13 Mar,PT Greenfields Indonesia,PI.2025.03.00051,,Freshmilk,,1.594.320 ,,,      ,,,
,11/02/2025,13 Mar,PT Greenfields Indonesia,PI.2025.03.00052,,Freshmilk,,1.366.560 ,,,,,,
,14/02/2025,13 Mar,PT Greenfields Indonesia,PI.2025.03.00039,,Freshmilk,,1.594.320 ,,,,,,
,18/02/2025,13 Mar,PT Greenfields Indonesia,PI.2025.03.00034,,Freshmilk,,2.505.360 ,,,,,,
,21/02/2025,13 Mar,PT Greenfields Indonesia,PI.2025.03.00038,,Freshmilk,,683.280 ,,,,,,
,08/02/2025,13 Mar,PT. Berkah Surya Bersinar,PI.2025.03.00004,,"Alchemy, dll",,23.838.167 ,,,,,,
,15/02/2025,13 Mar,PT. Berkah Surya Bersinar,PI.2025.03.00007,,"Alchemy, dll",,28.016.000 ,,,,,,
,27/02/2025,13 Mar,PT. Berkah Surya Bersinar,PI.2025.03.00036,,Dripbag Kopi Susu,,567.500 ,,,,,,
,25/02/2025,13 Mar,PT. Berkah Surya Bersinar,PI.2025.03.00035,,"Dripbag Alchemy, dll",,655.250 ,,,,,,
,07/03/2025,13 Mar,PT. Mulia Raya Agri Jaya,PI.2025.03.00040,,French Fries,,2.025.000 ,,,,,,
,07/03/2025,13 Mar,PT. Mulia Raya Agri Jaya,PI.2025.03.00041,,"Cooking Cream, Unsalted Butter",,2.777.301 ,,,,,,
,05/03/2025,13 Mar,Liara Food,PI.2025.03.00042,,Aus Sirloin,,807.300 ,,,,,,
,07/03/2025,13 Mar,Pak Tumin,PI.2025.03.00043,,Sayuran,,786.000 ,,,,,,
,11/03/2025,13 Mar,Pak Tumin,PI.2025.03.00076,,Sayuran,,1.179.000 ,,,,,,
,07/03/2025,13 Mar,Bella Natalia,PI.2025.03.00077,,Telur88,,208.000 ,,,,,,
,11/03/2025,13 Mar,Bella Natalia,PI.2025.03.00078,,Telur88,,203.000 ,,,,,,
,07/03/2025,13 Mar,Cavalese,PI.2025.03.00044,,Cheese Cake,,800.000 ,,,,,,
,06/03/2025,13 Mar,AJS Aquaman,PI.2025.03.00049,,Amidis,,92.500 ,,,,,,
,13/03/2025,13 Mar,PT. Karunia Sukses Gemilang,PI.2025.03.00080,,"Lychee can,Olive oil",,1.655.912,,,,,,
,,,,,,,,,,,,,,
,,,15 Maret 2025,,,,,,,,,,,
,01/03/2025,15 Mar 25,PT. Summarecon Investment Property,EXP.2025.03.00019,,Air Periode 21/01/2025 s.d 20/02/2025 La Piazza,,2.869.560 ,,,,,,
,01/03/2025,15 Mar 25,PT. Summarecon Investment Property,EXP.2025.03.00027,,Gas Periode 21.01.2025- 20.02.2025,,12.453.200 ,,,,,,
,,,,,,,,,,,,,,
,,,20 Maret 2025,,,,,,,,,,,
,20/03/2025,20 Mar,Pindah Buku,BT.2025.03.00010,,,,150.000.000 ,,,,,,
,20/03/2025,20 Mar,Nurul Tasya Berlianda,BT.2025.03.00009,,Pettycash Purchasing,,328.932 ,,,,,,
,20/03/2025,20 Mar,Nurul Tasya Berlianda,BT.2025.03.00008,,Pettycash Operasional ,,205.036 ,,,,,,
,20/03/2025,20 Mar,Nurul Tasya Berlianda,BT.2025.03.00007,,Pettycash MKG,,242.000 ,,,,,,
,20/03/2025,20 Mar,SUSILO ISTUTIYANTO ,JV.2025.03.00506,,Refund DP customer (0370864217),,500.000 ,,,,,,
,15/03/2025,20 Mar,Shella Dellina,EXP.2025.03.00044,,DP Endorsement Influencer Ignatius Ivan,,1.250.000 ,,,,,,
,13/03/2025,20 Mar,Shella Dellina,EXP.2025.03.00040,,Tokopedia - Picora,,70.600 ,,,,,,
,20/03/2025,20 Mar,Iwan Junianto,EXP.2025.04.00001,,THR Untuk bulan April 2025,,500.002 ,,,,,,
,20/03/2025,20 Mar,Slamet Priyanto,EXP.2025.03.00047,,Cuci Sofa (2302780995),,270.000 ,,,,,,
,28/02/2025,20 Mar,PT Opaper International Indonesia,EXP.2025.02.00098,,Periode 1-28 Februari 2025,,288.500 ,,,,,,
,18/03/2025,20 Mar,PT Glints Platform Talenta,EXP.2025.03.00046,,Top Up 300 Glints Credits (Glints VIP (1 bulan)) ,,333.000 ,,,,,,
,19/03/2025,20 Mar,Pajak,EXP.2025.02.00007,,PPH 23 pemeliharaan  Proton  Januari 2025,,19.000 ,,,,,,
,,20 Mar,Pajak,,,Pasal 4(2) SC LPZ - Inc GF - 10#1 Feb 2025 - 31 Feb 2025,,2.500.000 ,,,,,,
,,20 Mar,Pajak,,,Pasal 4(2) Air summarecon periode 13/12/2024 s/d 20/01/2025,,362.778 ,,,,,,
,,20 Mar,Pajak,,,Pasal 4(2) Gas summarecon periode 13/12/2024 s/d 20/01/2025,,1.496.085 ,,,,,,
,,20 Mar,Pajak,,,Pasal 4(2) Listrik summarecon periode 13/12/2024 s/d 20/01/2025,,1.043.337 ,,,,,,
,,20 Mar,Pajak,,,Pasal 4(2) Biaya pemeliharaan listrik summarecon periode 13/12/2024 s/d 20/01/2025,,570.794 ,,,,,,
,,20 Mar,Pajak,,,Pasal 4(2) Service Charge - Pendapatan 1F - K203# 1 Feb 2025 - 28 Feb 2025 (MKG),,261.000 ,,,,,,
,,20 Mar,Pajak,,,Pasal 4(2) Listrik periode : 13/12/2024 s/d 20/01/2025 (MKG),,62.257 ,,,,,,
,,20 Mar,Pajak,,,Pasal 4(2) Biaya pemeliharaan listrik periode : 13/12/2024 s/d 20/01/2025 (MKG),,26.992 ,,,,,,
,,20 Mar,Pajak,,,Pasal 4(2) Rent 01-31 Jan (Academy),,400.400 ,,,,,,
,,20 Mar,Pajak,,,Pasal 4(2) Rent 01-31 Jan 2025 (MKG),,165.543 ,,,,,,
,,20 Mar,Pajak ,,,Pasal 4(2) Add S. Charge 01 - 31 Jan 2025 & Rent 01 - 31 Jan 2025 Lapiazza,,2.534.524 ,,,,,,
,,20 Mar,pajak,,,pph 23 konsultan Pajak PPH21 2024 (SMG25020177),,61.224 ,,,,,,
,13/03/2025,20 Mar,Evani Jesslyn,PI.2025.03.00113,,Tokopedia - Aneka Budi Jaya Sunter,,487.399 ,,,,,,
,14/03/2025,20 Mar,Evani Jesslyn,EXP.2025.03.00045,,Pembelian Sikawall pengadaan barang cafe,,38.300 ,,,,,,
,13/03/2025,20 Mar,Evani Jesslyn,PI.2025.03.00097,,Tokopedia - Mudaplas,,456.900 ,,,,,,
,13/03/2025,20 Mar,Evani Jesslyn,PI.2025.03.00110,,Tokopedia - Omura Powder,,285.000 ,,,,,,
,13/03/2025,20 Mar,Evani Jesslyn,PI.2025.03.00111,,Tokopedia - Bobaolshop,,1.296.984 ,,,,,,
,25/10/2024,20 Mar,CV. Pratama Multi Consulting,EXP.2024.10.00125,,Pelunasan Jasa Konsultan Pajak Oktober 2024,,30.000 ,,,,,,
,25/11/2024,20 Mar,CV. Pratama Multi Consulting,EXP.2024.11.00110,,Pelunasan Jasa Konsultan Pajak November 2024,,30.000 ,,,,,,
,25/12/2024,20 Mar,CV. Pratama Multi Consulting,EXP.2024.12.00084,,Pelunasan Jasa Konsultan Pajak Desember 2024,,30.000 ,,,,,,
,25/01/2025,20 Mar,CV. Pratama Multi Consulting,EXP.2025.01.00074,,Pelunasan Jasa Konsultan Pajak Januari 2025,,30.000 ,,,,,,
,15/03/2025,20 Mar,PT. Kreasi Cipta Megatama,PI.2025.03.00084,,Produk Pembersih,,1.168.000 ,,,,,,
,14/03/2025,20 Mar,Suket Teki Groceries,PI.2025.03.00109,,"Minyak, Kecap, dll",,6.697.000 ,,,,,,
,18/03/2025,20 Mar,J-Pack Food Packaging,PI.2025.03.00098,,Paper Hot Cup 4Oz,,370.000 ,,,,,,
,06/03/2025,20 Mar,Sanpota Batara Indonesia,PI.2025.03.00099,,Straw,,470.800 ,,,,,,
,10/01/2025,20 Mar,PT Greenfields Indonesia,PI.2025.01.00205,,Freshmilk,,683.280 ,,,,,,
,25/02/2025,20 Mar,PT Greenfields Indonesia,PI.2025.02.00160,,Freshmilk,,455.520 ,,,,,,
,28/02/2025,20 Mar,PT Greenfields Indonesia,PI.2025.02.00161,,Freshmilk,,1.594.320 ,,,,,,
,14/03/2025,20 Mar,Pak Tumin,PI.2025.03.00083,,"Sayuran, dll",,359.000 ,,,,,,
,18/03/2025,20 Mar,Pak Tumin,PI.2025.03.00116,,"Sayuran, dll",,1.426.000 ,,,,,,
,14/03/2025,20 Mar,Bella Natalia,PI.2025.03.00108,,Telur88,,196.000 ,,,,,,
,18/03/2025,20 Mar,Bella Natalia,PI.2025.03.00117,,Telur88,,189.000 ,,,,,,
,17/03/2025,20 Mar,Cavalese,PI.2025.03.00114,,Cake,,400.000 ,,,,,,
,,,,,,,,,,,,,,
,,,27 Maret 2025,,,,,,,,,,,
,,27 Mar,Pindah Buku,BT.2025.03.00013,,,,250.000.000,,,,,,
,27/03/2025,28 Mar,Nurul Tasya Berlianda,BT.2025.03.00012,,Pettycash Purchasing,,487.700,,,,,,
,27/03/2025,28 Mar,Nurul Tasya Berlianda,BT.2025.03.00011,,Pettycash MKG,,354.000,,,,,,
,21/03/2025,28 Mar,PT. Summarecon Investment Property MKG,EXP.2025.03.00058,,Rent 01 - 28 Feb 2025 (MKG),,532.927,,,,,,
,21/03/2025,28 Mar,PT. Summarecon Investment Property,EXP.2025.03.00060,,Rent & Add S. Charge 01-28 Feb 2025,,19.007.008,,,,,,
,21/03/2025,28 Mar,PT. Summarecon Investment Property,EXP.2025.03.00059,,Rent 01-28 Feb 2025 (Academy),,1.887.690,,,,,,
,16/03/2025,28 Mar,PT. Summarecon Investment Property,EXP.2025.03.00061,,Biaya Pemeliharaan AC,,4.570.250,,,,,,
,27/03/2025,,Lokyo,PI.2025.03.00149,,Hot Cup 8 Oz non Emboss (Pelunasan),,15.354.958,,,,,,
,14/03/2025,27 Mar,Evani Jesslyn,EXP.2025.03.00036,,Tokopedia - Shahsuri Shop,,152.000,,,,,,
,14/03/2025,27 Mar,Evani Jesslyn,EXP.2025.03.00035,,Tokopedia - BUN Pusat Bahan Bangunan,,30.300,,,,,,
,19/03/2025,27 Mar,Evani Jesslyn,EXP.2025.03.00054,,Tokopedia - Markas Komputer,,198.362,,,,,,
,20/03/2025,27 Mar,Evani Jesslyn,EXP.2025.03.00052,,Tokopedia - officeXpres,,114.962,,,,,,
,24/03/2025,27 Mar,Evani Jesslyn,EXP.2025.03.00050,,Tokopedia - ClickTools,,17.860,,,,,,
,20/03/2025,27 Mar,Evani Jesslyn,PI.2025.03.00143,,Tokopedia - Arteristo Official,,1.249.746,,,,,,
,12/03/2025,28 Mar,Niko Questera,EXP.2025.03.00057,,Service Mobil,,1.422.232,,,,,,
,20/03/2025,28 Mar,Shella Dellina,EXP.2025.03.00056,,Pelunasan pembayaran endorse ignatius ivan,,1.187.500,,,,,,
,12/03/2025,28 Mar,Cheilla Yuniar,EXP.2025.03.00062,,perjalanan dinas Cheilla Yuniar Bulan Februari 2025,,1.484.500,,,,,,
,27/03/2025,28 Mar,Shendi Rahma Saputri ,JV.2025.03.00659,,Refund DP Customer (4140220812),,500.000,,,,,,
,04/03/2025,28 Mar,PT Greenfields Indonesia,PI.2025.03.00118,,Freshmilk,,1.594.320,,,,,,
,04/03/2025,28 Mar,PT Greenfields Indonesia,PI.2025.03.00119,,Yogurt Plain,,219.114,,,,,,
,07/03/2025,28 Mar,PT Greenfields Indonesia,PI.2025.03.00120,,Freshmilk,,683.280,,,,,,
,17/02/2025,28 Mar,PT. Greenfields Indonesia,PI.2025.02.00162,,Freshmilk,,455.520,,,,,,
,14/03/2025,28 Mar,PT. Greenfields Indonesia,PI.2025.03.00144,,Freshmilk,,1.594.320,,,,,,
,04/03/2025,28 Mar,PT. Berkah Surya Bersinar,PI.2025.03.00037,,Alchemy dll,,5.573.000,,,,,,
,05/03/2025,28 Mar,PT. Berkah Surya Bersinar,PI.2025.03.00053,,Beans&Dripbag untuk Event Hotel Borobudur,,6.573.875,,,,,,
,06/03/2025,28 Mar,PT. Berkah Surya Bersinar,PI.2025.03.00054,,"Beans Bali, Papua",,3.620.000,,,,,,
,20/03/2025,28 Mar,PT. Berkah Surya Bersinar,PI.2025.03.00141,,"Strada Chocolate Powder, dll",,4.964.900,,,,,,
,12/03/2025,28 Mar,PT. Berkah Surya Bersinar,PI.2025.03.00145,,"Dripbag Kopi susu, dll",,655.000,,,,,,
,06/03/2025,28 Mar,CV. Panen Raya Indonesia,PI.2025.03.00055,,"Tahu Bakso,dll",,2.623.935,,,,,,
,06/03/2025,28 Mar,CV. Panen Raya Indonesia,PI.2025.03.00056,,Cake,,951.154,,,,,,
,13/03/2025,28 Mar,CV. Panen Raya Indonesia,PI.2025.03.00131,,4oz Hot Paper Cup + Lid,,270.000,,,,,,
,13/03/2025,28 Mar,CV. Panen Raya Indonesia,PI.2025.03.00092,,Cake,,1.086.768,,,,,,
,13/03/2025,28 Mar,CV. Panen Raya Indonesia,PI.2025.03.00093,,"Tahu Bakso, dll",,3.133.450,,,,,,
,20/03/2025,28 Mar,CV. Panen Raya Indonesia,EXP.2025.03.00063,,Biaya Ongkos kirim paket Beans dan alat keperluan kelas Academy,,69.500,,,,,,
,13/03/2025,28 Mar,PT Sukanda Djaya,PI.2025.03.00081,,Ice Cream,,333.000,,,,,,
,21/03/2025,28 Mar,Bella Natalia,PI.2025.03.00134,,Telur88,,265.000,,,,,,
,25/03/2025,28 Mar,Bella Natalia,PI.2025.03.00146,,Telur88,,260.000,,,,,,
,21/03/2025,28 Mar,Pak Tumin,PI.2025.03.00142,,"Sayuran, dll",,1.077.000,,,,,,
,17/03/2025,28 Mar,Natasha (Beras),PI.2025.03.00112,,Beras dan Gula,,1.836.000,,,,,,
,25/03/2025,28 Mar,Cavalese,PI.2025.03.00148,,Cheesecake,,800.000,,,,,,
,17/03/2025,28 Mar,PT. Artemis Adhi Tirta,PI.2025.03.00121,,Spiva Mineral Water,,2.997.000,,,,,,
,25/03/2025,28 Mar,PT. Prambanan Kencana,PI.2025.03.00147,,Keju Mozzarella,,1.080.030,,,,,,
,18/03/2025,28 Mar,Lancar Sukses,EXP.2025.03.00064,,Foambord Tripod Strada coffe,,160.000,,,,,,
,20/03/2025,28 Mar,Danis Yulianto Hadi,EXP.2025.03.00066,,Tagihan Sciencewerk Maret 2025,,6.000.000,,,,,,
,,,3 Apr 2025,,,,,,,,,,,
,03/04/2025,3 Apr,Pindah Buku,BT.2025.04.00004,,,,150.000.000 ,,,,,,
,03/04/2025,3 Apr,Nurul Tasya Berlianda,BT.2025.04.00003,,Pettycash Purchasing,,905.800 ,,,,,,
,03/04/2025,3 Apr,Nurul Tasya Berlianda,BT.2025.04.00002,,Pettycash Operasional ,,208.000,,,,,,
,03/04/2025,3 Apr,Nurul Tasya Berlianda,BT.2025.04.00001,,Pettycash MKG,,186.000,,,,,,
,26/03/2025,3 Apr,Shella Dellina,EXP.2025.03.00070,,Grabsend paket buat customer yg pesen hampers,,20.000,,,,,,
,01/04/2025,3 Apr,Shella Dellina,EXP.2025.04.00003,,Meta Ads 1 April 2025,,812.567,,,,,,
,02/03/2025,3 Apr,Shella Dellina,EXP.2025.03.00075,,Meta Ads 2 Maret 2025,,576.675,,,,,,
,02/04/2025,3 Apr,Shella Dellina,EXP.2025.04.00004,,Pembelian signage untuk outdoor area strada+,,100.000,,,,,,
,29/03/2025,3 Apr,Rinda rahmayani,EXP.2025.03.00071,,Biaya parkir,,150.000,,,,,,
,29/03/2025,3 Apr,Niko Questera,EXP.2025.03.00072,,Lihat properti,,212.900,,,,,,
,01/04/2025,3 Apr,Henri Andrew,PI.2025.04.00003,,Freshmilk,,252.000,,,,,,
,03/04/2025,3 Apr,Pajak Pemkot PB1,PI.2025.04.00004,,PB1 Maret 2025 (La Piazza dan MKG),54781637,54.786.637,,,,,,
,24/03/2025,re-do mingdep,Evani Jesslyn,PI.2025.03.00172,,Tokopedia - Runan Store,,46.000,,,,,,
,26/03/2025,re-do mingdep,Evani Jesslyn,PI.2025.03.00173,,Tokopedia - Ratudaging,,3.026.758,,,,,,
,29/03/2025,re-do mingdep,Evani Jesslyn,EXP.2025.03.00068,,Tokopedia - PDAM,,87.184,,,,,,
,29/03/2025,re-do mingdep,Evani Jesslyn,EXP.2025.03.00073,,Specialty Coffee Association,,1.710.000,,,,,,
,29/03/2025,re-do mingdep,Evani Jesslyn,EXP.2025.03.00074,,Specialty Coffee Association,,3.410.000,,,,,,
,20/03/2025,3 Apr,PT. Berkah Surya Bersinar,PI.2025.03.00174,,"Dripbag Alchemy,Gayo, dll",,483.750,,,,,,
,20/03/2025,3 Apr,PT. Berkah Surya Bersinar,PI.2025.03.00175,,"Papua, Bali, dll",,24.225.000,,,,,,
,21/03/2025,3 Apr,PT. Berkah Surya Bersinar,PI.2025.03.00176,,"Papua, Bali, dll",,6.378.000,,,,,,
,24/03/2025,3 Apr,CV. Panen Raya Indonesia,PI.2025.03.00177,,Cake,,2.152.445,,,,,,
,24/03/2025,3 Apr,CV. Panen Raya Indonesia,PI.2025.03.00178,,Frozenfood,,7.129.425,,,,,,
,26/03/2025,3 Apr,Liara Food,PI.2025.03.00152,,AUS Sirloin Tender,,1.212.900,,,,,,
,25/03/2025,3 Apr,Pak Tumin,PI.2025.03.00153,,Sayuran,,1.325.000,,,,,,
,27/03/2025,3 Apr,Pak Tumin,PI.2025.03.00154,,Sayuran,,3.223.000,,,,,,
,28/03/2025,3 Apr,Bella Natalia,PI.2025.03.00158,,Telur88,,765000,,,,,,
,28/03/2025,3 Apr,Cavalese,PI.2025.03.00157,,Cheesecake,,800.000,,,,,,
,24/03/2025,3 Apr,Karunia Pack,PI.2025.03.00159,,Casava Frozen,,1.684.000,,,,,,
,,,,,,,,,,,,,,
,,,4 April 2025,,,,,,,,,,,
,04/04/2025,4 Apr,Accurate,EXP.2025.04.00006,,Accurate April 2025,,344.100,,,,,,
,20/03/2025,4 Apr,Marissa,EXP.2025.03.00076,,Sample Kaos,,434.000,,,,,,
,24/03/2025,4 Apr,Evani Jesslyn,PI.2025.03.00172,,Tokopedia - Runan Store,,46.000,,,,,,
,26/03/2025,4 Apr,Evani Jesslyn,PI.2025.03.00173,,Tokopedia - Ratudaging,,3.026.758,,,,,,
,29/03/2025,4 Apr,Evani Jesslyn,EXP.2025.03.00068,,Tokopedia - PDAM,,87.184,,,,,,
,29/03/2025,4 Apr,Evani Jesslyn,EXP.2025.03.00073,,Specialty Coffee Association,,1.710.000,,,,,,
,29/03/2025,4 Apr,Evani Jesslyn,EXP.2025.03.00074,,Specialty Coffee Association,,3.410.000,,,,,,
,,,10 April 2025,,,,,,,,,,,
,10/04/2025,10 Apr,Pindah Buku,BT.2025.04.00008,,,,100.000.000 ,,,,,,
,10/04/2025,10 Apr,Nurul Tasya Berlianda,BT.2025.04.00007,,Pettycash Purchasing,,1.550.297 ,,,,,,
,10/04/2025,10 Apr,Nurul Tasya Berlianda,BT.2025.04.00006,,Pettycash Operasional ,,60.000,,,,,,
,10/04/2025,10 Apr,Nurul Tasya Berlianda,BT.2025.04.00005,,Pettycash MKG,,321.500,,,,,,
,01/04/2025,10 Apr,PT. Summarecon Investment Property (MKG),EXP.2025.04.00010,,Service Charges - Pendapatan 1F - K / 203 # 1 Apr 2025 - 30 Apr 2025 (MKG),,"2.636.100,00",,,,,,
,01/04/2025,10 Apr,PT. Summarecon Investment Property (MKG),EXP.2025.04.00011,,Biaya Pemeliharaan Listrik Periode : 21/02/2025 s/d 20/03/2025 (MKG),,"214.080,00",,,,,,
,01/04/2025,10 Apr,PT. Summarecon Investment Property (MKG),EXP.2025.04.00012,,Listrik Periode : 21/02/2025 s/d 20/03/2025 (MKG),,314.401 ,,,,,,
,01/04/2025,10 Apr,PT. Summarecon Investment Property,EXP.2025.04.00013,,SC LPZ - Inc GF - 10 # 1 Apr 2025 - 30 Apr 2025,,"25.250.000,00",,,,,,
,01/03/2025,10 Apr,PT. Summarecon Investment Property,EXP.2025.03.00026,,Listrik Periode 21.01.2025 - 20.02.2025,,13.158.581 ,,,,,,
,01/03/2025,10 Apr,PT. Summarecon Investment Property,EXP.2025.03.00030,,Biaya Pemeliharaan Listrik periode 21.01.2025- 20.02.2025,,6.261.153 ,,,,,,
,01/04/2025,10 Apr,PT. Summarecon Investment Property,EXP.2025.04.00014,,Listrik Periode : 21/02/2025 s/d 20/03/2025,,"9.332.627,60",,,,,,
,01/04/2025,10 Apr,PT. Summarecon Investment Property,EXP.2025.04.00015,,Biaya Pemeliharaan Listrik Periode : 21/02/2025 s/d 20/03/2025,,"5.548.779,00",,,,,,
,01/04/2025,10 Apr,PT. Summarecon Investment Property,EXP.2025.04.00016,,Air Periode 21/02/2025 s/d 20/03/2025,,"2.451.600,00",,,,,,
,01/04/2025,10 Apr,PT. Summarecon Investment Property,EXP.2025.04.00017,,Gas Periode 21/02/2025 s/d 20/03/2025,,"10.866.692,00",,,,,,
,08/04/2025,10 Apr,Evani Jesslyn,PI.2025.04.00022,,Tokopedia - Depo Susu Kelapa Gading,,"229.800,00",,,,,,
,18/03/2025,10 Apr,PT. Greenfields Indonesia,PI.2025.03.00179,,Freshmilk,,"1.594.320,00",,,,,,
,27/03/2025,10 Apr,PT Mustika Citra Rasa,,,Roti Tawar Holland Maret  2025,,"1.356.750,00",,,,,,
,08/04/2025,10 Apr,PT Prambanan Kencana,PI.2025.04.00028,,Unsalted Baking Butter,,"1.100.000,00",,,,,,
,09/04/2025,10 Apr,PT Karunia Sukses Gemilang,PI.2025.04.00029,,Lychee Syrup,,"1.845.352,00",,,,,,
,07/04/2025,10 Apr,Cavalese,PI.2025.04.00030,,Burnt Cheesecake,,"800.000,00",,,,,,
,05/04/2025,10 Apr,Bella Natalia,PI.2025.04.00031,,Telur88,,"260.000,00",,,,,,
,08/04/2025,10 Apr,Bella Natalia,PI.2025.04.00032,,Telur88,,"189.000,00",,,,,,
,08/04/2025,10 Apr,Pak Tumin,PI.2025.04.00033,,"Sayuran, dll",,"1.313.000,00",,,,,,
,09/04/2025,10 Apr,PT Royal Sultan Agung,PI.2025.04.00034,,Can sealing machine,,"3.330.000,00",,,,,,
,26/03/2025,10 Apr,Lancar Sukses,PI.2025.03.00180,,Hangtag strada coffee,,"1.400.000,00",,,,,,
,,,15 April 2025,,,,,,,,,,,
,15/04/2025,15 Apr,Pajak,EXP.2025.04.00026,,PPH21 karyawan Maret 2025,,"7.299.406,00",,,,,,
,15/04/2025,CANCEL,BPJSTK,EXP.2025.04.00027,,BPJSTK Maret 2024,,"1.017.828,00",,,,,,
,,,,,,,,,,,,,,
,,,17 April 2025,,,,,,,,,,,
,17/04/2025,17 Apr,Pindah Buku,BT.2025.04.00012,,,,"100.000.000,00",,,,,,
,17/04/2025,17 Apr,Nurul Tasya Berlianda,BT.2025.04.00011,,Pettycash Purchasing,,"1.044.950,00",,,,,,
,17/04/2025,17 Apr,Nurul Tasya Berlianda,BT.2025.04.00010,,Pettycash Operasional ,,"520.000,00",,,,,,
,17/04/2025,17 Apr,Nurul Tasya Berlianda,BT.2025.04.00009,,Pettycash MKG,,"244.000,00",,,,,,
,16/04/2025,17 Apr,Pajak,EXP.2025.04.00031,,Pasal 4(2) SC LPZ - Inc GF-10# 1 Mar 2025-31 Mar 2025,,2.500.000 ,,,,,,
,,17 Apr,Pajak,,,Pasal 4(2) Listrik Periode 21.01.2025 - 20.02.2025,,1.301.840 ,,,,,,
,,17 Apr,Pajak,,,Pasal 4(2) Gas Periode 21.01.2025- 20.02.2025,,1.232.000 ,,,,,,
,,17 Apr,Pajak,,,Pasal 4(2) Pengecekan Listrik 1 titik Panel 10 Maret 2025,,9.000 ,,,,,,
,,17 Apr,Pajak,,,pasal 4(2) Service Charge - Pendapatan 1F - K203# 1 Mar 2025 - 31 Mar 2025 (MKG),,261.000 ,,,,,,
,,17 Apr,Pajak,,,pasal 4(2) Listrik Periode 21/01/2025 s.d 20/02/2025 (MKG),,44.212 ,,,,,,
,,17 Apr,Pajak,,,pasal 4(2) Biaya Pemeliharaan Listrik Periode 21/01/2025 s.d 20/02/2025 (MKG),,23.632 ,,,,,,
,,17 Apr,Pajak,,,pasal 4(2) Biaya Pemeliharaan Listrik periode 21.01.2025- 20.02.2025,,618.926 ,,,,,,
,,17 Apr,Pajak,,,Pasal 4(2) Rent 01 - 28 Feb 2025 (MKG),,52.765 ,,,,,,
,,17 Apr,Pajak,,,Pasal 4(2) Rent & Add S. Charge 01-28 Feb 2025,,1.881.882 ,,,,,,
,,17 Apr,Pajak,,,Pasal 4(2) Rent 01-28 Feb 2025 (Academy),,186.900 ,,,,,,
,,17 Apr,Pajak,,,Pasal 4(2) Biaya Pemeliharaan AC,,452.500 ,,,,,,
,,17 Apr,Pajak,,,PPH23 Proton Februari 2025,,19.000 ,,,,,,
,14/04/2025,17 Apr,Shella Dellina,PI.2025.04.00073,,Pembelian air untuk event siemens,,37.800 ,,,,,,
,14/04/2025,17 Apr,Shella Dellina,EXP.2025.04.00029,,Pembelian properti untuk foto new beans,,34.038 ,,,,,,
,14/04/2025,17 Apr,Michelle,EXP.2025.04.00028,,Transport PP workshop PT.SIEMENS,,104.000 ,,,,,,
,01/04/2025,17 Apr,Iwan Junianto,EXP.2025.04.00024,,Iuran Pengelolaan Lingkungan untuk Bulan April Tahun 2025 Riviera Plaza Hibrida,,500.002 ,,,,,,
,17/04/2025,17 Apr,PT. Restomart Cipta Usaha,PI.2025.04.00077,,DP  COFFEE MACHINE 2 GROUPS - M23 UP DT/2 - BLACK (I),,30.000.000 ,,,,,,
,15/04/2025,17 Apr,CV. Kemang Jaya,EXP.2025.04.00034,,Buku menu raster 250 gsm,,244.200 ,,,,,,
,16/04/2025,17 Apr,Opaper,EXP.2025.04.00032,,Opaper maret 2025,,299.500 ,293000,,,,,
,14/04/2025,17 Apr,PT. UPS Cardig Internasional,EXP.2025.04.00033,,Beacukai Cup ,,1.220.324 ,,,,,,
,05/04/2025,17 Apr,Evani Jesslyn,PI.2025.04.00049,,Tokopedia - LED Lighting Store,,105.400 ,,,,,,
,05/04/2025,17 Apr,Evani Jesslyn,PI.2025.04.00050,,Tokopedia - Indoware Online,,67.500 ,,,,,,
,05/04/2025,17 Apr,Evani Jesslyn,PI.2025.04.00051,,Tokopedia - Official Store Inc,,127.800 ,,,,,,
,11/04/2025,17 Apr,Evani Jesslyn,PI.2025.04.00052,,Tokopedia - trextashop,,618.100 ,,,,,,
,11/04/2025,17 Apr,Evani Jesslyn,PI.2025.04.00053,,Tokopedia - Pilihlah Aku Toserba,,167.986 ,,,,,,
,11/04/2025,17 Apr,Evani Jesslyn,PI.2025.04.00054,,Tokopedia - Mudaplas,,339.570 ,,,,,,
,11/04/2025,17 Apr,Evani Jesslyn,PI.2025.04.00065,,Tokopedia - Madu asli rafli berkah,,84.442 ,,,,,,
,11/04/2025,17 Apr,Evani Jesslyn,PI.2025.04.00066,,Tokopedia - TokoCartridgeOnline,,193.500 ,,,,,,
,11/04/2025,17 Apr,Evani Jesslyn,PI.2025.04.00067,,Tokopedia - Yoi. Store,,15.680 ,,,,,,
,11/04/2025,17 Apr,Evani Jesslyn,PI.2025.04.00068,,Tokopedia - Meowjii_,,25.920 ,,,,,,
,11/04/2025,17 Apr,Evani Jesslyn,PI.2025.04.00069,,Tokopedia - Ilona Stationary,,28.520 ,,,,,,
,05/12/2024,17 Apr,Evani Jesslyn,EXP.2024.12.00085,,Perpanjang Parkir Desember 2024,,350.000 ,,,,,,
,14/04/2025,17 Apr,Evani Jesslyn,EXP.2025.04.00021,,Pembelian Karangan Bunga dan Ongkos kirim untu Le Victoria,,575.000 ,,,,,,
,07/04/2025,17 Apr,CV Panen Raya Indonesia,PI.2025.04.00035,,Cake,,1.055.151 ,,,,,,
,07/04/2025,17 Apr,CV Panen Raya Indonesia,PI.2025.04.00036,,"Tahu Bakso, dll",,3.335.750 ,,,,,,
,21/03/2025,17 Apr,PT Greenfields Indonesia,PI.2025.03.00181,,Freshmilk,,1.822.080 ,,,,,,
,25/03/2025,17 Apr,PT Greenfields Indonesia,PI.2025.03.00182,,Freshmilk,,683.280 ,,,,,,
,09/04/2025,17 Apr,PT. Mulia Raya Agri Jaya,PI.2025.04.00037,,Cooking Cream,,1.026.970 ,,,,,,
,11/04/2025,17 Apr,Bella Natalia,PI.2025.04.00056,,Telur88,,189.000 ,,,,,,
,15/04/2025,17 Apr,Bella Natalia,PI.2025.04.00075,,Telur88,,182.000 ,,,,,,
,15/04/2025,17 Apr,Pak Tumin,PI.2025.04.00060,,"Strawberry, pisang, dll",,933.000 ,,,,,,
,11/04/2025,17 Apr,Pak Tumin,PI.2025.04.00064,,"Tempe, tomat, dll",,852.000 ,,,,,,
,08/04/2025,17 Apr,Suket Teki Super Store,PI.2025.04.00058,,"Minyak, Kecap, dll",,4.665.500 ,,,,,,
,15/04/2025,17 Apr,AJS Aquaman,PI.2025.04.00076,,Amidis,,74.000 ,,,,,,
,07/04/2025,17 Apr,Karunia Frozen Fruit,PI.2025.04.00062,,"Mangga, nanas",,1.538.500 ,,,,,,
,10/04/2025,17 Apr,Karunia Frozen Fruit,PI.2025.04.00063,,"Singkong, Timus",,1.813.500 ,,,,,,
,14/04/2025,17 Apr,Cavalese,PI.2025.04.00070,,Cheesecake,,800.000 ,,,,,,
,25/03/2025,17 Apr,PT Berkah Surya Bersinar,PI.2025.03.00183,,"Drip Bag Flores, Bali, dll",,1.062.500 ,,,,,,
,09/04/2025,17 Apr,PT Berkah Surya Bersinar,PI.2025.04.00074,,"Drip bag Toraja, Papua",,682.500 ,,,,,,
,17/04/2025,17 Apr,Foodbudgetid,,,,,"4.000.000,00",,,,,,
,,,,,,,,,,,,,,
,,,24 April 2025,,,,,,,,,,,
,24/04/2025,24 Apr,Pindah Buku,BT.2025.04.00016,,,,"50.000.000,00",,,,,,
,24/04/2025,24 Apr,Nurul Tasya Berlianda,BT.2025.04.00015,,Pettycash Purchasing,,"776.964,00",,,,,,
,24/04/2025,24 Apr,Nurul Tasya Berlianda,BT.2025.04.00014,,Pettycash Operasional ,,"500.400,00",,,,,,
,24/04/2025,24 Apr,Nurul Tasya Berlianda,BT.2025.04.00013,,Pettycash MKG,,"410.000,00",,,,,,
,21/04/2025,24 Apr,PT Summarecon Investment Property MKG,EXP.2025.04.00042,,Rent 01 - 31 Mar 2025 (MKG),,1.341.518,,,,,,
,17/04/2025,24 Apr,PT Summarecon Investment Property MKG,EXP.2025.04.00036,,Air periode 02/12/2024 - 20/03/2025 (MKG),,222.480,,,,,,
,21/04/2025,24 Apr,PT Summarecon Investment Property,EXP.2025.04.00044,,Rent 01-31 Mar 2025 (Academic),,1.908.900,,,,,,
,21/04/2025,24 Apr,PT Summarecon Investment Property,EXP.2025.04.00045,,Rent & Add S. Charge 01 - 31 Mar 2025,,25.752.000,,,,,,
,21/04/2025,24 Apr,PT. Restomart Cipta Usaha,EXP.2025.04.00047,,JASA PENGECEKAN DAN PERBAIKAN UNIT NGR,,327.000,,,,,,
,20/04/2025,24 Apr,Danis Yulianto Hadi,EXP.2025.04.00046,,Tagihan Sciencewerk April 2025,,6.000.000,,,,,,
,19/04/2025,24 Apr,Shella Dellina,EXP.2025.04.00037,,Pembelian signage untuk outdoor strada,,100.000,,,,,,
,18/04/2025,24 Apr,Shella Dellina,EXP.2025.04.00038,,Pembelian frame untuk sertifikat CQI Pak Niko,,70.600,,,,,,
,21/04/2025,24 Apr,Shella Dellina,EXP.2025.04.00040,,Untuk pengiriman paket hampers TCD,,78.183,,,,,,
,19/04/2025,24 Apr,Shella Dellina,EXP.2025.04.00041,,Cetak Voucher Strada x Harris di Print Shop,,74.850,,,,,,
,14/04/2025,24 Apr,Evani Jesslyn,PI.2025.04.00084,,Tokopedia - ABC HEINZ Indonesia Official Store,,28.605,,,,,,
,14/04/2025,24 Apr,Evani Jesslyn,PI.2025.04.00085,,Tokopedia - Grosir_Bumbu,,75.600,,,,,,
,11/04/2025,24 Apr,Evani Jesslyn,PI.2025.04.00086,,Tokopedia - Vesper,,653.400,,,,,,
,14/04/2025,24 Apr,Evani Jesslyn,PI.2025.04.00087,,Tokopedia - Little Ems Shop,,40.399,,,,,,
,16/04/2025,24 Apr,CV Panen Raya Indonesia,PI.2025.04.00078,,"Brownies, dll",,"2.112.045,00",,,,,,
,16/04/2025,24 Apr,CV Panen Raya Indonesia,PI.2025.04.00079,,"Tahu Bakso, dll",,"993.300,00",,,,,,
,21/04/2025,24 Apr,CV Panen Raya Indonesia,PI.2025.04.00115,,"Banana cheese cake, Mocca Nougat",,"914.680,00",,,,,,
,10/04/2025,24 Apr,PT Berkah Surya Bersinar,PI.2025.04.00080,,"Brown Sugar Cair, dll",,"5.500.000,00",,,,,,
,16/04/2025,24 Apr,Toko Mumtaz,PI.2025.04.00081,,Singkong,,1.628.000,,,,,,
,28/03/2025,24 Apr,PT Greenfields Indonesia,PI.2025.03.00184,,Freshmilk,,1.822.080,,,,,,
,17/04/2025,24 Apr,Pak Tumin,PI.2025.04.00082,,Sayuran,,738.000,,,,,,
,20/04/2025,24 Apr,Pak Tumin,PI.2025.04.00118,,"Tempe, Strawberry",,126.000,,,,,,
,21/04/2025,24 Apr,Pak Tumin,PI.2025.04.00113,,Alpukat,,400.000,,,,,,
,22/04/2025,24 Apr,Pak Tumin,PI.2025.04.00119,,Sayuran,,799.000,,,,,,
,17/04/2025,24 Apr,Bella Natalia,PI.2025.04.00083,,Telur88,,182.000,,,,,,
,22/04/2025,24 Apr,Bella Natalia,PI.2025.04.00120,,Telur88,,250.000,,,,,,
,14/04/2025,24 Apr,Suket Teki Groceries,PI.2025.04.00112,,"Minyak, dll",,2.167.000,,,,,,
,16/04/2025,24 Apr,PT Artemis Adhi Tirta,PI.2025.04.00116,,Spiva Mineral Water,,2.997.000,,,,,,
,23/04/2025,24 Apr,PT Sweetindo Perkasa,PI.2025.04.00117,,Gula Aren Stick,,1.187.700,,,,,,
,22/04/2025,24 Apr,Cavalese,PI.2025.04.00121,,Cheesecake,,800.000,,,,,,
,14/04/2025,24 Apr,Natasha (Beras),PI.2025.04.00057,,"Beras, gula",,1.086.000 ,,,,,,
,10/04/2025,24 Apr,PT Sukanda Djaya,PI.2025.04.00061,,Ice Cream,,499.500 ,,,,,,
,,,,,,,,,,,,,,
,,,28 April 2028,,,,,,,,,,,
,28/04/2025,28 Apr,Pindah Buku,BT.2025.04.00017,,Payroll April 2025,,200.000.000,,,,,,
,,,30 April 2025,,,,,,,,,,,
,30/04/2025,30 Apr,Pindah Buku,BT.2025.04.00021,,,,50.000.000,,,,,,
,30/04/2025,30 Apr,Nurul Tasya Berlianda,BT.2025.04.00020,,Pettycash Purchasing,,774.861,,,,,,
,30/04/2025,30 Apr,Nurul Tasya Berlianda,BT.2025.04.00019,,Pettycash Operasional ,,53.500,,,,,,
,30/04/2025,30 Apr,Nurul Tasya Berlianda,BT.2025.04.00018,,Pettycash MKG,,186.000,,,,,,
,28/04/2025,30 Apr,REV SOUND SYSTEM SOLUTION,EXP.2025.04.00061,,Penyewaan Paket Soundsystem 1.000 Watt,,1.500.000,,,,,,
,25/02/2025,30 Apr,CV. Pratama Multi Consulting,EXP.2025.02.00100,,Jasa Konsultan Pajak Februari 2025,,1.500.000,,,,,,
,25/03/2025,30 Apr,CV. Pratama Multi Consulting,EXP.2025.03.00077,,Jasa Konsultan Pajak Maret 2025,,1.500.000,,,,,,
,25/04/2025,30 Apr,CV. Pratama Multi Consulting,EXP.2025.04.00051,,Jasa Konsultan Pajak April 2025 dan jasa penyusunan spt 2024,,3.000.000,,,,,,
,19/04/2025,30 Apr,Shella Dellina,EXP.2025.04.00052,,Untuk cetak voucher Strada x Harris,,74.800,,,,,,
,24/04/2025,30 Apr,Shella Dellina,EXP.2025.04.00053,,Pembelian sample paperbag untuk hampers cqi gathering,,54.000,,,,,,
,24/04/2025,30 Apr,Shella Dellina,EXP.2025.04.00054,,Pembelian nametag untuk cqi gathering,,76.200,,,,,,
,24/04/2025,30 Apr,Michelle,EXP.2025.04.00058,,Print A5 new beans dan sertifikat Niko Questera,,58.014,,,,,,
,24/04/2025,30 Apr,Michelle,EXP.2025.04.00059,,Coffee card new beans @150pcs untuk omakase dan sticker jar beans omakase,,166.000,,,,,,
,26/04/2025,30 Apr,Michelle,EXP.2025.04.00060,,Badge 3 day pass untuk event WOC,,324.000,,,,,,
,17/04/2025,30 Apr,Evani Jesslyn,EXP.2025.04.00043,,BPJSTK Maret 2024,,894.315,,,,,,
,17/04/2025,30 Apr,Evani Jesslyn,EXP.2025.04.00050,,Pembelian Matcha untuk Trial Coffee Experience,,79.999,,,,,,
,17/04/2025,30 Apr,Evani Jesslyn,PI.2025.04.00134,,Tokopedia - Tygo Life,,69.000,,,,,,
,21/04/2025,30 Apr,Evani Jesslyn,PI.2025.04.00135,,Tokopedia - officeXpres,,2.068.800,,,,,,
,21/04/2025,30 Apr,Evani Jesslyn,PI.2025.04.00136,,Tokopedia - Dada Fillet,,1.765.520,,,,,,
,21/04/2025,30 Apr,Evani Jesslyn,PI.2025.04.00137,,Tokopedia -greenGO Plastik & Packaging,,602.200,,,,,,
,21/04/2025,30 Apr,Evani Jesslyn,PI.2025.04.00138,,Tokopedia - raja daging jakpus,,2.234.900,,,,,,
,21/04/2025,30 Apr,Evani Jesslyn,EXP.2025.04.00048,,Tokopedia - Felugamy Store,,30.300,,,,,,
,21/04/2025,30 Apr,Evani Jesslyn,PI.2025.04.00139,,Tokopedia - Eyleen Store,,35.750,,,,,,
,25/04/2025,30 Apr,Evani Jesslyn,PI.2025.04.00165,,Tokopedia - Madu asli rafli berkah,,136900,,,,,,
,25/04/2025,30 Apr,Evani Jesslyn,PI.2025.04.00166,,Tokopedia -Toffin Indonesia Official Store,,234100,,,,,,
,28/04/2025,30 Apr,Orange 15,PI.2025.04.00163,,Kaos untuk Acara Tanggal 15 Mei 2025,,1.511.000,,,,,,
,11/04/2025,30 Apr,CV Panen Raya Indonesia,PI.2025.04.00122,,"Tahu bakso, mix batagor, dll",,5.264.750,,,,,,
,11/04/2025,30 Apr,CV Panen Raya Indonesia,PI.2025.04.00123,,"Mocca Meses, dll",,580.000,,,,,,
,24/04/2025,30 Apr,CV Panen Raya Indonesia,PI.2025.04.00158,,"Banana Cheese Cake, dll",,2.080.375,,,,,,
,24/04/2025,30 Apr,CV Panen Raya Indonesia,PI.2025.04.00159,,"Tahu bakso, dll",,2.452.080,,,,,,
,11/04/2025,30 Apr,PT Berkah Surya Bersinar,PI.2025.04.00142,,"Dripbag, dll",,26.455.750,,,,,,
,15/04/2025,30 Apr,PT Berkah Surya Bersinar,PI.2025.04.00143,,"Black forest, dll",,23.417.000,,,,,,
,17/04/2025,30 Apr,PT Berkah Surya Bersinar,PI.2025.04.00126,,"Alchemy, dll",,1.511.000,,,,,,
,24/04/2025,30 Apr,CV Asaku,PI.2025.04.00127,,"Hand Towel, dll",,2.404.745,,,,,,
,02/04/2025,30 Apr,PT Greenfields Indonesia,PI.2025.04.00128,,Freshmilk,,1.138.000,,,,,,
,04/04/2025,30 Apr,PT Greenfields Indonesia,PI.2025.04.00129,,Freshmilk,,1.366.560,,,,,,
,24/04/2025,30 Apr,Liara Food,PI.2025.04.00132,,AUS Sirloin Tender,,2.453.000,,,,,,
,24/04/2025,30 Apr,AJS Aquaman,PI.2025.04.00156,,Amidis,,74.000,,,,,,
,25/04/2025,30 Apr,Pak Tumin,PI.2025.04.00157,,"Sayuran, dll",,1.275.000,,,,,,
,29/04/2025,30 Apr,Pak Tumin,PI.2025.04.00164,,"Sayuran, dll",,1.132.000,,,,,,
,25/04/2025,30 Apr,Bella Natalia,PI.2025.04.00167,,Telur88,,270.000,,,,,,
,28/04/2025,30 Apr,Bella Natalia,PI.2025.04.00168,,Telur88,,203.000,,,,,,
,28/04/2025,30 Apr,Cavalese,PI.2025.04.00169,,Cheesecake,,800.000,,,,,,
,25/11/2024,30 Apr,CV. SARANA EDUKASI SEJAHTERA,PI.2024.11.00251,,Pomona sirup,,300.000,,,,,,
,23/04/2025,30 Apr,PT Kartika Distrindo,PI.2025.04.00114,,UHT Omela,,3.835.043,,,,,,
,24/04/2025,30 Apr,PT. Kreasi Cipta Megatama,PI.2025.04.00131,,"Karbol kopi, sabun cuci tangan dll",,892.000,,,,,,
,,,,,,,,,,,,,,
,,,8 Mei 2025,,,,,,,,,,,
,08/05/2025,8 may,Pindah Buku,BT.2025.05.00004,,,,250.000.000,,,,,,
,08/05/2025,8 may,Nurul Tasya Berlianda,BT.2025.05.00003,,Pettycash Purchasing,,1.787.517,,,,,,
,08/05/2025,8 may,Nurul Tasya Berlianda,BT.2025.05.00002,,Pettycash Lapiazza,,255.000,,,,,,
,08/05/2025,8 may,Nurul Tasya Berlianda,BT.2025.05.00001,,Pettycash MKG,,280.000,,,,,,
,07/05/2025,8 may,Pajak Pemkot PB1,PI.2025.05.00035,,PB1 April 2025 (La Piazza dan MKG),,"55.329.153,00 ",,,,,,
,07/05/2025,8 may,Pajak,EXP.2025.05.00033,,PPH21 Karyawan dan non karyawan April 2025,,"2.204.930,00 ",,,,,,
,06/05/2025,8 may,Pajak ,EXP.2025.05.00020,,Pajak PPH Final UMKM  Januari 2024,,"2.457.342,00 ",,,,,,
,06/05/2025,8 may,Pajak ,EXP.2025.05.00021,,Pajak PPH Final UMKM  Februari 2024,,"2.015.506,00 ",,,,,,
,06/05/2025,8 may,Pajak ,EXP.2025.05.00023,,Pajak PPH Final UMKM  Maret 2024,,"3.208.852,00 ",,,,,,
,06/05/2025,8 may,Pajak ,EXP.2025.05.00024,,Pajak PPH Final UMKM  April 2024,,"4.014.794,00 ",,,,,,
,06/05/2025,8 may,Pajak ,EXP.2025.05.00025,,Pajak PPH Final UMKM  Mei 2024,,"3.603.701,00 ",,,,,,
,06/05/2025,8 may,Pajak ,EXP.2025.05.00026,,Pajak PPH Final UMKM  Juni 2024,,"3.336.929,00 ",,,,,,
,06/05/2025,8 may,Pajak ,EXP.2025.05.00027,,Pajak PPH Final UMKM Juli 2024,,"3.602.959,00 ",,,,,,
,06/05/2025,8 may,Pajak ,EXP.2025.05.00028,,Pajak PPH Final UMKM  Agustus 2024,,"2.889.244,00 ",,,,,,
,06/05/2025,8 may,Pajak ,EXP.2025.05.00029,,Pajak PPH Final UMKM  September 2024,,"2.497.748,00 ",,,,,,
,06/05/2025,8 may,Pajak ,EXP.2025.05.00030,,Pajak PPH Final UMKM  Oktober 2024,,"3.112.160,00 ",,,,,,
,06/05/2025,8 may,Pajak ,EXP.2025.05.00031,,Pajak PPH Final UMKM  November 2024,,"2.468.956,00 ",,,,,,
,06/05/2025,8 may,Pajak ,EXP.2025.05.00032,,Pajak PPH Final UMKM Desember 2024,,"3.299.867,00 ",,,,,,
,04/05/2025,8 may,Accurate,EXP.2025.05.00004,,Accurate April 2025,,"344.100,00 ",,,,,,
,07/05/2025,8 may,Opaper,EXP.2025.05.00019,,Opaper April 2025,,"391.500,00 ",,,,,,
,07/05/2025,8 may,Biznet,EXP.2025.05.00018,,Perpanjang Wifi Biznet Periode Mei-September,,832.500 ,,,,,,
,30/04/2025,8 may,PT. Restomart Cipta Usaha,PI.2025.04.00181,,Pelunasan  COFFEE MACHINE 2 GROUPS - M23 UP DT/2 - BLACK (I),,30.000.000 ,,,,,,
,07/05/2025,8 may,Kayala,PI.2025.05.00042,,DP 30% Sewa Alat untuk Event CQI,,"399.525,00 ",,,,,,
,01/05/2025,8 may,PT Summarecon Investment Property,EXP.2025.05.00006,,SC LPZ - Inc GF - 10 #1 May 2025 - 31 May 2025,,"25.250.000,00 ",,,,,,
,01/05/2025,8 may,PT Summarecon Investment Property,EXP.2025.05.00007,,Listrik Periode 21.03.2025 - 20.04.2025,,"12.101.469,80 ",,,,,,
,01/05/2025,8 may,PT Summarecon Investment Property,EXP.2025.05.00008,,Biaya Pemeliharaan Listrik 21.03.2025 - 20.04.2025,,"6.064.324,00 ",,,,,,
,01/05/2025,8 may,PT Summarecon Investment Property,EXP.2025.05.00009,,Air Periode 21.03.2025 - 20.04.2025,,"3.357.180,00 ",,,,,,
,01/05/2025,8 may,PT Summarecon Investment Property,EXP.2025.05.00010,,Gas Periode 21.03.2025 - 20.04.2025,,"15.999.512,00 ",,,,,,
,01/05/2025,8 may,PT Summarecon Investment Property MKG,EXP.2025.05.00011,,Service Charges - Pendapatan 1F - K 203 # 1 May 2025 - 31 May 2025 (MKG),,"2.636.100,00 ",,,,,,
,01/05/2025,8 may,PT Summarecon Investment Property MKG,EXP.2025.05.00012,,Listrik Periode 21.03.2025 - 20.04.2025 (MKG),,"440.462,80 ",,,,,,
,01/05/2025,8 may,PT Summarecon Investment Property MKG,EXP.2025.05.00013,,Biaya Pemeliharaan Listrik Periode 21.03.2025 - 20.04.2025 (MKG),,"237.552,00 ",,,,,,
,02/05/2025,8 may,Rinda rahmayani,EXP.2025.05.00005,,Parkir Maul dan Anang Mei 2025,,"150.000,00 ",,,,,,
,01/05/2025,8 may,Evani Jesslyn,PI.2025.05.00036,,Iglo ,,"619.900,00 ",,,,,,
,28/04/2025,8 may,PT Mustika Citra Rasa,,,Roti Tawar Kupas,,"1.899.450,00 ",,,,,,
,01/05/2025,8 may,Iwan Junianto,EXP.2025.05.00022,,Iuran Pengelolaan Lingkungan Mei 2025,,"500.002,00 ",,,,,,
,29/04/2025,8 may,Natasha (Beras),PI.2025.04.00170,,"Beras, gula",,"1.086.000,00 ",,,,,,
,08/04/2025,8 may,PT Greenfields Indonesia,PI.2025.05.00001,,Freshmilk,,"1.822.080,00 ",,,,,,
,11/04/2025,8 may,PT Greenfields Indonesia,PI.2025.04.00171,,Freshmilk,,"1.138.800,00 ",,,,,,
,17/04/2025,8 may,PT Greenfields Indonesia,PI.2025.04.00180,,Freshmilk,,"1.366.560,00 ",,,,,,
,22/04/2025,8 may,Karunia Frozen Fruit,PI.2025.04.00172,,Singkong,,"1.175.000,00 ",,,,,,
,30/04/2025,8 may,PT. Mulia Raya Agrijaya,PI.2025.04.00176,,French Fries,,"1.215.000,00 ",,,,,,
,03/05/2025,8 may,J-Pack Food Packaging,PI.2025.05.00022,,Paper Hot Cup 4Oz,,"740.000,00 ",,,,,,
,02/05/2025,8 may,Pak Tumin,PI.2025.05.00024,,Sayuran,,"1.003.000,00 ",,,,,,
,03/05/2025,8 may,Pak Tumin,PI.2025.05.00025,,Sayuran,,"607.000,00 ",,,,,,
,06/05/2025,8 may,Pak Tumin,PI.2025.05.00031,,Sayuran,,"1.173.000,00 ",,,,,,
,02/05/2025,8 may,Bella Natalia,PI.2025.05.00026,,Telur88,,"275.000,00 ",,,,,,
,05/05/2025,8 may,Bella Natalia,PI.2025.05.00027,,Telur88,,"395.000,00 ",,,,,,
,06/05/2025,8 may,Lancar Sukses,PI.2025.05.00032,,Sticker Bulat Strada+,,"320.000,00 ",,,,,,
,06/05/2025,8 may,PT Prambanan Kencana,PI.2025.05.00033,,Mozarella,,"1.104.089,02 ",,,,,,
,04/05/2025,8 may,Toko Mumtaz,PI.2025.05.00037,,Timus Frozen,,"1.000.000,00 ",,,,,,
,03/05/2025,8 may,Galon Gading Nias,PI.2025.05.00038,,Sparkling Water,,"1.590.000,00 ",,,,,,
,07/05/2025,8 may,PT Karunia Suskes Gemilang,PI.2025.05.00039,,Leci dan Jamur,,"1.049.838,00 ",,,,,,
,06/05/2025,8 may,AJS Aquaman,PI.2025.05.00040,,Air Galon Amidis,,"74.000,00 ",,,,,,
,05/05/2025,8 may,Cavalese,PI.2025.05.00041,,Cheesecake,,"800.000,00 ",,,,,,
,08/05/2025,8 may,Glints,EXP.2025.05.00034,,Glints Mei 2025,,166.500,,,,,,
,07/05/2025,gagal,BPJSTK,EXP.2025.05.00035,,BPJSTK April 2025,,"870.408,00 ",,,,,,
,,,15 Mei 2025,,,,,,,,,,,
,15/05/2025,15 may,Pindah Buku,BT.2025.05.00008,,,,50.000.000 ,,,,,,
,15/05/2025,15 may,Nurul Tasya Berlianda,BT.2025.05.00007,,Pettycash Purchasing,,1.538.517 ,,,,,,
,15/05/2025,15 may,Nurul Tasya Berlianda,BT.2025.05.00006,,Pettycash Lapiazza,,359.600 ,,,,,,
,15/05/2025,15 may,Nurul Tasya Berlianda,BT.2025.05.00005,,Pettycash MKG,,316.000 ,,,,,,
,06/05/2025,15 may,PT Summarecon Investment Property MKG,EXP.2025.05.00043,,Air Periode 21.03.2025 - 20.04.2025,,59.940 ,,,,,,
,23/04/2025,15 may,Shella Dellina,EXP.2025.04.00065,,Pembelian sample gelas untuk coffee experience,,151.000 ,,,,,,
,23/04/2025,15 may,Shella Dellina,EXP.2025.04.00066,,Pembelian sample gelas untuk coffee experience,,161.000 ,,,,,,
,28/04/2025,15 may,Shella Dellina,EXP.2025.04.00067,,Lalamove pengiriman hampers TCD,,78.183 ,,,,,,
,26/04/2025,15 may,Shella Dellina,EXP.2025.04.00068,,Pembelian garpu kayu untuk acara gastronusa,,29.000 ,,,,,,
,26/04/2025,15 may,Shella Dellina,EXP.2025.04.00069,,Pembelian nampan kayu untuk acara gastronusa,,172.120 ,,,,,,
,26/04/2025,15 may,Shella Dellina,EXP.2025.04.00070,,Pembelian sample paperbag untuk hampers cqi,,54.000 ,,,,,,
,26/04/2025,15 may,Shella Dellina,EXP.2025.04.00071,,Pembelian capitan dan sekop untuk acara gastronusa,,34.550 ,,,,,,
,08/05/2025,15 may,Shella Dellina,EXP.2025.05.00044,,Name badge dan gantungan ID Card untuk acara CQI dinner,,25.500 ,,,,,,
,06/05/2025,15 may,ANDRIAN CAHYA KUSUMA (Bank Mandiri 1330031027030),EXP.2025.05.00046,,JKT COFFEE FEST TERAS KOPI MANDIRI,,2.000.000 ,,,,,,
,01/05/2025,15 may,Evani Jesslyn,EXP.2025.05.00003,,Tokopedia - Jakartagrosirraya,,21.250 ,,,,,,
,25/04/2025,15 may,Evani Jesslyn,PI.2025.04.00187,,Tokopedia - supermutu,,39.500 ,,,,,,
,25/04/2025,15 may,Evani Jesslyn,EXP.2025.04.00072,,Tokopedia - Cableman_NEW,,21.450 ,,,,,,
,29/04/2025,15 may,Evani Jesslyn,EXP.2025.04.00073,,PDAM Periode Maret,,73.534 ,,,,,,
,02/05/2025,15 may,Evani Jesslyn,PI.2025.05.00071,,Tokopedia - Mall IT Jakarta,,2.296.373 ,,,,,,
,02/05/2025,15 may,Evani Jesslyn,PI.2025.05.00074,,Tokopedia - Intel Official Toko,,3.939.742 ,,,,,,
,02/05/2025,15 may,Evani Jesslyn,PI.2025.05.00075,,Tokopedia - Bobaolshop,,1.494.718 ,,,,,,
,02/05/2025,15 may,Evani Jesslyn,PI.2025.05.00076,,Tokopedia -Dismak,,560.192 ,,,,,,
,02/05/2025,15 may,Evani Jesslyn,PI.2025.05.00077,,Tokopedia - OMURA POWDER SHOP_NEW,,282.000 ,,,,,,
,02/05/2025,15 may,Evani Jesslyn,PI.2025.05.00078,,Tokopedia - Subur makmur jakarta,,501.200 ,,,,,,
,02/05/2025,15 may,Evani Jesslyn,PI.2025.05.00079,,Tokopedia - chazone-stm,,285.000 ,,,,,,
,02/05/2025,15 may,Evani Jesslyn,PI.2025.05.00080,,Tokopedia - Gottemall,,323.800 ,,,,,,
,24/04/2025,15 may,PT Sanpota Batara Indonesia,PI.2025.04.00182,,"Cup, dll",,6.795.520 ,,,,,,
,15/04/2025,15 may,PT Greenfields Indonesia,PI.2025.04.00184,,Yogurt,,219.114 ,,,,,,
,15/04/2025,15 may,PT Greenfields Indonesia,PI.2025.04.00185,,Freshmilk,,1.138.800 ,,,,,,
,22/04/2025,15 may,PT Greenfields Indonesia,PI.2025.04.00183,,Freshmilk,,1.594.320 ,,,,,,
,07/05/2025,15 may,Natasha (Beras),PI.2025.05.00048,,Beras,,750.000 ,,,,,,
,12/05/2025,15 may,Cavalese,PI.2025.05.00065,,Cheesecake,,800.000 ,,,,,,
,13/05/2025,15 may,Pak Tumin,PI.2025.05.00066,,Sayuran,,1.195.000 ,,,,,,
,09/05/2025,15 may,Pak Tumin,PI.2025.05.00067,,Sayuran,,1.569.000 ,,,,,,
,14/05/2025,15 may,Pak Tumin,"PI.2025.05.00073",,Sayuran,,616.000 ,,,,,,
,08/05/2025,15 may,Bella Natalia,PI.2025.05.00068,,Telur88,,270.000 ,,,,,,
,13/05/2025,15 may,Bella Natalia,PI.2025.05.00070,,Telur88,,265.000 ,,,,,,
,01/05/2025,15 may,Suket teki,PI.2025.05.00069,,"Minyak, Kecap, dll",,5.507.000 ,,,,,,
,07/05/2025,15 may,J-Pack Food Packaging,PI.2025.05.00072,,Paper Hot Cup,,57.000 ,,,,,,
,02/05/2025,15 may,CV Panen Raya Indonesia,PI.2025.05.00007,,"Tahu Bakso, dll",,3.989.865 ,,,,,,
,02/05/2025,15 may,CV Panen Raya Indonesia,PI.2025.05.00008,,"Klepon Cake, dll",,2.193.225 ,,,,,,
,03/05/2025,15 may,PT Berkah Surya Bersinar,PI.2025.05.00062,,"Alchemy, dll",,5.022.750 ,,,,,,
,26/04/2025,15 may,PT Berkah Surya Bersinar,PI.2025.04.00186,,"Black Forest, Aroma of Heaven, dll",,37.508.850 ,,,,,,
,02/05/2025,15 may,PT Sukanda Djaya,PI.2025.05.00014,,Ice Cream Vanilla,,333.000 ,,,,,,
,05/05/2025,15 may,PT Sukanda Djaya,PI.2025.05.00015,,Oatmilk Oatside Original,,1.198.800 ,,,,,,
,06/05/2025,15 may,PT Sukanda Djaya,PI.2025.05.00029,,Sosis Riverland,,817.071 ,,,,,,
,15/05/2025,15 may,Titan Baking,PI.2025.05.00081,,"Chocolate, Baking powder, dll",,1.574.033,,,,,,
,07/05/2025,15 may,Kayala,PI.2025.05.00082,,Pelunasan  Sewa Alat untuk Event CQI,,"932.225,00 ",,,,,,
,,,16 Mei 2025,,,,,,,,,,,
,16/05/2025,16 may,Pindah Buku,BT.2025.05.00009,,,,150000000,,,,,,
,27/09/2024,16 may,Espe Empatujuh,JV.2025.05.00447,,Fetco D5CE-18000-W2,,74.717.000 ,,,,,,
,23/12/2024,16 may,Espe Empatujuh,JV.2025.05.00450,,SSM Freepour Batch 2-TAF Card,,61.000.000 ,,,,,,
,16/05/2025,16 may,Cheilla,BT.2025.05.00010,,Kas untuk Perjalanan dinas ke Jakarta Mei 2025,,1.440.000 ,,,,,,
,08/05/2025,16 may,Ari Haryo,EXP.2025.05.00050,,Biaya pembuatan photobooth CQI,,4.000.000 ,,,,,,
,,,22 Mei 2025,,,,,,,,,,,
,22/05/2025,22 May,Pindah Buku,BT.2025.05.00013,,,,150.000.000 ,,,,,,
,22/05/2025,22 May,Nurul Tasya Berlianda,BT.2025.05.00012,,Pettycash Purchasing,,1.014.675 ,,,,,,
,22/05/2025,22 May,Nurul Tasya Berlianda,BT.2025.05.00011,,Pettycash MKG,,226.000 ,,,,,,
,05/05/2025,22 May,Evani Jesslyn,EXP.2025.05.00056,,Biaya Internet Mei 2025,,656.790 ,,,,,,
,08/05/2025,22 May,Evani Jesslyn,PI.2025.05.00094,,Tokopedia - Ratu Daging,,1.829.798 ,,,,,,
,08/05/2025,22 May,Evani Jesslyn,PI.2025.05.00115,,Tokopedia - Arnes Shop Jakarta,,157.486 ,,,,,,
,08/05/2025,22 May,Evani Jesslyn,EXP.2025.05.00037,,Tokopedia - Glossy Print,,76.616 ,,,,,,
,21/05/2025,22 May,Evani Jesslyn,EXP.2025.05.00062,,Specialty Coffee Association,,3.380.000 ,,,,,,
,20/05/2025,22 May,Pajak,EXP.2025.05.00060,,Service Charges - Pendapatan 1F - K / 203 # 1 Apr 2025 - 30 Apr 2025 (MKG),,261.000 ,,,,,,
,,22 May,Pajak,,,Biaya Pemeliharaan Listrik Periode : 21/02/2025 s/d 20/03/2025 (MKG),,21.196 ,,,,,,
,,22 May,Pajak,,,Listrik Periode : 21/02/2025 s/d 20/03/2025 (MKG),,31.129 ,,,,,,
,,22 May,Pajak,,,SC LPZ - Inc GF - 10 # 1 Apr 2025 - 30 Apr 2025,,2.500.000 ,,,,,,
,,22 May,Pajak,,,Listrik Periode 21.01.2025 - 20.02.2025,,1.301.840 ,,,,,,
,,22 May,Pajak,,,Biaya Pemeliharaan Listrik periode 21.01.2025- 20.02.2025,,618.926 ,,,,,,
,,22 May,Pajak,,,Listrik Periode : 21/02/2025 s/d 20/03/2025,,923.032 ,,,,,,
,,22 May,Pajak,,,Biaya Pemeliharaan Listrik Periode : 21/02/2025 s/d 20/03/2025,,548.394 ,,,,,,
,,22 May,Pajak,,,Air Periode 21/02/2025 s/d 20/03/2025,,272.400 ,,,,,,
,,22 May,Pajak,,,Gas Periode 21/02/2025 s/d 20/03/2025,,1.074.920 ,,,,,,
,,22 May,Pajak,,,Rent 01 - 31 Mar 2025 (MKG),,132.824 ,,,,,,
,,22 May,Pajak,,,Air periode 02/12/2024 - 20/03/2025 (MKG),,24.720 ,,,,,,
,,22 May,Pajak,,,Rent 01-31 Mar 2025 (Academic),,189.000 ,,,,,,
,,22 May,Pajak,,,Rent & Add S. Charge 01 - 31 Mar 2025,,2.549.703 ,,,,,,
,22/05/2025,22 May,Qunios,PI.2025.05.00124,,Sistem Quinos untuk MKG 2,,15.000.000 ,,,,,,
,03/04/2025,22 May,Shella Dellina,EXP.2025.04.00074,,Meta Ads 3 April 2025,,"20.675,00 ",,,,,,
,02/05/2025,22 May,Shella Dellina,EXP.2025.05.00053,,Meta Ads 2 Mei 2025,,"426.796,00 ",,,,,,
,14/05/2025,22 May,Shella Dellina,EXP.2025.05.00054,,Meta Ads 14 Mei 2025,,"812.576,00 ",,,,,,
,15/05/2025,22 May,Shella Dellina,EXP.2025.05.00055,,Meta Ads 15 Mei 2025,,"55.324,00 ",,,,,,
,13/05/2025,22 May,Michelle,EXP.2025.05.00057,,4 pcs botol kaca biat event WOC bar takeover giffard,,"109.500,00 ",,,,,,
,15/05/2025,22 May,Niko Questera,EXP.2025.05.00058,,Ganti aki mobil operasional veloz,,"868.010,00 ",,,,,,
,15/05/2025,22 May,Evani Jesslyn,EXP.2025.05.00049,,Biaya perjalanan dinas Miss dari JCC ke outlet,,101.300 ,,,,,,
,16/05/2025,22 May,Evani Jesslyn,EXP.2025.05.00051,,Biaya perjalanan dinas Miss - event WOC,,132.700 ,,,,,,
,16/05/2025,22 May,Evani Jesslyn,EXP.2025.05.00052,,Biaya perjalanan dinas Miss - event WOC,,83.200 ,,,,,,
,14/05/2025,22 May,Lancar Sukses,EXP.2025.05.00061,,Kebutuhan cetak event CQI,,"530.000,00 ",,,,,,
,09/05/2025,22 May,PT Artemis Adhi Tirta,PI.2025.05.00083,,Spiva,,"5.994.000,00 ",,,,,,
,16/05/2025,22 May,PT Mulia Raya Agrijaya,PI.2025.05.00084,,Cooking Cream,,"1.026.970,00 ",,,,,,
,16/05/2025,22 May,Pak Tumin,PI.2025.05.00085,,Sayuran,,"1.864.000,00 ",,,,,,
,15/05/2025,22 May,Pak Tumin,PI.2025.05.00086,,Sayuran untuk kekurangan event CQI,,"75.000,00 ",,,,,,
,20/05/2025,22 May,Pak Tumin,PI.2025.05.00121,,Sayuran,,"1.058.000,00 ",,,,,,
,14/05/2025,22 May,Bella Natalia,PI.2025.05.00107,,Telur88,,"137.000,00 ",,,,,,
,15/05/2025,22 May,Bella Natalia,PI.2025.05.00108,,Telur88,,"390.000,00 ",,,,,,
,20/05/2025,22 May,Bella Natalia,PI.2025.05.00123,,Telur88,,"270.000,00 ",,,,,,
,15/05/2025,22 May,CV Panen Raya Indonesia,PI.2025.05.00118,,Cake,,"1.246.097,20 ",,,,,,
,15/05/2025,22 May,CV Panen Raya Indonesia,PI.2025.05.00087,,"Tahu bakso, dll",,"4.732.845,00 ",,,,,,
,09/05/2025,22 May,CV Panen Raya Indonesia,PI.2025.05.00113,,"Banana bread, Klepon cake, dll",,"1.699.440,00 ",,,,,,
,08/05/2025,22 May,CV Panen Raya Indonesia,PI.2025.05.00114,,"Bakso goreng, dll",,"5.754.490,00 ",,,,,,
,19/04/2025,22 May,PT Berkah Surya Bersinar,PI.2025.04.00188,,"Dripbag sachet, box outer gift set, dll",,"9.532.500,00 ",,,,,,
,07/05/2025,22 May,PT Berkah Surya Bersinar,PI.2025.05.00120,,"Sweetberry Honeysuckle, Wildflower Nectar",,"3.341.000,00 ",,,,,,
,09/05/2025,22 May,PT Berkah Surya Bersinar,PI.2025.05.00111,,Tropical Blend,,"320.000,00 ",,,,,,
,13/05/2025,22 May,PT Berkah Surya Bersinar,PI.2025.05.00119,,"Aroma of heaven, dll",,"51.312.950,00 ",,,,,,
,14/05/2025,22 May,Liara Food,PI.2025.05.00061,,Shortplate AUS Slice,,"1.350.000,00 ",,,,,,
,19/05/2025,22 May,AJS Aquaman,PI.2025.05.00106,,Amidis,,"74.000,00 ",,,,,,
,08/05/2025,22 May,Suket Teki,PI.2025.05.00109,,"Minyak, dll",,"3.689.000,00 ",,,,,,
,08/05/2025,22 May,Armin Supplier Skippy,PI.2025.05.00110,,Selai Kacang Skippy,,"1.236.000,00 ",,,,,,
,20/05/2025,22 May,Cavalese,PI.2025.05.00122,,Cheesecake,,800.000 ,,,,,,
,,,,,,,,,,,,,,
,,,28 Mei 2025,,,,,,,,,,,
,28/05/2025,28 may,Pindah Buku,BT.2025.05.00018,,Payroll,,250.000.000 ,,,,,,
,28/05/2025,28 may,Pindah Buku,BT.2025.05.00017,,,,50.000.000 ,,,,,,
,28/05/2025,28 may,Nurul Tasya Berlianda,BT.2025.05.00016,,Pettycash Purchasing,,622.160 ,,,,,,
,28/05/2025,28 may,Nurul Tasya Berlianda,BT.2025.05.00015,,Pettycash Lapiazza,,631.100 ,,,,,,
,28/05/2025,28 may,Nurul Tasya Berlianda,BT.2025.05.00014,,Pettycash MKG,,283.500 ,,,,,,
,28/05/2025,28 may,Evani Jesslyn,EXP.2025.05.00089,,Repair booth Mei 2025,,"5.250.000,00 ",,,,,,
,26/05/2025,28 may,Danis Yulianto Hadi,EXP.2025.05.00088,,Tagihan Sciencewerk Mei 2025,,"6.000.000,00 ",,,,,,
,16/05/2025,28 may,JM Harjanto Slamet,EXP.2025.05.00087,,konsultan Pajak PPH21 Januari - April 2025 (SMG25020177),,"999.999,84 ",,,,,,
,21/05/2025,28 may,PT Summarecon Investment Property,EXP.2025.05.00063,,Rent & S. Charge 01 - 30 Apr 2025,,"26.602.849,50 ",,,,,,
,22/05/2025,28 may,PT Summarecon Investment Property,EXP.2025.05.00084,,Biaya penambahan Freon,,"2.525.000,00 ",,,,,,
,20/05/2025,28 may,PT Summarecon Investment Property (MKG),EXP.2025.05.00085,,Biaya penambahan daya (20 A menjadi 32 A),,"2.666.400,00 ",,,,,,
,21/05/2025,28 may,PT Summarecon Investment Property (MKG),EXP.2025.05.00086,,Rent 01 - 30 Apr 2025,,"1.667.838,50 ",,,,,,
,29/04/2025,28 may,PT Greenfields Indonesia,PI.2025.04.00190,,Freshmilk,,"1.366.560,00 ",,,,,,
,02/05/2025,28 may,PT Greenfields Indonesia,"PI.2025.05.00157",,Freshmilk,,"1.594.320,00 ",,,,,,
,25/04/2025,28 may,PT Greenfields Indonesia,PI.2025.04.00189,,Freshmilk,,"1.594.320,00 ",,,,,,
,06/05/2025,28 may,PT Greenfields Indonesia,PI.2025.05.00156,,Freshmilk,,"455.520,00 ",,,,,,
,08/05/2025,28 may,Evani Jesslyn,PI.2025.05.00145,,Tokopedia - KAO Official Store,,"111.473,00 ",,,,,,
,08/05/2025,28 may,Evani Jesslyn,PI.2025.05.00146,,Tokopedia - Dada Fillet,,"1.788.747,00 ",,,,,,
,08/05/2025,28 may,Evani Jesslyn,PI.2025.05.00147,,Tokopedia - X-cross,,"513.105,00 ",,,,,,
,08/05/2025,28 may,Evani Jesslyn,PI.2025.05.00148,,Tokopedia - Pilihlah Aku Toserba,,"163.944,00 ",,,,,,
,08/05/2025,28 may,Evani Jesslyn,PI.2025.05.00149,,Tokopedia - Toko Bumi Agung Group,,"71.515,00 ",,,,,,
,19/05/2025,28 may,Evani Jesslyn,PI.2025.05.00150,,Tokopedia - Dr. Organizer Shop,,"120.646,00 ",,,,,,
,09/05/2025,28 may,Evani Jesslyn,EXP.2025.05.00071,,BPJS Ketenagakerjaan,,"873.908,00 ",,,,,,
,09/05/2025,28 may,Evani Jesslyn,EXP.2025.05.00072,,Biaya Listrik,,"5.003.800,00 ",,,,,,
,19/05/2025,28 may,Evani Jesslyn,EXP.2025.05.00074,,Tokopedia - Toko-Merah_NEW,,"65.895,00 ",,,,,,
,23/05/2025,28 may,Rinda,EXP.2025.05.00082,,Biaya Parkir Maul dan Anang Mei 2025,,"150.000,00 ",,,,,,
,15/05/2025,28 may,Michelle,EXP.2025.05.00077,,Makan siang 3 orang di anomali kitchen saat WOC,,"85.000,00 ",,,,,,
,15/05/2025,28 may,Michelle,EXP.2025.05.00078,,Transport event WOC hari pertama tanggal 15 may 2025,,"51.500,00 ",,,,,,
,16/05/2025,28 may,Michelle,EXP.2025.05.00079,,Transport event WOC hari kedua tanggal 16 may 2025,,"62.000,00 ",,,,,,
,17/05/2025,28 may,Michelle,EXP.2025.05.00080,,Transport event WOC hari ketiga tanggal 17 may 2025,,"36.500,00 ",,,,,,
,20/05/2025,28 may,Michelle,EXP.2025.05.00081,,"Cetak modul SCA CLASS (General knowledge) 5 pcs, 2 sudah terpakai di kelas SCA kemarin, sisa 3 untuk next kelas SCA di jakarta",,"300.000,00 ",,,,,,
,21/05/2025,28 may,PT Berkah Surya Bersinar,PI.2025.05.00151,,"Coklat Strada, dll",,"4.149.000,00 ",,,,,,
,21/05/2025,28 may,PT Berkah Surya Bersinar,PI.2025.05.00162,,"Java Robusta, dll",,"4.738.000,00 ",,,,,,
,22/05/2025,28 may,J-Pack Food Packaging,PI.2025.05.00152,,Paper Hot Cup + Lid,,"90.000,00 ",,,,,,
,26/05/2025,28 may,J-Pack Food Packaging,PI.2025.05.00153,,Paper Lunch Box Kraft,,"206.250,00 ",,,,,,
,14/05/2025,28 may,PT Bumi Sentosa Makmur,PI.2025.05.00154,,Giffard Syrup,,"5.436.000,00 ",,,,,,
,14/05/2025,28 may,Sanpota Batara Indonesia,PI.2025.05.00158,,"Cup ice frosted, dll",,"6.201.800,00 ",,,,,,
,23/05/2025,28 may,Tumin,PI.2025.05.00159,,Sayuran,,"1.154.000,00 ",,,,,,
,27/05/2025,28 may,Tumin,PI.2025.05.00160,,Sayuran,,"1.750.000,00 ",,,,,,
,27/05/2025,28 may,Bella Natalia,PI.2025.05.00161,,Telur88,,"388.000,00 ",,,,,,
,27/05/2025,28 may,Cavalese,PI.2025.05.00163,,Cheesecake,,"800.000,00 ",,,,,,
,16/05/2025,28 may,Suket Teki,PI.2025.05.00164,,"Minyak, dll",,"5.269.000,00 ",,,,,,
,10/05/2025,28 may,Karunia Pack,PI.2025.05.00166,,"Timus frozen, dll",,"986.999,00 ",,,,,,
,28/05/2025,28 may,Titan,PI.2025.05.00167,,"Whipcream, keju, baking paper",,"779.270,00 ",,,,,,
,30/05/2025,28 may,Hindrawan,EXP.2025.05.00093,,DP 50 % Pembayaran untuk bulan Juni Pak Hindrawan (Sosial Media),,"2.437.500,00 ",,,,,,
,,,5 Juni 2025,,,,,,,,,,,
,05/06/2025,5 Jun,Pindah Buku,BT.2025.06.00004,,Pindah Buku,,200.000.000 ,,,,,,
,05/06/2025,5 Jun,Nurul Tasya Berlianda,BT.2025.06.00003,,Pettycash Purchasing,,1.256.830 ,,,,,,
,05/06/2025,5 Jun,Nurul Tasya Berlianda,BT.2025.06.00002,,Pettycash Lapiazza,,255.320 ,,,,,,
,05/06/2025,5 Jun,Nurul Tasya Berlianda,BT.2025.06.00001,,Pettycash MKG,,394.800 ,,,,,,
,05/06/2025,5 Jun,Pajak Pemkot PB1,PI.2025.06.00021,,PB1 Mei 2025 (La Piazza dan MKG),,"64.707.498,00 ",,,,,,
,05/06/2025,5 Jun,Pajak,EXP.2025.06.00016,,PPH21 Mei 2025,,"2.102.665,00 ",,,,,,
,01/06/2025,5 Jun,PT Summarecon Investment Property,EXP.2025.06.00004,,SC LPZ - Inc GF - 10 # 1 Jun 2025 - 30 Jun 2025,,"25.250.000,00 ",,,,,,
,01/06/2025,5 Jun,PT Summarecon Investment Property,EXP.2025.06.00005,,Listrik Periode 21.04.2025 - 20.05.2025,,"12.256.390,10 ",,,,,,
,01/06/2025,5 Jun,PT Summarecon Investment Property,EXP.2025.06.00006,,Biaya Pemeliharaan Listrik Periode 21.04.2025 - 20.05.2025,,"6.193.169,00 ",,,,,,
,01/06/2025,5 Jun,PT Summarecon Investment Property,EXP.2025.06.00007,,Air Periode 21.04.2025 - 20.05.2025,,"2.707.020,00 ",,,,,,
,01/06/2025,5 Jun,PT Summarecon Investment Property,EXP.2025.06.00008,,Gas Periode 21.04.2025 - 20.05.2025,,"12.266.552,00 ",,,,,,
,01/06/2025,5 Jun,PT Summarecon Investment Property (MKG),EXP.2025.06.00013,,Service Charges - Pendapatan 1F - K / 203 # 1 Jun 2025 - 30 Jun 2025 (MKG),,"2.636.100,00 ",,,,,,
,01/06/2025,5 Jun,PT Summarecon Investment Property (MKG),EXP.2025.06.00014,,Listrik Periode 21.04.2025 s/d 20.05.2025 (MKG),,"382.747,20 ",,,,,,
,01/06/2025,5 Jun,PT Summarecon Investment Property (MKG),EXP.2025.06.00015,,Biaya Pemeliharaan Listrik Periode 21.04.2025 s/d 20.05.2025 (MKG),,"226.806,00 ",,,,,,
,04/06/2025,5 Jun,Accurate,EXP.2025.06.00011,,Accurate Mei 2025,,"344.100,00 ",,,,,,
,25/05/2025,5 Jun,CV. Pratama Multi Consulting,EXP.2025.05.00097,,Jasa Konsultan Pajak Mei 2025,,1.500.000,,,,,,
,28/05/2025,5 Jun,Michelle,EXP.2025.06.00003,,Neon box strada coffee,,"228.800,00 ",,,,,,
,04/06/2025,5 Jun,Galuh,PI.2025.06.00018,,Toko Snack - Kembang goyang,,"1.000.000,00 ",,,,,,
,22/05/2025,5 Jun,CV Panen Raya Indonesia,PI.2025.05.00172,,"Klepon cake, dll",,"1.176.090,48 ",,,,,,
,22/05/2025,5 Jun,CV Panen Raya Indonesia,PI.2025.05.00173,,"Seasoning Liquid, dll",,"2.573.560,00 ",,,,,,
,22/05/2025,5 Jun,PT Berkah Surya Bersinar,PI.2025.06.00019,,"Tropical Blend, dll",,"12.599.100,00 ",,,,,,
,23/05/2025,5 Jun,PT Berkah Surya Bersinar,PI.2025.05.00168,,"Aroma of Heaven, dll",,"37.175.200,00 ",,,,,,
,28/05/2025,5 Jun,PT Mustika Citra Rasa,,,Roti Tawar Holland Mei 2025,,"1.809.000,00 ",,,,,,
,04/06/2025,5 Jun,PT Karunia Sukses Gemilang,PI.2025.06.00020,,"Olive oil, Lychee syrup",,"975.153,00 ",,,,,,
,30/05/2025,5 Jun,PT Kreasi Cipta Megatama,PI.2025.05.00170,,"Sabun cuci piring, dll",,"1.994.000,00 ",,,,,,
,03/05/2025,5 Jun,PT Greenfields Indonesia,PI.2025.05.00171,,Freshmilk,,"1.138.800,00 ",,,,,,
,02/06/2025,5 Jun,PT Prambanan Kencana,PI.2025.06.00011,,"Mozarella, Unsalted baking butter",,"2.318.028,02 ",,,,,,
,03/06/2025,5 Jun,Pak Tumin,PI.2025.06.00008,,Sayuran,,"1.645.000,00 ",,,,,,
,30/05/2025,5 Jun,Pak Tumin,PI.2025.05.00189,,Sayuran,,"1.861.000,00 ",,,,,,
,30/05/2025,5 Jun,Bella Natalia,PI.2025.05.00193,,Telur88,,"267.000,00 ",,,,,,
,02/06/2025,5 Jun,Bella Natalia,PI.2025.06.00016,,Telur88,,"270.000,00 ",,,,,,
,02/06/2025,5 Jun,J-Pack Food Packaging,PI.2025.06.00009,,"Paper Lunch Box, Paper hot cup",,"682.500,00 ",,,,,,
,06/05/2025,5 Jun,Lancar Sukses Printing,PI.2025.05.00190,,"Stiker bulat strada+, dll",,"560.000,00 ",,,,,,
,30/05/2025,5 Jun,Lancar Sukses Printing,EXP.2025.05.00098,,Catak Brosur,,"1.508.000,00 ",,,,,,
,27/05/2025,5 Jun,Orange 15,PI.2025.06.00010,,"Kemeja White M, L, XL",,"1.170.000,00 ",,,,,,
,04/06/2025,5 Jun,AJS Aquaman,PI.2025.06.00017,,Amidis,,"74.000,00 ",,,,,,
,02/06/2025,5 Jun,Cavalese,PI.2025.06.00022,,Cheesecake,,"800.000,00 ",,,,,,
,,,12 Juni 2025,,,,,,,,,,,
,12/06/2025,12 Jun,Pindah Buku,BT.2025.06.00009,,Pindah Buku,,100.000.000,,,,,,
,12/06/2025,12 Jun,Nurul Tasya Berlianda,BT.2025.06.00008,,Pettycash Purchasing,,1.014.814,,,,,,
,12/06/2025,12 Jun,Nurul Tasya Berlianda,BT.2025.06.00007,,Pettycash Lapiazza,,82.300,,,,,,
,12/06/2025,12 Jun,Nurul Tasya Berlianda,BT.2025.06.00006,,Pettycash MKG,,316.200,,,,,,
,12/06/2025,12 Jun,Cheilla Yuniar,BT.2025.06.00005,,Perjalanan dinas ke jakarta 15 juni 2025,,1.500.000,,,,,,
,12/06/2025,12 Jun,Glints,EXP.2025.06.00031,,Glints Juni 2025,,166.500,,,,,,
,12/06/2025,12 Jun,Pajak,EXP.2025.06.00029,,pph23 konsultan Pajak PPH21 Januari - April 2025 (SMG25020177),,20.408,,,,,,
,,12 Jun,Pajak,,,SC LPZ - Inc GF - 10 #1 May 2025 - 31 May 2025,,2.500.000,,,,,,
,,12 Jun,Pajak,,,Listrik Periode 21.03.2025 - 20.04.2025,,1.197.175,,,,,,
,,12 Jun,Pajak,,,Biaya Pemeliharaan Listrik 21.03.2025 - 20.04.2025,,599.438,,,,,,
,,12 Jun,Pajak,,,Air Periode 21.03.2025 - 20.04.2025,,373.020,,,,,,
,,12 Jun,Pajak,,,Gas Periode 21.03.2025 - 20.04.2025,,1.583.120,,,,,,
,,12 Jun,Pajak,,,Service Charges - Pendapatan 1F - K 203 # 1 May 2025 - 31 May 2025 (MKG),,261.000,,,,,,
,,12 Jun,Pajak,,,Listrik Periode 21.03.2025 - 20.04.2025 (MKG),,43.610,,,,,,
,,12 Jun,Pajak,,,Biaya Pemeliharaan Listrik Periode 21.03.2025 - 20.04.2025 (MKG),,23.520,,,,,,
,,12 Jun,Pajak,,,Air Periode 21.03.2025 - 20.04.2025 MKG,,6.660,,,,,,
,,12 Jun,Pajak,,,Rent & S. Charge 01 - 30 Apr 2025,,2.633.946,,,,,,
,,12 Jun,Pajak,,,Biaya penambahan Freon,,250.000,,,,,,
,,12 Jun,Pajak,,,Biaya penambahan daya (20 A menjadi 32 A) MKG,,264.000,,,,,,
,,12 Jun,Pajak,,,Rent 01 - 30 Apr 2025 MKG,,165.133,,,,,,
,19/05/2025,12 Jun,Evani Jesslyn,PI.2025.05.00191,,Tokopedia - Bawang Goreng Rady,,838.098,,,,,,
,19/05/2025,12 Jun,Evani Jesslyn,PI.2025.05.00196,,Tokopedia - Mudaplas,,604.760,,,,,,
,13/03/2025,12 Jun,Evani Jesslyn,EXP.2025.03.00024,,Tokopedia - Toffin Indonesia Official Store,,228.402,,,,,,
,20/03/2025,12 Jun,Evani Jesslyn,EXP.2025.03.00051,,Tokopedia - FOMAC SUKU CADANG,,47.509,,,,,,
,26/05/2025,12 Jun,Evani Jesslyn,EXP.2025.05.00067,,Tokopedia - officeXpres,,34.160,,,,,,
,26/05/2025,12 Jun,Evani Jesslyn,EXP.2025.05.00068,,Tokopedia - ROBOT Audio Indonesia,,102.354,,,,,,
,26/05/2025,12 Jun,Evani Jesslyn,EXP.2025.05.00069,,Tokopedia - BINTANG ABADI 89,,24.350,,,,,,
,26/05/2025,12 Jun,Evani Jesslyn,EXP.2025.05.00070,,Tokopedia  - TokoCartridge,,187.620,,,,,,
,19/05/2025,12 Jun,Evani Jesslyn,PI.2025.05.00202,,Tokopedia - MinnieStore,,945.160,,,,,,
,19/05/2025,12 Jun,Evani Jesslyn,PI.2025.06.00050,,Tokopedia - Huluwa,,42.056,,,,,,
,19/05/2025,12 Jun,Evani Jesslyn,PI.2025.05.00203,,Tokopedia - Dada Fillet,,1.717.336,,,,,,
,19/05/2025,12 Jun,Evani Jesslyn,PI.2025.05.00204,,Tokopedia -  Papamama Babyshop,,795.094,,,,,,
,19/05/2025,12 Jun,Evani Jesslyn,PI.2025.05.00205,,Tokopedia - dbumbu,,332.203,,,,,,
,11/06/2025,12 Jun,Maythias Trie Anggara (3450240876),EXP.2025.06.00030,,jasa posting loker di Instagram @loker_BaristaIndonesia,,100.000,,,,,,
,10/06/2025,12 Jun,Angga,EXP.2025.06.00025,,Pengiriman Beans Edinburgh ke Master Bagasi Indonesia via Paxel,,61.105,,,,,,
,10/06/2025,12 Jun,Angga,EXP.2025.06.00026,,Gosen beans ke Pak Sobirin (TANTA RESTO&LOUNGE),,56.000,,,,,,
,02/06/2025,12 Jun,Iwan Junianto,EXP.2025.06.00017,,IPL Riviera Plaza Juni 2025,,500.002,,,,,,
,30/05/2025,12 Jun,CV Panen Raya Indonesia,PI.2025.05.00194,,"Tahu bakso, dll",,4.677.205,,,,,,
,30/05/2025,12 Jun,CV Panen Raya Indonesia,PI.2025.05.00195,,"Banana cake, dll",,2.249.440,,,,,,
,04/06/2025,12 Jun,CV Panen Raya Indonesia,PI.2025.06.00040,,"Tahu bakso, dll",,3.295.460,,,,,,
,26/05/2025,12 Jun,PT Berkah Surya Bersinar,PI.2025.05.00169,,Strada Coklat Powder,,13.253.000,,,,,,
,27/05/2025,12 Jun,PT Berkah Surya Bersinar,PI.2025.06.00001,,"Flores, Bali, dll",,2.007.000,,,,,,
,27/05/2025,12 Jun,PT Berkah Surya Bersinar,PI.2025.05.00180,,Pembayara Ongkir,,68.500,,,,,,
,30/05/2025,12 Jun,PT Berkah Surya Bersinar,PI.2025.06.00002,,Packaging biru,,866.250,,,,,,
,09/05/2025,12 Jun,PT Greenfields Indonesia,PI.2025.05.00197,,Freshmilk,,1.594.320,,,,,,
,13/05/2025,12 Jun,PT Greenfields Indonesia,PI.2025.05.00200,,Freshmilk,,1.594.320,,,,,,
,13/05/2025,12 Jun,PT Greenfields Indonesia,PI.2025.05.00201,,Yogurt Plain,,219.114,,,,,,
,03/06/2025,12 Jun,PT Sukanda Djaya,PI.2025.06.00023,,Ice Cream,,330.000,,,,,,
,04/06/2025,12 Jun,PT Sukanda Djaya,PI.2025.06.00024,,Oatmilk,,2.237.760,,,,,,
,04/06/2025,12 Jun,"PT,Mulia Raya Agri Jaya",PI.2025.06.00025,,French Fries,,810.000,,,,,,
,07/06/2025,12 Jun,PT Mulia Raya Agri Jaya,PI.2025.06.00038,,Cooking Cream,,1.047.510,,,,,,
,09/06/2025,12 Jun,PT Kartika Distrindo,PI.2025.06.00039,,Omela,,5.752.565,,,,,,
,03/06/2025,12 Jun,Suket Teki Groceries,PI.2025.06.00046,,"Minyak goreng, dll",,6.210.000,,,,,,
,02/06/2025,12 Jun,Karunia Frozen Fruit,PI.2025.06.00007,,"Nangka, Mangga, dll",,905.000,,,,,,
,08/06/2025,12 Jun,Toko Mumtaz,PI.2025.06.00047,,"Casava, Timus",,1.718.000,,,,,,
,10/06/2025,12 Jun,Titan Baking,PI.2025.06.00048,,Whipping Cream,,268.660,,,,,,
,27/05/2025,12 Jun,Orange 15,PI.2025.05.00198,,"Kaos White, Dark grey",,5.300.000,,,,,,
,09/06/2025,12 Jun,Cavalese,PI.2025.06.00042,,Cheesecake,,800.000,,,,,,
,05/06/2025,12 Jun,Pak Tumin,PI.2025.06.00043,,Sayuran,,2.188.000,,,,,,
,10/06/2025,12 Jun,Pak Tumin,PI.2025.06.00044,,Sayuran,,1.108.000,,,,,,
,07/06/2025,12 Jun,Pak Tumin,PI.2025.06.00051,,Pisang Kepok,,161.000,,,,,,
,04/06/2025,12 Jun,Bella Natalia,PI.2025.06.00045,,Telur88,,280.000,,,,,,
,10/06/2025,12 Jun,Bella Natalia,PI.2025.06.00049,,Telur88,,400.000,,,,,,
,09/06/2025,12 Jun,CV. Maju Berkat Bersinar,PI.2025.06.00052,,Madin Blender untuk BAR,,8.500.000,,,,,,
,,,,,,,,,,,,,,
,,,19 Juni 2025,,,,,,,,,,,
,19/06/2025,19 Jun,Pindah Buku,BT.2025.06.00013,,,,50.000.000,,,,,,
,19/06/2025,19 Jun,Nurul Tasya Berlianda,BT.2025.06.00012,,Pettycash Purchasing,,571.500,,,,,,
,19/06/2025,19 Jun,Nurul Tasya Berlianda,BT.2025.06.00011,,Pettycash Lapiazza,,271.000,,,,,,
,19/06/2025,19 Jun,Nurul Tasya Berlianda,BT.2025.06.00010,,Pettycash MKG,,321.500,,,,,,
,02/05/2025,19 Jun,PT Etos Suryanusa,EXP.2025.06.00034,,Jasa pengendalian hama serangga dan tikus bulan April 2025,,834.685,,,,,,
,04/06/2025,19 Jun,Pajak Reklame,EXP.2025.03.00004,,Pajak Reklame periode 5 November 2024 - 5 November 2025,,27.455.000,,,,,,
,19/05/2025,19 Jun,Evani Jesslyn,PI.2025.05.00207,,Tokopedia - Toko Aneka Sederhana,,497.150,,,,,,
,26/05/2025,19 Jun,Evani Jesslyn,PI.2025.05.00208,,Tokopedia - greenGo Plastik & Packing,,494.550,,,,,,
,26/05/2025,19 Jun,Evani Jesslyn,PI.2025.05.00209,,Tokopedia - Arteristo Official,,1.203.500,,,,,,
,26/05/2025,19 Jun,Evani Jesslyn,PI.2025.05.00210,,Tokopedia - Raja Daging Jakpus,,1.074.075,,,,,,
,29/05/2025,19 Jun,Evani Jesslyn,EXP.2025.05.00099,,Pembayaran PAM Jaya invoice April 2025,,59.884,,,,,,
,20/02/2025,19 Jun,Evani Jesslyn,EXP.2025.02.00063,,Tokopedia - Toko Bumi Agung Group,,83.000,,,,,,
,25/04/2025,19 Jun,PT. Restomart Cipta Usaha,EXP.2025.04.00075,,Perbaikan Chiller Kitchen La Piazza,,7.134.714,,,,,,
,10/06/2025,19 Jun,PT Berkah Surya Bersinar,PI.2025.06.00053,,"Alchemy, dll",,11.084.000,,,,,,
,26/05/2025,19 Jun,PT Bumi Sentosa Makmur,PI.2025.05.00206,,Giffard Syrup,,906.000,,,,,,
,16/05/2025,19 Jun,PT Greenfields Indonesia,PI.2025.05.00211,,Freshmilk,,1.366.560,,,,,,
,20/05/2025,19 Jun,PT Greenfields Indonesia,PI.2025.05.00212,,Freshmilk,,1.594.320,,,,,,
,12/06/2025,19 Jun,CV Panen Raya Indonesia,PI.2025.06.00062,,"Tahu Bakso, dll",,5.413.190,,,,,,
,13/06/2025,19 Jun,CV Panen Raya Indonesia,PI.2025.06.00061,,"Banana Cheese Cake, dll",,1.815.455,,,,,,
,15/06/2025,19 Jun,CV Asaku,PI.2025.06.00073,,"Tissue Pop Up, dll",,3.051.490,,,,,,
,30/05/2025,19 Jun,CV Anugerah Jaya,PI.2025.05.00213,,Apron Strada,,900.000,,,,,,
,13/06/2025,19 Jun,Angga,EXP.2025.06.00036,,PRINT MODUL ACADEMY,,103.800,,,,,,
,13/06/2025,19 Jun,Pak Tumin,PI.2025.06.00074,,Sayuran,,1.427.000,,,,,,
,17/06/2025,19 Jun,Pak Tumin,PI.2025.06.00078,,Sayuran,,1.620.000,,,,,,
,16/06/2025,19 Jun,Bella Natalia,PI.2025.06.00076,,Telur88,,280.000,,,,,,
,12/06/2025,19 Jun,Bella Natalia,PI.2025.06.00077,,Telur88,,280.000,,,,,,
,16/06/2025,19 Jun,Cavalese,PI.2025.06.00075,,Cheesecake,,400.000,,,,,,
,19/06/2025,19 Jun,AJS Aquaman,PI.2025.06.00079,,Amidis,,74.000,,,,,,
,,,,,,,,,,,,,,
,,,26/06/2025,,,,,,,,,,,
,26/06/2025,26 Jun,Pindah Buku,BT.2025.06.00017,,,,150.000.000,,,,,,
,26/06/2025,26 Jun,Nurul Tasya Berlianda,BT.2025.06.00016,,Pettycash Purchasing,,580.200,,,,,,
,26/06/2025,26 Jun,Nurul Tasya Berlianda,BT.2025.06.00015,,Pettycash Lapiazza,,421.300,,,,,,
,26/06/2025,26 Jun,Nurul Tasya Berlianda,BT.2025.06.00014,,Pettycash MKG,,315.500,,,,,,
,12/06/2025,26 Jun,Evani Jesslyn,PI.2025.06.00126,,Mahlkonig Guatemala Grinder,,"30.416.670,00 ",,,,,,
,26/06/2025,26 Jun,Evani Jesslyn,EXP.2025.06.00052,,Repair booth Juni 2025,,"5.400.000,00 ",,,,,,
,03/06/2025,26 Jun,Evani Jesslyn,PI.2025.06.00103,,Tokopedia - Bobaolshop99,,"1.396.340,00 ",,,,,,
,03/06/2025,26 Jun,Evani Jesslyn,PI.2025.06.00104,,Tokopedia - Aneka Budi Jaya,,"494.057,00 ",,,,,,
,03/06/2025,26 Jun,Evani Jesslyn,PI.2025.06.00105,,Tokopedia - Vention Authorized Store,,"62.256,00 ",,,,,,
,09/06/2025,26 Jun,Evani Jesslyn,PI.2025.06.00106,,Tokopedia - Pilihlah Aku Toserba,,"331.004,00 ",,,,,,
,09/06/2025,26 Jun,Evani Jesslyn,PI.2025.06.00107,,Tokopedia - dunia susu bayi,,"133.818,00 ",,,,,,
,09/06/2025,26 Jun,Evani Jesslyn,PI.2025.06.00108,,Tokopedia - Hanny Food,,"584.234,00 ",,,,,,
,09/06/2025,26 Jun,Evani Jesslyn,PI.2025.06.00109,,Tokopedia - Minyak Kayamas,,"245.236,00 ",,,,,,
,09/06/2025,26 Jun,Evani Jesslyn,PI.2025.06.00110,,Tokopedia - raja daging jakpus,,"1.175.180,00 ",,,,,,
,03/06/2025,26 Jun,Evani Jesslyn,PI.2025.06.00111,,Tokopedia - Arnes Shop Jakarta,,"178.452,00 ",,,,,,
,03/06/2025,26 Jun,Evani Jesslyn,PI.2025.06.00112,,Tokopedia - Kenmaster_New,,"181.964,00 ",,,,,,
,05/06/2025,26 Jun,Evani Jesslyn,EXP.2025.06.00050,,Pembayaran Internet Juni 2025,,"656.790,00 ",,,,,,
,21/06/2025,26 Jun,PT Summarecon Investment Property,EXP.2025.06.00047,,Rent & Add. S. Charge 01 - 31 Mei 2025,,"37.252.941,00 ",,,,,,
,21/06/2025,26 Jun,PT Summarecon Investment Property,EXP.2025.06.00048,,Rent 01 - 31 Mei 2025 (Academic),,"1.322.090,00 ",,,,,,
,21/06/2025,26 Jun,PT Summarecon Investment Property MKG,EXP.2025.06.00057,,Rent 01-31 Mei 2025 MKG,,"1.199.769,00 ",,,,,,
,19/06/2025,26 Jun,PT Lestari Mahadibya SMS,JV.2025.06.00593,,4 Months Rental Deposit,,"6.210.000,00 ",,,,,,
,02/06/2025,26 Jun,Shella Dellina,EXP.2025.06.00049,,Meta Ads,,"599.012,00 ",,,,,,
,19/06/2025,26 Jun,Angga,EXP.2025.06.00042,,print modul acd,,"180.200,00 ",,,,,,
,19/06/2025,26 Jun,Angga,EXP.2025.06.00043,,print sertifikat kelas acd,,"23.885,00 ",,,,,,
,24/06/2025,26 Jun,Danis Yulianto Hadi,EXP.2025.06.00053,,Tagihan Sciencewerk Juni 2025,,"6.000.000,00 ",,,,,,
,22/05/2025,26 Jun,Lancar Sukses,EXP.2025.05.00100,,sticker cup bulat event TGA,,"500.000,00 ",,,,,,
,18/06/2025,26 Jun,Lancar Sukses,EXP.2025.06.00054,,sticker DIY drip bag event TGA,,"520.000,00 ",,,,,,
,18/06/2025,26 Jun,Lancar Sukses,EXP.2025.06.00055,,percetakan kebutuhan event Neo Nusantara Malaysia,,"116.000,00 ",,,,,,
,12/06/2025,26 Jun,Restomart,EXP.2025.06.00056,,Service Chiller Kitchen,,"730.770,00 ",,,,,,
,23/06/2025,26 Jun,Pudak Oriental Indonesia,PI.2025.06.00127,,Vandola Coffee Pot,,"440.000,00 ",,,,,,
,14/06/2025,26 Jun,PT Sukanda Djaya,PI.2025.06.00060,,Ice Cream,,"499.500,00 ",,,,,,
,16/06/2025,26 Jun,PT Artemis Adhi Tirta,PI.2025.06.00119,,Spiva,,"5.994.000,00 ",,,,,,
,25/06/2025,26 Jun,PT Karunia Sukses Gemilang,PI.2025.06.00122,,Lychee Syrup,,"1.107.225,00 ",,,,,,
,23/05/2025,26 Jun,PT Greenfields Indonesia,PI.2025.05.00215,,Freshmilk,,"1.366.560,00 ",,,,,,
,30/05/2025,26 Jun,PT Greenfields Indonesia,PI.2025.05.00214,,Freshmilk,,"2.049.840,00 ",,,,,,
,21/06/2025,26 Jun,PT Berkah Surya Bersinar,PI.2025.06.00113,,"Black forest, Drip bag Gayo",,"24.173.750,00 ",,,,,,
,23/06/2025,26 Jun,PT Berkah Surya Bersinar,PI.2025.06.00120,,"Drip bag, dll",,"4.393.750,00 ",,,,,,
,04/06/2025,26 Jun,CV Panen Raya Indonesia,PI.2025.06.00116,,"Banana Cake, dll",,"1.302.973,20 ",,,,,,
,23/06/2025,26 Jun,CV Panen Raya Indonesia,PI.2025.06.00117,,"Banana Cake, dll",,"3.519.900,00 ",,,,,,
,23/06/2025,26 Jun,CV Panen Raya Indonesia,PI.2025.06.00118,,"Mix Batagor, dll",,"2.003.659,76 ",,,,,,
,17/06/2025,26 Jun,Karunia Frozen Fruit,PI.2025.06.00121,,"Mangga, Strawberry",,"810.000,00 ",,,,,,
,23/06/2025,26 Jun,Cavalese,PI.2025.06.00098,,Cheesecake,,"800.000,00 ",,,,,,
,20/06/2025,26 Jun,Pak Tumin,PI.2025.06.00100,,Sayuran,,"1.441.000,00 ",,,,,,
,24/06/2025,26 Jun,Pak Tumin,PI.2025.06.00099,,Sayuran,,"1.510.000,00 ",,,,,,
,19/06/2025,26 Jun,Bella Natalia,PI.2025.06.00102,,Telur88,,"196.000,00 ",,,,,,
,23/06/2025,26 Jun,Bella Natalia,PI.2025.06.00101,,Telur88,,"280.000,00 ",,,,,,
,17/06/2025,26 Jun,Natasha (Beras),PI.2025.06.00072,,Beras,,"1.500.000,00 ",,,,,,
,17/06/2025,26 Jun,Suketteki,PI.2025.06.00123,,"Minyak, gula, dll",,"4.171.000,00 ",,,,,,
,,,,,,,,,,,,,,
,,,27/06/2025,,,,,,,,,,,
,27/06/2025,27 Jun,Pindah Buku,BT.2025.06.00018,,Payroll,,190.000.000,,,,,,
,,,,,,,,,,,,,,
,,,3 Juli 2025,,,,,,,,,,,
,03/07/2025,3 Jul,Pindah Buku,BT.2025.07.00004,,,,100.000.000,,,,,,
,03/07/2025,3 Jul,Nurul Tasya Berlianda,BT.2025.07.00003,,Pettycash Purchasing,,"571.790,00",,,,,,
,03/07/2025,3 Jul,Nurul Tasya Berlianda,BT.2025.07.00002,,Pettycash Lapiazza,,"151.600,00",,,,,,
,03/07/2025,3 Jul,Nurul Tasya Berlianda,BT.2025.07.00001,,Pettycash MKG,,"354.000,00",,,,,,
,03/07/2025,3 Jul,Yunita Maya Sari,JV.2025.07.00026,,Refund lebih pembayaran karena salah input item penjualan,,"99.330,00",,,,,,
,03/07/2025,3 Jul,Matthew Amadeus Mendrota(Danamon 903681078998),JV.2025.07.00025,,Refund lebih pembayaran beans La Piazza 18 Juni 2025,,"52.500,00",,,,,,
,01/07/2025,3 Jul,PT Summarecon Investment Property,EXP.2025.07.00005,,SC LPZ - Inc GF - #1 Jul 2025 - 31 Jul 2025,,"25.250.000,00",,,,,,
,01/07/2025,3 Jul,PT Summarecon Investment Property,EXP.2025.07.00006,,Gas Periode 21.05.2025 - 20.06.2025,,"13.168.684,00",,,,,,
,01/07/2025,3 Jul,PT Summarecon Investment Property,EXP.2025.07.00007,,Air Periode 21.05.2025 - 20.06.2025,,"2.544.480,00",,,,,,
,01/07/2025,,PT Summarecon Investment Property,EXP.2025.07.00008,,Listrik Periode 21.05.2025 - 20.06.2025,,"12.800.135,00",,,,,,
,01/07/2025,3 Jul,PT Summarecon Investment Property,EXP.2025.07.00009,,Biaya Pemeliharaan Listrik periode 21.05.2025 - 20.06.2025,,"6.194.412,00",,,,,,
,09/06/2025,3 Jul,Evani Jesslyn,PI.2025.06.00132,,Tokopedia - ABC Heinz Indonesia Official Store,,"241.874,00",,,,,,
,09/06/2025,3 Jul,Evani Jesslyn,PI.2025.06.00133,,Tokopedia - CAHAYA_SHOP 88,,"429.601,00",,,,,,
,09/06/2025,3 Jul,Evani Jesslyn,PI.2025.06.00134,,Tokopedia - Dada Fillet,,"2.241.850,00",,,,,,
,17/06/2025,3 Jul,Evani Jesslyn,PI.2025.06.00135,,Tokopedia - Rajanyatali,,"189.648,00",,,,,,
,17/06/2025,3 Jul,Evani Jesslyn,PI.2025.06.00136,,Tokopedia - KAO Official Store,,"188.952,00",,,,,,
,24/06/2025,3 Jul,Evani Jesslyn,PI.2025.06.00152,,Tokopedia - RC mandiri jaya86,,"16.653,00",,,,,,
,24/06/2025,3 Jul,Evani Jesslyn,PI.2025.06.00153,,Tokopedia - Mudaplas,,"828.982,00",,,,,,
,24/06/2025,3 Jul,Evani Jesslyn,PI.2025.06.00154,,Tokopedia - Toko Diyant,,"206.692,00",,,,,,
,18/06/2025,3 Jul,Evani Jesslyn,PI.2025.06.00155,,Tokopedia - OfficeXpres,,"1.298.350,00",,,,,,
,16/06/2025,3 Jul,Evani Jesslyn,PI.2025.06.00156,,Tokopedia - Arnes Shop Jakarta,,"112.900,00",,,,,,
,24/06/2025,3 Jul,Evani Jesslyn,PI.2025.06.00157,,Tokopedia - Sahabat Kesehatan,,"916.436,00",,,,,,
,30/06/2025,3 Jul,Angga,EXP.2025.06.00062,,Print modul acd,,"79.500,00",,,,,,
,02/07/2025,3 Jul,Vanissa ( BCA 4070283633),EXP.2025.07.00003,,influencer : IG reel mirroring tiktok & collab brand,,"1.900.000,00",,,,,,
,02/07/2025,3 Jul,Talenta,EXP.2025.07.00004,,Term II - 4 Bulan Talenta for Kopi Terbaik Nusantara,,"2.775.000,00",,,,,,
,25/06/2025,3 Jul,J-Pack Food Packaging,PI.2025.06.00128,,"Paper Hot Cup, Box Take Away",,"592.500,00",,,,,,
,27/05/2025,3 Jul,PT Greenfields Indonesia,PI.2025.05.00216,,Freshmilk,,"1.822.080,00",,,,,,
,03/06/2025,3 Jul,PT Greenfields Indonesia,PI.2025.06.00129,,Freshmilk,,"911.040,00",,,,,,
,05/06/2025,3 Jul,PT Greenfields Indonesia,PI.2025.06.00161,,Freshmilk,,"2.277.600,00",,,,,,
,10/06/2025,3 Jul,PT Greenfields Indonesia,PI.2025.06.00162,,Yogurt Plain,,"219.114,00",,,,,,
,10/06/2025,3 Jul,PT Greenfields Indonesia,PI.2025.06.00163,,Freshmilk,,"911.040,00",,,,,,
,17/06/2025,3 Jul,PT Greenfields Indonesia,PI.2025.06.00164,,Freshmilk,,"1.366.560,00",,,,,,
,26/06/2025,3 Jul,Pak Tumin,PI.2025.06.00158,,Sayuran,,"1.626.000,00",,,,,,
,01/07/2025,3 Jul,Pak Tumin,PI.2025.07.00003,,Sayuran,,"937.000,00",,,,,,
,29/06/2025,3 Jul,Bella Natalia,PI.2025.06.00159,,Telur88,,"280.000,00",,,,,,
,30/06/2025,3 Jul,Bella Natalia,PI.2025.07.00004,,Telur88,,"280.000,00",,,,,,
,02/07/2025,3 Jul,Titan Baking,PI.2025.07.00006,,"Whipped Cream, dll",,"1.047.772,00",,,,,,
,02/07/2025,3 Jul,PT Prambanan Kencana,PI.2025.07.00005,,Mozarella,,"1.218.028,03",,,,,,
,26/06/2025,3 Jul,PT Mustika Citra Rasa,,,Roti Tawar Holland Juni 2025,,"1.956.150,00",,,,,,
,01/07/2025,3 Jul,AJS Aquaman,PI.2025.07.00007,,Galon Hibrida,,"74.000,00",,,,,,
,03/06/2025,3 Jul,CV Permata Sejahtera,PI.2025.07.00008,,French Fries,,"1.708.756,87",,,,,,
,,,8 Juli 2025,,,,,,,,,,,
,10/07/2025,10 Jul,Pindah Buku,BT.2025.07.00008,,Pindah Buku,,200.000.000,,,,,,
,10/07/2025,10 Jul,Nurul Tasya Berlianda,BT.2025.07.00007,,Pettycash Purchasing,,"1.004.000,00",,,,,,
,10/07/2025,10 Jul,Nurul Tasya Berlianda,BT.2025.07.00006,,Pettycash Lapiazza,,"511.000,00",,,,,,
,10/07/2025,10 Jul,Nurul Tasya Berlianda,BT.2025.07.00005,,Pettycash MKG,,"354.000,00",,,,,,
,10/07/2025,10 Jul,CV. Kopi Terbaik Nusantara ,BT.2025.07.00009,,Setoran awal pembukaan rekening,,"1.000.000,00",,,,,,
,08/07/2025,10 Jul,PT. East Indo Fair Trading,PI.2025.07.00040,,Granola Chocolate Vanilla,,603.840,,,,,,
,09/07/2025,10 Jul,RICH PACK MACHINERY,PI.2025.07.00045,,Kaleng untuk Produksi Kombuca,,1.458.500,,,,,,
,04/07/2025,10 Jul,Accurate,EXP.2025.07.00013,,Accurate Juni 2025,,344.100,,,,,,
,01/07/2025,10 Jul,PT Summarecon Investment Property (MKG),EXP.2025.07.00014,,Service Charges - Pendapatan 1F - K / 203 # 1 Jul 2025 - 31 Jul 2025 (MKG),,2.636.100,,,,,,
,01/07/2025,10 Jul,PT Summarecon Investment Property (MKG),EXP.2025.07.00015,,Listrik Periode : 21/05/2025 s/d 20/06/2025 (MKG),,437.425,,,,,,
,01/07/2025,10 Jul,PT Summarecon Investment Property (MKG),EXP.2025.07.00016,,Biaya Pemeliharaan Listrik Periode : 21/05/2025 s/d 20/06/2025 (MKG),,236.986,,,,,,
,01/07/2025,10 Jul,PT Summarecon Investment Property,EXP.2025.07.00008,,Listrik Periode 21.05.2025 - 20.06.2025,,"12.800.135,00",,,,,,
,10/07/2025,10 Jul,Pajak PPH 21  Karyawan,EXP.2025.07.00026,,PPH 21 Kayrawan Juni 2025,,"316.366,00 ",,,,,,
,10/07/2025,10 Jul,Pajak Pemkot,PI.2025.07.00041,,Pajak Pemkot PB1 Juni 2025,,57.432.435,,,,,,
,08/07/2025,10 Jul,Niko Questera,EXP.2025.07.00027,,Dinner visit new stores,,347.600,,,,,,
,09/07/2025,10 Jul,Niko Questera,JV.2025.07.00222,,Beli motor Pak Joni,,11.500.000,,,,,,
,30/07/2025,10 Jul,Qunios,PI.2025.06.00173,,Sistem Quinos untuk SMS,,15.000.000 ,,,,,,
,03/07/2025,10 Jul,Espe,PI.2025.07.00042,,DP 50% Mesin Tap Brew SMS,,47.500.000,,,,,,
,01/07/2025,10 Jul,Iwan Junianto,EXP.2025.07.00021,,IPL Riviera Plaza Juli 2025,,500.002,,,,,,
,01/07/2025,10 Jul,Michelle,EXP.2025.07.00018,,Cetak voucher StradaxCKT sebanyak 200 pcs,,93.500,,,,,,
,29/06/2025,10 Jul,Rinda,EXP.2025.06.00063,,Biaya parkir anang dan maul,,150.000,,,,,,
,26/06/2025,10 Jul,CV. Pratama Multi Consulting,EXP.2025.06.00065,,Jasa Konsultan Pajak Juni  2025,,1.500.000,,,,,,
,13/06/2025,10 Jul,PT. Greenfields Indonesia,PI.2025.06.00165,,Freshmilk,,1.822.080,,,,,,
,20/06/2025,10 Jul,PT. Greenfields Indonesia,PI.2025.06.00172,,Freshmilk,,2.049.840,,,,,,
,04/07/2025,10 Jul,PT. Sukanda Djaya,PI.2025.07.00009,,Ice Cream Vanilla,,346.320,,,,,,
,05/07/2025,10 Jul,PT. Cahaya Inti Putra Sejahtera,PI.2025.07.00014,,Ladaku White Pepper Pouch,,525.000,,,,,,
,28/06/2025,10 Jul,PT. Mulia Raya Agri Jaya,PI.2025.06.00166,,Unsalted Butter,,1.905.410,,,,,,
,03/07/2025,10 Jul,PT. Mulia Raya Agri Jaya,PI.2025.07.00010,,Cooking Cream,,1.047.510,,,,,,
,08/07/2025,10 Jul,PT. Kreasi Cipta Megatama,PI.2025.07.00032,,"Karbol Kopi, dll",,1.919.000,,,,,,
,20/06/2025,10 Jul,PT Berkah Surya Bersinar,PI.2025.07.00012,,"Brown sugar strada, Coklat Strada, dll",,7.422.200,,,,,,
,21/06/2025,10 Jul,PT Berkah Surya Bersinar,PI.2025.06.00167,,Strada Matcha Powder,,4.000.000,,,,,,
,30/06/2025,10 Jul,PT Berkah Surya Bersinar,PI.2025.06.00168,,"Elixir, dll",,8.098.050,,,,,,
,30/06/2025,10 Jul,CV Panen Raya Indonesia,PI.2025.06.00169,,"Banana Cheese cake, dll",,2.141.275,,,,,,
,30/06/2025,10 Jul,CV Panen Raya Indonesia,PI.2025.06.00170,,"Tahu bakso, dll",,2.779.110,,,,,,
,03/07/2025,10 Jul,CV Panen Raya Indonesia,PI.2025.07.00011,,"Sirloin Tender, Shortplate",,3.459.000,,,,,,
,25/06/2025,10 Jul,Sanpota Batara Indonesia,PI.2025.06.00171,,"Thinwall, dll",,6.603.735,,,,,,
,04/07/2025,10 Jul,Pak Tumin,PI.2025.07.00035,,Sayuran,,1.477.000,,,,,,
,08/07/2025,10 Jul,Pak Tumin,PI.2025.07.00043,,Sayuran,,1.721.000,,,,,,
,03/07/2025,10 Jul,Bella Natalia,PI.2025.07.00036,,Telur88,,280.000,,,,,,
,07/06/2025,10 Jul,Bella Natalia,PI.2025.07.00039,,Telur88,,290.000,,,,,,
,04/07/2025,10 Jul,Cavalese,PI.2025.07.00037,,Cheesecake,,800.000,,,,,,
,02/07/2025,10 Jul,Suket Teki,PI.2025.07.00038,,"Minyak, dll",,6.449.000,,,,,,
,08/07/2025,10 Jul,Bangpong Sarana Abadi Sejahtera,PI.2025.07.00044,,DP 50% Signage untuk Sumarecon Mall Serpong,,3.600.000,,,,,,
,09/07/2025,10 Jul,Mumtaz,PI.2025.07.00046,,Casava,,1.180.000,,,,,,
,,,17 Juli 2025,,,,,,,,,,,
,17/07/2025,17 Jul,Pindah Buku,BT.2025.07.00010,,Pindah Buku,,100.000.000,,,,,,
,17/07/2025,17 Jul,Nurul Tasya Berlianda,BT.2025.07.00012,,Pettycash Purchasing,,"658.900,00",-75.000 di next otor apabila terbukti pasar bisa kluarin nota,,,,,
,17/07/2025,17 Jul,Nurul Tasya Berlianda,BT.2025.07.00011,,Pettycash MKG,,"378.000,00",,,,,,
,17/07/2025,17 Jul,Cheilla,BT.2025.07.00013,,Perjalanan dinas Juli,,1.193.500,,,,,,
,10/07/2025,17 Jul,Evani Jesslyn,PI.2025.07.00060,,Tokopedia -  Northsider Coffee Shop,,198.815,,,,,,
,24/06/2025,17 Jul,Evani Jesslyn,PI.2025.06.00177,,Tokopedia -  Tobo Shop,,300.050,,,,,,
,24/06/2025,17 Jul,Evani Jesslyn,PI.2025.06.00178,,Tokopedia - Arnes Shop Jakarta,,157.450,,,,,,
,01/07/2025,17 Jul,Evani Jesslyn,PI.2025.07.00069,,Tokopedia - Lita Frozen Food,,531.000,,,,,,
,01/07/2025,17 Jul,Evani Jesslyn,PI.2025.07.00070,,Tokopedia - chazone-stm,,285.000,,,,,,
,05/07/2025,17 Jul,Evani Jesslyn,EXP.2025.07.00036,,Tokopedia - Pembayaran Indihome,,656.790,,,,,,
,07/07/2025,17 Jul,Evani Jesslyn,PI.2025.07.00071,,Tokopedia - Eyleen Store,,169.110,,,,,,
,01/07/2025,17 Jul,Evani Jesslyn,PI.2025.07.00072,,Tokopedia - SampoernaGrp,,784.880,,,,,,
,24/06/2025,17 Jul,Evani Jesslyn,PI.2025.06.00179,,Tokopedia - Northsider Coffee Shop,,16.755,,,,,,
,24/06/2025,17 Jul,Evani Jesslyn,EXP.2025.06.00066,,Tokopedia - Pembayaran PDAM mei 2025,,53.059,,,,,,
,01/07/2025,17 Jul,Evani Jesslyn,PI.2025.07.00073,,Tokopedia - Whatsweneed Store,,56.913,,,,,,
,01/07/2025,17 Jul,Evani Jesslyn,PI.2025.07.00074,,Tokopedia - greengo plastik dan packaging,,321.187,,,,,,
,07/07/2025,17 Jul,Evani Jesslyn,PI.2025.07.00075,,Tokopedia - Hanny Food,,639.650,,,,,,
,07/07/2025,17 Jul,Evani Jesslyn,PI.2025.07.00076,,Tokopedia - Granology,,58.900,,,,,,
,14/07/2025,17 Jul,PT. Multindo Cipta Bekasi (4130445671),PI.2025.07.00089,,Coffee Experience Gelas 2 macam,,1.273.725,,,,,,
,16/07/2025,17 Jul,PT. Shadana Ekapraya Amitra (2193013007),PI.2025.07.00090,,3 Chiller SMS,,7.000.000,,,,,,
,11/07/2025,17 Jul,Amri Grup (Ruli Iskandar 8705238835),EXP.2025.07.00038,,Pelunasan  Pengerjaan MEP,,15.950.747,,,,,,
,12/07/2025,17 Jul,CV. Kemang Jaya,EXP.2025.07.00039,,cetak menu board SMS & MKG,,397.380,,,,,,
,10/07/2025,17 Jul,Sumarlan (8705033192),PI.2025.07.00092,,APAR 3 kg SMS,,1.500.000,,,,,,
,15/07/2025,17 Jul,Evani Jesslyn,PI.2025.07.00091,,penambahan pembelian laptop,,900.000,,,,,,
,06/07/2025,17 Jul,Rinda,EXP.2025.07.00034,,Beli cetakan ice untuk kebutuhan coffee experience,,54.100,,,,,,
,04/07/2025,17 Jul,Michelle,EXP.2025.07.00032,,Buat PO pin enamel untuk kelas SCA strada academy (12 pcs),,188.400,,,,,,
,14/07/2025,17 Jul,Niko Questera,EXP.2025.07.00035,,Pengganti lampu logo strada dan lampu lt 2 & Biaya Jasa Pemasangan Logo Lampu Strada Signage La Piazza,,1.157.595,,,,,,
,24/06/2025,17 Jul,PT. Greenfields Indonesia,PI.2025.06.00174,,Freshmilk,,1.138.800,,,,,,
,26/06/2025,17 Jul,PT. Greenfields Indonesia,PI.2025.06.00175,,Freshmilk,,2.505.360,,,,,,
,01/07/2025,17 Jul,PT. Greenfields Indonesia,PI.2025.07.00083,,Freshmilk,,683.280,,,,,,
,01/07/2025,17 Jul,PT. Greenfields Indonesia,PI.2025.07.00084,,Yogurt Plain,,219.114,,,,,,
,08/07/2025,17 Jul,PT Berkah Surya Bersinar,PI.2025.07.00047,,Pear & Honey,,3.640.000,,,,,,
,09/07/2025,17 Jul,PT Berkah Surya Bersinar,PI.2025.07.00049,,"Aroma of Heaven, dll",,27.120.600,,,,,,
,10/07/2025,17 Jul,CV Panen Raya Indonesia,PI.2025.07.00048,,"Banana Bread, dll",,1.398.165,,,,,,
,14/07/2025,17 Jul,CV Panen Raya Indonesia,PI.2025.07.00077,,Banana Bread 12pcs,,75.324,,,,,,
,14/07/2025,17 Jul,Karunia Pack,PI.2025.07.00078,,Buah Mangga Frozen,,870.000,,,,,,
,11/07/2025,17 Jul,Cavalese,PI.2025.07.00085,,Cheesevake,,400.000,,,,,,
,11/07/2025,17 Jul,Pak Tumin,PI.2025.07.00068,,Sayuran,,1.220.000,,,,,,
,15/07/2025,17 Jul,Pak Tumin,PI.2025.07.00087,,Sayuran,,1.231.000,,,,,,
,10/07/2025,17 Jul,Bella Natalia,PI.2025.07.00067,,Telur88,,285.000,,,,,,
,14/07/2025,17 Jul,Bella Natalia,PI.2025.07.00086,,Telur88,,150.000,,,,,,
,17/07/2025,17 Jul,Titan,PI.2025.07.00093,,Choco chip,,420.628,,,,,,
,17/07/2025,17 Jul,Fellicia Andrean,JV.2025.07.00424,,Refund pembayaran academy an. Fellicia Andrean,,11.502.500,,,,,,
,,,24 Juli 2025,,,,,,,,,,,
,24/07/2025,24 Jul,Pindah Buku,BT.2025.07.00017,,,,100.000.000,,,,,,
,24/07/2025,24 Jul,Nurul Tasya Berlianda,BT.2025.07.00016,,Pettycash Purchasing,,"721.665,00",-26.182 di next otor karena ada nota yang sudah lebih dari 1 minggu dan baru di claim sekarang,,,,,
,24/07/2025,24 Jul,Nurul Tasya Berlianda,BT.2025.07.00015,,Pettycash Lapiazza,,"301.500,00",,,,,,
,24/07/2025,24 Jul,Nurul Tasya Berlianda,BT.2025.07.00014,,Pettycash MKG,,"377.000,00",,,,,,
,18/07/2025,24 Jul,Summarecon Mall Sepong,JV.2025.07.00476,,Deposit Fit Out SMS,,3.000.000,,,,,,
,18/07/2025,24 Jul,Summarecon Mall Sepong,EXP.2025.07.00047,,Service During Tenan Fit Out SMS,,104.535,,,,,,
,21/07/2025,24 Jul,Summarecon Mall Sepong,EXP.2025.07.00063,,Biaya Penambahan Daya Listrik SMS,,8.278.687,,,,,,
,21/07/2025,24 Jul,PT . Summarecon Investment Property,EXP.2025.07.00061,,Rent & Add S. Charge 01 - 30 Jun 2025,,29.376.638,,1,,,,
,21/07/2025,24 Jul,PT . Summarecon Investment Property,EXP.2025.07.00059,,Rent 01 - 30 Jun 2025 (Academic),,424.200,,2,,,,
,21/07/2025,24 Jul,PT . Summarecon Investment Property MKG,EXP.2025.07.00064,,Rent 01-30 Juni 2025,,574.419,,,,,,
,07/07/2025,24 Jul,Evani Jesslyn,PI.2025.07.00119,,Tokopedia - raja daging jakpus,,2.487.251,,,,,,
,09/07/2025,24 Jul,Evani Jesslyn,PI.2025.07.00120,,Tokopedia - ANSEL Acrylic Shop,,119.555,,,,,,
,11/07/2025,24 Jul,Evani Jesslyn,EXP.2025.07.00056,,Tokopedia - BPJS Ketenagakerjaan Juli,,961.268,,,,,,
,09/07/2025,24 Jul,Evani Jesslyn,PI.2025.07.00121,,Tokopedia - Juragan Kado Shop,,35.299,,,,,,
,09/07/2025,24 Jul,Evani Jesslyn,PI.2025.07.00122,,Tokopedia - AZKO ID,,1.262.970,,,,,,
,09/07/2025,24 Jul,Evani Jesslyn,PI.2025.07.00123,,Tokopedia - Kenmaster_NEW,,79.355,,,,,,
,09/07/2025,24 Jul,Evani Jesslyn,PI.2025.07.00124,,Tokopedia - Akrilik Teknika Official,,38.400,,,,,,
,09/07/2025,24 Jul,Evani Jesslyn,PI.2025.07.00125,,Tokopedia - shera.sheril textile,,114.800,,,,,,
,09/07/2025,24 Jul,Evani Jesslyn,PI.2025.07.00127,,Tokopedia - Alfie Detailing,,66.000,,,,,,
,09/07/2025,24 Jul,Evani Jesslyn,PI.2025.07.00128,,Tokopedia - Chubby Baby Jakarta,,33.600,,,,,,
,09/07/2025,24 Jul,Evani Jesslyn,PI.2025.07.00129,,Tokopedia - TokoBijiKopiByWells,,48.000,,,,,,
,09/07/2025,24 Jul,Evani Jesslyn,PI.2025.07.00130,,Tokopedia - M3L Shop_NEW,,135.000,,,,,,
,23/07/2025,24 Jul,PT Karunia Sukses Gemilang,PI.2025.07.00137,,Lychee syrup,,1.107.211,,17,,,,
,17/07/2025,24 Jul,PT. Kartika Distrindo,PI.2025.07.00094,,Omela UHT,,5.752.565,,7,,,,
,04/07/2025,24 Jul,PT. Greenfields Indonesia,PI.2025.07.00098,,Freshmilk,,1.594.320,,8,,,,
,18/07/2025,24 Jul,Cavalese,PI.2025.07.00126,,Cheesecake,,800.000,,9,,,,
,18/07/2025,24 Jul,Pak Tumin,PI.2025.07.00109,,Sayuran,,1.253.000,,11,,,,
,19/07/2025,24 Jul,Pak Tumin,PI.2025.07.00110,,Pisang Kepok,,125.000,,12,,,,
,22/07/2025,24 Jul,Pak Tumin,PI.2025.07.00134,,Sayuran,,1.410.000,,13,,,,
,17/07/2025,24 Jul,Bella Natalia,PI.2025.07.00112,,Telur88,,285.000,,14,,,,
,21/07/2025,24 Jul,Bella Natalia,PI.2025.07.00133,,Telur88,,205.000,,15,,,,
,21/07/2025,24 Jul,Natasha (Beras),PI.2025.07.00114,,Beras,,1.125.000,,16,,,,
,23/07/2025,24 Jul,Bangpong Sarana Abadi Sejahtera,PI.2025.07.00138,,Pelunasan 50% Signage untuk Sumarecon Mall Serpong,,3.600.000,,E,,,,
,17/07/2025,24 Jul,Restomart ,PI.2025.07.00139,,COFFEE MACHINE 2 GROUPS - M23 UP DT/2 - BLACK,,50.150.000,,F,,,,
,,,28 Juli 2025,,,,,,,,,,,
,28/07/2025,,Pindah Buku,BT.2025.07.00018,,payroll Juli 2025,,200.000.000,,,,,,
,,,31 Juli 2025,,,,,,,,,,,
,31/07/2025,31 Jul,Pindah Buku,BT.2025.07.00023,,Pindah Buku,,100.000.000 ,,,,,,
,31/07/2025,31 Jul,Galuh,BT.2025.07.00019,,Pettycash Purchasing,,599.450 ,,,,,,
,31/07/2025,31 Jul,Galuh,BT.2025.07.00020,,Pettycash MKG,,562.000 ,,,,,,
,31/07/2025,31 Jul,Galuh,BT.2025.07.00021,,Pettycash La Piazza,,343.020 ,,,,,,
,31/07/2025,31 Jul,Galuh,BT.2025.07.00022,,Pettycash SMS,,265.000 ,,,,,,
,23/07/2025,31 Jul,Angga,PI.2025.07.00145,,Beli Oatmilk 3 kotak untuk kelas SCA Barista Intermediate dikarenakan tidak bisa pinjam bar dulu,,98.700 ,,,,,,
,28/07/2025,31 Jul,Shella Dellina,EXP.2025.07.00070,,Paid promote IG story akun @gadingserpongupdate untuk promosi opening outlet SMS. tanggal posting 29 Juli 2025,,400.000 ,,,,,,
,14/07/2025,31 Jul,Shella Dellina,EXP.2025.07.00071,,pembelian simcard telkomsel outlet SMS,,20.000 ,,,,,,
,18/07/2025,31 Jul,Shella Dellina,EXP.2025.07.00072,,Cetak A5 promo grand opening SMS & buku menu coffee experience,,14.350 ,,,,,,
,19/07/2025,31 Jul,Shella Dellina,EXP.2025.07.00073,,pengiriman packaging strada ke tinta (hampers tcd),,33.000,,,,,,
,17/07/2025,31 Jul,Shella Dellina,EXP.2025.07.00074,,pengiriman paket mahadipa ke tcd,,14.000,,,,,,
,19/07/2025,31 Jul,Shella Dellina,EXP.2025.07.00075,,grabcar dari tcd ke strada sehabis meeting hampers mahadipa,,21.500,,,,,,
,23/07/2025,31 Jul,Shella Dellina,EXP.2025.07.00076,,cetak lanyard strada untuk tim kasir,,96.000,,,,,,
,25/06/2025,31 Jul,Shella Dellina,EXP.2025.07.00077,,meta ads 25 june,,893.833,,,,,,
,02/07/2025,31 Jul,Shella Dellina,EXP.2025.07.00078,,meta ads 2 july 2025,,117.114,,,,,,
,29/07/2025,31 Jul,Shella Dellina,EXP.2025.07.00083,,endorsement influencer martin tan untuk event coffee experience,,5.000.000,,,,,,
,09/07/2025,31 Jul,Evani Jesslyn,PI.2025.07.00165,,Tokopedia - HomemasterShop,,60.100,,,,,,
,09/07/2025,31 Jul,Evani Jesslyn,PI.2025.07.00166,,Tokopedia - Agen Family Perabot,,236.500,,,,,,
,09/07/2025,31 Jul,Evani Jesslyn,PI.2025.07.00167,,Tokopedia - Mikay House,,31.500,,,,,,
,09/07/2025,31 Jul,Evani Jesslyn,PI.2025.07.00168,,Tokopedia - Hugo Houseware,,39.800,,,,,,
,09/07/2025,31 Jul,Evani Jesslyn,PI.2025.07.00169,,Tokopedia - One Two Cups Official Store,,79.800,,,,,,
,09/07/2025,31 Jul,Evani Jesslyn,PI.2025.07.00170,,Tokopedia - GrosirHomeware,,116.000,,,,,,
,09/07/2025,31 Jul,Evani Jesslyn,PI.2025.07.00172,,Tokopedia - hore.id ,,69.400,,,,,,
,09/07/2025,31 Jul,Evani Jesslyn,PI.2025.07.00173,,Tokopedia - Toso Mart,,110.800,,,,,,
,10/07/2025,31 Jul,Evani Jesslyn,PI.2025.07.00174,,Tokopedia - Toso Mart,,105.300,,,,,,
,10/07/2025,31 Jul,Evani Jesslyn,PI.2025.07.00175,,Tokopedia - Coffee Tools Grosir,,24.050,,,,,,
,10/07/2025,31 Jul,Evani Jesslyn,PI.2025.07.00176,,Tokopedia - ALIENWARE GAMING STORE,,1.291.050,,,,,,
,10/07/2025,31 Jul,Evani Jesslyn,PI.2025.07.00177,,Tokopedia - FJ Collection Packaging,,47.500,,,,,,
,08/07/2025,31 Jul,PT. Greenfields Indonesia,PI.2025.07.00141,,Freshmilk,,1.138.800,,,,,,
,11/07/2025,31 Jul,PT. Greenfields Indonesia,PI.2025.07.00184,,Freshmilk,,1.138.800,,,,,,
,22/07/2025,31 Jul,PT Prambanan Kencana,PI.2025.07.00181,,Unsalted Baking Butter,,1.100.000,,,,,,
,29/07/2025,31 Jul,PT Prambanan Kencana,PI.2025.07.00182,,Keju Mozzarella,,1.218.028,,,,,,
,24/07/2025,31 Jul,PT Berkah Surya Bersinar,PI.2025.07.00143,,"Aroma of Heaven, dll",,26.661.250,,,,,,
,17/07/2025,31 Jul,PT Berkah Surya Bersinar,PI.2025.07.00171,,Set Mahadipa TCD,,31.387.500,,,,,,
,15/07/2025,31 Jul,PT Berkah Surya Bersinar,PI.2025.07.00096,,"Gayo, Flores, Set Packaging",,3.240.000,,C,,,,
,15/07/2025,31 Jul,PT Berkah Surya Bersinar,PI.2025.07.00097,,Cherry Blossom,,1.042.000,,D,,,,
,10/07/2025,31 Jul,PT Berkah Surya Bersinar,PI.2025.07.00140,,Kettle Barista Space SMS,,2.064.000,,G,,,,
,21/07/2025,31 Jul,CV Panen Raya Indonesia,PI.2025.07.00185,,"Tahu Bakso, dll",,2.943.530,,,,,,
,09/07/2025,31 Jul,CV Panen Raya Indonesia,PI.2025.07.00095,,"Tahu bakso, dll",,4.845.440,,A,,,,
,21/07/2025,31 Jul,CV Panen Raya Indonesia,PI.2025.07.00136,,"Mocca Meses, dll",,2.184.416,,B,,,,
,18/07/2025,31 Jul,Suket Teki Super Store,PI.2025.07.00142,,"Gula Pasir, dll",,5.840.000,,,,,,
,25/07/2025,31 Jul,Pak Tumin,PI.2025.07.00162,,Sayuran,,1.342.000,,,,,,
,29/07/2025,31 Jul,Pak Tumin,PI.2025.07.00163,,Sayuran,,1.391.000,,,,,,
,30/07/2025,31 Jul,Pak Tumin,PI.2025.07.00183,,Santan Kara,,85.000,,,,,,
,24/07/2025,31 Jul,Bella Natalia,PI.2025.07.00160,,Telur88,,285.000,,,,,,
,28/07/2025,31 Jul,Bella Natalia,PI.2025.07.00161,,Telur88,,280.000,,,,,,
,25/07/2025,31 Jul,Cavalese,PI.2025.07.00159,,Cheesecake,,800.000,,,,,,
,17/06/2025,31 Jul,True Chef & Baker,EXP.2025.06.00068,,Pengambilan sample bread tanggal 17/06/2025,,515.000,,,,,,
,20/06/2025,31 Jul,True Chef & Baker,EXP.2025.06.00067,,Pengambilan sample bread tanggal 20/06/2025,,529.000,,,,,,
,15/07/2025,31 Jul,LYFE and CO,EXP.2025.07.00084,,LYFE and CO Content Solution,,5.500.000,,,,,,
,24/07/2025,31 Jul,Danis Yulianto Hadi,EXP.2025.07.00085,,Tagihan Sciencewerk Juli 2025,,6.000.000 ,,,,,,
,,,,,,,,,,,,,,
,,,7 Agustus 2025,,,,,,,,,,,
,06/08/2025,7 aug,Pindah Buku,BT.2025.08.00001,,Pindah Buku,,200.000.000,,,,,,
,06/08/2025,7 aug,Galuh,BT.2025.08.00002,,Pettycash Purchasing,,737.000,BCA,,,,,
,06/08/2025,7 aug,Galuh,BT.2025.08.00003,,Pettycash MKG,,810.000,BCA,,,,,
,06/08/2025,7 aug,Galuh,BT.2025.08.00004,,Pettycash La Piazza,,210.000,BCA,,,,,
,06/08/2025,7 aug,Galuh,BT.2025.08.00005,,Pettycash SMS,,228.000,BCA,,,,,
,07/08/2025,7 aug,Petty Cash Card Purchasing,BT.2025.08.00006,,Petty Cash Card Purchasing,,1.000.000,,,,,,
,07/08/2025,7 aug,Petty Cash Card MKG,BT.2025.08.00007,,Petty Cash Card MKG,,500.000,,,,,,
,07/08/2025,7 aug,Petty Cash Card La Piazza,BT.2025.08.00008,,Petty Cash Card La Piazza,,500.000,,,,,,
,07/08/2025,7 aug,Petty Cash Card SMS,BT.2025.08.00009,,Petty Cash Card SMS,,500.000,,,,,,
,07/08/2025,7 aug,Petty Cash Card Marketing,BT.2025.08.00010,,Petty Cash Card Marketing,,1.000.000,,,,,,
,07/08/2025,7 aug,Petty Cash Card BSD,BT.2025.08.00011,,Petty Cash Card BSD,,500.000,,,,,,
,25/07/2025,7 aug,PT Bumi Megah Graha Utama,JV.2025.07.00973,,Deposit Sewa Upper West (Sinarmas Land),,49.497.000,bca,,,,,
,01/08/2025,7 aug,PT Lestari Mahadibya SMS,EXP.2025.08.00018,,SC Island Counter - Revenue 1F - IC22 # 28 Jul - 31 Jul 2025,,202.327,VA,,,,,
,01/08/2025,7 aug,PT Lestari Mahadibya SMS,EXP.2025.08.00019,,SC Island Counter - Revenue 1F - IC22 # 01 Aug - 31 Aug 2025,,1.568.025,VA,,,,,
,01/08/2025,7 aug,PT . Summarecon Investment Property,EXP.2025.08.00001,,SC LPZ - Inc GF - 10 # 1 Aug 2025 - 31 Aug 2025,,25.250.000,VA,,,,,
,01/08/2025,7 aug,PT . Summarecon Investment Property,EXP.2025.08.00002,,Listrik Periode 21.06.2025 s.d 20.07.2025,,10.783.636,VA,,,,,
,01/08/2025,7 aug,PT . Summarecon Investment Property,EXP.2025.08.00003,,Biaya Pemeliharaan Listrik Periode 21.06.2025 s.d 20.07.2025,,5.819.136,VA,,,,,
,01/08/2025,7 aug,PT . Summarecon Investment Property,EXP.2025.08.00004,,Air Periode 21.06.2025 s.d 20.07.2025,,3.078.540,VA,,,,,
,01/08/2025,7 aug,PT . Summarecon Investment Property,EXP.2025.08.00005,,Gas Periode 20.06.2025 s.d 20.07.2025,,13.728.628,VA,,,,,
,31/07/2025,7 aug,PT . Summarecon Investment Property (MKG),EXP.2025.08.00021,,Service Charges - Pendapatan 1F - K / 203 # 1 Aug 2025 - 31 Aug 2025 (MKG),,2.636.100,VA,,,,,
,01/08/2025,7 aug,PT . Summarecon Investment Property (MKG),EXP.2025.08.00022,,Listrik Periode 21.06.2025 s.d 20.07.2025 (MKG),,606.016,VA,,,,,
,01/08/2025,7 aug,PT . Summarecon Investment Property (MKG),EXP.2025.08.00023,,Biaya Pemeliharaan Listrik Periode 21.06.2025 s.d 20.07.2025 (MKG),,268.377,VA,,,,,
,01/08/2025,7 aug,PT . Summarecon Investment Property (MKG),EXP.2025.08.00024,,Air Periode 21.06.2025 s.d 20.07.2025 (MKG),,36.720,VA,,,,,
,01/08/2025,7 aug,PT . Summarecon Investment Property (MKG),EXP.2025.07.00091,,Air Periode 21.04.2025 s.d 20.05.2025 dan Periode 21.05.2025 - 20.06.2025 (MMKG),,73.440,VA,,,,,
,06/08/2025,7 aug,Pajak PPH 21  Karyawan,EXP.2025.08.00020,,PPH 21 Karyawan Juli 2025,,2.186.064,pajak,,,,,
,06/08/2025,7 aug,Pajak Pemkot,PI.2025.08.00025,,Pajak Pemkot Juli 2025,,52.254.504,pajak,,,,,
,24/07/2025,7 aug,PT Mustika Citra Rasa,,,Roti Tawar Holland Juli 2025,,1.490.400,bca,,,,,
,30/07/2025,7 aug,PT Sukanda Djaya,PI.2025.07.00178,,Sosis Riverland,,576.756,bca,,,,,
,22/07/2025,7 aug,PT Greenfields Indonesia,PI.2025.07.00206,,Freshmilk,,1.366.560,bca,,,,,
,18/07/2025,7 aug,PT Greenfields Indonesia,PI.2025.07.00207,,Freshmilk,,1.366.560,bca,,,,,
,30/07/2025,7 aug,PT Sanpota Batara,PI.2025.07.00208,,"Cup Ice, dll",,7.657.640,BCA,,,,,
,01/08/2025,7 aug,Iwan Junianto,EXP.2025.08.00010,,Iuran Pengelolaan Lingkungan Agustus 2025 Riviera Plaza Hibrida,,500.002,BCA,,,,,
,02/08/2025,7 aug,Lydia Winarta,EXP.2025.08.00007,,DP Influencer Lydia Oey,,2.150.000,BCA,,,,,
,16/07/2025,7 aug,Angga,EXP.2025.07.00053,,CETAK MODUL KELAS LOKAL,,247.300,BCA,,,,,
,17/07/2025,7 aug,Angga,EXP.2025.07.00054,,CETAK SERTIFIKAT KELAS LOKAL,,64.444,BCA,,,,,
,31/07/2025,7 aug,Alfira,PI.2025.07.00204,,membeli galon 2 ,,57.000,BCA,,,,,
,01/08/2025,7 aug,Alfira,PI.2025.08.00019,,membeli es batu 2 pack,,60.000,BCA,,,,,
,01/08/2025,7 aug,Alfira,EXP.2025.08.00015,,lalamove (mengirim showcase),,171.784,BCA,,,,,
,02/08/2025,7 aug,Alfira,PI.2025.08.00020,,membeli es batu 1 pack,,20.000,BCA,,,,,
,02/08/2025,7 aug,Alfira,EXP.2025.08.00016,,transportasi orderan marketing gallery sms,,43.500,BCA,,,,,
,03/08/2025,7 aug,Alfira,EXP.2025.08.00017,,transportasi mengantar orderan marketing gallery sms,,44.500,BCA,,,,,
,03/08/2025,7 aug,Alfira,PI.2025.08.00021,,membeli es batu 4pack,,80.000,BCA,,,,,
,04/08/2025,7 aug,Alfira,PI.2025.08.00023,,membeli es batu 3 pack,,60.000,BCA,,,,,
,04/08/2025,7 aug,Alfira,PI.2025.08.00024,,membeli galon 3 ,,83.000,BCA,,,,,
,04/08/2025,7 aug,Accurate,EXP.2025.08.00006,,Accurate Juli 2025,,344.100,VA,,,,,
,21/07/2025,7 aug,Orange 15,PI.2025.07.00205,,Kemeja,,5.305.000,BCA,,,,,
,31/07/2025,7 aug,AJS Aquaman,PI.2025.08.00018,,Air Galon Amidis,,92.500,BCA,,,,,
,31/07/2025,7 aug,AJS Aquaman,PI.2025.07.00113,,Air Galon Amidis,,74.000,BCA,,,,,
,05/08/2025,7 aug,J-Pack Food Packaging,PI.2025.08.00022,,Box Take Away Kitchen,,412.500,BCA,,,,,
,01/08/2025,7 aug,Bella Natalia,PI.2025.08.00011,,Telur88,,415.000,BCA,,,,,
,05/08/2025,7 aug,Bella Natalia,PI.2025.08.00012,,Telur88,,145.000,BCA,,,,,
,01/08/2025,7 aug,Pak Tumin,PI.2025.08.00013,,Sayuran,,1.546.000,BCA,,,,,
,05/08/2025,7 aug,Pak Tumin,PI.2025.08.00017,,Sayuran,,1.014.000,BCA,,,,,
,07/08/2025,7 aug,Titan Baking Kelapa Gading,PO.2025.08.00038,,Whipping CreamRichs Gold,,1.679.024,BCA,,,,,
,17/07/2025,7 aug,CV Kemang Jaya,EXP.2025.07.00090,,Cetak Buku Menu Raster 250 gsm_1 sisi,,1.021.977,BCA,,,,,
,,,,,,,,,,,,,,
,,,11 Agustus 2025,,,,,,,,,,,
,11/08/2025,11 Aug,Pindah Buku,BT.2025.08.00012,,Pindah Buku,,50.000.000 ,,,,,,
,11/08/2025,11 Aug,Gracia Maria Widjajanti H,JV.2025.08.00223,,Renovasi SMS,,22.002.500 ,,,,,,
,11/08/2025,11 Aug,Turimun,PO.2025.08.00051,,Pembelian 1 unit HP untuk HR,,2.000.000 ,,,,,,
,,,,,,,,,,,,,,
,,,14 Agustus 2025,,,,,,,,,,,
,14/08/2025,14 aug,Pindah Buku,BT.2025.08.00017,,Pindah Buku,,50.000.000,BCA,,,,,
,14/08/2025,14 aug,Galuh,BT.2025.08.00013,,Pettycash Purchasing,,978.500,BCA,,,,,
,14/08/2025,14 aug,Galuh,BT.2025.08.00014,,Pettycash MKG,,452.000,BCA,,,,,
,14/08/2025,14 aug,Galuh,BT.2025.08.00015,,Pettycash La Piazza,,95.500,BCA,,,,,
,07/08/2025,14 aug,Shella Dellina,EXP.2025.08.00033,,Cetak a5 dan buku menu coffee experience,,57.500,BCA,,,,,
,05/08/2025,14 aug,Shella Dellina,EXP.2025.08.00034,,Cetak Voucher Strada X Paradigm,,27.500,BCA,,,,,
,06/08/2025,14 aug,Shella Dellina,EXP.2025.08.00035,,pengiriman hasil print coffee experience & kuponpengiriman hasil print coffee experience & kupon,,12.500,BCA,,,,,
,11/08/2025,14 aug,Shella Dellina,EXP.2025.08.00036,,cetak coffee card berry blossom & caramel apple pie,,66.000,BCA,,,,,
,24/07/2025,14 aug,PT Tru Chefnesian Bakerindo,PI.2025.07.00210,,"Sourdough Cranberry, dll",,193.200,BCA,,,,,
,24/07/2025,14 aug,PT Tru Chefnesian Bakerindo,PI.2025.07.00211,,"Sourdough Cranberry, dll",,193.200,BCA,,,,,
,01/08/2025,14 aug,PT Tru Chefnesian Bakerindo,PI.2025.08.00047,,"Sourdough Cranberry, dll",,256.200,BCA,,,,,
,04/08/2025,14 aug,PT Tru Chefnesian Bakerindo,PI.2025.08.00050,,"Sourdough Cranberry, dll",,134.400,BCA,,,,,
,07/08/2025,14 aug,PT Tru Chefnesian Bakerindo,PI.2025.08.00051,,"Sourdough Cranberry, dll",,161.000,BCA,,,,,
,15/07/2025,14 aug,PT Greenfields Indonesia,PI.2025.07.00212,,Freshmilk,,1.366.560,BCA,,,,,
,29/07/2025,14 aug,PT Berkah Surya Bersinar,PI.2025.07.00209,,"Strada Coklat Powder, dll",,12.705.300,BCA,,,,,
,30/07/2025,14 aug,PT Berkah Surya Bersinar,PI.2025.07.00213,,Blue Moon Tea Bag,,3.450.000,BCA,,,,,
,31/07/2025,14 aug,PT Berkah Surya Bersinar,PI.2025.07.00214,,Black Forest,,15.958.500,BCA,,,,,
,29/07/2025,14 aug,PT Berkah Surya Bersinar,PI.2025.07.00215,,"Strada Coklat Powder, dll",,8.650.600,BCA,,,,,
,30/07/2025,14 aug,PT Berkah Surya Bersinar,PI.2025.07.00216,,Berry Blossom,,10.525.500,BCA,,,,,
,02/08/2025,14 aug,PT Berkah Surya Bersinar,PI.2025.08.00059,,"Toraja Sapan, dll",,4.236.250,BCA,,,,,
,31/07/2025,14 aug,CV. Panen Raya Indonesia,PI.2025.07.00217,,Caramel Coffee Cake,,1.733.271,BCA,,,,,
,25/07/2025,14 aug,CV Pratama Multi Consulting,EXP.2025.07.00092,,Jasa Konsultan Pajak Juli  2025,,1.500.000,BCA,,,,,
,08/08/2025,14 aug,Pak Tumin,PI.2025.08.00052,,Sayuran,,1.530.000,BCA,,,,,
,12/08/2025,14 aug,Pak Tumin,PI.2025.08.00054,,Sayuran,,1.404.000,BCA,,,,,
,07/08/2025,14 aug,Bella Natalia,PI.2025.08.00055,,Telur88,,280.000,BCA,,,,,
,12/08/2025,14 aug,Bella Natalia,PI.2025.08.00056,,Telur88,,195.000,BCA,,,,,
,08/08/2025,14 aug,Cavalese,PI.2025.08.00057,,Cheesecake,,800.000,BCA,,,,,
,05/08/2025,14 aug,Suket Teki Groceries,PI.2025.08.00058,,"Gula Pasir, dll",,8.520.500,BCA,,,,,
,,,,,,,,,,,,,,
,,,21 Agustus 2025,,,,,,,,,,,
,21/08/2025,22 Aug,Pindah Buku,,,Pindah Buku,,100.000.000,,BCA,,,,
,21/08/2025,22 Aug,Galuh,,,Pettycash Purchasing,,542.521,Pemakaian 438.000 dari Petty cash card,BCA,,,,
,21/08/2025,22 Aug,Galuh,,,Pettycash MKG,,410.000,,BCA,,,,
,21/08/2025,22 Aug,Galuh,,,Pettycash La Piazza,,326.000,,BCA,,,,
,21/08/2025,22 Aug,Galuh,,,Pettycash SMS,,424.500,,BCA,,,,
,13/08/2025,22 Aug,PT L estari Mahadibya (Summarecon SMS),EXP.2025.08.00041,,Center Promotion - Island Counter 1F- IC22 #28 Jul 2025 - 27 Jul 2026,,836.280,,VA,,,,
,18/08/2025,22 Aug,Evani Jesslyn,EXP.2025.08.00042,,Repar Booth Juli - Agustus 2025 dan Adm BCA,,10.502.500,,OCBC,,,,
,07/08/2025,22 Aug,Shella Dellina,EXP.2025.08.00044,,membership glints,,166.500,,BCA,,,,
,31/07/2025,22 Aug,Shella Dellina,EXP.2025.07.00093,,Pembelian map dan materai buat HRD,,144.500,,BCA,,,,
,15/08/2025,22 Aug,Shella Dellina,EXP.2025.08.00045,,"Cetak A5 makanan seasonal KTD , A5 Oleh2 Semarang KTD & Outdoor Banner KTD",,74.300,,BCA,,,,
,18/08/2025,22 Aug,Shella Dellina,EXP.2025.08.00059,,Cetak Tripod Banner Jajanan Semarang,,79.500,,BCA,,,,
,11/08/2025,22 Aug,Michelle ,EXP.2025.08.00046,,Cetak sertifikat academy,,26.350,,BCA,,,,
,13/08/2025,22 Aug,Michelle ,EXP.2025.08.00047,,"Cetak modul kls reguler barista 5 pcs, sensory 5 pcs, brewing 5 pcs",,546.000,,BCA,,,,
,17/08/2025,22 Aug,Alfira,EXP.2025.08.00056,,ongkir mengantar orderan kopsu dan chocolate bellefont ,,38.500,,BCA,,,,
,18/08/2025,22 Aug,Alfira,PI.2025.08.00106,,membeli 1 galon aqua,,31.000,,BCA,,,,
,18/08/2025,22 Aug,Alfira,PI.2025.08.00105,,membeli 1 pack es batu,,20.000,,BCA,,,,
,19/08/2025,22 Aug,Alfira,PI.2025.08.00107,,membeli 1 pack es batu,,20.000,,BCA,,,,
,08/08/2025,PENDING,Galuh,EXP.2025.08.00057,,pengiriman cookies ke panen,,300.000,,BCA,,,,
,02/08/2025,22 Aug,Riska,EXP.2025.08.00060,,Untuk Member Parkir Staff periode Agustus 2025,,150.000,,BCA,,,,
,17/08/2025,22 Aug,Nurul Aminah,JV.2025.08.00527,,Refund Double payment dengan total nominal Rp. 808.500,,808.500,,BCA,,,,
,30/07/2025,22 Aug,PT Mulia Raya Agri Jaya,PI.2025.07.00218,,Cooking Cream,,1.047.510,,BCA,,,,
,13/08/2025,22 Aug,CV Asaku,PI.2025.08.00088,,"Tissue, dll",,3.501.490,,BCA,,,,
,01/01/2024,22 Aug,PT Berkah Surya Bersinar,JV.2024.01.00697,,Pembayaran hutang KTN ke BSB (faktur stiker KTN yg dibayar BSB),,1.320.500,,BCA,,,,
,12/08/2025,22 Aug,PT Berkah Surya Bersinar,PI.2025.08.00103,,Black forest,,1.653.500,,BCA,,,,
,11/08/2025,22 Aug,PT Berkah Surya Bersinar,PI.2025.08.00089,,Black forest,,25.534.300,,BCA,,,,
,05/08/2025,22 Aug,PT Berkah Surya Bersinar,PI.2025.08.00090,,"Black forest, dll",,11.613.000,,BCA,,,,
,31/07/2025,22 Aug,CV Panen Raya Indonesia,PI.2025.08.00091,,"Tahu Bakso, dll",,6.847.735,,BCA,,,,
,15/08/2025,22 Aug,CV Panen Raya Indonesia,PI.2025.08.00092,,"Tahu bakso, dll",,8.335.310,,BCA,,,,
,15/08/2025,22 Aug,CV Panen Raya Indonesia,PI.2025.08.00093,,Cake,,"1.006.588,48",,BCA,,,,
,15/08/2025,22 Aug,Toko Mumtaz,PI.2025.08.00094,,"Casava frosen, dll",,1.031.000,,BCA,,,,
,15/08/2025,22 Aug,AJS Aquaman,PI.2025.08.00095,,Air Galon Amidis,,254.000,,BCA,,,,
,15/08/2025,22 Aug,CV Putra Gemini Agape Food,PI.2025.08.00096,,Moachi Gemini,,532.800,,BCA,,,,
,14/08/2025,22 Aug,Bella Natalia,PI.2025.08.00097,,Telur88,,400.000,,BCA,,,,
,15/08/2025,22 Aug,Pak Tumin,PI.2025.08.00098,,Sayuran,,1.056.000,,BCA,,,,
,16/08/2025,22 Aug,Pak Tumin,PI.2025.08.00099,,Sayuran,,32.000,,BCA,,,,
,19/08/2025,22 Aug,Pak Tumin,PI.2025.08.00100,,Sayuran,,1.291.000,,BCA,,,,
,12/08/2025,PENDING,PT Sanpota Batara Indonesia,PI.2025.08.00101,,Cup Ice Frosted,,2.134.000,,BCA,,,,
,13/08/2025,22 Aug,PT Sanpota Batara Indonesia,PI.2025.08.00102,,Cup Ice Frosted,,4.801.500,,BCA,,,,
,25/07/2025,22 Aug,PT Greenfields Indonesia,5210492071,,Freshmilk,,1.138.800,,BCA,,,,
,30/07/2025,22 Aug,PT Greenfields Indonesia,5210493845,,Yogurt Plain,,219.114,,BCA,,,,
,01/08/2025,22 Aug,PT Greenfields Indonesia,5210494415,,Freshmilk,,455.520,,BCA,,,,
,01/08/2025,22 Aug,PT Greenfields Indonesia,5210495774,,Freshmilk,,911.040,,BCA,,,,
,05/08/2025,22 Aug,PT Greenfields Indonesia,5210500324,,Freshmilk,,1.822.080,,BCA,,,,
,05/08/2025,22 Aug,PT Greenfields Indonesia,5222520093,,UHT Greenfields,,4.079.916,,BCA,,,,
,21/08/2025,22 Aug,PT Sweetindo Perkasa,PI.2025.08.00110,,Gula aren stick,,1.133.850,,BCA,,,,
,10/07/2025,22 Aug,Evani Jesslyn,PI.2025.08.00108,,Tokopedia - Juwita Online,,954.200,,CC,,,,
,10/07/2025,22 Aug,Evani Jesslyn,PI.2025.07.00221,,Tokopedia - Mall IT Jakarta,,2.236.250,,CC,,,,
,10/07/2025,22 Aug,Evani Jesslyn,PI.2025.07.00222,,Tokopedia - Kokay U ,,1.401.000,,CC,,,,
,11/07/2025,22 Aug,Evani Jesslyn,PI.2025.07.00223,,Tokopedia - Northsider Coffee Shop ,,201.100,,CC,,,,
,14/07/2025,22 Aug,Evani Jesslyn,EXP.2025.07.00094,,Tokopedia - Pph21 ,,316.366,,CC,,,,
,11/07/2025,22 Aug,Evani Jesslyn,PI.2025.07.00224,,Tokopedia - Electro Com ,,2.263.000,,CC,,,,
,11/07/2025,22 Aug,Evani Jesslyn,PI.2025.07.00225,,Tokopedia - Xiaomi Indonesia ,,708.800,,CC,,,,
,11/07/2025,22 Aug,Evani Jesslyn,PI.2025.07.00226,,Tokopedia - Kayu123 jakarta,,176.000,,CC,,,,
,12/07/2025,22 Aug,Evani Jesslyn,PI.2025.07.00227,,Tokopedia - Foodbay Store Food Ingredients,,61.655,,CC,,,,
,12/07/2025,22 Aug,Evani Jesslyn,PI.2025.07.00228,,Tokopedia - DRiPP FLAVOUR,,225.682,,CC,,,,
,12/07/2025,22 Aug,Evani Jesslyn,PI.2025.07.00229,,Tokopedia - Depo Horeca,,64.000,,CC,,,,
,12/07/2025,22 Aug,Evani Jesslyn,PI.2025.07.00230,,Tokopedia - Everything Home Store,,100.000,,CC,,,,
,12/07/2025,22 Aug,Evani Jesslyn,PI.2025.07.00231,,Tokopedia - Amira Baking Shop,,88.000,,CC,,,,
,12/07/2025,22 Aug,Evani Jesslyn,PI.2025.07.00232,,Tokopedia - Cassa Acrylic,,173.000,,CC,,,,
,12/07/2025,22 Aug,Evani Jesslyn,PI.2025.07.00233,,Tokopedia - Koch&Backen,,494.290,,CC,,,,
,14/07/2025,22 Aug,Evani Jesslyn,PI.2025.07.00234,,Tokopedia - DBK MERUYA,,816.888,,CC,,,,
,14/07/2025,22 Aug,Evani Jesslyn,PI.2025.07.00235,,Tokopedia - Barcode Store Solutions,,165.000,,CC,,,,
,14/07/2025,22 Aug,Evani Jesslyn,PI.2025.07.00236,,Tokopedia - Aerogreens Indonesia,,75.150,,CC,,,,
,14/07/2025,22 Aug,Evani Jesslyn,PI.2025.07.00237,,Tokopedia - Whatsweneed Store,,230.860,,CC,,,,
,14/07/2025,22 Aug,Evani Jesslyn,PI.2025.07.00238,,Tokopedia - Foodmall,,25.900,,CC,,,,
,14/07/2025,22 Aug,Evani Jesslyn,PI.2025.07.00239,,Tokopedia - dunia susu bayi ,,139.000,,CC,,,,
,,,,,,,,,,,,,,
,,,28 Agustus 2025,,,,,,,,,,,
,28/08/2025,28 Aug,Pindah Buku,BT.2025.08.00023,,Pindah Buku Otor 817-888,,300.000.000,,,,,,
,28/08/2025,28 Aug,Pindah Buku,BT.2025.08.00024,,Pindah Buku Otor 899-888,,80.000.000,,,,,,
,28/08/2025,28 Aug,Payroll Agustus 2025,JV.2025.08.00885,,Payroll Agustus 2025,,207.627.363,,,,,,
,21/08/2025,28 Aug,PT Summarecon Investment Property,EXP.2025.08.00079,,Add S. Charge 01-31 Jul2025 & Rent 01-31 Jul 2025,,24.105.145,VA,,,,,
,21/08/2025,28 Aug,PT Summarecon Investment Property (MKG),EXP.2025.08.00080,,Rent 01-31 Jul 2025 (MKG),,928.985,VA,,,,,
,20/08/2025,28 Aug,PT Lestari Mahadibya (SMS),EXP.2025.08.00081,,Rent For 28 Jul - 31 Jul 2025 (SMS),,411.986,VA,,,,,
,24/08/2025,29 Aug,Danis Yulianto Hadi,EXP.2025.08.00082,,Tagihan Sciencewerk Agustus 2025,,6.000.000,BCA,,,,,
,25/08/2025,29 Aug,12 STAR SERVICE (Novi Duana Sari),EXP.2025.08.00086,,Cuci AC Hibrida,,350.000,BCA,,,,,
,20/08/2025,28 Aug,Alfira,PI.2025.08.00155,,194509 - 20.08.2025 - ICE CUBE SMS,,20.000,BCA,,,,,
,21/08/2025,28 Aug,Alfira,PI.2025.08.00112,,191863 - 21.08.2025 - ICE CUBE SMS,,60.000,BCA,,,,,
,22/08/2025,28 Aug,Alfira,PI.2025.08.00113,,196108 - 22.08.2025 - ICE CUBE SMS,,40.000,BCA,,,,,
,22/08/2025,28 Aug,Alfira,PI.2025.08.00129,,22.08.2025 - AGAPE - GALON AQUA SMS,,83.000,BCA,,,,,
,21/08/2025,28 Aug,Alfira,EXP.2025.08.00061,,"ongkir orderan kopsu, latte, chocolate, dan americano bellefont",,71.000,BCA,,,,,
,22/08/2025,28 Aug,Alfira,EXP.2025.08.00062,,"ongkir mengantar orderan bellefont (kopsu, latte, americano, chocolate) - 22.08.2025",,36.500,BCA,,,,,
,22/08/2025,28 Aug,Fetris,EXP.2025.08.00076,,Ongkos shuttle bus MKG-SMS SO tanggal 22/08/2025,,39.000,BCA,,,,,
,22/08/2025,28 Aug,Fetris,EXP.2025.08.00077,,Ongkos shuttle bus SMS-MKG SO tanggal 22/08/2025,,39.000,BCA,,,,,
,25/08/2025,28 Aug,Shella Delina,EXP.2025.08.00078,,Beli materai (10 pcs),,115.000,BCA,,,,,
,08/08/2025,tunggu hardcopy,Galuh,EXP.2025.08.00057,,pengiriman cookies ke panen,,300.000,BCA,,,,,
,20/08/2025,29 Aug,CV Panen Raya Indonesia,PI.2025.08.00130,,Pembelian laptop Macbook R type A1466 EMC2632,,3.000.000,BCA,,,,,
,03/07/2025,29 Aug,CV ESPE EMPATTUJUH,PI.2025.07.00042,,Pelunasan Mesin TapBrew SMS,,47.500.000,BCA,,,,,
,12/08/2025,29 Aug,PT Sanpota Batara Indonesia,PI.2025.08.00101,,Cup Ice Frosted,,2.134.000,BCA,,,,,
,15/08/2025,29 Aug,PT Sanpota Batara Indonesia,PI.2025.08.00118,,Cup Ice Frosted,,5.868.500,BCA,,,,,
,25/08/2025,29 Aug,Suket Teki Super Store,PI.2025.08.00119,,"Ajinomoto, dll",,3.591.000,BCA,,,,,
,19/08/2025,29 Aug,Cavalese,PI.2025.08.00120,,Cheesecake,,800.000,BCA,,,,,
,21/08/2025,29 Aug,PT Berkah Surya Bersinar,PI.2025.08.00121,,"Blackforest Blend, dll",,27.753.000,BCA,,,,,
,23/08/2025,29 Aug,Armin Suplayer Skippy,PI.2025.08.00122,,Selai Kacang Skippy,,1.236.000,BCA,,,,,
,13/08/2025,29 Aug,PT Greenfields Indonesia,GF5222521085,,UHT Greenfields,,6.119.874,BCA,,,,,
,28/07/2025,29 Aug,PT Greenfields Indonesia,GF5210493873,,Freshmilk,,683.280,BCA,,,,,
,29/07/2025,29 Aug,PT Greenfields Indonesia,GF5210493879,,Freshmilk,,911.040,BCA,,,,,
,03/04/2024,28 Aug,PT Greenfields Indonesia,GF5210036787,,Freshmilk,,455.520,BCA,,,,,
,02/04/2024,28 Aug,PT Greenfields Indonesia,GF5210037256,,Freshmilk,,1.366.560,BCA,,,,,
,23/03/2024,28 Aug,PT Greenfields Indonesia,GF5222478073,,Freshmilk,,1.138.800,BCA,,,,,
,25/03/2024,28 Aug,PT Greenfields Indonesia,GF5222478074,,Freshmilk,,1.138.800,BCA,,,,,
,30/03/2024,28 Aug,PT Greenfields Indonesia,GF5222476848,,Freshmilk,,1.822.080,BCA,,,,,
,21/08/2025,29 Aug,Bella Natalia,PI.2025.08.00123,,Telur88,,192.000,BCA,,,,,
,25/08/2025,29 Aug,Bella Natalia,PI.2025.08.00151,,Telur88,,138.000,BCA,,,,,
,20/08/2025,29 Aug,Pak Tumin,PI.2025.08.00126,,Sayuran,,130.000,BCA,,,,,
,22/08/2025,29 Aug,Pak Tumin,PI.2025.08.00127,,Sayuran,,694.000,BCA,,,,,
,26/08/2025,29 Aug,Pak Tumin,PI.2025.08.00128,,Sayuran,,1.328.000,BCA,,,,,
,25/08/2025,29 Aug,Pak Tumin,EXP.2025.08.00075,,Sayuran,,93.000,BCA,,,,,
,25/08/2025,29 Aug,PT Alta Thomas Mandiri Indonesia,PI.2025.08.00131,,Pembelian Grinder MaquinosEvo 73 untuk coffee Experience,,6.127.200,BCA,,,,,
,25/08/2025,29 Aug,AJS Aquaman,PI.2025.08.00125,,Amidis & Le Minerale,,200.500,BCA,,,,,
,14/07/2025,29 Aug,Lancar sukses,EXP.2025.08.00083,,"Foam bord, voucher coupon MKG, dll",,341.000,BCA,,,,,
,16/07/2025,29 Aug,Lancar sukses,EXP.2025.08.00084,,"Print coffee card, dll",,89.000,BCA,,,,,
,23/07/2025,29 Aug,Lancar sukses,EXP.2025.08.00085,,"Print coupon MKG, dll",,200.000,BCA,,,,,
,22/08/2025,29 Aug,Lokyo,PI.2025.08.00154,,Cup 8 Oz Non Emboss + Lid,,13.433.845,VALAS,,,,,
,15/07/2025,28 Aug,Evani Jesslyn,PI.2025.07.00242,,Tokopedia - rajaplastik,,305.700,CC,,,,,
,15/07/2025,28 Aug,Evani Jesslyn,PI.2025.07.00243,,Tokopedia - ONEFINE COFFEE & TOOL,,25.000,CC,,,,,
,16/07/2025,28 Aug,Evani Jesslyn,PI.2025.07.00244,,"Tokopedia - OMURA POWDER SHOP",,46.000,CC,,,,,
,16/07/2025,28 Aug,Evani Jesslyn,PI.2025.07.00245,,Tokopedia -  CMJatinegara,,126.000,CC,,,,,
,16/07/2025,28 Aug,Evani Jesslyn,PI.2025.07.00246,,Tokopedia - V-GeN Indonesia Official Store,,264.000,CC,,,,,
,22/07/2025,28 Aug,Evani Jesslyn,PI.2025.07.00247,,"Tokopedia -Goto Universe",,111.790,CC,,,,,
,22/07/2025,28 Aug,Evani Jesslyn,PI.2025.07.00248,,"Tokopedia - Berkah Peksi",,151.596,CC,,,,,
,22/07/2025,28 Aug,Evani Jesslyn,PI.2025.07.00249,,Tokopedia - TokoBijiKopiByWells,,85.900,CC,,,,,
,22/07/2025,28 Aug,Evani Jesslyn,PI.2025.07.00250,,"Tokopedia - Bobaolshop99",,2.375.580,CC,,,,,
,22/07/2025,28 Aug,Evani Jesslyn,PI.2025.07.00251,,Tokopedia - MITRA BAHARI,,22.000,CC,,,,,
,22/07/2025,28 Aug,Evani Jesslyn,PI.2025.07.00253,,"Tokopedia - Gottemall Store",,306.660,CC,,,,,
,22/07/2025,28 Aug,Evani Jesslyn,PI.2025.07.00254,,Tokopedia - SKALLA simple woodwork,,441.800,CC,,,,,
,22/07/2025,28 Aug,Evani Jesslyn,PI.2025.07.00255,,Tokopedia - ABC Heinz Shop,,118.020,CC,,,,,
,22/07/2025,28 Aug,Evani Jesslyn,PI.2025.07.00256,,Tokopedia - TokoCartridge,,92.700,CC,,,,,
,22/07/2025,28 Aug,Evani Jesslyn,PI.2025.07.00257,,Tokopedia - VN Barcode,,590.000,CC,,,,,
,28/07/2025,28 Aug,Evani Jesslyn,PI.2025.07.00258,,Tokopedia - Delapan Jaya Hengky,,85.375,CC,,,,,
,28/07/2025,28 Aug,Evani Jesslyn,PI.2025.07.00259,,Tokokopedia -FJ Collection Packaging,,95.000,CC,,,,,
,28/07/2025,28 Aug,Evani Jesslyn,PI.2025.07.00260,,Tokopedia - Arnes Shop Jakarta,,160.950,CC,,,,,
,28/07/2025,28 Aug,Evani Jesslyn,PI.2025.07.00261,,Tokopedia - raja daging jakpus,,1.335.260,CC,,,,,
,28/07/2025,28 Aug,Evani Jesslyn,PI.2025.07.00262,,Tokopedia - HomemasterShop,,22.300,CC,,,,,
,28/07/2025,28 Aug,Evani Jesslyn,PI.2025.07.00263,,Tokopedia - Paha Fillet,,2.184.617,CC,,,,,
,28/07/2025,28 Aug,Evani Jesslyn,PI.2025.07.00264,,Tokopedia - DuniaBahanBaku Sunter,,239.600,CC,,,,,
,28/07/2025,28 Aug,Evani Jesslyn,PI.2025.07.00265,,Tokopedia - Papamama Babyshop,,1.189.603,CC,,,,,
,28/07/2025,28 Aug,Evani Jesslyn,PI.2025.07.00266,,Tokopedia - Fascosanwira,,860.505,CC,,,,,
,28/07/2025,28 Aug,Evani Jesslyn,PI.2025.07.00267,,Tokopedia - Pilihlah Aku Toserba,,188.700,CC,,,,,
,28/07/2025,28 Aug,Evani Jesslyn,PI.2025.07.00268,,Tokopedia - Dapurfema,,30.500,CC,,,,,
,28/07/2025,28 Aug,Evani Jesslyn,PI.2025.07.00269,,Tokopedia -  Bawang Goreng Rady,,1.094.000,CC,,,,,
,28/07/2025,28 Aug,Evani Jesslyn,PI.2025.07.00270,,Tokopedia - Onlinemaster,,800.000,CC,,,,,
,28/07/2025,28 Aug,Evani Jesslyn,PI.2025.07.00271,,Tokopedia - oleh2jakarta,,25.521,CC,,,,,
,28/07/2025,28 Aug,Evani Jesslyn,PI.2025.08.00152,,Tokopedia - Taffware Official Store,,29.200,CC,,,,,
,28/07/2025,28 Aug,Evani Jesslyn,PI.2025.07.00272,,"Tokopedia - UD PELITA HATI",,44.500,CC,,,,,
,28/07/2025,28 Aug,Evani Jesslyn,PI.2025.07.00273,,Tokopedia - Kastil TERMURAH,,35.290,CC,,,,,
,28/07/2025,28 Aug,Evani Jesslyn,PI.2025.07.00274,,"Tokopedia - Central Kitchen Jakut",,56.000,CC,,,,,
,29/07/2025,28 Aug,Evani Jesslyn,PI.2025.07.00275,,"Tokopedia - Daging Khas Bunda",,100.900,CC,,,,,
,29/07/2025,28 Aug,Evani Jesslyn,EXP.2025.07.00095,,Tokopedia - PDAM Juli 2025,,73.534,CC,,,,,
,29/07/2025,28 Aug,Evani Jesslyn,EXP.2025.07.00069,,Tokopedia -  logeski ID,,101.999,CC,,,,,
,05/08/2025,28 Aug,Evani Jesslyn,EXP.2025.08.00088,,Tokopedia - Indohome,,656.790,CC,,,,,
,22/07/2025,28 Aug,Evani Jesslyn,PI.2025.07.00276,,"Tokopedia - Telkomsel Official Store
",,474.514,CC,,,,,
,14/07/2025,28 Aug,Evani Jesslyn,PI.2025.07.00277,,Tokopedia - DHARMAMULIA CAHAYA ABADI MAKMUR,,345.536,CC,,,,,
,22/07/2025,28 Aug,Evani Jesslyn,PI.2025.07.00278,,Tokopedia - yoi.store8,,48.000,CC,,,,,
,,,,,,,,,,,,,,
,,,4 September 2025,,,,,,,,,,,
,04/09/2025,4 Sep,Pindah Buku,BT.2025.09.00001,,Pindah Buku PO Lapiz 25-31,,30.282.225,,,,,,
,04/09/2025,4 Sep,Pindah Buku,BT.2025.09.00002,,Pindah Buku PO MKG  25-31,,5.031.088,,,,,,
,04/09/2025,4 Sep,Pindah Buku,BT.2025.09.00003,,Pindah Buku PO SMS  25-31,,980.767,,,,,,
,04/09/2025,4 Sep,Pindah Buku,BT.2025.09.00004,,Pindah Buku Selisih Nominal PO dan Otor,,120.000.000,,,,,,
,,4 Sep,Pettycash Card. Auto Top up Limit 1jt,,,Pettycash Purchasing,,1.089.816,,,,,,
,,4 Sep,Pettycash Card. Auto Top up Limit 500rb,,,Pettycash MKG,,296.000,,,,,,
,,4 Sep,Pettycash Card. Auto Top up Limit 500rb,,,Pettycash La Piazza,,37.500,,,,,,
,,4 Sep,Pettycash Card. Auto Top up Limit 500rb,,,Pettycash SMS,,274.000,,,,,,
,01/09/2025,4 Sep,PT Summarecon Investment Property,EXP.2025.09.00006,,SC-LPZ - Inc GF-10 #1 Sep 2025 - 30 Sep 2025,,25.250.000,VA,,,,,
,01/09/2025,pending,PT Summarecon Investment Property,EXP.2025.09.00007,,Listrik Periode : 21/07/2025 - 20/08/2025,,11.310.155,VA,,,,,
,01/09/2025,pending,PT Summarecon Investment Property,EXP.2025.09.00008,,Biaya Pemeliharaan Listrik Periode 21/07/2025 - 20/08/2025,,5.916.985,VA,,,,,
,01/09/2025,4 Sep,PT Summarecon Investment Property,EXP.2025.09.00009,,Air Periode 21/07/2025 - 20/08/2025,,3.567.160,VA,,,,,
,01/09/2025,4 Sep,PT Summarecon Investment Property,EXP.2025.09.00010,,Gas Periode : 21/07/2025 - 20/08/2025,,11.799.932,VA,,,,,
,01/09/2025,4 Sep,PT Summarecon Investment Property (MKG),EXP.2025.09.00011,,Service Charge - Pendapatan 1F - K/203#1 Sep 2025 - 31 Sep 2025,,2.636.100,VA,,,,,
,01/09/2025,pending,PT Summarecon Investment Property (MKG),EXP.2025.09.00012,,Listrik Periode : 21/07/2025 - 20/08/2025 (MKG),,683.477,VA,,,,,
,01/09/2025,pending,PT Summarecon Investment Property (MKG),EXP.2025.09.00013,,Biaya Pemeliharaan Listrik Periode 21/07/2025 - 20/08/2025 (MKG),,282.800,VA,,,,,
,01/09/2025,4 Sep,PT Summarecon Investment Property (MKG),EXP.2025.09.00014,,Air Periode 21/07/2025 - 20/08/2025 (MKG),,36.720,VA,,,,,
,08/08/2025,4 Sep,Galuh,EXP.2025.08.00057,,pengiriman cookies ke panen,,300.000,BCA,,,,,
,01/09/2025,4 Sep,Cheilla,EXP.2025.09.00005,,Perjalanan dinas,,1.628.000,BCA,,,,,
,02/09/2025,4 Sep,Accurate,EXP.2025.09.00001,,Accurate Agustus 2025,,344.100,VA,,,,,
,02/09/2025,4 Sep,Biznet,EXP.2025.09.00002,,Biznet 1 bulan,,277.500,VA,,,,,
,02/09/2025,PENDING,CV ESPE EMPATUJUH,PI.2025.09.00002,,DP Mesin Tapbrew BSD,,47.500.000,BCA,,,,,
,28/09/2025,4 Sep,PT Mustika Citra Rasa,,,Holland Agustus 2025,,1.583.550,BCA,,,,,
,08/08/2025,4 Sep,PT Greenfields Indonesia,5210504313,,Freshmilk,,911.040,BCA,,,,,
,15/08/2025,4 Sep,PT Greenfields Indonesia,5210511074,,Freshmilk,,1.594.320,BCA,,,,,
,09/03/2024,4 Sep,PT Greenfields Indonesia,5222457069,,Freshmilk pengiriman 09.03.2024 4 karton,,911.040,BCA,,,,,
,26/04/2024,4 Sep,PT Greenfields Indonesia,5210056447,,Freshmilk pengiriman 26.04.2024 2 karton,,455.520,BCA,,,,,
,05/05/2024,4 Sep,PT Greenfields Indonesia,5210062121,,Freshmilk pengiririman 02.05.2024 4 karton,,911.040,BCA,,,,,
,11/05/2024,4 Sep,PT Greenfields Indonesia,5210072431,,Pengiriman freshmilk 11.05.2024 3 karton,,683.280,BCA,,,,,
,14/05/2024,4 Sep,PT Greenfields Indonesia,5210074953,,Freshmilk pengiriman 14.05.2024 6 karton,,1.366.560,BCA,,,,,
,05/06/2024,PI.2024.06.00060 dibayar 4 jul 2024,PT Greenfields Indonesia,5210095780,,Freshmilk pengiriman 05.06.2024 6 karton,,1.366.560,BCA,,,,,
,01/09/2025,4 Sep,PT Berkah Surya Bersinar,PI.2025.09.00008,,"Dripbag, Set Packaging, dll",,5.303.000,BCA,,,,,
,30/08/2025,4 Sep,CV Panen Raya Indonesia,PI.2025.08.00168,,"Tahu Bakso, dll",,2.209.450,BCA,,,,,
,30/08/2025,4 Sep,CV Panen Raya Indonesia,PI.2025.08.00169,,"Banana Bread, dll",,1.288.769,BCA,,,,,
,25/08/2025,4 Sep,CV Panen Raya Indonesia,PI.2025.08.00170,,Ongkir sample base genep,,28.500,BCA,,,,,
,03/09/2025,4 Sep,PT Karunia Sukses Gemilang,PI.2025.09.00023,,Lychee syrup,,975.153,BCA,,,,,
,01/09/2025,4 Sep,Suket Teki Super Store,PI.2025.09.00005,,"Tepung terigu, dll",,3.689.500,BCA,,,,,
,02/09/2025,4 Sep,Galon Gading Nias (Marlene),PI.2025.09.00024,,Sparkling Water,,1.272.000,BCA,,,,,
,01/09/2025,4 Sep,AJS Aquaman,PI.2025.09.00006,,Air galon Amidis,,74.000,BCA,,,,,
,02/09/2025,4 Sep,Cavalese,PI.2025.09.00004,,Cheesecake,,800.000,BCA,,,,,
,29/08/2025,4 Sep,Pak Tumin,PI.2025.08.00167,,"Bawang Merah, dll",,387.000,BCA,,,,,
,02/09/2025,4 Sep,Pak Tumin,PI.2025.09.00007,,"Jeruk Nipis, dll",,1.475.000,BCA,,,,,
,03/09/2025,4 Sep,Pak Tumin,PI.2025.09.00022,,"Strawberry, bawang bombay",,70.000,BCA,,,,,
,28/08/2025,4 Sep,Bella Natalia,PI.2025.08.00166,,Telur88,,195.000,BCA,,,,,
,01/09/2025,4 Sep,Bella Natalia,PI.2025.09.00003,,Telur88,,1.170.000,BCA,,,,,
,05/08/2025,4 Sep,Evani Jesslyn,PI.2025.08.00186,,Tokopedia - VML Store ID,,77.940,CC,,,,,
,05/08/2025,4 Sep,Evani Jesslyn,PI.2025.08.00187,,Tokopedia - greengo plastik dan packaging,,453.000,CC,,,,,
,05/08/2025,4 Sep,Evani Jesslyn,PI.2025.08.00188,,Tokopedia - UD PELITA HATI,,104.000,CC,,,,,
,05/08/2025,4 Sep,Evani Jesslyn,EXP.2025.08.00009,,Tokopedia - Artivic,,59.900,CC,,,,,
,05/08/2025,4 Sep,Evani Jesslyn,PI.2025.08.00189,,Tokopedia =- tbk.deporis,,371.880,CC,,,,,
,05/08/2025,4 Sep,Evani Jesslyn,EXP.2025.08.00008,,Tokopedia - Lapak Atk,,40.980,CC,,,,,
,05/08/2025,4 Sep,Evani Jesslyn,PI.2025.08.00190,,Tokopedia - OMURA POWDER SHOP,,603.900,CC,,,,,
,05/08/2025,4 Sep,Evani Jesslyn,PI.2025.08.00191,,"Tokopedia - Mudaplas",,630.000,CC,,,,,
,05/08/2025,4 Sep,Evani Jesslyn,PI.2025.08.00192,,Tokopedia - officeXpres,,1.510.680,CC,,,,,
,07/08/2025,4 Sep,Evani Jesslyn,EXP.2025.08.00098,,Tokopedia - Listrik hibrida,,5.003.800,CC,,,,,
,07/08/2025,4 Sep,Evani Jesslyn,PI.2025.08.00193,,"Tokopedia - Rumatidy",,75.390,CC,,,,,
,12/08/2025,4 Sep,Evani Jesslyn,PI.2025.08.00194,,Tokopedia - dunia susu bayi,,219.450,CC,,,,,
,12/08/2025,4 Sep,Evani Jesslyn,PI.2025.08.00195,,Tokopedia - Ganghan Official,,157.950,CC,,,,,
,12/08/2025,4 Sep,Evani Jesslyn,PI.2025.08.00196,,"Tokopedia - JayaMedishop",,331.200,CC,,,,,
,12/08/2025,4 Sep,Evani Jesslyn,PI.2025.08.00197,,Tokopedia - Aneka Budi Jaya,,500.800,CC,,,,,
,12/08/2025,4 Sep,Evani Jesslyn,PI.2025.08.00198,,Tokopedia - FJ Collection Packaging,,230.375,CC,,,,,
,12/08/2025,4 Sep,Evani Jesslyn,PI.2025.08.00199,,Tokopedia - DuniaBahanBaku Sunter,,239.600,CC,,,,,
,12/08/2025,4 Sep,Evani Jesslyn,PI.2025.08.00200,,Tokopedia - TokoRostia,,68.400,CC,,,,,
,18/08/2025,4 Sep,Evani Jesslyn,PI.2025.08.00201,,Tokopedia - Vesperindo_NEW,,17.450,CC,,,,,
,18/08/2025,4 Sep,Evani Jesslyn,PI.2025.08.00202,,Tokopedia - onewan shop01,,89.600,CC,,,,,
,18/08/2025,4 Sep,Evani Jesslyn,PI.2025.08.00203,,Tokopedia - Guideyuk,,28.900,CC,,,,,
,18/08/2025,4 Sep,Evani Jesslyn,PI.2025.08.00204,,Tokopedia - Agen Family Perabot,,116.000,CC,,,,,
,18/08/2025,4 Sep,Evani Jesslyn,PI.2025.08.00205,,Tokopedia - Sukses Lestari 88,,28.800,CC,,,,,
,18/08/2025,4 Sep,Evani Jesslyn,PI.2025.08.00206,,Tokopedia - ONEFINE COFFEE & TOOL,,44.500,CC,,,,,
,18/08/2025,4 Sep,Evani Jesslyn,PI.2025.08.00207,,"Tokopedia - UD PELITA HATI",,38.000,CC,,,,,
,18/08/2025,4 Sep,Evani Jesslyn,PI.2025.08.00208,,"Tokopedia - AgenLED",,32.900,CC,,,,,
,07/08/2025,4 Sep,Evani Jesslyn,EXP.2025.08.00099,,Tokopedia BPJSTK Juli 2025,,981.932,CC,,,,,
,25/08/2025,4 Sep,Evani Jesslyn,EXP.2025.08.00100,,Tokopedia bPJSTK Agustus 2025,,869.792,CC,,,,,
,25/08/2025,4 Sep,Evani Jesslyn,PI.2025.08.00209,,Tokopedia - XIHANCAM,,43.925,CC,,,,,
,25/08/2025,4 Sep,Evani Jesslyn,PI.2025.08.00210,,Tokopedia - Supermarket Export Import,,154.465,CC,,,,,
,25/08/2025,4 Sep,Evani Jesslyn,PI.2025.08.00211,,Tokopedia - WANTOO INDONESIA,,37.145,CC,,,,,
,25/08/2025,4 Sep,Evani Jesslyn,PI.2025.08.00212,,Tokopedia - Yunani87,,45.600,CC,,,,,
,25/08/2025,4 Sep,Evani Jesslyn,PI.2025.08.00213,,Tokopedia - mulia maju,,1.420.560,CC,,,,,
,25/08/2025,4 Sep,Evani Jesslyn,PI.2025.08.00214,,Tokopedia - Koepoe Koepoe Shop,,28.800,CC,,,,,
,25/08/2025,4 Sep,Evani Jesslyn,PI.2025.08.00215,,Tokopedia - Goh Surono Online Shop,,79.350,CC,,,,,
,25/08/2025,4 Sep,Evani Jesslyn,EXP.2025.08.00101,,Tokopedia - pdam agustus 2025,,80.359,CC,,,,,
,04/09/2025,4 Sep,Pajak,EXP.2025.09.00015,,PPH21 Karyawan dan non karyawan Agustus 2025,,1.999.947,,,,,,
,,,,,,,,,,,,,,
,,,8 September 2025,,,,,,,,,,,
,08/09/2025,9 Sep,Pajak Pemkot Agustus 2025,PI.2025.09.00026,,Pajak Pemkot La Piazza dan MKG Agustus 2025,,38.944.688,,,,,,
,,,,,,,,,,,,,,
,,,11 September 2025,,,,,,,,,,,
,11/09/2025,11 Sep,Pindah Buku 817 - 888,BT.2025.09.00005,,Pindah Buku PO Lapiz 25-31,,52.844.909,BCA,,,,,
,11/09/2025,11 Sep,Pindah Buku 899 - 888,BT.2025.09.00006,,Pindah Buku PO MKG  25-31,,10.432.154,BCA,,,,,
,11/09/2025,11 Sep,Pindah Buku 899 - 888,BT.2025.09.00007,,Pindah Buku Listrik MKG & Pph Pasal (4) ayat 2,,751.148,BCA,,,,,
,11/09/2025,11 Sep,Pindah Buku 899 - 888,BT.2025.09.00008,,Pindah Buku Pemeliharaan Listrik MKG & Pph Pasal (4) ayat 2,,310.800,BCA,,,,,
,11/09/2025,11 Sep,Pindah Buku 399 - 888,BT.2025.09.00009,,Pindah Buku PO SMS  25-31,,3.427.553,BCA,,,,,
,11/09/2025,11 Sep,Pindah Buku 399 - 888,BT.2025.09.00010,,Pindah Buku Pajak PB1 SMS Juli,,591.360,BCA,,,,,
,11/09/2025,11 Sep,Pindah Buku 399 - 888,BT.2025.09.00011,,Pindah Buku Sewa SMS & Pph Pasal (4) ayat 2,,1.723.275,BCA,,,,,
,11/09/2025,11 Sep,Pindah Buku 817 - 888,BT.2025.09.00012,,Pindah Buku Sisa Otor,,105.000.000,BCA,,,,,
,,11 Sep,Pettycash Card. Auto Top up Limit 1jt,BT.2025.09.00013,,Pettycash Purchasing,,1.000.000,BCA,,,,,
,,11 Sep,Pettycash Card. Auto Top up Limit 500rb,BT.2025.09.00014,,Pettycash Marketing,,156.604,BCA,,,,,
,,11 Sep,Pettycash Card. Auto Top up Limit 500rb,BT.2025.09.00015,,Pettycash MKG,,316.000,BCA,,,,,
,,11 Sep,Pettycash Card. Auto Top up Limit 500rb,BT.2025.09.00016,,Pettycash La Piazza,,41.500,BCA,,,,,
,,11 Sep,Pettycash Card. Auto Top up Limit 500rb,BT.2025.09.00017,,Pettycash SMS,,243.000,BCA,,,,,
,10/09/2025,11 Sep,Bapenda Kab. Tangerang,EXP.2025.09.00038,,Pajak PB1 SMS Juli 2025,,597.860,TF BANK KE BJB,,,,,
,01/09/2025,11 Sep,Iwan Junianto,EXP.2025.09.00016,,IPL Riviera Plaza September 2025,,500.002,BCA,,,,,
,08/09/2025,11 Sep,Michelle ,EXP.2025.09.00031,,Untuk modul kelas reguler barista sebanyak 5 pcs,,200.000,BCA,,,,,
,09/09/2025,11 Sep,Fetris,EXP.2025.09.00032,,Ongkos shuttle bus MKG-SMS dan ongkos shuttle bus SMS-MKG ,,78.000,BCA,,,,,
,04/09/2025,11 Sep,Selena ,EXP.2025.09.00033,,Kirim invoice voucher gold member SMS,,10.000,BCA,,,,,
,04/09/2025,11 Sep,Galuh,EXP.2025.09.00028,,Perpanjang Parkir Mobil september 2025,,350.000,BCA,,,,,
,08/09/2025,11 Sep,Galuh,PI.2025.09.00036,,Kelapa Muda 08.09.2025,,165.000,BCA,,,,,
,08/09/2025,11 Sep,Galuh,PI.2025.09.00037,,Cendol 08.09.2025,,30.000,BCA,,,,,
,08/09/2025,11 Sep,Galuh,PI.2025.09.00038,,isi ulang tabung gas,,20.000,BCA,,,,,
,09/09/2025,11 Sep,Galuh,EXP.2025.09.00029,,Bensin Pak Joni 09.09.2025,,20.000,BCA,,,,,
,08/09/2025,11 Sep,Galuh,EXP.2025.09.00035,,Ongkos pergi ke SMS,,39.000,BCA,,,,,
,09/09/2025,11 Sep,Reimbursement CC Pak Robert,PI.2025.09.00066,Opening BSD,DP Restomart,,137.500.000,CC,,,,,
,09/09/2025,11 Sep,Shely Praska Yosida (K A L I H K A Y U),PI.2025.09.00065,Opening BSD,DP Kalih Kayu,,1.051.040,BCA,,,,,
,02/09/2025,11 Sep,CV ESPE EMPATUJUH,PI.2025.09.00002,Opening BSD,DP Mesin Tapbrew BSD,,47.500.000,BCA,,,,,
,01/09/2025,11 Sep,PT Summarecon Investment Property (MKG),EXP.2025.09.00012,,Listrik Periode : 21/07/2025 - 20/08/2025 (MKG),,683.477,VA,,,,,
,01/09/2025,11 Sep,PT Summarecon Investment Property (MKG),EXP.2025.09.00013,,Biaya Pemeliharaan Listrik Periode 21/07/2025 - 20/08/2025 (MKG),,282.800,VA,,,,,
,01/09/2025,11 Sep,PT Lestari Mahadibya (SMS),EXP.2025.09.00017,,SC Island Counter - Revenue 1f - IC22 # 01 Sep - 30 Sep 2025 (SMS),,1.568.025,VA,,,,,
,01/09/2025,,PT Lestari Mahadibya (SMS),EXP.2025.09.00018,,Electric 28/07/2025 - 20/08/2025 (SMS),,482.067,PENDING,,,,,
,01/09/2025,,PT Lestari Mahadibya (SMS),EXP.2025.09.00019,,Biaya Pemeliharaan Electric 28/07/2025 - 20/08/2025 (SMS),,678.717,PENDING,,,,,
,01/09/2025,,PT Lestari Mahadibya (SMS),EXP.2025.09.00020,,PAM 28/07/2025 - 20/08/2025 (SMS),,94.284,PENDING,,,,,
,02/09/2025,11 Sep,Ivan Setyawan (NAMELAKA),PI.2025.09.00027,,"Earl Grey Cake, dll",,901.250,BCA,,,,,
,02/09/2025,11 Sep,Ivan Setyawan (NAMELAKA),PI.2025.09.00028,,"Earl Grey Cake, dll",,901.250,BCA,,,,,
,25/08/2025,,CV.Putra Gemini Agape Food,PI.2025.08.00216,,"Moaci Original, dll",,532.800,TAKEOUT,,,,,
,01/09/2025,11 Sep,CV Permata Sejahtera,PI.2025.09.00029,,French Fries,,1.743.629,BCA,,,,,
,02/09/2025,11 Sep,PT Berkah Surya Bersinar,PI.2025.09.00030,,Set Packageing Caramel Apple Pie,,280.000,BCA,,,,,
,03/09/2025,11 Sep,Natasha (Beras),PI.2025.09.00032,,Beras,,825.000,BCA,,,,,
,04/09/2025,11 Sep,Pak Tumin,PI.2025.09.00033,,Sayuran,,695.000,BCA,,,,,
,09/09/2025,11 Sep,Pak Tumin,PI.2025.09.00039,,Sayuran,,1.058.000,BCA,,,,,
,09/09/2025,11 Sep,Pak Tumin,EXP.2025.09.00030,,Rnd Cendol,,26.000,BCA,,,,,
,12/08/2025,11 Sep,PT Greenfields Indonesia,5210506654,,Freshmilk,,1.594.320,BCA,,,,,
,06/08/2025,11 Sep,PT Greenfields Indonesia,5210512201,,Freshmilk,,911.040,BCA,,,,,
,10/09/2025,11 Sep,AJS Aquaman,PI.2025.09.00060,,"Amidis, Le mineral",,146.000,BCA,,,,,
,06/08/2025,11 Sep,Karunia Pack,PI.2025.09.00061,,"Mangga, Strawberry, Nangka",,832.500,BCA,,,,,
,04/09/2025,11 Sep,PT Mulia Raya Agrijaya,PI.2025.09.00031,,Cooking Cream,,1.047.510,BCA,,,,,
,27/08/2025,11 Sep,Gold Kitchen,PI.2025.08.00220,,Pembelian Chef Jacket ,,1.365.000,BCA,,,,,
,01/09/2025,11 Sep,Evani Jesslyn,PI.2025.09.00062,,Tokopedia - LapakTechnology,,717.200,BCA Miss Evani,,,,,
,01/09/2025,11 Sep,Evani Jesslyn,PI.2025.09.00063,,"Tokopedia - dunia susu bayi",,292.600,BCA Miss Evani,,,,,
,01/09/2025,11 Sep,Evani Jesslyn,PI.2025.09.00064,,Tokopedia - Cast iron Indonesia,,305.010,BCA Miss Evani,,,,,
,11/09/2025,11 Sep,CV Kemang Jaya,EXP.2025.09.00039,,Cetak Buku Menu Dark Brown,,360.000,BCA,,,,,
,,,15 September 2025,,,,,,,,,,,
,09/09/2025,15 Sep,Shely Praska Yosida (K A L I H K A Y U),PI.2025.09.00065,,DP Kalih Kayu,,1.051.040,,,,,,
,,,,,,,,,,,,,,
,,,18 September 2025,,,,,,,,,,,
,18/09/2025,,Pindah Buku 817 - 888,BT.2025.09.00018,,Pindah Buku PO Lapiz 8-14 September 2025,,31.467.040,BCA,,,,,
,18/09/2025,,Pindah Buku 899 - 888,BT.2025.09.00019,,Pindah Buku PO MKG 8-14 September 2025,,6.170.725,BCA,,,,,
,18/09/2025,,Pindah Buku 399 - 888,BT.2025.09.00020,,Pindah Buku PO SMS 8-14 September 2025,,1.208.495,BCA,,,,,
,18/09/2025,,Pindah Buku 399 - 888,BT.2025.09.00021,,Pindah Buku Pajak PB1 SMS Agustus,,3.157.340,BCA,,,,,
,18/09/2025,,Pindah Buku 817 - 888,BT.2025.09.00022,,Pindah Buku Sisa Otor,,36.000.000,BCA,,,,,
,,,Pettycash Card. Auto Top up Limit 1jt,,,Pettycash Purchasing,,645.298,,,,,,
,,ok,Pettycash Card. Auto Top up Limit 500rb,,,Pettycash Marketing,,84.949,,,,,,
,,ok,Pettycash Card. Auto Top up Limit 500rb,,,Pettycash MKG,,300.000,,,,,,
,,,Pettycash Card. Auto Top up Limit 500rb,,,Pettycash SMS,,203.000,,,,,,
,17/09/2025,18 sept,Bapenda Kab. Tangerang,EXP.2025.09.00051,,"Pajak PB1 SMS Agustus 2025 + Adm Bank 6.500 (karena dari bapenda disarankan pakai online, bukan bi-fast)",,3.157.340,TF KE VA BJB,,,,,
,04/09/2025,18 sept,PT Adhi Prima Potensia (HCC),EXP.2025.09.00052,,Psikotes Online - Tagihan Agustus 2025,,66.600,MAT,,,,,
,01/09/2025,tunggu balasan email,PT Summarecon Investment Property,EXP.2025.09.00007,,Listrik Periode : 21/07/2025 - 20/08/2025,,11.310.155,Pending,,,,,
,01/09/2025,tunggu balasan email,PT Summarecon Investment Property,EXP.2025.09.00008,,Biaya Pemeliharaan Listrik Periode 21/07/2025 - 20/08/2025,,5.916.985,Pending,,,,,
,01/09/2025,tunggu balasan wa,PT Lestari Mahadibya (SMS),EXP.2025.09.00018,,Electric 28/07/2025 - 20/08/2025 (SMS),,482.067,Pending,,,,,
,01/09/2025,tunggu balasan wa,PT Lestari Mahadibya (SMS),EXP.2025.09.00019,,Biaya Pemeliharaan Electric 28/07/2025 - 20/08/2025 (SMS),,678.717,Pending,,,,,
,01/09/2025,tunggu balasan wa,PT Lestari Mahadibya (SMS),EXP.2025.09.00020,,PAM 28/07/2025 - 20/08/2025 (SMS),,94.284,,,,,,
,31/08/2025,18 sept,Riska,EXP.2025.08.00097,,Perpanjang Member Parkir Periode September 2025,,100.000,MAT,,,,,
,09/09/2025,18 sept,Michelle,EXP.2025.09.00050,,Transportasi grabcar pulang pergi untuk internal brewing Strada SMS,,320.500,MAT,,,,,
,15/09/2025,18 sept,J-Pack Food Packaging,PI.2025.09.00078,,Paperlunch Box Kraft,,412.500,MAT,,,,,
,11/09/2025,18 sept,PT Berkah Surya Bersinar,PI.2025.09.00079,,Set Packaging Aroma & Alchemy,,25.026.000,MAT,,,,,
,11/09/2025,18 sept,CV Panen Raya Indonesia,PI.2025.09.00080,,"Tahu bakso, dll",,7.846.770,MAT,,,,,
,03/09/2025,18 sept,CV Panen Raya Indonesia,EXP.2025.09.00041,,Biaya Ongkos Kirim TAM keperluan pengiriman peralatan kelas Academy Jakarta ,,102.000,MAT,,,,,
,12/09/2025,18 sept,CV Panen Raya Indonesia,PI.2025.09.00085,,Cake,,1.364.606,MAT,,,,,
,15/09/2025,18 sept,PT Sukanda Djaya,PI.2025.09.00087,,"Oatmilk, Ice Cream Vanilla",,1.465.200,MAT,,,,,
,21/08/2025,belum clear,PT Greenfields Indonesia,5210523426,,Freshmilk,,455.520,,,,,,
,21/08/2025,belum clear,PT Greenfields Indonesia,5210523569,,Freshmilk,,1.366.560,,,,,,
,21/08/2025,18 sept,PT Greenfields Indonesia,5210518463,,Freshmilk,,1.594.320,MAT,,,,,
,29/08/2025,18 sept,PT Greenfields Indonesia,5210524832,,Freshmilk,,1.138.800,MAT,,,,,
,16/09/2025,18 sept,Pak Tumin,PI.2025.09.00086,,Sayuran,,1.102.000,MAT,,,,,
,12/09/2025,18 sept,Pak Tumin,PI.2025.09.00084,,Sayuran,,696.000,MAT,,,,,
,16/09/2025,18 sept,Bella Natalia,PI.2025.09.00088,,Telur88,,145.000,MAT,,,,,
,17/09/2025,18 sept,PT Prambanan Kencana,PI.2025.09.00099,,Keju Mozarella,,1.218.028,MAT,,,,,
,16/09/2025,18 sept,Toko Mumtaz,PI.2025.09.00098,,Casava Frozen,,710.000,MAT,,,,,
,30/07/2025,18 sept,Artemis Adhi Tirta,PI.2025.07.00279,,Spiva,,5.994.000,MAT,,,,,
,21/06/2025,18 sept,PT. Etos Suryanusa,EXP.2025.06.00069,,Jasa pengendalian hama serangga dan tikus bulan Juni 2025 + Adm 2.500,,837.185,TF KE UOB,,,,,
,01/09/2025,18 sept,Evani Jesslyn,PI.2025.09.00100,,Tokopedia - Nabe sembako,,154.180,bca miss evani,,,,,
,01/09/2025,18 sept,Evani Jesslyn,PI.2025.09.00105,Opening BSD,Tokopedia - Toso Mart,,156.200,cc,,,,,
,01/09/2025,18 sept,Evani Jesslyn,PI.2025.09.00102,Opening BSD,Tokopedia - GarmentMarts,,59.370,cc,,,,,
,01/09/2025,18 sept,Evani Jesslyn,PI.2025.09.00103,Opening BSD,Tokopedia - SINAR KARYA RAKINDO MART,,30.605,cc,,,,,
,01/09/2025,18 sept,Evani Jesslyn,PI.2025.09.00104,Opening BSD,Tokopedia - Pusat Barang Impor,,8.388,cc,,,,,
,01/09/2025,18 sept,Evani Jesslyn,PI.2025.09.00106,Opening BSD,Tokopedia - M3L Shop_NEW,,125.612,cc,,,,,
,01/09/2025,18 sept,Evani Jesslyn,PI.2025.09.00107,Opening BSD,Tokopedia - Vesperindo_NEW,,72.783,cc,,,,,
,01/09/2025,18 sept,Evani Jesslyn,PI.2025.09.00108,Opening BSD,Tokopedia - Popo Online Shop,,47.967,cc,,,,,
,01/09/2025,18 sept,Evani Jesslyn,PI.2025.09.00109,Opening BSD,Tokopedia - Ruma Zen,,165.000,cc,,,,,
,01/09/2025,18 sept,Evani Jesslyn,PI.2025.09.00110,Opening BSD,Tokopedia - houseofculinaire,,43.400,cc,,,,,
,01/09/2025,18 sept,Evani Jesslyn,PI.2025.09.00111,Opening BSD,Tokopedia - Bandung ngopiku,,145.100,cc,,,,,
,01/09/2025,18 sept,Evani Jesslyn,PI.2025.09.00112,Opening BSD,Tokopedia - YooWoo Mall,,109.900,cc,,,,,
,01/09/2025,18 sept,Evani Jesslyn,PI.2025.09.00113,Opening BSD,Tokopedia - Beli - Beli Shop,,161.100,cc,,,,,
,01/09/2025,18 sept,Evani Jesslyn,PI.2025.09.00114,Opening BSD,Tokopedia - Depo Horeca,,89.800,cc,,,,,
,01/09/2025,18 sept,Evani Jesslyn,PI.2025.09.00115,Opening BSD,Tokopedia - Jaya Indah Makmur Tokopedia,,20.100,cc,,,,,
,01/09/2025,18 sept,Evani Jesslyn,PI.2025.09.00116,Opening BSD,Tokopedia - DariDuaSatu,,70.000,cc,,,,,
,01/09/2025,18 sept,Evani Jesslyn,PI.2025.09.00117,Opening BSD,Tokopedia - Midua Shop,,388.800,cc,,,,,
,01/09/2025,18 sept,Evani Jesslyn,PI.2025.09.00118,Opening BSD,Tokopedia - HomemasterShop,,70.500,cc,,,,,
,01/09/2025,18 sept,Evani Jesslyn,PI.2025.09.00119,Opening BSD,Tokopedia - Kopi lentera_NEW,,719.420,cc,,,,,
,03/09/2025,18 sept,Evani Jesslyn,PI.2025.09.00120,Opening BSD,Tokopedia - : ULTRA PACK INDONESIA,,44.000,cc,,,,,
,05/09/2025,18 sept,Evani Jesslyn,EXP.2025.09.00054,,Tokopedia - Indihome September 2025,,656.790,cc,,,,,
,,,,,,,,,,,,,,
,,,25 September 2025,,,,,,,,,,,
,25/09/2025,25 Sep,Pindah Buku 817 - 888,BT.2025.09.00023,,Pindah Buku PO Lapiz 15-21 September 2025,,47.111.968,,,,,,
,25/09/2025,25 Sep,Pindah Buku 899 - 888,BT.2025.09.00024,,Pindah Buku PO MKG 15-21 September 2025,,9.362.868,,,,,,
,25/09/2025,25 Sep,Pindah Buku 399 - 888,BT.2025.09.00025,,Pindah Buku PO SMS 15-21 September 2025,,3.591.327,,,,,,
,25/09/2025,25 Sep,Pindah Buku 817 - 888,BT.2025.09.00028,,Pindah Buku Summarecon Lapiz,,41.127.788,,,,,,
,25/09/2025,25 Sep,Pindah Buku 899 - 888,BT.2025.09.00026,,Pindah Buku Summarecon MKG,,1.023.898,,,,,,
,25/09/2025,25 Sep,Pindah Buku 399 - 888,BT.2025.09.00027,,Pindah Buku Summarecon SMS,,3.080.784,,,,,,
,25/09/2025,25 Sep,Pindah Buku 899 - 888,BT.2025.09.00029,,Pindah Buku Tokped Pengadaan MKG,,951.750,,,,,,
,25/09/2025,25 Sep,Pindah Buku 399 - 888,BT.2025.09.00030,,Pindah Buku Tokped Pengadaan SMS,,1.443.649,,,,,,
,25/09/2025,25 Sep,Pindah Buku 817 - 888,BT.2025.09.00031,,Pindah Buku Sisa Otor,,25.297.580,,,,,,
,25/09/2025,ok,Pettycash Card. Auto Top up Limit 1jt,,,Pettycash Purchasing,,926.654,,,,,,
,25/09/2025,ok,Pettycash Card. Auto Top up Limit 1jt,,,Pettycash Marketing,,37.800,,,,,,
,25/09/2025,ok,Pettycash Card. Auto Top up Limit 500rb,,,Pettycash La Piazza,,290.500,,,,,,
,25/09/2025,ok,Pettycash Card. Auto Top up Limit 500rb,,,Pettycash MKG,,302.000,,,,,,
,25/09/2025,ok,Pettycash Card. Auto Top up Limit 500rb,,,Pettycash SMS,,203.000,,,,,,
,01/09/2025,"input klik, aku tidak otor, tunggu dari TR",PT Summarecon Investment Property,EXP.2025.09.00007,,Listrik Periode : 21/07/2025 - 20/08/2025,,11.310.155 ,,,,,,
,01/09/2025,"input klik, aku tidak otor, tunggu dari TR",PT Summarecon Investment Property,EXP.2025.09.00008,,Biaya Pemeliharaan Listrik Periode 21/07/2025 - 20/08/2025,,5.916.985 ,,,,,,
,21/08/2025,25 Sep,PT Summarecon Investment Property,EXP.2025.09.00081,,Rent 01-31 Jul 2025 (Academic),,2.290.680 ,,,,,,
,21/09/2025,25 Sep,PT Summarecon Investment Property,EXP.2025.09.00080,,Rent 01-31 Aug 2025 (Academic),,1.406.930 ,,,,,,
,21/09/2025,25 Sep,PT Summarecon Investment Property,EXP.2025.09.00079,,Add s. Charge 01-31 Aug 2025 & Rent 01-31 Aug 2025,,20.203.038 ,,,,,,
,21/09/2025,25 Sep,PT Summarecon Investment Property (MKG),EXP.2025.09.00078,,Rent 01-31 Agustus 2025 (MKG),,1.023.898 ,,,,,,
,01/09/2025,"input klik, aku tidak otor, tunggu dari TR",PT Lestari Mahadibya (SMS),EXP.2025.09.00018,,Electric 28/07/2025 - 20/08/2025 (SMS),,482.067 ,,,,,,
,01/09/2025,"input klik, aku tidak otor, tunggu dari TR",PT Lestari Mahadibya (SMS),EXP.2025.09.00019,,Biaya Pemeliharaan Electric 28/07/2025 - 20/08/2025 (SMS),,678.717 ,,,,,,
,01/09/2025,25 Sep,PT Lestari Mahadibya (SMS),EXP.2025.09.00020,,PAM 28/07/2025 - 20/08/2025 (SMS),,94.284 ,,,,,,
,19/09/2025,25 Sep,PT Lestari Mahadibya (SMS),EXP.2025.09.00077,,Rent 01-31 Agustus 2025 (SMS),,1.825.716 ,,,,,,
,18/09/2025,25 Sep,Evani Jesslyn,EXP.2025.09.00055,,Sample kaloka untuk BSD,,332.500 ,,,,,,
,02/09/2025,25 Sep,Shella Dellina,EXP.2025.09.00056,,Meta Ads 02.09.2025,,755.525 ,,,,,,
,02/08/2025,25 Sep,Shella Dellina,EXP.2025.08.00102,,Meta Ads 02.08.2025,,414.780 ,,,,,,
,16/09/2025,25 Sep,Michelle,EXP.2025.09.00083,,Tiket PP naik shuttle MKG SMS untuk test bar anak SMS,,78.000 ,,,,,,
,21/09/2025,25 Sep,Michelle,EXP.2025.09.00084,,Tiket PP shuttle bus MKG SMS untuk remedial test bar agi anak SMS,,78.000 ,,,,,,
,20/09/2025,25 Sep,Fetris,EXP.2025.09.00085,,Ongkos shuttle bus MKG-SMS dan ongkos shuttle bus SMS-MKG,,78.000 ,,,,,,
,23/09/2025,25 Sep,Fetris,EXP.2025.09.00086,,"Shuttle bus MKG-SMS, shuttle bus SMS-MKG ",,78.000 ,,,,,,
,17/09/2025,25 Sep,PT. Sango Ceramics Indonesia,PI.2025.09.00153,OPENING BSD,"Butter Dish, dll",,17.784.931 ,,,,,,
,23/09/2025,25 Sep,PT. Sango Ceramics Indonesia,PI.2025.09.00154,OPENING BSD,"Antigo bowl, dll",,6.805.321 ,,,,,,
,24/09/2025,25 Sep,PT. Sango Ceramics Indonesia,PI.2025.09.00245,Pengadaan La Piazza,Butter Dish,,887.112,,,,,,
,24/09/2025,25 Sep,PT Kumala Kencana Cipta,PI.2025.09.00244,OPENING BSD,Picardie Clear Tumbler,,554.400 ,,,,,,
,30/08/2025,25 Sep,PT. Tian Liong,PI.2025.08.00227,OPENING BSD,"Can Glass, Spoons, dll",,8.014.200 ,,,,,,
,26/01/2025,25 Sep,Danis Yulianto Hadi,EXP.2025.09.00075,,Tagihan Sciencewerk September 2025,,6.000.000 ,,,,,,
,21/08/2025,25 Sep,PT Greenfields Indonesia,5210523426,,Freshmilk,,455.520 ,,,,,,
,21/08/2025,25 Sep,PT Greenfields Indonesia,5210523569,,Freshmilk,,1.366.560 ,,,,,,
,26/08/2025,25 Sep,PT Greenfields Indonesia,5210525343,,Freshmilk,,455.520 ,,,,,,
,04/09/2025,25 Sep,PT Greenfields Indonesia,5210529683,,Yogurt Plain,,219.114 ,,,,,,
,18/09/2025,25 Sep,AJS Aquaman,PI.2025.09.00124,,Galon Amidis,,74.000 ,,,,,,
,18/09/2025,25 Sep,CV Panen Raya Indonesia,PI.2025.09.00128,,Lasagna Frozen,,1.657.700 ,,,,,,
,18/09/2025,25 Sep,PT Berkah Surya Bersinar,PI.2025.09.00143,,"Alchemy, dll",,17.294.500 ,,,,,,
,18/09/2025,25 Sep,PT Berkah Surya Bersinar,PI.2025.09.00144,,"Strada Coklat Powder, dll",,4.878.700 ,,,,,,
,19/09/2025,25 Sep,PT Karunia Sukses Gemilang,PI.2025.09.00145,,Lychee,,1.476.282 ,,,,,,
,19/09/2025,25 Sep,PT Karunia Putranata Berhikmat,PI.2025.09.00146,,Buah Mangga,,1.100.000,,,,,,
,16/09/2025,25 Sep,Suket Teki Super Store,PI.2025.09.00147,,"Kecap, dll",,2.334.000,,,,,,
,19/09/2025,25 Sep,Natasha (Beras),PI.2025.09.00148,,Beras,,375.000,,,,,,
,19/09/2025,25 Sep,Pak Tumin,PI.2025.09.00149,,Sayuran,,1.377.000,,,,,,
,23/09/2025,25 Sep,Pak Tumin,PI.2025.09.00150,,Sayuran,,585.500,,,,,,
,19/09/2025,25 Sep,Bella Natalia,PI.2025.09.00151,,Telur88,,285.000,,,,,,
,21/09/2025,25 Sep,Bella Natalia,PI.2025.09.00159,,Telur88,,145.000,,,,,,
,18/09/2025,25 Sep,Cavalese,PI.2025.09.00152,,Cheesecake,,800.000,,,,,,
,25/08/2025,25 Sep,PT. Etos Suryanusa,EXP.2025.08.00103,,Jasa pengendalian hama serangga dan tikus bulan Agustus 2025 + Adm 2.500,,837.185,,,,,,
,22/09/2025,25 Sep,Evani Jesslyn,EXP.2025.09.00076,,Reimbursement Booth ke CC BCA Miss Evani,,5.250.000,CC,,,,,
,07/09/2025,25 Sep,Evani Jesslyn,PI.2025.09.00160,OPENING BSD,Tokopedia BSD - Northsider Coffee Shop,,26.898,,,,,,
,07/09/2025,25 Sep,Evani Jesslyn,PI.2025.09.00161,OPENING BSD,Tokopedia BSD - IKEA Indonesia,,13.100,,,,,,
,07/09/2025,25 Sep,Evani Jesslyn,PI.2025.09.00162,OPENING BSD,Tokopedia BSD - hore.id,,129.900,,,,,,
,07/09/2025,25 Sep,Evani Jesslyn,PI.2025.09.00163,OPENING BSD,Tokopedia BSD - grosir8jayasenen,,12.150,,,,,,
,07/09/2025,25 Sep,Evani Jesslyn,PI.2025.09.00164,OPENING BSD,Tokopedia BSD - COOGER Indonesia,,110.400,,,,,,
,07/09/2025,25 Sep,Evani Jesslyn,PI.2025.09.00165,OPENING BSD,Tokopedia BSD - Cap Angsa,,22.270,,,,,,
,07/09/2025,25 Sep,Evani Jesslyn,PI.2025.09.00166,,Tokopedia MKG dan SMS - Finel Computer,,106.300,,,,,,
,08/09/2025,25 Sep,Evani Jesslyn,PI.2025.09.00167,,Tokopedia MKG  - XIHANCAM,,77.500,,,,,,
,08/09/2025,25 Sep,Evani Jesslyn,PI.2025.09.00168,,Tokopedia MKG - Xiaomi Indonesia,,541.300,,,,,,
,08/09/2025,25 Sep,Evani Jesslyn,PI.2025.09.00169,OPENING BSD,Tokopedia BSD - VIS Cleaning,,463.450,,,,,,
,08/09/2025,25 Sep,Evani Jesslyn,PI.2025.09.00170,OPENING BSD,Tokopedia BSD - Vesperindo_NEW,,19.438,,,,,,
,08/09/2025,25 Sep,Evani Jesslyn,PI.2025.09.00171,OPENING BSD,Tokopedia BSD - Supreme ID,,12.620,,,,,,
,08/09/2025,25 Sep,Evani Jesslyn,PI.2025.09.00172,,Tokopedia LApiz - Supermall Nusantara,,35.800,,,,,,
,08/09/2025,25 Sep,Evani Jesslyn,PI.2025.09.00173,OPENING BSD,Tokopedia BSD - Starrysky,,990.845,,,,,,
,08/09/2025,25 Sep,Evani Jesslyn,PI.2025.09.00174,,Tokopedia Lapiz - SETYAGUNACLEANING,,70.500,,,,,,
,08/09/2025,25 Sep,Evani Jesslyn,PI.2025.09.00175,OPENING BSD,Tokopedia BSD - Pusat Barang Impor,,54.290,,,,,,
,08/09/2025,25 Sep,Evani Jesslyn,PI.2025.09.00176,,Tokopedia HO - Pilihlah Aku Toserba,,181.750,,,,,,
,08/09/2025,25 Sep,Evani Jesslyn,PI.2025.09.00177,OPENING BSD,Tokopedia BSD - Otello Studio,,39.900,,,,,,
,08/09/2025,25 Sep,Evani Jesslyn,PI.2025.09.00178,,Tokopedia Lapiz - onewan shop01,,80.600,,,,,,
,08/09/2025,25 Sep,Evani Jesslyn,PI.2025.09.00179,OPENING BSD,Tokopedia BSD - officeXpres,,18.050,,,,,,
,08/09/2025,25 Sep,Evani Jesslyn,PI.2025.09.00180,OPENING BSD,Tokopedia BSD - Mitra Abadi Official_NEW,,26.600,,,,,,
,08/09/2025,25 Sep,Evani Jesslyn,PI.2025.09.00181,OPENING BSD,Tokopedia BSD - MiracleStar,,282.440,,,,,,
,08/09/2025,25 Sep,Evani Jesslyn,PI.2025.09.00182,OPENING BSD,Tokopedia BSD - Miauira Onlineshop,,327.000,,,,,,
,08/09/2025,25 Sep,Evani Jesslyn,PI.2025.09.00183,OPENING BSD,Tokopedia BSD - Media Gudang Acc,,160.500,,,,,,
,08/09/2025,25 Sep,Evani Jesslyn,PI.2025.09.00184,OPENING BSD,Tokopedia BSD - Krisbow Official ID,,1.513.000,,,,,,
,08/09/2025,25 Sep,Evani Jesslyn,PI.2025.09.00185,OPENING BSD,Tokopedia BSD - Joyko.id,,23.584,,,,,,
,08/09/2025,25 Sep,Evani Jesslyn,PI.2025.09.00186,OPENING BSD,Tokopedia BSD - INDOJAYA HOUSEWARE,,26.999,,,,,,
,08/09/2025,25 Sep,Evani Jesslyn,PI.2025.09.00187,OPENING BSD,Tokopedia BSD - GarmentMarts,,59.996,,,,,,
,08/09/2025,25 Sep,Evani Jesslyn,PI.2025.09.00188,OPENING BSD,Tokopedia BSD - Gamma Laser,,59.900,,,,,,
,08/09/2025,25 Sep,Evani Jesslyn,PI.2025.09.00189,OPENING BSD,Tokopedia SMS - Digitech Mall,,1.390.499,,,,,,
,08/09/2025,25 Sep,Evani Jesslyn,PI.2025.09.00190,OPENING BSD,Tokopedia BSD - Depo Horeca,,46.500,,,,,,
,08/09/2025,25 Sep,Evani Jesslyn,PI.2025.09.00191,OPENING BSD,Tokopedia Lapiz - Cableman,,51.998,,,,,,
,08/09/2025,25 Sep,Evani Jesslyn,PI.2025.09.00192,OPENING BSD,Tokopedia BSD -  Babee Store,,8.600,,,,,,
,08/09/2025,25 Sep,Evani Jesslyn,PI.2025.09.00193,OPENING BSD,Tokopedia BSD - AZKO ID,,1.465.900,,,,,,
,08/09/2025,25 Sep,Evani Jesslyn,PI.2025.09.00194,OPENING BSD,Tokopedia BSD - Aneka Houseware,,68.400,,,,,,
,08/09/2025,25 Sep,Evani Jesslyn,PI.2025.09.00195,OPENING BSD,Tokopedia BSD - yoi.store8,,19.000,,,,,,
,08/09/2025,25 Sep,Evani Jesslyn,PI.2025.09.00196,,Tokopedia HO - VML Store ID,,129.900,,,,,,
,08/09/2025,25 Sep,Evani Jesslyn,PI.2025.09.00197,,Tokopedia MKG - V-GeN Indonesia Official Store,,279.800,,,,,,
,08/09/2025,25 Sep,Evani Jesslyn,PI.2025.09.00198,OPENING BSD,Tokopedia BSD - Fable Goods & Gifts,,58.735,,,,,,
,08/09/2025,25 Sep,Evani Jesslyn,PI.2025.09.00199,OPENING BSD,Tokopedia BSD - Popo Online Shop,,19.437,,,,,,
,08/09/2025,25 Sep,Evani Jesslyn,PI.2025.09.00200,OPENING BSD,Tokopedia BSD - INPI House,,35.355,,,,,,
,08/09/2025,25 Sep,Evani Jesslyn,PI.2025.09.00201,OPENING BSD,Tokopedia BSD - DISTRIBUTOR GEA GETRA JAKARTA,,1.047.251,,,,,,
,11/09/2025,25 Sep,Evani Jesslyn,PI.2025.09.00202,OPENING BSD,Tokopedia BSD - NANOPLASTIK,,30.220,,,,,,
,11/09/2025,25 Sep,Evani Jesslyn,PI.2025.09.00203,OPENING BSD,Tokopedia BSD - houseofculinaire,,251.080,,,,,,
,11/09/2025,25 Sep,Evani Jesslyn,PI.2025.09.00204,OPENING BSD,Tokopedia BSD - Archer Advetertising,,29.300,,,,,,
,12/09/2025,25 Sep,Evani Jesslyn,PI.2025.09.00205,OPENING BSD,Tokopedia BSD - uniwong,,45.400,,,,,,
,12/09/2025,25 Sep,Evani Jesslyn,PI.2025.09.00206,OPENING BSD,Tokopedia BSD - TOP alat kopi,,331.940,,,,,,
,12/09/2025,25 Sep,Evani Jesslyn,PI.2025.09.00207,OPENING BSD,Tokopedia BSD - ruparupi.id,,262.000,,,,,,
,12/09/2025,25 Sep,Evani Jesslyn,PI.2025.09.00208,OPENING BSD,Tokopedia BSD - Retail Shopping Mall,,41.245,,,,,,
,12/09/2025,25 Sep,Evani Jesslyn,PI.2025.09.00209,OPENING BSD,Tokopedia BSD - ONEBIZ.id,,91.444,,,,,,
,12/09/2025,25 Sep,Evani Jesslyn,PI.2025.09.00210,OPENING BSD,Tokopedia BSD - natashyakinsky,,22.399,,,,,,
,12/09/2025,25 Sep,Evani Jesslyn,PI.2025.09.00211,OPENING BSD,Tokopedia BSD - Megacell 888,,172.100,,,,,,
,12/09/2025,25 Sep,Evani Jesslyn,PI.2025.09.00212,OPENING BSD,Tokopedia BSD - LAHOME Official Store,,362.400,,,,,,
,12/09/2025,25 Sep,Evani Jesslyn,PI.2025.09.00213,OPENING BSD,Tokopedia BSD - HAYAMAS SAFETINDO,,136.000,,,,,,
,12/09/2025,25 Sep,Evani Jesslyn,PI.2025.09.00214,OPENING BSD,Tokopedia BSD - Gelas 5 Saudara Tokopedia,,291.348,,,,,,
,12/09/2025,25 Sep,Evani Jesslyn,PI.2025.09.00215,OPENING BSD,Tokopedia BSD - Denby Home,,455.820,,,,,,
,12/09/2025,25 Sep,Evani Jesslyn,PI.2025.09.00216,OPENING BSD,Tokopedia BSD - BelanjaNet,,42.600,,,,,,
,12/09/2025,25 Sep,Evani Jesslyn,PI.2025.09.00217,OPENING BSD,Tokopedia BSD - Bandung Stainless Steel,,299.895,,,,,,
,12/09/2025,25 Sep,Evani Jesslyn,PI.2025.09.00218,OPENING BSD,Tokopedia BSD - ANSEL Acrylic Shop,,106.800,,,,,,
,12/09/2025,25 Sep,Evani Jesslyn,PI.2025.09.00219,OPENING BSD,Tokopedia BSD - HM Stationary TGR,,46.000,,,,,,
,12/09/2025,25 Sep,Evani Jesslyn,PI.2025.09.00220,,Tokopedia HO - Q&K Frozen Food,,2.587.060,,,,,,
,12/09/2025,25 Sep,Evani Jesslyn,PI.2025.09.00221,OPENING BSD,Tokopedia BSD - Halu Indonesia,,267.600,,,,,,
,14/09/2025,25 Sep,Evani Jesslyn,PI.2025.09.00222,,Tokopedia Lapiz - Smart Lighting Solution,,267.600,,,,,,
,15/09/2025,25 Sep,Evani Jesslyn,PI.2025.09.00223,OPENING BSD,Tokopedia BSD - TOKO JUWITA KEBAYORAN,,623.976,,,,,,
,15/09/2025,25 Sep,Evani Jesslyn,PI.2025.09.00224,OPENING BSD,Tokopedia BSD - Savety Jaya,,38.290,,,,,,
,15/09/2025,25 Sep,Evani Jesslyn,PI.2025.09.00225,OPENING BSD,Tokopedia BSD - Satu Elektronik,,1.315.060,,,,,,
,15/09/2025,25 Sep,Evani Jesslyn,PI.2025.09.00226,OPENING BSD,Tokopedia BSD - Sabina Kitchen Housewares,,322.183,,,,,,
,15/09/2025,25 Sep,Evani Jesslyn,PI.2025.09.00227,OPENING BSD,Tokopedia BSD - RajaPerabot88,,963.665,,,,,,
,15/09/2025,25 Sep,Evani Jesslyn,PI.2025.09.00228,OPENING BSD,Tokopedia BSD - Philips Home Appliances,,735.090,,,,,,
,15/09/2025,25 Sep,Evani Jesslyn,PI.2025.09.00229,OPENING BSD,Tokopedia BSD - pamosroom,,144.000,,,,,,
,15/09/2025,25 Sep,Evani Jesslyn,PI.2025.09.00230,OPENING BSD,Tokopedia BSD - officeXpres,,38.130,,,,,,
,15/09/2025,25 Sep,Evani Jesslyn,PI.2025.09.00231,,Tokopedia HO - MinnieStore,,182.857,,,,,,
,15/09/2025,25 Sep,Evani Jesslyn,PI.2025.09.00232,OPENING BSD,Tokopedia BSD - mesin rms,,13.382,,,,,,
,15/09/2025,25 Sep,Evani Jesslyn,PI.2025.09.00233,OPENING BSD,Tokopedia BSD - MAIILASTORE,,127.250,,,,,,
,15/09/2025,25 Sep,Evani Jesslyn,PI.2025.09.00234,OPENING BSD,Tokopedia BSD - houseofculinaire,,820.435,,,,,,
,15/09/2025,25 Sep,Evani Jesslyn,PI.2025.09.00235,OPENING BSD,Tokopedia BSD - Hasston Tools,,270.000,,,,,,
,15/09/2025,25 Sep,Evani Jesslyn,PI.2025.09.00236,OPENING BSD,Tokopedia BSD - DAWHOUSEWARE,,346.000,,,,,,
,15/09/2025,25 Sep,Evani Jesslyn,PI.2025.09.00237,OPENING BSD,Tokopedia BSD - Alatdapurkita Enterprise,,40.720,,,,,,
,15/09/2025,25 Sep,Evani Jesslyn,PI.2025.09.00238,,Tokopedia HO - KAO Indonesia,,116.212,,,,,,
,15/09/2025,25 Sep,Evani Jesslyn,PI.2025.09.00239,OPENING BSD,Tokopedia BSD - Off Store Inc,,119.231,,,,,,
,15/09/2025,25 Sep,Evani Jesslyn,PI.2025.09.00240,OPENING BSD,Tokopedia BSD - GO WOODEN,,415.100,,,,,,
,16/09/2025,25 Sep,Evani Jesslyn,PI.2025.09.00241,,Tokopedia HO - Winco Official,,358.000,,,,,,
,16/09/2025,25 Sep,Evani Jesslyn,PI.2025.09.00242,OPENING BSD,Tokopedia BSD - Northsider Coffee Shop,,92.609,,,,,,
,16/09/2025,25 Sep,Evani Jesslyn,PI.2025.09.00243,,Tokopedia Lapiz - Aerogreens Indonesia,,64.691,,,,,,
,,,,,,,,,,,,,,
,,,29 September 2025,,,,,,,,,,,
,29/09/2025,29 Sep,Pindah Buku 899-888,,,Payroll September MKG,,"15.102.986,75 ",,,,,,
,29/09/2025,29 Sep,Pindah Buku 399-888,,,Payroll September SMS,,"13.286.170,00 ",,,,,,
,29/09/2025,29 Sep,Pindah Buku 817-888,,,Payroll September La Piazza & HO,,"154.845.789,25 ",,,,,,
,29/09/2025,29 Sep,Pindah Buku 817-888,,,Sisa Payroll September,,"22.100.000,00 ",,,,,,
,,,2 Oktober 2025,,,,,,,,,,,
,02/10/2025,2 Oct,Pindah Buku 817 - 899,BT.2025.10.00005,,Pindah Buku Voucher Gold Member MKG Agustus 2025,,82.859.700,,,,,,
,02/10/2025,2 Oct,Pindah Buku 817 - 888,BT.2025.10.00001,,Pindah Buku PO Lapiz 22-28 September 2025,,15.041.267,,,,,,
,02/10/2025,2 Oct,Pindah Buku 899 - 888,BT.2025.10.00002,,Pindah Buku PO MKG 22-28 September 2025,,3.487.658,,,,,,
,02/10/2025,2 Oct,Pindah Buku 399 - 888,BT.2025.10.00003,,Pindah Buku PO SMS 22-28 September 2025,,360.580,,,,,,
,02/10/2025,2 Oct,Pindah Buku 817 - 888,BT.2025.10.00004,,Pindah Buku Sisa Otor 02.10.2025,,40.182.690,,,,,,
,02/10/2025,ok,Pettycash Card. Auto Top up Limit 1jt,,,Pettycash Purchasing,,984.400,,,,,,
,02/10/2025,ok,Pettycash Card. Auto Top up Limit 500rb,,,Pettycash Marketing,,285.563,,,,,,
,02/10/2025,ok,Pettycash Card. Auto Top up Limit 500rb,,,Pettycash MKG,,334.000,,,,,,
,02/10/2025,ok,Pettycash Card. Auto Top up Limit 500rb,,,Pettycash SMS,,149.000,,,,,,
,26/09/2025,2 Oct,Michelle,EXP.2025.09.00091,,"Print jilid modul kelas barista english ver, dan sertifikat kelas & workshop manual brew",,64.600,BCA,,,,,
,29/09/2025,2 Oct,Michelle,EXP.2025.10.00004,,"Untuk bikin notebook SCA (5 pcs), modul general coffee knowledge (2 pcs), modul barista sca (1pcs), modul sensory sca (1pcs)",,344.400,BCA,,,,,
,28/09/2025,2 Oct,Michelle,EXP.2025.09.00108,,Untuk pengadaan cupping spoon (10 pcs),,201.400,BCA,,,,,
,27/09/2025,2 Oct,Aaron Jeconiah Hanson,EXP.2025.09.00094,,Untuk Pembelian Bensin Berangkat ke Store SMS menandatangani berkas dengan staff SMS,,33.100,BCA,,,,,
,27/09/2025,2 Oct,Aaron Jeconiah Hanson,EXP.2025.09.00093,,biaya parkir di SMS setelah menyelesaikan penandatanganan staff SMS,,5.000,BCA,,,,,
,25/09/2025,2 Oct,Shella Dellina,EXP.2025.10.00002,,Paid Promote IG Story Gading Serpong Update,,200.000,BCA,,,,,
,12/09/2025,2 Oct,Angela Cipta,EXP.2025.09.00099,,"Perjalanan semarang jakarta, perjalanan ke outlet",,416.750,BCA,,,,,
,30/09/2025,2 Oct,Galuh,PI.2025.09.00254,,"Beli Lolorosa, hydrococo dan frisianflag untuk RnD Bar",,190.200,BCA,,,,,
,01/10/2025,2 Oct,Galuh,PI.2025.10.00001,,Tenderloin 1 kg,,135.000,BCA,,,,,
,01/10/2025,2 Oct,Galuh,PI.2025.10.00002,,Daun Ketumbar dan cabai rawit hijau,,43.000,BCA,,,,,
,01/09/2025,,PT Summarecon Investment Property,EXP.2025.09.00007,,Listrik Periode : 21/07/2025 - 20/08/2025,,11.310.155 ,VA,,,,,
,01/09/2025,,PT Summarecon Investment Property,EXP.2025.09.00008,,Biaya Pemeliharaan Listrik Periode 21/07/2025 - 20/08/2025,,5.916.985 ,VA,,,,,
,01/09/2025,,PT Lestari Mahadibya (SMS),EXP.2025.09.00018,,Electric 28/07/2025 - 20/08/2025 (SMS),,482.067 ,VA,,,,,
,01/09/2025,,PT Lestari Mahadibya (SMS),EXP.2025.09.00019,,Biaya Pemeliharaan Electric 28/07/2025 - 20/08/2025 (SMS),,678.717 ,VA,,,,,
,01/10/2025,2 Oct,Accurate,EXP.2025.10.00005,,Biaya Software September 2025,,344.100,VA,,,,,
,27/09/2025,2 Oct,Bella Natalia,PI.2025.09.00257,,Telur88,,203.000,BCA,,,,,
,29/09/2025,2 Oct,Bella Natalia,PI.2025.09.00261,,Telur88,,196.000,BCA,,,,,
,26/09/2025,2 Oct,Pak Tumin,PI.2025.09.00256,,Sayuran,,964.000,BCA,,,,,
,29/09/2025,2 Oct,Suket Teki Super Store,PI.2025.09.00258,,"Margarin, dll",,2.593.500,BCA,,,,,
,29/09/2025,2 Oct,AJS Aquaman,PI.2025.09.00259,,"Amidis, Le Minerale",,182.500,BCA,,,,,
,29/09/2025,2 Oct,Natasha (Beras),PI.2025.09.00255,,Beras,,450.000,BCA,,,,,
,18/09/2025,2 Oct,CV Panen Raya Indonesia,PI.2025.09.00260,,Apron Merchandise,,195.000,BCA,,,,,
,20/09/2025,2 Oct,CV Panen Raya Indonesia,EXP.2025.09.00101,,Reimburse Biaya Ongkir TAM keperluan pengiriman Apron,,20.000,BCA,,,,,
,23/09/2025,2 Oct,PT Kartika Distrindo,PI.2025.09.00262,,UHT Omela,,2.846.630,BCA,,,,,
,04/09/2025,2 Oct,PT Greenfields Indonesia,PI.2025.09.00263,,Freshmillk,,1.366.560,VA,,,,,
,02/09/2025,2 Oct,PT Greenfields Indonesia,PI.2025.09.00264,,Freshmilk,,911.040,VA,,,,,
,09/09/2025,2 Oct,PT Greenfields Indonesia,PI.2025.09.00265,,Freshmilk,,1.594.320,VA,,,,,
,31/07/2025,2 Oct,PT Greenfields Indonesia,PI.2025.07.00280,,Freshmilk,,4.079.916,VA,,,,,
,21/08/2025,2 Oct,LYFE and CO Content Solution,EXP.2025.10.00001,,Content Planning Menu Semarang,,5.500.000,BCA,,,,,
,30/09/2025,2 Oct,PT Mentari Trans Nusantara,EXP.2025.09.00102,,Ongkos Kirim Sango + Admin,,512.500,Mandiri,,,,,
,30/09/2025,2 Oct,Akmad Gozali,EXP.2025.09.00104,,Pemeliharaan Penanaman tumbuhan La Piazza,,445.000,BCA,,,,,
,30/09/2025,2 Oct,Evani Jesslyn,EXP.2025.09.00109,,Reimburse ke CC BCA - SCA Foundation September 2025,,1.720.000,CC,,,,,
,29/09/2025,2 Oct,Evani Jesslyn,EXP.2025.10.00006,,Tokopedia - BPJS TK September 2025,,869.792,CC,,,,,
,02/10/2025,2 Oct,Evani Jesslyn,EXP.2025.10.00007,,Tokopedia - Listrik Hibirida Oktober2025,,5.003.800,CC,,,,,
,02/10/2025,2 Oct,Niko Questera,PI.2025.10.00006,,Pembelian Laptop Lenovo dari Quest,,1.675.000,BCA -TF,,,,,
,19/08/2025,2 Oct,Benawati Abas,JV.2025.08.01191,,Uang Jaminan Perpanjangan Hibrida,,10.000.000,BCA -TF,,,,,
,02/10/2025,2 Oct,UD Sukaseuri,PO.2025.10.00007,,Sayuran,,629.000,BCA -TF,,,,,
,,,,,,,,,,,,,,
,,,9 Oktober 2025,,,,,,,,,,,
,09/10/2025,9 oct,Pindah Buku 817 - 888,BT.2025.10.00006,,Pindah Buku PO Lapiz 29 Sept - 05 Okto 2025,,32.891.437,PINDAH BUKU,,,,,
,09/10/2025,9 oct,Pindah Buku 899 - 888,BT.2025.10.00007,,Pindah Buku PO MKG 29 Sept - 05 Okto 2025,,7.703.892,PINDAH BUKU,,,,,
,09/10/2025,9 oct,Pindah Buku 399 - 888,BT.2025.10.00008,,Pindah Buku PO SMS 29 Sept - 05 Okto 2025,,3.715.933,PINDAH BUKU,,,,,
,09/10/2025,9 oct,Pindah Buku 817 - 888,BT.2025.10.00009,,Pindah Buku Sisa Otor 09.10.2025,,114.489.164,PINDAH BUKU,,,,,
,09/10/2025,9 oct,Pindah Buku 817 - 888,BT.2025.10.00010,,Pindah Buku PB1 La Piazza + Admin,,33.220.582,PINDAH BUKU,,,,,
,09/10/2025,9 oct,Pindah Buku 899 - 888,BT.2025.10.00011,,Pindah Buku PB1 MKG,,2.240.700,PINDAH BUKU,,,,,
,09/10/2025,9 oct,Pindah Buku 399 - 888,BT.2025.10.00012,,Pindah Buku PB1 SMS + Admin,,1.590.740,PINDAH BUKU,,,,,
,09/10/2025,,Pettycash Card. Auto Top up Limit 1jt,BT.2025.10.00014,,Pettycash Purchasing,,999.500,,,,,,
,09/10/2025,9 oct,Kak Rinda (Pettycash card MKG),BT.2025.10.00013,,Pettycash MKG Terpakai 216rb,,500.000,TF BCA TO BCA,,,,,
,09/10/2025,,Pettycash Card. Auto Top up Limit 500rb,BT.2025.10.00015,,Pettycash SMS,,203.000,,,,,,
,06/10/2025,9 oct,Bapenda Jakarta,PI.2025.10.00045,,PB1 LAPIAZZA & MKG + Admin,,35.461.282,TAGIHAN,,,,,
,06/10/2025,9 oct,Bapenda Tangerang,EXP.2025.10.00008,,PB1 SMS + Admin,,1.590.740,TF TO BJB,,,,,
,03/10/2025,9 oct,Fetris,EXP.2025.10.00010,,"Shuttle bus MKG-SMS, shuttle bus SMS-MKG",,78.000,MAT BCA,,,,,
,30/09/2025,9 oct,Riska,EXP.2025.10.00011,,"Member parkir Oktober Kak Riska, Kak Anang, Kak Maul",,150.000,MAT BCA,,,,,
,03/10/2025,9 oct,Shella Dellina,EXP.2025.10.00019,,Paid Promote Academy Seputar Sunter,,550.000,MAT BCA,,,,,
,03/10/2025,9 oct,Galuh,PI.2025.10.00039,,Pembelian Coconut Flake,,40.400 ,MAT BCA,,,,,
,06/10/2025,9 oct,Galuh,PI.2025.10.00040,,Pembelian Daun Suji,,32.300 ,MAT BCA,,,,,
,07/10/2025,9 oct,Galuh,EXP.2025.10.00023,,Bensin Pak Joni. 07.10.2025,,19.900 ,TF BCA TO BCA,,,,,
,01/10/2025,9 oct,"Angela Cipta",EXP.2025.10.00020,,Perjalanan La Piazza - Hibrida (Bu Cipta HR),,15.000 ,MAT BCA,,,,,
,05/10/2025,9 oct,"Angela Cipta",EXP.2025.10.00021,,PP La Piazza - Hibrida (Bu Cipta HR),,30.000 ,MAT BCA,,,,,
,06/10/2025,9 oct,"Angela Cipta",EXP.2025.10.00022,,PP La Piazza - Hibrida (Bu Cipta HR),,30.000 ,MAT BCA,,,,,
,01/09/2025,,PT Summarecon Investment Property,EXP.2025.09.00007,,Listrik Periode : 21/07/2025 - 20/08/2025,,11.310.155 ,VA,,,,,
,01/09/2025,,PT Summarecon Investment Property,EXP.2025.09.00008,,Biaya Pemeliharaan Listrik Periode 21/07/2025 - 20/08/2025,,5.916.985 ,VA,,,,,
,06/10/2025,9 oct,Lancar Sukses,EXP.2025.10.00024,,"Printing stiker kaleng, dll",,145.000,MAT BCA,,,,,
,30/09/2025,9 oct,PT Mustika Citra Rasa,,,Roti Tawar Kupas September 2025,,1.248.210,MAT BCA,,,,,
,19/09/2025,9 oct,Ivan Setyawan (NAMELAKA),PI.2025.09.00292,,Earl Grey Whipped Cream,,257.750,MAT BCA,,,,,
,29/09/2025,9 oct,PT. Artemis Adhi Tirta,PI.2025.09.00291,,Spiva Bottle Water,,2.997.000,MAT BCA,,,,,
,02/10/2025,9 oct,Bella Natalia,PI.2025.10.00029,,Telur88,,290.000,MAT BCA,,,,,
,06/10/2025,9 oct,Bella Natalia,PI.2025.10.00038,,Telur88,,290.000,MAT BCA,,,,,
,07/10/2025,9 oct,UD. Sukaseuri,PI.2025.10.00028,,Sayuran,,960.000,TF BCA TO BCA,,,,,
,03/10/2025,9 oct,PT. Kideta Boga Multirasa (Cavalese),PI.2025.10.00030,,Cheesecake,,800.000,MAT BCA,,,,,
,03/10/2025,9 oct,Suket Teki Super Store,PI.2025.10.00031,,"Minyak, dll",,4.791.000,MAT BCA,,,,,
,04/10/2025,9 oct,Liara Food,PI.2025.10.00032,,"AUS Sirloin, Daging ",,1.856.700,MAT BCA,,,,,
,02/10/2025,9 oct,PT Kreasi Cipta Megatama,PI.2025.10.00033,,"Sabun cuci piring, dll",,759.000,MAT BCA,,,,,
,07/10/2025,9 oct,Kalih Kayu,PO.2025.09.00133,,Pelunasan Kalih Kayu,,1.576.560,MAT BCA,,,,,
,12/09/2025,9 oct,PT Greenfields Indonesia,5210538230,,Freshmilk,,1.366.560,VA,,,,,
,16/09/2025,9 oct,PT Greenfields Indonesia,5210540292,,Freshmilk,,911.040,VA,,,,,
,01/10/2025,9 oct,CV Panen Raya Indonesia,PI.2025.10.00036,,"Tahu bakso, dll",,5.539.150,MAT BCA,,,,,
,30/09/2025,9 oct,CV Panen Raya Indonesia,PI.2025.10.00037,,"Cake, dll",,1.939.201,MAT BCA,,,,,
,25/08/2025,9 oct,CV. Putra Gemini Agape Food,PI.2025.08.00228,,Moachi,,471.320,TF BCA TO BCA,,,,,
,29/09/2025,9 oct,PT. Berkah Surya Bersinar,PI.2025.09.00288,,"Alchemy, Dripbag, dll",,31.538.350,MAT BCA,,,,,
,26/09/2025,9 oct,PT. Berkah Surya Bersinar,PI.2025.09.00289,,Black Forest Blend,,6.384.300,MAT BCA,,,,,
,02/10/2025,9 oct,PT Asher Berkat Abadi,PI.2025.10.00044,,Aqua Galon untuk MKG cashless,,200.000,MAT BCA,,,,,
,01/10/2025,9 oct,Iwan Junianto,EXP.2025.10.00025,,Iuran Pengelolaan ,,500.002,TF BCA TO BCA,,,,,
,22/08/2025,9 oct,Lokyo,PO.2025.08.00194,,Cup 8 Oz Non Emboss + Lid (Pelunasan),,13.593.453,VALAS,,,,,
,09/10/2025,9 oct,Pajak,EXP.2025.10.00026,,PPH21 Karyawan dan non karyawan September 2025,,2.001.090,TAGIHAN,,,,,
,,,,,,,,,,,,,,
,,,16 Oktober 2025,,,,,,,,,,,
,16/10/2025,16 oct,Pindah Buku 817 - 888,BT.2025.10.00016,,Pindah Buku PO Lapiz 06 - 12 Okto 2025,,33.936.625,,,,,,
,16/10/2025,16 oct,Pindah Buku 899 - 888,BT.2025.10.00017,,Pindah Buku PO MKG 06 - 12 Okto 2025,,6.550.918,,,,,,
,16/10/2025,16 oct,Pindah Buku 399 - 888,BT.2025.10.00018,,Pindah Buku PO SMS 06 - 12 Okto 2025,,3.198.733,,,,,,
,16/10/2025,16 oct,Pindah Buku 817 - 888,BT.2025.10.00020,,Pindah Buku Utilities Lapiz,,56.832.526,,,,,,
,16/10/2025,16 oct,Pindah Buku 899 - 888,BT.2025.10.00021,,Pindah Buku Utilities MKG,,3.815.043,,,,,,
,16/10/2025,16 oct,Pindah Buku 399 - 888,BT.2025.10.00022,,Pindah Buku Utilities SMS,,4.170.213,,,,,,
,16/10/2025,,Pettycash Card. Auto Top up Limit 1jt,BT.2025.10.00023,,Pettycash Purchasing,,965.634,,,,,,
,16/10/2025,,Pettycash Card. Auto Top up Limit 500rb,BT.2025.10.00024,,Pettycash SMS,,224.000,,,,,,
,16/10/2025,16 oct,Kak Rinda (Pettycash card MKG),BT.2025.10.00025,,Pettycash MKG,,216.000,MAT BCA,,,,,
,11/10/2025,16 oct,"Angela Cipta",EXP.2025.10.00045,,Perjalanan dinas JKT - SMG,,488.000,MAT BCA,,,,,
,11/10/2025,16 oct,"Angela Cipta",EXP.2025.10.00046,,Lapiz ke hibrida HR 11.10.2025,,15.000,MAT BCA,,,,,
,09/10/2025,16 oct,"Angela Cipta",EXP.2025.10.00047,,Lapiz ke hibrida HR - 09.10.2025,,15.000,MAT BCA,,,,,
,08/10/2025,16 oct,"Angela Cipta",EXP.2025.10.00048,,Lapiz ke hibrida HR - 08.10.2025,,15.000,MAT BCA,,,,,
,04/10/2025,16 oct,"Angela Cipta",EXP.2025.10.00049,,Laundry Seragam Operasional,,30.000,MAT BCA,,,,,
,09/10/2025,16 oct,Michelle ,EXP.2025.10.00027,,"Untuk print sertifikat workshop dan kelas lokal (total 13 pcs) dan untuk cetak modul kelas barista 5 pcs, kelas sensory 5 pcs, dan kelas manual brew 5 pcs",,588.000,MAT BCA,,,,,
,10/10/2025,16 oct,Fetris ,EXP.2025.10.00028,,"Shuttle bus MKG-SMS, shuttle bus SMS-MKG",,78.000,MAT BCA,,,,,
,02/10/2025,16 oct,Shella Dellina,EXP.2025.10.00029,,meta ads,,674.825,MAT BCA,,,,,
,08/10/2025,16 oct,Shella Dellina,EXP.2025.10.00030,,cetak voucher academy,,11.500,MAT BCA,,,,,
,10/10/2025,16 oct,Shella Dellina,EXP.2025.10.00031,,pengiriman sample booklet ke percetakan,,19.000,MAT BCA,,,,,
,11/10/2025,16 oct,Shella Dellina,EXP.2025.10.00032,,paid promote promo free latte sms - gadingserpongupdate,,200.000,MAT BCA,,,,,
,10/10/2025,16 oct,Shella Dellina,EXP.2025.10.00033,,paid promote promo free latte sms - gadingserponginfo,,30.000,MAT BCA,,,,,
,10/10/2025,16 oct,Shella Dellina,EXP.2025.10.00034,,paid promote promo free latte sms - gadingserpongpromo,,50.000,MAT BCA,,,,,
,11/10/2025,16 oct,Shella Dellina,EXP.2025.10.00035,,paid promote promo free latte sms - gadingserpongviral,,100.000,MAT BCA,,,,,
,14/10/2025,16 oct,Galuh,EXP.2025.10.00035,,"RnD Kitchen : tepung cakra kembar, fermifan, ibis blue",,36.034,MAT BCA,,,,,
,14/10/2025,16 oct,Galuh,PI.2025.10.00070,,Pisang kepok 3 sisir,,60.000,MAT BCA,,,,,
,01/09/2025,16 oct,PT Summarecon Investment Property,EXP.2025.09.00007,,Listrik Periode : 21/07/2025 - 20/08/2025,,11.310.155 ,VA,,,,,
,01/09/2025,16 oct,PT Summarecon Investment Property,EXP.2025.09.00008,,Biaya Pemeliharaan Listrik Periode 21/07/2025 - 20/08/2025,,5.916.985 ,VA,,,,,
,01/10/2025,16 oct,PT Summarecon Investment Property,EXP.2025.10.00050,,SC LPZ - Inc GF - 10 # 1 Oct 2025 - 31 Oct 2025,,25.250.000,VA,,,,,
,01/10/2025,16 oct,PT Summarecon Investment Property,EXP.2025.10.00051,,Air Periode : 21/08/2025 s/d 20/09/2025,,2.498.040,VA,,,,,
,01/10/2025,16 oct,PT Summarecon Investment Property,EXP.2025.10.00052,,Gas Periode : 21/08/2025 s/d 20/09/2025,,11.551.068,VA,,,,,
,01/10/2025,16 oct,PT Summarecon Investment Property,EXP.2025.10.00053,,Listrik Periode : 21/08/2025 s/d 20/09/2025,,11.568.357,VA,,,,,
,01/10/2025,16 oct,PT Summarecon Investment Property,EXP.2025.10.00054,,Biaya Pemeliharaan Listrik Periode : 21/08/2025 s/d 20/09/2025,,5.965.061,VA,,,,,
,01/10/2025,16 oct,PT Summarecon Investment Property (MKG),EXP.2025.10.00055,,Service Charges - Pendapatan 1F - K / 203 # 1 Oct 2025 - 31 Oct 2025 (MKG),,2.636.100,VA,,,,,
,01/10/2025,,PT Summarecon Investment Property (MKG),EXP.2025.10.00056,,Air Periode : 21/08/2025 s/d 20/09/2025 (MKG),,315.360,VA,,,,,
,01/10/2025,16 oct,PT Summarecon Investment Property (MKG),EXP.2025.10.00057,,Listrik Periode : 21/08/2025 s/d 20/09/2025 (MKG),,596.903,VA,,,,,
,01/10/2025,16 oct,PT Summarecon Investment Property (MKG),EXP.2025.10.00058,,Biaya Pemeliharaan Listrik Periode : 21/08/2025 s/d 20/09/2025 (MKG),,266.680,VA,,,,,
,01/10/2025,16 oct,PT Lestari Mahadibya (SMS),EXP.2025.10.00059,,SC Island Counter - Revenue 1F - IC22 # 01 Oct - 31 Oct 2025 (SMS),,1.568.025,VA,,,,,
,01/10/2025,16 oct,PT Lestari Mahadibya (SMS),EXP.2025.10.00060,,Electric : 28/07/2025 - 20/09/2025 (SMS),,1.119.675,VA,,,,,
,01/10/2025,16 oct,PT Lestari Mahadibya (SMS),EXP.2025.10.00061,,Biaya Pemeliharaan Electric : 28/07/2025 - 20/09/2025 (SMS),,1.388.230,VA,,,,,
,01/10/2025,16 oct,PT Lestari Mahadibya (SMS),EXP.2025.10.00062,,PAM Periode 21.08.2025 - 20.09.2025 (SMS),,94.284,VA,,,,,
,10/10/2025,16 oct,Bella Natalia,PI.2025.10.00077,,Telur88 15kg,,445.000,MAT BCA,,,,,
,13/10/2025,16 oct,Bella Natalia,PI.2025.10.00071,,Telur88 15kg,,445.000,MAT BCA,,,,,
,10/10/2025,16 oct,CV Panen Raya Indonesia,PI.2025.10.00075,,PO Frozen Food,,6.159.405,MAT BCA,,,,,
,13/10/2025,16 oct,CV Panen Raya Indonesia,PI.2025.10.00074,,PO Frozen Food,,1.237.110,MAT BCA,,,,,
,11/10/2025,16 oct,CV Panen Raya Indonesia,PI.2025.10.00076,,PO Cake,,188.121,MAT BCA,,,,,
,14/10/2025,16 oct,Natasha (Beras),PI.2025.10.00078,,Beras,,675.000,MAT BCA,,,,,
,14/10/2025,16 oct,PT Mulia Raya Agrijaya,PI.2025.10.00079,,Cooking Cream,,1.047.510,TF BCA TO BCA,,,,,
,14/10/2025,16 oct,PT Kartika Distrindo,PI.2025.10.00080,,UHT Omela,,2.846.630,TF BCA TO BCA,,,,,
,09/10/2025,16 oct,PT Asher Berkat Abadi,PI.2025.10.00084,,Aqua Galon,,120.000,MAT BCA,,,,,
,19/09/2025,16 oct,PT Greenfields Indonesia,5210545339,,Freshmilk,,1.138.800,VA,,,,,
,15/03/2025,16 oct,PT Greenfields Indonesia,5222463395,,Freshmilk pengiriman 15.03.2024 3 Karton,,683.280,VA,,,,,
,22/03/2025,16 oct,PT Greenfields Indonesia,5222468985,,Freshmilk pengiriman 22.03.2024 6 Karton,,1.366.560,VA,,,,,
,19/03/2024,16 oct,PT Greenfields Indonesia,5222466324,,Freshmilk pengiriman 19.03.2024 5 Karton,,1.138.800,VA,,,,,
,10/10/2025,16 oct,AJS Aquaman,PI.2025.10.00090,,"Amidis, Le Mineral",,128.500,MAT BCA,,,,,
,10/10/2025,16 oct,UD. Sukaseuri,PI.2025.10.00088,,Sayuran,,676.000,MAT BCA,,,,,
,14/10/2025,16 oct,UD. Sukaseuri,PI.2025.10.00089,,Sayuran,,634.000,MAT BCA,,,,,
,,,,,,,,,,,,,,
,19/09/2025,16 oct,Evani Jesslyn,PI.2025.09.00295,,Tokopedia  BSD  - samiya jaya,,14.600,CC,,,,,
,20/09/2025,16 oct,Evani Jesslyn,PI.2025.09.00296,,Tokopedia  BSD - Dapur Oke,,204.984,CC,,,,,
,20/09/2025,16 oct,Evani Jesslyn,PI.2025.09.00297,,Tokopedia  BSD -  mesin rms,,31.300,CC,,,,,
,20/09/2025,16 oct,Evani Jesslyn,PI.2025.09.00298,,Tokopedia  BSD -  COOGER Indonesia,,114.400,CC,,,,,
,20/09/2025,16 oct,Evani Jesslyn,PI.2025.09.00299,,Tokopedia  BSD - HomemasterShop,,666.000,CC,,,,,
,20/09/2025,16 oct,Evani Jesslyn,PI.2025.09.00300,,Tokopedia  BSD - homeshop05,,224.310,CC,,,,,
,20/09/2025,16 oct,Evani Jesslyn,PI.2025.09.00301,,Tokopedia  BSD - ichimegastore,,52.386,CC,,,,,
,20/09/2025,16 oct,Evani Jesslyn,PI.2025.09.00302,,Tokopedia  BSD - Lbagstoremall,,37.872,CC,,,,,
,20/09/2025,16 oct,Evani Jesslyn,PI.2025.09.00303,,Tokopedia  BSD - Maharaja Coffee,,498.099,CC,,,,,
,20/09/2025,16 oct,Evani Jesslyn,PI.2025.09.00304,,Tokopedia  BSD - MINITOOLS,,109.500,CC,,,,,
,20/09/2025,16 oct,Evani Jesslyn,PI.2025.09.00305,,Tokopedia  BSD -  plastikindo,,33.300,CC,,,,,
,20/09/2025,16 oct,Evani Jesslyn,PI.2025.09.00306,,Tokopedia  BSD - Restomart Kitchen Solution,,939.676,CC,,,,,
,20/09/2025,16 oct,Evani Jesslyn,PI.2025.09.00307,,Tokopedia  BSD - SARANA RESIK JATINEGARA,,57.500,CC,,,,,
,20/09/2025,16 oct,Evani Jesslyn,PI.2025.09.00308,,Tokopedia  BSD - The Lavazo Coffee,,46.900,CC,,,,,
,20/09/2025,16 oct,Evani Jesslyn,PI.2025.09.00309,,Tokopedia  BSD - Toko Dhevka_NEW,,56.200,CC,,,,,
,20/09/2025,16 oct,Evani Jesslyn,PI.2025.09.00310,,Tokopedia  BSD - Vesperindo_NEW,,19.850,CC,,,,,
,22/09/2025,16 oct,Evani Jesslyn,PI.2025.09.00311,,Tokopedia HO - Arteristo Indonesia,,334.540,CC,,,,,
,22/09/2025,16 oct,Evani Jesslyn,PI.2025.09.00312,,Tokopedia HO - officeXpres,,249.250,CC,,,,,
,22/09/2025,16 oct,Evani Jesslyn,PI.2025.09.00313,,Tokopedia HO - ATK Pasar Pagi Official,,155.075,CC,,,,,
,22/09/2025,16 oct,Evani Jesslyn,PI.2025.09.00314,,Tokopedia Lapiz- Best.mart999,,17.240,CC,,,,,
,22/09/2025,16 oct,Evani Jesslyn,PI.2025.09.00315,,Tokopedia HO - Fokus888,,30.000,CC,,,,,
,22/09/2025,16 oct,Evani Jesslyn,PI.2025.09.00316,,Tokopedia HO - TokoCartridge,,100.485,CC,,,,,
,,,,,,,,,,,,,,
,,,23 Oktober 2025,,,,,,,,,,,
,23/10/2025,23 oct,Pindah Buku 817 - 888,BT.2025.10.00026,,Pindah Buku PO Lapiz  13 - 19 Okto 2025,,42.601.687,,,,,,
,24/10/2025,23 oct,Pindah Buku 899 - 888,BT.2025.10.00027,,Pindah Buku PO MKG 13 - 19 Okto 2025,,8.962.828,,,,,,
,25/10/2025,23 oct,Pindah Buku 399 - 888,BT.2025.10.00028,,Pindah Buku PO SMS 13 - 19 Okto 2025,,2.765.923,,,,,,
,26/10/2025,ok,Pettycash Card. Auto Top up Limit 1jt,BT.2025.10.00029,,Pettycash Purchasing,,554.490,,,,,,
,27/10/2025,ok,Pettycash Card. Auto Top up Limit 500rb,BT.2025.10.00030,,Pettycash SMS,,186.000,,,,,,
,28/10/2025,ok,Pettycash Card. Auto Top up Limit 500rb,BT.2025.10.00031,,Pettycash La Piazza,,420.827,,,,,,
,29/10/2025,23 oct,Kak Rinda (Pettycash card MKG),BT.2025.10.00032,,Pettycash MKG,,234.000,TF,,,,,
,21/10/2025,23 oct,Fetris,EXP.2025.10.00070,,"Shuttle bus MKG-SMS, shuttle bus SMS-MKG ",,78.000,MAT,,,,,
,20/10/2025,23 oct,Riska,EXP.2025.10.00072,,Lalamove dari lapiazza ke hibrida,,87.381,MAT,,,,,
,22/10/2025,23 oct,Evani Jesslyn,JV.2025.10.00735,,Pembayaran Hutang Evani JV.2025.10.00735,,3.146.248,MAT,,,,,
,18/12/2024,23 oct,Evani Jesslyn,PI.2023.12.00234,,Reimburse DP pembelian Pt. Harvest Coffee Forenity (Mesin asterion academy),,20.000.000,TF,,,,,
,20/10/2025,23 oct,PT Lestari Mahadibya (SMS),EXP.2025.10.00063,,D22025100968 - Rent 01 - 30 Sep 2025,,131.441,VA,,,,,
,01/10/2025,,PT Summarecon Investment Property (MKG),EXP.2025.10.00056,,Air Periode : 21/08/2025 s/d 20/09/2025 (MKG),,315.360,VA,,,,,
,01/10/2025,23 oct,PT Summarecon Investment Property (MKG),EXP.2025.10.00057,,Listrik Periode : 21/08/2025 s/d 20/09/2025 (MKG),,596.903,VA,,,,,
,17/10/2025,23 oct,Cavalese,PI.2025.10.00107,,Cheesecake,,800.000,MAT,,,,,
,17/10/2025,23 oct,PT Berkah Surya Bersinar,PI.2025.10.00108,,"Beans, Set Packaging",,27.884.650,MAT,,,,,
,24/07/2025,26 oct,PT. Etos Suryanusa,EXP.2025.07.00099,,Jasa pengendalian hama serangga dan tikus bulan Juli 2025 + Adm 2.500,,837.185,TF to UOB,,,,,
,15/10/2025,pending,PT Restomart,PI.2025.10.00109,Opening BSD,Pelunasan Restomart,,137.500.000,,,,,,
,17/10/2025,23 oct,PT Asher Berkat Abadi,PI.2025.10.00110,,SCA Exam Foundation Intermediate Oktober,,120.000,TF,,,,,
,22/10/2025,23 oct,CC BCA Miss Evani,EXP.2025.10.00071,,,,2.552.878,CC,,,,,
,22/10/2025,23 oct,Pak Sugeng,EXP.2025.10.00073,,Perbaikan AC,,1.745.000,MAT,,,,,
,16/10/2025,23 oct,PT Arthemis Adhi Tirta,PI.2025.10.00111,,Spiva,,2.997.000,MAT,,,,,
,16/10/2025,23 oct,Bella Natalia,PI.2025.10.00112,,Telur,,305.000,MAT,,,,,
,19/10/2025,23 oct,Suket Teki Super Store,PI.2025.10.00113,,"Kecap, dll",,1.830.491,MAT,,,,,
,16/10/2025,23 oct,Pak Tumin,PI.2025.10.00120,,Sayuran 17.10.2025,,876.000,,,,,,
,21/10/2025,23 oct,Pak Tumin,PI.2025.10.00119,,Sayuran 21.10.2025,,1.034.000,,,,,,
,,,,,,,,,,,,,,
,,,25 Oktober 2025,,,,,,,,,,,
,23/10/2025,26 oct,PT. ANEKA FROZE TRIUTAMA,PI.2025.10.00121,Opening BSD,DP Pembelian Showcase Cake,,7.500.000,TF,,,,,
,23/10/2025,26 oct,Pudak Oriental Indonesia,PI.2025.10.00122,,DP Pembelian Suji Server,,3.750.000,TF,,,,,
,24/10/2025,26 oct,Kaloka,PO.2025.10.00176,,Pembelian Kaloka,,9.120.000,TF,,,,,
,,,,,,,,,,,,,,
,,,30 Oktober 2025,,,,,,,,,,,
,30/10/2025,30 oct,Pindah Buku 817 - 888,BT.2025.10.00033,,Pindah Buku PO Lapiz  20 - 26 Okto 2025,,16.268.388,,,,,,
,30/10/2025,30 oct,Pindah Buku 899 - 888,BT.2025.10.00034,,Pindah Buku PO MKG 20 - 26 Okto 2025,,4.223.823,,,,,,
,30/10/2025,30 oct,Pindah Buku 399 - 888,BT.2025.10.00035,,Pindah Buku PO SMS 20 - 26 Okto 2025,,591.765,,,,,,
,30/10/2025,30 oct,Pindah Buku 817 - 888,BT.2025.10.00036,,Payroll La Piazza Oktober 2025,,184.931.237,,,,,,
,30/10/2025,30 oct,Pindah Buku 899 - 888,BT.2025.10.00037,,Payroll MKG Oktober 2025,,8.172.000,,,,,,
,30/10/2025,30 oct,Pindah Buku 399 - 888,BT.2025.10.00038,,Payroll SMS Oktober 2025,,11.006.400,,,,,,
,,ok,Pettycash Card. Auto Top up Limit 1jt,BT.2025.10.00036,,Pettycash Purchasing,,394.000,,,,,,
,,ok,Pettycash Card. Auto Top up Limit 1jt,BT.2025.10.00037,,Pettycash Marketing,,165.000,,,,,,
,,,Pettycash Card. Auto Top up Limit 500rb,BT.2025.10.00038,,Pettycash SMS,,183.000,,,,,,
,,ok,Pettycash Card. Auto Top up Limit 500rb,BT.2025.10.00039,,Pettycash La Piazza,,0,,,,,,
,,ok,Pettycash Card. Auto Top up Limit 500rb,BT.2025.10.00040,,Pettycash MKG,,234.000,,,,,,
,22/10/2025,30 oct,Aubrey Elisa Maydeline,EXP.2025.10.00075,,Transportasi Kebutuhan Dokumentasi,,83.000,TF -  BCA,"Total diotor untuk aubrey 136.500. aku salah otor yg 53.300, jadi aku tambahkan 83.000 untuk diotor",,,,
,,30 oct,,,,,,53.500,TF -  BCA,,,,,
,24/10/2025,CANCEL,Aubrey Elisa Maydeline,EXP.2025.10.00076,,Transport BSD-KLP GADING,,53.500,TF -  BCA,,,,,
,16/10/2025,30 oct,Michelle ,EXP.2025.10.00077,,Untuk cetak modul tambahan SCA Sensory,,258.400,MAT,,,,,
,26/10/2025,30 oct,Angela Cipta,EXP.2025.10.00078,,Perjalanan dari semarang ke jakarta,,571.500,MAT,,,,,
,24/10/2025,30 oct,Shella Dellina,EXP.2025.10.00081,,paid promote gadingserpongupdate (promo free cake SMS),,200.000,MAT,,,,,
,27/10/2025,30 oct,Angela Cipta,EXP.2025.10.00079,,Pp hibrida lapiz hibrida bareng akunting dan audit,,37.000,MAT,,,,,
,20/10/2025,30 oct,Shella Dellina,EXP.2025.10.00080,,pengiriman sample kertas untuk brosur jacoweek,,24.000,MAT,,,,,
,20/10/2025,30 oct,Shella Dellina,EXP.2025.10.00082,,cetak pricelist gojek a5,,5.300,MAT,,,,,
,25/10/2025,30 oct,Shella Dellina,PI.2025.10.00123,,pembelian microphone untuk pembuatan konten,,153.000,MAT,,,,,
,26/10/2025,30 oct,Evani Jesslyn,JV.2025.10.00920,,Reimbursement Refund workshop a.n Fikry Ardiansyah ,,52.500,TF -  BCA,,,,,
,27/10/2025,30 oct,Niko Questera,PI.2025.10.00151,,Reimbursement DP sound system BSD,,3.000.000,TF -  BCA,,,,,
,01/10/2025,pending,PT Summarecon Investment Property (MKG),EXP.2025.10.00056,,Air Periode : 21/08/2025 s/d 20/09/2025 (MKG),,315.360,PENDING,,,,,
,25/10/2025,30 oct,PT Kartika Distrindo,PI.2025.10.00124,,UHT Omela,,1.897.754,MAT,,,,,
,25/10/2025,30 oct,Suket Teki Super Stpre,PI.2025.10.00125,,"Gula, dll",,1.664.164,MAT,,,,,
,24/10/2025,30 oct,Natasha (Beras),PI.2025.10.00126,,Beras,,375.000,MAT,,,,,
,17/10/2025,30 oct,PT Sukanda Djaya,PI.2025.10.00127,,Sosis Riverland,,576.756,MAT,,,,,
,27/10/2025,30 oct,Warung Kelapa Muda Kitty,PI.2025.10.00128,,Kelapa Muda,,150.000,MAT,,,,,
,20/10/2025,30 oct,Telur88,PI.2025.10.00129,,Telur,,305.000,MAT,,,,,
,24/10/2025,30 oct,Telur88,PI.2025.10.00142,,Telur,,300.000,MAT,,,,,
,27/10/2025,30 oct,Telur88,PI.2025.10.00143,,Telur,,210.000,MAT,,,,,
,24/10/2025,30 oct,Telur88,PI.2025.10.00144,,Telur Event Da Vinci,,60.000,MAT,,,,,
,28/10/2025,30 oct,Cavalese,PI.2025.10.00145,,Cheesecake,,400.000,MAT,,,,,
,26/08/2025,30 oct,PT Greenfields Indonesia,5210525498,,Freshmilk,,455.520,VA,,,,,
,04/09/2025,30 oct,PT Greenfields Indonesia,5210549309,,Freshmilk,,455.520,VA,,,,,
,30/09/2025,30 oct,PT Greenfields Indonesia,5210553048,,Freshmilk,,1.138.800,VA,,,,,
,30/09/0205,30 oct,PT Greenfields Indonesia,5210553052,,Yogurt,,219.114,VA,,,,,
,30/09/2025,30 oct,PT Greenfields Indonesia,5210553049,,freshmilk,,455.520,VA,,,,,
,03/10/2025,30 oct,PT Greenfields Indonesia,5210558997,,freshmilk,,1.138.800,VA,,,,,
,27/10/2025,30 oct,PT. Berkah Surya Bersinar,PI.2025.10.00154,,Green Bean,,663.500,MAT,,,,,
,28/10/2025,30 oct,CV Panen Raya Indonesia,EXP.2025.10.00099,,Reimbursement Transportasi ke PT Sango Ceramics Indonesia,,215.000,MAT,,,,,
,25/09/2025,30 oct,CV. Pratama Multi Consulting,EXP.2025.09.00110,,Jasa Konsultan Pajak September 2025,,1.500.000,MAT,,,,,
,25/10/2025,30 oct,CV. Pratama Multi Consulting,EXP.2025.10.00096,,Jasa Konsultan Pajak Oktober 2025,,1.500.000,MAT,,,,,
,24/10/2025,30 oct,Danis Yulianto,EXP.2025.10.00097,,Strada Graphic Design Monthly - Oktober2025,,6.000.000,MAT,,,,,
,27/10/2025,30 oct,Winny Timothy Senala Talaksoru,EXP.2025.10.00098,,Visit Kuliner on Sunday + Adm Bank,,2.252.500,TF - BLU,,,,,
,24/10/2025,30 oct,Pak Tumin,PI.2025.10.00157,,"Sayuran 24,10,2025",,712.000,TF -  BCA,,,,,
,26/10/2025,30 oct,Pak Tumin,PI.2025.10.00155,,Sayuran Event Da Vinci,,52.000,MAT,,,,,
,12/08/2025,30 oct,True Chef and Baker,PI.2025.08.00231,,PO Bread SMS dan MKG Del. 12.08.2025,,193.200,TF -  BCA,,,,,
,15/08/0205,30 oct,True Chef and Baker,PI.2025.10.00152,,PO Bread SMS dan MKG Del. 15.08.2025,,57.400,TF -  BCA,,,,,
,19/08/2025,30 oct,True Chef and Baker,PI.2025.08.00232,,PO Bread MKG Dan SMS,,96.600,TF -  BCA,,,,,
,22/08/2025,30 oct,True Chef and Baker,PI.2025.10.00153,,PO SMS dan MKG Del. 22.08.2025,,57.200,TF -  BCA,,,,,
,29/08/2025,30 oct,True Chef and Baker,PI.2025.08.00233,,PO Bread MKG Del. 29.08.2025,,64.400,TF -  BCA,,,,,
,26/08/2025,30 oct,True Chef and Baker,PI.2025.08.00235,,PO Bread MKG Del. 26.08.2025,,51.800,TF -  BCA,,,,,
,28/10/2025,30 oct,Sugeng Ariyanto,EXP.2025.10.00100,,Pengerjaan Panel SMS ,,1.300.000,TF BCA,,,,,
,,,4 November 2025,,,,,,,,,,,
,04/11/2025,,PT. Prambanan Kencana,PI.2025.11.00001,,Mozzarella ,,"1.224.115,08",TF - BCA,,,,,
,,,6 November 2025,,,,,,,,,,,
,06/11/2025,7 Nov,Pindah Buku,,,Pindah Buku Otor 06.11.2025,,250.000.000,BCA,,,,,
,,,Pettycash Card. Auto Top up Limit 1jt,,,Pettycash Purchasing,,532.840,,,,,,
,,,Pettycash Card. Auto Top up Limit 500rb,,,Pettycash SMS,,223.000,,,,,,
,,,Pettycash Card. Auto Top up Limit 500rb,,,Pettycash La Piazza,,239.542,,,,,,
,,,Pettycash Card. Auto Top up Limit 500rb,,,Pettycash MKG,,216.000,,,,,,
,04/11/2025,7 Nov,Reimbursement ke UOB Pak Robert,JV.2025.11.00015,,Pembayaran Restomart + Admin,,"145.002.500,00",UOB,,,,,
,01/11/2025,7 Nov,Aubrey,EXP.2025.11.00001,,PP Shuttke dan Gojek BSD - SMS. Jacoweek,,"115.000,00",BCA,,,,,
,31/10/2025,7 Nov,Fteris,EXP.2025.11.00002,,PP Shuttle MKG - SMS dan Gocar MKG - Hibrida,,"110.000,00",BCA,,,,,
,29/10/2025,7 Nov,Bu Cipta,EXP.2025.11.00003,,PP Hibrida  - La Piazza 29.10.2025 (HR),,"15.500,00",BCA,,,,,
,30/10/2025,7 Nov,Bu Cipta,EXP.2025.10.00102,,PP Hibrida  - La Piazza 30.10.2025 (HR),,"22.000,00",BCA,,,,,
,01/11/2025,7 Nov,Bu Cipta,EXP.2025.11.00004,,PP Hibrida  - La Piazza 01.11.2025 (HR),,"34.500,00",BCA,,,,,
,02/11/2025,7 Nov,Bu Cipta,EXP.2025.11.00005,,PP Hibrida  - La Piazza 02.11.2025 (HR),,"30.000,00",BCA,,,,,
,03/11/2025,7 Nov,Bu Cipta,EXP.2025.11.00006,,PP Hibrida  - La Piazza 03.11.2025 (HR),,"25.000,00",BCA,,,,,
,31/10/2025,7 Nov,Riska,EXP.2025.10.00101,,Reimbursement Member Parkir Staff (Anang & Riska),,"100.000,00",BCA,,,,,
,05/11/2025,7 Nov,Pak Joni,EXP.2025.11.00007,,Service Motor,,"126.000,00",BCA,,,,,
,05/11/2025,7 Nov,Ade Vidianto,JV.2025.11.00080,,Refund Payment SCA Class,,"300.000,00",BCA,,,,,
,03/11/2025,7 Nov,Iwan Julianto,EXP.2025.11.00019,,Iuran Pengelolaan Lingkungan untuk Bulan November Tahun 2025 Riviera Plaza Hibrida,,"500.002,00",BCA,,,,,
,06/11/2025,,Deren Mokoginta,EXP.2025.11.00020,,Perpanjangan Quinos Cloud La Piazza 2025 - 2026,,"3.000.000,00",TF,,,,,
,06/11/2025,7 Nov,Bapenda Jakarta,"DFT.16844",,PB1 La Piazza & MKG + Adm Bank,,"38.079.755,00","37.939.615,20",,,,,
,06/11/2025,7 Nov,Bapenda Tangerang,DFT.16932,,PB1 SMS + Adm Bank,,"1.369.925,00",TF,,,,,
,06/11/2025,7 Nov,BPJS,EXP.2025.11.00008,,BPJSTK - Oktober 2025,,"866.292,00",,,,,,
,23/09/2025,7 Nov,PT. Etos Suryanusa,EXP.2025.10.00104,,Jasa pengendalian hama serangga dan tikus bulan September 2025 + Admin Bank,,"837.184,68",UOB,,,,,
,01/11/2025,7 Nov,Accurate,EXP.2025.11.00018,,Accurate November 2025,,"344.100,00",VA,,,,,
,01/10/2025,PENDING,PT Summarecon Investment Property (MKG),EXP.2025.10.00056,,Air Periode : 21/08/2025 s/d 20/09/2025 (MKG),,"315.360,00",VA,Min Sewa awal,Min Sewa year 2,,,
,01/11/2025,7 Nov,PT Summarecon Investment Property (MKG),JV.2025.11.00081,,Add Rental Deposit - Island Counter 1F - K / 203 (MKG),,"2.140.000,00",VA,2.636.000,3.000.000,,,
,01/11/2025,7 Nov,PT Summarecon Investment Property (MKG),EXP.2025.11.00010,,Service Charges - Pendapatan 1F - K / 203 # 1 Nov 2025 - 30 Nov 2025 (MKG),,"2.636.100,00",VA,Deposit,,,,
,01/11/2025,7 Nov,PT Summarecon Investment Property (MKG),EXP.2025.11.00011,,Listrik Periode : 21/09/2025 s/d 20/10/2025 (MKG),,"580.197,00",VA,9.860.000,12.000.000,,,
,01/11/2025,7 Nov,PT Summarecon Investment Property (MKG),EXP.2025.11.00012,,Biaya Pemeliharaan Listrik Periode : 21/09/2025 s/d 20/10/2025 (MKG),,"263.570,00",VA,,2.140.000,,,
,01/11/2025,7 Nov,PT Summarecon Investment Property (MKG),EXP.2025.11.00013,,Air Periode : 21/09/2025 s/d 20/10/2025 (MKG),,"83.160,00",VA,,,,,
,01/11/2025,7 Nov,PT Summarecon Investment Property (MKG),EXP.2025.10.00103,,Rent 01-30 Sep 2025 (MKG),,"402.197,00",VA,,,,,
,01/11/2025,7 Nov,PT Lestari Mahadibya (SMS),EXP.2025.11.00014,,SC Island Counter - Revenue 1F - IC22 # 01 Nov - 30 Nov 2025 (SMS),,"1.568.025,00",VA,,,,,
,01/11/2025,7 Nov,PT Lestari Mahadibya (SMS),EXP.2025.11.00015,,Electric : 21/09/2025 - 20/10/2025 1F - IC22 (SMS),,"622.722,00",VA,,,,,
,01/11/2025,7 Nov,PT Lestari Mahadibya (SMS),EXP.2025.11.00016,,Biaya Pemeliharaan Electric : 21/09/2025 - 20/10/2025 1fF - IC22 (SMS),,"706.565,00",VA,,,,,
,01/11/2025,7 Nov,PT Lestari Mahadibya (SMS),EXP.2025.11.00017,,PAM : 21/09/2025 - 20/10/2025 1F - IC22,,"33.696,00",VA,,,,,
,29/10/2025,7 Nov,PT Berkah Surya Bersinar,DFT.16846,,"Matcha Strada, Black Forest, DLL",,"14.786.000,00",BCA,,,,,
,28/10/2025,7 Nov,CV Panen Raya Indonesia,"DFT.16847",,Frozen Cake,,"1.190.110,00",BCA,,,,,
,27/10/2025,7 Nov,CV Panen Raya Indonesia,"DFT.16848",,Frozen Food,,"2.999.250,00",BCA,,,,,
,24/10/2025,7 Nov,CV Panen Raya Indonesia,"DFT.16849",,Frozen Cake Urgent,,"1.330.000,00",BCA,,,,,
,06/11/2025,7 Nov,CV Panen Raya Indonesia,JV.2025.11.00079,,Refund Academy a.n Dea Rosalia Tandea,,"2.000.000,00",BCA,,,,,
,10/10/2025,7 Nov,PT Greenfields Indonesia,5210565442,,Freshmilk - 10.10.2025,,"1.138.800,00",VA,,,,,
,08/10/2025,7 Nov,PT Greenfields Indonesia,5210569583,,Freshmilk - 08.10.2025,,"1.594.320,00",VA,,,,,
,14/10/2025,7 Nov,PT Greenfields Indonesia,5210569322,,Freshmilk SMS - 14.10.2025,,"455.520,00",VA,,,,,
,16/09/2025,7 Nov,PT Greenfields Indonesia,5210549419,,Freshmilk SMS - 16.09.2025,,"455.520,00",VA,,,,,
,,7 Nov,PT Mustika Cipta Rasa,DFT.16855 s/d DFT.16864,,Roti Tawar Oktober 2025,,"1.788.480,00",BCA,,,,,
,30/10/2025,7 Nov,PT Karunia Putranata Berhikmat,"DFT.16866",,Singkong D-9,,"470.000,00",BCA,,,,,
,03/11/2025,7 Nov,PT Karunia Putranata Berhikmat,"DFT.16867",,Mangga Frozen,,"385.000,00",BCA,,,,,
,31/10/2025,7 Nov,J-Pack Food Packaging,"DFT.16869",,Box Take Away Kitchen,,"165.000,00",BCA,,,,,
,05/11/2025,7 Nov,J-Pack Food Packaging,"DFT.16870",,Box Take Away Kitchen,,"165.000,00",BCA,,,,,
,09/10/2025,7 Nov,Namelaka,"DFT.16872",,"Lemon Yuzu, Ear Grey Whipped Cream",,"184.625,00",BCA,,,,,
,23/10/2025,7 Nov,Namelaka,"DFT.16873",,Blueberry Jam,,"44.000,00",BCA,,,,,
,24/10/2025,7 Nov,PT Asher Berkat Abadi,DFT.16874,,AQUA GALON MKG - 24.10.2025,,"120.000,00",BCA,,,,,
,27/10/2025,7 Nov,PT Asher Berkat Abadi,DFT.16875,,Air MIneral HO,,"231.000,00",BCA,,,,,
,01/11/2025,7 Nov,PT Asher Berkat Abadi,DFT.16877,,AQUA GALON MKG - 01.11.2025,,"120.000,00",BCA,,,,,
,03/11/2025,7 Nov,PT Asher Berkat Abadi,DFT.16878,,Air MIneral HO,,"168.000,00",BCA,,,,,
,04/11/2025,7 Nov,PT Kideta Boga Multirasa (Cavalese),"DFT.16879",,Cheesecake,,"800.000,00",BCA,,,,,
,31/10/2025,7 Nov,Liara Food,"DFT.16880",,AUS Sirloin,,"4.699.500,00",BCA,,,,,
,04/11/2025,7 Nov,PT Kartika Distrindo,"DFT.16881",,UHT Omela,,"1.707.978,96",BCA,,,,,
,31/10/2025,7 Nov,PT Kreasi Cipta Megatama,"DFT.16882",,"Sabun Cuci Piring, dll",,"849.000,00",BCA,,,,,
,23/10/2025,7 Nov,Sanpota Batara Indonesia,"DFT.16883",,Untuk pembayaran Cup Frosted Ice 1000pcs dari pesanan 25000pcs,,"980.000,00",BCA,,,,,
,04/11/2025,7 Nov,Natasha (Beras),DFT.16884,,Beras,,"750.000,00",BCA,,,,,
,31/01/2025,7 Nov,Bella Natalia,DFT.16885,,Telur88,,"293.000,00",BCA,,,,,
,28/10/2025,7 Nov,Pak Tumin,"DFT.16886",,Sayuran 28.10.2025,,"602.000,00",BCA,,,,,
,04/11/2025,7 Nov,Pak Tumin,DFT.16887,,Sayuran 04.11.2025,,"546.000,00",BCA,,,,,
,04/11/2025,7 Nov,Pak Tumin,DFT.16888,,Sayuran 04.11.2025 untuk Bar,,"40.000,00",BCA,,,,,
,30/10/2025,7 Nov,Warung Kelapa Muda Kiti,DFT.16889,,Kelapa Muda Strada,,"100.000,00",BCA,,,,,
,03/11/2025,7 Nov,Warung Kelapa Muda Kiti,DFT.16890,,Kelapa Muda Strada,,"100.000,00",BCA,,,,,
,,,,,,,,,,,,,,
,,,13 November 2025,,,,,,,,,,,
,13/11/2025,14 Nov,Pindah Buku,BT.2025.11.00002,,Pindah Buku Otor 13.11.2025,,"150.000.000,00",TF,,,,,
,13/11/2025,,Pettycash Card. Auto Top up Limit 1jt,,,Pettycash Purchasing,,"788.000,00",,,,,,
,13/11/2025,,Pettycash Card. Auto Top up Limit 500rb,,,Pettycash SMS,,"120.000,00",,,,,,
,13/11/2025,,Pettycash Card. Auto Top up Limit 500rb,,,Pettycash La Piazza,,"215.000,00",,,,,,
,13/11/2025,,Pettycash Card. Auto Top up Limit 500rb,,,Pettycash MKG,,"198.000,00",,,,,,
,07/11/2025,14 Nov,Niko Questera,PI.2025.11.00085,,DP Cup Hot 8oz,,"722.500,00",MAT,,,,,
,10/11/2025,14 Nov,Niko Questera,,,Pelunasan Cup Hot 8oz,,"722.500,00",MAT,,,,,
,07/11/2025,14 Nov,Alfira,EXP.2025.11.00037,,Transport ke BSD - Memantau pekerjaan pemasangan jalur kabel CCTV,,"68.500,00",MAT,,,,,
,10/11/2025,14 Nov,Alfira,EXP.2025.11.00038,,Order orderan Bellefont,,"16.000,00",MAT,,,,,
,07/11/2025,14 Nov,Bu Cipta,EXP.2025.11.00039,,Lapiz ke hibrida -  HR,,"15.000,00",MAT,,,,,
,08/11/2025,14 Nov,Bu Cipta,EXP.2025.11.00040,,Dinas Jakarta ke Semarang,,"494.000,00",MAT,,,,,
,01/11/2025,14 Nov,Kak Shella,EXP.2025.11.00041,,PP Promo Free Cake SMS,,"200.000,00",MAT,,,,,
,01/11/2025,14 Nov,Kak Shella,EXP.2025.11.00042,,Cetak kupon timezone SMS,,"28.850,00",MAT,,,,,
,03/11/2025,14 Nov,Kak Shella,EXP.2025.11.00043,,Pembelian Pita Hampers Natal 11.5cm x 11.5cm,,"14.450,00",MAT,,,,,
,09/11/2025,14 Nov,Kak Shella,EXP.2025.11.00044,,Pembelian Pita Hampers Natal 11.5cm x 11.5cm ,,"71.750,00",MAT,,,,,
,01/11/2025,14 Nov,Kak Shella,EXP.2025.11.00045,,Pembelian Pita Hampers Natal 2.5cm,,"95.000,00",MAT,,,,,
,02/11/2025,14 Nov,Kak Shella,EXP.2025.11.00046,,meta ads 2 november,,"842.628,00",MAT,,,,,
,06/11/2025,14 Nov,Kak Shella,EXP.2025.11.00047,,pembelian sample basket tempat kentang goreng,,"24.500,00",MAT,,,,,
,07/11/2025,14 Nov,Kak Shella,EXP.2025.11.00048,,grabsend sample papan menu ke adorama,,"20.000,00",MAT,,,,,
,05/11/2025,14 Nov,Kak Shella,EXP.2025.11.00049,,grabcar survey site ke strada SMB,,"60.000,00",MAT,,,,,
,05/11/2025,14 Nov,Kak Shella,EXP.2025.11.00050,,grabcar dari SMB ke strada (habis site visit strada SMB),,"65.000,00",MAT,,,,,
,08/11/2025,14 Nov,Kak Shella,EXP.2025.11.00051,,cetak voucher sriju dan padel sparkle,,"112.665,00",MAT,,,,,
,10/11/2025,14 Nov,Kak Chris,EXP.2025.11.00052,,pembelian cash pembuatan stiker dan ongkir,,"64.308,00",TF,,,,,
,11/11/2025,14 Nov,Kak Fetris,EXP.2025.11.00053,,"Shuttle MKG-SMS, shuttle SMS-MKG ",,"78.000,00",MAT,,,,,
,03/11/2025,14 Nov,Kak Rinda,EXP.2025.11.00028,,Sewa nampan Prasmanan,,"300.000,00",MAT,,,,,
,01/10/2025,PENDING.,PT Summarecon Investment Property (MKG),EXP.2025.10.00056,,Air Periode : 21/08/2025 s/d 20/09/2025 (MKG),,"315.360,00",,,,,,
,13/11/2025,14 Nov,Pajak PPH 21  Karyawan,EXP.2025.11.00054,,PPH 21 bulan Oktober 2025,,"2.368.950,00",TAGIHAN,,,,,
,07/03/2024,14 Nov,PT Fosty Pangan Abadi,DFT.17128,,Fosty 06.03.2024,,"688.740,00",MAT,,,,,
,03/04/2024,14 Nov,PT Fosty Pangan Abadi,DFT.17129,,Fosty 01.04.2024,,"863.397,00",MAT,,,,,
,29/04/2024,14 Nov,PT Fosty Pangan Abadi,DFT.17131,,Fosty 26.04.2024,,"1.282.180,92",MAT,,,,,
,12/11/2025,14 Nov,PT Berkat Tiga Putera,EXP.2025.11.00057,,DP 50% Design Interior SMB,,"34.851.375,00",MAT,,,,,
,11/11/2025,14 Nov,MXO Coffee Roastery,PO.2025.11.00158,SMB,"Mahlkonig 2022, 2023",,"50.000.000,00",MAT,,,,,
,10/11/2025,14 Nov,AJM Creation,PI.2024.11.00132,,DP 50% Signage Strada Coffee BSD,,"5.750.000,00",MAT,,,,,
,04/11/2025,"PENDING, PELUNASAN HABIS INSTALL",PT. Stanza Dava Prima,,,Water Filter 3M,,"9.837.019,00",TF,,,,,
,12/11/2025,14 Nov,PT Harvest Coffee Forenity,PI.2025.11.00067,,MESIN GRINDER ANFIM LUNA,,"19.200.000,00",MAT,,,,,
,15/10/2025,14 Nov,PT Mid Solutin Nusantara,EXP.2025.10.00113,,Term III - 4 Bulan Talenta for Kopi Terbaik Nusantara,,"2.775.000,00",MAT,,,,,
,08/11/2025,14 Nov,PT Berkah Surya Bersinar,PI.2025.11.00010,,"Powder Matcha, Coklat",,"2.080.500,00",MAT,,,,,
,08/11/2025,14 Nov,PT Berkah Surya Bersinar,PI.2025.11.00011,,"Black Forest Blend, Aroma of Heaven",,"9.540.000,00",MAT,,,,,
,06/11/2025,14 Nov,CV Panen Raya Indonesia,PI.2025.11.00020,,Frozen Food,,"3.234.705,00",MAT,,,,,
,10/11/2025,14 Nov,CV Panen Raya Indonesia,PI.2025.11.00003,,Frozen Cake Batch 1,,"1.838.006,80",MAT,,,,,
,10/11/2025,14 Nov,CV Panen Raya Indonesia,PI.2025.11.00006,,Frozen Cake Batch 2,,"3.678.009,40",MAT,,,,,
,10/11/2025,14 Nov,Niko Questera,PI.2025.11.00004,,Group Head Cleaner,,"85.000,00",MAT,,,,,
,12/11/2025,14 Nov,Lydia Oey,EXP.2025.11.00053,,Pelunasan Influencer Lydia Oey,,"2.150.000,00",MAT,,,,,
,06/11/2025,14 Nov,Deren Mokoginta,EXP.2025.11.00020,,Perpanjangan Quinos Cloud La Piazza 2025 - 2026,,"3.000.000,00",MAT,,,,,
,10/11/2025,14 Nov,Deren Mokoginta,EXP.2025.11.00055,,Quinos BSD,,"21.750.000,00",TF,,,,,
,14/10/2025,14 Nov,PT Greenfields Indonesia,5210566813,,Freshmilk - 14.10.2025,,"1.138.800,00",VA,,,,,
,17/10/2025,14 Nov,PT Greenfields Indonesia,5210570864,,Freshmilk - 17.10.2025,,"1.594.320,00",VA,,,,,
,31/10/2025,14 Nov,Sanpota Batara Indonesia,DFT.17137,,Cup + Lid Ice 3000,,"2.940.000,00",MAT,,,,,
,03/11/2025,14 Nov,Sanpota Batara Indonesia,,,Cup + Lid Ice 2000,,"1.960.000,00",MAT,,,,,
,07/11/2025,14 Nov,Suket Teki Super Store,PI.2025.11.00018,,"Gula Pasir, dll",,"1.635.160,00",MAT,,,,,
,03/11/2025,14 Nov,Suket Teki Super Store,PI.2025.11.00022,,"Gula Pasir, dll",,"2.720.660,00",MAT,,,,,
,10/11/2025,14 Nov,PT Sukanda Djaya,PI.2025.11.00012,,Ice Cream Vanilla,,"346.320,00",MAT,,,,,
,08/11/2025,14 Nov,J-Pack Food,PI.2025.11.00007,,Cup Putih 4 Oz,,"68.000,00",MAT,,,,,
,10/11/2025,14 Nov,J-Pack Food,PI.2025.11.00005,,Box Take Away Kitchen,,"123.750,00",MAT,,,,,
,10/11/2025,14 Nov,PT Kartika Distrindo,PI.2025.11.00009,,UHT Omela,,"1.707.978,00",MAT,,,,,
,07/11/2025,14 Nov,CV Permata Sejahtera,PI.2025.11.00017,,French Fries,,"1.743.629,46",MAT,,,,,
,29/10/2025,14 Nov,Pak Tumin,PI.2025.10.00183,,Sayuran,,"63.000,00",MAT,,,,,
,31/10/2025,14 Nov,Pak Tumin,PI.2025.10.00158,,Sayuran,,"333.000,00",MAT,,,,,
,07/11/2025,14 Nov,Pak Tumin,PI.2025.11.00016,,Sayuran,,"455.000,00",MAT,,,,,
,07/11/2025,14 Nov,Pak Tumin,PI.2025.11.00014,,Sayuran,,"97.000,00",MAT,,,,,
,08/11/2025,14 Nov,Pak Tumin,PI.2025.11.00008,,Sayuran,,"165.000,00",MAT,,,,,
,04/11/2025,14 Nov,Bella Natalia,PI.2025.11.00021,,Telur 88,,"205.000,00",MAT,,,,,
,07/11/2025,14 Nov,Bella Natalia,PI.2025.11.00015,,Telur 88,,"288.000,00",MAT,,,,,
,06/11/2025,14 Nov,Warung Kelapa Muda Kiti,PI.2025.11.00019,,Kelapa Muda,,"100.000,00",MAT,,,,,
,11/11/2025,14 Nov,Warung Kelapa Muda Kiti,PI.2025.11.00013,,Kelapa Muda,,"150.000,00",MAT,,,,,
,13/11/2025,14 Nov,Wagiman,EXP.2025.11.00059,,Pemasangan 8 titik CCTV BSD,,"1.000.000,00",,,,,,
,,,,,,,,,,,,,,
,,,20 November 2025,,,,,,,,,,,
,20/11/2025,20 Nov,Pindah Buku,,,Pindah Buku Otor 20.11.2025,,"100.000.000,00",,,,,,
,20/11/2025,,Pettycash Card. Auto Top up Limit 1jt,,,Pettycash Purchasing,,"943.150,00",,,,,,
,20/11/2025,,Pettycash Card. Auto Top up Limit 500rb,,,Pettycash MKG,,"212.000,00",,,,,,
,20/11/2025,20 Nov,Pajak,EXP.2025.11.00078,,Listrik Periode : 21/07/2025 - 20/08/2025,,"1.118.827,00",,,,,,
,,,,,,Biaya Pemeliharaan Listrik Periode 21/07/2025 - 20/08/2025,,"584.850,00",,,,,,
,,,,,,SC LPZ - Inc GF - 10 # 1 Oct 2025 - 31 Oct 2025,,"2.500.000,00",,,,,,
,,,,,,Air Periode : 21/08/2025 s/d 20/09/2025,,"277.560,00",,,,,,
,,,,,,Gas Periode : 21/08/2025 s/d 20/09/2025,,"1.142.680,00",,,,,,
,,,,,,Listrik Periode : 21/08/2025 s/d 20/09/2025,,"1.144.392,00",,,,,,
,,,,,,Biaya Pemeliharaan Listrik Periode : 21/08/2025 s/d 20/09/2025,,"589.610,00",,,,,,
,,,,,,Service Charges - Pendapatan 1F - K / 203 # 1 Oct 2025 - 31 Oct 2025 (MKG),,"261.000,00",,,,,,
,,,,,,Biaya Pemeliharaan Listrik Periode : 21/08/2025 s/d 20/09/2025 (MKG),,"26.404,00",,,,,,
,,,,,,SC Island Counter - Revenue 1F - IC22 # 01 Oct - 31 Oct 2025 (SMS),,"155.250,00",,,,,,
,,,,,,Electric : 28/07/2025 - 20/09/2025 (SMS),,"124.408,00",,,,,,
,,,,,,Biaya Pemeliharaan Electric : 28/07/2025 - 20/09/2025 (SMS),,"137.449,00",,,,,,
,,,,,,PAM Periode 21.08.2025 - 20.09.2025 (SMS),,"10.476,00",,,,,,
,,,,,,D22025100968 - Rent 01 - 30 Sep 2025,,"13.014,00",,,,,,
,,,,,,Listrik Periode : 21/08/2025 s/d 20/09/2025 (MKG),,"59.099,00",,,,,,
OK,20/11/2025,20 Nov,4598178168,BT.2025.11.00003,,Setoran Awal No rek BSD,,"1.000.000,00",,,,,,
ok,12/11/2025,20 Nov,Rinda,EXP.2025.11.00062,,Biaya transport bar take over ke voya,,"47.500,00",,,,,,
ok,12/11/2025,20 Nov,Rinda,EXP.2025.11.00063,,Biaya transport bar take over,,"39.500,00",,,,,,
ok,09/11/2025,20 Nov,Riska,PI.2025.11.00069,,Ulekan kitchen bsd,,"114.500,00",,,,,,
ok,06/11/2025,20 Nov,Reza Setio M,EXP.2025.11.00064,,Untuk ngulik air seduh kopi,,"31.500,00",,,,,,
ok,12/11/2025,20 Nov,Michelle ,EXP.2025.11.00065,,Transport PP event SIAL 12 Nov 2025,,"91.500,00",,,,,,
ok,13/11/2025,20 Nov,Michelle ,EXP.2025.11.00073,,Transport PP Event SIAL dari tanggal 13-15 Nov (untuk transport pulang tgl 15 Nov pakai gocar dikarenakan pada malam itu hujan lebat),,"297.500,00",,,,,,
ok,12/11/2025,20 Nov,Aubrey Elisa,EXP.2025.11.00066,,Transportasi event SIAL,,"67.500,00",,,,,,
ok,12/11/2025,20 Nov,Reza Setio M. ,EXP.2025.11.00067,,D-1 gojek stasiun ke lokasi event SIAL (pp) & 10.000 tap in KRL,,"39.500,00",,,,,,
ok,13/11/2025,20 Nov,Reza Setio M,EXP.2025.11.00068,,D-2 Gojek stasiun ke lokasi event SIAL (PP) & 10.000 tap in KRL,,"41.000,00",,,,,,
ok,14/11/2025,20 Nov,Reza Setio M,EXP.2025.11.00069,,D-3 Gojek stasiun ke lokasi event SIAL (PP) & 10.000 tap in KRL,,"39.500,00",,,,,,
ok,15/11/2025,20 Nov,Reza Setio M,EXP.2025.11.00070,,D-4 Gojek stasiun ke lokasi event SIAL (PP) & 10.000 tap in KRL,,"39.500,00",,,,,,
ok,18/11/2025,20 Nov,Aaron Jeconiah Hanson,EXP.2025.11.00071,,"Shuttle Bus MKG-SMS, SMS-MKG ",,"78.000,00",,,,,,
ok,18/11/2025,20 Nov,Fetris ,EXP.2025.11.00072,,"Shuttle Bus MKG-SMS, SMS-MKG ",,"78.000,00",,,,,,
ok,17/11/2025,20 Nov,CV Evergreen,PI.2025.11.00058,,DP 50% Pemasangan pohon kopi BSD,,"14.250.000,00",,,,,,
ok,11/11/2025,20 Nov,PT. Dinatek Jaya Lestari,PI.2025.11.00082,,"Printer Thermal, Cash Drawer",,"3.405.000,00",,,,,,
ok,19/11/2025,20 Nov,PT. Mid Solusi Nusantaara,EXP.2025.11.00077,,Talenta - Additional User 25 Employees for 05 months : periode 11 Nov 2025 - 10 Apr 2026,,"1.387.500,00",,,,,,
ok,19/11/2025,20 Nov,PT Aneka Kreasi Nusantara,PI.2025.11.00080,,Tenderloin Alana,,"795.500,00",,,,,,
ok,04/11/2025,20 Nov,PT. Artemis Adhi Tirta,PI.2025.11.00056,,Spiva Mineral Water,,"2.997.000,00",,,,,,
ok,13/11/2025,20 Nov,PT Asher Berkat Abadi,PI.2025.11.00059,,Galon Hibrida,,"252.000,00",,,,,,
ok,10/11/2025,20 Nov,PT Asher Berkat Abadi,PI.2025.11.00060,,Galon MKG,,"120.000,00",,,,,,
ok,24/10/2025,20 Nov,PT Asher Berkat Abadi,PI.2025.10.00190,,Galon La Piazza,,"65.000,00",,,,,,
ok,12/11/2025,20 Nov,PT Mulia Raya Agrijaya,PI.2025.11.00052,,Anchor Unsalted,,"1.953.843,00",,,,,,
ok,12/11/2025,20 Nov,PT Mulia Raya Agrijaya,PI.2025.11.00053,,Cooking Cream,,"1.047.510,00",,,,,,
ok,13/11/2025,20 Nov,CV Panen Raya Indonesia,PI.2025.11.00057,,Frozen Food,,"2.083.900,00",,,,,,
ok,11/11/2025,20 Nov,PT. Berkah Surya Bersinar,PI.2025.11.00055,,"Black Forest, dll",,"18.839.500,00",,,,,,
ok,15/11/2025,20 Nov,PT. Berkah Surya Bersinar,PI.2025.11.00044,,Beans 150gr + Pouch,,"12.508.800,00",,,,,,
ok,15/11/2025,20 Nov,PT Karunia Putranata Berkihmat,PI.2025.11.00047,,Mangga Frozen,,"275.000,00",,,,,,
ok,13/11/2025,20 Nov,Kelapa Muda Kiti,PI.2025.11.00051,,Kelapa Muda,,"150.000,00",,,,,,
ok,17/11/2025,20 Nov,Kelapa Muda Kiti,PI.2025.11.00041,,Kelapa Muda,,"150.000,00",,,,,,
ok,19/11/2025,20 Nov,Kelapa Muda Kiti,PI.2025.11.00078,,Kelapa Muda,,"150.000,00",,,,,,
ok,15/11/2025,20 Nov,Cavalese,PI.2025.11.00042,,Cheesecake,,"800.000,00",,,,,,
ok,14/11/2025,20 Nov,Pak Tumin,PI.2025.11.00050,,"Alpukat, Jeruk Peras - Kirim ke hibrida",,"153.000,00",,,,,,
ok,14/11/2025,20 Nov,Pak Tumin,PI.2025.11.00049,,"Jeruk nipis, Strawberry - Kirim ke Bar",,"37.000,00",,,,,,
,14/11/2025,PENDING,Pak Tumin,PI.2025.11.00048,,Sayuran - Kirim ke Kitchen,,"789.000,00",,,,,,
ok,15/11/2025,20 Nov,Pak Tumin,PI.2025.11.00046,,"Sandung lamur, Cakue - Kirim ke Hibrida",,"140.000,00",,,,,,
ok,11/11/2025,20 Nov,Bella Natalia,PI.2025.11.00054,,Telur88 - 11.11.2025,,"203.000,00",,,,,,
ok,14/11/2025,20 Nov,Bella Natalia,PI.2025.11.00045,,Telur88 - 14.11.2025,,"203.000,00",,,,,,
ok,17/11/2025,20 Nov,Natasha (Beras),PI.2025.11.00040,,Beras,,"300.000,00",,,,,,
ok,15/11/2025,20 Nov,Suket Teki Super Store,PI.2025.11.00043,,"Minyak, dll",,"1.012.000,00",,,,,,
,09/11/2025,PENDING,Toko Mumtaz,PI.2025.11.00083,,"Singkong, Timus",,"1.100.000,00",,,,,,
,20/11/2025,,PT. Mitra Apronesia Jadi Unggul,PI.2025.11.00086,,DP 50% Apron Uniform,,"3.832.500,00",,,,,,
ok,18/11/2025,20 Nov,CV. Solusi Arya Prima,PI.2025.11.00079,,Pengadaan Laptop & Printer BSD,,"18.500.000,00",,,,,,
ok,19/11/2025,20 Nov,Media Usaha Printing,PI.2025.11.00084,,Print Coffee Card,,"225.000,00",,,,,,
ok,21/10/2025,20 Nov,Lancar Sukses,EXP.2025.10.00114,,"INV/10/211025 - Cetak Voucher, dll",,"296.000,00",,,,,,
ok,21/10/2025,20 Nov,Lancar Sukses,EXP.2025.10.00115,,"INV/10/211026 - Cetak A5 Promo cake, dll",,"387.000,00",,,,,,
,,,,,,,,,,,,,,
,,,,,,,,,,,,,,
,,,24 November 2025,,,,,,,,,,,
,31/10/2025,27 Nov,Evani Jesslyn,,,Tokopedia - NAYLAS KITCHEN ,,"716.563,00",,,,,,
,30/10/2025,27 Nov,Evani Jesslyn,,,Tokopedia - Maxim Kitchenware_NEW,,"428.925,00",,,,,,
,30/10/2025,27 Nov,Evani Jesslyn,,,Tokopedia - Dara Cetakan kue ,,"17.700,00",,,,,,
,30/10/2025,27 Nov,Evani Jesslyn,,,Tokopedia - IhsanPerabot ,,"7.000,00",,,,,,
,30/10/2025,27 Nov,Evani Jesslyn,,,Tokopedia - Kona's Kitchen ,,"118.700,00",,,,,,
,30/10/2025,27 Nov,Evani Jesslyn,,,Tokopedia - Tefal Indonesia Official ,,"772.431,00",,,,,,
,30/10/2025,27 Nov,Evani Jesslyn,,,Tokopedia - BarcodeOfficial ,,"344.100,00",,,,,,
,30/10/2025,27 Nov,Evani Jesslyn,,,Tokopedia - greengo plastik dan packaging ,,"141.808,00",,,,,,
,30/10/2025,27 Nov,Evani Jesslyn,,,Tokopedia - toko aneka sederhana ,,"196.408,00",,,,,,
,30/10/2025,27 Nov,Evani Jesslyn,,,Tokopedia - Bawang Goreng Rady ,,"320.100,00",,,,,,
,29/10/2025,27 Nov,Evani Jesslyn,,,Tokopedia - Saudagar Buah ,,"471.350,00",,,,,,
,29/10/2025,27 Nov,Evani Jesslyn,,,Tokopedia - Matahari Plastic ,,"464.451,00",,,,,,
,29/10/2025,27 Nov,Evani Jesslyn,,,Tokopedia - Helios Horeca,,"13.371,00",,,,,,
,29/10/2025,27 Nov,Evani Jesslyn,,,Tokopedia - Restomart Kitchen Solution,,"63.713,00",,,,,,
,29/10/2025,27 Nov,Evani Jesslyn,,,Tokoepedia - RajaPerabot88 ,,"330.981,00",,,,,,
,29/10/2025,27 Nov,Evani Jesslyn,,,Tokopedia - RYC-SHOP ,,"47.920,00",,,,,,
,29/10/2025,27 Nov,Evani Jesslyn,,,Tokopedia - PUSAT HOREKA ,,"916.665,00",,,,,,
,29/10/2025,27 Nov,Evani Jesslyn,,,Tokopedia - KYKY Kitchenware ,,"230.960,00",,,,,,
,29/10/2025,27 Nov,Evani Jesslyn,,,Tokopedia - PutraJaya Aksesoris ,,"23.773,00",,,,,,
,29/10/2025,27 Nov,Evani Jesslyn,,,Tokopedia - PAM HIBRIDA,,"99.684,00",,,,,,
,23/10/2025,27 Nov,Evani Jesslyn,,,Tokopedia - greengo plastik dan packaging ,,"107.356,00",,,,,,
,23/10/2025,27 Nov,Evani Jesslyn,,,Tokopedia - Miauira Onlineshop ,,"30.688,00",,,,,,
,23/10/2025,27 Nov,Evani Jesslyn,,,Tokopedia - samiya jaya,,"214.240,00",,,,,,
,23/10/2025,27 Nov,Evani Jesslyn,,,Tokopedia - Cassa Acrylic ,,"161.000,00",,,,,,
,23/10/2025,27 Nov,Evani Jesslyn,,,Tokpedia - Northsider Coffee Shop ,,"2.181.700,00",,,,,,
,23/10/2025,27 Nov,Evani Jesslyn,,,Tokopedia - HESTIA HOME OFFICIAL ,,"22.200,00",,,,,,
,23/10/2025,27 Nov,Evani Jesslyn,,,Tokpedia - Trinity Kitchen ,,"206.221,00",,,,,,
,23/10/2025,27 Nov,Evani Jesslyn,,,Tokopedia - Restomart Kitchen Solution ,,"57.079,00",,,,,,
,23/10/2025,27 Nov,Evani Jesslyn,,,Tokopedia - Mudaplas ,,"108.000,00",,,,,,
,23/10/2025,27 Nov,Evani Jesslyn,,,Tokopedia - DHARMAMULIA CAHAYA ABADI MAKMUR,,"58.524,00",,,,,,
,23/10/2025,27 Nov,Evani Jesslyn,,,Tokopedia - officeXpres ,,"226.000,00",,,,,,
,23/10/2025,27 Nov,Evani Jesslyn,,,Tokopedia - Saudagar Buah ,,"509.250,00",,,,,,
,23/10/2025,27 Nov,Evani Jesslyn,,,Tokopedia - warunghasbitangsel ,,"711.720,00",,,,,,
,23/10/2025,27 Nov,Evani Jesslyn,,,Tokopedia - OMURA POWDER SHOP ,,"271.075,00",,,,,,
,23/10/2025,27 Nov,Evani Jesslyn,,,Tokopedia - Hugo Houseware ,,"43.020,00",,,,,,
,23/10/2025,27 Nov,Evani Jesslyn,,,Tokopedia - Yama Living ,,"40.230,00",,,,,,
,23/10/2025,27 Nov,Evani Jesslyn,,,Tokopedia - SARANA RESIK JATINEGARA ,,"51.750,00",,,,,,
,23/10/2025,27 Nov,Evani Jesslyn,,,Tokopedia - Joil ,,"249.200,00",,,,,,
,23/10/2025,27 Nov,Evani Jesslyn,,,Tokopedia - STORE MULTI LIGHTING ,,"45.400,00",,,,,,
,23/10/2025,27 Nov,Evani Jesslyn,,,Tokopedia - Joil ,,"249.200,00",,,,,,
,23/10/2025,27 Nov,Evani Jesslyn,,,Tokopedia - Lita One Shop ,,"43.400,00",,,,,,
,23/10/2025,27 Nov,Evani Jesslyn,,,Tokopedia - Serba Cafe ,,"78.500,00",,,,,,
,23/10/2025,27 Nov,Evani Jesslyn,,,Tokopedia - Felicity88 ,,"72.000,00",,,,,,
,16/10/2025,27 Nov,Evani Jesslyn,,,Tokopedia - greengo plastik dan packaging ,,"98.130,00",,,,,,
,16/10/2025,27 Nov,Evani Jesslyn,,,Tokopedia - Homebrew Fermentomania ,,"137.365,00",,,,,,
,16/10/2025,27 Nov,Evani Jesslyn,,,Tokopedia - toko aneka sederhana,,"189.858,00",,,,,,
,16/10/2025,27 Nov,Evani Jesslyn,,,Tokoepdia - storenya djawa ,,"105.700,00",,,,,,
,16/10/2025,27 Nov,Evani Jesslyn,,,Tokopedia - Deandre Fruit Market1 ,,"312.322,00",,,,,,
,15/10/2025,27 Nov,Evani Jesslyn,,,Tokopedia - Biznet,,"277.500,00",,,,,,
,15/10/2025,27 Nov,Evani Jesslyn,,,Tokopedia - Northsider Coffee Shop ,,"797.300,00",,,,,,
,15/10/2025,27 Nov,Evani Jesslyn,,,Tokopedia - viralshop87,,"47.000,00",,,,,,
,07/10/2025,27 Nov,Evani Jesslyn,,,Tokopedia - NAYLAS KITCHEN ,,"2.668.914,00",,,,,,
,07/10/2025,27 Nov,Evani Jesslyn,,,Tokopedia - warunghasbitangsel ,,"731.720,00",,,,,,
,07/10/2025,27 Nov,Evani Jesslyn,,,Tokopedia - GLOSSY PRINT ,,"201.400,00",,,,,,
,07/10/2025,27 Nov,Evani Jesslyn,,,Tokopedia - indocupplastikjakarta ,,"51.116,00",,,,,,
,07/10/2025,27 Nov,Evani Jesslyn,,,Tokopedia - MinnieStore11_NEW,,"958.800,00",,,,,,
,07/10/2025,27 Nov,Evani Jesslyn,,,Tokopedia - Bobaolshop99 ,,"622.317,00",,,,,,
,07/10/2025,27 Nov,Evani Jesslyn,,,Tokopedia - officeXpres ,,"435.360,00",,,,,,
,07/10/2025,27 Nov,Evani Jesslyn,,,Tokopedia - Granology ,,"55.000,00",,,,,,
,07/10/2025,27 Nov,Evani Jesslyn,,,Tokopedia - HOKKE SHOP_NEW ,,"97.280,00",,,,,,
,06/10/2025,27 Nov,Evani Jesslyn,,,Tokopedia - Eka Guna Utama ,,"32.300,00",,,,,,
,05/10/2025,27 Nov,Evani Jesslyn,,,Tokopedia - Indihome,,"656.790,00",,,,,,
,03/10/2025,27 Nov,Evani Jesslyn,,,Tokopedia - GREENARA ,,"40.400,00",,,,,,
,02/10/2025,27 Nov,Evani Jesslyn,,,Tokopedia - Listrik,,"5.003.800,00",,,,,,
,29/09/2025,27 Nov,Evani Jesslyn,,,Tokopedia - Bima Official Indonesia ,,"2.529.290,00",,,,,,
,29/09/2025,27 Nov,Evani Jesslyn,,,Tokopedia - Webhorecastore ,,"258.600,00",,,,,,
,29/09/2025,27 Nov,Evani Jesslyn,,,Tokopedia - Samurah Stationery STORE ,,"110.600,00",,,,,,
,29/09/2025,27 Nov,Evani Jesslyn,,,Tokopedia - Toko Selamat Bandung,,"29.250,00",,,,,,
,29/09/2025,27 Nov,Evani Jesslyn,,,Tokopedia - Delapan Jaya Hengky ,,"56.470,00",,,,,,
,29/09/2025,27 Nov,Evani Jesslyn,,,Tokopedia - Horeka Mart ,,"169.575,00",,,,,,
,29/09/2025,27 Nov,Evani Jesslyn,,,Tokopedia - Joil ,,"481.235,00",,,,,,
,29/09/2025,27 Nov,Evani Jesslyn,,,Tokopedia - Kitchenware Indonesia ,,"235.860,00",,,,,,
,29/09/2025,27 Nov,Evani Jesslyn,,,Tokopedia - Koch&Backen ,,"241.212,00",,,,,,
,29/09/2025,27 Nov,Evani Jesslyn,,,Tokopedia - Northsider Coffee Shop ,,"281.214,00",,,,,,
,29/09/2025,27 Nov,Evani Jesslyn,,,Tokoepdia - raja daging jakpus ,,"1.507.100,00",,,,,,
,29/09/2025,27 Nov,Evani Jesslyn,,,Tokopedia - Bobaolshop99 ,,"745.886,00",,,,,,
,29/09/2025,27 Nov,Evani Jesslyn,,,Tokopedia - CHAZONE-STM ,,"300.000,00",,,,,,
,29/09/2025,27 Nov,Evani Jesslyn,,,Tokopedia - officeXpres ,,"221.875,00",,,,,,
,29/09/2025,27 Nov,Evani Jesslyn,,,Tokopedia - Denby Home ,,"229.572,00",,,,,,
,29/09/2025,27 Nov,Evani Jesslyn,,,Tokopedia - Toko Tian Liong Bali ,,"91.800,00",,,,,,
,29/09/2025,27 Nov,Evani Jesslyn,,,Tokopedia - Latanza LED ,,"133.650,00",,,,,,
,29/09/2025,27 Nov,Evani Jesslyn,,,Tokopedia - Lapak Kopi Luwak ,,"150.631,00",,,,,,
,29/09/2025,27 Nov,Evani Jesslyn,,,Tokopedia - Saudagar Buah ,,"485.754,00",,,,,,
,29/09/2025,27 Nov,Evani Jesslyn,,,Tokopedia - gudangmayur ,,"354.815,00",,,,,,
,29/09/2025,27 Nov,Evani Jesslyn,,,Tokopedia - PAM September,,"66.709,00",,,,,,
,,,PENDING OTOR -  TOKPED,,,,,,,,,,,
,,,27 November 2025,,,,,,,,,,,
,,,Pindah Buku,BT.2025.11.00005,,Pindah Buku Otor 27.11.2025,,"300.000.000,00",,,,,,
,,,Pettycash Card. Auto Top up Limit 1jt,,,Pettycash Purchasing,,"547.616,00",,,,,,
,,,Pettycash Card. Auto Top up Limit 500rb,,,Pettycash SMS,,"492.000,00",,,,,,
,,,Pettycash Card. Auto Top up Limit 500rb,,,Pettycash La Piazza,,"276.000,00",,,,,,
,,,Pettycash Card. Auto Top up Limit 500rb,,,Pettycash MKG,,"144.000,00",,,,,,
,26/11/2025,27 Nov,Evani Jesslyn,EXP.2025.11.00094,,Reimbursement SCA 000-014-674,,"1.707.887,00",CC,,,,,
,26/11/2025,27 Nov,Evani Jesslyn,EXP.2025.11.00095,,Reimbursement SCA 000-014-675,,"1.707.887,00",CC,,,,,
,23/11/2025,27 Nov,Evani Jesslyn,EXP.2025.11.00096,,Reimbursement SCA 000-014-286,,"2.575.007,00",CC,,,,,
,23/11/2025,27 Nov,Evani Jesslyn,EXP.2025.11.00097,,Reimbursement SCA 000-014-287,,"2.575.007,00",CC,,,,,
,21/11/2025,27 Nov,Kak Shella,EXP.2025.11.00098,,Reimbursement Visit Influencer ngopidiserpong,,"1.450.000,50",,,,,,
,23/11/2025,27 Nov,Bu Cipta,EXP.2025.11.00091,,Perjalanan Dinas SMKG - JKT,,"576.000,00",,,,,,
,21/11/2025,27 Nov,Michelle,EXP.2025.11.00092,,"Print material HVS untuk kelas SCA (worksheets, SCA cupping form, student practical exam, etc), modul general knowledge, modul SCA Sensory Combo, modul SCA Barista Foundation + Intermediate, Notebook A5 untuk merchandise kelas SCA",,"1.150.000,00",,,,,,
,21/10/2025,28 Nov,PT Summarecon Investment Property,EXP.2025.10.00116,,Rent 01 - 30 Sep 2025,,14.103.674,,,,,,
,21/10/2025,28 Nov,PT Summarecon Investment Property,EXP.2025.10.00117,,Add S. Charge 1 - 30 Sep 2025,,2.028.888,,,,,,
,01/11/2025,28 Nov,PT Summarecon Investment Property,EXP.2025.11.00103,,Rent 1 - 30 Sep 2025 (Academic),,1.120.595,,,,,,
,01/11/2025,27 Nov,PT Summarecon Investment Property,EXP.2025.11.00104,,SC LPZ - Inc GF - 10 # 1 Nov 2025 - 30 Nov 2025,,25.250.000,,,,,,
,01/11/2025,28 Nov,PT Summarecon Investment Property,EXP.2025.11.00105,,Air Periode : 21/09/2025 s/d 20/10/2025,,2.335.500,,,,,,
,01/11/2025,28 Nov,PT Summarecon Investment Property,EXP.2025.11.00106,,Gas Periode : 21/09/2025 s/d 20/10/2025,,12.359.876,,,,,,
,01/11/2025,28 Nov,PT Summarecon Investment Property,EXP.2025.11.00107,,Listrik Periode : 21/09/2025 s/d 20/10/2025,,10.409.727,,,,,,
,01/11/2025,28 Nov,PT Summarecon Investment Property,EXP.2025.11.00108,,Biaya Pemeliharaan Listrik Periode : 21/09/2025 s/d 20/10/2025,,5.767.949,,,,,,
,10/11/2025,27 Nov,PT Summarecon Investment Property,EXP.2025.11.00109,,Promo Levy - Lpz GF - 10 # 10 Nov 2025 - 09 Nov 2026,,10.293.920,,,,,,
,21/11/2025,28 Nov,PT Summarecon Investment Property,EXP.2025.11.00110,,Rent 01 - 31 Okt 2025,,17.450.415,,,,,,
,21/11/2025,28 Nov,PT Summarecon Investment Property,EXP.2025.11.00111,,Add S. Charge 01 - 31 Okt 2025,,2.028.888,,,,,,
,21/11/2025,28 Nov,PT Summarecon Investment Property,EXP.2025.11.00112,,Rent 01 - 31 Okt 2025 (Academic),,4.931.325,,,,,,
,21/11/2025,28 Nov,PT Summarecon Investment Property (MKG),EXP.2025.11.00113,,Rent 01 - 31 Okt 2025 (MKG),,533.361,,,,,,
,24/10/2025,27 Nov,PT Greenfields Indonesia,5210582846 / PI.2025.11.00116,,Freshmilk,,1.594.320,,,,,,
,28/10/2025,27 Nov,PT Greenfields Indonesia,5210582007 / PI.2025.11.00115,,Freshmilk,,911.040,,,,,,
,21/10/2025,27 Nov,PT Greenfields Indonesia,5210573847 / PI.2025.10.00191,,Freshmilk,,1.594.320,,,,,,
,07/11/2025,27 Nov,PT Greenfields Indonesia,5210591065 / PI.2025.11.00114,,Freshmilk,,1.594.320,,,,,,
,11/11/2025,27 Nov,PT Greenfields Indonesia,5210594674 / PI.2025.11.00117,,Freshmilk,,455.520,,,,,,
,31/10/2025,27 Nov,PT Greenfields Indonesia,5210596313 / PI.2025.11.00118,,Freshmilk,,1.138.800,,,,,,
,04/11/2025,27 Nov,PT Greenfields Indonesia,5210590248 / PI.2025.11.00119,,Freshmilk,,1.138.800,,,,,,
,31/10/2025,27 Nov,PT Greenfields Indonesia,5210585013 / PI.2025.10.00192,,Freshmilk,,455.520,,,,,,
,17/11/2025,27 Nov,PT Artemis Adhi Tirta,PI.2025.11.00096,,Spiva,,1.498.500,,,,,,
,24/11/2025,27 Nov,PT Kreasi Cipta Megatama,PI.2025.11.00087,,"Sabun, dll",,"704.000,00",,,,,,
,20/11/2025,27 Nov,PT Karunia Sukses Gemilang,PI.2025.11.00109,,Lychee Syrup,,"738.141,00",,,,,,
,24/11/2025,27 Nov,PT Karunia Sukses Gemilang,PI.2025.11.00106,,Lychee Syrup,,"1.107.211,00",,,,,,
,13/11/2025,27 Nov,PT Sukanda Djaya,PI.2025.11.00111,,Oatmilk Oatside,,"186.480,00",,,,,,
,17/11/2025,27 Nov,PT Sukanda Djaya,PI.2025.11.00110,,Oatmilk Oatside,,"186.480,00",,,,,,
,21/11/2025,27 Nov,PT Asher Berkat Abadi,,,Aqua Galon MKG,,"120.000,00",,,,,,
,24/11/2025,27 Nov,PT Berkah Surya Bersinar,PI.2025.11.00112,,"Aroma, dll",,"36.396.500,00",,,,,,
,14/11/2025,27 Nov,PT Berkah Surya Bersinar,PI.2025.11.00121,,Pina Colada,,"576.000,00",,,,,,
,24/11/2025,27 Nov,CV Panen Raya Indonesia,PI.2025.11.00088,,Frozen Cake,,"1.691.125,40",,,,,,
,24/11/2025,27 Nov,CV Panen Raya Indonesia,PI.2025.11.00089,,Frozen Food,,"3.914.985,00",,,,,,
,20/11/2025,27 Nov,CV Panen Raya Indonesia,PI.2025.11.00090,,Apron Merchandise,,"560.000,00",,,,,,
,20/11/2025,27 Nov,CV Panen Raya Indonesia,PI.2025.11.00091,,Frozen Food,,"3.878.935,00",,,,,,
,20/11/2025,27 Nov,CV Panen Raya Indonesia,PI.2025.11.00092,,Frozen Cake,,"1.470.000,00",,,,,,
,17/11/2025,27 Nov,CV Panen Raya Indonesia,PI.2025.11.00093,,Box Hampers,,"1.755.000,00",,,,,,
,10/11/2025,27 Nov,CV Espe Empatujuh,PI.2025.11.00101,,PC Monitor,,15.430.000,,,,,,
,20/11/2025,27 Nov,CV Kemang Jaya,EXP.2025.11.00100,,Printing Buku Menu - Adorama,,"3.672.000,00",,,,,,
,24/11/2025,27 Nov,COIDISCOVER (Hanif Choirul Yahya),EXP.2025.11.00099,,Visit Influencer ke La Piazza,,"1.800.000,15",,,,,,
,20/11/2025,27 Nov,Apronesia,PI.2025.11.00097,,Pelunasan Apron,,"3.832.500,00",,,,,,
,27/11/2025,27 Nov,City Audio,PI.2025.11.00113,,Pelunasan Sound System BSD,,"8.132.000,00",,,,,,
,17/11/2025,27 Nov,Anugerah Karya Utama,PI.2025.11.00102,,Fillet Dada Paha Ayam,,"1.123.600,00",,,,,,
,09/11/2025,27 Nov,Toko Mumtaz,PI.2025.11.00083,,"Singkong, Timus",,"1.100.000,00",,,,,,
,26/11/2025,27 Nov,Toko Sinar Mas,PI.2025.11.00120,,"Mie atom bulan, dll",,662.000,,,,,,
,21/11/2025,27 Nov,Rezeki Makmur,PI.2025.11.00103,,"Tali Rafia, dll",,607.500,,,,,,
,22/11/2025,27 Nov,Rezeki Makmur,PI.2025.11.00098,,"Plastik Es, dll",,512.000,,,,,,
,15/11/2025,27 Nov,Rezeki Makmur,PI.2025.11.00099,,"Sendok, garpu, dll",,744.500,,,,,,
,14/11/2025,27 Nov,Lancar Sukses,EXP.2025.11.00101,,Cetak sertifikat carton,,170.000,,,,,,
,23/11/2025,27 Nov,Lancar Sukses,EXP.2025.11.00102,,"Cetak Flyer, stiker, dll",,392.500,,,,,,
,25/11/2025,27 Nov,Mustika Buana Kumala,PI.2025.11.00123,,ATK Bulan November 2025,,993.100,,,,,,
,18/11/2025,27 Nov,Bella Natalia,PI.2025.11.00094,,Telur88,,210.000,,,,,,
,18/11/2025,27 Nov,Pak Tumin,PI.2025.11.00100,,Sayuran Kitchen,,676.000,,,,,,
,18/11/2025,27 Nov,Pak Tumin,PI.2025.11.00095,,Sayuran Hibrida,,140.000,,,,,,
,21/11/2025,27 Nov,Pak Tumin,PI.2025.11.00122,,Sayuran Bar,,82.000,,,,,,
,11/11/2025,27 Nov,Pak Tumin,PI.2025.11.00108,,Sayuran Kitchen,,648.000,,,,,,
,11/11/2025,27 Nov,Pak Tumin,PI.2025.11.00107,,Sayuran Kitchen,,89.000,,,,,,
,21/11/2025,27 Nov,Pak Tumin,PI.2025.11.00124,,Sayuran Kitchen,,616.000,,,,,,
,26/11/2025,27 Nov,Natasha,PI.2025.11.00105,,Beras,,900.000,,,,,,
,24/11/2025,27 Nov,Warung Kelapa Muda Kiti,PI.2025.11.00104,,Kelapa Muda,,"150.000,00",,,,,,
,24/11/2025,,Danis Yulianto Hadi,EXP.2025.11.00118,,Strada Graphic Design Monthly - November 2025,,"6.000.000,83",,,,,,
,,,,,,,,,,,,,,
,,,4 Desember 2025,,,,,,,,,,,
,05/12/2025,,Pindah Buku,BT.2025.12.00001,,Pindah Buku Otorisasi,,"155.000.000,00",BCA,,,,,
,04/12/2025,,Pettycash Card. Auto Top up Limit 1jt,,,Pettycash Purchasing,,"847.538,00",Pettycash Card,,,,,
,04/12/2025,,Pettycash Card. Auto Top up Limit 500rb,,,Pettycash SMS,,"236.500,00",Pettycash Card,,,,,
,04/12/2025,,Pettycash Card. Auto Top up Limit 500rb,,,Pettycash La Piazza,,"394.000,00",Pettycash Card,,,,,
,04/12/2025,,Pettycash Card. Auto Top up Limit 500rb,,,Pettycash MKG,,"269.000,00",Pettycash Card,,,,,
,26/11/2025,ok,Aubrey,EXP.2025.11.00122,,"Transport MKG-SMS, SMS-MKG (event)",,"183.500,00",BCA,,,,,
,22/11/2025,ok,Rinda,EXP.2025.12.00012,,Transportasi ke upper west bertemu dgn vendor lukisan,,"79.500,00",BCA,,,,,
,03/12/2025,ok,Rinda,EXP.2025.12.00013,,Membawa barang event ke plaza sms,,"291.408,00",BCA,,,,,
,03/12/2025,ok,Rinda,EXP.2025.12.00014,,Untuk transportasi staff menuju lokasi event menggunakan grab car,,"211.000,00",BCA,,,,,
,03/12/2025,ok,Rinda,EXP.2025.12.00015,,Beli ice utk event,,"20.000,00",BCA,,,,,
,03/12/2025,ok,Rinda,EXP.2025.12.00018,,Biaya transportasi pulang event dari plaza summarecon ke hybrida,,"207.500,00",BCA,,,,,
,03/12/2025,ok,Rinda,EXP.2025.12.00020,,Biaya bawa barang dari event plaza summarecon ke hybrida,,"272.172,00",BCA,,,,,
,28/11/2025,ok,Alfira,EXP.2025.11.00123,,transportasi dinas ke upperwest dan pulang ke sms,,"75.500,00",BCA,,,,,
,01/12/2025,ok,Chris,EXP.2025.12.00006,,Pembelian butter salted lurpark,,"272.000,00",BCA,,,,,
,01/12/2025,ok,Fetris,EXP.2025.12.00016,,Ongkos grab untuk SO,,"47.000,00",BCA,,,,,
,28/11/2025,ok,Michelle,EXP.2025.11.00124,,"Untuk cetak modul barista terbaru, buat kelas kak reza di semarang dan cetak sertifikat workshop latte art kemarin tgl 30 November",,"255.200,00",BCA,,,,,
,29/11/2025,ok,Riska,EXP.2025.11.00125,,"untuk perpanjang member (Riska, Maulana, anang) dan membuat member baru (yugo, Tari)",,"250.000,00",BCA,,,,,
,12/11/2025,ok,Shella Dellina,EXP.2025.11.00126,,Grabsend perlengkapan SIAL Interfood untuk Michelle,,"23.500,00",BCA,,,,,
,26/11/2025,ok,Shella Dellina,EXP.2025.11.00127,,"Pengiriman printing buku menu bar dari percetakan",,"32.000,00",BCA,,,,,
,14/11/2025,ok,Shella Dellina,EXP.2025.11.00128,,pembelian pita natal untuk hampers,,"86.100,00",BCA,,,,,
,16/11/2025,ok,Shella Dellina,EXP.2025.11.00129,,pembelian 2 map clear holder untuk menyimpan resep bar bsd + la piazza,,"117.900,00",BCA,,,,,
,17/11/2025,ok,Shella Dellina,EXP.2025.11.00130,,pembelian 2 pcs sample apron untuk seragam,,"206.600,00",BCA,,,,,
,20/11/2025,ok,Shella Dellina,EXP.2025.11.00131,,pembelian sample paper cup untuk menu tahun baru la piazza,,"53.000,00",BCA,,,,,
,21/11/2025,ok,Shella Dellina,EXP.2025.11.00132,,pembelian sample frame 3d untuk bsd,,"27.300,00",BCA,,,,,
,25/11/2025,ok,Shella Dellina,EXP.2025.11.00133,,pembelian 5 pcs frame 3d untuk bsd,,"139.180,00",BCA,,,,,
,17/11/2025,ok,Shella Dellina,EXP.2025.11.00134,,pembelian 1 pcs sample apron untuk seragam,,"100.000,00",BCA,,,,,
,29/11/2025,ok,Shella Dellina,EXP.2025.11.00135,,DP mural untuk strada BSD,,"3.750.000,00",BCA,,,,,
,28/11/2025,ok,Shella Dellina,EXP.2025.11.00136,,influencer strada la piazza jktguide,,"4.100.000,00",BCA,,,,,
,28/11/2025,ok,Shella Dellina,EXP.2025.11.00137,,printing buku menu bar 4 rangkap,,"399.000,00",BCA,,,,,
,25/11/2025,ok,Shella Dellina,EXP.2025.12.00017,,grabcar site visit dan meeting Strada SMB,,"176.500,00",BCA,,,,,
,18/11/2025,ok,Shella Dellina,EXP.2025.11.00138,,print buku resep phase 1,,"186.000,00",BCA,,,,,
,25/11/2025,ok,Shella Dellina,EXP.2025.11.00139,,print buku menu bar phase 2,,"282.100,00",BCA,,,,,
,04/12/2025,ok,BPJS Ketenagakerjaan,EXP.2025.12.00019,,BPJSTK November 2025,,"866.292,00",Tagihan,,,,,
,01/12/2025,ok,Iwan Julianto,EXP.2025.12.00021,,Iuran Pengelolaan Lingkungan untuk Bulan Desember Tahun 2025 Riviera Plaza Hibrida,,"500.002,00",BCA,,,,,
,04/12/2025,ok,Bapenda Jakarta,PI.2025.12.00011,,Pajak Pemkot PB1 LaPiazza MKG,,"41.831.018,00",TF to BJB,,,,,
,04/12/2025,ok,Bapenda Tangerang,PI.2025.12.00012,,Pajak Pemkot PB1 SMS + Adm,,"1.390.295,00",Tagihan,,,,,
,02/12/2025,ok,@ngopidiserpong,EXP.2025.12.00010,,Influencer @ngopidiserpong visit ke outlet Strada La Piazza pada 11 Desember 2025 pukul 16:00.,,"2.000.000,00",BCA,,,,,
,02/12/2025,ok,@thizizmaria,EXP.2025.12.00011,,Influencer @thizizmaria ke outlet Strada BSD pada 14 Desember 2025 pukul 14:00.,,"2.000.000,00",BCA,,,,,
,01/12/2025,ok,Accurate,EXP.2025.12.00005,,Accurate periode penggunaan 07 Dec 2025 s/d 05 Jan 2026,,"366.300,00",VA,,,,,
,1/12/2025,ok,PT Summarecon Investment Property,EXP.2025.12.00027,,SC LPZ - Inc GF - 10 # 1 Dec 2025 - 31 Dec 2025,,"25.250.000,00",VA,,,,,
,1/12/2025,ok,PT Summarecon Investment Property,EXP.2025.12.00028,,Air Periode : 21/10/2025 s/d 20/11/2025,,"2.103.300,00",VA,,,,,
,1/12/2025,ok,PT Summarecon Investment Property,EXP.2025.12.00029,,Listrik Periode : 21/10/2025 s/d 20/11/2025,,"12.523.706,00",VA,,,,,
,1/12/2025,ok,PT Summarecon Investment Property,EXP.2025.12.00030,,Biaya Pemeliharaan Listrik Periode : 21/10/2025 s/d 20/11/2025,,"6.142.942,00",VA,,,,,
,1/12/2025,ok,PT Summarecon Investment Property,EXP.2025.12.00031,,Gas Periode : 21/10/2025 s/d 20/11/2025,,"10.617.828,00",VA,,,,,
,1/12/2025,ok,PT Summarecon Investment Property (MKG),EXP.2025.12.00032,,Service Charges - Pendapatan 1F - K / 203 # 1 Dec 2025 - 1 Dec 2025 (MKG),,"85.036,00",VA,,,,,
,1/12/2025,ok,PT Summarecon Investment Property (MKG),EXP.2025.12.00033,,Listrik Periode : 21/10/2025 s/d 20/11/2025 (MKG),,"615.129,00",VA,,,,,
,1/12/2025,ok,PT Summarecon Investment Property (MKG),EXP.2025.12.00034,,Biaya Pemeliharaan Listrik Periode : 21/10/2025 s/d 20/11/2025 (MKG),,"270.074,00",VA,,,,,
,1/12/2025,ok,PT Lestari Mahadibya,EXP.2025.12.00023,,SC Island Counter - Revenue 1F - IC22 # 01 Dec - 31 Dec 2025 (SMS),,"1.568.025,00",VA,,,,,
,1/12/2025,ok,PT Lestari Mahadibya,EXP.2025.12.00024,,PAM : 21/10/2025 - 20/11/2025 1F - IC22 (SMS),,"53.892,00",VA,,,,,
,1/12/2025,ok,PT Lestari Mahadibya,EXP.2025.12.00025,,Electric : 21/10/2025 - 20/11/2025 (SMS),,"634.964,00",VA,,,,,
,1/12/2025,ok,PT Lestari Mahadibya,EXP.2025.12.00026,,Biaya Pemeliharaan Electric : 21/10/2025 - 20/11/2025,,"957.853,00",VA,,,,,
,2/12/2025,ok,PT Makmur Orient Jaya,JV.2025.12.00101,,Fit Out Deposit (SMB),,"7.000.000,00",VA,,,,,
,2/12/2025,ok,PT Makmur Orient Jaya,EXP.2025.12.00022,,Service During Tenant Fit Out (SMB),,"8.191.302,00",VA,,,,,
,24/10/2025,ok,PT Etos Suryanusa,EXP.2025.10.00118,,Jasa pengendalian hama serangga dan tikus bulan Oktober 2025,,"837.184,68",UOB,,,,,
,28/11/2025,ok,PT Dinamika Perkasa Abadi,PI.2025.11.00172,BSD,DP 50% Heating Lamp,,"2.565.000,00",BCA,,,,,
,12/11/2025,ok,PT Greenfields Indonesia,5210597148 / PI.2025.11.00155,,Freshmilk MKG,,"227.760,00",VA,,,,,
,13/11/2025,ok,PT Greenfields Indonesia,5210597275 / PI.2025.11.00156,,Yogurt,,"219.114,00",VA,,,,,
,18/11/2025,ok,PT Greenfields Indonesia,5210602554 / PI.2025.11.00157,,Freshmilk La Piazza,,"1.138.800,00",VA,,,,,
,01/11/2025,ok,PT Greenfields Indonesia,5210594159 / PI.2025.12.00001,,Freshmilk La Piazza MKG,,"1.138.800,00",VA,,,,,
,14/11/2025,ok,PT Greenfields Indonesia,5210598481 / PI.2025.11.00158,,Freshmilk La Piazza MKG,,"1.366.560,00",VA,,,,,
,14/11/2025,ok,PT Greenfields Indonesia,5210598482 / PI.2025.11.00159,,Freshmilk ACA,,"455.520,00",VA,,,,,
,4/12/2025,ok,PT Anak Mas Indonesia,PI.2025.12.00006,,Minyak Goreng,,"3.480.960,00",BCA,,,,,
,4/12/2025,ok,PT Anak Mas Indonesia,PI.2025.12.00007,,Margarine Blue Band,,"627.372,00",BCA,,,,,
,4/12/2025,ok,PT Anak Mas Indonesia,PI.2025.12.00008,,UHT Coconut,,"213.736,00",BCA,,,,,
,25/11/2025,ok,PT. Asher Berkat Abadi,PI.2025.11.00149,,Galon Hibrida,,"189.000,00",BCA,,,,,
,24/11/2025,ok,PT Artemis Adhi Tirta,PI.2025.11.00164,,Spiva,,"2.997.000,00",BCA,,,,,
,25/11/2025,ok,PT Berkah Surya Bersinar,PI.2025.11.00152,,Elixir,,"24.603.000,00",BCA,,,,,
,27/11/2025,ok,CV. Panen Raya Indonesia,PI.2025.11.00148,,Frozen food,,"4.501.641,00",BCA,,,,,
,01/12/2025,ok,CV Panen Raya Indonesia,PI.2025.12.00003,,Frozen Food,,"2.140.000,00",BCA,,,,,
,3/12/2025,ok,CV MAJU BERKAT BERSINAR,PI.2025.11.00173,,MADIN LED BLEND ICON MD/T-35SE,,"11.300.000,00",BCA,,,,,
,1/12/2025,ok,Lokyo,PI.2025.12.00009,,DP 50% Cup Hot,,"13.605.107,00",VALAS,Ga jadi karena hanya bs siang hari otor nya,,,,
,20/11/2025,ok,Gold Kitchen,PI.2025.11.00150,,Chef Jacket,,"2.245.000,00",BCA,,,,,
,20/11/2025,ok,Nuprindo Utama Printing,PI.2025.11.00151,,Cetak Tanda Terima,,"440.000,00",BCA,,,,,
,25/11/2025,ok,Cavalese,PI.2025.11.00146,,Cheesecake,,"800.000,00",BCA,,,,,
,01/12/2025,ok,Suket Teki Super Store,PI.2025.12.00002,,"Minyak, dll",,"2.081.500,00",BCA,,,,,
,3/12/2025,ok,J-Pack Food Packaging,PI.2025.12.00010,,Box Take Away,,"412.500,00",BCA,,,,,
,2/12/2025,ok,Pak Tumin,PI.2025.12.00005,,Sayuran Hibrida,,"675.000,00",BCA,,,,,
,28/12/2025,ok,Pak Tumin,PI.2025.11.00171,,Sayuran Kitchen,,"680.000,00",BCA,,,,,
,25/11/2025,ok,Pak Tumin,PI.2025.11.00154,,Sayuran Kitchen Susulan,,"74.000,00",BCA,,,,,
,25/11/2025,ok,Telur88,PI.2025.11.00147,,Telur,,"290.000,00",BCA,,,,,
,21/11/2025,ok,Telur88,PI.2025.11.00153,,Telur,,"210.000,00",BCA,,,,,
,27/11/2025,ok,Warung Kelapa Muda Kitty,PI.2025.11.00160,,Kelapa Muda,,"150.000,00",BCA,,,,,
,01/12/2025,ok,Warung Kelapa Muda Kitty,PI.2025.12.00004,,Kelapa Muda,,"150.000,00",BCA,,,,,
,15/11/2025,ok,Rumah Sayur,PI.2025.11.00161,,Alpukat Mentega,,"180.000,00",BCA,,,,,
,17/11/2025,ok,Rumah Sayur,PI.2025.11.00162,,Alpukat Mentega,,"540.000,00",BCA,,,,,
,21/11/2025,ok,Rumah Sayur,PI.2025.11.00163,,Alpukat Mentega,,"720.000,00",BCA,,,,,
,29/11/2025,ok,Rumah Sayur,PI.2025.11.00165,,"Alpukat Mentega, dll",,"689.000,00",BCA,,,,,
,29/11/2025,ok,Rumah Sayur,PI.2025.11.00170,,Alpukat ,,"70.000,00",BCA,,,,,
,25/11/2025,ok,Rumah Sayur,PI.2025.11.00174,,"Alpukat, Ubi, dll",,"109.000,00",BCA,,,,,
,19/11/2025,ok,Adam Supplier,PI.2025.11.00167,,"Tepung Pisang Goreng, dll",,"509.000,00",BCA,,,,,
,29/11/2025,ok,Adam Supplier,PI.2025.11.00166,,"Tepung Pisang Goreng, dll",,"736.000,00",BCA,,,,,
,12/11/2025,ok,Adam Supplier,PI.2025.11.00168,,"Tepung Pisang Goreng, dll",,"323.000,00",BCA,,,,,
,27/11/2025,ok,Adam Supplier,PI.2025.11.00169,,"Tepung Pisang Goreng, dll",,"683.500,00",BCA,,,,,
,,,,,,,,,,,,,,
,,,8 Desember 2025,,,,,,,,,,,
,8/12/2025,,Pindah Buku,BT.2025.12.00002,,Pindah Buku 817-888,,"5.000.000,00",,,,,,
,8/12/2025,,Pindah Buku,BT.2025.12.00003,,Pindah Buku Tambahan 817-888,,"10.000.000,00",,,,,,
,8/12/2025,,Karunia Pack,DFT.17737,,Pembelian Botol 1L,,"430.000,00",,,,,,
,1/12/2025,,Lokyo,PI.2025.12.00009,,DP 50% Cup Hot,,"13.605.107,00",VALAS,DONE,,,,
,08/12/2025,,PRAMBANAN KENCANA,"DFT.17732",,Mozzarella,,"1.249.433,48",,DONE,,,,
,08/12/2025,,PT Dinamika Perkasa Abadi,DFT.17734,,Pelunasan Pembelian Heat Lamp,,"2.565.000,00",,,,,,
,08/12/2025,,Taufik Martha Akhzar,EXP.2025.12.00040,,Ongkir Retur Sango,,"150.000,00",,,,,,
,08/12/2025,,Irzan Perdana,EXP.2025.12.00041,,Lalamove DAY1 HIBRIDA - BSD DAY1,,"602.500,00",,,,,,
,08/12/2025,,Restomart,DFT.17756,,Pembayaran NAYATI GREASE TRAP W/ BALL VALVE,,"1.934.269,00",,,,,,
,,,,,,,,,,,,,,
,,,9 Desember 2025,,,,,,,,,,,
,08/12/2025,,Irzan Perdana,EXP.2025.12.00044,,Lalamove DAY1 HIBRIDA - BSD DAY1,,"602.500,00",,,,,,
,,,,,,,,,,,,,,
,,,11 Desember 2025,,,,,,,,,,,
,11/12/2025,,Pindah Buku,BT.2025.12.00004,,Pindah Buku Otorisasi,,"200.000.000,00",,,,,,
,11/12/2025,,Pettycash Card. Auto Top up Limit 1jt,,,Pettycash Purchasing,,"998.268,00",,,,,,
,11/12/2025,,Pettycash Card. Auto Top up Limit 500rb,,,Pettycash SMS,,"405.000,00",,,,,,
,11/12/2025,,Pettycash Card. Auto Top up Limit 500rb,,,Pettycash La Piazza,,"213.861,00",,,,,,
,11/12/2025,,Pettycash Card. Auto Top up Limit 500rb,,,Pettycash MKG,,"234.000,00",,,,,,
,01/12/2025,ok,Shella Dellina,EXP.2025.12.00052,,produksi buku menu coffee experience bar summarecon serpong,,"26.589,00",,MAT,,,,
,26/11/2025,ok,Angela Cipta,EXP.2025.11.00142,,Hibrida-lapiz-hibrida meeting BO dan Ops,,24.000,,MAT,,,,
,04/12/2025,ok,Angela Cipta,EXP.2025.12.00055,,Meeting ke lapiz bersama tim.BO,,"27.500,00",,MAT,,,,
,05/12/2025,ok,Angela Cipta,EXP.2025.12.00056,,Meeting hasil SO ke lapiz bersama tim BO,,"23.500,00",,MAT,,,,
,02/12/2025,ok,Angela cipta,EXP.2025.12.00057,,Perjalanan ke semarang,,"540.000,00",,MAT,,,,
,08/12/2025,ok,Chris,PI.2025.12.00067,,Pembelian stiker dan coffe card,,"86.454,00",,MAT,,,,
,09/12/2025,ok,Chris,EXP.2025.12.00058,,Ongkir lalamove pembelian botol 1 Ltr,,"9.402,00",,MAT,,,,
,09/12/2025,ok,Chris,PI.2025.12.00065,,Pembelian kay 5 urgent,,"499.300,00",,MAT,,,,
,02/12/2025,ok,Reza Setio M,EXP.2025.12.00059,,Transport gojek ke stasiun gambir & dari stasiun semarang ke outlet strada,,"38.500,00",,MAT,,,,
,04/12/2025,ok,Reza Setio M,EXP.2025.12.00060,,Transport gojek dari hotel ke outlet strada (dlm kondisi sakit) ,,"8.000,00",,MAT,,,,
,06/12/2025,ok,Reza Setio M,EXP.2025.12.00061,,Transport gojek dari outlet strada ke stasiun semarang & dari stasiun gambir ke rumah,,"224.000,00",,MAT,,,,
,05/12/2025,ok,Selena,EXP.2025.12.00062,,Pembelian Materai,,"172.500,00",,MAT,,,,
,06/12/2025,ok,Selena,EXP.2025.12.00035,,Bensin Pak Joni 05.12.2025,,"20.000,00","cipta : dokumen tergabung, accurate sdh dipisah",MAT,,,,
,09/12/2025,ok,Selena,EXP.2025.12.00038,,Bensin Pak Joni 06.12.2025,,"20.000,00",,MAT,,,,
,09/12/2025,ok,Selena,EXP.2025.12.00067,,Bensin Pak Joni 09.12.2025,,"20.000,00",,MAT,,,,
,10/12/2025,ok,Selena,EXP.2025.12.00048,,Bensin Pak Joni 10.12.2025,,"20.000,00",,MAT,,,,
,10/12/2025,ok,Selena,EXP.2025.12.00049,,Biaya Parkir 10.12.2025,,"10.000,00",,MAT,,,,
,10/12/2025,ok,Selena,EXP.2025.12.00068,,Kirim Berkas ke Summarecon,,"10.000,00",,MAT,,,,
,10/12/2025,ok,Selena,EXP.2025.12.00070,,Cek dan Install Quinos ke BSD,,"38.000,00",,MAT,,,,
,05/12/2025,ok,Pak Joni,EXP.2025.12.00066,,Service CVT Motor,,"115.000,00",,MAT,,,,
,27/10/2025,ok,PT. SUMMARECON INVESTMENT PROPERTY,EXP.2025.11.00141,,Biaya penambahan freon tgl 27 Okt 2025,,"2.525.000,00",,VA,,,,
,10/12/2025,ok,Pondok Es Cendol,EXP.2025.12.00064,,Pembayaran Tumpeng,,"3.061.200,00",,MAT,,,,
,10/12/2025,ok,Corat Coret Art Maker,EXP.2025.12.00063,,Pelunasan Mural BSD,,"3.000.000,00",,MAT,,,,
,01/12/2025,ok,Anugerah Karya Utama,PI.2025.12.00029,,"Fillet Dada, Paha, Kulit Ayam",,"1.277.000,00",,MAT,,,,
,08/12/2025,ok,PT Karunia Sukses Gemilang,PI.2025.12.00028,,"Jalapeno, Leci Kaleng",,"1.473.511,00",,MAT,,,,
,03/12/2025,ok,PT Berkah Surya Bersinar,PI.2025.12.00025,,"Black Forest, dll",,"26.532.250,00",,MAT,,,,
,29/11/2015,ok,PT Asher Berkat Abadi,PI.2025.11.00191,,Aqua Galon,,"120.000,00",,MAT,,,,
,08/12/2025,ok,PT Asher Berkat Abadi,PI.2025.12.00058,,"Amidis, Le Minerale",,"210.000,00",,MAT,,,,
,04/12/2025,ok,PT Asher Berkat Abadi,PI.2025.12.00032,,Cleo,,"110.000,00",,MAT,,,,
,04/12/2025,ok,PT Sanpota Batara Indonesia,PI.2025.12.00049,,Cup & Lid Frosted 5.000 pcs,,"4.900.000,00",,MAT,,,,
,20/11/2025,ok,PT Sanpota Batara Indonesia,PI.2025.11.00192,,Cup & Lid Frosted 3.000 pcs,,"2.940.000,00",,MAT,,,,
,29/11/2025,ok,PT Cahaya Inti Putra Sejahtera,PI.2025.11.00194,,Kecap Manis,,"622.395,00",,MAT,,,,
,09/12/2025,ok,PT ABC Kogen Dairy (KIN),PI.2025.12.00063,,KIN Pasteur Plain,,"1.621.200,00",,MAT,,,,
,10/12/2025,ok,PT Stanza Dava Prima,EXP.2025.12.00065,,Maintenace Water Filetr 3M,,"6.054.267,00",,MAT,,,,
,18/11/2025,ok,CV Evergreen,PI.2025.11.00195,,Pelunasan Pemasangan pohon kopi BSD,,"14.250.000,00",,MAT,,,,
,04/12/2025,ok,CV Panen Raya Indonesia,PI.2025.12.00026,,Frozen Food,,"2.160.320,00",,MAT,,,,
,04/12/2025,ok,CV Panen Raya Indonesia,PI.2025.12.00027,,Frozen Cake,,"1.600.000,00",,MAT,,,,
,25/11/2025,ok,CV Panen Raya Indonesia,PI.2025.11.00190,,ROF,,"245.000,00",,MAT,,,,
,04/12/2025,ok,CV Asaku,PI.2025.12.00045,,Tissue Livi Eco,,"1.845.392,00",,MAT,,,,
,06/12/2025,ok,CV Kaloka Sri Rejeki,PI.2025.12.00046,SMB,DP 50% Kaloka SMB + Adm Bank,,"6.821.500,00",,TF - BCA to Mandiri,,,,
,12/12/2025,ok,CV Espe Empatujuh,PI.2025.12.00048,,Pelunasan Mesin Tap Brew BSD - 1102,,"47.500.000,00",,MAT,,,,
,09/12/2025,ok,CV Sarana Edukasi Sejahtera,PI.2025.12.00062,,Pomona Mixology Syrup Green Apple,,"960.000,00",,MAT,,,,
,02/12/2025,ok,CV Rumah Sembako Nusantara,PI.2025.12.00055,,Tempe,,"21.000,00",,MAT,,,,
,04/12/2025,ok,CV Rumah Sembako Nusantara,PI.2025.12.00054,,"Tempe, Tahu Coklat, dll",,"117.500,00",,MAT,,,,
,05/12/2025,ok,Rumah Sayur,PI.2025.12.00053,,"Kentang, dll",,"132.875,00",,MAT,,,,
,04/12/2025,ok,Rumah Sayur,PI.2025.12.00052,,"Parsley, dll",,"762.483,50",,MAT,,,,
,02/12/2025,ok,Rumah Sayur,PI.2025.12.00059,,"Daun Ketumbar, dll",,"54.750,00",,MAT,,,,
,04/12/2025,ok,Rumah Sayur,PI.2025.12.00060,,"Cabe Rawit Hijau, dll",,"133.125,00",,MAT,,,,
,02/12/2025,ok,Rumah Sayur,PI.2025.12.00064,,"Bawang Merah Kupas, dll",,"732.159,50",,MAT,,,,
,05/12/2025,ok,Nuprindo Utama Printing,PI.2025.12.00030,,Cetak Buku Bukti Pengeluaran Kas/Bank,,"220.000,00",,MAT,,,,
,03/12/2025,ok,Suket Teki Super Store,PI.2025.12.00047,,"Gula Pasir, dll",,"1.815.500,00",,MAT,,,,
,08/12/2025,ok,Suket Teki Super Store,PI.2025.12.00050,,"Santan Kara, dll",,"982.000,00",,MAT,,,,
,08/12/2025,ok,Toko Mumtaz,PI.2025.12.00057,,"Casava, Timus",,"1.330.000,00",,MAT,,,,
,09/12/2025,ok,Adam Supplier,PI.2025.12.00031,,"Tepung terigu, dll",,"2.807.000,00",,MAT,,,,
,01/12/2025,ok,Adam Supplier,PI.2025.12.00033,,"Tepung cakra kembar, dll",,"1.652.000,00",,MAT,,,,
,06/12/2025,ok,Adam Supplier,PI.2025.12.00034,,"Kecap Asin, dll",,"1.863.500,00",,MAT,,,,
,06/12/2025,ok,Rezeki Makmur,PI.2025.12.00035,,"Sendok Makan, dll",,"1.200.000,00",,MAT,,,,
,05/12/2025,ok,Toko Sinar Mas,PI.2025.12.00036,,"Ajinomoto, dll",,"1.253.000,00",,MAT,,,,
,09/12/2025,ok,Natasha (Beras),PI.2025.12.00037,,Beras,,"750.000,00",,MAT,,,,
,02/12/2025,ok,Pak Tumin,PI.2025.12.00038,,Sayuran - Kitchen,,"28.000,00",,MAT,,,,
,09/12/2025,ok,Pak Tumin,PI.2025.12.00056,,Daging - Hibrida,,"2.080.000,00",,MAT,,,,
,05/12/2025,ok,Pak Tumin,PI.2025.12.00039,,Strawberry - Bar,,"45.000,00",,MAT,,,,
,02/12/2025,ok,Pak Tumin,PI.2025.12.00040,,Buah buahan - Bar,,"305.000,00",,MAT,,,,
,24/11/2025,ok,Pak Tumin,PI.2025.11.00193,,Sayuran Kitchen,,"914.000,00",,MAT,,,,
,24/11/2025,ok,Pak Tumin,PI.2025.11.00188,,Sayuran Bar,,"50.000,00",,MAT,,,,
,05/12/2025,ok,Bella Natalia,PI.2025.12.00041,,Telur88,,"430.000,00",,MAT,,,,
,02/02/2025,ok,Bella Natalia,PI.2025.12.00042,,Telur88,,"285.000,00",,MAT,,,,
,29/11/2025,ok,Bella Natalia,PI.2025.11.00189,,Telur88,,"290.000,00",,MAT,,,,
,09/12/2025,ok,Bella Natalia,PI.2025.12.00061,,Telur88,,"310.000,00",,MAT,,,,
,08/12/2025,ok,Warung Kelapa Muda Kitty,PI.2025.12.00044,,Kelapa Muda,,"150.000,00",,MAT,,,,
,04/12/2025,ok,Warung Kelapa Muda Kitty,PI.2025.12.00043,,Kelapa Muda,,"150.000,00",,MAT,,,,
,11/12/2025,ok,Warung Kelapa Muda Kitty,PI.2025.12.00066,,Kelapa Muda,,"300.000,00",,MAT,,,,
,02/12/2025,ok,Restomart Cipta Usaha,EXP.2025.12.00045,,Perbaikan Mesin La Cimbali La Piazza,,"1.741.800,00",,MAT,,,,
,09/12/2025,ok,My Republic,EXP.2025.12.00046,,Pembayaran Internet BSD Dec 2025 - Dec 2026,,"4.773.000,00",,VA,,,,
,06/12/2025,ok,AJM Creation,PI.2025.12.00051,,Pelunasan Singage BSD,,"5.750.000,00",,MAT,,,,
,07/12/2025,ok,Martin Tandean Liu,EXP.2025.12.00047,,Visit BSD Influencer @Martintann,,"6.000.000,83",,MAT,,,,
,04/12/2025,ok,Mochamad Reza Pahlevi,EXP.2025.12.00069,,Visit BSD Influencer @gowith.thrills + adm bank,,"2.502.500,43",,TF - Bca to SeaBank,,,,
,,,,,,,,,,,,,,
,,,15 Desember 2025,,,,,,,,,,,
,15/12/2025,,Pajak PPH 21  Karyawan,EXP.2025.12.00080,,PPH 21 bulan November 2025,,"5.931.319,00",TAGIHAN,,,,,
,15/12/2025,,Pajak,EXP.2025.12.00081,,Pajak Unifikasi November 2025,,"9.138.975,00",,,,,,
,15/12/2025,,PT Anak Mas Indah,"DFT.18135",,Ladaku,,"1.799.975,84",,,,,,
,,,,,,,,,,,,,,
,,,18 Desember 2025,,,,,,,,,,,
,18/12/2025,,Pindah Buku,BT.2025.12.00005,,Pindah Buku Otorisasi 18.12.2025,,"300.000.000,00",,,,,,
,18/12/2025,,Pettycash Card. Auto Top up Limit 1jt,,,Pettycash Purchasing,,"498.093,00",,,,,,
,18/12/2025,,Pettycash Card. Auto Top up Limit 500rb,,,Pettycash SMS,,"490.000,00",,,,,,
,18/12/2025,,Pettycash Card. Auto Top up Limit 1jt,,,Pettycash BSD,,"600.000,00",,,,,,
,18/12/2025,,Pettycash Card. Auto Top up Limit 500rb,,,Pettycash MKG,,"198.000,00",,,,,,
,04/12/2025,ok,Shella Dellina,EXP.2025.12.00051,,Produksi acrylic untuk signage upperwest bsd,,"3.000.000,00",MAT,,,,,
,02/11/2025,ok,Shella Dellina,EXP.2025.11.00143,,Meta Ads 2 Dec ,,"747.990,00",MAT,,,,,
,12/12/2025,ok,Shella Dellina,EXP.2025.12.00097,,Meta Ad 12 Dec,,"893.833,00",MAT,,,,,
,15/12/2025,ok,Shella Dellina,EXP.2025.12.00098,,pembelian pita natam untuk hampers,,"98.800,00",MAT,,,,,
,10/12/2025,ok,Shella Dellina,PI.2025.12.00123,,pembelian desktop switch untuk POS Strada BSD,,"254.700,00",MAT,,,,,
,08/12/2025,ok,Shella Dellina,PI.2025.12.00124,,pembelian baby chair untuk strada bsd,,"485.800,00",MAT,,,,,
,08/12/2025,ok,Shella Dellina,PI.2025.12.00125,,pembelian tong sampah 240lt untuk strada bsd,,"939.900,00",MAT,,,,,
,05/12/2025,ok,Shella Dellina,EXP.2025.12.00099,,endorse ourcoffeediary strada coffee bsd,,"2.050.000,00",MAT,,,,,
,10/12/2025,ok,Shella Dellina,EXP.2025.12.00100,,Transport persiapan opening store strada BSD,,"202.500,00",MAT,,,,,
,10/12/2025,ok,Shella Dellina,EXP.2025.12.00101,,transport persiapan opening strada upperwest,,"262.000,00",MAT,,,,,
,10/12/2025,ok,Shella Dellina,EXP.2025.12.00102,,supervisi coffee catering 1000 cups summarecon,,"141.000,00",MAT,,,,,
,03/12/2025,ok,Aubrey,EXP.2025.12.00086,,Transportasi,,"187.500,00",MAT,,,,,
,11/12/2025,ok,Aubrey,EXP.2025.12.00090,,Transportasi 11.12.2025,,"143.000,00",MAT,,,,,
,12/12/2025,ok,Aubrey,EXP.2025.12.00096,,Transportasi Shooting Content Promo BSD dan Outlet BSD di Strada Coffee Upperwest BSD CBD ,,"73.500,00",MAT,,,,,
,14/12/2025,ok,Aubrey,EXP.2025.12.00103,,"Transportasi ke BSD Upperwest untuk visit Influencer @ngopidiserpong, @thizizmaria, shoot content christmas at outlet BSD.",,"264.500,00",MAT,,,,,
,04/12/2025,ok,Alfira,EXP.2025.12.00053,,dinas di strada bsd,,33.500,MAT,,,,,
,05/12/2025,ok,Alfira,EXP.2025.12.00054,,dinas di strada bsd,,78.000,MAT,,,,,
,11/12/2025,ok,Rinda,EXP.2025.12.00088,,Perjalan menuju ke tempat event 1000 cup di sms,,"209.000,00",MAT,,,,,
,11/12/2025,ok,Rinda,EXP.2025.12.00089,,Pick up barang event dari store lapiz dibawa ke hibrida karena berangkat dari hibrida,,"87.381,00",MAT,,,,,
,11/12/2025,ok,Rinda,EXP.2025.12.00091,,Biaya membawa barang2 event ke sms event 1000 cup,,"274.100,00",MAT,,,,,
,11/12/2025,ok,Rinda,EXP.2025.12.00092,,Biaya tol lalamove membawa barang event ke sms 1000 cup,,"19.500,00",MAT,,,,,
,12/12/2025,ok,Rinda,EXP.2025.12.00094,,"Biaya ongkos pulang naik grab car plus biaya toll, staff dari tempat event ke store",,"276.500,00",MAT,,,,,
,12/12/2025,ok,Rinda,EXP.2025.12.00095,,Biaya ongkos pulang hamida dari tempat event karena mendadak lapiz butuh back up,,"149.500,00",MAT,,,,,
,12/12/2025,ok,Rinda,EXP.2025.12.00105,,Konsumsi utk staff event,,"156.000,00",MAT,,,,,
,12/12/2025,ok,Rinda,EXP.2025.12.00109,,Biaya lalamove membawa barang setelah event 1000 cup di sms,,"273.569,00",MAT,,,,,
,04/12/2025,ok,PT Makmur Orient Jaya,JV.2025.12.00373,,"Rental Deposit FB - 209, 210",,"83.010.000,00",VA,,,,,
,10/12/2025,ok,PT Sukanda Djaya,PI.2025.12.00079,,Oatmilk,,"1.491.840,00",MAT,,,,,
,03/12/2025,ok,PT Sukanda Djaya,PI.2025.12.00080,,Ice Cream Vanilla,,"346.320,00",MAT,,,,,
,03/12/2025,ok,PT Sukanda Djaya,PI.2025.12.00133,,Beef Bratwurst Sausage,,"817.071,00",MAT,,,,,
,27/11/2025,ok,PT Sukanda Djaya,PI.2025.11.00198,,Oatmilk Blend,,"559.440,00",MAT,,,,,
,11/12/2025,ok,PT Kreasi Cipta Megatama,PI.2025.12.00081,,"Sabun Cuci Piring, Karbol",,"808.000,00",MAT,,,,,
,10/12/2025,ok,PT Artarya Jaya Lestari,PI.2025.12.00085,SMB,Keperluan SMB,,"5.719.576,00",MAT,,,,,
,08/12/2025,ok,PT Harvest Coffee Forenity,PI.2025.12.00082,BSD,Pelunasan Mesin Grinder Anfim Luna BSD,,"19.200.000,00",MAT,,,,,
,09/12/2025,ok,PT Dinamika Perkasa Abadi,EXP.2025.12.00082,,Ongkir Pengiriman ke BSD,,"300.000,00",MAT,,,,,
,11/12/2025,ok,PT Berkah Surya Bersinar,JV.2025.12.00548,,Pendapatan Event PT. Berkah Surya Bersinar (Pinjam EDC La Piazza),,"110.000,00",MAT,,,,,
,11/12/2025,ok,PT Berkah Surya Bersinar,PI.2025.12.00075,,"Black Forest, dll",,"42.673.500,00",MAT,Bukan MAT,,,,
,03/12/2025,ok,PT Berkah Surya Bersinar,PI.2025.12.00076,,Dripbag Gayo,,"731.250,00",MAT,,,,,
,16/12/2025,ok,PT Berkat Tiga Putera,EXP.2025.12.00106,,Pelunasan Design SMB,,"36.638.625,00",MAT,,,,,
,10/12/2025,ok,PT Sango Ceramics Indonesia,PI.2025.12.00120,SMB,DP 50% Piring - SMB,,"7.826.166,00",MAT,,,,,
,16/12/2025,ok,PT Aneka Froze Tri Utama,PI.2025.12.00119,SMB,DP 50% Showcase - SMB,,"7.500.000,00",MAT,,,,,
,09/12/2025,ok,PT Aneka Froze Tri Utama,PI.2025.12.00138,,Pelunasan Showcase BSD,,"7.500.000,00",MAT,,,,,
,11/12/2025,ok,PT ABC Kogen Diary,PI.2025.12.00129,BSD,KIN BSD - 11.12.2025,,"1.852.800,00",MAT,,,,,
,12/12/2025,ok,PT ABC Kogen Diary,PI.2025.12.00134,,KIN MKG - 12.12.2025,,"463.200,00",MAT,,,,,
,16/12/2025,ok,PT ABC Kogen Diary,PI.2025.12.00137,,KIN BSD - 16.12.2025,,"926.400,00",MAT,,,,,
,16/12/2025,ok,PT ABC Kogen Diary,PI.2025.12.00139,,KIN SMS - 16.12.2025,,"463.200,00",MAT,,,,,
,09/12/2025,ok,PT Stanza Dava Prima,PI.2025.12.00127,BSD,Water 3M - BSD,,"9.837.019,00",MAT,,,,,
,10/12/2025,ok,PT Delisari Nusantara,PI.2025.12.00132,,Cooking Cream,,"1.692.000,00",VA,,,,,
,08/12/2025,ok,PT Asher Berkat Abadi,PI.2025.12.00131,,Aqua Galon - MKG,,"120.000,00",MAT,,,,,
,15/12/2025,ok,PT Asher Berkat Abadi,PI.2025.12.00130,,Aqua Galon - MKG,,"120.000,00",MAT,,,,,
,11/12/2025,ok,CV. Panen Raya Indonesia,PI.2025.12.00077,,Frozen Food,,"11.587.740,00",MAT,,,,,
,11/12/2025,ok,CV. Panen Raya Indonesia,PI.2025.12.00078,,Frozen Cake,,"797.575,40",MAT,,,,,
,15/12/2025,ok,CV Cipta Karunia Sejati,PI.2025.12.00084,,Stemple Strada+ Coffee,,"375.000,00",MAT,,,,,
,16/12/2025,ok,CV Maju Berkat  Bersinar,PI.2025.12.00122,BSD,Blender Madin BSD,,"11.300.000,00",MAT,,,,,
,11/12/2025,ok,CV Asaku,PI.2025.12.00083,,Livi Tissue,,"2.109.392,00",MAT,,,,,
,10/12/2025,ok,CV Rumah Sembako Nusantara,PI.2025.12.00105,,"Tempe, dll",,"219.750,00",MAT,,,,,
,09/12/2025,ok,CV Rumah Sembako Nusantara,PI.2025.12.00114,,"Tempe, dll",,"86.500,00",MAT,,,,,
,16/12/2025,ok,Liara Food,PI.2025.12.00090,,Shortplate AUS,,"945.000,00",MAT,,,,,
,09/12/2025,ok,Anugerah Karya Utama,PI.2025.12.00089,,"Boneless Dada Paha, Kulit Ayam, Kepala Ayam",,"2.480.000,00",MAT,,,,,
,16/12/2025,ok,Mustika Buana Kumala,PI.2025.12.00088,,ATK - Desember 2025,,"1.361.050,00",MAT,,,,,
,12/12/2025,ok,Pak Purwanto (Cendol Hijau Daun Suji),PI.2025.12.00087,,Cendol + Adm Bank,,"17.500,00",TF to BRI,,,,,
,13/12/2025,ok,Eleanora Marlene Shop,PI.2025.12.00086,,Sparkling Water,,"1.272.000,00",MAT,,,,,
,10/12/2025,ok,Cavalese,PI.2025.12.00091,BSD,Cheesecake BSD,,"400.000,00",MAT,,,,,
,12/12/2025,ok,Cavalese,PI.2025.12.00092,,Cheesecake LPZ,,"800.000,00",MAT,,,,,
,04/12/2025,ok,Rumah Sayur,PI.2025.12.00095,,"Nangka, dll",,"45.900,00",MAT,,,,,
,04/12/2025,ok,Rumah Sayur,PI.2025.12.00094,,Kelapa,,"14.500,00",MAT,,,,,
,09/12/2025,ok,Rumah Sayur,PI.2025.12.00109,,Bawang Bombay,,"811.875,00",MAT,,,,,
,10/12/2025,ok,Rumah Sayur,PI.2025.12.00108,,Kelapa Utuh,,"14.500,00",MAT,,,,,
,12/12/2025,ok,Rumah Sayur,PI.2025.12.00107,,"Ubi, dll",,"752.175,00",MAT,,,,,
,10/12/2025,ok,Rumah Sayur,PI.2025.12.00106,,"Lengkuas, dll",,"21.125,00",MAT,,,,,
,10/12/2025,ok,Rumah Sayur,PI.2025.12.00128,,"Ubi Madu, dll",,"214.625,00",MAT,,,,,
,10/12/2025,ok,Rumah Sayur,PI.2025.12.00116,,"Jeruk nipis,dll",,"226.250,00",MAT,,,,,
,09/12/2025,ok,Rumah Sayur,PI.2025.12.00115,,"Ubi Madu, dll",,"24.500,00",MAT,,,,,
,10/12/2025,ok,Rumah Sayur,PI.2025.12.00111,,"Parsley, dll",,"1.905.490,00",MAT,,,,,
,08/12/2025,ok,Bu Sri Kusmini,EXP.2025.12.00083,,Biaya Perjalanan Bu Sri untuk Syukuran BSD dan SMB,,"1.094.500,00",MAT,,,,,
,13/12/2025,ok,Pak Niko Questera,PI.2025.12.00099,,Puro Cleaning,,"85.000,00",MAT,,,,,
,11/12/2025,ok,Bella Natalia,PI.2025.12.00100,,Telur88,,"305.000,00",MAT,,,,,
,11/12/2025,ok,Pelita Abadi,PI.2025.12.00121,,Telur BSD,,"600.000,00",MAT,,,,,
,15/12/2025,ok,Warung Kelapa Muda Kiti,PI.2025.12.00093,,Kelapa Muda,,"270.000,00",MAT,,,,,
,12/12/2025,ok,Pak Tumin,PI.2025.12.00102,,Buah-buahan Bar,,"157.000,00",MAT,,,,,
,09/12/2025,ok,Pak Tumin,PI.2025.12.00104,,Buah Buahan Bar,,"87.000,00",MAT,,,,,
,09/12/2025,ok,Pak Tumin,PI.2025.12.00103,,"Rebung, DLL",,"132.000,00",MAT,,,,,
,15/12/2025,ok,Pak Tumin,PI.2025.12.00098,,"Rebung, Pisang Tanduk",,"90.000,00",MAT,,,,,
,12/12/2025,ok,Pak Tumin,PI.2025.12.00097,,Biji Selasih,,"15.000,00",MAT,,,,,
,13/12/2025,ok,Pak Tumin,PI.2025.12.00096,,Cakwe,,"15.000,00",MAT,,,,,
,12/12/2025,ok,Pak Tumin,PI.2025.12.00101,,Rebung,,"30.000,00",MAT,,,,,
,12/12/2025,ok,Adam Supplier,PI.2025.12.00113,,"Santan Kara, dll",,"1.572.000,00",MAT,,,,,
,18/12/2025,ok,Titan Baking,PI.2025.12.00112,,"Whipped Cream, dll",,"1.065.000,00",TF to BCA,,,,,
,18/12/2025,ok,Fresh Fruits,PI.2025.12.00110,,Mangga Frozen,,"940.000,00",MAT,,,,,
,12/12/2025,ok,Gold Kitchen,PI.2025.12.00118,,Chef Jacket,,"233.000,00",MAT,,,,,
,06/11/2025,ok,Pudak Oriental Indonesia,PI.2025.11.00197,,Kurva Tulpan,,"5.437.500,00",MAT,,,,,
,06/11/2025,ok,Pudak Oriental Indonesia,PI.2025.12.00126,,Pelunasan 70% Vandola Coffee Pot,,"8.750.000,00",MAT,,,,,
,29/11/2025,ok,Lancar Sukses,EXP.2025.11.00144,,"Cetakan kartu tap brew art carton, dll",,"150.000,00",MAT,,,,,
,06/12/2025,ok,Lancar Sukses,EXP.2025.12.00108,,Caetakan Promo birth day dan banana a6 art carton,,"134.000,00",MAT,,,,,
,17/12/2025,ok,Lancar Sukses,EXP.2025.12.00107,,Cetakan Promo free lumpia dan breakfast,,"266.000,00",MAT,,,,,
,25/11/2025,ok,Suket Teki Super Store,PI.2025.11.00199,,"Ajinomoto, dll",,"1.156.000,00",MAT,,,,,
,11/11/2025,ok,Suket Teki Super Store,PI.2025.12.00135,,"Santan, Kara",,"1.728.000,00",MAT,,,,,
,18/12/2025,ok,J-Pack,PI.2025.12.00136,,Box Take Away Kitchen,,"582.500,00",MAT,,,,,
,,,,,,,,,,,,,,
,,,24 Desember 2025,,,,,,,,,,,
,24/12/2025,,Pindah Dana,BT.2025.12.00006,,Pindah Dana Otor 24.12.2025,,"140.000.000,00",BCA,,,,,
,20/11/2025,ok,PT Lestari Mahadibya,EXP.2025.11.00145,,Rent For 01 Oct - 31 Oct 2025,,"38.471,00",VA,,,,,
,23/12/2025,ok,PT Karya Zirang Utama,PI.2025.12.00178,,DP Mobil Grandmax,,"64.422.150,00",BCA,,,,,
,11/12/2025,ok,PT Sukanda Djaya,PI.2025.12.00168,,Ice Cream Vanilla,,"346.320,00",MAT,,,,,
,16/12/2025,ok,PT Sukanda Djaya,PI.2025.12.00166,,French Fries,,"638.000,00",MAT,,,,,
,12/12/2025,ok,PT Sukanda Djaya,PI.2025.12.00172,,Palm & White Sugar Stick,,"897.279,00",MAT,,,,,
,22/12/2025,ok,PT Kreasi Cipta Megatama,PI.2025.12.00175,,"Detergen, dll",,"1.260.000,00",MAT,,,,,
,05/12/2025,ok,PT Mahadaya Energi,PI.2025.12.00173,BSD,Gas 50kg + Adm bank,,"2.982.500,00",TF - MANDIRI,,,,,
,22/12/2025,ok,PT Maju Pratama Cemerlang,PI.2025.12.00171,SMB,Pengadaan equipment Lion Star,,"2.804.153,00",MAT,,,,,
,22/12/2025,ok,PT Maju Pratama Cemerlang,PI.2025.12.00170,SMB,Pengadaan equipment Lion Star,,"1.526.167,00",MAT,,,,,
,19/12/2025,ok,PT Karunia Putranata Berhikmat,PI.2025.12.00151,,"Nangka, Strawberry, Nanas",,"246.000,00",MAT,,,,,
,17/12/2025,ok,PT Karunia Sukses Gemilang,PI.2025.12.00150,,"Imperial Lychee, Jalapeno, Oregano",,"991.008,00",MAT,,,,,
,09/12/2025,ok,PT Cahaya Inti Putra Sejahtera,PI.2025.12.00152,,"Kecap Manis, Saus Tomat",,"1.150.366,00",MAT,,,,,
,13/12/2025,ok,PT Cahaya Inti Putra Sejahtera,PI.2025.12.00153,,"Kecap Manis, Chili Sauce",,"1.107.335,00",MAT,,,,,
,19/12/2025,ok,PT Asher Berkat Abadi,PI.2025.12.00147,,"Galon, Gas",,"231.000,00",MAT,,,,,
,19/12/2025,ok,PT Foodteco,PI.2025.12.00180,,Pengadaan SMB,,"17.462.700,00",BCA,,,,,
,18/12/2025,ok,CV  Panen Raya Indonesia,PI.2025.12.00160,,Frozen Cake,,"1.937.726,20",MAT,,,,,
,18/12/2025,ok,CV  Panen Raya Indonesia,PI.2025.12.00159,,Frozen Food,,"5.153.690,00",MAT,,,,,
,23/12/2025,ok,CV  Panen Raya Indonesia,PI.2025.12.00188,,Frozen Food,,"8.970.675,00",MAT,,,,,
,23/12/2025,ok,CV  Panen Raya Indonesia,PI.2025.12.00186,,Cake,,"2.888.957,00",MAT,,,,,
,23/12/2025,ok,CV  Panen Raya Indonesia,PI.2025.12.00187,,Chef Jacket,,"226.000,00",MAT,,,,,
,22/12/2025,ok,CV Kemang Jaya,EXP.2025.12.00123,,Invoice Produksi Board + Cetak Menu Strada SMB,,"2.196.000,00",MAT,,,,,
,22/12/2025,ok,Sango,PI.2025.12.00177,SMB,Pengadaan Sango Conventry,,"6.631.762,00",MAT,,,,,
,22/12/2025,ok,Orange 15,PI.2025.12.00179,,DP 50% Kemeja,,"1.365.000,00",MAT,,,,,
,17/12/2025,ok,Suket Teki Super Store,PI.2025.12.00162,,"Susu Evaporasi, dll",,"1.138.000,00",MAT,,,,,
,18/12/2025,ok,Adam Supplier,PI.2025.12.00154,BSD,"Sponge, dll",,"1.038.000,00",MAT,,,,,
,15/12/2025,ok,Toko Mumtaz,PI.2025.12.00155,,"Casava, Timus",,"1.650.000,00",MAT,,,,,
,20/12/2025,ok,Natasha (Beras),PI.2025.12.00149,,Beras,,"750.000,00",MAT,,,,,
,24/12/2025,ok,Natasha (Beras),PI.2025.12.00182,,Beras,,"750.000,00",MAT,,,,,
,22/12/2025,ok,Rezeki Makmur,PI.2025.12.00176,,"Sendok, Garpu, Tusu sate",,"240.000,00",MAT,,,,,
,17/12/2025,ok,Cavalese,PI.2025.12.00174,,Cheesecake,,"800.000,00",MAT,,,,,
,19/12/2025,ok,Cavalese,PI.2025.12.00190,,Cheesecake,,"800.000,00",MAT,,,,,
,19/12/2025,ok,Cendol Hijau Daun Suji,PI.2025.12.00165,,Cendol + Adm,,"32.500,00",TF - BRI,,,,,
,19/12/2025,ok,Warung Kelapa Muda Kiti,PI.2025.12.00161,BSD,Kelapa Muda BSD,,"150.000,00",MAT,,,,,
,18/12/2025,ok,Warung Kelapa Muda Kiti,PI.2025.12.00158,,Kelapa Muda LPZ,,"150.000,00",MAT,,,,,
,22/12/2025,ok,Warung Kelapa Muda Kiti,PI.2025.12.00164,,Kelapa Muda,,"150.000,00",MAT,,,,,
,23/12/2025,ok,Warung Kelapa Muda Kiti,PI.2025.12.00169,BSD,Kelapa Muda,,"100.000,00",MAT,,,,,
,15/12/2025,ok,Bella Natalia,PI.2025.12.00156,,Telur88,,"455.000,00",MAT,,,,,
,19/12/2025,ok,Pak Tumin,PI.2025.12.00163,,Rebung,,"30.000,00",MAT,,,,,
,15/12/2025,ok,Pak Tumin,PI.2025.12.00157,,"Rebung, dll",,"195.000,00",MAT,,,,,
,22/12/2025,ok,Pak Tumin,PI.2025.12.00148,,Rebung,,"15.000,00",MAT,,,,,
,15/12/2025,ok,Pak Tumin,PI.2025.12.00167,,Strawberry - Bar,,"75.000,00",MAT,,,,,
,19/12/2025,ok,Pak Tumin,PI.2025.12.00181,,Rebung Kitchen Lapiazza,,"90.000,00",MAT,,,,,
,19/12/2025,ok,Pak Tumin,PI.2025.12.00183,,"Jeruk Nipis, Strawberry",,"67.000,00",MAT,,,,,
,22/12/2025,ok,Pak Tumin,PI.2025.12.00184,,"Rebung, dll",,"587.000,00",MAT,,,,,
,22/12/2025,ok,Pak Tumin,PI.2025.12.00185,,Strawberry - Bar LPZ,,"150.000,00",MAT,,,,,
,19/12/2025,ok,PT ABC Kogen Dairy,PI.2025.12.00189,,KIN,,"1.389.600,00",MAT,,,,,
,23/12/2025,ok,PT ABC Kogen Dairy,PI.2025.12.00191,,KIN,,"926.400,00",MAT,,,,,
,23/12/2025,ok,PT ABC Kogen Dairy,PI.2025.12.00192,,KIN,,"463.200,00",MAT,,,,,
,19/12/2025,ok,PT ABC Kogen Dairy,PI.2025.12.00193,,KIN,,"1.621.200,00",MAT,,,,,
,,,,,,,,,,,,,,
,,,26 Desember 2025,,,,,,,,,,,
,,,Pindah Dana Otor,BT.2025.12.00008,,Pindah Dana Otor Urgent,,"100.000.000,00",,,,,,
,,,Pindah Dana Pinjaman dari Miss Evani,BT.2025.12.00007,,Pindah Dana Pinjaman dari Miss Evani,,"250.000.000,00",,,,,,
,24/12/2025,ok,PT Berkat Tiga Putera,EXP.2025.12.00125,SMB,DP pekerjaan fit out SMB,,"370.289.168,00",TF - URGENT,,,,,
,23/12/2025,ok,Restomart,EXP.2025.12.00124,,Perbaikan GRILL Kitchen Strada Lapiazza,,"1.043.067,00",TF - URGENT,,,,,
,26/12/2025,,Pindah Dana Otor,BT.2025.11.00009,,Pindah Dana Otor,,"55.000.000,00",,,,,,
,15/12/2025,ok,Alfira,EXP.2025.12.00104,,ongkos kirim pengiriman bahan baku po yang urgent ,,"236.491,00",MAT,,,,,
,11/12/2025,ok,Alfira,PI.2025.12.00194,,membeli stop kontak T (1) dan stop kontak 3 lubang (2) ,,"79.000,00",MAT,,,,,
,17/12/2025,ok,Michelle,EXP.2025.12.00138,,Untuk sertifikat workshop bulan desember dan cetak modul kelas2 terbaru masing2 4 pcs untuk kelas bulan desember,,"495.600,00",MAT,,,,,
,17/12/2025,ok,Michelle,PI.2025.12.00196,,Sudah di acc oleh kak reza dan atas mandatan nya untuk beli aset alat ukur TDS buat kelas academy manual brew besok dan selanjutnya yang nanti dimasukkan ke inventory dan beli stock kertas pengukur ph air untuk kelas manual brew,,"175.165,00",MAT,,,,,
,15/12/2025,ok,Rinda,EXP.2025.12.00139,,Transportasi visi dari store strada sms ke upperwest,,"39.500,00",MAT,,,,,
,19/12/2025,ok,Rinda,EXP.2025.12.00140,,Biaya transport visit dari strada upperwest ke strada sms,,"45.000,00",MAT,,,,,
,20/12/2025,ok,Rinda,EXP.2025.12.00141,,Biaya rumah sakit customer mengalami alergi,,"499.100,00",MAT,,,,,
,21/12/2025,ok,Bu Cipta,EXP.2025.12.00142,,Perjalanan dr smg ke jkt,,"410.000,00",MAT,,,,,
,21/12/2025,ok,Bu Cipta,EXP.2025.12.00143,,Perjalanan ke smg (hibrida-st gambir),,"45.000,00",MAT,,,,,
,17/12/2025,ok,PT Tian Liong,PI.2025.12.00195,SMB,Pengadaan SMB (Bar n Floor),,11.732.700,TF BCA,,,,,
,21/12/2025,ok,PT Summarecon Investment Property (MKG),EXP.2025.12.00127,MKG,Rent 01 - 30 Nov 2025 (MKG),,"834.715,00",VA,,,,,
,23/12/2025,ok,PT Summarecon Investment Property (MKG),EXP.2025.10.00056,MKG,Air : 21/08/2025 - 20/09/2025 (MKG),,"36.720,00",VA,,,,,
,23/12/2025,ok,PT Summarecon Investment Property (MKG),EXP.2025.12.00128,MKG,Air : 21/10/2025 - 20/11/2025 (MKG),,"59.940,00",VA,,,,,
,02/12/2025,ok,PT Summarecon Investment Property (MKG),EXP.2025.12.00129,MKG,Rental Angsuran - Pendapatan 1F - K / 203 # 02 Des 2025 - 31 Des 2025 (MKG),,"381.194,00",VA,,,,,
,02/12/2025,ok,PT Summarecon Investment Property (MKG),EXP.2025.12.00130,MKG,Service Charges - Pendapatan 1F - K / 203 # 2 Dec 2025 - 31 Dec 2025 (MKG),,"2.551.064,00",VA,,,,,
,02/12/2025,ok,PT Summarecon Investment Property (MKG),EXP.2025.12.00131,MKG,Promotion Fee - Island Counter 1F - K / 203 # 2 Dec 2025 - 01 Dec 2026 (MKG),,"1.244.825,00",VA,,,,,
,01/12/2025,ok,PT Summarecon Investment  Property,EXP.2025.12.00132,LPZ,Rent 01 - 30 Nov 2025,,"22.161.965,00",VA,,,,,
,21/12/2025,ok,PT Summarecon Investment  Property,EXP.2025.12.00133,LPZ,Add S. Charge 01 - 30 Nov 2025,,"2.028.888,00",VA,,,,,
,21/12/2025,ok,PT Summarecon Investment  Property,EXP.2025.12.00134,LPZ,Rent 01 - 30 Nov 2025 (Academic) ,,"5.030.305,00",VA,,,,,
,22/12/2025,ok,PT Lestari Mahadibya,EXP.2025.12.00135,SMS,Rent For 01 Nov - 30 Nov 2025 (SMS),,"127.614,00",VA,,,,,
,24/12/2025,ok,Danis Yulianto Hadi,EXP.2025.12.00126,,Tagihan Sciencewerk Desember 2025,,"6.000.000,00",TF BCA,,,,,
,26/12/2025,,PT Prambanan Kencana,DFT.18928,,Green Valley Mozzarella,,"1.320.000,00",URGENT CBD,,,,,
,26/12/2025,,Pindah Dana Tokped,BT.2025.12.00009,,Pindah Dana Tokped,,"40.000.000,00",,,,,,
,30/11/2025,,Tokopedia -- Central Jaya Frame Kebon Jeruk ,DFT.18867,BSD,"Bingkai ukuran foto 21x30cm, lebar bingkai 2cm, pakai kaca - Putih",,300.900,,,,,,
,30/11/2025,,Tokopedia - Alatdapoerku ,DFT.18869,WH,Lion Star NH 77 Hydro Bottle Plastic 1000 ML Botol Minum Air Plastik,,1.135.100,,,,,,
,29/11/2025,,Tokopedia - IKEA Indonesia ,DFT.18871,SMB,IKEA UPPFYLLD Corong Serbaguna 11.5cm,,19.105,,,,,,
,29/11/2025,,Tokopedia - DariDuaSatu ,DFT.18872,SMB,Sekop Es Batu Stainless Steel Sendok Skop Tepung Beras Biji Bubuk Kopi - 10 inch,,26.534,,,,,,
,29/11/2025,,Tokopedia - ALF Gear ,DFT.18874,SMB,Long Bar Spoon,,24.622,,,,,,
,29/11/2025,,Tokopedia - Chiahouseware,DFT.18875,SMB,"Tempat Sumpit Sendok Sedotan Stainless Steel Restoran Murah Elegan - Besar, Normal",,21.865,,,,,,
,29/11/2025,,Tokopedia - TokoCartridge ,DFT.18876,WH,Label Tape M-K631 MK631 12mm x 8mm Black On Yellow PTouch PT-90 PT-M95 - Black On White,,258.052,,,,,,
,29/11/2025,,Tokopedia - PDAM,EXP.2025.11.00146,HIBRIDA,PDAM HIBRIDA NOVEMBER 2025,,149.684,,,,,,
,28/11/2025,,Tokopedia - Bawang Goreng Rady,DFT.18878,WH,bawang goreng brebes 1 kg,,515.500,,,,,,
,28/11/2025,,Tokopedia - CiptaMart.id ,DFT.18879,WH,Madurasa Madu Original 150gr,,190.184,,,,,,
,28/11/2025,,Tokopedia - fachai shop 331 ,DFT.18880,LPZ,lilin tealight / lilin aromaterapi 1 kotak 50pc merk golden light - Putih,,40.000,,,,,,
,28/11/2025,,Tokopedia - raja daging jakpus ,DFT.18881,WH,"Jagung Manis , Ikan Dori",,653.600,,,,,,
,28/11/2025,,Tokopedia - Lita Frozen Food ,DFT.18882,WH,Frozen Mixed Vegetables,,"512.000,00",,,,,,
,28/11/2025,,Tokopedia - Rifara Frozen Food ,DFT.18883,WH,KANZLER Smoked Beef Round 1kg 1000,,"353.780,00",,,,,,
,28/11/2025,,Tokopedia - Arteristo Indonesia ,DFT.18884,WH,Arteristo Avocado Premium Bubuk Minuman 500gr - Alpukat Tanpa Gula/Tidak Manis,,"422.300,00",,,,,,
,28/11/2025,,Tokopedia - BarcodeOfficial ,DFT.18885,WH,kertas struk thermal 80x80 thermal register kasir 80x80 ekonomis,,"299.500,00",,,,,,
,28/11/2025,,Tokopedia - Balonasia2_NEW ,DFT.18887,LPZ,Balonasia bando natal rusa / aksesoris natal Santa deer rusa Accessories - BANDO RUSA SNOW RED,,"25.650,00",,,,,,
,22/11/2025,,Tokopedia - Restomart Kitchen Solution,DFT.18893,BSD,Wok Ladle - Wooden Spatula,,"310.236,00",,,,,,
,22/11/2025,,Tokopedia - Cempaka Mesin,DFT.18895,BSD,Panci Stockpot Stainless Steel 201 Kapasitas 14 Liter Mutu STP-1479,,"742.600,00",,,,,,
,22/11/2025,,Tokopedia - BarcodeOfficial ,DFT.18898,WH,kertas struk thermal 80x80 thermal register kasir 80x80 ekonomis,,"214.500,00",,,,,,
,22/11/2025,,Tokopedia - greengo plastik dan packaging,DFT.18900,WH,MEAL BOX ISI 20PCS 19CM POLOS BAGASSE LUNCH BOX ECO FRIENDLY MURAH,,"354.520,00",,,,,,
,22/11/2025,,Tokopedia - Oxone Official ,DFT.18905,BSD,Oxone Presto Alumunium 8 Liter OX2008 / Anti Karat / 8 Liter / pressure cooker aluminium - Aluminium Silver,,"434.825,00",,,,,,
,22/11/2025,,Tokopedia - Istanaparty ,DFT.18907,BSD,Slinger Tinsel Xmas / Hiasan Pohon Natal / Slinger Daun Cherry,,"88.740,00",,,,,,
,22/11/2025,,Tokopedia - Aneka Cell 2 ,DFT.18910,BSD,KRANS CHRISTMAS PREMIUM Dekorasi Karangan Bunga Pintu Natal Rangkaian Ring Merry Christmas Hiasan X MAS WREATH 50 CM XMAS Garland - [45cm]Xmas Deer Red,,"180.585,00",,,,,,
,22/11/2025,,Tokopedia - Aquarinz ,DFT.18912,BSD,"Topi Santa / Topi Natal Bulu Halus Dewasa & Anak - Merry Christmas Hat - MerryChristmas-VG, Dewasa",,"113.300,00",,,,,,
,22/11/2025,,Tokopedia - Balonasia2_NEW ,DFT.18914,BSD,Balonasia bando natal rusa / aksesoris natal Santa deer rusa Accessories - BANDO RUSA SNOW RED,,"97.200,00",,,,,,
,22/11/2025,,Tokopedia - Wiselie Indonesia ,DFT.18915,LPZ,Wiselie Spray Pengusir Kecoa Anti Cairan anti Kecoa Disinfectant Dijamin Ampuh 100% Kecoa Pergi 250ml - KECOA 250ML,,"48.650,00",,,,,,
,22/11/2025,,Tokopedia - TOKO LOULOU,DFT.18917,MKG,Stop Kontak Kabel 5 Meter 3 Meter Panjang Dutron 3 4 5 Lubang Colokan Kabel Roll 5m 3m 5Meter 3Meter - 5Lubang 3Meter,,"29.800,00",,,,,,
,22/11/2025,,Tokopedia - DHARMAMULIA CAHAYA ABADI MAKMUR,DFT.18918,WH,Lakban Bening Coklat 45MM x 100 YARD (2 INCH X 100YARD) TERMURAH - 45 X 100 BENING,,"29.262,00",,,,,,
,22/11/2025,,Tokopedia - Northsider Coffee Shop ,DFT.18920,MKG,Jinsei Teko Kopi Electric Gooseneck coffee kettle Japanese ZK-KH202 - Hitam,,"676.518,00",,,,,,
,22/11/2025,,Tokopedia - Rifara Frozen Food ,DFT.18921,WH,KANZLER Smoked Beef Round 1kg 1000,,"139.282,00",,,,,,
,21/11/2025,,Tokopedia - Aquarinz,DFT.18923,LPZ,"Topi Santa / Topi Natal Bulu Halus Dewasa & Anak - Merry Christmas Hat - MerryChristmas-VG, Dewasa",,"90.700,00",,,,,,
,21/11/2025,,Tokopedia - Balonasia2_NEW ,DFT.18924,LPZ,Balonasia bando natal rusa / aksesoris natal Santa deer rusa Accessories - BANDO RUSA SNOW RED,,"50.598,00",,,,,,
,21/11/2025,,Tokopedia - SKALLA simple woodwork,DFT.18925,,"name tag reusable kayu badge papan nama dada wooden nametag custom 2 - Kayu HPL, Peniti",,"548.002,00",,,,,,
,19/11/2025,,Tokopedia - PutraJaya Aksesoris,DFT.18926,BSD,Sikat Sapu Pembersih Wajan Kuali Bambu Lidi / Wok Chinese Food Cleaner Bamboo Brush,,"20.100,00",,,,,,
,19/11/2025,,Tokopedia - 3F GEMILANG,,LPZ,3F GMG - TINGGI 120cm - Fiber Plastik Penutup Pagar dan Kanopi JUMBO GARIS Tebal 0.8mm Meteran SUPERIOR JUMBO High Quality - Putih Bening Clear,,"49.900,00",,,,,,
,19/11/2025,,Tokopedia - KENZO HOUSEWARE,,,Tempat Sampah Besar Kecil 5 10 15 20 42 70 100 Liter BERKUALITAS !! - 10 LITER,,"29.300,00",,,,,,
,19/11/2025,,Tokopedia - TSS SHOP,,,SUPRA MIXING BOWL | WADAH ADONAN KUE 21cm - MIXING 21cm + BUBBLE,,"123.900,00",,,,,,
,19/11/2025,,Tokopedia - Maxim Kitchenware_NEW,,,Maxim Tools 4 Side Box Grater - Parutan Stainless Steel 4 Sisi,,"137.338,00",,,,,,
,19/11/2025,,Tokopedia - Kaka Kids Collection,,,12 pcs (1 lusin) / 6 PCS lap serbet tebal serbaguna ukuran 50 x 50 lap piring lap makan warna cap maqin - 12 PCS (1LUSIN),,"28.980,00",,,,,,
,19/11/2025,,Tokopedia - Tefal Indonesia Official,,,Tefal Cook & Clean Frypan 26cm Wajan Anti Lengket - Satuan,,"882.662,00",,,,,,
,19/11/2025,,Tokopedia - samiya jaya,,,pancake frying pan omelet / panci wajan masak steak grill telur sosis - PANCAKE 4HOLE,,"74.516,00",,,,,,
,19/11/2025,,Tokopedia - ISKU Tools Official Store,,,ISKU Obeng Set 32in1 SerbaGuna Magnetic Screwdrivers Repair tool - 32in1,,"38.900,00",,,,,,
,18/11/2025,,Tokopedia - Grandstore Cell,,,"XIAOMI REDMI 14C RAM 6/128 GB | XIAOMI REDMI 14 C RAM 8/256 GB GARANSI RESMI XIAOMI INDONESIA - 8/256 - BLUE, BONUS BAWAAN",,"2.968.820,00",,,,,,
,18/11/2025,,Tokopedia - DISTRICT12 Colection,,,[ 1 BOX ISI 100 PCS ] SARUNG TANGAN KARET NITRILE HITAM barista babershop BISA BUAT MAKANAN Cleaning Black sarung tangan latex handscoon lembut regular - S BB 40-50,,"65.300,00",,,,,,
,18/11/2025,,Tokopedia - INDOJAYA HOUSEWARE,,,tempat sampah 5 10 15 20 42 65 100 L tutup goyang / DUST BIN / tong sampah abu pup / tempat - 65L,,"110.450,00",,,,,,
,18/11/2025,,Tokopedia - fachai shop 331 ,,,lilin tealight / lilin aromaterapi 1 kotak 50pc merk golden light - Putih,,"40.000,00",,,,,,
,18/11/2025,,Tokopedia - Restomart Kitchen Solution,,,Sapu Kuali / Sapu Wajan / Wok Brush Coarse RESTOMART Bambu (2689009) (F12) - 1pcs,,"50.815,00",,,,,,
,17/11/2025,,Tokopedia - greengo plastik dan packaging,,,MEAL BOX ISI 20PCS 19CM POLOS BAGASSE LUNCH BOX ECO FRIENDLY MURAH,,"78.404,00",,,,,,
,17/11/2025,,Tokopedia - Lita Frozen Food,,,Frozen Mixed Vegetables | Vegetables Mix 4 Ways | Sayuran Beku 1 kg,,"128.000,00",,,,,,
,17/11/2025,,Tokopedia - Kleaner Indonesia,,,"Kemoceng, Pengki Sapu, dll",,"437.865,00",,,,,,
,17/11/2025,,Tokopedia - Arteristo Indonesia ,,,Arteristo Avocado Premium Bubuk Minuman 500gr - Alpukat Tanpa Gula/Tidak Manis,,"131.610,00",,,,,,
,13/11/2025,,Tokopedia - Turmi . id,,,Tempat Menu Holder Menu / Nomor meja / stand menu kayu - A6,,"306.700,00",,,,,,
,13/11/2025,,Tokopedia - solidewood,,,RUSTIC card holder kayu 7cm x 3cm x 2cm dudukan kartu 3mm,,"78.000,00",,,,,,
,13/11/2025,,Tokopedia - Gudanggo Houseware,,,KLIP TO KEEP 2203 (2800 ML) KP-81 Lion Star Kotak/Box/Wadah Kulkas,,"709.824,00",,,,,,
,13/11/2025,,Tokopedia - Bigstore-W,,,Keranjang Kentang / Tempat French Fries / Wadah Kentang Goreng / Tempat Kentang Goreng / Keranjang French Fries - Cone,,"845.600,00",,,,,,
,13/11/2025,,Tokopedia - MasibisaParts,,,"DINAMO POMPA AIR MESIN SEMPROT AC, AC CLEANER ELECTRIK DC 12V",,"130.000,00",,,,,,
,13/11/2025,,Tokopedia - Malika Kitchen Clothing,,,"Serbet 50x50 Folding Napkin Hotel Resto Cafe Catering Lap Jamuan Makan - Biru Navy, 48x48cm",,"45.600,00",,,,,,
,13/11/2025,,Tokopedia - homeshop05,,,"nampan tirisan minyak gorengan stainless / peniris persegi / coolingtray / peniris makanan nampan / nampan+cooling Kitchenware - nampan + cooling, 32cm x 22cm",,"45.800,00",,,,,,
,13/11/2025,,Tokopedia - Toko YBD,,,Food Storage Box Stainless Type 12cm/14cm/16cm/18cm / Nampan sambel - BOX 18CM WADAH,,"52.000,00",,,,,,
,13/11/2025,,Tokopedia - Taffware Official Store,,,Termometer Makanan Taffware Digital Daging Kopi Susu - TP101 - Spesifikasi,,"24.200,00",,,,,,
,13/11/2025,,Tokopedia - MGM Online,,,Food pan 1/9 tinggi 10cm Stainless plus TUTUP gastonorm pan TEBAL - SS,,"676.788,00",,,,,,
,13/11/2025,,Tokopedia - OFFICIALMR10,,,cooling rak dan nampan makanan/wadah peniris makanan stainless - jumbo,,"25.304,00",,,,,,
,13/11/2025,,Tokopedia - MGM Online,,,Food pan 1/9 tinggi 10cm Stainless plus TUTUP gastonorm pan TEBAL - SS,,"676.788,00",,,,,,
,13/11/2025,,Tokopedia - officeXpres,,,"Retractable pen, Tusukan Kertas",,"53.500,00",,,,,,
,13/11/2025,,Tokopedia - Astanawa Plastindo,,,Fujinex tempat sambal set acrylic mini akrilik acar cabe bumbu kecap asin cabai - 8007,,"45.298,00",,,,,,
,13/11/2025,,Tokopedia - Master Pack Indonesia Official,,,Kain Lap Chamois Kanebo jumbo Besar Berserat 43 x 32 CM Serap Tinggi,,"37.500,00",,,,,,
,13/11/2025,,Tokopedia - Northsider Coffee Shop ,,,penyedot debu Vacuum cleaner air duster cordless wet and dry ST-6645 - Hitam,,"160.209,00",,,,,,
,13/11/2025,,Tokopedia - OmataraJKT,,,Asvita Tempat Tusuk Gigi Segi Model Kotak Bahan Akrilik TGS 152,,"12.555,00",,,,,,
,13/11/2025,,Tokopedia - Automax Zen,,,Kemoceng Adjustable 100cm Berkualitas Tarik Cendol Microfiber - Navy,,"28.036,00",,,,,,
,13/11/2025,,Tokopedia - Joil,,,Joil Timbangan Dapur Digital 0.1gr/5Kg Waterproof Chargeable - D1 Kitchenware Stainless - Charge,,"176.530,00",,,,,,
,13/11/2025,,Tokopedia - Indoware Online,,,Timbangan Kopi Digital 3KG / 0.1GR Timer V60 Drip Coffee Scale Premium,,"75.150,00",,,,,,
,13/11/2025,,Tokopedia - BarcodeOfficial ,,,kertas struk thermal 80x80 thermal register kasir 80x80 ekonomis,,"214.500,00",,,,,,
,10/11/2025,,Tokopedia - ArkamayaStore,,,jemuran baju lipat gantungan rak hanger handuk pakaian pagar drying,,"131.700,00",,,,,,
,10/11/2025,,Tokopedia - Gani Buana Plas,,,BOTOL PUMP 500ML NATURAL MURAH/BOTOL PUMP 500ML PET NECK 24 - Pump natural,,"6.600,00",,,,,,
,10/11/2025,,Tokopedia - Goto Living,,,[COD] Goto Abel Alat Pel Lantai Pembersih Lantai Spin Mop Ultra - BEIGE,,"52.900,00",,,,,,
,10/11/2025,,Tokopedia - vusignhome,,,Vusign Broom Set Dustpan / Set Sapu Pengki Putih 90 CM VS1001 Gagang Lantai Karet,,"78.800,00",,,,,,
,10/11/2025,,Tokopedia - Vesperindo_NEW,,,Whip cream / whipped cream / whipper foam / foam maker / nitro coffee - SILVER,,"201.253,00",,,,,,
,10/11/2025,,Tokopedia - samiya jaya,,,pourer botol / penutup botol / wine liquor pourer stainless steel,,"25.544,00",,,,,,
,10/11/2025,,Tokopedia - IKEA Indonesia ,,,IKEA UPPFYLLD Corong Serbaguna 11.5cm,,"38.052,00",,,,,,
,10/11/2025,,Tokopedia - Kopi lentera_NEW,,,"One Two Cups Hand Mixer Mini 2in1 Pengocok Telur Milk Frother USB Charge mixer pembuih susu latte art kopi coffee Hand Mixer Mini Pengocok Telur Milk Frother Electric Battery Power Mixer tangan Pengaduk tangan Mixer elektrik Alat pengocok tangan 3 speed - HITAM, MIXER OTC HM23",,"62.500,00",,,,,,
,10/11/2025,,Tokopedia - Automotife,,,Anti Slip Mat Dasmat Dash Mat Non Slip Hitam Dashmat 150 x 30 cm 1.5M,,"23.285,00",,,,,,
,10/11/2025,,Tokopedia - Gudanggo Houseware,,,"Ember, dll",,"257.464,00",,,,,,
,10/11/2025,,Tokopedia - Tanata Home Living,,,TANATA - AYAKO Penyimpanan Buah Buahan Mudah Wadah Tiris Fresh Estetis Organiser Tiris Makanan Serbaguna Organizer Tiris Makanan Kulkas Minimalis Box Dan Peniris Sayuran Praktis - 1500ml,,204.928,,,,,,
,10/11/2025,,Tokopedia - GangEnam Cell_NEW,,,Dispenser Sabun Cair Cuci Piring Soap Pump Sponge Caddy / Wadah Sabun,,"7.246,00",,,,,,
,10/11/2025,,Tokopedia - Chiahouseware,,,"Tempat Sumpit Sendok Sedotan Stainless Steel Restoran Murah Elegan - Besar, Normal",,"20.240,00",,,,,,
,10/11/2025,,Tokopedia - Coffee Tools Grosir,,,Plastik Cup Holder Persegi Panjang 4 Slot DR01 Bar Caddy Murah Bagus,,"135.080,00",,,,,,
,10/11/2025,,Tokopedia - HOKI FILTER,,,kran angsa ro/faucet ro stainless 304 Water,,"137.400,00",,,,,,
,10/11/2025,,Tokopedia - Mudaplas,,,Kantong Plastik Kresek PE Bening / Kantong Take Away PE Bening Tebal - 24 cm,,"157.500,00",,,,,,
,10/11/2025,,Tokopedia - greengo plastik dan packaging,,,MEAL BOX ISI 20PCS 19CM POLOS BAGASSE LUNCH BOX ECO FRIENDLY MURAH,,"243.164,00",,,,,,
,10/11/2025,,Tokopedia - Lita Frozen Food,,,Frozen Mixed Vegetables | Vegetables Mix 4 Ways | Sayuran Beku 1 kg,,"192.000,00",,,,,,
,05/11/2025,,Tokopedia - INDIHOME,,,Internet Strada La Piazza,,"656.790,00",,,,,,
,04/11/2025,,Tokopedia - Toko Aneka Raya Online,,,ULTRA Sari Asem Asli Kemasan Kotak 250ml,,"54.500,00",,,,,,
,04/11/2025,,Tokopedia - CCTV.COM10,,,"DS-1LN6U-W/CCA 305 m CAT6 UTP Network Cable Lan (CCA,0.565 mm) - 305 meter",,"1.036.099,00",,,,,,
,04/11/2025,,Tokopedia - CCTV.COM10,,,PAKET IP CCTV HIKVISION 8 CHANNEL 8 CAMERA IP CAMERA AUDIO 2MP 1080P PoE - HARDISK 4000GB,,"7.924.821,00",,,,,,
,04/11/2025,,Tokopedia - Waxchemie,,,Gelas Sloki/ Gelas Shoot/ Gelas Mini / Gelas Souvenir,,"120.800,00",,,,,,
,04/11/2025,,Tokopedia - viralshop87,,,Filter kopi stainless drip coffee doble mesh V60 pour over coffee drip,,"150.000,00",,,,,,
,04/11/2025,,Tokopedia - Kona's Kitchen,,,"Zebra Oval Plate 14"" (121036) / Piring Oval",,"424.700,00",,,,,,
,04/11/2025,,Tokopedia - Koch&Backen,,,KOCH&BACKEN Blue Carbon Steel Wok Wooden Handle Preseasoned 40cm - Wajan Kuali Penggorengan Baja Gagang Kayu Anti Lengket,,"460.352,00",,,,,,
,04/11/2025,,Tokopedia - Webhorecastore,,,"Edelman Grip tongs 10"" & 12""",,"285.523,00",,,,,,
,04/11/2025,,Tokopedia - Popo Online Shop,,,Piring Oval Piring Tim Ikan Piring Stainless Tebal Premium - 30 cm,,"54.620,00",,,,,,
,04/11/2025,,Tokopedia - Matahari Plastic,,,Bak Segi No 2 BA17 Lion Star (Medium),,"136.909,00",,,,,,
,04/11/2025,,Tokopedia - The YEAST,,,Pizza Mezzer 30 Cm / Spatula Pizza Stainless Steel Gagang Kayu,,"38.000,00",,,,,,
,04/11/2025,,Tokopedia - Grandestore69,,,PREMIUM BEST SELLER ALAT PEMBUKA KALENG DAN TUTUP BOTOL CAN OPENER STAINLESS STEEL - BAHAN AWET - PREMIUM,,"35.452,00",,,,,,
,04/11/2025,,Tokopedia - Shinsei Indonesia,,,Shinsei Vegetable Peeler - Pengupas Buah dan Sayur,,"63.500,00",,,,,,
,04/11/2025,,Tokopedia - Shopnitz,,,Pisau Roti Stainless Serrated Bread Cake Knife Pisau Gerigi Panjang SS,,"34.286,00",,,,,,
,04/11/2025,,Tokopedia - violaviola,,,SI-54 Essensial Silicone Spatula Tanica,,"70.334,00",,,,,,
,04/11/2025,,Tokopedia - PUSAT HOREKA,,,Edelmann Sharpening Steel 12 Inch Pengasahan / Asahan Pisau PREMIUM,,"227.734,00",,,,,,
,02/11/2025,,Tokopedia - Tefal Indonesia Official,,,Tefal Wajan Penggorengan Anti Lengket - Cook & Clean Frypan 24cm / Pan,,"758.886,00",,,,,,
,01/11/2025,,Tokopedia - TOKOPED OFFICIAL STORE,,,OXONE Pressure Cooker Panci Presto - OX 2008,,"371.330,00",,,,,,
,01/11/2025,,Tokopedia - Aneka Niaga 22,,,"PANDA batu asah 8"" pengasah asahan pisau gunting mata bor tajam",,"380.630,00",,,,,,
,01/11/2025,,Tokopedia - Upscale Living,,,Shimomura Japan Adjustable Mandoline Vegetable Slicer - Made in Japan - Normal,,"388.447,00",,,,,,
,01/11/2025,,Tokopedia - Kleaner Indonesia,,,Kleaner Serokan Air Karet 40 cm Pembersih Lantai dan Jendela Serbaguna,,"92.954,00",,,,,,
,01/11/2025,,Tokopedia - Multi Home,,,Chopper Blender Mitochiba CH200 kapasitas 2 Liter - Resmi - MATE BLACK,,"714.163,00",,,,,,
,01/11/2025,,Tokopedia - Indo World Trade,,,Moegen Germany Grill Pan 30 cm Granite Series Alat Masak Peralatan Kitchenware,,"157.112,00",,,,,,
,01/11/2025,,Tokopedia - AsiaHouseware,,,Supra Panci Stainless Stock Pot 20Qt Panci Stainless,,"239.882,00",,,,,,
,01/11/2025,,Tokopedia - Bobaolshop99,,,Plastik PE Gula Minyak,,"175.672,00",,,,,,
,01/11/2025,,Tokopedia - Rifara Frozen Food ,,,KANZLER Smoked Beef Round 1kg 100,,"102.065,00",,,,,,
,,,,,,,,,,,,,,
,,,27 Desember 2025,,,,,,,,,,,
,27/12/2025,,"Pindah Dana Payroll LPZ, HO, BSD",BT.2025.12.00010,,Pindah Dana 899-888,,"219.640.045,00",,,,,,
,27/12/2025,,Pindah Dana SC LPZ,BT.2025.12.00011,,Pindah Dana 817-888,,"16.634.000,00",,,,,,
,27/12/2025,,Pindah Dana Payroll MKG,BT.2025.12.00012,,Pindah Dana 899-888,,"14.209.123,00",,,,,,
,27/12/2025,,Pindah Dana Payroll SMS,BT.2025.12.00013,,Pindah Dana 999-888,,"13.408.354,00",,,,,,
,,,,,,,,,,,,,,
,,,31 Desember 2025,,,,,,,,,,,
,31/12/2025,,Pindah Dana,BT.2025.12.00014,,Pindah Dana Otorisasi 31.12.2025,,"115.000.000,00",,,,,,
,28/12/2025,ok,CV Asaku,PI.2025.12.00219,,"Tissue JRT, Tissue Livi Evo",,"984.000,00",MAT,,,,,
,29/12/2025,ok,CV Panen Raya Indonesia,PI.2025.12.00220,,Frozen Cake,,"1.466.580,80",MAT,,,,,
,29/12/2025,ok,CV Panen Raya Indonesia,PI.2025.12.00226,,Frozen Food,,"2.950.540,00",MAT,,,,,
,19/12/2025,ok,PT Foodteco,PI.2025.12.00244,SMB,"Kebutuhan Kitchen, Floor SMB",,"17.399.700,00",MAT,,,,,
,24/11/2025,ok,PT Etos Suryanusa,EXP.2025.11.00148,,Jasa pengendalian hama serangga dan tikus bulan November 2025 + Admin Bank,,"837.184,68",TF to UOB,,,,,
,22/11/2025,ok,PT Sukanda Djaya,PI.2025.12.00199,,Sosis Riverland,,"961.260,00",MAT,,,,,
,26/12/2025,ok,PT Mulia Raya Agrijaya,PI.2025.12.00229,,Anchor Keju Slice Orange,,"437.661,00",MAT,,,,,
,26/12/2025,ok,PT Kumala Kencana Cipta,PI.2025.12.00212,SMB,Picardie Clear Tumbler - SMB,,"554.400,00",MAT,,,,,
,12/12/2025,ok,PT Artemis Adhi Tirta,PI.2025.12.00233,,Spiva,,"4.495.500,00",MAT,,,,,
,26/12/2025,ok,PT Artarya Jaya Lestari,PI.2025.12.00234,,"Jug Rinser, dll",,"1.309.480,00",MAT,,,,,
,03/12/2025,ok,PT Mustika Cipta Rasa,,,Holland November 2025,,"1.471.770,00",MAT,,,,,
,27/11/2025,ok,PT Berkah Surya Bersinar,PI.2025.12.00198,,"Beans, dll",,"14.373.000,00",MAT,,,,,
,22/12/2025,ok,PT Berkah Surya Bersinar,PI.2025.12.00208,,"Toraja Pango, dll",,"18.478.750,00",MAT,,,,,
,17/12/2025,ok,PT Berkah Surya Bersinar,PI.2025.12.00230,,Java Robusta,,"11.393.412,00",MAT,,,,,
,21/11/2025,ok,PT Greenfields Indonesia,PI.2025.12.00242,,"Freshmilk, LPZ, ACA, MKG",,"1.822.080,00",MAT,,,,,
,25/11/2025,ok,PT Greenfields Indonesia,PI.2025.12.00241,,"Freshmilk, LPZ",,"1.138.800,00",MAT,,,,,
,28/11/2025,ok,PT Greenfields Indonesia,PI.2025.12.00211,,"Freshmilk, LPZ, MKG",,"1.366.560,00",MAT,,,,,
,02/12/2025,ok,PT Greenfields Indonesia,PI.2025.12.00213,,"Freshmilk LPZ, MKG",,"1.366.560,00",MAT,,,,,
,06/12/2025,ok,PT Greenfields Indonesia,PI.2025.12.00216,,Freshmilk LPZ,,"911.040,00",MAT,,,,,
,01/12/2025,ok,PT Greenfields Indonesia,PI.2025.12.00215,,Freshmilk SMS,,"455.520,00",MAT,,,,,
,31/12/2025,ok,Accurate,EXP.2025.12.00151,,Accurate Desember 2025,,"388.500,00",VA,,,,,
,26/12/2025,ok,Kalih Kayu,PI.2025.12.00210,SMB,DP 50% Tray Kayu SMB,,"2.128.800,00",MAT,,,,,
,26/12/2025,ok,Senen Indah,PI.2025.12.00209,SMB,"Gelas Takar, dll SMB",,2.365.000,MAT,,,,,
,26/12/2025,ok,Adam Supplier,PI.2025.12.00228,,"Garam, dll",,"186.000,00",MAT,,,,,
,27/12/2025,ok,Rezeki Makmur,PI.2025.12.00197,,"Cup Saus, Plastik",,"1.820.000,00",MAT,,,,,
,29/12/2025,ok,Toko Sinar Mas,PI.2025.12.00203,,"SKM, Sambal Bangkok",,"1.623.000,00",MAT,,,,,
,24/12/2025,ok,Suket Teki Super Store,PI.2025.12.00227,,"Aluminium Foil, dll",,"5.540.000,00",MAT,,,,,
,26/12/2025,ok,Anugerah Karya Utama,PI.2025.12.00224,,"Paha, Dada Boneless",,"2.236.800,00",MAT,,,,,
,19/12/2025,ok,Anugerah Karya Utama,PI.2025.12.00231,,"Paha, Kulit Ayam",,"1.280.000,00",MAT,,,,,
,17/12/2025,ok,Rumah Sayur Indonesia,PI.2025.12.00202,,Ubi Madu,,"40.500,00",MAT,,,,,
,19/12/2025,ok,Rumah Sayur Indonesia,PI.2025.12.00201,,Sunkist,,"8.625,00",MAT,,,,,
,17/12/2025,ok,Rumah Sayur Indonesia,PI.2025.12.00200,,"Ubi Madu, Kacang Panjang",,"20.075,00",MAT,,,,,
,19/12/2025,ok,Rumah Sayur Indonesia,PI.2025.12.00205,,"Sayuran, La Piazza",,"1.073.050,00",MAT,,,,,
,16/12/2025,ok,Rumah Sayur Indonesia,PI.2025.12.00206,,"Sayuran, La Piazza",,"841.325,00",MAT,,,,,
,16/12/2025,ok,Rumah Sayur Indonesia,PI.2025.12.00207,,"Sayuran, La Piazza",,"775.204,00",MAT,,,,,
,19/12/2025,ok,Rumah Sayur Indonesia,PI.2025.12.00204,BSD,"Sayuran, BSD",,"431.455,00",MAT,,,,,
,26/12/2025,ok,Pak Tumin,PI.2025.12.00214,,Rebung LPZ,,"300.000,00",MAT,,,,,
,18/12/2025,ok,Bella Natalia,PI.2025.12.00218,,Telur88,,"455.000,00",MAT,,,,,
,26/12/2025,ok,Bella Natalia,PI.2025.12.00222,,Telur88,,"445.000,00",MAT,,,,,
,29/12/2025,ok,Bella Natalia,PI.2025.12.00221,,Telur88,,"440.000,00",MAT,,,,,
,22/12/2025,ok,Bella Natalia,PI.2025.12.00223,,Telur88,,"445.000,00",MAT,,,,,
,26/12/2025,ok,Kelapa Muda Strada,PI.2025.12.00225,,Kelapa Muda LPZ BSD,,"230.000,00",MAT,,,,,
,29/12/2025,ok,Kelapa Muda Strada,PI.2025.12.00232,,Kelapa Muda LPZ BSD,,"300.000,00",MAT,,,,,
,31/12/2025,ok,Wagiman,EXP.2025.12.00153,BSD,Pelunasan pemasangan CCTV BSD,,"1.125.000,00",MAT,,,,,
,01/12/2025,ok,Tokopedia - CLIGER SHOP,PI.2025.12.00235,SMS EVENT,Jerigen,,"572.000,00",CC,,,,,
,01/12/2025,ok,Tokopedia - Pohon Natal Premium JLP ,PI.2025.12.00236,BSD,Pohon Natal,,"1.254.000,00",CC,,,,,
,01/12/2025,ok,Tokopedia - DISTRIBUTOR GEA GETRA JAKARTA,PI.2025.12.00243,SMB,Cylinder Water Boiler Getra Wb-15Sc Pemanas Air 15 Liter Garansi Resmi,,"1.099.000,00",CC,,,,,
,01/12/2025,ok,Tokopedia - Angsana Kalimalang ,PI.2025.12.00239,SMB,Gelas ukur takar plastik / measuring cup 500ml 1L 2L 5L - 5L,,"340.000,00",CC,,,,,
,01/12/2025,ok,Tokopedia - UD PELITA HATI ,PI.2025.12.00241,WH,BOTOL JERIGEN / JIRIGEN 5L BARU SEGEL PABRIK - Jerigen 5 L,,"119.260,00",CC,,,,,
,05/12/2025,ok,Tokopedia - samiya jaya,PI.2025.12.00240,SMB,mini sugar glass pot / milk pan jug gelas takar susu mini gagang kayu - 50ml,,"202.600,00",CC,,,,,
,05/12/2025,,Tokopedia - Arteristo Indonesia,PI.2025.12.00245,WH,Arteristo Avocado Premium Bubuk Minuman 500gr - Alpukat Tanpa Gula/Tidak Manis,,"422.220,00",CC,,,,,
,,,,,,,,,,,,,,
,,,08 Januari 2026,,,,,,,,,,,
,08/01/2026,,Pindah Buku,BT.2026.01.00001,,Pindah Buku 817 - 888,,"212.000.000,00",,,,,,
,08/01/2026,,Pindah Buku,BT.2026.01.00002,,Pindah Buku 999 - 888,,40.000.000,,,,,,
,08/01/2026,,Pindah Buku,BT.2026.01.00003,,Pindah Buku 899 - 888,,10.000.000,,,,,,
,08/01/2026,,Pindah Buku,BT.2026.01.00004,,Pindah Buku 168 - 888,,150.000.000,,,,,,
,08/01/2026,,Pindah Buku,BT.2026.01.00005,,Pindah Buku 168 - 888,,14.000.000,,,,,,
,18/12/2025,ok,Michelle ,EXP.2025.12.00157,,Beli macam brand air untuk kelas manual brew lokal,,81.600,MAT,,,,,
,20/12/2025,ok,Shella Dellina,EXP.2025.12.00158,,cetak voucher untuk customer yang komplain alergi,,"40.222,00",MAT,,,,,
,15/12/2025,ok,Shella Dellina,EXP.2025.12.00159,,cetak buku menu untuk reservasi strada upperwest bsd,,"27.000,00",MAT,,,,,
,15/12/2025,ok,Shella Dellina,EXP.2025.12.00160,,pengiriman hasil cetak buku menu dari snapy bsd ke strada upperwest,,"16.000,00",MAT,,,,,
,26/12/2025,ok,Shella Dellina,EXP.2025.12.00161,,meta ads,,"973.082,00",MAT,,,,,
,05/01/2025,ok,Angela cipta,EXP.2026.01.00023,,Perjalanan dinas dr semarang ke jkt (exclude tiket kereta),,120.490,MAT,,,,,
,31/12/2025,ok,riska,EXP.2025.12.00162,,perpanjang member parkir motor staff lapiazza,,"250.000,00",MAT,,,,,
,06/01/2025,ok,Selena,EXP.2026.01.00024,,Perjalanan ke BSD untuk pencocokkan data sales dengan pihak Upperwest,,"81.500,00",MAT,,,,,
,29/12/2025,ok,Selena,PI.2026.01.00014,,Pembelian Titan,,"177.340,00",MAT,,,,,
,29/12/2025,ok,Rinda,EXP.2025.12.00164,,Biaya transport visi dari sms ke bsd,,"44.000,00",MAT,,,,,
,02/01/2025,ok,Rinda,EXP.2026.01.00028,,Biaya transport visit dari sms ke bsd,,"44.000,00",MAT,,,,,
,07/01/2026,ok,Fetris ,EXP.2026.01.00030,,Perjalanan dinas weekly meeting bersama all back office ,,"31.000,00",MAT,,,,,
,07/01/2026,ok,Chris,PI.2026.01.00016,,Cetak coffee card 7 jan,,"900.000,00",MAT,,,,,
,05/01/2026,ok,Iwan Juniato,EXP.2026.01.00025,,Iuran Pengelolaan Lingkungan untuk Bulan Januari Tahun 2026 Riviera Plaza Hibrida,,"500.002,00",MAT,,,,,
,05/01/2026,ok,BPJS Ketenagakerjaan,EXP.2026.01.00007,,BPJS Ketenagakerjaan Desember 2025,,"866.292,00","TAGIHAN, STATUS BCA DI TOLAK",,,,,
,05/01/2026,ok,PT Bumi Megah Graha Utama,EXP.2026.01.00022,,05.01.2025 - PRF.UWRETAIL.01.26.0001 - Revenue Sharing Periode Desember 2025 - Upperwest,,"10.213.413,00",TF BCA,,,,,
,26/12/2025,ok,PT Summarecon Investment Property,EXP.2025.12.00156,,Biaya Service AC LPZ,,"4.079.250,00",TF BCA,,,,,
,01/01/2026,ok,PT Summarecon Investment Property,EXP.2026.01.00017,,"SC LPZ - Inc GF - 10 # 1 Jan 2026 - 31 Jan 2026",,"25.250.000,00",VA,,,,,
,01/01/2026,ok,PT Summarecon Investment Property,EXP.2026.01.00018,,"Listrik Periode : 21/11/2025 s/d 20/12/2025",,"11.928.322,00",VA,,,,,
,01/01/2026,ok,PT Summarecon Investment Property,EXP.2026.01.00019,,Biaya Pemeliharaan Listrik Periode : 21/11/2025 s/d 20/12/2025,,"6.032.085,00",VA,,,,,
,01/01/2026,ok,PT Summarecon Investment Property,EXP.2026.01.00020,,Air Periode : 21/11/2025 s/d 20/12/2025,,"3.148.200,00",VA,,,,,
,01/01/2026,ok,PT Summarecon Investment Property,EXP.2026.01.00021,,Gas Periode : 21/11/2025 s/d 20/12/2025,,"12.204.336,00",VA,,,,,
,01/01/2026,ok,PT Summarecon Investment Property (MKG),EXP.2026.01.00013,,Service Charges - Pendapatan 1F - K / 203 # 1 Jan 2026 - 31 Jan 2026 (MKG),,"2.636.100,00",VA,,,,,
,01/01/2026,ok,PT Summarecon Investment Property (MKG),EXP.2026.01.00014,,Rental Angsuran - Pendapatan 1F - K / 203 # 1 Jan 2026 - 31 Jan 2026 (MKG),,"393.900,00",VA,,,,,
,01/01/2026,ok,PT Summarecon Investment Property (MKG),EXP.2026.01.00015,,Listrik Periode : 21/11/2025 s/d 20/12/2025 (MKG),,"607.535,00",VA,,,,,
,01/01/2026,ok,PT Summarecon Investment Property (MKG),EXP.2026.01.00016,,Biaya Pemeliharaan Listrik Periode : 21/11/2025 s/d 20/12/2025 (MKG),,"268.660,00",VA,,,,,
,01/01/2026,ok,PT Lestari Mahadibya,EXP.2026.01.00009,,Service Charge - Monthly 1F - IC22 # 01 Jan - 31 Jan 2026 (SMS),,"1.568.025,00",VA,,,,,
,01/01/2026,ok,PT Lestari Mahadibya,EXP.2026.01.00010,,Electric : 21/11/2025 - 20/12/2025 1F - IC22 (SMS),,"634.686,30",VA,,,,,
,01/01/2026,ok,PT Lestari Mahadibya,EXP.2026.01.00011,,Biaya Pemeliharaan Electric : 21/11/2025 - 20/12/2025 1F - IC22 (SMS),,"374.523,00",VA,,,,,
,01/01/2026,ok,PT Lestari Mahadibya,EXP.2026.01.00012,,PAM : 21/11/2025 - 20/12/2025 1F - IC22 (SMS),,"13.500,00",VA,,,,,
,29/12/2025,ok,PT Berkah Surya Bersinar,PI.2025.12.00248,,Cookies and Cream,,"7.820.000,00",MAT,,,,,
,03/01/2026,ok,PT Berkah Surya Bersinar,PI.2026.01.00003,,"Black Forest, dll",,"32.024.650,00",MAT,,,,,
,27/12/2025,ok,PT Berkah Surya Bersinar,PI.2025.12.00249,,"Powder Cokleat, dll",,"8.825.000,00",MAT,,,,,
,18/12/2025,ok,PT Berkah Surya Bersinar,PI.2026.01.00007,,Aroma of Heaven,,"40.026.850,00",MAT,,,,,
,26/12/2025,ok,PT ABC Kogen Dairy,PI.2025.12.00274,,90023135 KIN - LPZ,,"1.389.600,00",MAT,,,,,
,27/12/2025,ok,PT ABC Kogen Dairy,PI.2025.12.00275,,90023053 KIN - LPZ,,"231.600,00",MAT,,,,,
,30/12/2025,ok,PT ABC Kogen Dairy,PI.2025.12.00273,,90023540 KIN - LPZ,,"1.389.600,00",MAT,,,,,
,26/12/2025,ok,PT ABC Kogen Dairy,PI.2025.12.00272,,90023134 KIN - BSD,,"1.621.200,00",MAT,,,,,
,16/12/2025,ok,PT ABC Kogen Dairy,PI.2025.12.00276,,90021895 KIN - LPZ,,"1.621.200,00",MAT,,,,,
,26/12/2025,ok,PT ABC Kogen Dairy,PI.2025.12.00277,,90023136 KIN -  SMS,,"231.600,00",MAT,,,,,
,02/01/2026,ok,PT Asher Berkat Abadi,PI.2026.01.00006,,Aqua Galon MKG,,"120.000,00",MAT,,,,,
,29/12/2025,ok,PT Asher Berkat Abadi,PI.2025.12.00255,,Aqua Galon MKG,,"141.000,00",MAT,,,,,
,05/01/2025,ok,PT Cahaya Inti Putra Sejahtera,PI.2026.01.00012,,"ABC Kecap Manis, ABC Sambal",,"1.449.916,00",MAT,,,,,
,10/12/2025,ok,PT Sango Ceramics Indonesia,PI.2025.12.00256,,Pelunasan SQ-251003113,,"7.826.166,00",MAT,,,,,
,02/01/2025,ok,PT Karunia Sukses Gemilang,PI.2026.01.00005,,Jalapeno,,"1.098.900,00",MAT,,,,,
,05/01/2026,ok,PT Prambanan Kencana,PI.2026.01.00004,,Keju Green Valley,,"1.299.999,96",MAT,,,,,
,08/01/2026,ok,PT Askara Lumos Teknologi,PI.2026.01.00011,SMB,DP 50% Project Strada Coffee - Bekasi,,"33.668.650,00",MAT,,,,,
,08/01/2026,ok,PT Restomart Cipta Usaha,PI.2026.01.00015,,DP 50% Kitchen Nayati SMB,,"168.961.828,50","PENDING, CEK BU EVANI DULU",,,,,
,08/01/2026,ok,CV Kaloka Sri Rejeki,PI.2026.01.00013,,Pelunasan Kaloka SMB,,"6.821.500,00",TF - MANDIRI,,,,,
,05/01/2026,ok,Mustika Buana Kumala,PI.2026.01.00002,,"Kertas, dll",,"1.008.200,00",MAT,,,,,
,06/01/2026,ok,Suket Teki Super Store,PI.2026.01.00010,,"Gula Pasir, dll",,1.311.500,MAT,,,,,
,06/01/2026,ok,Warung Kelapa Muda Kiti,PI.2026.01.00009,,Kelapa Muda Strada,,"350.000,00",MAT,,,,,
,02/01/2026,ok,Warung Kelapa Muda Kiti,PI.2026.01.00008,,Kelapa Muda Strada,,"300.000,00",MAT,,,,,
,02/01/2026,ok,Cavalese,PI.2026.01.00001,LPZ,Cheesecake LPZ,,"800.000,00",MAT,,,,,
,25/12/2025,ok,Cavalese,PI.2025.12.00246,BSD,Cheeseecake BSD,,"800.000,00",MAT,,,,,
,30/12/2025,ok,Cavalese,PI.2025.12.00247,LPZ,Cheesecake LPZ,,"400.000,00",MAT,,,,,
,31/12/2025,ok,Pak Tumin,PI.2025.12.00253,,Daging - WH,,"1.350.000,00",MAT,,,,,
,30/12/2025,ok,Pak Tumin,PI.2025.12.00252,,Buah - Bar  LPZ,,"265.000,00",MAT,,,,,
,26/12/2026,ok,Pak Tumin,PI.2025.12.00254,,Buah - Bar LPZ,,"150.000,00",MAT,,,,,
,30/12/2026,ok,Pak Tumin,PI.2025.12.00251,,Rebung - Kitchen LPZ,,"60.000,00",MAT,,,,,
,16/12/2025,ok,Rumah Sayur,PI.2025.12.00250,BSD,Cabe Rawit Merah - BSD,,"91.000,00",MAT,,,,,
,23/12/2025,ok,Rumah Sayur,PI.2025.12.00263,BSD,Sayuran - BSD,,"291.394,00",MAT,,,,,
,25/12/2025,ok,Rumah Sayur,PI.2025.12.00260,BSD,Sayuran Kitchen BSD,,"326.938,50",MAT,,,,,
,30/12/2025,ok,Rumah Sayur,PI.2025.12.00258,,Sayuran Kitchen BSD,,"419.639,83",MAT,,,,,
,30/12/2025,ok,Rumah Sayur,PI.2025.12.00257,,Alpukat HO,,"315.000,00",MAT,,,,,
,23/12/2025,ok,Rumah Sayur,PI.2025.12.00264,,"Cakwe, Ubi Madu",,"72.250,00",MAT,,,,,
,23/12/2025,ok,Rumah Sayur,PI.2025.12.00261,,Apel Hijau - LPZ,,"12.300,00",MAT,,,,,
,23/12/2025,ok,Rumah Sayur,PI.2025.12.00262,,Buah Bar - BSD,,"79.227,40",MAT,,,,,
,30/12/2025,ok,Rumah Sayur,PI.2025.12.00259,,"Alpukat, Beras Ketan Produksi HO",,"491.450,00",MAT,,,,,
,25/12/2025,ok,Rumah Sayur,PI.2025.12.00265,,Buah Produksi,,"857.650,00",MAT,,,,,
,30/12/2025,ok,Rumah Sayur,PI.2025.12.00271,,Sayuran Kitchen LPZ,,"1.402.675,00",MAT,,,,,
,30/12/2025,ok,Rumah Sayur,PI.2025.12.00269,,Sayuran LPZ,,"360.075,00",MAT,,,,,
,30/12/2025,ok,Rumah Sayur,PI.2025.12.00268,,Sunkist Bar LPZ,,"5.325,00",MAT,,,,,
,25/12/2025,ok,Rumah Sayur,PI.2025.12.00266,,Jeruk Bar LPZ,,"11.375,00",MAT,,,,,
,23/12/2025,ok,Rumah Sayur,PI.2025.12.00267,,Sayuran Kitchen LPZ,,"1.069.075,80",MAT,,,,,
,25/12/2025,ok,Rumah Sayur,PI.2025.12.00270,,Sayuran Kitchen LPZ,,"1.982.631,30",MAT,,,,,
,01/12/2025,ok,Lokyo,PI.2025.12.00278,,Pelunasan Cup Hot,,"13.605.107,00",VALAS,,,,,
,,,,,,,,,,,,,,
,,,10 Januari 2026,,,,,,,,,,,
,05/01/2026,ok,BPJS Ketenagakerjaan,EXP.2026.01.00007,,BPJS Ketenagakerjaan Desember 2025,,"866.292,00",Tagihan,,,,,
,04/12/2025,ok,Bapenda Jakarta,PI.2026.01.00018,,Pajak Pemkot PB1 LaPiazza MKG + Adm bank,,"52.335.102,00",Tagihan,,,,,
,04/12/2025,ok,Bapenda Tangerang,PI.2026.01.00017,,Pajak Pemkot PB1 SMS + Adm,,"2.181.365,00",Transfer to BJB,,,,,
,,,,,,,,,,,,,,
,,,15/01/2026 - 16/01/2026,,,,,,,,,,,
,,,,,,,,,,,,,,
,15/01/2026,,Pindah Dana,BT.2026.01.00006,,Pindah Dana 817-888,,"390.000.000,00",,,,,,
,15/01/2026,,Pindah Dana,BT.2026.01.00007,,Pindah Dana 817-888,,"10.000.000,00",,,,,,
,15/01/2026,,PT Berkat Tiga Putera,EXP.2026.01.00055,,Pembayaran Termin II ELDI,,"296.231.335,00",TF,,,,,
,15/01/2026,,Evani Jesslyn,,,Reimbursement DP 50% Kursi SMB,,"25.000.000,00",MAT,,,,,
,08/01/0206,ok,Aaron Jeconiah,EXP.2026.01.00043,,"Bensin untuk ke BSD Tandatangan Form promosi Nasywaa N form promosi trial Ira serta onboarding Nur Indah tidak datang, tidak jadi onboarding - Aaron Jeconiah",,"20.000,00",MAT,,,,,
,14/01/2026,ok,Pak Joni,EXP.2026.01.00046,,Service Motor Pak Joni Desember 2025,,135.000,MAT,,,,,
,14/1/2026,ok,Pajak,EXP.2026.01.00042,,SC LPZ - Inc GF - 10 # 1 Dec 2025 - 31 Dec 2025,,"2.500.000,00",TAGIHAN,,,,,
,,,Pajak,,,Air Periode : 21/10/2025 s/d 20/11/2025,,"233.700,00",,,,,,
,,,Pajak,,,Listrik Periode : 21/10/2025 s/d 20/11/2025,,"1.238.981,00",,,,,,
,,,Pajak,,,Biaya Pemeliharaan Listrik Periode : 21/10/2025 s/d 20/11/2025,,"607.222,00",,,,,,
,,,Pajak,,,Gas Periode : 21/10/2025 s/d 20/11/2025,,"1.052.080,00",,,,,,
,,,Pajak,,,Biaya penambahan freon tgl 27 Okt 2025,,"250.000,00",,,,,,
,,,Pajak,,,Rent 01 - 30 Nov 2025,,"2.194.252,00",,,,,,
,,,Pajak,,,Add S. Charge 01 - 30 Nov 2025,,"200.880,00",,,,,,
,,,Pajak,,,Rent 01 - 30 Nov 2025 (Academic) ,,"498.050,00",,,,,,
,,,Pajak,,,Service Charges - Pendapatan 1F - K / 203 # 1 Dec 2025 - 1 Dec 2025 (MKG),,"8.419,00",,,,,,
,,,Pajak,,,Listrik Periode : 21/10/2025 s/d 20/11/2025 (MKG),,"60.904,00",,,,,,
,,,Pajak,,,Biaya Pemeliharaan Listrik Periode : 21/10/2025 s/d 20/11/2025 (MKG),,"26.740,00",,,,,,
,,,Pajak,,,Rent 01 - 30 Nov 2025 (MKG),,"82.645,00",,,,,,
,,,Pajak,,,Air : 21/08/2025 - 20/09/2025 (MKG),,"4.080,00",,,,,,
,,,Pajak,,,Air : 21/10/2025 - 20/11/2025 (MKG),,"6.660,00",,,,,,
,,,Pajak,,,Rental Angsuran - Pendapatan 1F - K / 203 # 02 Des 2025 - 31 Des 2025 (MKG),,"37.742,00",,,,,,
,,,Pajak,,,Service Charges - Pendapatan 1F - K / 203 # 2 Dec 2025 - 31 Dec 2025 (MKG),,"252.581,00",,,,,,
,,,Pajak,,,Promotion Fee - Island Counter 1F - K / 203 # 2 Dec 2025 - 01 Dec 2026 (MKG),,"123.250,00",,,,,,
,,,Pajak,,,SC Island Counter - Revenue 1F - IC22 # 01 Dec - 31 Dec 2025 (SMS),,"155.250,00",,,,,,
,,,Pajak,,,PAM : 21/10/2025 - 20/11/2025 1F - IC22 (SMS),,"5.988,00",,,,,,
,,,Pajak,,,Electric : 21/10/2025 - 20/11/2025 (SMS),,"70.552,00",,,,,,
,,,Pajak,,,Biaya Pemeliharaan Electric : 21/10/2025 - 20/11/2025,,"94.837,00",,,,,,
,,,Pajak,,,Rent For 01 Oct - 31 Oct 2025,,"3.809,00",,,,,,
,,,Pajak,,,Rent For 01 Nov - 30 Nov 2025 (SMS),,"12.635,00",,,,,,
,15/01/2026,,Pajak,EXP.2026.01.00053,,Pajak PPh21 Karyawan,,"9.421.428,00",TAGIHAN,,,,,
,08/01/2026,ok,CV Panen Raya Indonesia,PI.2026.01.00021,,ROF,,"245.000,00",MAT,,,,,
,08/01/2026,ok,CV Panen Raya Indonesia,PI.2026.01.00025,,Frozen Cake,,"1.668.310,00",MAT,,,,,
,08/01/2026,ok,CV Panen Raya Indonesia,PI.2026.01.00026,,Frozen Food,,"2.374.975,00",MAT,,,,,
,12/01/2026,ok,CV Panen Raya Indonesia,PI.2026.01.00041,,Frozen Food,,"7.719.645,00",MAT,,,,,
,12/01/2026,ok,CV Panen Raya Indonesia,PI.2026.01.00042,,Frozen Cake,,"1.770.997,00",MAT,,,,,
,02/01/2026,ok,PT Artemis Adhi Tirta,PI.2026.01.00032,,Spiva 30 dus,,"4.495.500,00",MAT,,,,,
,01/12/2025,ok,PT Greenfields Dairy Indonesia,PI.2025.12.00279,,UHT Coldblend - WH,,"1.427.971,00",MAT,,,,,
,02/12/2025,ok,PT Greenfields Dairy Indonesia,PI.2025.12.00282,,Freshmilk - SMS,,"455.520,00",MAT,,,,,
,03/12/2025,ok,PT Greenfields Dairy Indonesia,PI.2025.12.00283,,Freshmilk - Event Coffee XL,,"227.760,00",MAT,,,,,
,09/12/2025,ok,PT Greenfields Dairy Indonesia,PI.2026.01.00024,,"Freshmilk - Lapiz, aca, mkg",,"1.822.080,00",MAT,,,,,
,19/12/2025,ok,PT Aneka Kreasi Nusantara,PI.2025.12.00284,,Tenderloin Alana,,"3.100.000,00",MAT,,,,,
,07/01/2026,ok,PT Agro Tritunggal Mandiri,PI.2026.01.00031,BSD,Sayuran - BSD,,"91.000,00",MAT,,,,,
,09/01/2026,ok,PT Agro Tritunggal Mandiri,PI.2026.01.00033,BSD,Sayuran Kitchen - BSD,,"389.800,00",MAT,,,,,
,06/01/2026,ok,PT Agro Tritunggal Mandiri,PI.2026.01.00034,BSD,Sayuran Kitchen - BSD,,"508.600,00",MAT,,,,,
,31/12/2025,ok,PT Agro Tritunggal Mandiri,PI.2025.12.00285,BSD,Sayuran Kitchen - BSD,,"377.250,00",MAT,,,,,
,09/01/2026,ok,PT Agro Tritunggal Mandiri,PI.2026.01.00052,BSD,Bar - BSD,,"17.750,00",MAT,,,,,
,08/01/2026,ok,PT Berkah Surya Bersinar,PI.2026.01.00035,,Needle Distribution Tools,,"480.000,00",MAT,,,,,
,08/01/2026,ok,PT Berkah Surya Bersinar,PI.2026.01.00036,,"Aroma of Heaven, dll",,"39.555.000,00",MAT,,,,,
,10/01/2026,ok,PT Berkah Surya Bersinar,PI.2026.01.00061,,"Black Forest, dll",,"27.256.000,00",MAT,,,,,
,06/01/2026,ok,PT ABC Kogen Dairy,PI.2026.01.00043,,Freshmilk KIN,,"2.084.400,00",MAT,,,,,
,07/01/2026,ok,PT ABC Kogen Dairy,PI.2026.01.00019,,Freshmilk KIN,,"926.400,00",MAT,,,,,
,10/01/2026,ok,PT ABC Kogen Dairy,PI.2026.01.00044,,Freshmilk KIN,,"2.084.400,00",MAT,,,,,
,09/01/2026,ok,PT Artarya Jaya Lestari,PI.2026.01.00049,,Pengadaan SMB & LPZ,,"260.980,00",MAT,,,,,
,12/01/2026,ok,PT Sango Ceramics Indonesia,PI.2026.01.00038,,"Divided Dish, Round Eared Dish (LnB LPZ)",,"3.792.204,00",MAT,,,,,
,12/01/2026,ok,PT Sadhana Ekapraya Amitra,PI.2026.01.00046,,Freezer HO,,"28.500.000,00",TF,,,,,
,09/01/2026,ok,PT Tian Liong,PI.2026.01.00050,,Sendok Garpu LPZ SMB,,"1.539.900,00",MAT,,,,,
,03/01/2026,ok,PT Anugerah Karya Utama,PI.2026.01.00051,,"Dada, Paha, dll",,"2.591.040,00",MAT,,,,,
,09/01/2026,ok,PT Dinamika Perkasa Abadi,PI.2026.01.00062,,Heating Lamp,,"4.845.000,00",MAT,,,,,
,14/01/2026,,PT Restomart Cipta Usaha,EXP.2026.01.00054,,Perbaikan Hood Kitchen LPZ,,"1.110.000,00",TF,,,,,
,12/01/2026,ok,Niko Questera,PI.2026.01.00048,,Group Head Cleaning,,"85.000,00",MAT,,,,,
,12/01/2026,ok,Niko Questera,PI.2026.01.00047,,Group Head Cleaning,,"85.000,00",MAT,,,,,
,10/01/2026,ok,J-Pack Food Packaging,PI.2026.01.00020,,Box Take Away Kitchen,,"412.500,00",MAT,,,,,
,09/01/2026,ok,Solusi Arya Prima,PI.2026.01.00045,SMB,Laptop - SMB,,"14.000.000,00",TF,,,,,
,11/01/2026,ok,Toko Mumtaz,PI.2026.01.00037,,"Casava, Timus, dll",,"716.000,00",MAT,,,,,
,13/01/2026,ok,Adam Supplier,PI.2026.01.00030,,"Kecap Ikan, dll",,"866.000,00",MAT,,,,,
,14/01/2026,ok,Pelita Abadi,PI.2026.01.00056,BSD,Telur - LPZ,,"206.500,00",MAT,,,,,
,16/12/2025,ok,Pelita Abadi,PI.2025.12.00286,BSD,Telur - BSD,,"303.000,00",MAT,,,,,
,20/12/2025,ok,Pelita Abadi,PI.2025.12.00287,BSD,Telur - BSD,,"151.500,00",MAT,,,,,
,16/12/2025,ok,Pelita Abadi,PI.2025.12.00288,BSD,Telur - BSD,,"303.000,00",MAT,,,,,
,06/01/2026,ok,Pelita Abadi,PI.2026.01.00059,BSD,Telur - BSD,,"290.000,00",MAT,,,,,
,10/01/2026,ok,Pelita Abadi,PI.2026.01.00060,BSD,Telur - BSD,,"145.000,00",MAT,,,,,
,25/12/2025,ok,CV Rumah Sayur,PI.2025.12.00280,,Buah - Produksi HO,,"79.227,40",MAT,,,,,
,12/12/2025,ok,CV Rumah Sayur,PI.2025.12.00281,,Buah - WH,,"856.475,00",MAT,,,,,
,10/01/2026,ok,CV Rumah Sayur,PI.2026.01.00055,,Alpukat Frozen,,"700.000,00",MAT,,,,,
,09/01/2026,ok,CV Rumah Sayur,PI.2026.01.00054,,Sayuran - LPZ,,"903.883,00",MAT,,,,,
,06/01/2026,ok,CV Rumah Sayur,PI.2026.01.00053,,Sayuran - LPZ,,"889.025,00",MAT,,,,,
,08/01/2026,ok,CV Rumah Sayur,PI.2026.01.00057,BSD,Ubi Madu - BSD,,"63.450,00",MAT,,,,,
,06/01/2026,ok,CV Rumah Sembako Nusantara,PI.2026.01.00058,,Kecap Ikan Royal Gold,,"49.500,00",MAT,,,,,
,10/01/2026,ok,Natasha (Beras),PI.2026.01.00022,,Beras,,"750.000,00",MAT,,,,,
,09/01/2026,ok,Cavalese,PI.2026.01.00023,,Cheesecake,,"400.000,00",MAT,,,,,
,09/01/2026,ok,Pak Tumin,PI.2026.01.00027,,Rebung,,"60.000,00",MAT,,,,,
,06/01/2026,ok,Pak Tumin,PI.2026.01.00028,,"Rebung, Strawberry - Kitchen LPZ",,"165.000,00",MAT,,,,,
,08/01/2026,ok,Bella Natalia,PI.2026.01.00029,,Telur88,,"430.000,00",MAT,,,,,
,06/01/2026,ok,Bella Natalia,PI.2026.01.00039,,Telur88,,"295.000,00",MAT,,,,,
,15/01/2026,,Warung Kelapa Muda Kiti,DFT.20024,,Kelapa,,"300.000,00",MAT,,,,,
,08/01/2026,ok,Cendol Hijau Daun Suji,PI.2026.01.00040,,Cendol + Adm Bank,,"32.500,00",TF to BRI,,,,,
,12/01/2026,ok,Lancar Sukses,EXP.2026.01.00047,,Cetakan stiker untuk label academy,,"345.000,00",MAT,,,,,
,24/12/2025,ok,Lancar Sukses,EXP.2026.01.00048,,Cetakan stiker untuk stiker pintu angka,,"207.000,00",MAT,,,,,
,22/12/2025,ok,Orange15,PI.2025.12.00289,,Pelunasan Seragam,,"1.365.000,00",MAT,,,,,
,,,,,,,,,,,,,,
,,,17/01/2026,,,,,,,,,,,
,17/01/2026,,Pindah Dana,BT.2026.01.00008,,Pindah Dana 817-888,,"45.000.000,00",,,,,,
,17/01/2026,,Pindah Dana,BT.2026.01.00009,,Pindah Dana 999-888,,"30.000.000,00",,,,,,
,17/01/2026,,Pindah Dana,BT.2026.01.00010,,Pindah Dana 899-888,,"55.000.000,00",,,,,,
,17/01/2026,,Pindah Dana,BT.2026.01.00011,,Pindah Dana 168-888,,"80.000.000,00",,,,,,
,06/01/2026,,PT Berkat Tiga Putera,EXP.2026.01.00060,SMB,DP Design SMB,,"213.953.250,00",,,,,,
,,,,,,,,,,,,,,
,,,20/01/2026,,,,,,,,,,,
,20/01/2026,,Pindah Dana,BT.2026.01.00012,,Pindah Dana 817-888,,"2.500.000,00",,,,,,
,14/01/2026,ok,PT Makmur Orient Jaya,EXP.2026.01.00050,,Pemasangan 1 Smoke Detector,,"1.161.500,00",,,,,,
,14/01/2026,ok,PT Makmur Orient Jaya,EXP.2026.01.00049,,Pemasangan 1 Fixed Detector,,"909.000,00",,,,,,
,,,,,,,,,,,,,,
,,,22/01/2026,,,,,,,,,,,
,20/01/2026,ok,PT Lestari Mahadibya,EXP.2026.01.00074,,Rent For 01 Dec - 31 Dec 2025 (SMS),,"998.011,00",VA,,,,,
,18/01/2026,ok,Niko Questera,EXP.2026.01.00063,,"Penyimpanan dokumen yang rapi, pemberantasan tikus dan disinfektan kasur Hibrida",,"1.369.178,00",MAT,,,,,
,17/01/2026,ok,Chris,PI.2026.01.00090,,pengadaan ACA,,"87.892,00",MAT,,,,,
,18/01/2026,ok,Bu Angela Cipta,EXP.2026.01.00068,,Biaya Perjalanan Dinas ke Semarang,,"410.000,00",MAT,,,,,
,18/01/2026,ok,Bu Angela Cipta,PI.2026.01.00091,,Pembelian Sample Stainer,,"52.300,00",MAT,,,,,
,20/01/2026,ok,Bu Angela Cipta,EXP.2026.01.00069,,Pembayaran ongkir seragam,,"55.000,00",MAT,,,,,
,19/01/2026,ok,Restomart Cipta Usaha (tf ke mandiri Pak Robert),PI.2026.01.00092,SMB,DP 50% Nayati untuk SMB + Adm 2500,,"160.002.500,00",Tf to Mandiri,,,,,
,15/01/2026,ok,PT Berkah Surya Bersinar,PI.2026.01.00088,,"Black Forest Blend, dll",,"32.004.000,00",MAT,,,,,
,15/01/2026,ok,PT Mulia Raya Agri Jaya,PI.2026.01.00067,,Anchor Unsalted,,"1.953.843,00",MAT,,,,,
,17/01/2026,ok,PT Mulia Raya Agri Jaya,PI.2026.01.00066,,Anchor Keju Slice,,"437.661,00",MAT,,,,,
,21/01/2026,ok,PT Wet Wipes,PI.2026.01.00079,,Tissue Basah,,"450.000,00",MAT,,,,,
,19/01/2026,ok,PT Foodteco,PI.2026.01.00086,SMB,Pengadaan SMB,,"6.381.900,00",MAT,,,,,
,19/01/2026,ok,PT Aneka Kreasi Nusantara,PI.2026.01.00095,,Tenderloin Alana,,"3.100.000,00",MAT,,,,,
,07/01/2026,ok,PT Asher Berkat Abadi,PI.2026.01.00097,,Aqua Galon MKG,,"120.000,00",MAT,,,,,
,13/01/2026,ok,PT Asher Berkat Abadi,PI.2026.01.00096,,Aqua Galon MKG,,"126.000,00",MAT,,,,,
,15/01/2026,ok,PT Agro Tritunggal Mandiri,PI.2026.01.00098,,"Kentang, dll",,"253.150,00",MAT,,,,,
,15/01/2026,ok,PT Agro Tritunggal Mandiri,PI.2026.01.00102,,"Lemon, sunkist",,"38.500,00",MAT,,,,,
,14/01/2026,ok,CV Panen Raya Indonesia,PI.2026.01.00068,,Frozen Food,,"4.046.550,00",MAT,,,,,
,13/01/2026,ok,Pak Tumin,PI.2026.01.00069,LPZ,Rebung - LPZ,,"90.000,00",MAT,,,,,
,15/01/2026,ok,Pak Tumin,PI.2026.01.00070,LPZ,Rebung - LPZ,,"60.000,00",MAT,,,,,
,15/01/2026,ok,Pak Tumin,PI.2026.01.00071,LPZ,Strawberry - Bar LPZ,,"150.000,00",MAT,,,,,
,14/01/2026,ok,Bella Natalia,PI.2026.01.00072,LPZ,Telur,,"570.000,00",MAT,,,,,
,27/12/2025,ok,Cavalese,PI.2025.12.00290,LPZ,Cheesecake LPZ,,"800.000,00",MAT,,,,,
,10/01/2026,ok,Cavalese,PI.2026.01.00073,BSD,Cheesecake BSD,,"800.000,00",MAT,,,,,
,15/01/2026,ok,Adam Supplier,PI.2026.01.00074,LPZ,Cheesecake LPZ,,"400.000,00",MAT,,,,,
,03/01/2026,ok,Adam Supplier,PI.2026.01.00075,,Kacang Tanah Kulit,,"48.500,00",MAT,,,,,
,24/12/2025,ok,Adam Supplier,PI.2025.12.00291,,"Santan Cair, Hydro Coco",,"813.000,00",MAT,,,,,
,30/12/2025,ok,Rentokil Indonesia,EXP.2026.01.00061,BSD,Rentokil BSD - Desember 2025,,"1.165.500,00",TF,,,,,
,21/01/2026,ok,Rezeki Makmur,PI.2026.01.00081,,"Sendok, Garpu Plastik",,"880.000,00",MAT,,,,,
,20/01/2026,ok,Toko Mumtaz,PI.2026.01.00082,,Casava Frozen,,"710.000,00",MAT,,,,,
,21/01/2026,ok,Toko Sinar Mas,PI.2026.01.00080,,"Keju, Carnation, Santan Kara",,"1.038.000,00",MAT,,,,,
,13/01/2026,ok,Rumah Sayur,PI.2026.01.00078,,"Ubi, dll",,"1.133.094,50",MAT,,,,,
,15/01/2026,ok,Rumah Sayur,PI.2026.01.00084,,"Kentang, dll",,"829.125,00",MAT,,,,,
,17/01/2026,ok,Rumah Sayur,PI.2026.01.00077,,"Sunkist, dll",,"179.000,00",MAT,,,,,
,16/01/2026,ok,Rumah Sayur,PI.2026.01.00083,,Ubi Madu,,"94.500,00",MAT,,,,,
,20/01/2026,ok,Kelapa Muda Kiti,PI.2026.01.00085,,Kelapa Muda,,"300.000,00",MAT,,,,,
,20/01/2026,ok,Senen Indah,PI.2026.01.00087,,Totebox jinde,,"950.000,00",MAT,,,,,
,19/01/2026,ok,Ubi Madu Cilembu Pak Cecep,PI.2026.01.00089,,Ubi Madu Cilembu,,"195.000,00",MAT,,,,,
,22/01/2026,ok,Selvy Mutiara Botol,PI.2026.01.00094,,Botol Kaca 250ml,,"2.000.000,00",MAT,,,,,
,20/01/2026,ok,Natasha (Beras),PI.2026.01.00093,,Beras,,"750.000,00",MAT,,,,,
,19/01/2026,ok,Mustika Buana Kumala,PI.2026.01.00100,,"Lakban, dll",,"562.450,00",MAT,,,,,
,15/01/2026,ok,Anugerah Karya Utama,PI.2026.01.00101,,"Paha, dada boneless",,"1.410.130,00",MAT,,,,,
,15/01/2026,ok,Suket Teki Super Store,PI.2026.01.00099,,"Carnation, dll",,"1.397.000,00",MAT,,,,,
,,,,,,,,,,,,,,
,,,26 Januari 2026,,,,,,,,,,,
,26/01/2026,,Pindah Dana,BT.2026.01.00013,,Pindah Dana 817 - 888,,"10.000.000,00",,,,,,
,21/01/2026,,PT Summarecon Investment Property,EXP.2026.01.00085,,Rent 01 - 31 Des 2025,,"34.186.331,00",VA,,,,,
,21/01/2026,,PT Summarecon Investment Property,EXP.2026.01.00086,,Add S. Charge 01 - 31 Des 2025,,"2.028.888,00",VA,,,,,
,21/01/2026,,PT Summarecon Investment Property,EXP.2026.01.00087,,Rent 01 - 31 Des 2025 (Academic),,"933.240,00",VA,,,,,
,21/01/2026,,PT Summarecon Investment Property (MKG),EXP.2026.01.00084,,Rent 01 - 31 Des 2025 (MKG),,"724.469,00",VA,,,,,
,24/01/2026,,Media Usaha Printing,PI.2026.01.00103,,Cetak Logo utk Botol Machi,,"900.000,00",TF,,,,,
,,,,,,,,,,,,,,
,,,,,,,,,,,,,,
,,,29 Januari 2026,,,,,,,,,,,
,29/01/2026,,Pindah Dana,BT.2026.01.00014,,Pindah Dana 817-888,,"110.000.000,00",TF,,,,,
,29/01/2026,,Pindah Dana,BT.2026.01.00015,,Pindah Dana 817-888,,"162.000.000,00",TF,,,,,
,14/01/2026,ok,Shella Dellina,PI.2026.01.00170,,print sticker bulat Strada untuk order dari client honda ke strada la piazza,,"48.000,00",MAT,,,,,
,24/01/2026,ok,shella dellina,EXP.2026.01.00102,,print buku menu bar strada smb + gold lounge smb,,"118.800,00",MAT,,,,,
,24/01/2026,ok,shella dellina,PI.2026.01.00171,,pembelian 2 map clear holder untuk menyimpan menu bar strada smb dan smb gold lounge,,"73.050,00",MAT,,,,,
,02/01/2026,ok,Shella Dellina,EXP.2026.01.00103,,meta ads,,"238.235,00",MAT,,,,,
,26/01/2026,ok,shella dellina,EXP.2026.01.00104,,pengiriman printing buku menu smb dari percetakan rawamangun,,"11.000,00",MAT,,,,,
,26/01/2025,ok,Shella Dellina,EXP.2026.01.00105,,print buku resep bar untuk strada semarang,,"81.900,00",MAT,,,,,
,26/01/2026,ok,Chris,EXP.2026.01.00092,,pickup lalamove BSD 26 jan dan tolnya,,"183.684,00",MAT,,,,,
,26/01/2026,ok,Shella Dellina,EXP.2026.01.00106,,pengiriman buku resep bar untuk strada semarang dari percetakan rawamangun,,"13.000,00",MAT,,,,,
,17/01/2026,ok,Angela cipta,EXP.2026.01.00108,,Lapiz ke hibrida ,,"20.000,00",MAT,,,,,
,21/01/2026,ok,Angela cipta,EXP.2026.01.00110,,Hibrida - lapiz - hibrida,,"34.000,00",MAT,,,,,
,23/01/2026,ok,Angela cipta,EXP.2026.01.00111,,Perjalanan ke SMB,,"143.000,00",MAT,,,,,
,24/01/2026,ok,Angela cipta,EXP.2026.01.00112,,Lapiz hibrida,,"27.000,00",MAT,,,,,
,28/01/2026,ok,Angela cipta,EXP.2026.01.00113,,Pembelian Gembok Hibrida,,"38.500,00",MAT,,,,,
,28/01/2026,ok,Chris,PI.2026.01.00172,,Chia seed pembelian,,"68.088,00",MAT,,,,,
,29/01/2026,ok,Michelle ,EXP.2026.01.00100,,Untuk transport pergi gocar event public cupping kevenka,,"195.500,00",MAT,,,,,
,24/05/2025,ok,PT Etos Suryanusa,EXP.2025.05.00101,,Jasa Pengendalian Hama & tikus Mei 2025 + Adm 2500,,"837.184,68",TF to UOB,,,,,
,28/01/2026,ok,PT Foodteco,PI.2026.01.00167,,Donatsu,,"468.000,00",MAT,,,,,
,26/01/2026,ok,PT Restomart Cipta Usaha,EXP.2026.01.00097,,Perbaikan Chiller Kitchen LPZ,,"3.111.663,00",TF,,,,,
,23/01/2026,ok,PT Kartika Distrindo,PI.2026.01.00113,,Omela UHT,,"1.897.754,00",MAT,,,,,
,27/01/2026,ok,PT Kartika Distrindo,PI.2026.01.00112,,Omela UHT,,"1.897.754,00",MAT,,,,,
,26/01/2026,ok,PT Karunia Putranata Berhikmat,PI.2026.01.00120,,Buah Frozen,,"238.000,00",MAT,,,,,
,22/01/2026,ok,PT Berkah Surya Bersinar,PI.2026.01.00128,,"Beans 150gr, 200gr",,"20.985.000,00",MAT,,,,,
,22/01/2026,ok,PT Berkah Surya Bersinar,PI.2026.01.00127,,Brown Sugar Strada,,"1.740.000,00",MAT,,,,,
,26/12/2025,ok,PT Maha Daya Energi,PI.2025.12.00318,BSD,LPG Energas Isi 50KG+Adm Bank,,"1.370.500,00",TF - Mandiri,,,,,
,09/01/2026,ok,PT Maha Daya Energi,PI.2026.01.00135,BSD,LPG Energas Isi 50KG+Adm Bank,,"1.370.500,00",TF - Mandiri,,,,,
,22/01/2026,ok,PT Kreasi Cipta Megatama,PI.2026.01.00132,,Detergem Sabun Cuci Piring,,"886.000,00",MAT,,,,,
,28/01/2026,ok,PT Kreasi Cipta Megatama,PI.2026.01.00138,,"Karbol, Sabun Cuci Piring",,"870.000,00",MAT,,,,,
,14/01/2026,ok,PT Sanpota Batara Indonesia,PI.2026.01.00137,,Frosted Cup,,"5.390.000,00",MAT,,,,,
,26/12/2026,ok,PT Sanpota Batara Indonesia,PI.2025.12.00323,,Frosted Cup,,"4.900.000,00",MAT,,,,,
,20/01/2026,ok,PT Rumah Sayur Nusantara,PI.2026.01.00142,,Sayuran - LPZ,,"787.750,00",MAT,,,,,
,22/01/2026,ok,PT Rumah Sayur Indonesia,PI.2026.01.00141,,Jeruk Nipis,,"4.250,00",MAT,,,,,
,22/01/2026,ok,PT Rumah Sayur Indonesia,PI.2026.01.00143,,"Alpukat, Sunkist, dll",,"772.750,00",MAT,,,,,
,20/01/2026,ok,PT Rumah Sayur Indonesia,PI.2026.01.00140,,"Lemon, Sunkist",,"16.250,00",MAT,,,,,
,24/01/2026,ok,PT Rumah Sayur Indonesia,PI.2026.01.00144,,Cakwe,,"25.000,00",MAT,,,,,
,23/01/2026,ok,PT Rumah Sayur Indonesia,PI.2026.01.00145,,Sayuran - LPZ,,"1.024.075,00",MAT,,,,,
,02/01/2026,ok,PT Greenfields Indonesia,PI.2026.01.00148,,Freshmilk MKG,,"236.868,00",MAT,,,,,
,02/01/2026,ok,PT Greenfields Indonesia,PI.2026.01.00146,,Freshmilk LPZ,,"1.658.076,00",MAT,,,,,
,30/12/2025,ok,PT Greenfields Indonesia,PI.2025.12.00320,,Freshmilk MKG LPZ,,"1.366.560,00",MAT,,,,,
,16/12/2025,ok,PT Greenfields Indonesia,PI.2025.12.00319,,Yogurt Plain,,"219.114,00",MAT,,,,,
,09/01/2026,ok,PT Greenfields Indonesia,PI.2026.01.00147,,Freshmilk LPZ,,"473.736,00",MAT,,,,,
,06/01/2026,ok,PT Greenfields Indonesia,PI.2026.01.00151,,UHT Cold Blend,,"6.479.514,00",MAT,,,,,
,10/12/2025,ok,PT Greenfields Indonesia,PI.2025.12.00321,,UHT Cold Blend,,"4.079.916,00",MAT,,,,,
,03/01/2026,ok,PT Greenfields Indonesia,PI.2026.01.00149,,Freshmilk SMS,,"236.868,00",MAT,,,,,
,30/12/2025,ok,PT Greenfields Indonesia,PI.2025.12.00322,,Freshmilk SMS,,"455.520,00",MAT,,,,,
,20/12/2025,ok,PT Greenfields Indonesia,PI.2026.01.00150,,UHT Cold Blend,,"4.079.916,00",MAT,,,,,
,27/11/2025,ok,PT Greenfields Indonesia,PI.2025.11.00251,,UHT Cold Blend,,"1.427.971,00",MAT,,,,,
,15/01/2026,ok,PT Sukanda Djaya,PI.2026.01.00152,,Oatmilk Barista Blend,,"1.118.880,00",MAT,,,,,
,02/01/2026,ok,PT Sukanda Djaya,PI.2026.01.00153,,French Fries,,"696.000,00",MAT,,,,,
,05/01/2026,ok,PT Sukanda Djaya,PI.2026.01.00154,,Ice Cream Vanilla,,"346.320,00",MAT,,,,,
,17/01/2026,ok,PT Sukanda Djaya,PI.2026.01.00155,,French Fries,,"696.000,00",MAT,,,,,
,13/01/2026,ok,PT Agro Tritunggal Mandiri,PI.2026.01.00156,,Strawberry BSD,,"22.000,00",MAT,,,,,
,13/01/2026,ok,PT Agro Tritunggal Mandiri,PI.2026.01.00157,,Sayuran - BSD,,"488.100,00",MAT,,,,,
,23/01/2026,ok,PT Agro Tritunggal Mandiri,PI.2026.01.00161,,Sayuran - BSD,,"511.425,00",MAT,,,,,
,20/01/2026,ok,PT Agro Tritunggal Mandiri,PI.2026.01.00158,,Sayuran - BSD,,"668.200,00",MAT,,,,,
,20/01/2026,ok,PT Agro Tritunggal Mandiri,PI.2026.01.00159,,Strawberry - Bar BSD,,"55.000,00",MAT,,,,,
,24/01/2026,ok,PT Agro Tritunggal Mandiri,PI.2026.01.00160,,Tempe - BSD,,"13.000,00",MAT,,,,,
,24/01/2026,ok,PT Solusi Arya Prima,PI.2026.01.00164,,Printer Pengadaan ACA HP Smart Tank 583,,"2.300.000,00",MAT,,,,,
,21/01/2026,ok,PT Solusi Arya Prima,PI.2026.01.00165,,Laptop Pengadaan ACA HP INC HP 240 G8 (365K6PA),,"7.000.000,00",MAT,,,,,
,07/01/2026,ok,PT Anak Mas Indah,PI.2026.01.00162,,Sovia Oil,,"2.369.850,00",MAT,,,,,
,21/01/2026,ok,PT Anak Mas Indah,PI.2026.01.00163,,Sovia Oil,,"4.062.600,00",MAT,,,,,
,13/01/2026,ok,PT ABC Kogen Dairy,PI.2026.01.00168,,KIN - LPZ,,"1.389.600,00",MAT,,,,,
,15/01/2026,ok,PT ABC Kogen Dairy,PI.2026.01.00169,,KIN - MKG,,"463.200,00",MAT,,,,,
,26/01/2026,ok,CV Panen Raya Indonesia,PI.2026.01.00123,,Kerupuk Rambak,,"345.000,00",MAT,,,,,
,26/01/2026,ok,CV Panen Raya Indonesia,PI.2026.01.00122,,Frozen Food,,"5.706.320,00",MAT,,,,,
,26/01/2026,ok,CV Panen Raya Indonesia,PI.2026.01.00124,,Frozen Cake,,"1.768.460,80",MAT,,,,,
,22/01/2026,ok,CV Asaku,PI.2026.01.00130,,Tissue Eco Livi,,"1.233.000,00",MAT,,,,,
,29/01/2026,ok,Danis Yulianto Hadi,EXP.2026.01.00099,,Tagihan Sciencewerk Januari 2026,,"6.000.000,00",MAT,,,,,
,28/01/2026,ok,Daren Mokoginta,EXP.2026.01.00098,,Quinos SMB,,"29.250.000,00",TF,,,,,
,26/01/2026,ok,Benawati Abas,EXP.2026.01.00089,,Sewa Hibrida 01 April 2026 - 31 Maret 2027,,"110.000.000,00",TF,,,,,
,27/01/2026,ok,Pondok Es Cendol,EXP.2026.01.00094,,Tumpeng Syukuran SMB,,"1.849.800,00",TF,,,,,
,27/01/2026,ok,Warung Kelapa Muda Kiti,PI.2026.01.00119,,Kelapa Muda LPZ,,"150.000,00",MAT,,,,,
,27/01/2026,ok,Pak Tumin,PI.2026.01.00117,,Sandung Lamur,,"1.350.000,00",MAT,,,,,
,23/01/2025,ok,Pak Tumin,PI.2026.01.00118,,Rebung LPZ,,"105.000,00",MAT,,,,,
,20/01/2026,ok,Pak Tumin,PI.2026.01.00109,,Strawberry Bar LPZ,,"150.000,00",MAT,,,,,
,22/01/2026,ok,Bella Natalia,PI.2026.01.00110,,Telur LPZ,,"545.000,00",MAT,,,,,
,19/01/2026,ok,Bella Natalia,PI.2026.01.00108,,Telur LPZ,,"405.000,00",MAT,,,,,
,15/01/2026,ok,Cavalese,PI.2026.01.00074,LPZ,Cheesecake LPZ,,"400.000,00",MAT,,,,,
,27/01/2026,ok,Cavalese,PI.2026.01.00107,SMB,Cheesecake SMB,,"400.000,00",MAT,,,,,
,23/01/2026,ok,Cavalese,PI.2026.01.00106,LPZ,Cheesecake LPZ,,"400.000,00",MAT,,,,,
,24/01/2026,ok,Cavalese,PI.2026.01.00121,,Cheesecake BSD,,"800.000,00",MAT,,,,,
,26/01/2026,ok,Rezeki Makmur,PI.2026.01.00105,,"Plastik 1/2,1/4,1kg, 1/4 anti panas",,"1.079.000,00",MAT,,,,,
,09/01/2026,ok,Rezeki Makmur,PI.2026.01.00104,,"Straw, Cup Saus, Plastik Sampah",,"1.290.000,00",MAT,,,,,
,27/01/2026,ok,Ubi Cilembu Pak Cecep,PI.2026.01.00115,LPZ,Ubi Cilembu Bakar,,"142.500,00",MAT,,,,,
,23/01/2026,ok,Ubi Cilembu Pak Cecep,PI.2026.01.00116,,Ubi Cilembu Bakar,,"125.000,00",MAT,,,,,
,27/01/2026,ok,Apronesia,PI.2026.01.00114,,Apron,,"1.535.000,00",MAT,,,,,
,20/01/2026,ok,J-Pack Food Packaging,PI.2026.01.00111,,Paper Hot Cup 4oz,,"289.000,00",MAT,,,,,
,26/01/2026,ok,Adam Supplier,PI.2026.01.00126,,"Asam Jawa Ultra, Asama Jawa ABC",,"264.000,00",MAT,,,,,
,22/01/2026,ok,Adam Supplier,PI.2026.01.00125,,"Tepung Pisang, dll",,"900.000,00",MAT,,,,,
,23/01/2026,ok,Adam Supplier,PI.2026.01.00134,,"Tepung Pisang, dll",,"1.856.000,00",MAT,,,,,
,23/01/2026,ok,Liara Food,PI.2026.01.00129,,AUS Sirloin Tender,,"1.197.300,00",MAT,,,,,
,28/01/2026,ok,Liara Food,PI.2026.01.00139,,AUS Sirloin Tender,,"3.871.200,00",MAT,,,,,
,21/01/2026,ok,Suket Teki Super Store,PI.2026.01.00131,,"Susu Evaporasi, dll",,"2.855.000,00",MAT,,,,,
,24/01/2026,ok,Suket Teki Super Store,PI.2026.01.00133,,Gunung Tapioka,,"884.000,00",MAT,,,,,
,22/01/2026,ok,Natasha (Beras),PI.2026.01.00136,,Beras,,"750.000,00",MAT,,,,,
,22/01/2026,ok,Tommy Buntoro (Bun's Coffee Roastery),PI.2026.01.00166,,Greenbeans Academy,,"1.248.000,00",TF,,,,,
,,,,,,,,,,,,,,
,,,30/01/2026,,,,,,,,,,,
,30/01/2026,,Pindah Dana Otor,,,Pindah dana 817-888,,"100.000.000,00",,,,,,
,30/01/2026,,Pindah Dana Otor,,,Pindah Dana 186-888,,"64.955.343,00",,,,,,
,30/01/2026,,Warung Kelapa Muda Kiti,,,Kelapa Muda Strada,,"400.000,00",,,,,,
,30/01/2026,,Irzan Perdana,,,Lalamove SMB Day 1,,"552.500,00",,,,,,
,29/01/2026,,PT BERKAT TIGA PUTERA,,,Termin 1 SMB,,"184.319.600,00",,,,,,
,30/01/2026,,PT Mustika Citra Rasa,,,Holland Desember 2025,,"1.957.520,00",,,,,,
,,,,,,,,,,,,,,
,,,03/02/2026,,,,,,,,,,,
,,,,,,,,,,,,,,
,02/02/2026,,Christoforus,DFT.21140,,KIN - SMB,,"1.056.000,00",,,,,,
,02/02/2026,,Warung Kelapa Muda Kiti,DFT.21172,,Kelapa Muda Strada,,"250.000,00",,,,,,
,02/02/2026,,PT Sadhana Ekapraya Amitra,DFT.21179,,Chiller pengadaan HO,,"3.900.000,00",,,,,,
,05/01/2026,,BPJS Ketenagakerjaan,EXP.2026.01.00007,,BPJSTK,,"866.292,00",Tagihan,status kbb ditolak,,,,
,,,,,,,,,,,,,,
,,,03/02/2026,,,,,,,,,,,
,02/02/2026,,PT Sadhana Ekapraya Amitra,DFT.21179,,Chiller pengadaan HO,,"3.900.000,00",,,,,,
,05/01/2026,,BPJST,EXP.2026.01.00007,,BPJSTK,,"866.292,00",Tagihan,,,,,
,03/02/2026,,PT Masuya Graha Trikencana,DFT.21210,,KIN-SMB,,"1.848.000,00",,,,,,
,,,,,,,,,,,,,,
,,,,,,,,,,,,,,
,,,05 Februari 2026,,,,,,,,,,,
,05/02/2026,,Pindah Buku,BT.2026.02.00001,,Pindah Buku 8817-1888,,"150.000.000,00",,,,,,
,05/02/2026,,Pindah Buku,BT.2026.02.00002,,Pindah Buku 1888-8168,,"100.000.000,00",,,,,,
,06/02/2026,,Pindah Buku,,,Pindah Buku 8817-1888,,"10.000.000,00",,,,,,
,06/02/2026,,Pindah Buku,,,Pindah Buku 8168-1888,,"100.000.000,00",,,,,,
,06/02/2026,,Pindah Buku,,,Pindah Buku 8168-1888,,"90.000.000,00",,,,,,
,29/01/2026,ok,Michelle ,EXP.2026.01.00127,,Untuk transport pulang gocar event public cupping kevenka,,"250.500,00",MAT,,,,,
,30/01/2026,ok,Michelle ,EXP.2026.01.00128,,Transport pergi shuttle bus dari MKG — SMS 2 pax (Michelle & Daffa),,"86.000,00",MAT,,,,,
,30/01/2026,ok,Michelle ,EXP.2026.01.00129,,"Transport PP gocar SMS — BSD, dan transport pulang shuttle bus SMS — MKG 2 pax (Michelle & Daffa)",,"164.000,00",MAT,,,,,
,30/01/2026,ok,Selena,EXP.2026.01.00119,,Konsumsi Pak Dian Install Quinos SMB,,"134.000,00",MAT,,,,,
,30/01/2026,ok,Selena,EXP.2026.01.00131,,Install Quinos (Hibrida - SMB),,"61.000,00",MAT,,,,,
,31/01/2026,ok,Selena,EXP.2026.01.00121,,Lalamove Day2 (Hibrida - SMB),,"550.000,00",MAT,,,,,
,02/02/2026,ok,Shella Dellina,EXP.2026.02.00026,,"meta ads - 02,02,2026",,"297.568,00",MAT,,,,,
,03/02/2026,ok,Michelle ,EXP.2026.02.00027,,"Kebutuhan material kelas sensory (local full class), pakai sistem reimbursement karena pettycash nya tidak cukup/over limit",,"449.050,00",MAT,,,,,
,05/02/2026,ok,Aaron Jeconiah Hanson,EXP.2026.02.00028,,Untuk Bensin ke BSD (pembacaan penilaian & extend kontrak Sutikno dan Fabellia. Serta Interview kandidat waitress BSD dan juga tandatangan slip gaji),,"55.000,00",MAT,,,,,
,31/01/2026,ok,Riska,EXP.2026.01.00133,,"perpanjang member parkir (Maulana, Riska, Utari) Januari 2025
dan new member staff (anggun & dianti)",,"250.000,00",MAT,,,,,
,30/01/2026,ok,Rinda,EXP.2026.01.00134,,Pick up alat kebersihan untuk general cleaning smb,,"104.500,00",MAT,,,,,
,31/01/2026,ok,Rinda,EXP.2026.01.00135,,"Biaya perjalanan pulang pak joni anter barang ke smb, ketika ikut dengan lalamove",,"66.500,00",MAT,,,,,
,02/02/2026,ok,Rinda,EXP.2026.02.00029,,Biaya toll lalamove ketika pengiriman barang bahan baku,,"17.000,00",MAT,,,,,
,03/02/2026,ok,Rinda,PI.2026.02.00028,,Pembelian asset susulan smb Dispenser isolasi 2 dan strafles 4 kekurang store smb,,"103.000,00",MAT,,,,,
,03/02/2026,ok,Chris,EXP.2026.02.00005,,Lalamove BSD dan tol,,"233.689,00",MAT,,,,,
,01/02/2026,ok,Selena,PI.2026.02.00029,,Pembelian Charger Laptop Acer,,"62.999,00",MAT,,,,,
,30/01/2026,ok,Selena,PI.2026.01.00218,,Pembelian Kabel Roll utk komputer SMB,,"230.924,00",MAT,,,,,
,03/02/2026,ok,Angela Cipta,EXP.2026.02.00030,,pengiriman cup hot dan spunbound ke cv panen raya indonesia,,"150.000,00",MAT,,,,,
,04/02/2026,ok,Angela Cipta,EXP.2026.02.00031,,PP Hibrida - SMB 04.02.2026,,"226.500,00",MAT,,,,,
,02/02/2026,ok,Angela Cipta,EXP.2026.02.00032,,PP Hibrida - LPZ 02.02.2026,,"25.500,00",MAT,,,,,
,29/01/2026,ok,Sri Kusmini,EXP.2026.01.00136,,Perjalanan Selametan SMB,,"1.381.900,00",MAT,,,,,
,03/02/2026,ok,Accurate,EXP.2026.02.00009,,Accurate - Januari 2026,,"444.000,00",VA,,,,,
,31/01/2026,ok,Rentokil,EXP.2026.01.00125,,Rentokil BSD - Januari 2026,,"1.165.500,00",TF,,,,,
,03/02/2026,ok,Indo Azur,PI.2026.02.00024,SMB,Pelunasan Kursi - SMB,,"27.000.000,00",MAT,,,,,
,04/02/2026,ok,Indo Azur,PI.2026.02.00025,SMB,DP 50% penambahan kursi SMB,,"8.250.000,00",MAT,,,,,
,01/02/2026,ok,PT Summarecon Investment Property,EXP.2026.02.00019,LPZ,SC LPZ - Inc GF - 10 # 1 Feb 2026 - 28 Feb 2026,,"25.250.000,00",VA,,,,,
,01/02/2026,ok,PT Summarecon Investment Property,EXP.2026.02.00020,LPZ,Air Periode : 21/12/2025 s/d 20/01/2026,,"2.776.680,00",VA,,,,,
,01/02/2026,ok,PT Summarecon Investment Property,EXP.2026.02.00021,LPZ,Gas Periode : 21/12/2025 s/d 20/01/2026,,"10.462.288,00",VA,,,,,
,01/02/2026,ok,PT Summarecon Investment Property,EXP.2026.02.00022,LPZ,Listrik Periode : 21/12/2025 s/d 20/01/2026,,"10.994.237,00",VA,,,,,
,01/02/2026,ok,PT Summarecon Investment Property,EXP.2026.02.00023,LPZ,Biaya Pemeliharaan Listrik Periode : 21/12/2025 s/d 20/01/2026,,"5.858.163,00",VA,,,,,
,01/02/2026,ok,PT Summarecon Investment Property,EXP.2026.02.00014,MKG,Rental Angsuran - Pendapatan 1F - K / 203 # 1 Feb - 28 Feb 2026 (MKG),,"393.900,00",VA,,,,,
,01/02/2026,ok,PT Summarecon Investment Property,EXP.2026.02.00015,MKG,Service Charges - Pendapatan 1F - K / 203 # 1 Feb 2026 - 28 Feb 2026 (MKG),,"2.636.100,00",VA,,,,,
,01/02/2026,ok,PT Summarecon Investment Property,EXP.2026.02.00016,MKG,Air Periode : 21/12/2025 s/d 20/01/2026 (MKG),,"59.940,00",VA,,,,,
,01/02/2026,ok,PT Summarecon Investment Property,EXP.2026.02.00017,MKG,Listrik Periode : 21/12/2025 s/d 20/01/2026 (MKG),,"647.025,00",VA,,,,,
,01/02/2026,ok,PT Summarecon Investment Property,EXP.2026.02.00018,MKG,Biaya Pemeliharaan Listrik Periode : 21/12/2025 s/d 20/01/2026 (MKG),,"276.013,00",VA,,,,,
,01/02/2026,ok,PT Lestari Mahadibya,EXP.2026.02.00010,SMS,Service Charge - Monthly 1F - IC22 # 01 Feb - 28 Feb 2026 (SMS),,"1.568.025,00",VA,,,,,
,01/02/2026,ok,PT Lestari Mahadibya,EXP.2026.02.00011,SMS,Electric : 21/12/2025 - 20/01/2026 1F - IC22 (SMS),,"678.511,00",VA,,,,,
,01/02/2026,ok,PT Lestari Mahadibya,EXP.2026.02.00012,SMS,Biaya Pemeliharaan Electric : 21/12/2025 - 20/01/2026 1F - IC22 (SMS),,"383.200,00",VA,,,,,
,01/02/2026,ok,PT Lestari Mahadibya,EXP.2026.02.00013,SMS,PAM : 21/12/2025 - 20/01/2026 1F - IC22 (SMS),,"94.284,00",VA,,,,,
,23/01/2026,ok,PT Greenfields Indonesia,PI.2026.01.00216,,Freshmilk - LPZ,,"1.421.208,00",MAT,,,,,
,15/01/2026,ok,PT Greenfields Indonesia,PI.2026.01.00217,,Freshmilk - MKG,,"473.736,00",MAT,,,,,
,20/01/2026,ok,PT Greenfields Indonesia,PI.2026.01.00215,,Freshmilk - LPZ,,"947.472,00",MAT,,,,,
,13/01/2026,ok,PT Greenfields Indonesia,PI.2026.01.00213,,Freshmilk - BSD,,"710.604,00",MAT,,,,,
,15/01/2026,ok,PT Greenfields Indonesia,PI.2026.01.00214,,Freshmilk - LPZ,,"1.421.208,00",MAT,,,,,
,28/01/2026,ok,PT Karunia Sukses Gemilang,PI.2026.01.00180,,"Jalapeno, Olive Oil",,"1.335.912,00",MAT,,,,,
,02/02/2026,ok,PT Karunia Sukses Gemilang,PI.2026.02.00020,,Leci Kaleng,,"1.476.282,00",MAT,,,,,
,02/02/2026,ok,PT Karunia Putranata Berhikmat,PI.2026.02.00009,,Mangga Frozen,,"550.000,00",MAT,,,,,
,23/12/2026,ok,PT Bumi Sentosa Makmur,PI.2025.12.00324,,Giffard,,"1.866.000,00",MAT,,,,,
,20/01/2026,ok,PT Bumi Sentosa Makmur,PI.2026.01.00191,,Giffard,,"1.866.000,00",MAT,,,,,
,31/01/2026,ok,PT Berkah Surya Bersinar,PI.2026.01.00200,,Misha Kerinci Anaerob,,"3.940.000,00",MAT,,,,,
,31/01/2026,ok,PT Berkah Surya Bersinar,PI.2026.01.00199,,"Coklat Strada, dll",,"15.055.000,00",MAT,,,,,
,31/01/2026,ok,PT Berkah Surya Bersinar,PI.2026.01.00198,,Elixir,,"1.420.000,00",MAT,,,,,
,27/01/2026,ok,PT Berkah Surya Bersinar,PI.2026.01.00201,,Beans,,"41.676.000,00",MAT,,,,,
,29/01/2026,ok,PT Berkah Surya Bersinar,PI.2026.01.00202,,Blue Moon Tea,,"3.620.000,00",MAT,,,,,
,21/01/2026,ok,PT Sukanda Djaya,PI.2026.02.00023,,Ice Cream Vanilla,,"692.640,00",MAT,,,,,
,28/01/2026,ok,PT Sukanda Djaya,PI.2026.01.00206,,Sosis Riverland,,"1.441.890,00",MAT,,,,,
,21/01/2026,ok,PT Sukanda Djaya,PI.2026.01.00207,,White Sugar Stick,,"462.559,00",MAT,,,,,
,19/01/2026,ok,PT Asher Berkat Abadi,PI.2026.01.00208,,Aqua Galon - MKG,,"126.000,00",MAT,,,,,
,24/01/2026,ok,PT Asher Berkat Abadi,PI.2026.01.00209,,Aqua Galon - MKG,,"126.000,00",MAT,,,,,
,27/01/2026,ok,PT Asher Berkat Abadi,PI.2026.01.00210,,Aqua Galon - MKG,,"126.000,00",MAT,,,,,
,23/01/2026,ok,PT Mahadaya Energi,PI.2026.01.00211,,Gas LPG - BSD + Adm Bank,,"1.370.500,00",TF - MANDIRI,,,,,
,20/01/2026,ok,PT Sadhana Ekapraya Amitra,PI.2026.01.00212,SMB,Chiller SMB,,"8.000.000,00",MAT,,,,,
,09/01/2026,ok,PT Delisari Nusantara,PI.2026.01.00183,,Cooking Cream,,"846.000,00",VA,,,,,
,24/12/2025,ok,PT Etos Suryanusa,EXP.2026.01.00117,,Jasa pengendalian hama serangga dan tikus bulan Desember 2025 + Adm bank,,"837.185,00",TF to UOB,,,,,
,27/01/2026,ok,PT Anak Mas Indah,PI.2026.01.00185,,Blueband Cake Margarine,,"627.372,00",MAT,,,,,
,04/02/2026,ok,PT Solusi Indo Pangan,PI.2026.02.00013,,Avocado Arteristo,,"673.000,00",MAT,,,,,
,03/02/2026,ok,PT Prambanan Kencana,PI.2026.02.00019,,Arla Pizza Topping Sticks,,"2.496.217,00",MAT,,,,,
,30/01/2026,ok,PT Aneka Froze Triutama,PI.2026.01.00205,SMB,Pelunasan Showcase Cake ,,"7.500.000,00",MAT,,,,,
,03/02/2026,ok,PT Kreasi Cipta Megatama,PI.2026.02.00021,,"Sabun, dll",,"1.226.000,00",MAT,,,,,
,29/01/2026,ok,CV Panen Raya Indonesia,PI.2026.01.00179,,Frozen Food,,"5.936.285,00",MAT,,,,,
,29/01/2026,ok,CV Panen Raya Indonesia,PI.2026.01.00178,,Frozen Cake,,"868.310,00",MAT,,,,,
,02/02/2026,ok,CV Panen Raya Indonesia,PI.2026.02.00015,,Frozen Food,,"5.116.625,00",MAT,,,,,
,02/02/2026,ok,CV Panen Raya Indonesia,PI.2026.02.00014,,Frozen Cake,,"835.191,20",MAT,,,,,
,25/08/2025,ok,CV Pratama Multi Konsulting,EXP.2025.08.00106,,Jasa Konsultan Pajak Agustus 2025,,"1.500.000,00",MAT,,,,,
,25/11/2025,ok,CV Pratama Multi Konsulting,EXP.2025.11.00149,,Jasa Konsultan Pajak November 2025,,"1.500.000,00",MAT,,,,,
,25/12/2025,ok,CV Pratama Multi Konsulting,EXP.2025.12.00166,,Jasa Konsultan Pajak Desember 2025,,"1.500.000,00",MAT,,,,,
,02/02/2026,ok,Ubi Cilembu Pak Cecep,PI.2026.02.00007,,Ubi Cilembu - LPZ BSD,,"300.000,00",MAT,,,,,
,27/01/2026,ok,Ubi Cilembu Pak Cecep,PI.2026.01.00193,,Ubi Cilembu - SMB,,"90.000,00",MAT,,,,,
,29/01/2026,ok,Ubi Cilembu Pak Cecep,PI.2026.01.00194,,Ubi Cilembu - LPZ,,"175.000,00",MAT,,,,,
,04/02/2026,ok,Ubi Cilembu Pak Cecep,PI.2026.02.00022,,Ubi Cilembu - SMB,,"125.000,00",MAT,,,,,
,02/02/2026,ok,Tirta Budi,PI.2026.02.00008,,pemenuhan bar SMB,,"553.000,00",MAT,,,,,
,31/01/2026,ok,Tirta Budi,PI.2026.01.00184,,"Amidis, Le MInerale HO",,"231.000,00",MAT,,,,,
,29/01/2026,ok,Suket Teki Super Store,PI.2026.01.00181,,"Indofood, dll",,"2.061.000,00",MAT,,,,,
,02/02/2026,ok,Suket Teki Super Store,PI.2026.02.00006,,"Ajinomoto, dll",,"1.157.000,00",MAT,,,,,
,04/02/2026,ok,Cavalese,PI.2026.02.00016,,Cheesecake SMB,,"400.000,00",MAT,,,,,
,26/01/2026,ok,Cavalese,PI.2026.01.00182,,Cheesecake LPZ,,"400.000,00",MAT,,,,,
,13/01/2026,ok,Rumah Sayur,PI.2026.01.00174,,"Sunkist, Jeruk Nipis",,"12.875,00",MAT,,,,,
,30/01/2026,ok,Rumah Sayur,PI.2026.02.00005,,Jeruk Peras Pontianak,,"50.501,50",MAT,,,,,
,31/01/2026,ok,Rumah Sayur,PI.2026.01.00190,,"Sunkist, dll",,"799.150,00",MAT,,,,,
,27/01/2026,ok,Rumah Sayur,PI.2026.01.00189,,"Sunkist, Strawberry",,"45.293,00",MAT,,,,,
,27/01/2026,ok,Rumah Sayur,PI.2026.01.00188,,"Petersely, dll",,"353.850,00",MAT,,,,,
,30/01/2026,ok,Rumah Sayur,PI.2026.01.00187,,Strawberry ,,"183.340,00",MAT,,,,,
,30/01/2026,ok,Rumah Sayur,PI.2026.01.00186,,Kitchen - LPZ,,"850.874,00",MAT,,,,,
,02/02/2026,ok,Rezeki Makmur,PI.2026.02.00002,,Plastik Bungkus Cuttlery,,"2.250.000,00",MAT,,,,,
,02/02/2026,ok,Rezeki Makmur,PI.2026.02.00003,,Plastik Sampah Hitam,,"1.020.000,00",MAT,,,,,
,02/02/2026,ok,Rezeki Makmur,PI.2026.02.00004,,Straw biasa,,"600.000,00",MAT,,,,,
,20/01/2026,ok,Pak Tumin,PI.2026.01.00176,,Rebung,,"105.000,00",MAT,,,,,
,13/01/2026,ok,Pak Tumin,PI.2026.01.00177,LPZ,Strawberry - Bar LPZ,,"150.000,00",MAT,,,,,
,02/01/2026,ok,Pak Tumin,PI.2026.01.00175,,Buah - Bar  LPZ,,"160.000,00",MAT,,,,,
,23/01/2026,ok,Lancar Sukses,EXP.2026.01.00124,,Cetakan SMB,,"220.000,00",MAT,,,,,
,29/01/2026,ok,Lancar Sukses,EXP.2026.01.00126,,Cetakan Academy,,"675.000,00",MAT,,,,,
,30/01/2026,ok,J-Pack Food Packaging,PI.2026.01.00173,,Box Take Away Kitchen,,"412.500,00",MAT,,,,,
,31/01/2026,ok,Toko Mumtaz,PI.2026.01.00196,,"Cassava, Timus",,"1.182.000,00",MAT,,,,,
,27/01/2026,ok,Anugerah Karya Utama,PI.2026.01.00197,,Boneless Dada Paha,,"2.132.000,00",MAT,,,,,
,04/02/2026,ok,Mustika Buana Kumala,PI.2026.02.00011,,ATK,,"1.033.200,00",MAT,,,,,
,04/02/2026,ok,Sun Rise Paper Roll,PI.2026.02.00018,,Thermal Paper,,"1.220.000,00",MAT,,,,,
,04/02/2026,ok,Apronesia,PI.2026.02.00017,,Apron,,"965.000,00",MAT,,,,,
,31/01/2026,ok,Adam Supplier,PI.2026.01.00203,,Kecap Asin Angsa,,"504.000,00",MAT,,,,,
,29/01/2026,ok,Cendol Hijau Daun Suji,PI.2026.01.00204,,Cendol + Adm bank,,"30.000,00",TF - BRI,,,,,
,03/02/2026,ok,Natasha (Beras),PI.2026.02.00010,,Beras,,"750.000,00",MAT,,,,,
,29/01/2026,ok,Telur88,PI.2026.01.00192,,Telur,,"280.000,00",MAT,,,,,
,28/01/2026,ok,Eleanora Marlene Shop Galon dan Gas,PI.2026.01.00195,,Sparkling Water,,"1.272.000,00",MAT,,,,,
,04/02/2026,ok,Warung Kelapa Muda Kiti,PI.2026.02.00012,,Kelapa Muda,,"200.000,00",MAT,,,,,
,04/02/2026,ok,Toko Sinar Mas,PI.2026.02.00027,,"Keju, Garam, Tepung Tapioka",,"1.238.000,00",MAT,,,,,
,05/02/2026,ok,Fresh Fruits,PI.2026.02.00026,,Mangga Harum Manis Frozen,,"1.180.000,00",MAT,,,,,
,,,,,,,,,,,,,,
,,,09/02/2026,,,,,,,,,,,
,09/02/2026,,Pindah Dana,BT.2026.02.00003,,Pindah Dana 1688 - 888,,"80.000.000,00",,,,,,
,03/02/2026,,PT Makmur Orient Jaya,JV.2026.02.00295,,Rental Deposit 2F - IC 208,,"7.920.000,00",VA,,,,,
,07/02/2026,,BPJSTK,EXP.2026.02.00042,,BPJSTK Januari 2026,,"1.036.666,00",TAGIHAN,,,,,
,09/02/2026,,Pajak Unifikasi Januari 2026,EXP.2026.02.00041,,Pajak Unifikasi Januari 2026,,"10.538.151,00",TAGIHAN,,,,,
,09/02/2026,,Bapenda Jakarta,PI.2026.02.00030,,Pajak PB1 Jakarta - Januari 2026 + Adm Bank,,"57.634.938,00",TAGIHAN,,,,,
,09/02/2026,,Bapenda Tangerang,PI.2026.02.00033,,Pajak PB1 Tangerang - Januari 2026 + Adm Bank,,"2.033.118,00",TF - BJB,,,,,
,09/02/2026,,Warung Kelapa Muda Kiti,PI.2026.02.00031,,Kelapa Muda,,"300.000,00",TF - BJB,,,,,
,06/02/2026,,Selena,EXP.2026.02.00039,,Service Motor Pak Joni,,"262.000,00",TF,,,,,
,06/02/2026,,Chris,EXP.2026.02.00036,,Lalamove BSD dan tollnya,,"220.886,00",TF,,,,,
,09/02/2026,,Chris,PI.2026.02.00032,,Coffee Card,,"169.009,00",TF,,,,,
,09/02/2026,,Chris,PI.2026.02.00081,,Pembelian whip cream titan + lalamove,,"575.322,00",TF,,,,,
,,,12/02/2026,,,,,,,,,,,
,12/02/2026,,Pindah Dana,BT.2026.02.00004,,Pindah Dana 817-888,,"100.000.000,00",TF,,,,,
,12/02/2026,,Pindah Dana,BT.2026.02.00005,,Pindah Dana 688-888,,"100.000.000,00",TF,,,,,
,02/02/2026,ok,Iwan Junianto,EXP.2026.02.00038,,IPL Hibrida Februari 2026,,"500.002,00",MAT,,,,,
,10/02/2026,ok,Julita Nanay Humbas (5211589036),JV.2026.02.00486,,Refund Customer Double Payment QRIS,,"391.545,00",TF,,,,,
,05/02/2026,ok,Angela cipta,EXP.2026.02.00049,,Perjalanan ke bekasi bersama rinda meeting bertemu bu Evani,,"208.000,00",MAT,,,,,
,06/02/2026,ok,Angela cipta,EXP.2026.02.00050,,Ke bekasi bersama riska dan rinda untuk meeting SPV,,"151.500,00",MAT,,,,,
,07/02/2026,ok,Angela Cipta,EXP.2026.02.00051,,Dinas ke semarang,,"41.500,00",MAT,,,,,
,10/02/2026,ok,Chris,EXP.2026.02.00052,,Bensin mobil grandmax,,"430.940,00",MAT,,,,,
,11/02/2026,ok,Chris,EXP.2026.02.00053,,Top Up token listrik Hibrida,,"101.500,00",MAT,,,,,
,11/02/2026,ok,Chris,EXP.2026.02.00054,,Kiriman BSD dan SMS,,"28.000,00",MAT,,,,,
,11/02/2026,ok,Michelle ,EXP.2026.02.00055,,Untuk print sertifikat student academy,,"54.079,00",MAT,,,,,
,09/02/2026,ok,PT Makmur Orient Jaya,EXP.2026.02.00057,,Center Promotion Periode 04 Februari 2026 - 03 Februari 2027,,"12.286.953,00",VA,,,,,
,06/02/2026,ok,PT Berkah Surya Bersinar,PI.2026.02.00055,,"Syrup Lychee, Black Forest 5kg",,"16.759.000,00",MAT,,,,,
,04/02/2026,ok,PT Berkah Surya Bersinar,PI.2026.02.00056,,"Black Forest, Drip Bag, dll",,"25.305.000,00",MAT,,,,,
,09/02/2026,ok,PT Berkah Surya Bersinar,PI.2026.02.00076,,"Aroma of Heaven, dll",,"43.779.000,00",MAT,,,,,
,09/02/2026,ok,PT Berkah Surya Bersinar,PI.2026.02.00078,,Sirup Lychee,,"1.214.000,00",MAT,,,,,
,20/01/2026,ok,PT Greenfields Indonesia,PI.2026.01.00230,BSD,Freshmilk - BSD,,"947.472,00",MAT,,,,,
,27/01/2026,ok,PT Greenfields Indonesia,PI.2026.01.00229,BSD,Freshmilk - BSD,,"236.868,00",MAT,,,,,
,23/01/2026,ok,PT Greenfields Indonesia,PI.2026.01.00228,SMS,Freshmilk - SMS,,"236.868,00",MAT,,,,,
,23/01/2026,ok,PT Greenfields Indonesia,PI.2026.01.00227,BSD,Freshmilk - BSD,,"473.736,00",MAT,,,,,
,27/01/2026,ok,PT Greenfields Indonesia,PI.2026.01.00226,,Yogurt,,"228.571,00",MAT,,,,,
,28/01/2026,ok,PT Agro Tritunggal Mandiri,PI.2026.01.00222,BSD,Strawberry - BSD,,"77.000,00",MAT,,,,,
,27/01/2026,ok,PT Agro Tritunggal Mandiri,PI.2026.01.00221,BSD,Sayuran - BSD,,"570.566,00",MAT,,,,,
,27/01/2026,ok,PT Agro Tritunggal Mandiri,PI.2026.01.00223,,Rebung,,"210.000,00",MAT,,,,,
,07/02/2026,ok,PT Agro Tritunggal Mandiri,PI.2026.02.00034,,Rebung,,"420.000,00",MAT,,,,,
,03/02/2026,ok,PT Agro Tritunggal Mandiri,PI.2026.02.00036,,"Jeruk Nipis, Strawberry Buah - Bar BSD",,"16.750,00",MAT,,,,,
,30/01/2026,ok,PT Agro Tritunggal Mandiri,PI.2026.01.00220,,Rebung,,"178.500,00",MAT,,,,,
,28/01/2026,ok,PT Agro Tritunggal Mandiri,PI.2026.01.00224,,"Alpukat Fresh, Strawberry - BSD",,"50.500,00",MAT,,,,,
,31/01/2026,ok,PT Agro Tritunggal Mandiri,PI.2026.01.00219,,"Tempe, Alpukat - BSD",,"57.250,00",MAT,,,,,
,03/02/2026,ok,PT Agro Tritunggal Mandiri,PI.2026.02.00035,,Sayuran Kitchen BSD,,"315.561,00",MAT,,,,,
,30/01/2026,ok,PT Agro Tritunggal Mandiri,PI.2026.01.00225,,Sayuran Kitchen BSD,,"620.037,00",MAT,,,,,
,30/01/2026,ok,PT Asher Berkat Abadi,PI.2026.01.00231,,Aqua Galon MKG,,"126.000,00",MAT,,,,,
,02/02/2026,ok,PT Asher Berkat Abadi,PI.2026.02.00065,,Aqua Galon MKG,,"147.000,00",MAT,,,,,
,29/01/2026,ok,PT Sukanda Djaya,PI.2026.01.00232,,French Fries,,"1.450.000,00",MAT,,,,,
,02/02/2026,ok,PT Sukanda Djaya,PI.2026.02.00070,,Freshmilk Diamond - BSD,,"420.000,00",MAT,,,,,
,30/01/2026,ok,PT Sukanda Djaya,PI.2026.01.00234,,UHT Full Cream Diamond,,"4.202.200,00",MAT,,,,,
,30/01/2026,ok,PT Sukanda Djaya,PI.2026.01.00233,,Palm Sugar Sachet Stick,,"666.000,00",MAT,,,,,
,02/02/2026,ok,PT Sukanda Djaya,PI.2026.02.00069,,UHT Full Cream Diamond,,"840.000,00",MAT,,,,,
,28/01/2026,ok,PT ABC Kogen Dairy,PI.2026.01.00239,,KIN - LPZ,,"463.200,00",MAT,,,,,
,30/01/2026,ok,PT ABC Kogen Dairy,PI.2026.01.00240,,KIN - BSD,,"463.200,00",MAT,,,,,
,30/01/2026,ok,PT ABC Kogen Dairy,PI.2026.01.00238,,KIN - LPZ,,"1.389.600,00",MAT,,,,,
,04/02/2026,ok,PT Anak Mas Indah,PI.2026.02.00071,,Minyak Sovia,,"3.552.000,00",MAT,,,,,
,31/01/2026,ok,PT Cahaya Inti Putra Sejahtera,PI.2026.01.00236,,Chilli Sauce Drigen,,"1.212.879,00",MAT,,,,,
,27/01/2026,ok,PT Delisari Nusantara,PI.2026.01.00235,,Mix Vegetable,,"372.000,00",VA,,,,,
,03/02/2026,ok,PT Delisari Nusantara,PI.2026.02.00077,,Cooking Cream,,"1.692.000,00",VA,,,,,
,09/02/2026,ok,PT Restomart Cipta Usaha,EXP.2026.02.00048,,Perbaikan Kipas Chiller Nayati,,"880.230,00",TF,,,,,
,10/02/2026,ok,PT Global Proteksi Nusantara,PI.2026.02.00082,,DP 50% Alat Pemadan Kebakaran,,"18.483.000,00",TF,,,,,
,09/02/2026,ok,CV Panen Raya Indonesia,PI.2026.02.00073,,Frozen Food,,"3.154.110,00",MAT,,,,,
,09/02/2026,ok,CV Panen Raya Indonesia,PI.2026.02.00072,,Frozen Cake,,"1.178.510,00",MAT,,,,,
,24/01/2026,ok,CV Panen Raya Indonesia,PI.2026.01.00237,,Apron Merchandise,,"2.120.000,00",MAT,,,,,
,06/02/2026,ok,CV Asaku,PI.2026.02.00064,,"Tissue Livi EVO, Livi ECO",,"1.926.098,00",MAT,,,,,
,03/02/2026,ok,Rumah Sayur,PI.2026.02.00054,,Strawberry LPZ,,"183.340,00",MAT,,,,,
,05/02/2026,ok,Rumah Sayur,PI.2026.02.00053,,"Sereh, Buah Bar SMB",,"306.441,68",MAT,,,,,
,02/02/2026,ok,Rumah Sayur,PI.2026.02.00052,,"Sereh, Buah Bar SMB",,"192.005,00",MAT,,,,,
,06/02/2026,ok,Rumah Sayur,PI.2026.02.00051,,Sayuran - LPZ,,"744.775,00",MAT,,,,,
,06/02/2026,ok,Rumah Sayur,PI.2026.02.00050,,"Jeruk Nipis, Buah Bar LPZ",,"203.625,00",MAT,,,,,
,06/02/2026,ok,Rumah Sayur,PI.2026.02.00049,,"Sereh, Lemon - BSD",,"22.094,50",MAT,,,,,
,06/02/2026,ok,Rumah Sayur,PI.2026.02.00048,,Sayuran Bar - BSD,,"414.196,00",MAT,,,,,
,03/02/2026,ok,Rumah Sayur,PI.2026.02.00047,,Sayuran Kitchen - LPZ,,"968.093,00",MAT,,,,,
,02/02/2026,ok,Rumah Sayur,PI.2026.02.00046,,Sayuran Kitchen - SMB,,"1.604.335,00",MAT,,,,,
,05/02/2026,ok,Rumah Sayur,PI.2026.02.00045,,Cakwe - SMB,,"55.000,00",MAT,,,,,
,05/02/2026,ok,Rumah Sayur,PI.2026.02.00043,,Sayuran - SMB,,"808.550,00",MAT,,,,,
,03/02/2026,ok,Rumah Sayur,PI.2026.02.00042,,Sayuran - BSD,,"142.027,00",MAT,,,,,
,05/02/2026,ok,Rumah Sayur,PI.2026.02.00044,,Kentang - SMB,,"132.000,00",MAT,,,,,
,10/02/2026,ok,Nirwana Lestari,PI.2026.02.00075,,Dark Chocolate Compound Tulip,,"1.589.076,00",MAT,,,,,
,10/02/2026,ok,Lokyo,PI.2026.02.00037,,DP 50% Cup Hot 8oz,,"27.182.413,27",VALAS,,,,,
,05/02/2026,ok,Anugerah Karya Utama,PI.2026.02.00063,,"Boneless Dada, Paha, dll",,"1.570.000,00",MAT,,,,,
,09/02/2026,ok,Adam Supplier,PI.2026.02.00074,,"Kecap Ikan, dll",,"1.758.000,00",MAT,,,,,
,09/02/2026,ok,Rezeki Makmur,PI.2026.02.00068,,"Plastik Cup TA, dll",,"652.000,00",MAT,,,,,
,07/02/2026,ok,Tirta Budi,PI.2026.02.00066,,"Amidis, Le Minerale",,"625.000,00",MAT,,,,,
,03/02/2026,ok,Cavalese,PI.2026.02.00041,,Cheesecake,,"800.000,00",MAT,,,,,
,10/02/2026,ok,Cavalese,PI.2026.02.00040,,Cheesecake - SMB,,"800.000,00",MAT,,,,,
,11/02/2026,ok,Cavalese,PI.2026.02.00079,,Cheesecake - SMB,,"800.000,00",MAT,,,,,
,03/02/2026,ok,Telur88,PI.2026.02.00062,,Telur88,,"410.000,00",MAT,,,,,
,05/02/2026,ok,Telur88,PI.2026.02.00061,,Telur88,,"354.000,00",MAT,,,,,
,07/02/2026,ok,Natasha (Beras),PI.2026.02.00060,,Beras,,"750.000,00",MAT,,,,,
,09/02/2026,ok,Ubi Cilembu Pak Cecep,PI.2026.02.00038,,Ubi Cilembu,,"370.000,00",MAT,,,,,
,05/02/2026,ok,Ubi Cilembu Pak Cecep,PI.2026.02.00039,,Ubi Cilembu,,"262.500,00",MAT,,,,,
,10/02/2026,ok,Ubi Cilembu Pak Cecep,PI.2026.02.00067,,Ubi Cilembu,,"195.000,00",MAT,,,,,
,09/02/2026,ok,Cendol Hijau Daun Suji,PI.2026.02.00058,,Cendol + Adm Bank,,"32.500,00",TF - BRI,,,,,
,10/02/2026,ok,Cendol Hijau Daun Suji,PI.2026.02.00057,,Cendol + Adm Bank,,"32.500,00",TF - BRI,,,,,
,11/02/2026,ok,Toko Sinar Mas,PI.2026.02.00059,,"Susu Carnation, Santan Kara",,"1.173.000,00",MAT,,,,,
,11/02/2026,ok,Kelapa Muda Minan,PI.2026.02.00080,,Kelapa Muda,,"172.500,00",TF - MANDIRI,,,,,
,12/02/2026,ok,Lancar Sukses,EXP.2026.02.00056,,Cetak brosur dan cetak sticker merchandise strada academy,,"945.000,00",MAT,,,,,
,,,19 Februari 2026,,,,,,,,,,,
,19/02/2026,,Pindah Dana,BT.2026.02.00006,,Pindah Dana 817-888 Otor 19.02.2026,,"156.000.000,00",,,,,,
,19/02/2026,,Pindah Dana,BT.2026.02.00007,,Pindah Dana 1688-888 Otor 19.02.2026,,"60.000.000,00",,,,,,
,12/02/2026,ok,Aaron Jeconiah Hanson,EXP.2026.02.00062,,ke SMB untuk interview dan ttd perpanjangan kontrak Yugo,,"50.000,00",MAT,,,,,
,13/02/2026,ok,Bu Cipta,EXP.2026.02.00063,,Perjalanan dinas Bu Cipta dan Bu Clara ke Jakarta,,"820.000,00",MAT,,,,,
,10/02/2026,ok,Bu Maya,EXP.2026.02.00066,,Dinas st. Gambir - Hibrida (Bu Maya),,"53.500,00",MAT,,,,,
,05/02/2026,ok,Bu Maya,EXP.2026.02.00067,,Dinas Tiket Kereta Semarang - Jakarta (Bu Maya),,"410.000,00",MAT,,,,,
,11/02/2026,ok,Bu Maya,EXP.2026.02.00068,,Dinas Hibrida - LPZ (Bu Maya),,"13.500,00",MAT,,,,,
,12/02/2026,ok,Bu Maya,EXP.2026.02.00069,,Dinas Hibrida - LPZ - SMB (Bu Maya),,"121.000,00",MAT,,,,,
,13/02/2026,ok,Bu Maya,EXP.2026.02.00070,,Dinas MKG - SMS - BSD (Bu Maya),,"121.500,00",MAT,,,,,
,14/02/2026,ok,Bu Maya,EXP.2026.02.00071,,Dinas Hibrida - LPZ (Bu Maya),,"13.000,00",MAT,,,,,
,15/02/2026,ok,Bu Maya,EXP.2026.02.00072,,Dinas Hibrida - LPZ - Summitmas - Sequis Tower (Bu Maya),,"155.000,00",MAT,,,,,
,16/02/2026,ok,Bu Maya,EXP.2026.02.00073,,Dinas Tiket Kereta Jakarta - Semarang (Bu Maya),,"410.000,00",MAT,,,,,
,16/02/2026,ok,Bu Maya,EXP.2026.02.00076,,Dinas Hibrida - LPZ - Upperwest - SMS - The Mansion Jasmine - The Royale Springhill (Bu Maya),,"110.000,00",MAT,,,,,
,17/02/2026,ok,Bu Maya,EXP.2026.02.00077,,Dinas Hibrida - LPZ (Bu Maya),,"19.000,00",MAT,,,,,
,18/02/2026,ok,Bu Maya,EXP.2026.02.00078,,Dinas Hibrida - LPZ - PT Fast Retailing Indonesia - St. Tj. Priok (Bu Maya),,"196.500,00",MAT,,,,,
,05/02/2026,ok,Upper West,EXP.2026.02.00065,,Air Periode 01/01/2026 - 20/01/2026 (Upper West BSD),,"798.000,00",VA,,,,,
,30/01/2026,ok,Upper West,EXP.2026.01.00137,,Air Periode Desember,,"611.000,00",VA,,,,,
,05/02/2026,ok,PT Bumi Megah Graha Utama,EXP.2026.02.00064,,Revenue Sharing Periode Januari 2026  (Upper West BSD),,"16.663.990,00",TF - BCA,,,,,
,04/02/2026,ok,PT Sanpota Batara Indonesia,PI.2026.01.00248,,Frosted Cup Ice,,"5.880.000,00",MAT,,,,,
,28/01/2026,ok,PT Sanpota Batara Indonesia,PI.2026.02.00116,,Frosted Cup Ice,,"5.880.000,00",MAT,,,,,
,06/02/2026,ok,PT Masuya Graha Trikencana,PI.2026.02.00084,,Freshmilk KIN - LPZ,,"1.848.000,00",MAT,,,,,
,07/02/2026,ok,PT Masuya Graha Trikencana,PI.2026.02.00086,,Freshmilk KIN - SMB,,"1.584.000,00",MAT,,,,,
,06/02/2026,ok,PT Masuya Graha Trikencana,PI.2026.02.00083,,Freshmilk KIN - BSD,,"792.000,00",MAT,,,,,
,10/02/2026,ok,PT Berkah Surya Bersinar,PI.2026.02.00097,,Gula Aren Cair,,"3.070.000,00",MAT,,,,,
,14/02/2026,ok,PT Berkah Surya Bersinar,PI.2026.02.00115,,"Black Forest, dll",,"28.166.000,00",MAT,,,,,
,14/02/2026,ok,PT Berkah Surya Bersinar,PI.2026.02.00117,,"Coklat, Matcha Strada",,"9.670.000,00",MAT,,,,,
,12/02/2026,ok,PT Kreasi Cipta Megatama,PI.2026.02.00085,,"Pembersih Kaca, Sabun Cuci Piring",,"715.000,00",MAT,,,,,
,11/02/2026,ok,PT Artemis Adhi Tirta,PI.2026.02.00098,,Spiva Bottle Water,,"4.495.500,00",MAT,,,,,
,13/02/2026,ok,PT Agro Tritunggal Mandiri,PI.2026.02.00133,,Rebung,,"420.000,00",MAT,,,,,
,13/02/2026,ok,PT Agro Tritunggal Mandiri,PI.2026.02.00131,,"Timun, Pisang Sunpride",,"19.325,00",MAT,,,,,
,13/02/2026,ok,PT Agro Tritunggal Mandiri,PI.2026.02.00132,,"Jeruk Sunkist, Daun Sereh",,"10.625,00",MAT,,,,,
,13/02/2026,ok,PT Agro Tritunggal Mandiri,PI.2026.02.00130,,Sayuran - Kitchen BSD,,"343.463,00",MAT,,,,,
,10/02/2026,ok,PT Rumah Sayur Nusantara,PI.2026.02.00141,,Sayuran - Kitchen BSD,,"58.110,50",MAT,,,,,
,10/02/2026,ok,PT Rumah Sayur Nusantara,PI.2026.02.00140,,Strawberry Bar BSD,,"99.000,00",MAT,,,,,
,10/02/2026,ok,PT Rumah Sayur Nusantara,PI.2026.02.00142,,Sayuran - Kitchen BSD,,"544.978,50",MAT,,,,,
,10/02/2026,ok,PT Rumah Sayur Nusantara,PI.2026.02.00143,,Sayuran - Kitchen SMB,,"790.200,00",MAT,,,,,
,15/02/2026,ok,PT Rumah Sayur Nusantara,PI.2026.02.00144,,Sayuran - Kitchen LPZ,,"591.412,00",MAT,,,,,
,15/02/2026,ok,PT Rumah Sayur Nusantara,PI.2026.02.00145,,Buah - Bar LPZ,,"169.678,84",MAT,,,,,
,13/02/2026,ok,PT Rumah Sayur Nusantara,PI.2026.02.00146,,Buah - Bar LPZ,,"189.886,50",MAT,,,,,
,13/02/2026,ok,PT Rumah Sayur Nusantara,PI.2026.02.00147,,Sayuran - Kitchen LPZ,,"614.281,50",MAT,,,,,
,09/02/2026,ok,PT Rumah Sayur Nusantara,PI.2026.02.00150,,Buah - Produksi HO,,"820.852,50",MAT,,,,,
,10/02/2026,ok,PT Rumah Sayur Nusantara,PI.2026.02.00148,,Sayuran - Kitchen LPZ,,"640.979,00",MAT,,,,,
,10/02/2026,ok,PT Rumah Sayur Nusantara,PI.2026.02.00149,,Buah - Bar LPZ,,"22.130,00",MAT,,,,,
,12/02/2026,ok,PT Rumah Sayur Nusantara,PI.2026.02.00157,,Sayuran - Kitchen SMB,,"1.291.275,80",MAT,,,,,
,12/02/2026,ok,PT Rumah Sayur Nusantara,PI.2026.02.00156,,Buah - Bar SMB,,"107.625,00",MAT,,,,,
,11/02/2026,ok,PT Anak Mas Indah,PI.2026.02.00134,,Margarin Blueband,,"1.254.744,00",MAT,,,,,
,13/02/2026,ok,PT Bumi Sentosa Makmur,PI.2026.02.00099,,"Giffard Caramel, Hazelnut",,"3.732.000,00",MAT,,,,,
,28/01/2026,ok,PT Greenfileds Indonesia,PI.2026.01.00244,,Freshmilk - SMS,,"236.868,00",MAT,,,,,
,28/01/2026,ok,PT Greenfileds Indonesia,PI.2026.02.00100,,Freshmilk - SMS,,"236.868,00",MAT,,,,,
,28/01/2026,ok,PT Greenfileds Indonesia,PI.2026.01.00243,,Freshmilk - BSD,,"236.868,00",MAT,,,,,
,28/01/2026,ok,PT Greenfileds Indonesia,PI.2026.01.00242,,Freshmilk - BSD,,"236.868,00",MAT,,,,,
,02/02/2026,ok,PT Greenfileds Indonesia,PI.2026.01.00241,,Freshmilk - BSD,,"236.868,00",MAT,,,,,
,31/01/2026,ok,PT Greenfileds Indonesia,PI.2026.01.00247,,Freshmilk - LPZ MKG,,"236.868,00",MAT,,,,,
,28/01/2026,ok,PT Greenfileds Indonesia,PI.2026.01.00246,,Freshmilk - LPZ MKG,,"473.736,00",MAT,,,,,
,16/02/2026,ok,PT Karunia Sukses Gemilang,PI.2026.02.00135,,"Jamur Kancing, Lychee Kaleng",,"992.446,00",MAT,,,,,
,14/12/2026,ok,PT Mulia Raya Agrijaya,PI.2026.02.00113,,Mix Vegetable,,"1.199.998,00",MAT,,,,,
,14/12/2026,ok,PT Mulia Raya Agrijaya,PI.2026.02.00114,,Anchor Keju Slice Orange,,"583.549,00",MAT,,,,,
,05/02/2026,ok,PT Sukanda Djaya,PI.2026.02.00109,,Freshmilk Diamond,,"420.000,00",MAT,,,,,
,09/02/2026,ok,PT Sukanda Djaya,PI.2026.02.00110,,Freshmilk Diamond,,"420.000,00",MAT,,,,,
,11/02/2026,ok,PT Sukanda Djaya,PI.2026.02.00111,,Ice Cream Vanilla,,"346.320,00",MAT,,,,,
,07/02/2026,ok,PT Sukanda Djaya,PI.2026.02.00118,,UHT Full Cream Diamond,,"4.202.200,00",MAT,,,,,
,05/02/2026,ok,PT Sukanda Djaya,PI.2026.02.00112,,Oatmilk,,"1.118.880,00",MAT,,,,,
,14/02/2026,ok,PT Suket Teki Groceries,PI.2026.02.00119,,"Gula Merah, Gula Pasir",,"1.692.000,00",MAT,,,,,
,11/02/2026,ok,PT Suket Teki Groceries,PI.2026.02.00087,,"Cuka, dll",,"2.458.000,00",MAT,,,,,
,14/02/2026,ok,CV Panen Raya Indonesia,PI.2026.02.00101,,Frozen Food,,"7.558.660,00",MAT,,,,,
,14/02/2026,ok,CV Panen Raya Indonesia,PI.2026.02.00125,,Rof,,"470.000,00",MAT,,,,,
,16/02/2026,ok,CV Panen Raya Indonesia,PI.2026.02.00126,,Frozen food,,"3.966.250,00",MAT,,,,,
,16/02/2026,ok,CV Panen Raya Indonesia,PI.2026.02.00127,,Bumbu Base Genep,,"700.000,00",MAT,,,,,
,16/02/2026,ok,CV Panen Raya Indonesia,PI.2026.02.00128,,Frozen Cake,,"1.833.701,20",MAT,,,,,
,14/02/2026,ok,CV Panen Raya Indonesia,PI.2026.02.00129,,Frozen Cake,,"2.405.191,20",MAT,,,,,
,18/02/2026,ok,CV Asaku,PI.2026.02.00136,,Tissue Livi Eco,,"1.225.549,00",MAT,,,,,
,20/01/2026,ok,Solusi Arya Prima,PI.2026.01.00256,,Pengadaan SMB,,"58.048.625,00",TF - BCA,,,,,
,10/02/2026,ok,Anugerah Karya Utama,PI.2026.02.00139,,"Dada, Paha Fillet",,"3.199.400,00",MAT,,,,,
,12/02/2026,ok,Adam Supplier,PI.2026.02.00102,,"Black Olive Figaro, dll",,"2.460.000,00",MAT,,,,,
,24/01/2026,ok,Adam Supplier,PI.2026.01.00245,,"Santan Kara, dll",,"562.500,00",MAT,,,,,
,16/02/2026,ok,Adam Supplier,PI.2026.02.00107,,Soda Kue Koepoe-Koepoe,,"14.000,00",MAT,,,,,
,16/02/2026,ok,Adam Supplier,PI.2026.02.00108,,Ultra Sari Asam,,"1.052.000,00",MAT,,,,,
,12/02/2026,ok,Rezeki Makmur,PI.2026.02.00103,,"Plastik Sampah, Tusuk Sate",,"3.960.000,00",MAT,,,,,
,12/02/2026,ok,Toko Mumtaz,PI.2026.02.00104,,"Casava, Timus",,"1.064.000,00",MAT,,,,,
,15/02/2026,ok,Toko Mumtaz,PI.2026.02.00120,,Casava,,"1.400.000,00",MAT,,,,,
,14/02/2026,ok,Putra Mandiri Utama,PI.2026.02.00105,,Nurse Cap,,"360.000,00",MAT,,,,,
,13/02/2026,ok,Cavalese,PI.2026.02.00089,,Cheesecake,,"400.000,00",MAT,,,,,
,13/02/2026,ok,Cavalese,PI.2026.02.00088,,Cheesecake,,"800.000,00",MAT,,,,,
,12/02/2026,ok,Mustika Buana Kumala,PI.2026.02.00090,,ATK,,"3.196.000,00",MAT,,,,,
,13/02/2026,ok,Kelapa Muda Minan,PI.2026.02.00091,,Kelapa Muda + Adm Bank,,"282.500,00",TF MANDIRI,,,,,
,16/02/2026,ok,Kelapa Muda Minan,PI.2026.02.00121,,Kelapa Muda + Adm Bank,,"302.500,00",TF MANDIRI,,,,,
,18/02/2026,ok,Kelapa Muda Minan,PI.2026.02.00137,,Kelapa Muda + Adm Bank,,"142.500,00",TF MANDIRI,,,,,
,11/02/2026,ok,J-Pack Food Packaging,PI.2026.02.00092,,Paper Lunch Box Kraft,,"412.500,00",MAT,,,,,
,14/02/2026,ok,Natasha (Beras),PI.2026.02.00093,,Beras,,"750.000,00",MAT,,,,,
,09/02/2026,ok,Telur88,PI.2026.02.00094,,Telur88,,"370.000,00",MAT,,,,,
,12/02/2026,ok,Telur88,PI.2026.02.00095,,Telur88,,"305.000,00",MAT,,,,,
,10/02/2026,ok,Pelita Abadi,PI.2026.02.00155,,Telur - BSD,,"147.500,00",MAT,,,,,
,30/01/2026,ok,Pelita Abadi,PI.2026.01.00255,,Telur - SMB,,"560.000,00",MAT,,,,,
,04/02/2026,ok,Pelita Abadi,PI.2026.02.00154,,Telur - SMB,,"399.000,00",MAT,,,,,
,11/02/2026,ok,Pelita Abadi,PI.2026.02.00153,,Telur - SMB,,"295.000,00",MAT,,,,,
,13/01/2026,ok,Pelita Abadi,PI.2026.01.00254,,Telur - BSD,,"145.000,00",MAT,,,,,
,15/01/2026,ok,Pelita Abadi,PI.2026.01.00253,,Telur - BSD,,"145.000,00",MAT,,,,,
,20/01/2026,ok,Pelita Abadi,PI.2026.01.00252,,Telur - BSD,,"285.000,00",MAT,,,,,
,24/01/2026,ok,Pelita Abadi,PI.2026.01.00251,,Telur - BSD,,"142.500,00",MAT,,,,,
,27/01/2026,ok,Pelita Abadi,PI.2026.01.00250,,Telur - BSD,,"140.000,00",MAT,,,,,
,31/01/2026,ok,Pelita Abadi,PI.2026.01.00249,,Telur - BSD,,"280.000,00",MAT,,,,,
,05/02/2026,ok,Pelita Abadi,PI.2026.02.00152,,Telur - BSD,,"142.500,00",MAT,,,,,
,07/02/2026,ok,Pelita Abadi,PI.2026.02.00151,,Telur - BSD,,"285.000,00",MAT,,,,,
,13/02/2026,ok,Niko Questera,PI.2026.02.00122,,Group Heaad Cleaning,,"850.000,00",MAT,,,,,
,14/02/2026,ok,Pak Tumin,PI.2026.02.00096,,Daging Sandung Lamur,,"1.350.000,00",MAT,,,,,
,18/02/2026,ok,Selvy Mutiara Botol,PI.2026.02.00138,,Botol Kaca,,"2.000.000,00",MAT,,,,,
,12/02/2026,ok,Ubi Cilembu Pak Cecep,PI.2026.02.00106,,Ubi Cilembu,,"90.000,00",MAT,,,,,
,16/02/2026,ok,Ubi Cilembu Pak Cecep,PI.2026.02.00124,,Ubi Cilembu,,"70.000,00",MAT,,,,,
,14/02/2026,ok,Ubi Cilembu Pak Cecep,PI.2026.02.00123,,Ubi Cilembu,,"317.500,00",MAT,,,,,
,,,,,,,,,,,,,,
,,,26 Februari 2026,,,,,,,,,,,
,26/02/2026,,Pindah Dana,BT.2026.02.00008,,Pindah Dana Otor 8168 - 888,,"110.000.000,00",,,,,,
,26/02/2026,,Pindah Dana,BT.2026.02.00009,,Pindah Dana Otor 999 - 888,,"100.000.000,00",,,,,,
,05/02/2026,ok,Kak Cheilla,EXP.2026.02.00117,,RAB Cheilla Event JKTGO,,"1.064.915,00",TF,,,,,
,24/02/2026,ok,Bu Maya,EXP.2026.02.00118,,RAB Bu Maya,,"700.000,00",MAT,,,,,
,11/02/2026,ok,Bu Maya,EXP.2026.02.00106,,Survey Cafe - Huisman,,"143.260,00",MAT,,,,,
,15/02/2026,ok,Bu Maya,EXP.2026.02.00107,,Survey Cafe - First Crack Coffee Sequis Tower,,"225.300,00",MAT,,,,,
,18/02/2026,ok,Bu Maya,EXP.2026.02.00108,,Survey Cafe - Srasi Coffee & Eatery - SQ,,"81.000,00",MAT,,,,,
,19/02/2026,ok,Bu Maya,EXP.2026.02.00110,,Dinas SMS - LPZ - Hibrida (Bu Maya),,"95.500,00",MAT,,,,,
,23/02/2026,ok,Bu Maya,EXP.2026.02.00111,,Dinas Hibrida - SMS - St Gambir (Bu Maya),,"259.500,00",MAT,,,,,
,20/02/2026,ok,Bu Maya,EXP.2026.02.00112,,Dinas LPZ - Hibrida (Bu Maya),,"29.000,00",MAT,,,,,
,21/02/2026,ok,Bu Maya,EXP.2026.02.00113,,Dinas LPZ - Hibrida (Bu Maya),,"19.000,00",MAT,,,,,
,22/02/2026,ok,Bu Maya,EXP.2026.02.00114,,pembelian kurma untuk foto taking,,"22.900,00",MAT,,,,,
,23/02/2026,ok,Angela cipta,EXP.2026.02.00115,,Dinas ke jakarta bersama clara,,"114.000,00",MAT,,,,,
,24/02/2026,ok,Angela cipta,EXP.2026.02.00116,,Ke lapiz interview ,,"25.500,00",MAT,,,,,
,26/02/2026,ok,Chris,PI.2026.02.00221,,Pembelian titan,,"863.242,00",MAT,,,,,
,24/02/2026,ok,Danis Yulianto Hadi,EXP.2026.02.00104,,Strada Graphic Design Monthly - February 2026,,"6.000.000,00",MAT,,,,,
,21/02/2026,ok,PT Summarecon Investment Property,EXP.2026.02.00097,,LP2026020077 - Rent 01 - 31 Jan 2026 (LPZ),,"26.207.066,00",VA,,,,,
,21/02/2026,ok,PT Summarecon Investment Property,EXP.2026.02.00098,,LP2026020078 - Add S. Charge 01 - 31 Jan 2026 (LPZ),,"2.028.888,00",VA,,,,,
,21/02/2026,ok,PT Summarecon Investment Property,EXP.2026.02.00099,,LP2026020079 - Rent 01 - 31 Jan 2026 (Academic),,"844.865,00",VA,,,,,
,21/02/2026,ok,PT Summarecon Investment Property,EXP.2026.02.00100,,LP2026020085 - Biaya ridgid 11 Feb 2026 (LPZ),,"454.500,00",VA,,,,,
,21/02/2026,ok,PT Summarecon Investment Property (MKG),EXP.2026.02.00101,,DM2026020690 - Add Rent 01 - 31 Jan 2026 (MKG),,"513.903,00",VA,,,,,
,29/01/2026,ok,PT Summarecon Investment Property (MKG),EXP.2026.02.00102,,DM2026010939 - Air ; 21.11.2025 - 20.12.2025 (MKG),,"59.940,00",VA,,,,,
,21/02/2026,ok,PT Lestari Mahadibya (SMS),EXP.2026.02.00103,,D22026020805 - Rent For 01 Jan - 31 Jan 2026 (SMS),,"823.322,00",VA,,,,,
,20/02/2026,ok,PT Mid Solusi Nusantara,EXP.2026.02.00096,,Talenta - Additional User period 11 Feb 2026 - 10 Apr 2026,,"1.110.000,00",MAT,,,,,
,24/02/2026,ok,PT Etos Suryanusa,EXP.2026.02.00105,,Jasa pengendalian hama serangga dan tikus bulan Januari 2026,,"837.184,68",TF - UOB,,,,,
,09/02/2026,ok,PT East Indo Fair Trading,PI.2026.02.00158,,Granola Chocolate + Adm Bank,,"736.432,00",TF - HSBC,,,,,
,18/02/2026,ok,PT Yaspis Inotek Anugrah,PI.2026.02.00159,,Susu Evaporasi Sunbay,,"2.500.000,00",MAT,,,,,
,09/02/2026,ok,PT Mahadaya Energi,PI.2026.02.00160,,Gas 50kg + Adm Bank,,"1.370.500,00",TF - Mandiri,,,,,
,09/02/2026,ok,PT Cahaya Inti Putra Sejahtera,PI.2026.02.00161,,"ABC Kecap, ABC Sambal, ABC Sambal Tomat",,"1.596.810,00",MAT,,,,,
,18/02/2026,ok,PT Asher Berkat Abadi,PI.2026.02.00162,,Aqua Galon MKG,,"147.000,00",MAT,,,,,
,20/02/2026,ok,PT Karunia Putranata Berhikmat,PI.2026.02.00163,,"Strawberry, Nanas,Nangka Frozen",,"552.000,00",MAT,,,,,
,24/12/2026,ok,PT Mukti Indo Utama,PI.2026.02.00218,,50% Cup Hot 4oz Strada + Adm Bank,,"668.500,00",TF - Danamon,,,,,
,26/01/2026,ok,PT Stanza Dava Prima,PI.2026.01.00257,,Alat Water Filter - SMB,,"9.837.019,00",MAT,,,,,
,20/02/2026,ok,PT Askara Lumos Teknologi,PI.2026.02.00220,,Pelunasan Lighting SMB,,"21.496.450,00",MAT,,,,,
,25/02/2026,ok,PT Santosa Utama Lestari,PI.2026.02.00189,,Beras Ayana,,"2.460.000,00",MAT,,,,,
,16/02/2026,ok,PT Anak Mas Indah,PI.2026.02.00165,,Sania Oil,,"6.999.993,00",MAT,,,,,
,16/02/2026,ok,PT Anak Mas Indah,PI.2026.02.00166,,Plastik Wrapping,,"1.599.998,00",MAT,,,,,
,16/02/2026,ok,PT Berkah Surya Bersinar,PI.2026.02.00164,,"Black Forest, dll",,"16.195.000,00",MAT,,,,,
,20/02/2026,ok,PT Berkah Surya Bersinar,PI.2026.02.00219,,"Brown Sugar, dll",,"12.930.000,00",MAT,,,,,
,05/02/2026,ok,PT Greenfields Indonesia,PI.2026.02.00167,,Freshmilk - SMS,,"455.520,00",MAT,,,,,
,10/02/2026,ok,PT Greenfields Indonesia,PI.2026.02.00168,,Freshmilk - SMB,,"1.658.076,00",MAT,,,,,
,10/02/2026,ok,PT Greenfields Indonesia,PI.2026.02.00169,,Freshmilk - SMB,,"1.658.076,00",MAT,,,,,
,12/02/2026,ok,PT Sukanda Djaya,PI.2026.02.00170,,Oat Milk,,"1.118.880,00",MAT,,,,,
,14/02/2026,ok,PT Sukanda Djaya,PI.2026.02.00171,,UHT Milk Full Cream,,"8.404.401,00",MAT,,,,,
,16/02/2026,ok,PT Sukanda Djaya,PI.2026.02.00172,,Diamond Freshmilk Plain,,"1.050.000,00",MAT,,,,,
,12/02/2026,ok,PT Sukanda Djaya,PI.2026.02.00173,,UHT Full Cream,,"4.202.200,00",MAT,,,,,
,10/02/2026,ok,PT Sukanda Djaya,PI.2026.02.00174,,Diamond Freshmilk Plain,,"1.050.000,00",MAT,,,,,
,11/02/2026,ok,PT Sukanda Djaya,PI.2026.02.00175,,Diamond Freshmilk Plain,,"1.890.000,00",MAT,,,,,
,20/02/2026,ok,PT Agro Tritunggal Mandiri,PI.2026.02.00176,,Apel Hijau,,"12.200,00",MAT,,,,,
,18/02/2026,ok,PT Agro Tritunggal Mandiri,PI.2026.02.00177,,Alpukat Mentega,,"19.750,00",MAT,,,,,
,20/02/2026,ok,PT Agro Tritunggal Mandiri,PI.2026.02.00178,,Rebung,,"399.000,00",MAT,,,,,
,17/02/2026,ok,PT Agro Tritunggal Mandiri,PI.2026.02.00179,,Sayuran - SMB,,"556.250,00",MAT,,,,,
,20/02/2026,ok,PT Agro Tritunggal Mandiri,PI.2026.02.00180,,Sayuran - BSD,,"464.575,00",MAT,,,,,
,20/02/2026,ok,PT Rumah Sayur Nusantara,PI.2026.02.00181,,Sayuran - LPZ,,"1.128.715,00",MAT,,,,,
,15/02/2026,ok,PT Rumah Sayur Nusantara,PI.2026.02.00182,,Sayuran - SMB,,"397.750,00",MAT,,,,,
,19/02/2026,ok,PT Rumah Sayur Nusantara,PI.2026.02.00183,,Strawberry Bar - SMB,,"374.000,00",MAT,,,,,
,19/02/2026,ok,PT Rumah Sayur Nusantara,PI.2026.02.00184,,Sayuran - SMB,,"662.880,00",MAT,,,,,
,22/02/2026,ok,PT Rumah Sayur Nusantara,PI.2026.02.00185,,Jeruk Nipis - SMB,,"4.000,00",MAT,,,,,
,22/02/2026,ok,PT Rumah Sayur Nusantara,PI.2026.02.00186,,Santan Kara,,"202.500,00",MAT,,,,,
,16/02/2026,ok,PT Rumah Sayur Nusantara,PI.2026.02.00187,,Buah - Produksi,,"894.618,00",MAT,,,,,
,22/02/2026,ok,PT Rumah Sayur Nusantara,PI.2026.02.00188,,Sayuran Kitchen - SMB,,"637.375,00",MAT,,,,,
,19/02/2026,ok,CV Panen Raya Indonesia,PI.2026.02.00190,,Frozen Food,,"13.763.090,00",MAT,,,,,
,19/02/2026,ok,CV Panen Raya Indonesia,PI.2026.02.00191,,Frozen Cake,,"2.031.236,20",MAT,,,,,
,23/02/2026,ok,CV Panen Raya Indonesia,PI.2026.02.00192,,"Frozen Food, Saus",,"790.800,00",MAT,,,,,
,23/02/2026,ok,CV Panen Raya Indonesia,PI.2026.02.00193,,Frozen Food,,"2.554.360,00",MAT,,,,,
,23/02/2026,ok,CV Panen Raya Indonesia,PI.2026.02.00194,,Frozen Cake,,"1.552.465,00",MAT,,,,,
,20/02/2026,ok,CV Panen Raya Indonesia,PI.2026.02.00195,,Box Hampers,,"1.233.000,00",MAT,,,,,
,24/02/2026,ok,CV Panen Raya Indonesia,JV.2026.02.01435,,Transfer ke Panen atas pembayaran Student Academy Semarang yang salah no rekening a.n KEE ABYANSYAH SITEPU,,"2.500.000,00",MAT,,,,,
,23/02/2026,ok,CV Asaku,PI.2026.02.00196,,Tissue,,"2.592.294,00",MAT,,,,,
,04/02/2026,ok,Indo Azur,PI.2026.02.00197,,Pelunasan Kursi SMB,,"9.000.000,00",MAT,,,,,
,24/02/2026,ok,Promo Printing,PI.2026.02.00198,,Stiker botol,,"900.000,00",MAT,,,,,
,23/02/2026,ok,Mustika Buana Kumala,PI.2026.02.00199,,ATK,,"1.771.200,00",MAT,,,,,
,18/02/2026,ok,Tirta Budi Depot Air,PI.2026.02.00201,,"Amidis, Le Minerale Galon",,"336.000,00",MAT,,,,,
,19/02/2026,ok,Armin Supplier Skippy,PI.2026.02.00200,,Skippy Creamy,,"660.000,00",MAT,,,,,
,19/02/2026,ok,Greengo Packaging Store,PI.2026.02.00202,,Lunch Box Bagasse,,"2.250.000,00",MAT,,,,,
,19/02/2026,ok,Toko Sinar Mas,PI.2026.02.00203,,"SKM, Nutrijel, Sambal bangkok",,"3.130.000,00",MAT,,,,,
,25/02/2026,ok,Liara Food,PI.2026.02.00222,,AUS Sirloin Tender,,"1.965.600,00",MAT,,,,,
,24/02/2026,ok,Suket Teki Super Store,PI.2026.02.00204,,"Spaghetti, dll",,"3.535.500,00",MAT,,,,,
,19/02/2026,ok,Anugerah Karya Utama,PI.2026.02.00205,,"Fillet Dada, Paha Ayam",,"2.340.000,00",MAT,,,,,
,14/02/2026,ok,Adam Supplier,PI.2026.02.00206,,Tepung Pisang Goreng,,"160.000,00",MAT,,,,,
,24/02/2026,ok,Adam Supplier,PI.2026.02.00207,,"Santan, dll",,"766.000,00",MAT,,,,,
,25/02/2026,ok,Adam Supplier,PI.2026.02.00208,,Santan kara,,"1.575.000,00",MAT,,,,,
,21/02/2026,ok,Ubi Cilembu Pak Cecep,PI.2026.02.00209,,Ubi Cilembu - SMB,,"125.000,00",MAT,,,,,
,19/02/2026,ok,Ubi Cilembu Pak Cecep,PI.2026.02.00210,,Ubi Cilembu - LPZ,,"195.000,00",MAT,,,,,
,24/02/2026,ok,Ubi Cilembu Pak Cecep,PI.2026.02.00211,,Ubi Cilembu - SMB,,"125.000,00",MAT,,,,,
,16/02/2026,ok,Cavalese,PI.2026.02.00212,,Cheesecake - SMB,,"1.600.000,00",MAT,,,,,
,19/02/2026,ok,Cavalese,PI.2026.02.00213,,Cheesecake - SMB,,"1.600.000,00",MAT,,,,,
,23/02/2026,ok,Kelapa Muda Minan,PI.2026.02.00214,,Kelapa Muda + Adm Bank,,"322.500,00",TF - MANDIRI,,,,,
,19/02/2026,ok,Kelapa Muda Minan,PI.2026.02.00215,,Kelapa Muda + Adm Bank,,"322.500,00",TF - MANDIRI,,,,,
,16/12/2026,ok,Telur88,PI.2026.02.00216,,Telur88,,"372.000,00",MAT,,,,,
,19/02/2026,ok,Telur88,PI.2026.02.00217,,Telur88,,"366.000,00",MAT,,,,,
,,,,,,,,,,,,,,
,,,27/02/2026,,,,,,,,,,,
,27/02/2026,,Pindah Dana 1688-888,,,Pindah Dana Payroll Februari 2026,,"324.415.073,00",,,,,,
,27/02/2026,,Pindah Dan 817-888,,,Pindah Dana CC Bu Evani Februari 2026,,"42.812.686,00",,,,,,
,,,,,,,,,,,,,,
,,,02/03/2026,,,,,,,,,,,
,02/03/2026,,Pindah Dana 8817-888,BT.2026.03.00001,,Pindah Dana Pekerjaan Tambahan SMB,,"130.946.819,00",,,,,,
,02/03/2026,,Pindah Dana 8817-888,BT.2026.03.00002,,Pindah Dana Commitment Fee Design Eldi untuk SCBD,,"20.000.000,00",,,,,,
,02/03/2026,,Pindah Dana 1688-888,BT.2026.03.00003,,Pindah Dana Termin 2 (Pelunasan) Sipil SMB,,"74.057.834,00",,,,,,
,21/02/2026,ok,PT Berkat Tiga Putera,EXP.2026.02.00123,SMB,Pekerjaan tambahan Interior SMB,,"19.769.821,00",,,,,,
,24/12/2026,ok,PT Berkat Tiga Putera,EXP.2026.03.00001,SMB,Termin 2 (Pelunasan) Pengerjaan Sipil SMB,,"74.057.834,00",,,,,,
,21/02/2026,ok,PT Berkat Tiga Putera,EXP.2026.02.00124,SMB,Pekerjaan Tambahan Sipil Lt.1 SMB,,"40.842.315,00",,,,,,
,21/02/2026,ok,PT Berkat Tiga Putera,EXP.2026.02.00125,SMB,Pekerjaan Tambahan Sipil Lt.2 SMB,,"4.505.100,00",,,,,,
,21/02/2026,ok,PT Berkat Tiga Putera,EXP.2026.02.00126,SMB,Pekerjaan Sipil Kitchen SMB,,"65.829.583,00",,,,,,
,20/02/2026,ok,PT Berkat Tiga Putera,EXP.2026.02.00127,SCBD,Commitment Fee Design Eldi untuk SCBD,,"20.000.000,00",,,,,,
,,,,,,,,,,,,,,
,,,03/03/2026,,,,,,,,,,,
,03/03/2026,,Pindah Dana 8817-888,BT.2026.03.00004,,Pindah Dana DP Ruko Summagung,,"10.000.000,00",,,,,,
,03/03/2026,,PT Sumber Graha Prioritas,EXP.2026.03.00018,,DP Ruko Summagung,,"10.000.000,00",TF,,,,,
,,,,,,,,,,,,,,
,,,05/03/2026,,,,,,,,,,,
y,05/03/2026,,Pindah Dana,BT.2026.03.00005,,Pindah Dana 1688-888,,"49.000.000,00",TF,,,,,
y,05/03/2026,,Pindah Dana,BT.2026.03.00006,,Pindah Dana 8168-888,,"56.000.000,00",TF,,,,,
y,05/03/2026,,Pindah Dana,BT.2026.03.00007,,Pindah Dana 8817-888,,"95.000.000,00",TF,,,,,
y,05/03/2026,,Pindah Dana,BT.2026.03.00008,,Pindah Dana 1899-888,,"100.000.000,00",TF,,,,,
y,28/02/0226,ok,Nabila indah yulianti,EXP.2026.02.00129,,Reimburse uang parkir staff strada la piazza 7orang ,,"350.000,00",MAT,,,,,
y,28/02/0226,ok,Riska F Ariyanti,EXP.2026.03.00025,,"untuk parkir mall di smb, karena untuk pembuatan member parkir bisa di awal bulan maret. ",,"19.000,00",MAT,,,,,
y,01/03/2026,ok,Riska F Ariyanti,EXP.2026.03.00026,,untuk parkir mall di smb,,"19.000,00",MAT,,,,,
y,02/03/2026,ok,Riska F Ariyanti,EXP.2026.03.00027,,parkir mall di smb,,"19.000,00",MAT,,,,,
y,26/02/2026,ok,Angela Cipta,EXP.2026.02.00130,,Hibrida lapiz hibrida weekly meeting bersama team back office,,"33.000,00",MAT,,,,,
y,27/02/2026,ok,Angela Cipta,EXP.2026.02.00131,,Lapiz hibrida,,"25.500,00",MAT,,,,,
y,28/02/2026,ok,Angela cipta,EXP.2026.02.00132,,Ke smb,,"180.500,00",MAT,,,,,
y,02/03/2026,ok,Angela cipta,EXP.2026.03.00028,,Scbd,,"164.500,00",MAT,,,,,
y,03/03/2026,ok,Riska,EXP.2026.03.00029,,parkir motor di smb,,"19.000,00",MAT,,,,,
y,05/03/2026,ok,Daffa Ramahartadi,PI.2026.03.00019,,Keperluan pembelian Bahan Baku untuk Sensory (Kentang dan Zukini),,"13.340,00",MAT,,,,,
y,03/03/2026,ok,BPJSTK,EXP.2026.03.00021,,BPJSTK Februari 2026,,"1.231.860,00",TAGIHAN,,,,,
y,05/05/2026,ok,Accurate,EXP.2026.03.00032,,Accurate Februari 2026,,"444.000,00",VA,,,,,
y,03/03/2026,ok,Mikael Teguhjaya (Penta Studio),EXP.2026.03.00020,,Social Media s/d 31Maret 2026,,"5.000.000,00",TF - BCA,,,,,
y,28/02/2026,ok,Pak Ratya,EXP.2026.02.00128,,Jasa Konsultasi Pajak Januari & Februari 2026,,"3.000.000,00",TF - BCA,,,,,
y,05/03/2026,ok,Bapenda Jakarta,PI.2026.03.00018,,PB1 Lapiazza & MKG - Februari 2026,,"45.463.803,00",TAGIHAN,,,,,
y,05/03/2026,ok,Bapenda Tangerang,PI.2026.03.00016,,PB1 SMS - Februari 2026,,"1.766.825,00",TF - BJB,,,,,
,05/03/2026,ok,Bapenda Kota Bekasi,PI.2026.03.00017,,PB1 SMB2 Februari 2026,,"56.163.391,00",TF - BJB,,,,,
y,02/03/2026,ok,Iwan Junianto,EXP.2026.03.00004,,Iuran Pengelolaan Lingkungan Maret 2026 Riviera Plaza Hibrida,,"500.002,00",MAT,,,,,
y,02/03/2026,ok,Iwan Junianto,EXP.2026.03.00005,,Tunjangan Hari Raya (THR) untuk Bulan Maret Tahun 2026,,"500.002,00",TF - BCA,,,,,
y,01/03/2026,ok,PT Summarecon Investment Property,EXP.2026.03.00006,,SC LPZ - Inc GF - 10 # 1 Mar 2026 - 31 Mar 2026 (LPZ),,25.250.000,VA,,,,,
y,01/03/2026,ok,PT Summarecon Investment Property,EXP.2026.03.00007,,Air Periode : 21/01/2026 s/d 20/02/2026 (LPZ),,2.776.680,VA,,,,,
y,01/03/2026,ok,PT Summarecon Investment Property,EXP.2026.03.00008,,Gas Periode : 21/01/2026 s/d 20/02/2026 (LPZ),,"12.546.524,00",VA,,,,,
y,01/03/2026,ok,PT Summarecon Investment Property,EXP.2026.03.00009,,Listrik Periode : 21/01/2026 s/d 20/02/2026 (LPZ),,"10.035.850,00",VA,,,,,
y,01/03/2026,ok,PT Summarecon Investment Property,EXP.2026.03.00010,,Biaya Pemeliharaan Listrik Periode : 21/01/2026 s/d 20/02/2026 (LPZ),,"5.679.716,00",VA,,,,,
y,01/03/2026,ok,PT Lestari Mahadibya,EXP.2026.03.00011,,Service Charge - Monthly 1F - IC22 # 01 Mar - 31 Mar 2026 (SMS),,"1.568.025,00",VA,,,,,
y,01/03/2026,ok,PT Lestari Mahadibya,EXP.2026.03.00012,,Electric : 21/01/2026 - 20/02/2026 1F - IC22 (SMS),,"705.361,00",VA,,,,,
y,01/03/2026,ok,PT Lestari Mahadibya,EXP.2026.03.00013,,Biaya Pemeliharaan Electric : 21/01/2026 - 20/02/2026 1F - IC22 (SMS),,"388.516,00",VA,,,,,
y,01/03/2026,ok,PT Lestari Mahadibya,EXP.2026.03.00014,,PAM : 21/01/2026 - 20/02/2026 1F - IC22 (SMS),,"74.088,00",VA,,,,,
y,03/03/2026,ok,PT Makmur Orient Jaya,JV.2026.03.00095,,Fit Out Deposit (SMB GL),,"3.000.000,00",VA,,,,,
y,03/03/2026,ok,PT Makmur Orient Jaya,EXP.2026.03.00019,,Service During Tenant Fit Out (SMB GL),,"399.960,00",VA,,,,,
y,01/03/2026,ok,PT Summarecon Investment Property,EXP.2026.03.00015,,Rental Angsuran - Pendapatan 1F - K / 203 # 1 Mar 2026 - 31 Mar 2026 (MKG),,"393.900,00",VA,,,,,
y,01/03/2026,ok,PT Summarecon Investment Property,EXP.2026.03.00016,,Service Charges - Pendapatan 1F - K / 203 # 1 Mar 2026 - 31 Mar 2026 (MKG),,"2.636.100,00",VA,,,,,
y,01/03/2026,ok,PT Summarecon Investment Property,EXP.2026.03.00017,,Air Periode : 21/01/2026 s/d 20/02/2026 (MKG),,"59.940,00",VA,,,,,
y,17/01/2026,ok,PT Berkah Surya Bersinar,JV.2026.03.00170,,Pembayaran Hutang KTN ke BSB - Maret 2026,,"20.000.000,00",TF - BCA,,,,,
y,25/02/2026,ok,PT Berkah Surya Bersinar,PI.2026.02.00223,,"Elisir, dll",,"1.900.000,00",MAT,,,,,
y,24/02/2026,ok,PT Berkah Surya Bersinar,PI.2026.02.00224,,Coklat Strada,,"11.800.000,00",MAT,,,,,
y,27/02/2026,ok,PT Karunia Sukses Gemilang,PI.2026.02.00225,,"Jalapeno, Mushroom",,"3.974.688,00",MAT,,,,,
y,24/02/2026,ok,PT Karunia Sukses Gemilang,PI.2026.02.00226,,Olive Oil,,"948.051,00",MAT,,,,,
,23/02/2026,ok,PT Rumah Sayur Nusantara,PI.2026.02.00228,,Buah - Produksi,,"208.000,00",MAT,,,,,
,27/02/2026,ok,PT Rumah Sayur Nusantara,PI.2026.02.00229,,Sayuran - BSD,,"110.299,00",MAT,,,,,
,27/02/2026,ok,PT Rumah Sayur Nusantara,PI.2026.02.00230,,Strawberry Bar - BSD,,"55.000,00",MAT,,,,,
,24/02/2026,ok,PT Rumah Sayur Nusantara,PI.2026.02.00231,,Sayuran - BSD,,"242.059,50",MAT,,,,,
,24/02/2026,ok,PT Rumah Sayur Nusantara,PI.2026.02.00232,,Buah Bar - BSD,,"32.294,67",MAT,,,,,
,24/02/2026,ok,PT Rumah Sayur Nusantara,PI.2026.02.00233,,Sayuran - LPZ,,"688.071,00",MAT,,,,,
,27/02/2026,ok,PT Rumah Sayur Nusantara,PI.2026.02.00234,,Strawberry Bar - LPZ,,"99.000,00",MAT,,,,,
,24/02/2026,ok,PT Rumah Sayur Nusantara,PI.2026.02.00227,,Sayuran - LPZ,,"1.030.250,00",MAT,,,,,
,24/02/2026,ok,PT Rumah Sayur Nusantara,PI.2026.02.00235,,Buah Bar - LPZ,,"59.900,00",MAT,,,,,
,20/02/2026,ok,PT Rumah Sayur Nusantara,PI.2026.02.00236,,Strawberry Bar - LPZ,,"99.000,00",MAT,,,,,
,25/02/2026,ok,PT Rumah Sayur Nusantara,PI.2026.02.00237,,Sayuran - SMB,,"409.456,00",MAT,,,,,
,25/02/2026,ok,PT Rumah Sayur Nusantara,PI.2026.02.00238,,Buah Bar - SMB,,"4.480,00",MAT,,,,,
y,19/02/2026,ok,PT Sukanda Djaya,PI.2026.02.00239,,Freshmilk Diamond,,"1.050.000,00",MAT,,,,,
y,20/02/2026,ok,PT Sukanda Djaya,PI.2026.02.00240,,French Fries,,"1.450.000,00",MAT,,,,,
y,20/02/2026,ok,PT Sukanda Djaya,PI.2026.02.00241,,"Palm Sugar Stick, White Sugar Stick",,"897.279,00",MAT,,,,,
y,24/02/2026,ok,PT Sukanda Djaya,PI.2026.02.00242,,Oatmilk,,"1.118.880,00",MAT,,,,,
y,25/02/2026,ok,PT Sukanda Djaya,PI.2026.02.00243,,Ice Cream Vanilla,,"346.320,00",MAT,,,,,
y,13/02/2026,ok,PT Greenfields Indonesia,PI.2026.02.00244,,Freshmilk - BSD,,"473.736,00",MAT,,,,,
y,16/02/2026,ok,PT Greenfields Indonesia,PI.2026.02.00245,,Freshmilk - LPZ,,"1.184.340,00",MAT,,,,,
y,16/02/2026,ok,PT Greenfields Indonesia,PI.2026.02.00246,,Freshmilk - SMB,,"1.421.208,00",MAT,,,,,
y,13/02/2026,ok,PT Greenfields Indonesia,PI.2026.02.00247,,Freshmilk - MKG LPZ,,"1.658.076,00",MAT,,,,,
y,09/02/2026,ok,PT Masuya Graha Trikencana,PI.2026.02.00248,,KIN Freshmilk,,"1.848.000,00",MAT,,,,,
y,02/03/2026,ok,PT Artarya Jaya Lestari,PI.2026.03.00001,SMB GL,Pengadaan SMB Gold Lounge,,"1.258.500,00",MAT,,,,,
y,03/03/2026,ok,PT Alta Thomas Mandiri Indonesia,PI.2026.03.00002,SMB GL,Grinder Maquinos - SMB Gold Lounge,,"8.791.200,00",TF - BCA,,,,,
y,02/03/2026,ok,PT Foodteco,PI.2026.03.00003,SMB GL,Microfiber Towel - SMB Gold Lounge,,"332.100,00",MAT,,,,,
y,24/02/2026,ok,PT Aneka Kreasi Nusantara,PI.2026.02.00249,,Tenderloin Alana,,"3.100.000,00",MAT,,,,,
y,18/02/2026,ok,PT Mahadaya Energi,PI.2026.02.00250,,Gas 50kg + Admin bank,,"1.438.500,00",TF - MANDIRI,,,,,
y,19/02/2026,ok,PT Bumi Sentosa Makmur,PI.2026.02.00251,,Giffard  Syrup Blood Orange,,"1.866.000,00",MAT,,,,,
y,04/03/2026,ok,PT Kreasi Cipta Megatama,PI.2026.03.00024,,"Sabun Cuci Piring, dll",,"3.360.000,00",MAT,,,,,
y,04/03/2026,ok,PT Tabur Tuai Konveksi,PI.2026.03.00020,,DP 50% Kemeja Strada Putih,,"4.000.000,00",TF - BCA,,,,,
y,26/02/2026,ok,CV Panen Raya Indonesia,PI.2026.02.00252,,Frozen Cake,,"2.405.191,20",MAT,,,,,
y,26/02/2026,ok,CV Panen Raya Indonesia,PI.2026.02.00253,,Frozen Food,,"4.048.100,00",MAT,,,,,
y,02/03/2026,ok,CV Panen Raya Indonesia,PI.2026.03.00004,,Caramel Coffee Cake,,"100.000,00",MAT,,,,,
y,03/03/2026,ok,Suket Teki Groceries,PI.2026.03.00023,,"Morin, Goldenfil Choco Crunchy",,"1.415.000,00",MAT,,,,,
y,03/03/2026,ok,Nuprindo Utama Printing,PI.2026.03.00005,,Cetak Buku Pengeluaran Kas/Bank,,"130.000,00",MAT,,,,,
y,03/03/2026,ok,Tirta Budi Depot Air,PI.2026.03.00006,,"Amidis, Le Minerale",,"252.000,00",MAT,,,,,
y,24/02/2026,ok,Anugerah Karya Utama,PI.2026.02.00254,,Dada Paha Boneless,,"1.375.000,00",MAT,,,,,
y,28/02/2026,ok,Putra Mandiri Utama,PI.2026.02.00255,,Hand Glove Latex,,"370.000,00",MAT,,,,,
y,26/02/2026,ok,Sunrise,PI.2026.02.00256,,Paper Thermal,,"1.800.000,00",MAT,,,,,
y,03/03/2026,ok,Cendol Hijau Daun Suji,PI.2026.03.00026,,Cendol + Admin Bank,,"25.000,00",TF - BRI,,,,,
y,04/03/2026,ok,Fresh Fruits,PI.2026.03.00007,,Mangga Harum Manis,,"1.180.000,00",MAT,,,,,
y,02/03/2026,ok,Adam Supplier,PI.2026.03.00008,,Kurma,,"160.000,00",MAT,,,,,
y,02/03/2026,ok,Adam Supplier,PI.2026.03.00009,,Bawang Merah Goreng,,"1.240.000,00",MAT,,,,,
y,28/02/2026,ok,Adam Supplier,PI.2026.02.00257,,"Gas Torch, dll",,"1.021.500,00",MAT,,,,,
y,03/03/2026,ok,Adam Supplier,PI.2026.03.00010,,Tepung Segitiga Biru,,"1.740.000,00",MAT,,,,,
Y,20/02/2026,ok,Rezeki Makmur,PI.2026.02.00258,,"Straw, Sendok Garpu, Plastik",,"2.725.000,00",MAT,,,,,
Y,23/02/2026,ok,Rezeki Makmur,PI.2026.02.00259,,"Plastik, Kabel Ties",,"5.920.000,00",MAT,,,,,
Y,02/03/2026,ok,Rezeki Makmur,PI.2026.03.00011,,Sarung Tangan Plastik,,"330.000,00",MAT,,,,,
Y,04/03/2026,ok,J-Pack Food Packaging,PI.2026.03.00022,,"Paper Lunch, Paper Bowl",,"120.250,00",MAT,,,,,
Y,04/03/2026,ok,J-Pack Food Packaging,PI.2026.03.00021,,"Paper Lunch, Paper Hot Cup",,"1.990.000,00",MAT,,,,,
Y,28/02/2026,ok,Ubi Cilembu Pak Cecep,PI.2026.02.00260,,Ubi Cilembu,,"125.000,00",MAT,,,,,
Y,18/02/2026,ok,Ubi Cilembu Pak Cecep,PI.2026.02.00261,,Ubi Cilembu,,"195.000,00",MAT,,,,,
Y,26/02/2026,ok,Ubi Cilembu Pak Cecep,PI.2026.02.00262,,Ubi Cilembu,,"160.000,00",MAT,,,,,
Y,02/03/2026,ok,Ubi Cilembu Pak Cecep,PI.2026.03.00012,,Ubi Cilembu,,"160.000,00",MAT,,,,,
Y,03/03/2026,ok,Ubi Cilembu Pak Cecep,PI.2026.03.00013,,Ubi Cilembu,,"195.000,00",MAT,,,,,
Y,26/02/2026,ok,Cavalese,PI.2026.02.00263,,Cheesecake - BSD,,"400.000,00",MAT,,,,,
Y,20/02/2026,ok,Cavalese,PI.2026.02.00264,,Cheesecake  - LPZ,,"400.000,00",MAT,,,,,
Y,04/03/2026,ok,Cavalese,PI.2026.03.00025,,Cheesecake  - SMB,,"800.000,00",MAT,,,,,
Y,02/03/2026,ok,Kelapa Muda Minan,PI.2026.03.00014,,Kelapa Muda - LPZ SMB + Admin Bank,,"272.500,00",TF - MANDIRI,,,,,
Y,28/02/2026,ok,Kelapa Muda Minan,PI.2026.02.00265,,Kelapa Muda - BSD + Admin Bank,,"122.500,00",TF - MANDIRI,,,,,
Y,26/02/2026,ok,Kelapa Muda Minan,PI.2026.02.00266,,Kelapa Muda - LPZ SMB + Admin Bank,,"272.500,00",TF - MANDIRI,,,,,
Y,04/03/2026,ok,Kelapa Muda Minan,PI.2026.03.00015,,Kelapa Muda - BSD + Admin Bank,,"122.500,00",TF - MANDIRI,,,,,
Y,23/02/2026,ok,Telur 88,PI.2026.02.00267,,Telur - LPZ,,"366.000,00",MAT,,,,,
Y,26/02/2026,ok,Telur 88,PI.2026.02.00268,,Telur - LPZ,,"310.000,00",MAT,,,,,
Y,25/02/2026,ok,Lancar Sukses,EXP.2026.02.00133,,Cetakan Sertifikat Academy,,"290.000,00",MAT,,,,,
Y,25/02/2026,ok,Lancar Sukses,EXP.2026.02.00134,,Cetakan Kartu Nama - Marketing,,"256.000,00",MAT,,,,,
,,,,,,,,,,,,,,
,,,12/03/2026,,,,,,,,,,,
,12/03/2026,,Pindah Dana,BT.2026.03.00009,,Pindah Dana 817-888,,"118.000.000,00",TF,,,,,
,12/03/2026,,Pindah Dana,BT.2026.03.00010,,Pindah Dana 1688-888,,"141.000.000,00",TF,,,,,
,12/03/2026,,Pindah Dana,BT.2026.03.00011,,Pindah Dana 899 - 888,,"141.000.000,00",TF,,,,,
,12/03/2026,,Pindah Dana,BT.2026.03.00012,,Pindah Dana 8168-888,,"46.000.000,00",TF,,,,,
,12/03/2026,,Pindah Dana,BT.2026.03.00013,,Pindah Dana 999-888,,"14.000.000,00",TF,,,,,
,02/03/2026,ok,Miss Evani,EXP.2026.03.00043,,Meta Ads - Academy,,"700.000,00",MAT,,,,,
,10/03/2026,ok,Miss Evani,EXP.2026.03.00044,,Meta Ads - Hampers Ramdhan,,"199.294,00",MAT,,,,,
,06/03/2026,ok,Pak Niko,PI.2026.03.00084,SMB GL,Pembelian 1pcs CCTV untuk SMB GL,,"316.200,00",MAT,,,,,
,05/03/2026,ok,Riska,EXP.2026.03.00052,,member parkir motor berlangganan dan pembuatan new member motor,,"487.500,00",MAT,,,,,
,04/03/2026,ok,RISKA,EXP.2026.03.00053,,parkir motor mall smb,,"9.500,00",MAT,,,,,
,05/03/2026,ok,RISKA,EXP.2026.03.00054,,Parkir motor mall smb,,"9.500,00",MAT,,,,,
,07/03/2026,ok,Chris,EXP.2026.03.00037,,kirim bahan BSD 7 Mar,,"134.000,00",MAT,,,,,
,05/03/2026,ok,Angela Cipta,EXP.2026.03.00055,,Ke SMB bersama rinda clara untuk rekrutmen dan cek gold lounge,,"218.000,00",MAT,,,,,
,06/03/2026,ok,Angela cipta,EXP.2026.03.00056,,Weekly meeting HO ke lapiz,,"56.000,00",MAT,,,,,
,08/08/2026,ok,Angela Cipta,EXP.2026.03.00057,,Dinas ke smg ,,"420.000,00",MAT,,,,,
,04/03/2026,ok,Angela Cipta,EXP.2026.03.00058,,Ke outlet lapiz,,"25.500,00",MAT,,,,,
,10/03/2026,ok,Chris,EXP.2026.03.00039,,Tol dan parkir 9 dan 10 maret,,"76.000,00",MAT,,,,,
,10/03/2026,ok,Chris,EXP.2026.03.00040,,Pickup buku pengeluaran bank akunting 10 mar,,"46.603,00",MAT,,,,,
,11/03/2026,ok,Chris,EXP.2026.03.00041,,BBM 11 Mar,,"332.300,00",MAT,,,,,
,11/03/2026,ok,Chris,EXP.2026.03.00042,,Tol dn parkir BSD SMS ,,"38.000,00",MAT,,,,,
,11/03/2026,ok,Chris,EXP.2026.03.00051,,TOl dan parkir 11 mar,,"66.500,00",MAT,,,,,
,05/03/2026,ok,Derren Mokoginta,EXP.2026.03.00063,,Quinos SMB GL,,"14.250.000,00",TF,,,,,
,09/03/2026,ok,Ivana Novita,EXP.2026.03.00062,,PRINTING BUKU MENU BEANS & BEVERAGE,,"88.000,00",MAT,,,,,
,12/03/2026,ok,Pajak,EXP.2026.03.00064,,SC LPZ - Inc GF - 10 # 1 Feb 2026 - 28 Feb 2026,,"2.500.000,00",TAGIHAN,,,,,
,,,,,,Air Periode : 21/12/2025 s/d 20/01/2026,,"308.520,00",,,,,,
,,,,,,Gas Periode : 21/12/2025 s/d 20/01/2026,,"1.034.880,00",,,,,,
,,,,,,Listrik Periode : 21/12/2025 s/d 20/01/2026,,"1.087.548,00",,,,,,
,,,,,,Biaya Pemeliharaan Listrik Periode : 21/12/2025 s/d 20/01/2026,,"579.026,00",,,,,,
,,,,,,Rental Angsuran - Pendapatan 1F - K / 203 # 1 Feb - 28 Feb 2026 (MKG),,"39.000,00",,,,,,
,,,,,,Service Charges - Pendapatan 1F - K / 203 # 1 Feb 2026 - 28 Feb 2026 (MKG),,"261.000,00",,,,,,
,,,,,,Air Periode : 21/12/2025 s/d 20/01/2026 (MKG),,"6.660,00",,,,,,
,,,,,,Listrik Periode : 21/12/2025 s/d 20/01/2026 (MKG),,"64.062,00",,,,,,
,,,,,,Biaya Pemeliharaan Listrik Periode : 21/12/2025 s/d 20/01/2026 (MKG),,"27.328,00",,,,,,
,,,,,,Service Charge - Monthly 1F - IC22 # 01 Feb - 28 Feb 2026 (SMS),,"155.250,00",,,,,,
,,,,,,Electric : 21/12/2025 - 20/01/2026 1F - IC22 (SMS),,"75.390,00",,,,,,
,,,,,,Biaya Pemeliharaan Electric : 21/12/2025 - 20/01/2026 1F - IC22 (SMS),,"37.941,00",,,,,,
,,,,,,PAM : 21/12/2025 - 20/01/2026 1F - IC22 (SMS),,"10.476,00",,,,,,
,,,,,,Center Promotion Periode 04 Februari 2026 - 03 Februari 2027,,"1.216.530,00",,,,,,
,,,,,,Revenue Sharing Periode Januari 2026  (Upper West BSD),,"1.649.900,00",,,,,,
,,,,,,LP2026020077 - Rent 01 - 31 Jan 2026 (LPZ),,"2.594.759,00",,,,,,
,,,,,,LP2026020078 - Add S. Charge 01 - 31 Jan 2026 (LPZ),,"200.880,00",,,,,,
,,,,,,LP2026020079 - Rent 01 - 31 Jan 2026 (Academic),,"83.650,00",,,,,,
,,,,,,LP2026020085 - Biaya ridgid 11 Feb 2026 (LPZ),,"45.000,00",,,,,,
,,,,,,DM2026020690 - Add Rent 01 - 31 Jan 2026 (MKG),,"50.882,00",,,,,,
,,,,,,DM2026010939 - Air ; 21.11.2025 - 20.12.2025 (MKG),,"6.660,00",,,,,,
,,,,,,D22026020805 - Rent For 01 Jan - 31 Jan 2026 (SMS),,"81.517,00",,,,,,
,04/03/2026,ok,PT Delisari Nusantara,PI.2026.02.00269,,Cooking Cream,,"2.538.000,00",VA,,,,,
,05/03/2026,ok,PT Karunia Putranata Berhikmat,PI.2026.03.00027,,Nangka,,"240.000,00",MAT,,,,,
,04/03/2026,ok,PT Karunia Sukses Gemilang,PI.2026.03.00042,,Leci Kaleng,,"1.107.211,00",MAT,,,,,
,23/02/2026,ok,PT Artemis Adhi Tirta,PI.2026.02.00270,,Spiva,,"4.495.500,00",MAT,,,,,
,09/03/2026,ok,PT Macrosentra Niagaboga,PI.2026.03.00028,,Smoked beef,,"1.420.804,00",MAT,,,,,
,24/02/2026,ok,PT Mukti Indo Utama,PI.2026.02.00271,,Pelunasan Hot Cup 4Oz,,"668.500,00",TF to Danamon,,,,,
,09/03/2026,ok,PT Anak Mas Indah,PI.2026.03.00047,,Minyak Sania,,"10.499.990,00",MAT,,,,,
,21/02/2026,ok,PT Dinatek Jaya Lestari,PI.2026.02.00273,,Laptop Advan untuk Marketing,,"7.200.000,00",TF,,,,,
,14/01/2026,ok,PT Berkat Tiga Putera,EXP.2026.01.00138,,Termin 2 (Pelunasan) Interior Strada Coffee - SMB,,"47.026.620,00",TF,,Pelunasan Interior,,47.026.620,
,21/02/2026,ok,PT Berkat Tiga Putera,EXP.2026.02.00137,,Pekerjaan MEP - Pekerjaan Kurang - Retensi,,"9.840.006,00",TF,,Pekerjaan MEP - Pekerjaan Kurang - Retensi,,9.840.006,
,21/02/2026,ok,PT Berkat Tiga Putera,EXP.2026.02.00138,,Pekerjaan Instalasi Special Lighting,,"21.345.000,00",TF,,Pekerjaan Instalasi Special Lighting,,21.345.000,
,21/02/2026,ok,PT Berkat Tiga Putera,EXP.2026.02.00139,,Pekerjaan lain-lain,,"137.745.000,00",TF,,Pekerjaan lain-lain,,137.745.000,
,05/03/2026,ok,PT Bumi Megah Graha Utama,EXP.2026.03.00045,,"Pemakaian Listrik Periode 13 Desember Rp
2025 - 30 Desember 2025 Strada Coffee
(5,261.19 Kwh)",,"8.504.804,46",VA,,,,215.956.626,
,05/03/2026,ok,PT Bumi Megah Graha Utama,EXP.2026.03.00046,,"Pemakaian Listrik Periode 21 Januari Rp
2026 - 20 Februari 2026 Strada Coffee
(8,552.01 Kwh)",,"14.563.289,00",VA,,,,,
,05/03/2026,ok,PT Bumi Megah Graha Utama,EXP.2026.03.00047,,"Pemakaian Listrik Periode 31 Desember Rp
2025 - 20 Januari 2026 Strada Coffee
(5,589.14 Kwh)",,"9.546.279,72",VA,,,,,
,05/03/2026,ok,PT Bumi Megah Graha Utama,EXP.2026.03.00048,,Revenue Sharing Periode Februari 2026,,"18.313.890,00",TF,,,,,
,05/03/2026,ok,PT Bumi Megah Graha Utama,EXP.2026.03.00049,,Air Februari 2026,,"1.284.200,00",VA,,,,,
,10/02/2026,ok,PT Foodteco,PI.2026.03.00043,,Donatsu - Hibrida,,"468.000,00",MAT,,,,,
,24/02/2026,ok,PT Foodteco,PI.2026.02.00272,,Donatsu - SMB,,"468.000,00",MAT,,,,,
,27/02/2026,ok,PT Sukanda Djaya,PI.2026.02.00274,,Diamond Freshmilk,,"630.000,00",MAT,,,,,
,04/03/2026,ok,PT Sukanda Djaya,PI.2026.03.00048,,Ice Cream Vanilla,,"692.640,00",MAT,,,,,
,04/03/2026,ok,PT Berkah Surya Besinar,PI.2026.03.00049,,Hampers TCD,,"5.434.500,00",MAT,,,,,
,05/03/2026,ok,PT Berkah Surya Besinar,PI.2026.03.00050,,"Black Forest, dll",,"15.749.000,00",MAT,,,,,
,07/03/2026,ok,PT Berkah Surya Besinar,PI.2026.03.00051,,"Dripbag, dll",,"4.800.000,00",MAT,,,,,
,03/04/2026,ok,PT Berkah Surya Besinar,PI.2026.03.00052,,"Black Forest, dll`",,"38.917.000,00",MAT,,,,,
,09/03/2026,ok,PT Berkah Surya Besinar,PI.2026.03.00056,,"Black Forest, dll`",,"8.460.000,00",MAT,,,,,
,07/03/2026,ok,PT Berkah Surya Besinar,PI.2026.03.00085,,"Green Beans Washed Toraja, Natural Gayo, Wethull Gayo",,"3.930.000,00",MAT,,,,,
,20/02/2026,ok,PT Greenfields Indonesia,PI.2026.02.00275,,Freshmilk - BSD,,"473.736,00",MAT,,,,,
,23/02/2026,ok,PT Greenfields Indonesia,PI.2026.02.00276,,Freshmilk - SMB,,"1.658.076,00",MAT,,,,,
,20/02/2026,ok,PT Greenfields Indonesia,PI.2026.02.00277,,Freshmilk - LPZ MKG,,"1.822.080,00",MAT,,,,,
,03/02/2026,ok,PT Greenfields Indonesia,PI.2026.02.00278,,Freshmilk - SMB,,"473.736,00",MAT,,,,,
,18/02/2026,ok,PT Greenfields Indonesia,PI.2026.02.00279,,Freshmilk - SMB,,"1.894.944,00",MAT,,,,,
,19/02/2026,ok,PT Greenfields Indonesia,PI.2026.02.00280,,Freshmilk - SMB,,"1.894.944,00",MAT,,,,,
,24/02/2026,ok,PT Greenfields Indonesia,PI.2026.03.00053,,Freshmilk - WH,,"710.604,00",MAT,,,,,
,04/03/2026,ok,PT Rumah Sayur Indonesia,PI.2026.03.00029,,Sirup Tjampolay Pisang Susu,,"600.000,00",MAT,,,,,
,03/03/2026,ok,PT Rumah Sayur Indonesia,PI.2026.03.00030,,Buah - Bar LPZ,,"203.000,00",MAT,,,,,
,03/03/2026,ok,PT Rumah Sayur Indonesia,PI.2026.03.00031,,Sayuran - Kitchen LPZ,,"943.950,00",MAT,,,,,
,06/03/2026,ok,PT Rumah Sayur Indonesia,PI.2026.03.00032,,Strawberry - Bar LPZ,,"91.483,34",MAT,,,,,
,06/03/2026,ok,PT Rumah Sayur Indonesia,PI.2026.03.00033,,Sayuran - Kitchen LPZ,,"863.567,50",MAT,,q,,,
,03/03/2026,ok,PT Rumah Sayur Indonesia,PI.2026.03.00034,,Sayuran - Kitchen BSD,,"286.788,00",MAT,,,,,
,06/03/2026,ok,PT Rumah Sayur Indonesia,PI.2026.03.00035,,Strawberry - Bar BSD,,"143.000,00",MAT,,,,,
,06/03/2026,ok,PT Rumah Sayur Indonesia,PI.2026.03.00036,,Sayuran - Kitchen BSD,,"175.928,00",MAT,,,,,
,01/03/2026,ok,PT Rumah Sayur Indonesia,PI.2026.03.00037,,Jeruk Nipis - Bar SMB,,"4.000,00",MAT,,,,,
,01/03/2026,ok,PT Rumah Sayur Indonesia,PI.2026.03.00038,,Sayuran - Kitchen SMB,,"308.725,00",MAT,,,,,
,04/03/2026,ok,PT Rumah Sayur Indonesia,PI.2026.03.00039,,Strawberry - Bar SMB,,"187.000,00",MAT,,,,,
,04/03/2026,ok,PT Rumah Sayur Indonesia,PI.2026.03.00040,,Sayuran - Kitchen SMB,,"604.700,00",MAT,,,,,
,08/03/2026,ok,PT Rumah Sayur Indonesia,PI.2026.03.00041,,Sayuran - Kitchen SMB,,"515.236,50",MAT,,,,,
,06/03/2026,ok,CV Payung Mustika,PI.2026.03.00044,,APAR - SMB GL,,"1.450.000,00",MAT,,,,,
,03/03/2026,ok,CV Cahaya Inti Putra Sejahtera,PI.2026.03.00054,,"Sambal, Kecap, dll",,"3.361.648,00",MAT,,,,,
,09/03/2026,ok,CV Panen Raya Indonesia,PI.2026.03.00045,,Frozen Cake,,"4.272.628,00",MAT,,,,,
,05/03/2026,ok,CV Panen Raya Indonesia,PI.2026.03.00046,,Frozen Cake,,"1.026.296,00",MAT,,,,,
,05/03/2026,ok,CV Panen Raya Indonesia,PI.2026.03.00055,,Frozen Food,,"6.882.850,00",MAT,,,,,
,28/02/2026,ok,Rentokil,EXP.2026.02.00136,,Rentokil BSD - Februari 2026,,"1.165.000,00",VA,,,,,
,10/03/2026,ok,M2,PI.2026.03.00057,SMB - GL,Lion Star - SMB GL,,"337.500,00",MAT,,,,,
,11/03/2026,ok,M2,PI.2026.03.00058,SMB - GL,Lion Stsr Chopping Board,,"71.000,00",MAT,,,,,
,06/03/2026,ok,Lancar Sukses,EXP.2026.03.00059,,"Brosur A5, Kartu nama",,"635.000,00",MAT,,,,,
,06/03/2026,ok,Lancar Sukses,EXP.2026.03.00060,,Tripod Rasa Nusantara,,"295.000,00",MAT,,,,,
,06/03/2026,ok,Lancar Sukses,EXP.2026.03.00061,,"Tripod, art carton",,"338.000,00",MAT,,,,,
,06/03/2026,ok,Kelapa Muda Minan,PI.2026.03.00059,,Kelapa Muda + Adm Bank,,"172.500,00",TF to Mandiri,,,,,
,05/03/2026,ok,Kelapa Muda Minan,PI.2026.03.00060,,Kelapa Muda + Adm Bank,,"172.500,00",TF to Mandiri,,,,,
,09/03/2026,ok,Kelapa Muda Minan,PI.2026.03.00061,,Kelapa Muda + Adm Bank,,"222.500,00",TF to Mandiri,,,,,
,11/03/2026,ok,Kelapa Muda Minan,PI.2026.03.00062,,Kelapa Muda + Adm Bank,,"122.500,00",TF to Mandiri,,,,,
,09/03/2026,ok,Cavalese,PI.2026.03.00063,,Cheesecake - SMB,,"400.000,00",MAT,,,,,
,09/03/2026,ok,Cavalese,PI.2026.03.00064,,Cheesecake - LPZ,,"400.000,00",MAT,,,,,
,11/03/2026,ok,Cavalese,PI.2026.03.00065,,Cheesecake - SMB,,"800.000,00",MAT,,,,,
,06/03/2026,ok,Tirta Budi Depot Air,PI.2026.03.00066,,"Le Minerale, Cleo Galon WH & Bar LPZ",,"192.000,00",MAT,,,,,
,07/03/2026,ok,Tirta Budi Depot Air,PI.2026.03.00067,,"Le Minerale, Cleo Galon, Aqua Galon",,"459.000,00",MAT,,,,,
,04/03/2026,ok,Pelita Abadi,PI.2026.03.00068,,Telur - SMB,,"305.000,00",MAT,,,,,
,13/02/2026,ok,Pelita Abadi,PI.2026.02.00281,,Telur - SMB,,"295.000,00",MAT,,,,,
,14/02/2026,ok,Pelita Abadi,PI.2026.02.00282,,Telur - BSD,,"206.500,00",MAT,,,,,
,21/02/2026,ok,Pelita Abadi,PI.2026.02.00283,,Telur - BSD,,"210.000,00",MAT,,,,,
,24/02/2026,ok,Pelita Abadi,PI.2026.02.00284,,Telur - BSD,,"152.500,00",MAT,,,,,
,03/03/2026,ok,Pelita Abadi,PI.2026.03.00069,,Telur - BSD,,"152.500,00",MAT,,,,,
,05/03/2026,ok,Ubi Cilembu Pak Cecep,PI.2026.03.00070,,Ubi Cilembu - LPZ,,"107.500,00",MAT,,,,,
,10/03/2026,ok,Ubi Cilembu Pak Cecep,PI.2026.03.00071,,Ubi Cilembu - SMB,,"125.000,00",MAT,,,,,
,09/03/2026,ok,Ubi Cilembu Pak Cecep,PI.2026.03.00072,,Ubi Cilembu - BSD,,"90.000,00",MAT,,,,,
,10/03/2026,ok,Ubi Cilembu Pak Cecep,PI.2026.03.00073,,Ubi Cilembu - SMB,,"160.000,00",MAT,,,,,
,09/03/2026,ok,Adam Supplier,PI.2026.03.00074,,"Tepung Pisang Goreng, dll",,"586.000,00",MAT,,,,,
,09/03/2026,ok,Adam Supplier,PI.2026.03.00075,,Bawang Goreng,,"1.007.500,00",MAT,,,,,
,05/03/2026,ok,Toko Sinar Mas,PI.2026.03.00076,,"Keju, Kewpie, Gula Pasir",,"2.071.000,00",MAT,,,,,
,10/03/2026,ok,Toko Mumtaz,PI.2026.03.00077,,"Casava, Timus, dll",,"1.100.000,00",MAT,,,,,
,05/03/2026,ok,Rezeki Makmur,PI.2026.03.00078,,"Straw biasa, Stirer hot, dll",,"2.695.000,00",MAT,,,,,
,06/03/2026,ok,Anugerah Karya Utama,PI.2026.03.00079,,"Dada, Paha Boneless",,"2.340.000,00",MAT,,,,,
,11/03/2026,ok,Media Usaha Printing,PI.2026.03.00080,,Cetak Coffee Card,,"540.000,00",MAT,,,,,
,02/03/2026,ok,Bella Natalia (Telur88),PI.2026.03.00081,,Telur88 - LPZ,,"217.000,00",MAT,,,,,
,05/03/2026,ok,Bella Natalia (Telur88),PI.2026.03.00082,,Telur88 - LPZ,,"305.000,00",MAT,,,,,
,07/03/2026,ok,Pak Tumin,PI.2026.03.00083,,Daging Sandung Lamur,,"725.000,00",MAT,,,,,
,,,,,,,,,,,,,,
,,,18/03/2026,,,,,,,,,,,
,18/03/2026,,Pndah Dana,BT.2026.03.00014,,Pindah Dana 8168 - 888,,"40.000.000,00",,,,,,
,16/03/2026,ok,Miss Evani,EXP.2026.03.00080,,Reimbursement Akta Sewa Summagung 1 Blok a-4 no 8,,"1.250.000,00",MAT,,,,,
,17/03/2026,ok,Putri Ana Safitri,EXP.2026.03.00093,,Perbantuan sosmed kelas,,"500.000,00",MAT,,,,,
,09/03/2026,ok,MAYA,EXP.2026.03.00081,,ONGKIR BUKU MENU SMB LOUNGE (Bu Maya),,"20.000,00",MAT,,,,,
,17/03/2026,ok,MAYA,EXP.2026.03.00087,,ONGKIR PRINTING FLYER (Bu Maya),,"35.000,00",MAT,,,,,
,11/03/2026,ok,Angela Cipta,EXP.2026.03.00084,,Kemayoran - lapiz - hibrida (Bu Cipta),,"52.000,00",MAT,,,,,
,12/03/2002,ok,Angela cipta,EXP.2026.03.00085,,Lapiz hibrida (Bu Cipta),,"26.000,00",MAT,,,,,
,13/03/2026,ok,Angela Cipta,EXP.2026.03.00086,,Weekly meeting HO,,"26.000,00",MAT,,,,,
,15/03/2026,ok,Chris,PI.2026.03.00134,,pembelian Mosa whip cream,,"75.250,00",MAT,,,,,
,16/03/2026,ok,Chris,PI.2026.03.00135,SMB GL,pembelian Kain hitam SMB,,"40.300,00",MAT,,,,,
,16/03/2026,ok,Chris,PI.2026.03.00136,,Sampel lid 4 oz,,"11.775,00",MAT,,,,,
,18/03/2026,ok,Chris,PI.2026.03.00130,,pembelian kelapa muda BSD,,"150.000,00",MAT,,,,,
,18/03/2026,ok,Chris,EXP.2026.03.00091,,Lalamove BSD 18 Mar,,"98.214,00",MAT,,,,,
,18/03/2026,ok,Chris,EXP.2026.03.00094,,Tol dan Parkir 18 Maret 2026,,"51.500,00",MAT,,,,,
,13/03/2026,ok,Selena,PI.2026.03.00137,SMB GL,Pembelian Wifi Orbit SMB Gold Lounge,,"435.000,00",MAT,,,,,
,14/03/2026,ok,Selena,PI.2026.03.00138,SMB GL,Pembelian SD Card utk CCTV Gold Lounge,,"598.000,00",MAT,,,,,
,13/03/2026,ok,Selena,EXP.2026.03.00090,,Biaya Pulang membeli Wifi,,"43.000,00",MAT,,,,,
,16/03/2026,ok,Selena,PI.2026.03.00139,,Pembelian USB hub untuk Laptop SMB Gold Lounge,,"39.000,00",MAT,,,,,
,16/03/2026,ok,Selena,PI.2026.03.00140,,Pembelian Kepala Charger untuk CCTV SMB Gold Lounge,,"29.900,00",MAT,,,,,
,16/03/2026,ok,Selena,EXP.2026.03.00092,,"Pulang SO & Pasang Wifi, CCTV, Quinos SMB GL",,"101.000,00",MAT,,,,,
,01/03/2026,ok,PT Summarecon Investment Property (MKG),EXP.2026.03.00077,,Listrik Periode : 21/01/2026 s/d 20/02/2026 (MKG),,"622.723,00",VA,,,,,
,01/03/2026,ok,PT Summarecon Investment Property (MKG),EXP.2026.03.00078,,Biaya Pemeliharaan Listrik Periode : 21/01/2026 s/d 20/02/2026 (MKG),,"271.488,00",VA,,,,,
,18/03/2026,ok,PT Lestari Mahadibya,EXP.2026.03.00095,,Rent For 01 Feb - 28 Feb 2026 (SMS),,"441.330,00",VA,,,,,
,17/03/2026,ok,PT Restomart Cipta usaha,PI.2026.03.00102,LPZ,DP 50% Trade In LPZ,,"10.000.000,00",TF,,,,,
,04/03/2026,ok,PT Restomart Cipta usaha,EXP.2026.03.00079,,Pembelian Freon dan pengecekan perbaikan NSBLAIC,,"1.043.400,00",TF,,,,,
,02/03/2026,ok,PT Greenfields Indonesia,PI.2026.03.00096,,Freshmilk - BSD,,"473.736,00",MAT,,,,,
,24/02/2026,ok,PT Greenfields Indonesia,PI.2026.02.00285,,Freshmilk - LPZ,,"1.184.340,00",MAT,,,,,
,25/02/2026,ok,PT Greenfields Indonesia,PI.2026.02.00286,,Freshmilk - SMB,,"1.658.076,00",MAT,,,,,
,10/03/2026,ok,PT Sukanda Djaya,PI.2026.03.00097,,Oatmilk ,,"118.880,00",MAT,,,,,
,11/03/2026,ok,PT Sukanda Djaya,PI.2026.03.00098,,Sosis Riverland,,"961.260,00",MAT,,,,,
,11/03/2026,ok,PT Berkah Surya Bersinar,PI.2026.03.00099,,"Set Complete, Coklat Strada",,"11.605.000,00",MAT,,,,,
,18/03/2026,ok,PT Sanpota Batara Indonesia,PI.2026.03.00086,,Cup Frosted,,"7.840.000,00",MAT,,,,,
,16/03/2026,ok,PT Asher Berkat Bersinar,PI.2026.03.00087,LPZ,"Cleo, Le Mineral",,"210.000,00",MAT,,,,,
,16/03/2026,ok,PT Cipta Mandiri Perkasa,PI.2026.03.00088,,SKM Carnation,,"2.741.028,00",MAT,,,,,
,11/03/2026,ok,PT Karunia Sukses Gemilang,PI.2026.03.00089,,Leci Kaleng,,"1.107.211,00",MAT,,,,,
,16/03/2026,ok,PT Mitra Apronesia Jadi Unggul,PI.2026.03.00090,,Apron,,"2.905.000,00",MAT,,,,,
,14/03/2026,ok,PT Solusi Indo Pangan,PI.2026.03.00100,,Avocado Powder,,"673.000,00",MAT,,,,,
,13/03/2026,ok,PT Santosa Utama Lestari,PI.2026.03.00101,,Beras Ayana,,"2.460.000,00",MAT,,,,,
,05/03/2026,ok,PT Bumi Sentosa Makmur,PI.2026.03.00141,,"Giffard Caramel, Blood Orange, Hazelnut",,"7.464.000,00",MAT,,,,,
,10/03/2026,ok,PT Integra Kreasitama Solusindo,EXP.2026.03.00075,SMB,Internet SMB - Februari + Adm bank,,"2.787.500,00",TF to Permata,"norek tujuan masih salah, sedang menunggu respon integrasia",,,,
,16/03/2026,ok,CV Asaku,PI.2026.03.00142,,"Tissue Livi Evo, Eco",,"504.098,00",MAT,,,,,
,12/03/2026,ok,CV Panen Raya Indonesia,PI.2026.03.00103,,Banana Chesse Cake,,"2.726.380,00",MAT,,,,,
,16/03/2026,ok,CV Panen Raya Indonesia,PI.2026.03.00104,,Frozen Cake,,"3.400.754,00",MAT,,,,,
,10/03/2026,ok,Rumah Sayur,PI.2026.03.00105,,Jeruk Sunkist - BSD,,"10.005,00",MAT,,,,,
,10/03/2026,ok,Rumah Sayur,PI.2026.03.00106,,Sayuran - BSD,,"474.976,50",MAT,,,,,
,10/03/2026,ok,Rumah Sayur,PI.2026.03.00107,,Daun bawang - BSD,,"4.500,00",MAT,,,,,
,13/03/2026,ok,Rumah Sayur,PI.2026.03.00108,,Sayuran - BSD,,"660.650,50",MAT,,,,,
,10/03/2026,ok,Rumah Sayur,PI.2026.03.00109,,Sayuran - LPZ,,"654.560,00",MAT,,,,,
,13/03/2026,ok,Rumah Sayur,PI.2026.03.00110,,Strawberry - LPZ,,"120.000,00",MAT,,,,,
,13/03/2026,ok,Rumah Sayur,PI.2026.03.00143,,Sayuran - LPZ,,"523.650,00",MAT,,,,,
,11/03/2026,ok,Rumah Sayur,PI.2026.03.00111,,Buah - LPZ,,"204.000,00",MAT,,,,,
,11/03/2026,ok,Rumah Sayur,PI.2026.03.00112,,Sayuran - SMB,,"784.952,50",MAT,,,,,
,12/03/2026,ok,Rumah Sayur,PI.2026.03.00113,,Buah - SMB,,"36.300,00",MAT,,,,,
,11/03/2026,ok,Rumah Sayur,PI.2026.03.00114,,Alpukat - Produksi,,"700.700,00",MAT,,,,,
,16/03/2026,ok,Cavalese,PI.2026.03.00091,LPZ,Cheesecake - LPZ,,"800.000,00",MAT,,,,,
,13/03/2026,ok,Cavalese,PI.2026.03.00092,LPZ,Cheesecake - LPZ,,"400.000,00",MAT,,,,,
,16/03/2026,ok,Cavalese,PI.2026.03.00093,SMB,Cheesecake - SMB,,"400.000,00",MAT,,,,,
,14/03/2026,ok,Cavalese,PI.2026.03.00094,SMB,Cheesecake - SMB,,"800.000,00",MAT,,,,,
,13/03/2026,ok,Cavalese,PI.2026.03.00095,BSD,Cheesecake - BSD,,"400.000,00",MAT,,,,,
,14/03/2026,ok,Lancar Sukses,EXP.2026.03.00076,,Laminating Sertifikat,,"80.000,00",MAT,,,,,
,14/03/2026,ok,Lancar Sukses,EXP.2026.03.00082,,"CETAK TRIPOD BANNER, COFFEE CARD & FLYER PROMO (Bu Maya)",,"390.000,00",MAT,,,,,
,06/03/2026,ok,Orange 15,PI.2026.03.00115,,Kaos Oversize,,"160.000,00",TF BCA to BCA,,,,,
,16/03/2026,ok,Tirta Budi Depot Air,PI.2026.03.00116,,Galon - WH,,"398.000,00",MAT,,,,,
,16/03/2026,ok,Tirta Budi Depot Air,PI.2026.03.00117,,Galon - Produksi,,"189.000,00",MAT,,,,,
,15/03/2026,ok,Toko Mumtaz,PI.2026.03.00118,,"Casava, Timus",,"1.110.000,00",MAT,,,,,
,12/03/2026,ok,Putra Mandiri Utama,PI.2026.03.00119,,Nurse Cap,,"360.000,00",MAT,,,,,
,12/03/2026,ok,Adam Suppler,PI.2026.03.00120,,"Kurma, Ragi, Garam",,"593.000,00",MAT,,,,,
,13/03/2026,ok,Fresh Fruits,PI.2026.03.00121,,Mangga Frozen,,"1.180.000,00",MAT,,,,,
,13/03/2026,ok,Sunrise,PI.2026.03.00122,,Peper Thermal,,"1.350.000,00",MAT,,,,,
,16/03/2026,ok,Rezeki Makmur,PI.2026.03.00123,,"Sendok Plastik, Garpu Plastik",,"3.110.000,00",MAT,,,,,
,16/03/2026,ok,Cendol Hijau Daun Suji,PI.2026.03.00124,,Cendol + Adm Bank,,"25.000,00",TF to BRI,,,,,
,12/03/2026,ok,Telur88,PI.2026.03.00125,LPZ,Telur,,"290.000,00",MAT,,,,,
,14/03/2026,ok,Telur88,PI.2026.03.00126,LPZ,Telur,,"155.000,00",MAT,,,,,
,09/03/2026,ok,Telur88,PI.2026.03.00127,LPZ,Telur,,"210.000,00",MAT,,,,,
,12/06/2026,ok,Kelapa Muda Minan,PI.2026.03.00128,LPZ & SMB,Kelapa Muda LPZ & SMB + Adm bank,,"292.500,00",TF to Mandiri,,,,,
,16/03/2026,ok,Kelapa Muda Minan,PI.2026.03.00129,LPZ & SMB,Kelapa Muda LPZ & SMB + Adm Bank,,"322.500,00",TF to Mandiri,,,,,
,12/03/2026,ok,Ubi Cilembu Pak Cecep,PI.2026.03.00131,LPZ,Ubi Cilembu - LPZ,,"90.000,00",MAT,,,,,
,13/03/2026,ok,Ubi Cilembu Pak Cecep,PI.2026.03.00132,,Ubi Cilembu - LPZ,,"545.000,00",MAT,,,,,
,17/03/2026,ok,Ivana Novita,EXP.2026.03.00088,,CETAK FLYER PROMO,,"103.500,00",MAT,,,,,
,14/03/2026,ok,Ivana Novita,EXP.2026.03.00083,,NOTA PRINTING BUKU MENU SMB LOUNGE,,"58.000,00",MAT,,,,,
,12/03/2026,ok,Pak Tumin,PI.2026.03.00133,,Daging Sandung Lamur,,"725.000,00",MAT,,,,,
,,,,,,,,,,,,,,
,,,26/03/2026,,,,,,,,,,,
,26/03/2026,,Pindah Dana,BT.2026.03.00015,,Pindah Dana 817-888,,"145.000.000,00",,,,,,
,16/03/2026,ok,Ayusha Vallya,JV.2026.03.01079,,Refund Customer Double Payment CC a.n Ayusha Vallya,,"108.570,00",TF to BCA,,,,,
,15/03/2026,ok,Rinda,EXP.2026.03.00110,,lalamove chiller bsd to smb lounge,,"325.225,00",MAT,,,,,
,15/03/2026,ok,Rinda,EXP.2026.03.00111,,Untuk perjalanan grab dari sms ke bsd,,"50.500,00",MAT,,,,,
,23/03/2026,ok,Bu Maya,EXP.2026.03.00112,,TIKET KEBERANGKATAN,,"450.000,00",MAT,,,,,
,18/03/2026,ok,Bu Cipta,EXP.2026.03.00113,,Pembukaan SMB,,"159.000,00",MAT,,,,,
,23/03/2026,ok,Bu Cipta,EXP.2026.03.00109,,Token hibrida,,"503.000,00",MAT,,,,,
,24/03/2026,ok,Danis Yulianto Hadi,EXP.2026.03.00102,,Strada Graphic Design Monthly - March 2026,,"6.000.000,00",MAT,,,,,
,23/03/2026,ok,PT Summarecon Investment Property,EXP.2026.03.00105,,Pengecekan Listrik 1 titik panel (LPZ),,"90.900,00",VA,,,,,
,21/03/2026,ok,PT Summarecon Investment Property,EXP.2026.03.00106,,Rent 01 - 28 Feb 2026 (LPZ),,"15.411.944,00",VA,,,,,
,21/03/2026,ok,PT Summarecon Investment Property,EXP.2026.03.00107,,Add S. Charge 01 - 28 Feb 2026 (LPZ),,"2.028.888,00",VA,,,,,
,21/03/2026,ok,PT Summarecon Investment Property (MKG),EXP.2026.03.00108,,Add Rent 01 - 28 Feb 2026 (MKG),,"174.492,00",VA,,,,,
,24/03/2026,ok,PT Makmur Orient Jaya,EXP.2026.03.00104,,"Service Charge 04-28 Feb 2026 , Levy 04-28 Feb 2026 , Rent periode 04-28 Feb 2026",,"54.505.210,00",VA,,,,,
,24/03/2026,ok,PT Summitmas Property,EXP.2026.03.00103,,"Rental Charge, Service Charge 24 Apr - 23 Juli 2026",,"42.422.500,00",TF to SMBC,,,,,
,23/03/2026,pending ,PT Mid Solusi Nusantara,EXP.2026.03.00101,,Term I - Essential Pro for Max 125 employees,,"6.105.000,03",Dibayar k minggu berikutnya,,,,,
,07/03/2026,ok,PT Mahadaya Energi,PI.2026.03.00150,BSD,LPG Energas Isi 50kg,,"1.438.500,00",TF to Mandiri,,,,,
,18/03/2026,ok,PT Restomart Cipta Usaha,PI.2026.03.00151,,DP 50% Perbaikan Unit Display Mesin Kopi,,"6.890.432,50",TF to BCA,,,,,
,10/03/2026,ok,PT Integra Kreasitama Solusindo,EXP.2026.03.00075,SMB,Internet SMB - Februari + Adm bank,,"2.787.500,00",TF to Permata,,,,,
,10/03/2026,ok,Pelita Abadi,PI.2026.03.00144,,Telur - BSD,,"205.100,00",MAT,,,,,
,14/03/2026,ok,Pelita Abadi,PI.2026.03.00145,,Telur - BSD,,"146.500,00",MAT,,,,,
,10/03/2026,ok,Pelita Abadi,PI.2026.03.00146,,Telur - SMB,,"305.000,00",MAT,,,,,
,12/03/2026,ok,Pelita Abadi,PI.2026.03.00147,,Telur - SMB,,"410.200,00",MAT,,,,,
,23/03/2026,ok,Tirta Budi,PI.2026.03.00148,,Aqua Galon,,"228.000,00",MAT,,,,,
,26/03/2026,ok,Tirta Budi,PI.2026.03.00152,,"Aqua, Cleo Galon",,"106.000,00",MAT,,,,,
,25/03/2026,ok,Cavalese,PI.2026.03.00149,,Cheesecake - SMB,,"800.000,00",MAT,,,,,
,04/03/2026,ok,Tabur Tuai Konveksi,PI.2026.03.00153,,Pelunasan Kemaja Strada Putih,,"4.100.000,00",MAT,,,,,
,26/03/2026,ok,Media Usaha Printing,PI.2026.03.00154,,Coffee Card,,"540.000,00",MAT,,,,,
,26/03/2026,,PT Mustika Cipta Rasa,,,Holland Februari 2026,,"2.707.950,00",,,,,,
,,,,,,,,,,,,,,
,,,28/03/2026,,,,,,,,,,,
,28/03/2026,,Pindah Dana,BT.2026.03.00020,,Pindah Dana Payroll LPZ,,"218.658.666,00",,,,,,
,28/03/2026,,Pindah Dana,BT.2026.03.00016,,Pindah Dana Payroll MKG,,"11.560.660,00",,,,,,
,28/03/2026,,Pindah Dana,BT.2026.03.00018,,Pindah Dana Payroll BSD,,"33.256.532,00",,,,,,
,28/03/2026,,Pindah Dana,BT.2026.03.00017,,Pindah Dana Payroll SMS,,"8.119.620,00",,,,,,
,28/03/2026,,Pindah Dana,BT.2026.03.00019,,Pindah Dana Payroll SMB,,"56.962.078,00",,,,,,
,28/03/2026,,Pindah Dana,BT.2026.03.00021,,Pindah Dana Deposit Sewa Summagung,,"12.000.000,00",,,,,,
,23/03/2026,,PT Mid Solusi Nusantara,EXP.2026.03.00101,,Term I - Essential Pro for Max 125 employees,,"6.105.000,03",,,,,,
,28/03/2026,,Yoseph Louis,JV.2026.03.01122,,Deposit Sewa Kantor Summagung,,"12.000.000,00",,,,,,
,,,,,,,,,,,,,,
,,,31 Maret 2026,,,,,,,,,,,
,31/03/2026,,Pindah Dana,BT.2026.03.00022,,Pindah Dana 817-888,,"20.000.000,00",,,,,,
,31/03/2026,,Winpack.id,PI.2026.03.00197,,DP 50% Cup Frosted Ice Urgent,,"5.475.000,00",,,,,,
,,,,,,,,,,,,,,
,,,3 April 2026,,,,,,,,,,,
,02/04/2026,,Pindah Dana,BT.2026.04.00001,,Pindah Dana 1688-888,,"245.000.000,00",TF,,,,,
,27/03/2026,ok,Ivana Novita,EXP.2026.03.00120,,PRINTING FLYER TABLE,,"81.000,00",MAT,,,,,
,28/03/2026,ok,Ivana Novita,EXP.2026.03.00121,,PRINTING FLYER TABLE,,33.500,MAT,,,,,
,30/03/2026,ok,Andrian saputra wijaya,EXP.2026.03.00122,,Bensin dan parkir,,31.000,MAT,,,,,
,30/03/0206,ok,Chris,PI.2026.03.00216,,Pembelian Whip cream rich,,"695.200,00",MAT,,,,,
,30/03/2026,ok,Chris,PI.2026.03.00217,,Pembelian mango pure,,"624.400,00",MAT,,,,,
,30/03/2026,ok,Chris,PI.2026.03.00215,,Pembelian casava frozen,,"612.800,00",MAT,,,,,
,31/03/2026,ok,Nabila indah yulianti,EXP.2026.03.00123,,Reimburse member parkir staff la piazza,,200.000,MAT,,,,,
,01/04/2026,ok,Chris,PI.2026.03.00213,,Pembelian Ubi Cilembu 1 Apr,,"84.000,00",MAT,,,,,
,02/04/2026,ok,Christ,PI.2026.04.00012,,pembeliann ubi ,,"197.000,00",MAT,,,,,
,02/04/2026,ok,Chris,EXP.2026.04.00002,,Ekspedisi kiriman cookies ke sms,,"69.189,00",MAT,,,,,
,27/03/2026,ok,Chris,EXP.2026.03.00116,,Nota tol dan parkir 27 28 30 Mar,,"94.500,00",MAT,,,,,
,30/03/2026,ok,Chris,EXP.2026.03.00117,,bensin mobil 30 Mar,,"351.760,00",MAT,,,,,
,02/04/2026,ok,Yayasan Grand Valley Wisdom Center (KWIK CYNTHIA OR TJANDRA ),EXP.2026.04.00005,,Biaya Pemasaran,,"2.500.000,00",TF BCA,,,,,
,01/04/2026,ok,Novi Duana Sari (485-1212129),EXP.2026.04.00004,,Perbaikan Listrik Hibrida,,"480.000,00",TF BCA,,,,,
,02/04/2026,ok,BPJSTK,EXP.2026.04.00003,,BPJSTK Maret 2026,,"1.267.560,00",TAGIHAN,,,,,
,30/03/2026,ok,Yoseph Loius,EXP.2026.03.00119,,Pelunasan sisa sewa Summagung,,"98.191.780,00",PENDING,,,,,
,25/03/2026,ok,PT Satu Bahtera Nusantara,EXP.2026.03.00124,,Instagram Package + Adm Bank,,"7.352.500,00",TF CIMB,,,,,
,01/04/2026,ok,PT Sumitmas Property,JV.2026.04.00069,,Deposit Contractor for renovation at STRADA COFFEE 1F + Adm Bank,,"6.002.500,00",TF SMBC,,,,,
,31/03/2026,ok,PT Berkah Surya Bersinar,PI.2026.03.00163,,"Powder Coklat, Powder Matcha",,"4.800.000,00",MAT,,,,,
,28/03/2026,ok,PT Berkah Surya Bersinar,PI.2026.03.00193,,"Black Forest, dll",,"29.725.000,00",MAT,,,,,
,16/03/2026,ok,PT Artemis Adhi Tirta,PI.2026.03.00195,,Spiva,,"4.495.500,00",MAT,,,,,
,09/03/2026,ok,PT Artemis Adhi Tirta,PI.2026.03.00200,,Spiva,,"2.997.000,00",MAT,,,,,
,27/03/2026,ok,PT Jenindo Prakarsa,PI.2026.03.00208,,Kara Santan+Adm Bank,,"3.402.636,00",TF DANAMON,,,,,
,18/03/2026,ok,PT Sukanda Djaya,PI.2026.03.00204,,UHT Full Cream,,"4.202.200,00",MAT,,,,,
,25/03/2026,ok,PT Sukanda Djaya,PI.2026.03.00203,,French Fries,,"696.000,00",MAT,,,,,
,12/03/2026,ok,PT Sukanda Djaya,PI.2026.03.00202,,French Fries,,"1.160.000,00",MAT,,,,,
,17/03/2026,ok,PT Sukanda Djaya,PI.2026.03.00205,,Oatmilk,,"1.118.880,00",MAT,,,,,
,24/03/2026,ok,PT Mulia Raya Agrijaya,PI.2026.03.00206,,Anchor Unsalted Butter,,"1.953.843,00",MAT,,,,,
,12/03/2026,ok,PT Mulia Raya Agrijaya,PI.2026.03.00207,,Keju Slice Orange,,"583.549,00",MAT,,,,,
,06/03/2026,ok,PT Sanpota Batara Indonesia,PI.2026.03.00209,,Cup Frosted Ice,,"4.900.000,00",MAT,,,,,
,06/03/2026,ok,PT Sanpota Batara Indonesia,PI.2026.03.00210,,Cup Frosted Ice,,"490.000,00",MAT,,,,,
,10/03/2026,ok,PT Greenfields Indonesia,PI.2026.04.00010,,Freshmilk LPZ,,"1.184.340,00",MAT,,,,,
,27/02/2026,ok,PT Greenfields Indonesia,PI.2026.02.00287,,Freshmilk LPZ,,"1.184.340,00",MAT,,,,,
,02/03/2026,ok,PT Greenfields Indonesia,PI.2026.03.00211,,Freshmilk SMB,,"710.604,00",MAT,,,,,
,04/03/2026,ok,PT Greenfields Indonesia,PI.2026.03.00212,,Freshmilk SMB,,"1.894.944,00",MAT,,,,,
,09/03/2026,ok,PT Greenfields Indonesia,PI.2026.04.00011,,Freshmilk SMB,,"1.184.340,00",MAT,,,,,
,06/03/2026,ok,PT Greenfields Indonesia,PI.2026.03.00213,,Freshmilk LPZ,,"1.421.208,00",MAT,,,,,
,27/03/2026,ok,PT Anak Mas Indonesia,PI.2026.03.00155,,Ladaku,,"1.799.976,00",MAT,,,,,
,27/03/2026,ok,PT Armasco Prima,PI.2026.03.00156,,Oatmilk UFC,,"360.000,00",TF BCA,,,,,
,30/03/2026,ok,PT Prambanan Kencana,PI.2026.03.00157,,Arla Pizza Topping Sticks,,"2.420.000,00",MAT,,,,,
,30/03/2026,ok,PT Tri Sarana Maju Mandiri,PI.2026.03.00164,,Terigu Segitiga,,"1.420.000,00",MAT,,,,,
,28/03/2026,ok,PT Asher Berkat Abadi,PI.2026.03.00165,,Aqua Galon - MKG,,"126.000,00",MAT,,,,,
,02/04/2026,ok,PT Santosa Utama Lestari,PI.2026.04.00002,,Beras Ayana,,"2.460.000,00",MAT,,,,,
,24/03/2026,ok,PT Masuya Graha Trikencana,PI.2026.03.00194,,Freshmilk KIN,,"528.000,00",MAT,,,,,
,25/03/2026,ok,PT Artarya Jaya Lestari,PI.2025.03.00199,,Pengadaan Bar SCBD,,"491.448,00",TF BCA,,,,,
,30/03/2026,ok,CV Panen Raya Indonesia,PI.2026.04.00001,,Frozen Cake,,"3.764.320,00",MAT,,,,,
,30/03/2026,ok,CV Panen Raya Indonesia,PI.2026.03.00158,,Frozen Food,,"4.569.010,00",MAT,,,,,
,26/03/2026,ok,CV Panen Raya Indonesia,PI.2026.03.00159,,Frozen Cake,,"2.665.146,00",MAT,,,,,
,26/03/2026,ok,CV Panen Raya Indonesia,PI.2026.03.00160,,"Sauce, Bumbu",,"1.175.500,00",MAT,,,,,
,26/03/2026,ok,CV Panen Raya Indonesia,PI.2026.03.00161,,Kerupuk Rambak,,"172.500,00",MAT,,,,,
,31/03/2026,ok,CV Panen Raya Indonesia,PI.2026.03.00166,,Cup Frosted,,"790.000,00",MAT,,,,,
,30/03/2026,ok,CV Asaku,PI.2026.03.00162,,Tissue Livi,,"1.030.647,00",MAT,,,,,
,16/03/2026,ok,Rumah Sayur,PI.2026.04.00004,,Sayuran LPZ,,"477.625,00",MAT,,,,,
,16/03/2026,ok,Rumah Sayur,PI.2026.03.00176,,Buah Bar LPZ,,"229.900,00",MAT,,,,,
,19/03/2026,ok,Rumah Sayur,PI.2026.03.00177,,Apel Hijau Bar LPZ,,"12.300,00",MAT,,,,,
,19/03/2026,ok,Rumah Sayur,PI.2026.03.00178,,Sayuran LPZ,,"1.229.025,00",MAT,,,,,
,27/03/2026,ok,Rumah Sayur,PI.2026.03.00179,,Buah Bar LPZ,,"116.125,00",MAT,,,,,
,27/03/2026,ok,Rumah Sayur,PI.2026.03.00180,,Sayuran LPZ,,"559.300,00",MAT,,,,,
,18/03/2026,ok,Rumah Sayur,PI.2026.03.00181,,Jeruk Nipis - BSD,,"9.500,00",MAT,,,,,
,18/03/2026,ok,Rumah Sayur,PI.2026.03.00182,,Sayuran BSD,,"218.452,00",MAT,,,,,
,25/03/2026,ok,Rumah Sayur,PI.2026.03.00183,,Sayuran BSD,,"467.469,80",MAT,,,,,
,27/03/2026,ok,Rumah Sayur,PI.2026.03.00184,,Buah Bar BSD,,"143.249,00",MAT,,,,,
,16/03/2026,ok,Rumah Sayur,PI.2026.03.00185,,Buah Bar SMB,,"239.200,00",MAT,,,,,
,25/03/2026,ok,Rumah Sayur,PI.2026.03.00186,,Strawberry SMB,,"267.850,01",MAT,,,,,
,18/03/2026,ok,Rumah Sayur,PI.2026.03.00187,,Kentang SMB,,"29.800,00",MAT,,,,,
,18/03/2026,ok,Rumah Sayur,PI.2026.03.00188,,Sayuran Kitchen SMB,,"728.054,50",MAT,,,,,
,27/03/2026,ok,Rumah Sayur,PI.2026.03.00189,,Buah Sayur SMB,,"299.400,00",MAT,,,,,
,16/03/2026,ok,Rumah Sayur,PI.2026.03.00190,,Alpukat Produksi,,"897.840,00",MAT,,,,,
,25/03/2026,ok,Rumah Sayur,PI.2026.03.00214,,Alpukat Produksi,,"863.090,00",MAT,,,,,
,16/03/2026,ok,Anugerah Karya Utama,PI.2026.03.00191,,Boneless Dada Paha Ayam,,"2.403.600,00",MAT,,,,,
,13/03/2026,ok,Anugerah Karya Utama,PI.2026.03.00192,,Boneless Dada Paha Ayam,,"3.218.000,00",MAT,,,,,
,28/03/2026,ok,Armin,PI.2026.03.00167,,Selai Kacang Skippy,,"660.000,00",MAT,,,,,
,27/03/2026,ok,Cavalese,PI.2026.03.00168,BSD,Cheesecake - BSD,,"400.000,00",MAT,,,,,
,27/03/2026,ok,Cavalese,PI.2026.03.00169,,Cheesecake - LPZ,,"400.000,00",MAT,,,,,
,28/03/2026,ok,Cavalese,PI.2026.03.00170,,Cheesecake - SMB,,"800.000,00",MAT,,,,,
,01/04/2026,ok,Cavalese,PI.2026.04.00003,,Cheesecake - SMB,,"800.000,00",MAT,,,,,
,25/03/2026,ok,Tirta Budi,PI.2026.03.00171,,"Aqua Galon, Amidis, Le Minerale",,"210.000,00",MAT,,,,,
,31/03/2026,ok,Kelapa Muda Minan,PI.2026.03.00172,SMB LPZ,Kelapa Muda,,"322.500,00",TF BRI,,,,,
,01/04/2026,ok,Kelapa Muda Minan,PI.2026.04.00006,SMB,Kelapa Muda,,"170.000,00",TF BRI,,,,,
,26/01/2026,ok,Suket Teki Super Store,PI.2026.03.00173,,"Nutrijell Plain, dll",,"1.890.000,00",MAT,,,,,
,27/03/2026,ok,Cendol Hijau Daun Suji,PI.2026.03.00174,,Cendol + Adm Bank,,"32.500,00",TF to BRI,,,,,
,30/03/2026,ok,Mustika Buana Kumala,PI.2026.03.00175,,ATK,,"1.132.850,00",MAT,,,,,
,01/04/2026,ok,Fresh Fruits,PI.2026.04.00005,,Mangga Harumanis,,"1.180.000,00",MAT,,,,,
,31/03/2026,ok,Adam Supplier,PI.2026.03.00196,,Bawang Merah ,,"1.303.500,00",MAT,,,,,
,31/03/2026,ok,Winpack.id,PI.2026.03.00198,,Pelunasan Frosted Cup,,"5.475.000,00",TF,,,,,
,02/04/2026,ok,Dekornata,PI.2026.04.00007,,Buku Menu,,"690.000,00",TF,,,,,
,01/04/2026,ok,Senen Indah,PI.2026.04.00008,,Pengadaan Kitchen SCBD,,"1.967.000,00",TF,,,,,
,25/03/2026,ok,Foodteco,PI.2026.03.00201,,Pengadaan Kitchen SCBD,,"3.132.900,00",TF,,,,,
,01/04/2026,ok,Rezeki Makmur,PI.2026.04.00009,,"Lakban, Plastik Sampah",,"1.680.000,00",TF,,,,,
,01/04/2026,,PT Summarecon Investment,EXP.2026.04.00006,,SC LPZ - Inc GF - 10 # 1 Apr 2026 - 30 Apr 2026 (LPZ),,"25.250.000,00",VA,,,,,
,01/04/2026,,PT Summarecon Investment,EXP.2026.04.00007,,Air Periode : 21/02/2026 s/d 20/03/2026 (LPZ),,"2.846.340,00",VA,,,,,
,01/04/2026,,PT Summarecon Investment,EXP.2026.04.00008,,Gas Periode : 21/02/2026 s/d 20/03/2026 (LPZ),,"12.888.712,00",VA,,,,,
,01/04/2026,,PT Summarecon Investment,EXP.2026.04.00009,,Listrik Periode : 21/02/2026 s/d 20/03/2026 (LPZ),,"9.940.163,00",VA,,,,,
,01/04/2026,,PT Summarecon Investment,EXP.2026.04.00010,,Biaya Pemeliharaan Listrik Periode : 21/02/2026 s/d 20/03/2026 (LPZ),,"5.661.899,00",VA,,,,,
,01/04/2026,,PT Summarecon Investment (MKG),EXP.2026.04.00011,,Rental Angsuran - Pendapatan 1F - K / 203 # 1 Apr 2026 - 30 Apr 2026 (MKG),,"393.900,00",VA,,,,,
,01/04/2026,,PT Summarecon Investment (MKG),EXP.2026.04.00012,,Service Charges - Pendapatan 1F - K / 203 # 1 Apr 2026 - 30 Apr 2026 (MKG),,"2.636.100,00",VA,,,,,
,01/04/2026,,PT Summarecon Investment (MKG),EXP.2026.04.00013,,Listrik Periode : 21/02/2026 s/d 20/03/2026 (MKG),,"531.593,00",VA,,,,,
,01/04/2026,,PT Summarecon Investment (MKG),EXP.2026.04.00014,,Biaya Pemeliharaan Listrik Periode : 21/02/2026 s/d 20/03/2026 (MKG),,"254.520,00",VA,,,,,
,01/04/2026,,PT Lestari Mahadibya (SMS),EXP.2026.04.00015,,Service Charge - Monthly 1F - IC22 # 01 Apr - 30 Apr 2026 (SMS),,"1.568.025,00",VA,,,,,
,01/04/2026,,PT Lestari Mahadibya (SMS),EXP.2026.04.00016,,Electric : 21/02/2026 - 20/03/2026 1F - IC22 (SMS),,"545.368,00",VA,,,,,
,01/04/2026,,PT Lestari Mahadibya (SMS),EXP.2026.04.00017,,Biaya Pemeliharaan Electric : 21/02/2026 - 20/03/2026 1F - IC22 (SMS),,"356.839,00",VA,,,,,
,01/04/2026,,PT Lestari Mahadibya (SMS),EXP.2026.04.00018,,PAM : 21/02/2026 - 20/03/2026 1F - IC22 (SMS),,"53.892,00",VA,,,,,
,,,,,,,,,,,,,,
,,,06 April 2026,,,,,,,,,,,
,06/04/2026,,Pindah Dana,BT.2026.04.00002,,Pindah Dana Pelunasan Summagung,,"62.000.000,00",TF,,,,,
,30/03/2026,ok,Yoseph Loius,EXP.2026.03.00119,,Pelunasan sisa sewa Summagung,,"98.191.780,00",TF,,,,,
,,,,,,,,,,,,,,
,,,9 April 2026,,,,,,,,,,,
,09/04/2026,,Pindah Dana,BT.2026.04.00003,,Pindah Dana 817-888,,"250.000.000,00",TF,,,,,
,09/04/2026,,Pindah Dana,BT.2026.04.00004,,Pindah Dana 1688-888,,"150.000.000,00",TF,,,,,
,30/03/2026,ok,Evani,EXP.2026.03.00126,,"Pemeliharaan mobil, isi bensin, tol ke bsd",,525.500,MAT,,,,,
,03/04/2026,ok,Evani,EXP.2026.04.00032,,Tol bsd,,"26.500,00",MAT,,,,,
,02/04/2026,ok,Rinda,EXP.2026.04.00033,,visit dari sms ke bsd dan dari scbd ke lapiz // email bu rinda error,,87.500,MAT,,,,,
,04/04/2026,ok,Rinda,EXP.2026.04.00035,,transportasi dari scbd ke smb ,,133.500,MAT,,,,,
,05/04/2026,ok,ALFIRA,EXP.2026.04.00036,,kebutuhan event PSS ,,114.600,MAT,,,,,
,04/04/2026,ok,Ivana Novita,EXP.2026.04.00037,,PRINTING SCBD (CUTTING STIKER & COFFEE BEANS MENU),,"98.000,00",MAT,,,,,
,05/04/2026,ok,MAYA,EXP.2026.04.00038,,PRINTING HAND BOOK BAR (SCBD),,"109.000,00",MAT,,,,,
,01/04/2026,ok,MAYA,EXP.2026.04.00039,,TIKET KE SEMARANG & PARKIR ST GAMBIR,,"455.000,00",MAT,,,,,
,01/04/2026,ok,MAYA,EXP.2026.04.00040,,GOJEK Gambir - Hibrida,,"50.000,00",MAT,,,,,
,02/04/2026,ok,MAYA,EXP.2026.04.00041,,GOJEK LPZ - Hibrida,,"9.500,00",MAT,,,,,
,03/04/2026,ok,MAYA,EXP.2026.04.00042,,"GOJEK Hibrida - LPZ, Apart Bu Evani - Hibrida",,"37.500,00",MAT,,,,,
,04/04/2026,ok,MAYA,EXP.2026.04.00043,,GOJEK Hibrida - LPZ - Hibrida,,"19.000,00",MAT,,,,,
,05/04/2026,ok,MAYA,EXP.2026.04.00044,,GOJEK Hibrida - Rawamangun - LPZ - Hibrida,,"48.500,00",MAT,,,,,
,01/04/2026,ok,Angela Cipta,EXP.2026.04.00046,,Perjalanan Hibrida - ST. Gambir,,"44.000,00",MAT,,,,,
,06/04/2026,ok,Chris,PI.2026.04.00053,,Pemenuhan warehouse,,"47.600,00",MAT,,,,,
,06/04/2026,ok,Chris,EXP.2026.04.00047,,Tol SMB 6 Apr,,"28.000,00",MAT,,,,,
,06/04/2026,ok,Chris,EXP.2026.04.00048,,Tol SMB 2 6 apr,,"48.500,00",MAT,,,,,
,06/04/2026,ok,MAYA,EXP.2026.04.00049,,GOJEK,,"302.700,00",MAT,,,,,
,08/04/2026,ok,Chris,EXP.2026.04.00050,,Pickup lalamove senen indah utk SCBD,,"55.188,00",MAT,,,,,
,07/04/2026,ok,Chris,PI.2026.04.00055,,Ubi Cilembu Setyowati ,,"197.000,00",MAT,,,,,
,05/04/2026,ok,RINDA,EXP.2026.04.00051,,Transportasi dari SCBD ke SMS,,139.500,MAT,,,,,
,05/04/2026,ok,ALFIRA,EXP.2026.04.00052,,TRANSPORTASI LOADING IN DAN LOADING OUT EVENT PSS,,210.000,MAT,,,,,
,07/04/2026,ok,MAYA,EXP.2026.04.00053,,GOJEK,,"240.500,00",MAT,,,,,
,07/04/2026,ok,Chris,EXP.2026.04.00054,,Parkir Media usaha dan MKG,,"10.000,00",MAT,,,,,
,06/04/2026,ok,Ivana Novita,EXP.2026.04.00055,,PRINTING,,"206.500,00",MAT,,,,,
,02/04/2026,ok,Riska,EXP.2026.04.00056,,"untuk Perpanjang member parkir motor SMB (Riska, anang, yugo, dzaky, Tiara, Rui, Bayu) serta pembuatan member parkir baru (sergy)",,"525.000,00",MAT,,,,,
,06/04/2026,ok,MAYA,EXP.2026.04.00057,,PRINT BROSUR SCBD,,"85.150,00",MAT,,,,,
,06/04/2026,ok,MAYA,EXP.2026.04.00058,,ONGKIR PRINTING,,"70.000,00",MAT,,,,,
,08/04/2026,ok,Chris,PI.2026.04.00054,,Ubi setyowati,,"270.500,00",MAT,,,,,
,08/04/2026,ok,Chris,PI.2026.04.00056,,Pembelian whip cream rich plus ongkir,,"687.402,00",MAT,,,,,
,07/04/2026,ok,RINDA,EXP.2026.04.00059,,transportasi dari smb ke scbd,,"129.000,00",MAT,,,,,
,06/04/2026,ok,Bapenda Tangerang,PI.2026.04.00014,,Pajak PB1 SMS,,"1.985.435,00",TF BJB,DONE,,,,
,09/04/2026,ok,Derren Mokoginta,EXP.2026.04.00065,,Quinos SCBD,,"14.250.000,00",TF,,,,,
,01/04/2026,ok,Iwan Junianto,EXP.2026.04.00030,,Iuran Pengelolaan Lingkungan Hidup untuk Bulan April 2026 - HIbrida,,"500.002,00",MAT,,,,,
,06/04/2026,ok,Novi Duana Sari,EXP.2026.04.00029,,Service AC - HIBRIDA,,"445.000,00",TF,,,,,
,25/03/2026,ok,Pak Ratya,EXP.2026.03.00125,,Jasa Konsultasi Maret 2026,,"1.500.000,00",TF,,,,,
,10/01/2026,ok,PT Mentari Trans Nusantara,EXP.2026.04.00061,,Ongkir Sango + Admin Bank,,"202.500,00",TF Mandiri,,,,,
,01/04/2026,ok,PT Berkat Tiga Putera,EXP.2026.04.00062,,Eldi - SMB Gold Lounge,,"18.041.000,00",TF,,,,,
,07/04/2026,ok,PT Berkat Tiga Putera,EXP.2026.04.00063,,Commitment Fee - KEM Tower,,"20.000.000,00",TF,,,,,
,08/04/2026,ok,PT Berkat Tiga Putera,EXP.2026.04.00064,,Eldi DP Fit Out Summitmas SCBD,,"54.976.047,00",TF,,,,,
,10/03/2026,ok,PT Greenfilds Indonesia,PI.2026.03.00230,,Freshmilk - BSD,,"710.604,00",MAT,,,,,
,13/03/2026,ok,PT Greenfilds Indonesia,PI.2026.03.00229,,Freshmilk ,,"1.184.340,00",MAT,,,,,
,10/03/2026,ok,PT Greenfilds Indonesia,PI.2026.03.00228,,Yogurt,,"228.571,00",MAT,,,,,
,10/03/2026,ok,PT Greenfilds Indonesia,PI.2026.03.00227,,Freshmilk,,"1.184.340,00",MAT,,,,,
,03/03/2026,ok,PT Greenfilds Indonesia,PI.2026.03.00243,,Freshmilk,,"1.421.208,00",MAT,,,,,
,04/04/2026,ok,PT Berkah Surya Bersinar,PI.2026.04.00030,,Box Premium Hampers,,"575.000,00",MAT,,,,,
,02/04/2026,ok,PT Berkah Surya Bersinar,PI.2026.04.00026,,"Black Forest, dll",,"30.870.000,00",MAT,,,,,
,04/04/2026,ok,PT Tian Liong,PI.2026.04.00029,SCBD,Wok,,"216.600,00",MAT,,,,,
,25/03/2026,ok,PT Tian Liong,PI.2026.03.00236,SCBD,"Can Glass, dll",,"6.257.650,00",MAT,,,,,
,25/03/2026,ok,PT Mulia Raya Agrijaya,PI.2026.03.00241,,Mix Vegetable,,"599.999,00",MAT,,,,,
,17/03/2026,ok,PT Agro Tritunggal Mandiri,PI.2026.03.00233,,Sayuran Kitchen - BSD,,1.274.100,MAT,,,,,
,17/03/2026,ok,PT Agro Tritunggal Mandiri,PI.2026.03.00232,,Lemon Bar - BSD,,"11.000,00",MAT,,,,,
,10/03/2026,ok,PT Sanpota Batara Indonesia,PI.2026.03.00235,,Thinwall,,"612.315,00",MAT,,,,,
,31/03/2026,ok,PT Sukanda Djaya,PI.2026.03.00231,,Oat Milk,,"745.920,00",MAT,,,,,
,10/03/2026,ok,PT Sukanda Djaya,"PI.2026,03,00097",,Oat Milk,,1.000.000,MAT,,,,,
,28/03/2026,ok,PT Artemis Adhi Tirta,PI.2026.03.00238,,Spiva Water,,4.495.500,MAT,,,,,
,27/03/2026,ok,PT Anggana Catur Prima,PI.2026.03.00226,,"Kayu Manis, Soda Kue",,"307.800,00",MAT,,,,,
,27/03/2026,ok,PT Sadhana Ekapraya Amitra,PI.2026.03.00225,,Chiller - SCBD,,"3.600.000,00",TF,,,,,
,09/04/2026,ok,PT Man Sukses Abadi,PI.2026.04.00040,,Gas Deep Fryer,,"5.950.000,00",TF,,,,,
,02/04/2026,ok,CV Panen Raya Indonesia,PI.2026.04.00025,,Frozen Cake,,"2.673.850,00",MAT,,,,,
,02/04/2026,ok,CV Panen Raya Indonesia,PI.2026.04.00032,,Frozen Food,,"3.834.160,00",MAT,,,,,
,06/04/2026,ok,CV Panen Raya Indonesia,PI.2026.04.00046,,Frozen Cake,,"2.460.000,00",MAT,,,,,
,06/04/2026,ok,CV Panen Raya Indonesia,PI.2026.04.00050,,Frozen Food,,"3.210.850,00",MAT,,,,,
,06/04/2026,ok,CV Panen Raya Indonesia,PI.2026.04.00051,,Frozen Food,,"2.182.340,00",MAT,,,,,
,09/04/2026,ok,CV Sarana Edukasi Sejahtera,PI.2026.04.00034,,Pomona Syrup,,"990.000,00",MAT,,,,,
,08/04/2026,ok,CV Cipta Karunia Sejati,PI.2026.04.00045,,Stempel,,"450.000,00",MAT,,,,,
,07/04/2026,ok,CV Asaku,PI.2026.04.00047,,Tissue,,"873.000,00",MAT,,,,,
,25/03/2026,ok,Rumah Sayur,PI.2026.03.00234,,Sayuran - LPZ,,"1.249.867,00",MAT,,,,,
,01/04/2026,ok,Rumah Sayur,PI.2026.04.00022,,"Strawberry, Sunkist - SMB",,"292.900,00",MAT,,,,,
,04/04/2026,ok,Rumah Sayur,PI.2026.04.00021,,Sayuran - BSD,,"266.528,17",MAT,,,,,
,01/04/2026,ok,Rumah Sayur,PI.2026.04.00020,,Buah - Produksi,,"838.380,00",MAT,,,,,
,01/04/2026,ok,Rumah Sayur,PI.2026.04.00019,,Sayuran - SMB,,"813.961,00",MAT,,,,,
,29/03/2026,ok,Rumah Sayur,PI.2026.03.00224,,Buah - SMB,,"256.541,68",MAT,,,,,
,29/03/2026,ok,Rumah Sayur,PI.2026.03.00223,,Sayuran - SMB,,"909.350,00",MAT,,,,,
,31/03/2026,ok,Rumah Sayur,PI.2026.03.00222,,Buah Bar - LPZ,,"132.750,00",MAT,,,,,
,01/04/2026,ok,Rumah Sayur,PI.2026.04.00027,,"Jeruk nipis, sereh bar - LPZ",,"8.125,00",MAT,,,,,
,31/03/2026,ok,Rumah Sayur,PI.2026.03.00221,,Sayuran - Kitchen LPZ,,"767.025,00",MAT,,,,,
,03/04/2026,ok,Rumah Sayur,PI.2026.04.00028,,Sayuran - Kitchen BSD,,"223.975,00",MAT,,,,,
,31/03/2026,ok,Rumah Sayur,PI.2026.03.00239,,Sayuran - Kitchen BSD,,"420.232,50",MAT,,,,,
,01/04/2026,ok,Rumah Sayur,PI.2026.04.00033,,Sayuran - Kitchen LPZ,,"1.017.250,00",MAT,,,,,
,16/03/2026,ok,Rumah Sayur,PI.2026.03.00219,,Sayuran - SMB2,,"1.823.834,50",MAT,,,,,
,27/03/2026,ok,Rumah Sayur,PI.2026.03.00218,,Sayuran - BSD,,"301.730,50",MAT,,,,,
,03/04/2026,ok,Toko Mumtaz,PI.2026.04.00017,,Casava,,"710.000,00",MAT,,,,,
,31/03/2026,ok,Tirta Budi,PI.2026.03.00220,,"Amidis, Aqua Galon, Le Minerale",,"273.000,00",MAT,,,,,
,04/04/2026,ok,Tirta Budi,PI.2026.04.00018,,Aqua Galon,,"84.000,00",MAT,,,,,
,08/04/2026,ok,Tirta Budi,PI.2026.04.00037,,"Le Minerale - Produksi, Office",,"126.000,00",MAT,,,,,
,08/04/2026,ok,Tirta Budi,PI.2026.04.00041,,"Amidis, Aqua Galon, Cleo",,"254.000,00",MAT,,,,,
,06/04/2026,ok,Tirta Budi,PI.2026.04.00039,,"Le Minerale - Produksi, Office",,"84.000,00",MAT,,,,,
,10/03/2026,ok,Suket Teki Super Store,PI.2026.03.00240,,"Kerupuk Bawang, dll",,"956.000,00",MAT,,,,,
,07/04/2026,ok,Toko Sinar Mas,PI.2026.04.00049,,"Keju, dll",,"1.648.000,00",MAT,,,,,
,02/04/2026,ok,Sunrise,PI.2026.04.00016,,Thermal,,"1.350.000,00",MAT,,,,,
,07/04/2026,ok,Adam Supplier,PI.2026.04.00044,,"Bawang Merah, dll",,"1.524.000,00",MAT,,,,,
,30/03/2026,ok,Anugerah Karya Utama,PI.2026.03.00244,,Dada Paha Boneless,,"1.190.000,00",MAT,,,,,
,13/03/2026,ok,Mustika Buana Kumala,PI.2026.03.00237,,ATK,,"2.224.750,00",MAT,,,,,
,06/04/2026,ok,Kelapa Muda Minan,PI.2026.04.00024,,Kelapa Muda - SMB LPZ,,"322.500,00",TF,,,,,
,09/04/2026,ok,Kelapa Muda Minan,PI.2026.04.00036,,Kelapa Muda - SMB LPZ,,"270.000,00",,,,,,
,08/04/2026,ok,Cavalese,PI.2026.04.00048,,Cheesecake - SMB,,"800.000,00",MAT,,,,,
,06/04/2026,ok,Cavalese,PI.2026.04.00023,,Cheesecake - SMB,,"800.000,00",MAT,,,,,
,01/04/2026,oki,Cavalese,PI.2026.04.00031,,Cheesecake - LPZ,,"400.000,00",MAT,,,,,
,07/04/2026,ok,M2,PI.2026.04.00035,SCBD,Lion Star - SCBD,,"774.710,00",MAT,,,,,
,07/04/2026,ok,M2,PI.2026.04.00038,SCBD,Lion Star - SCBD,,"2.641.660,00",MAT,,,,,
,08/04/2026,ok,Rezeki Makmur,PI.2026.04.00043,,Plastik Takeaway Besar,,"1.750.000,00",MAT,,,,,
,07/04/2026,ok,Toko Mumtaz,PI.2026.04.00042,,"Casava, Timus",,"910.000,00",MAT,,,,,
,08/04/2026,ok,Pak Tumin,PI.2026.04.00052,,Strawberry - BSD,,"136.000,00",MAT,,,,,
,04/04/2026,ok,Lancar Sukses,EXP.2026.04.00034,,PRINTING TRIPOD BANNER,,"660.000,00",MAT,,,,,
,,,,,,,,,,,,,,
,,,10/04/2026,,,,,,,,,,,
,05/04/2026,,Niko Questera,EXP.2026.04.00072,,Pembelian Listrik Hibrida,,"1.001.750,00",,,,,,
,08/04/2026,ok,Accurate,EXP.2026.04.00045,,Accurate Maret 2026,,"222.000,00",VA,,,,,
,31/03/2026,ok,PT Mahadaya Energi,PI.2026.03.00242,,LPG Energi Isi 50kg,,"1.536.500,00",TF MANDIRI,,,,,
,06/04/2026,ok,Bapenda Jakarta,PI.2026.04.00015,,Pajak PB1 LPZ + MKG + Adm Bank,,"44.567.318,00",TAGIHAN,,,,,
,09/04/2026,,Bapenda Bekasi,DFT.25299,,Pajak PB1 SMB + SMB GL + Adm Bank,,"66.437.872,00",TF BJB,,,,,
,01/04/2026,ok,PT Makmur Orient Jaya,EXP.2026.04.00066,,"Listrik SG FB - 209, 210 March 2026",,"8.941.511,00",VA,,,,,
,01/04/2026,ok,PT Makmur Orient Jaya,EXP.2026.04.00067,,Listrik SG FB1 - 210 O March 2026,,"3.797.297,00",VA,,,,,
,01/04/2026,ok,PT Makmur Orient Jaya,EXP.2026.04.00068,,Air FB1 - 210 O March 2026,,"2.371.500,00",VA,,,,,
,01/04/2026,ok,PT Makmur Orient Jaya,EXP.2026.04.00069,,Gas LNG FB1 - 210 O March 2026,,"9.777.811,00",VA,,,,,
,,,,,,,,,,,,,,
,,,13/04/2026,,,,,,,,,,,
,14/04/2026,,Pindah Dana,BT.2026.04.00005,,Pindah Dana 817-888,,"37.000.000,00",,,,,,
,09/04/2026,,PT Man Sukses Abadi,DFT.25500,,Standing Gas 4 Burner,,"6.000.000,00",,,,,,
,11/04/2026,,PT Foodteco,"DFT.25524",,Pengadaan Kitchen SCBD,,"13.466.700,00",,,,,,
,14/04/2026,,Pajak,EXP.2026.04.00079,,SC LPZ - Inc GF - 10 # 1 Mar 2026 - 31 Mar 2026 (LPZ),,"2.500.000,00",VA,,,,,
,,,,,,Air Periode : 21/01/2026 s/d 20/02/2026 (LPZ),,"308.520,00",,,,,,
,,,,,,Gas Periode : 21/01/2026 s/d 20/02/2026 (LPZ),,"1.241.240,00",,,,,,
,,,,,,Listrik Periode : 21/01/2026 s/d 20/02/2026 (LPZ),,"992.658,40",,,,,,
,,,,,,Biaya Pemeliharaan Listrik Periode : 21/01/2026 s/d 20/02/2026 (LPZ),,"561.358,00",,,,,,
,,,,,,Service Charge - Monthly 1F - IC22 # 01 Mar - 31 Mar 2026 (SMS),,"155.250,00",,,,,,
,,,,,,Electric : 21/01/2026 - 20/02/2026 1F - IC22 (SMS),,"78.373,50",,,,,,
,,,,,,Biaya Pemeliharaan Electric : 21/01/2026 - 20/02/2026 1F - IC22 (SMS),,"38.466,90",,,,,,
,,,,,,PAM : 21/01/2026 - 20/02/2026 1F - IC22 (SMS),,"8.232,00",,,,,,
,,,,,,Service During Tenant Fit Out (SMB GL),,"39.600,00",,,,,,
,,,,,,Rental Angsuran - Pendapatan 1F - K / 203 # 1 Mar 2026 - 31 Mar 2026 (MKG),,"39.000,00",,,,,,
,,,,,,Service Charges - Pendapatan 1F - K / 203 # 1 Mar 2026 - 31 Mar 2026 (MKG),,"261.000,00",,,,,,
,,,,,,Air Periode : 21/01/2026 s/d 20/02/2026 (MKG),,"6.660,00",,,,,,
,,,,,,Listrik Periode : 21/01/2026 s/d 20/02/2026 (MKG),,"61.655,80",,,,,,
,,,,,,Biaya Pemeliharaan Listrik Periode : 21/01/2026 s/d 20/02/2026 (MKG),,"26.880,00",,,,,,
,,,,,,Rent For 01 Feb - 28 Feb 2026 (SMS),,"43.696,00",,,,,,
,,,,,,Pengecekan Listrik 1 titik panel (LPZ),,"9.000,00",,,,,,
,,,,,,Rent 01 - 28 Feb 2026 (LPZ),,"1.525.935,00",,,,,,
,,,,,,Add S. Charge 01 - 28 Feb 2026 (LPZ),,"200.880,00",,,,,,
,,,,,,Add Rent 01 - 28 Feb 2026 (MKG),,"17.276,50",,,,,,
,,,,,,"Service Charge 04-28 Feb 2026 , Levy 04-28 Feb 2026 , Rent periode 04-28 Feb 2026",,"5.396.555,40",,,,,,
,,,,,,"Rental Charge, Service Charge 24 Apr - 23 Juli 2026",,"4.200.000,00",,,,,,
,,,,,,,,,,,,,,
,,,16/04/2026,,,,,,,,,,,
,,,,,,,,,,,,,,
,,,,,,,,,,,,,,
,,,,,,,,,,,,,,
,,,,,,,,,,,,,,
,,,,,,,,,,,,,,
,,,,,,,,,,,,,,
,,,,,,,,,,,,,,
,,,,,,,,,,,,,,
,,,,,,,,,,,,,,
,,,,,,,,,,,,,,
,,,,,,,,,,,,,,
,,,,,,,,,,,,,,
,13/04/2026,,CV Panen Raya Indonesia,"DFT.25557",,Frozen Cake,,"2.318.337,00",,,,,,
,09/04/2026,,CV Panen Raya Indonesia,"DFT.25561",,Frozen Cake,,"1.880.146,00",,,,,,
,09/04/2026,,CV Panen Raya Indonesia,,,Frozen Cake,,,,,,,,
,,,,,,,,,,,,,,
,,,,,,,,,,,,,,
,13/03/2026,,PT Mahadaya Energi,,,LPG Energas BSD,,"1.436.000,00",,,,,,
,,,,,,,,,,,,,,
,,,,,,,,,,,,,,
,,,,,,,,,,,,,,
,11/04/2026,,Ubi Cilembu Kang Icen,"DFT.25558",,Ubi Cilembu,,"260.000,00",,,,,,
,,,,,,,,,,,,,,
,,,,,,,,,,,,,,
,,,,,,,,,,,,,,
,,,,,,,,,,,,,,
,,,,,,,,,,,,,,
,,,,,,,,,,,,,,
,,,,,,,,,,,,,,
,,,,,,,,,,,,,,
,,,,,,,,,,,,,,
,,,,,,,,,,,,,,
,,,,,,,,,,,,,,
,,,,,,,,,,,,,,
,31/03/2026,,Cavalese,"DFT.25256",,Cheesecake - LPZ,,"400.000,00",,,,,,
,09/04/2026,,RINDA,EXP.2026.04.00060,,transportasi dari lapiz ke scbd,,48.000,,,,,,
,,,25/03/2026,,,,,,,,,,,
,,,,,,,,,,,,,,
,,,nagapuspabaru,,,,,"236.000,00",,,,,,
,,,G-SPEEDS,,,,,"12.061,00",,,,,,
,,,Taurus Komputer_NEW,,,,,"8.197,00",,,,,,
,16/02/2026,,LENODI,,,,,"127.124,00",,,,,,
,20/02/2026,,REAW STORE,,,,,"39.894,00",,,,,,
,20/02/2026,,AZKO ID,,,,,"516.305,00",,,,,,
,20/02/2026,,Restorea.id,,,,,"58.400,00",,,,,,
,20/02/2026,,greengo plastik dan packaging,,,,,"414.200,00",,,,,,
,20/02/2026,,PedroAndCompany.id,,,,,"349.700,00",,,,,,
,20/02/2026,,CHAZONE-STM,,,,,"705.000,00",,,,,,
,20/02/2026,,V-GeN Indonesia Official Store,,,,,"46.400,00",,,,,,
,20/02/2026,,Master Pack Indonesia Official,,,,,"17.500,00",,,,,,
,20/02/2026,,SSBO Toko,,,,,"134.588,00",,,,,,
,20/02/2026,,Haan Indonesia,,,,,"383.410,00",,,,,,
,20/02/2026,,Whatsweneed Store,,,,,"220.399,00",,,,,,
,20/02/2026,,Murce Murce Storee,,,,,"16.250,00",,,,,,
,24/02/2026,,Hauzy Living,,,,,"16.266,00",,,,,,
,24/02/2026,,CJCStore,,,,,"85.942,00",,,,,,
,24/02/2026,,Bobaolshop99,,,,,"295.937,00",,,,,,
,24/02/2026,,Snacking.ind,,,,,"160.461,00",,,,,,
,24/02/2026,,tararengkiu.id,,,,,"18.567,00",,,,,,
,24/02/2026,,raja daging jakpus,,,,,"363.000,00",,,,,,
,24/02/2026,,CLIGER SHOP,,,,,"64.500,00",,,,,,
,06/02/2026,,Astanawa Plastindo,,,,,"65.336,00",,,,,,
,28/02/2026,,Tokopedia - PDAM,,,,,"99.684,00",,,,,,
,04/03/2026,,Tokopedia - -Starry Shop-,,,,,"33.500,00",,,,,,
,04/03/2026,,Tokopedia - novous,,,,,"30.300,00",,,,,,
,04/03/2026,,Tokopedia - ANSEL Acrylic Shop,,,,,"54.900,00",,,,,,
,04/03/2026,,Tokopedia - PUSAT HOREKA,,,,,"14.100,00",,,,,,
,04/03/2026,,Tokopedia - Lbagstoremall,,,,,"17.888,00",,,,,,
,04/03/2026,,Tokopedia - shera.sheril textile,,,,,"19.200,00",,,,,,
,04/03/2026,,Tokopedia - Pusat Barang Impor,,,,,"178.180,00",,,,,,
,04/03/2026,,Tokopedia - Toko Tian Liong,,,,,"237.000,00",,,,,,
,04/03/2026,,Tokopedia - lakban7878,,,,,"4.750,00",,,,,,
,04/03/2026,,Tokopedia - Bungkusind,,,,,"18.500,00",,,,,,
,04/03/2026,,Tokopedia - Pulau Mas Stationery,,,,,"20.559,00",,,,,,
,04/03/2026,,Tokopedia - officeXpres,,,,,"16.000,00",,,,,,
,04/03/2026,,Tokopedia - Gaharu Coffee Shop,,,,,"193.441,00",,,,,,
,04/03/2026,,Tokopedia - GM Bear,,,,,"92.900,00",,,,,,
,04/03/2026,,Tokopedia - ALF Gear,,,,,"1.564.418,00",,,,,,
,04/03/2026,,Tokopedia - Chiahouseware,,,,,"31.000,00",,,,,,
,04/03/2026,,Tokopedia - mesin rms,,,,,"96.161,00",,,,,,
,04/03/2026,,Tokopedia - Restomart Kitchen Solution,,,,,"19.604,00",,,,,,
,04/03/2026,,Tokopedia - Restomart Kitchen Solution,,,,,"93.100,00",,,,,,
,04/03/2026,,Tokopedia - MinnieStore11_NEW,,,,,"76.600,00",,,,,,
,04/03/2026,,Tokopedia - houseofculinaire,,,,,"67.500,00",,,,,,
,04/03/2026,,Tokopedia - PalateAcrylic,,,,,"68.100,00",,,,,,
,04/03/2026,,Tokopedia - Vesperindo_NEW,,,,,"64.137,00",,,,,,
,04/03/2026,,Tokopedia - Makmur Jaya Gelas,,,,,"230.565,00",,,,,,
,04/03/2026,,Tokopedia - SuperBabyStores,,,,,"240.000,00",,,,,,
,04/03/2026,,Tokopedia - LapakTechnology,,,,,"825.320,00",,,,,,
,04/03/2026,,Tokopedia - Kenmaster Official Store,,,,,"23.890,00",,,,,,
,04/03/2026,,Tokopedia - MD mandiri,,,,,"239.720,00",,,,,,
,04/03/2026,,Tokopedia - Radiant Lighting,,,,,"48.100,00",,,,,,
,04/03/2026,,Tokopedia - Gadget Therapy,,,,,"92.600,00",,,,,,
,04/03/2026,,Tokopedia - Electrolight.official,,,,,"78.225,00",,,,,,
,05/03/2026,,Tokopedia - Indihome,,,,,"656.790,00",,,,,,
,08/03/2026,,Tokopedia - OKK Indonesia Store,,,,,"83.020,00",,,,,,
,08/03/2026,,Tokopedia - Helios Horeca,,,,,"302.100,00",,,,,,
,08/03/2026,,Tokopedia - BestLamp,,,,,"108.700,00",,,,,,
,08/03/2026,,Tokopedia - Indo World Trade,,,,,"492.900,00",,,,,,
,08/03/2026,,Tokopedia - Maxim Kitchenware_NEW,,,,,"219.013,00",,,,,,
,08/03/2026,,Tokopedia - Grosir-Handuk-Premium,,,,,"235.800,00",,,,,,
,08/03/2026,,Tokopedia - Deli Tools Official,,,,,"49.799,00",,,,,,
,08/03/2026,,Tokopedia - Kleaner Indonesia,,,,,"102.364,00",,,,,,
,08/03/2026,,Tokopedia - Qvsheng Store,,,,,"33.937,00",,,,,,
,08/03/2026,,Tokopedia - Power Tekindo,,,,,"325.472,00",,,,,,
,08/03/2026,,Tokopedia - ice Pack Gel thermafreeze,,,,,"20.700,00",,,,,,
,08/03/2026,,Tokopedia - tjunglili,,,,,"319.100,00",,,,,,
,08/03/2026,,Tokopedia - Electro Com,,,,,"2.771.650,00",,,,,,
,09/03/2026,,Tokopedia - Northsider Coffee Shop,,,,,"93.129,00",,,,,,
,09/03/2026,,Tokopedia - Northsider Coffee Shop,,,,,"1.609.650,00",,,,,,
,09/03/2026,,Tokopedia - Urban Republic Official Store,,,,,"320.320,00",,,,,,
,10/03/2026,,Tokopedia - Snacking.ind,,,,,"163.340,00",,,,,,
,10/03/2026,,Tokopedia - nailyourart,,,,,"88.800,00",,,,,,
,10/03/2026,,Tokopedia - nethajonshop,,,,,"279.000,00",,,,,,
,10/03/2026,,Tokopedia - Depo Horeca,,,,,"64.000,00",,,,,,
,10/03/2026,,Tokopedia - Restomart Kitchen Solution,,,,,"998.150,00",,,,,,
,10/03/2026,,Tokopedia - Pasarhoreka,,,,,"1.563.000,00",,,,,,
,10/03/2026,,Tokopedia - Sukses Lestari 88,,,,,"147.900,00",,,,,,
,10/03/2026,,Tokopedia - AZKO ID,,,,,"1.824.100,00",,,,,,
,10/03/2026,,Tokopedia - AZKO ID,,,,,"1.769.600,00",,,,,,
,10/03/2026,,Tokopedia - Cotama Stationery,,,,,"48.320,00",,,,,,
,10/03/2026,,Tokopedia - ruparupi.id,,,,,"812.500,00",,,,,,
,10/03/2026,,Tokopedia - Electro Com,,,,,"3.090.440,00",,,,,,
,16/03/2026,,Tokopedia - My Taste,,,,,"54.040,00",,,,,,
,16/03/2026,,Tokopedia - raja daging jakpus,,,,,"1.475.900,00",,,,,,
,16/03/2026,,Tokopedia - Khadafie Beef,,,,,"1.273.000,00",,,,,,
,18/03/2026,,Tokopedia - ACC-M2,,,,,"56.000,00",,,,,,
,,,,,,,,,,,,,,
,,,,,,,,,,,,,,
,,,,,,,,,,,,,,
,,,,,,,,,,,,,,
,,,,,,,,,,,,,,
,,,,,,,,,,,,,,
,,,,,,,,,,,,,,
,,,,,,,,,,,,,,
,,,,,,,,,,,,,,
,,,,,,,,,,,,,,
,,,,,,,,,,,,,,
,,,,,,,,,,,,,,
,,,,,,,,,,,,,,
,,,,,,,,,,,,,,
,,,,,,,,,,,,,,
,,,,,,,,,,,,,,
,,,,,,,,,,,,,,
,,,,,,,,,,,,,,
,,,,,,,,,,,,,,
,,,,,,,,,,,,,,
,,,,,,,,,,,,,,
,,,,,,,,,,,,,,
,,,,,,,,,,,,,,
,,,,,,,,,,,,,,
,,,,,,,,,,,,,,
,,,,,,,,,,,,,,
,,,,,,,,,,,,,,
,,,,,,,,,,,,,,
,,,,,,,,,,,,,,
,,,,,,,,,,,,,,
,,,,,,,,,,,,,,
,,,,,,,,,,,,,,
,,,,,,,,,,,,,,
,,,,,,,,,,,,,,
,,,,,,,,,,,,,,
,,,,,,,,,,,,,,
,,,,,,,,,,,,,,
,,,,,,,,,,,,,,
,,,,,,,,,,,,,,
,,,,,,,,,,,,,,
,,,,,,,,,,,,,,
,,,,,,,,,,,,,,
,,,,,,,,,,,,,,
,,,,,,,,,,,,,,
,,,,,,,,,,,,,,
,,,,,,,,,,,,,,
,,,,,,,,,,,,,,
,,,,,,,,,,,,,,
,,,,,,,,,,,,,,
,,,,,,,,,,,,,,
,,,,,,,,,,,,,,
,,,,,,,,,,,,,,
,,,,,,,,,,,,,,
,,,,,,,,,,,,,,
,,,,,,,,,,,,,,
,,,,,,,,,,,,,,
,,,,,,,,"64.955.343,00",,,,,,
,,,,,,,,"302.000.000,00",,,,,,
,19/02/2026,,Ubi Cilembu Pak Cecep,DFT.22497,,Ubi Cilembu - SMB,,"195.000,00",,,,,,
,21/02/2026,,Adam Supplier,DFT.22494,,"Tepung, Kurma",,"805.000,00",,,,,,
,02/02/2026,,PT Etos Suryanusa,,,Pengendalian Hama Tikus Serangga SMB2,,,,,,,,
,,,CICIL INPUT TOKPED,,,,,,,,,,,
,05/12/2025,ok,Tokopedia - HOBART SAFETY INTL,PI.2025.12.00242,WH,Anti Sumbat Drain Opener,,"241.806,00",CC,,,,,
,05/12/2025,ok,Tokopedia - Winco Official ,PI.2025.12.00238,WH,SCHOKO DSP Cocoa Powder - 1 Kg / Coklat Bubuk High Fat 22/24,,"167.769,00",CC,,,,,
,05/12/2025,ok,Tokopedia - DHARMAMULIA CAHAYA ABADI MAKMUR,PI.2025.12.00237,WH,Lakban Bening Coklat 45MM x 100 YARD (2 INCH X 100YARD) TERMURAH - 45 X 100 BENING,,"140.925,00",CC,,,,,
,31/12/2025,,Tokopedia - SUPERNOVA COMPUTER ARIET,PI.2025.12.00302,LPZ,Harddisk Seagate Skyhawk 6 TB MFI / HDD CCTV Original Garansi 3 Tahun,,"2.688.997,00",CC,,,,,
,29/12/2025,,Tokopedia - One Two Cups Official Store,PI.2025.12.00301,ACA,One Two Cups Set Pembuat Kopi Portable Coffee Espresso Maker - T35066,,"249.500,00",CC,,,,,
,29/12/2025,,Tokopedia - Roda Baru Electric,PI.2025.12.00300,LPZ,"Lampu Philips Smart LED Downlight 4W 9W 12.5W 17W - Tunable White (Kuning ke Putih) - 12,5W (12,5cm)",,"331.380,00",CC,,,,,
,29/12/2025,,Tokopedia - Serba Cafe ,PI.2025.12.00299,WH,"Mosa Soda Charger Carbon Dioxide (C02)",,"78.500,00",CC,,,,,
,29/12/2025,,Tokopedia - INNOVO Official Store,PI.2025.12.00298,SMB,Map Plastik / Clear Holder / File Dokumen Keeper A4 100 Lembar - Hitam,,"30.200,00",CC,,,,,
,29/12/2025,,Tokopedia - IKEA Indonesia,PI.2025.12.00297,SMB,IKEA TRIXIG Meteran / Tape Measure Panjang 3m,,"35.200,00",CC,,,,,
,29/12/2025,,Tokopedia - greengo plastik dan packaging ,PI.2025.12.00296,WH,MEAL BOX ISI 20PCS 19CM POLOS BAGASSE LUNCH BOX ECO FRIENDLY MURAH,,"525.120,00",,,,,,
,29/12/2025,,Tokopedia - Arteristo Indonesia ,PI.2025.12.00295,WH,Arteristo Avocado Premium Bubuk Minuman 500gr - Alpukat Tanpa Gula/Tidak Manis,,"211.100,00",,,,,,
,29/12/2025,,Tokopedia - Fokus888 ,PI.2025.12.00294,WH,"tali rafia hitam /tali hitam / rafia hitam,pengikat",,"30.000,00",,,,,,
,29/12/2025,,Tokopedia - hore.id ,PI.2025.12.00293,ACA,Coffee Dripper Model Origami Air AS Resin Manual Brew Filter Coffee - Apricot M Size,,"90.600,00",,,,,,
,29/12/2025,,Tokopedia - Northsider Coffee Shop ,PI.2025.12.00292,ACA,Cold brew Coffee Tea maker Infuser 1000ml - alat kopi teh GJ3102 - Abu-abu,,"99.600,00",,,,,,
,29/12/2025,,Tokopedia - mesin rms ,PI.2026.01.00076,ACA,One Two Cups V60 Ceramic Dripper 01 Coffee Dripper Keramik Kopi 1 to 2 Cups Bahan Berkualitas Tahan Suhu Tinggi Desain Elegan Finishing Glossy - Merah,,"40.400,00",,,,,,
,29/12/2025,,Tokopedia - Vesperindo_NEW ,PI.2025.12.00303,ACA,coffee cupping bowl / mangkok ceramic kopi matcha chawan mixing bowl - CUPBOWL WHITE,,"1.556.300,00",,,,,,
,29/12/2025,,Tokopedia - Delapan Jaya Hengky ,PI.2025.12.00304,ACA,"Nampan Segi Anti Slip Selip 35x25CM | Nampan Hitam Yoshikawa Baki Tray, Refill Pel Biru Refill Pel Merah Refill Pel Jepit Kain Mop Putih Katun - Biru",,"434.024,00",,,,,,
,29/12/2025,,Tokopedia -  wiguna botol ,PI.2025.12.00306,ACA,Botol 500ml Kotak Neck 28 /Botol Pet 500 ml Kotak Neck 28,,"69.000,00",,,,,,
,29/12/2025,,Tokopedia - AZKO ID ,PI.2025.12.00305,BSD,KRISCHEF 3 LTR TERMOS VACUUM FLASK,,"304.300,00",,,,,,
,29/12/2025,,Tokopedia - Starrysky- ,PI.2025.12.00312,SMB,"Handsfree HT Walkie Talkie Earphone Untuk HT Baofeng HT Handy Talky, Walkie Talkie HD BF-888S Jarak Jauh 5-10km(Max) HT Wlan UHF 2 Units Handy Talky Waterproof Portable With Charger Antena Led handy talky - 8PCS",,"1.050.092,00",,,,,,
,29/12/2025,,Tokopedia - HAYAMAS SAFETINDO ,PI.2025.12.00311,SMB,Kotak Obat P3K + Isi Lengkap Kotak p3k dinding lengkap,,"312.200,00",,,,,,
,29/12/2025,,Tokopedia - officeXpres ,PI.2025.12.00310,SMB,"Call Bell Ring / Lonceng Meja / Service Bell / Bel Panggil / Bell Meja, DLL",,"143.610,00",,,,,,
,29/12/2025,,Tokopedia - Gottemall Store ,PI.2025.12.00309,WH,Baterai ABC Alkaline A3 AAA 4+2 / Battery Jam A2 1 box isi 12 card - AAA,,"326.429,00",,,,,,
,29/12/2025,,Tokopedia - PAM,EXP.2025.12.00165,HIBRIDA,PAM Hibrida November 2025,,"124.684,00",,,,,,
,25/12/2025,,Tokopedia - LapakTechnology ,PI.2025.12.00308,WH,Kay 5 Sanitizer Kemasan Baru (Tablet),,"835.939,00",,,,,,
,25/12/2025,,Tokopedia - TOKO LOULOU,PI.2025.12.00307,SMS,Stop Kontak Kabel 5 Meter 3 Meter Panjang Dutron 3 4 5 Lubang Colokan Kabel Roll 5m 3m 5Meter 3Meter - 5Lubang 3Meter,,"29.541,00",,,,,,
,25/12/2025,,Tokopedia - Bawang Goreng Rady,PI.2025.12.00316,WH,bawang goreng brebes 1 kg,,"1.665.259,00",,,,,,
,25/12/2025,,Tokopedia - Carpentia Indonesia ,PI.2025.12.00315,SMS,Carpentia | Kotak Saran Akrilik Minimalis - Kotak Amal Tips - 12x12x12 cm - Tipe C - Hitam,,"58.500,00",,,,,,
,25/12/2025,,Tokopedia - Hypermart Gajah Mada ,PI.2025.12.00314,WH,INDOFOOD TABURI BUMBU SERBAGUNA KEJU SULTAN 25 GR,,"151.600,00",,,,,,
,25/12/2025,,Tokopedia - raja daging jakpus ,PI.2025.12.00313,WH,Ikan Dori / IKAN PATIN FILLET LOKAL @1Kg - Qualitas Super,,"803.100,00",,,,,,
,25/12/2025,,Tokopedia - Toko Kuliner Jakpus ,PI.2025.12.00317,WH,Smoked Beef Kanzler 1kg,,"759.440,00",,,,,,
,23/12/2025,,Tokopedia - GangEnam Cell_NEW ,DFT.21060,SMB,Dispenser Sabun Cair Cuci Piring Soap Pump Sponge Caddy / Wadah Sabun,,"7.540,00",,,,,,
,,,Tokopedia - Halu Indonesia ,DFT.21061,SMB,HALU Organizer Laci Bening Acrylic Kotak Penyimpanan Serbaguna Rak Makeup Aksesoris Alat Tulis Alat Dapur Serbaguna Organizer Sekat Laci HSB710 - L,,"229.030,00",,,,,,
,,,Tokopedia - Astanawa Plastindo ,DFT.21062,SMB,Asbak ashtray fujinex full stainless steel premium anti karat - 8 cm,,"120.992,00",,,,,,
,,,Tokopedia - ArkamayaStore ,,SMB,jemuran baju lipat gantungan rak hanger handuk pakaian pagar drying,,"121.708,00",,,,,,
,,,Tokopedia - ,,,,,"32.364,00",,,,,,
,,,Tokopedia - ,,,,,"6.028,00",,,,,,
,,,Tokopedia - ,,,,,"12.455,00",,,,,,
,,,Tokopedia - ,,,,,"61.305,00",,,,,,
,,,Tokopedia - ,,,,,"284.221,00",,,,,,
,,,Tokopedia - ,,,,,"59.900,00",,,,,,
,,,Tokopedia - ,,,,,"58.400,00",,,,,,
,,,Tokopedia - ,,,,,"49.900,00",,,,,,
,,,Tokopedia - ,,,,,"25.230,00",,,,,,
,,,Tokopedia - ,,,,,"43.750,00",,,,,,
,,,Tokopedia - ,,,,,"49.500,00",,,,,,
,,,Tokopedia - ,,,,,"737.840,00",,,,,,
,,,Tokopedia - ,,,,,"169.389,00",,,,,,
,18/01/2026,,,,,,,"156.000,00",,,,,,
,,,,,,,,"283.860,00",,,,,,
,,,,,,,,"389.000,00",,,,,,
,,,,,,,,"102.095,00",,,,,,
,,,,,,,,"244.545,00",,,,,,
,,,,,,,,"160.550,00",,,,,,
,,,,,,,,"344.400,00",,,,,,
,,,,,,,,"758.398,00",,,,,,
,,,,,,,,"203.928,00",,,,,,
,,,,,,,,"29.300,00",,,,,,
,,,,,,,,"430.920,00",,,,,,
,,,,,,,,"247.000,00",,,,,,
,,,,,,,,"130.800,00",,,,,,
,,,,,,,,"140.253,00",,,,,,
,,,,,,,,"191.707,00",,,,,,
,,,,,,,,"935.300,00",,,,,,
,,,,,,,,"420.000,00",,,,,,
,,,,,,,,"180.950,00",,,,,,
,,,,,,,,"5.003.800,00",,,,,,
,15/12/2026,,,,,,,"60.680,00",,,,,,
,,,,,,,,"1.266.400,00",,,,,,
,,,,,,,,"83.600,00",,,,,,
,,,,,,,,"122.500,00",,,,,,
,,,,,,,,"55.000,00",,,,,,
,,,,,,,,"45.900,00",,,,,,
,,,,,,,,"21.600,00",,,,,,
,,,,,,,,"768.000,00",,,,,,
,,,,,,,,"45.000,00",,,,,,
,11/12/2025,,,,,,,"336.300,00",,,,,,
,,,,,,,,"344.599,00",,,,,,
,,,,,,,,"46.592,00",,,,,,
,,,,,,,,"147.801,00",,,,,,
,,,,,,,,"289.246,00",,,,,,
,,,,,,,,"350.100,00",,,,,,
,,,,,,,,"369.774,00",,,,,,
,,,,,,,,"201.074,00",,,,,,
,,,,,,,,"638.317,00",,,,,,
,,,,,,,,"244.671,00",,,,,,
,,,,,,,,"101.790,00",,,,,,
,,,,,,,,"99.450,00",,,,,,
,,,,,,,,"74.220,00",,,,,,
,,,,,,,,"637.100,00",,,,,,
,,,,,,,,"99.300,00",,,,,,
,,,,,,,,"345.399,00",,,,,,
,,,,,,,,"517.140,00",,,,,,
,,,,,,,,"148.000,00",,,,,,
,,,,,,,,"86.674,00",,,,,,
,,,,,,,,"207.026,00",,,,,,
,,,,,,,,"69.000,00",,,,,,
,,,,,,,,"79.550,00",,,,,,
,,,,,,,,"87.450,00",,,,,,
,,,,,,,,"117.540,00",,,,,,
,,,,,,,,"157.500,00",,,,,,
,,,,,,,,"219.740,00",,,,,,
,,,,,,,,"215.000,00",,,,,,
,,,,,,,,"2.936.383,00",,,,,,
,05/12/2025,,,,,,,"241.806,00",,,,,,
,,,,,,,,"167.769,00",,,,,,
,,,,,,,"202.600,00",,,,,,,
,,,,,,,,"775.000,00",,,,,,
,,,,,,,,"140.925,00",,,,,,
,,,,,,,"422.200,00",,,,,,,
,,,,,,,,"671.650,00",,,,,,
,,,,,,,,"752.440,00",,,,,,
,,,,,,,,"563.506,00",,,,,,
,,,,,,,,"656.790,00",,,,,,
,01/12/2025,,,,,,"572.000,00",,,,,,,
,,,,,,,"1.254.000,00",,,,,,,
,,,,,,,"1.099.000,00",,,,,,,
,,,,,,,"340.000,00",,,,,,,
,,,,,,,"119.260,00",,,,,,,
,,,,,,,,,,,,,,
,03/01/2026,,,,,,,"19.800,00",,,,,,
,,,,,,,,"49.500,00",,,,,,
,,,,,,,,"137.500,00",,,,,,
,,,,,,,,"61.975,00",,,,,,
,,,,,,,,"13.200,00",,,,,,
,,,,,,,,"36.435,00",,,,,,
,,,,,,,,"56.633,00",,,,,,
,,,,,,,,"181.467,00",,,,,,
,,,,,,,,"13.662,00",,,,,,
,,,,,,,,"105.641,00",,,,,,
,,,,,,,,"147.500,00",,,,,,
,,,,,,,,"43.477,00",,,,,,
,,,,,,,,"277.920,00",,,,,,
,,,,,,,,"30.891,00",,,,,,
,,,,,,,,"322.565,00",,,,,,
,,,,,,,,"164.450,00",,,,,,
,,,,,,,,"143.400,00",,,,,,
,,,,,,,,"233.971,00",,,,,,
,,,,,,,,"74.000,00",,,,,,
,,,,,,,,"108.226,00",,,,,,
,,,,,,,,"440.384,00",,,,,,
,,,,,,,,"734.056,00",,,,,,
,,,,,,,,"127.550,00",,,,,,
,,,,,,,,"148.700,00",,,,,,
,,,,,,,,"21.200,00",,,,,,
,,,,,,,,"141.666,00",,,,,,
,,,,,,,,"289.034,00",,,,,,
,,,,,,,,"188.687,00",,,,,,
,,,,,,,,"215.574,00",,,,,,
,,,,,,,,"76.209,00",,,,,,
,05/01/2026,,,,,,,"814.275,00",,,,,,
,,,,,,,,"47.300,00",,,,,,
,,,,,,,,"767.000,00",,,,,,
,,,,,,,,"656.790,00",,,,,,
,08/01/2026,,,,,,,"88.980,00",,,,,,
,,,,,,,,"1.175.910,00",,,,,,
,,,,,,,,"112.094,00",,,,,,
,,,,,,,,"270.133,00",,,,,,
,,,,,,,,"305.000,00",,,,,,
,,,,,,,,"47.920,00",,,,,,
,,,,,,,,"448.176,00",,,,,,
,,,,,,,,"85.542,00",,,,,,
,,,,,,,,"16.137,00",,,,,,
,,,,,,,,"16.137,00",,,,,,
,,,,,,,,"11.900,00",,,,,,
,,,,,,,,"79.000,00",,,,,,
,,,,,,,,"71.234,00",,,,,,
,,,,,,,,"72.096,00",,,,,,
,,,,,,,,"17.272,00",,,,,,
,09/01/2026,,,,,,,"30.991,00",,,,,,
,,,,,,,,"650.902,00",,,,,,
,,,,,,,,"446.880,00",,,,,,
,,,,,,,,"3.044.286,00",,,,,,
,,,,,,,,"655.525,00",,,,,,
,,,,,,,,"137.373,00",,,,,,
,,,,,,,,"640.636,00",,,,,,
,,,,,,,,"741.454,00",,,,,,
,,,,,,,,"219.720,00",,,,,,
,,,,,,,,"799.264,00",,,,,,
,,,,,,,,"479.655,00",,,,,,
,,,,,,,,"28.343,00",,,,,,
,,,,,,,,"670.010,00",,,,,,
,,,,,,,,"62.861,00",,,,,,
,,,,,,,,"189.300,00",,,,,,
,,,,,,,,"23.590,00",,,,,,
,,,,,,,,"225.865,00",,,,,,
,10/01/2026,,,,,,,"3.884.200,00",,,,,,
,,,,,,,,"91.833,00",,,,,,
,,,,,,,,"25.772,00",,,,,,
,12/01/2026,,,,,,,"299.000,00",,,,,,
,,,,,,,,"15.000,00",,,,,,
,,,,,,,,"37.100,00",,,,,,
,,,,,,,,"241.900,00",,,,,,
,,,,,,,,"71.000,00",,,,,,
,,,,,,,,"265.839,00",,,,,,
,,,,,,,,"206.600,00",,,,,,
,,,,,,,,"457.900,00",,,,,,
,,,,,,,,"168.860,00",,,,,,
,,,,,,,,"2.169.669,00",,,,,,
,,,,,,,,"208.025,00",,,,,,
,,,,,,,,"20.981,00",,,,,,
,14/01/2026,,,,,,,"1.389.276,00",,,,,,
,15/01/2026,,,,,,,"28.300,00",,,,,,
,,,,,,,,"33.800,00",,,,,,
,,,,,,,,"96.740,00",,,,,,
,,,,,,,,"386.725,00",,,,,,
,17/01/2026,,,,,,,"341.390,00",,,,,,
,19/01/2026,,,,,,,"179.723,00",,,,,,
,,,,,,,,"147.463,00",,,,,,
,,,,,,,,"26.014,00",,,,,,
,,,,,,,,"367.548,00",,,,,,
,,,,,,,,"688.520,00",,,,,,
,,,,,,,,"735.282,00",,,,,,
,,,,,,,,"58.457,00",,,,,,
,,,,,,,,"59.400,00",,,,,,
,,,,,,,,"1.549.500,00",,,,,,
,20/01/2026,,,,,,,"946.000,00",,,,,,
,22/01/2026,,,,,,,"485.700,00",,,,,,
,,,,,,,,"176.200,00",,,,,,
,,,,,,,,"41.250,00",,,,,,
,,,,,,,,"475.345,00",,,,,,
,,,,,,,,"181.525,00",,,,,,
,,,,,,,,"299.012,00",,,,,,
,,,,,,,,"1.276.400,00",,,,,,
,,,,,,,,"264.400,00",,,,,,
,,,,,,,,"76.450,00",,,,,,
,26/01/2026,,,,,,,"216.766,00",,,,,,
,,,,,,,,"238.342,00",,,,,,
,,,,,,,,"28.458,00",,,,,,
,,,,,,,,"16.290,00",,,,,,
,,,,,,,,"24.000,00",,,,,,
,,,,,,,,"179.475,00",,,,,,
,,,,,,,,"231.084,00",,,,,,
,,,,,,,,"490.715,00",,,,,,
,,,,,,,,"143.000,00",,,,,,
,,,,,,,,"251.904,00",,,,,,
,,,,,,,,"18.096,00",,,,,,
,,,,,,,,"76.000,00",,,,,,
,,,,,,,,"80.600,00",,,,,,
,,,,,,,,"858.959,00",,,,,,
,,,,,,,,"851.600,00",,,,,,
,,,,,,,,"96.530,00",,,,,,
,27/01/2026,,,,,,,"157.300,00",,,,,,
,,,,,,,,"1.665.700,00",,,,,,
,,,,,,,,"1.220.162,00",,,,,,
,,,,,,,,"1.076.000,00",,,,,,
,,,,,,,,"176.200,00",,,,,,
,28/01/2026,,,,,,,"2.792.400,00",,,,,,
,29/01/2026,,,,,,,"124.684,00",,,,,,
,,,,,,,,,,,,,,
,02/02/2026,,Tokopedia - exxpresspin21,DFT.22827,ACA,"pin bulat diameter 5,8 custom",,"84.150,00",,,,,,
,02/02/2026,,Tokopedia - ALIFWIYA STORE,DFT.22828,LPZ,ketupat hias kecil 4-5 cm / hiasan lebaran / dekorasi lebaran,,"12.500,00",,,,,,
,02/02/2026,,Chowping Store,"DFT.22830",LPZ,Slinger Tinsel Dekorasi Idul Fitri Motif Ketupat / Bulan Bintang - MK Gold,,"13.273,00",,,,,,
,02/02/2026,,Distributor 123 Indonesia ,"DFT.22835",LPZ,[6 & 12 PCS] Hiasan Ketupat Lebaran Premium 3cm 4cm 9cm Dekorasi Idul Fitri Hampers - Ketupat - Besar,,"120.000,00",,,,,,
,02/02/2026,,poipoishop_NEW,DFT.22832,LPZ,Lampion Idul Fitri Ramadhan Ornamen Gantungan Kertas Dekorasi Cafe - LKBH 20cm Hijau & Lampu Lilin LED Souvenir Lebaran Hiasan Dekorasi Idul Fitri Ramadhan - #1,,"213.500,00",,,,,,
,02/02/2026,,Otello Studio,DFT.22842,LPZ,Hiasan Idul Fitri Bulan Eid Mubarak Dekorasi Ornament Dinding Lebaran - 20 x 21 cm,,"74.231,00",,,,,,
,02/02/2026,,Shiny Party,DFT.22843,LPZ,3 Meter Tahan Air Lampu Hias Idul Fitri Eid Mubarak Dekorasi Lampu Hias Ruang Tamu Lampu Kastil Bintang Idul Fitri Dekorasi Hiasan Kamar Aesthetic - 3M,,"56.271,00",,,,,,
,02/02/2026,,DHARMAMULIA CAHAYA ABADI MAKMUR,DFT.22847,WH,LAKBAN FRAGILE 48MM X 90YARD - Merah,,"39.200,00",,,,,,
,02/02/2026,,Healthypick.id,DFT.22849,WH,Dessicated / Desicated Coconut ( Kelapa Parut Kering) 500gr,,"30.900,00",,,,,,
,02/02/2026,,Winco Official,DFT.22851,WH,SCHOKO DSP Cocoa Powder - 1 Kg / Coklat Bubuk High Fat 22/24,,"290.182,00",,,,,,
,03/02/2026,,HAPPY PARTY ID,"DFT.22853",BSD + SMS,SLINGER IDUL FITRI LEBARAN/HIASAN RUMBAI 4 TYPE - SLINGER KETUPAT & SLINGER IDUL FITRI LEBARAN/HIASAN RUMBAI 4 TYPE - SLINGER BULAN BINTANG,,"56.430,00",,,,,,
,05/02/2026,,Indihome,"EXP.2026.02.00120",LPZ,Pembayaran Indihome La Piazza - Februari 2026,,"656.790,00",,,,,,
,06/02/2026,,Turang Ikan Asin,DFT.22956,WH,Sirup Pisang Susu Cap Buah Tjampolay | Sirup Khas Cirebon,,"152.600,00",,,,,,
,06/02/2026,,laulau shop official 2,DFT.22957,WH,Tempat Sampah 42 Liter PUP Yutaka Shinpo Plastik Tebal Green Leaf,,"70.500,00",,,,,,
,06/02/2026,,Toko Ozara,"DFT.22958",SMS + LPZ,Souvenir / Dekorasi Ramadhan Lampu Lentera LED Idul Fitri Lampu Tidur LED Merah Plastik - Kubah Gold,,"63.464,00",,,,,,
,06/02/2026,,Horeca Store,"DFT.22960",LPZ,Elegant Smvd05 - Sendok Kopi 12cm Coffee spoon,,"290.650,00",,,,,,
,06/02/2026,,Northsider Coffee Shop,DFT.22968,ACA,Coffee dripper kopi v60 Suiren Spiral 12 ribs JSU-02 1-4 cups,,"182.755,00",,,,,,
,06/02/2026,,Kayu Arem,"DFT.22969",LPZ,Tatakan Alas Gelas KAYU Bulat Tebal / Wooden Coaster Premium Grade - Custom Grafir,,"38.220,00",,,,,,
,06/02/2026,,Kleaner Indonesia,DFT.22970,LPZ,Kleaner Sikat Botol Bulu Halus Anti Gores Bottle Brush Pembersih Botol Minum,,"27.500,00",,,,,,
,06/02/2026,,MEDIA IKLAN,DFT.22972,LPZ,"Acrylic A4 kaki hitam - AKRILIK, A4",,"30.300,00",,,,,,
,06/02/2026,,inaku smart shopping,DFT.22973,LPZ,GM Bear Refill Spin Mop 1960 - Refill Kain Pel Ultra Mop Aclima,,"27.321,00",,,,,,
,06/02/2026,,Mr Blinkz Indonesia,"DFT.22974",SMB,Mr Blinkz Lap Microfiber Coklat - Kain Lap Serbaguna Premium 40x40cm Daya Serap Tinggi & Serat Kualitas Premium - Cleaning,,"71.700,00",,,,,,
,06/02/2026,,INPI House,"DFT.22976",SMB,Sign Tanda Open Closed Bermotif Latar Kayu - INPI HOUSE - Putih,,"37.921,00",,,,,,
,06/02/2026,,PUSAT HOREKA,"DFT.22977",SMB,Tempat Sendok / Resto Cutlery Box Holder OWL,,"86.751,00",,,,,,
,06/02/2026,,Firgo Racing,DFT.22978,SMB,Handuk Microfiber Lap Pengering Mobil Motor 24x24cm Abu | Kain Chamois Detailing Serbaguna Cepat Kering,,"22.500,00",,,,,,
,06/02/2026,,IKEA Indonesia,,,IKEA MEDELVAG Sikat Botol Putih Panjang 43cm,,"29.802,00",,,,,,
,06/02/2026,,MinnieStore11_NEW,,,Cafec Roast Level Paper Filter 100pcs - Temperature Dark Medium Light - T83 Dark Roast,,"873.180,00",,,,,,
,06/02/2026,,MixmartOfficial,,,KARET GELANG BESAR PANJANG 10 CM TEBAL 0.5 CM - KRTGLG50,,"255.360,00",,,,,,
,06/02/2026,,JURAGAN ELEKTRONIK 77,,,Sendok Makan 1 lusin 12 pcs Stainless Steel Motif Warteg Murah Lusinan Grosir Polos Nasi Besi,,"8.250,00",,,,,,
,06/02/2026,,Indoware Online,,,Timbangan Digital Dapur 10KG / 1GR Kitchen Coffee Scale Kopi Kue - SILVER,,"69.201,00",,,,,,
,06/02/2026,,Helios Horeca,,,Cypruz Jeju Saringan Kopi Kain Gagang Plastik Saringan Teh Thai Tea - 18cm,,"36.300,00",,,,,,
,06/02/2026,,pamosroom,,,"Pamosroom Tongs Silikon 27Cm Penjepit Makanan Tidak Meleleh Tahan Panas Dan BPA FREE - Biru, Standar",,"30.000,00",,,,,,
,06/02/2026,,REGALINEN ID,,,PROMO Kain Lap Microfiber Besar Serbaguna Alat Makan Dapur Furniture Perabot Kaca 35x35 David Palmer - DPalmer Kuning,,"95.988,00",,,,,,
,06/02/2026,,HOKGlass,,,Toples Kaca Kedaung 5 Liter TP5XXL | Toples Cendol | Toples Kombucha | Toples Jadoel - Tutup Plastik,,"307.180,00",,,,,,
,06/02/2026,,grosir8jayasenen,,,SAPU LIDI GAGANG PANJANG/ Sapu Lidi Taman/ Sapu Taman Cangkrang Lidi,,"12.906,00",,,,,,
,06/02/2026,,HS PACKAGING,,,Botol Kaca 1000ml 500ml tutup swing / glass bottle 1L 500ml Jar Wadah - 1000ML,,"240.056,00",,,,,,
,11/02/2026,,qanita souvenir custom,,,,,"857.900,00",,,,,,
,,,Lemarikainjkt168,,,,,"48.138,00",,,,,,
,,,greengo plastik dan packaging,,,,,"453.000,00",,,,,,
,,,Token Listrik 5jt,,,,,"5.003.800,00",,,,,,
,,,BAS Indonesia,,,,,"71.811,00",,,,,,
,,,Starrysky-,,,,,"641.533,00",,,,,,
,,,BELi.s stationery store,,,,,"36.699,00",,,,,,
,,,ONEBIZ.id,,,,,"89.609,00",,,,,,
,,,AZKO ID,,,,,"498.100,00",,,,,,
,,,Bos Bul89,,,,,"19.931,00",,,,,,
,,,Auto king variasi,,,,,"95.000,00",,,,,,
,,,REAW STORE,,,,,"34.645,00",,,,,,
,,,Toko Ozara,,,,,"33.762,00",,,,,,
,,,novindojaya,,,,,"12.142,00",,,,,,
,,,MJCarpet,,,,,"424.000,00",,,,,,
,,,Automotife,,,,,"49.650,00",,,,,,
,,,Mulia Dekorasi,,,,,"15.444,00",,,,,,
,,,Sinda Kitchenware_NEW,,,,,"98.710,00",,,,,,
,,,Bawang Goreng Rady,,,,,"1.089.000,00",,,,,,
,,,Aneka Budi Jaya,,,,,"507.144,00",,,,,,
,,,PedroAndCompany.id,,,,,"290.800,00",,,,,,
,,,HOBART SAFETY INTL,,,,,"1.156.000,00",,,,,,
,,,Matahari Plastic,,,,,"285.950,00",,,,,,
,,,Pilihlah Aku Toserba,,,,,"193.850,00",,,,,,
,,,BEBIBURP,,,,,"46.406,00",,,,,,
,,,MadeIn Usa & Europe,,,,,"232.532,00",,,,,,
,,,Depo Horeca,,,,,"159.000,00",,,,,,
,,,BOHAN SHOP ID,,,,,"113.850,00",,,,,,
,,,BOMA MARDIDA GUMILAR,,,,,"41.980,00",,,,,,
,,,Dafna Store ID_NEW,,,,,"96.400,00",,,,,,
,,,Vesperindo_NEW,,,,,"20.248,00",,,,,,
,,,raja daging jakpus,,,,,"1.157.700,00",,,,,,
,,,nagapuspabaru,,,,,"236.000,00",,,,,,
,,,G-SPEEDS,,,,,"12.061,00",,,,,,
,,,Taurus Komputer_NEW,,,,,"8.197,00",,,,,,
,16/02/2026,,LENODI,,,,,"127.124,00",,,,,,
,20/02/2026,,REAW STORE,,,,,"39.894,00",,,,,,
,20/02/2026,,AZKO ID,,,,,"516.305,00",,,,,,
,20/02/2026,,Restorea.id,,,,,"58.400,00",,,,,,
,20/02/2026,,greengo plastik dan packaging,,,,,"414.200,00",,,,,,
,20/02/2026,,PedroAndCompany.id,,,,,"349.700,00",,,,,,
,20/02/2026,,CHAZONE-STM,,,,,"705.000,00",,,,,,
,20/02/2026,,V-GeN Indonesia Official Store,,,,,"46.400,00",,,,,,
,20/02/2026,,Master Pack Indonesia Official,,,,,"17.500,00",,,,,,
,20/02/2026,,SSBO Toko,,,,,"134.588,00",,,,,,
,20/02/2026,,Haan Indonesia,,,,,"383.410,00",,,,,,
,20/02/2026,,Whatsweneed Store,,,,,"220.399,00",,,,,,
,20/02/2026,,Murce Murce Storee,,,,,"16.250,00",,,,,,
,24/02/2026,,Hauzy Living,,,,,"16.266,00",,,,,,
,24/02/2026,,CJCStore,,,,,"85.942,00",,,,,,
,24/02/2026,,Bobaolshop99,,,,,"295.937,00",,,,,,
,24/02/2026,,Snacking.ind,,,,,"160.461,00",,,,,,
,24/02/2026,,tararengkiu.id,,,,,"18.567,00",,,,,,
,24/02/2026,,raja daging jakpus,,,,,"363.000,00",,,,,,
,24/02/2026,,CLIGER SHOP,,,,,"64.500,00",,,,,,
,06/02/2026,,Astanawa Plastindo,,,,,"65.336,00",,,,,,
,,,,,,,,,,,,,,
,,,PENDING,,,,,,,,,,,
,,,,,,,,,,,,,,
,,,PT Restomart Cipta Usaha (Reimbursement UOB Pak Robert),,,,,"92.500.000,00",,,,,,
,,,PT Restomart Cipta Usaha (Reimbursement Mandiri Pak Robert),,,,,"137.500.000,00",,,,,,
,06/01/2026,,PT Restomart Cipta Usaha (Reimbursement CIMB Pak Robert),,,,,"99.850.000,00",,,,,,
,,,,,,,,,,,,,,
,,,,,,,,,,,,,,
,,,,,,,,,,,,,,
,,,,,,,,,,,,,,
,,,,,,,,,,,,,,
,,,,,,,,,,,,,,
,,,,,,,,,,,,,,
,,,,,,,,,,,,,,
,,,,,,,,,,,,,,
,,,,,,,,,,,,,,
,,,,,,,,,,,,,,
,,,,,,,,,,,,,,
,01/04/2024,,Fosty Pangan Abadi PT,PI.2024.04.00126,,"Santan, Macaroni, Spaghetti, dll.",,"863.397,00","aku udah cek di KLIKBCA, transaksi ini diinput tgl 2 mei 2024 tp dibatalkan",,"Tas: di surat jalan ada tulisan beberapa barang menyusul. untuk barang tsb, surat jalan nya ada?",note d email sesuai WA,,
,30/04/2024,,PT Natura Boga Sukses,PI.2024.04.00239,,Risoles mayo,,125.000,Galuh ok,,,,,
,,,,,,,,,,,,,,
,10/07/2025,NO,Hindrawan,EXP.2025.07.00025,,Pelunasan  Pembayaran untuk bulan Juni Pak Hindrawan (Sosial Media),,"2.437.500,00 ",,,,,,
,,,,,,,,,,,,,,
,,,,,,,,,,,,,,
,,,,,,,,,,,,,,
,,,,,,,,,,,,,,
,,,,,,,,,,,,,,
,,,Pajak,,,Pasal 4(2) SC LPZ - Inc GF - 10 # 1 Jun 2025 - 30 Jun 2025,,"2.500.000,00 ",Juni,,,,,
,,,Pajak,,,Pasal 4(2) Listrik Periode 21.04.2025 - 20.05.2025,,"1.212.514,00 ",,,,,,
,,,Pajak,,,Pasal 4(2) Biaya Pemeliharaan Listrik Periode 21.04.2025 - 20.05.2025,,"602.294,00 ",,,,,,
,,,Pajak,,,Pasal 4(2) Air Periode 21.04.2025 - 20.05.2025,,"300.780,00 ",,,,,,
,,,Pajak,,,Pasal 4(2) Gas Periode 21.04.2025 - 20.05.2025,,"1.213.520,00 ",,,,,,
,,,Pajak,,,Pasal 4(2) Service Charges - Pendapatan 1F - K / 203 # 1 Jun 2025 - 30 Jun 2025 (MKG),,"261.000,00 ",,,,,,
,,,Pajak,,,Pasal 4(2) Listrik Periode 21.04.2025 s/d 20.05.2025 (MKG),,"37.896,00 ",,,,,,
,,,Pajak,,,Pasal 4(2) Biaya Pemeliharaan Listrik Periode 21.04.2025 s/d 20.05.2025 (MKG),,"22.456,00 ",,,,,,
,,,Pajak,,,Pasal 4(2) Rent & Add. S. Charge 01 - 31 Mei 2025,,"3.688.410,00 ",,,,,,
,,,Pajak,,,Pasal 4(2) Rent 01 - 31 Mei 2025 (Academic),,"130.900,00 ",,,,,,
,,,Pajak,,,Pasal 4(2) Rent 01-31 Mei 2025 MKG,,"118.789,00 ",,,,,,
,,,Pajak,,,PPH23 Jasa pengendalian hama serangga dan tikus bulan April 2025,,15.315,,,,,,
,,,,,,,,,,,,,,
,,,,,,,,,,,,,,
,,,,,,,,,,,,,,
,,,Pajak,,,PPH21  influencer : IG reel mirroring tiktok & collab brand,,48.718,Juli,,,,,
,,,Pajak,,,SC LPZ - Inc GF - #1 Jul 2025 - 31 Jul 2025,,"2.500.000,00 ",Juli,,,,,
,,,Pajak,,,Gas Periode 21.05.2025 - 20.06.2025,,"1.302.840,00 ",Juli,,,,,
,,,Pajak,,,Air Periode 21.05.2025 - 20.06.2025,,"282.720,00 ",Juli,,,,,
,,,Pajak,,,Listrik Periode 21.05.2025 - 20.06.2025,,"1.266.350,00 ",Juli,,,,,
,,,Pajak,,,Biaya Pemeliharaan Listrik periode 21.05.2025 - 20.06.2025,,"612.318,00 ",Juli,,,,,
,,,Pajak,,,Service Charges - Pendapatan 1F - K / 203 # 1 Jul 2025 - 31 Jul 2025 (MKG),,"261.000,00 ",Juli,,,,,
,,,Pajak,,,Listrik Periode : 21/05/2025 s/d 20/06/2025 (MKG),,"43.309,00 ",Juli,,,,,
,,,Pajak,,,Biaya Pemeliharaan Listrik Periode : 21/05/2025 s/d 20/06/2025 (MKG),,"23.464,00 ",Juli,,,,,
,,,pajak,,,Pasal 4(2) Service During Tenan Fit Out,,"10.350,00 ",Juli,,,,,
,,,pajak,,,Pasal 4 (2) Biaya Penambahan Daya Listrik SMS,,"819.672,00 ",Juli,,,,,
,,,Pajak,,,Pasal 4(2) Rent & Add S. Charge 01 - 30 Jun 2025,,"2.908.578,00 ",Juli,,,,,
,,,Pajak,,,Pasal 4(2) Rent 01 - 30 Jun 2025 (Academic),,"42.000,00 ",Juli,,,,,
,,,Pajak,,,Pasal 4 (2) Rent 01-30 Juni 2025,,"56.873,00 ",Juli,,,,,
,,,Pajak,,,PPh 21 - Tagihan Sciencewerk Juli 2025,,153.847,Juli,,,,,
,,,,,,,,,,,,,,
,,,Pajak,,,Pasal 4(2) SC Island Counter - Revenue 1F - IC22 # 28 Jul - 31 Jul 2025,,20.032,Agustus,,,,,
,,,Pajak,,,Pasal 4(2) SC Island Counter - Revenue 1F - IC22 # 01 Aug - 31 Aug 2025,,172.328,Agustus,,,,,
,,,Pajak,,,Pasal 4(2) SC LPZ - Inc GF - 10 # 1 Aug 2025 - 31 Aug 2025,,2.500.000,Agustus,,,,,
,,,Pajak,,,Pasal 4(2) Listrik Periode 21.06.2025 s.d 20.07.2025,,1.066.796,Agustus,,,,,
,,,Pajak,,,Pasal 4(2) Biaya Pemeliharaan Listrik Periode 21.06.2025 s.d 20.07.2025,,575.162,Agustus,,,,,
,,,Pajak,,,Pasal 4(2) Air Periode 21.06.2025 s.d 20.07.2025,,342.060,Agustus,,,,,
,,,Pajak,,,"Pasal 4(2) Gas Periode 20.06.2025 s,d 20.07.2025",,1.358.280,Agustus,,,,,
,,,Pajak,,,PPh21 - LYFE and CO Content Solution,,141.026,Agustus,,,,,
,,,Pajak,,,Pasal 4(2) Center Promotion - Island Counter 1F- IC22 #28 Jul 2025 - 27 Jul 2026,,82.800,Agustus,,,,,
,,,,,,,,,,,,,,
,,,Pajak,,,Pasal 4(2) Add S. Charge 01-31 Jul2025 & Rent 01-31 Jul 2025,,2.386.648,September,,,,,
,,,Pajak,,,Pasal 4(2) Rent 01-31 Jul 2025 (MKG),,91.979,September,,,,,
,,,Pajak,,,Pasal 4(2) Rent For 28 Jul - 31 Jul 2025 (SMS),,40.791,September,,,,,
,,,Pajak,,,PPh 21 - Tagihan Sciencewerk Agustus 2025,,153.847,September,done,,,,
,,,,,,,,,,,,,,
,,,Pajak,,,PPH23 Jasa pengendalian hama serangga dan tikus bulan Juni 2025,,15.315,,,,,,
,,,,,,,,,,,,,,
,,,Pajak,,,PPh 21 - Tagihan SciencewerkSeptember 2025,,153.847,Oktober,,,,,
,,,,,,,,"141025,65",,,,,,