═════════════════════════════════════════════════════════════════
  SELESAI — OK: 287  Skipped: 27  Error: 2
═════════════════════════════════════════════════════════════════

─────────────────────────────────────────────────────────────────
  Tanggal: 01/01/2025  (Uang Masuk: 02/01/2025)
  Piutang  : Rp 2,595,690.00
  Penjualan: Rp 2,286,000.00  Service: Rp 99,900.00
  Pajak    : Rp 209,790.00  Pembulatan: Rp 0.00
  Uang Masuk BCA: Rp 2,574,773.06  Admin Bank: Rp 20,916.94
  [OK] Penjualan: Balance.

  ────────────────────────────────────────────────────────────
  Jurnal  : BREW - PENJUALAN STRADA MKG 01/01/2025
  Tanggal : 01/01/2025
  Akun            Tipe                Jumlah
  ────────────────────────────────────────────────────────────
  1100.10         DEBIT      Rp 2,595,690.00 (cust: C.00045)
  4000.01.03      CREDIT     Rp 2,286,000.00
  2002.04.03      CREDIT        Rp 99,900.00
  2002.03.04      CREDIT       Rp 209,790.00
  ────────────────────────────────────────────────────────────
  Total D=Rp 2,595,690.00  K=Rp 2,595,690.00
  [OK] Journal posted: BREW - PENJUALAN STRADA MKG 01/01/2025

  ────────────────────────────────────────────────────────────
  Jurnal  : BREW - UANG MASUK STRADA MKG 01/01/2025
  Tanggal : 02/01/2025
  Akun            Tipe                Jumlah
  ────────────────────────────────────────────────────────────
  1000.02.04      DEBIT      Rp 2,574,773.06
  6000.01.08      DEBIT         Rp 20,916.94
  1100.10         CREDIT     Rp 2,595,690.00 (cust: C.00045)
  ────────────────────────────────────────────────────────────
  Total D=Rp 2,595,690.00  K=Rp 2,595,690.00
  [OK] Journal posted: BREW - UANG MASUK STRADA MKG 01/01/2025

─────────────────────────────────────────────────────────────────
  Tanggal: 02/01/2025  (Uang Masuk: 03/01/2025)
  Piutang  : Rp 705,822.00
  Penjualan: Rp 611,100.00  Service: Rp 30,556.00
  Pajak    : Rp 64,166.00  Pembulatan: Rp 0.00
  Uang Masuk BCA: Rp 700,725.34  Admin Bank: Rp 5,096.66
  [OK] Penjualan: Balance.

  ────────────────────────────────────────────────────────────
  Jurnal  : BREW - PENJUALAN STRADA MKG 02/01/2025
  Tanggal : 02/01/2025
  Akun            Tipe                Jumlah
  ────────────────────────────────────────────────────────────
  1100.10         DEBIT        Rp 705,822.00 (cust: C.00045)
  4000.01.03      CREDIT       Rp 611,100.00
  2002.04.03      CREDIT        Rp 30,556.00
  2002.03.04      CREDIT        Rp 64,166.00
  ────────────────────────────────────────────────────────────
  Total D=Rp 705,822.00  K=Rp 705,822.00
  [OK] Journal posted: BREW - PENJUALAN STRADA MKG 02/01/2025

  ────────────────────────────────────────────────────────────
  Jurnal  : BREW - UANG MASUK STRADA MKG 02/01/2025
  Tanggal : 03/01/2025
  Akun            Tipe                Jumlah
  ────────────────────────────────────────────────────────────
  1000.02.04      DEBIT        Rp 700,725.34
  6000.01.08      DEBIT          Rp 5,096.66
  1100.10         CREDIT       Rp 705,822.00 (cust: C.00045)
  ────────────────────────────────────────────────────────────
  Total D=Rp 705,822.00  K=Rp 705,822.00
  [OK] Journal posted: BREW - UANG MASUK STRADA MKG 02/01/2025

─────────────────────────────────────────────────────────────────
  Tanggal: 03/01/2025  (Uang Masuk: 04/01/2025)
  Piutang  : Rp 1,631,027.00
  Penjualan: Rp 1,436,300.00  Service: Rp 62,815.00
  Pajak    : Rp 131,912.00  Pembulatan: Rp 0.00
  Uang Masuk BCA: Rp 1,621,607.57  Admin Bank: Rp 9,419.43
  [OK] Penjualan: Balance.

  ────────────────────────────────────────────────────────────
  Jurnal  : BREW - PENJUALAN STRADA MKG 03/01/2025
  Tanggal : 03/01/2025
  Akun            Tipe                Jumlah
  ────────────────────────────────────────────────────────────
  1100.10         DEBIT      Rp 1,631,027.00 (cust: C.00045)
  4000.01.03      CREDIT     Rp 1,436,300.00
  2002.04.03      CREDIT        Rp 62,815.00
  2002.03.04      CREDIT       Rp 131,912.00
  ────────────────────────────────────────────────────────────
  Total D=Rp 1,631,027.00  K=Rp 1,631,027.00
  [OK] Journal posted: BREW - PENJUALAN STRADA MKG 03/01/2025

  ────────────────────────────────────────────────────────────
  Jurnal  : BREW - UANG MASUK STRADA MKG 03/01/2025
  Tanggal : 04/01/2025
  Akun            Tipe                Jumlah
  ────────────────────────────────────────────────────────────
  1000.02.04      DEBIT      Rp 1,621,607.57
  6000.01.08      DEBIT          Rp 9,419.43
  1100.10         CREDIT     Rp 1,631,027.00 (cust: C.00045)
  ────────────────────────────────────────────────────────────
  Total D=Rp 1,631,027.00  K=Rp 1,631,027.00
  [OK] Journal posted: BREW - UANG MASUK STRADA MKG 03/01/2025

─────────────────────────────────────────────────────────────────
  Tanggal: 04/01/2025  (Uang Masuk: 05/01/2025)
  Piutang  : Rp 1,745,205.00
  Penjualan: Rp 1,511,000.00  Service: Rp 75,550.00
  Pajak    : Rp 158,655.00  Pembulatan: Rp 0.00
  Uang Masuk BCA: Rp 1,732,844.12  Admin Bank: Rp 12,360.88
  [OK] Penjualan: Balance.

  ────────────────────────────────────────────────────────────
  Jurnal  : BREW - PENJUALAN STRADA MKG 04/01/2025
  Tanggal : 04/01/2025
  Akun            Tipe                Jumlah
  ────────────────────────────────────────────────────────────
  1100.10         DEBIT      Rp 1,745,205.00 (cust: C.00045)
  4000.01.03      CREDIT     Rp 1,511,000.00
  2002.04.03      CREDIT        Rp 75,550.00
  2002.03.04      CREDIT       Rp 158,655.00
  ────────────────────────────────────────────────────────────
  Total D=Rp 1,745,205.00  K=Rp 1,745,205.00
  [OK] Journal posted: BREW - PENJUALAN STRADA MKG 04/01/2025

  ────────────────────────────────────────────────────────────
  Jurnal  : BREW - UANG MASUK STRADA MKG 04/01/2025
  Tanggal : 05/01/2025
  Akun            Tipe                Jumlah
  ────────────────────────────────────────────────────────────
  1000.02.04      DEBIT      Rp 1,732,844.12
  6000.01.08      DEBIT         Rp 12,360.88
  1100.10         CREDIT     Rp 1,745,205.00 (cust: C.00045)
  ────────────────────────────────────────────────────────────
  Total D=Rp 1,745,205.00  K=Rp 1,745,205.00
  [OK] Journal posted: BREW - UANG MASUK STRADA MKG 04/01/2025

─────────────────────────────────────────────────────────────────
  Tanggal: 05/01/2025  (Uang Masuk: 06/01/2025)
  Piutang  : Rp 1,688,805.00
  Penjualan: Rp 1,467,000.00  Service: Rp 71,550.00
  Pajak    : Rp 150,255.00  Pembulatan: Rp 0.00
  Uang Masuk BCA: Rp 1,674,765.60  Admin Bank: Rp 14,039.40
  [OK] Penjualan: Balance.

  ────────────────────────────────────────────────────────────
  Jurnal  : BREW - PENJUALAN STRADA MKG 05/01/2025
  Tanggal : 05/01/2025
  Akun            Tipe                Jumlah
  ────────────────────────────────────────────────────────────
  1100.10         DEBIT      Rp 1,688,805.00 (cust: C.00045)
  4000.01.03      CREDIT     Rp 1,467,000.00
  2002.04.03      CREDIT        Rp 71,550.00
  2002.03.04      CREDIT       Rp 150,255.00
  ────────────────────────────────────────────────────────────
  Total D=Rp 1,688,805.00  K=Rp 1,688,805.00
  [OK] Journal posted: BREW - PENJUALAN STRADA MKG 05/01/2025

  ────────────────────────────────────────────────────────────
  Jurnal  : BREW - UANG MASUK STRADA MKG 05/01/2025
  Tanggal : 06/01/2025
  Akun            Tipe                Jumlah
  ────────────────────────────────────────────────────────────
  1000.02.04      DEBIT      Rp 1,674,765.60
  6000.01.08      DEBIT         Rp 14,039.40
  1100.10         CREDIT     Rp 1,688,805.00 (cust: C.00045)
  ────────────────────────────────────────────────────────────
  Total D=Rp 1,688,805.00  K=Rp 1,688,805.00
  [OK] Journal posted: BREW - UANG MASUK STRADA MKG 05/01/2025

─────────────────────────────────────────────────────────────────
  Tanggal: 06/01/2025  (Uang Masuk: 07/01/2025)
  Piutang  : Rp 565,040.00
  Penjualan: Rp 508,000.00  Service: Rp 18,400.00
  Pajak    : Rp 38,640.00  Pembulatan: Rp 0.00
  Uang Masuk BCA: Rp 559,539.24  Admin Bank: Rp 5,500.76
  [OK] Penjualan: Balance.

  ────────────────────────────────────────────────────────────
  Jurnal  : BREW - PENJUALAN STRADA MKG 06/01/2025
  Tanggal : 06/01/2025
  Akun            Tipe                Jumlah
  ────────────────────────────────────────────────────────────
  1100.10         DEBIT        Rp 565,040.00 (cust: C.00045)
  4000.01.03      CREDIT       Rp 508,000.00
  2002.04.03      CREDIT        Rp 18,400.00
  2002.03.04      CREDIT        Rp 38,640.00
  ────────────────────────────────────────────────────────────
  Total D=Rp 565,040.00  K=Rp 565,040.00
  [OK] Journal posted: BREW - PENJUALAN STRADA MKG 06/01/2025

  ────────────────────────────────────────────────────────────
  Jurnal  : BREW - UANG MASUK STRADA MKG 06/01/2025
  Tanggal : 07/01/2025
  Akun            Tipe                Jumlah
  ────────────────────────────────────────────────────────────
  1000.02.04      DEBIT        Rp 559,539.24
  6000.01.08      DEBIT          Rp 5,500.76
  1100.10         CREDIT       Rp 565,040.00 (cust: C.00045)
  ────────────────────────────────────────────────────────────
  Total D=Rp 565,040.00  K=Rp 565,040.00
  [OK] Journal posted: BREW - UANG MASUK STRADA MKG 06/01/2025

─────────────────────────────────────────────────────────────────
  Tanggal: 07/01/2025  (Uang Masuk: 08/01/2025)
  Piutang  : Rp 494,340.00
  Penjualan: Rp 428,000.00  Service: Rp 21,400.00
  Pajak    : Rp 44,940.00  Pembulatan: Rp 0.00
  Uang Masuk BCA: Rp 490,198.68  Admin Bank: Rp 4,141.32
  [OK] Penjualan: Balance.

  ────────────────────────────────────────────────────────────
  Jurnal  : BREW - PENJUALAN STRADA MKG 07/01/2025
  Tanggal : 07/01/2025
  Akun            Tipe                Jumlah
  ────────────────────────────────────────────────────────────
  1100.10         DEBIT        Rp 494,340.00 (cust: C.00045)
  4000.01.03      CREDIT       Rp 428,000.00
  2002.04.03      CREDIT        Rp 21,400.00
  2002.03.04      CREDIT        Rp 44,940.00
  ────────────────────────────────────────────────────────────
  Total D=Rp 494,340.00  K=Rp 494,340.00
  [OK] Journal posted: BREW - PENJUALAN STRADA MKG 07/01/2025

  ────────────────────────────────────────────────────────────
  Jurnal  : BREW - UANG MASUK STRADA MKG 07/01/2025
  Tanggal : 08/01/2025
  Akun            Tipe                Jumlah
  ────────────────────────────────────────────────────────────
  1000.02.04      DEBIT        Rp 490,198.68
  6000.01.08      DEBIT          Rp 4,141.32
  1100.10         CREDIT       Rp 494,340.00 (cust: C.00045)
  ────────────────────────────────────────────────────────────
  Total D=Rp 494,340.00  K=Rp 494,340.00
  [OK] Journal posted: BREW - UANG MASUK STRADA MKG 07/01/2025

─────────────────────────────────────────────────────────────────
  Tanggal: 08/01/2025  (Uang Masuk: 09/01/2025)
  Piutang  : Rp 713,475.00
  Penjualan: Rp 629,000.00  Service: Rp 27,250.00
  Pajak    : Rp 57,225.00  Pembulatan: Rp 0.00
  Uang Masuk BCA: Rp 707,805.50  Admin Bank: Rp 5,669.50
  [OK] Penjualan: Balance.

  ────────────────────────────────────────────────────────────
  Jurnal  : BREW - PENJUALAN STRADA MKG 08/01/2025
  Tanggal : 08/01/2025
  Akun            Tipe                Jumlah
  ────────────────────────────────────────────────────────────
  1100.10         DEBIT        Rp 713,475.00 (cust: C.00045)
  4000.01.03      CREDIT       Rp 629,000.00
  2002.04.03      CREDIT        Rp 27,250.00
  2002.03.04      CREDIT        Rp 57,225.00
  ────────────────────────────────────────────────────────────
  Total D=Rp 713,475.00  K=Rp 713,475.00
  [OK] Journal posted: BREW - PENJUALAN STRADA MKG 08/01/2025

  ────────────────────────────────────────────────────────────
  Jurnal  : BREW - UANG MASUK STRADA MKG 08/01/2025
  Tanggal : 09/01/2025
  Akun            Tipe                Jumlah
  ────────────────────────────────────────────────────────────
  1000.02.04      DEBIT        Rp 707,805.50
  6000.01.08      DEBIT          Rp 5,669.50
  1100.10         CREDIT       Rp 713,475.00 (cust: C.00045)
  ────────────────────────────────────────────────────────────
  Total D=Rp 713,475.00  K=Rp 713,475.00
  [OK] Journal posted: BREW - UANG MASUK STRADA MKG 08/01/2025

─────────────────────────────────────────────────────────────────
  Tanggal: 09/01/2025  (Uang Masuk: 10/01/2025)
  Piutang  : Rp 681,195.00
  Penjualan: Rp 593,000.00  Service: Rp 28,450.00
  Pajak    : Rp 59,745.00  Pembulatan: Rp 0.00
  Uang Masuk BCA: Rp 675,105.13  Admin Bank: Rp 6,089.87
  [OK] Penjualan: Balance.

  ────────────────────────────────────────────────────────────
  Jurnal  : BREW - PENJUALAN STRADA MKG 09/01/2025
  Tanggal : 09/01/2025
  Akun            Tipe                Jumlah
  ────────────────────────────────────────────────────────────
  1100.10         DEBIT        Rp 681,195.00 (cust: C.00045)
  4000.01.03      CREDIT       Rp 593,000.00
  2002.04.03      CREDIT        Rp 28,450.00
  2002.03.04      CREDIT        Rp 59,745.00
  ────────────────────────────────────────────────────────────
  Total D=Rp 681,195.00  K=Rp 681,195.00
  [OK] Journal posted: BREW - PENJUALAN STRADA MKG 09/01/2025

  ────────────────────────────────────────────────────────────
  Jurnal  : BREW - UANG MASUK STRADA MKG 09/01/2025
  Tanggal : 10/01/2025
  Akun            Tipe                Jumlah
  ────────────────────────────────────────────────────────────
  1000.02.04      DEBIT        Rp 675,105.13
  6000.01.08      DEBIT          Rp 6,089.87
  1100.10         CREDIT       Rp 681,195.00 (cust: C.00045)
  ────────────────────────────────────────────────────────────
  Total D=Rp 681,195.00  K=Rp 681,195.00
  [OK] Journal posted: BREW - UANG MASUK STRADA MKG 09/01/2025

─────────────────────────────────────────────────────────────────
  Tanggal: 10/01/2025  (Uang Masuk: 11/01/2025)
  Piutang  : Rp 1,277,430.00
  Penjualan: Rp 1,106,000.00  Service: Rp 55,300.00
  Pajak    : Rp 116,130.00  Pembulatan: Rp 0.00
  Uang Masuk BCA: Rp 1,271,003.59  Admin Bank: Rp 6,426.41
  [OK] Penjualan: Balance.

  ────────────────────────────────────────────────────────────
  Jurnal  : BREW - PENJUALAN STRADA MKG 10/01/2025
  Tanggal : 10/01/2025
  Akun            Tipe                Jumlah
  ────────────────────────────────────────────────────────────
  1100.10         DEBIT      Rp 1,277,430.00 (cust: C.00045)
  4000.01.03      CREDIT     Rp 1,106,000.00
  2002.04.03      CREDIT        Rp 55,300.00
  2002.03.04      CREDIT       Rp 116,130.00
  ────────────────────────────────────────────────────────────
  Total D=Rp 1,277,430.00  K=Rp 1,277,430.00
  [OK] Journal posted: BREW - PENJUALAN STRADA MKG 10/01/2025

  ────────────────────────────────────────────────────────────
  Jurnal  : BREW - UANG MASUK STRADA MKG 10/01/2025
  Tanggal : 11/01/2025
  Akun            Tipe                Jumlah
  ────────────────────────────────────────────────────────────
  1000.02.04      DEBIT      Rp 1,271,003.59
  6000.01.08      DEBIT          Rp 6,426.41
  1100.10         CREDIT     Rp 1,277,430.00 (cust: C.00045)
  ────────────────────────────────────────────────────────────
  Total D=Rp 1,277,430.00  K=Rp 1,277,430.00
  [OK] Journal posted: BREW - UANG MASUK STRADA MKG 10/01/2025

─────────────────────────────────────────────────────────────────
  Tanggal: 11/01/2025  (Uang Masuk: 12/01/2025)
  Piutang  : Rp 2,840,110.00
  Penjualan: Rp 2,474,000.00  Service: Rp 118,100.00
  Pajak    : Rp 248,010.00  Pembulatan: Rp 0.00
  Uang Masuk BCA: Rp 2,816,891.16  Admin Bank: Rp 23,218.84
  [OK] Penjualan: Balance.

  ────────────────────────────────────────────────────────────
  Jurnal  : BREW - PENJUALAN STRADA MKG 11/01/2025
  Tanggal : 11/01/2025
  Akun            Tipe                Jumlah
  ────────────────────────────────────────────────────────────
  1100.10         DEBIT      Rp 2,840,110.00 (cust: C.00045)
  4000.01.03      CREDIT     Rp 2,474,000.00
  2002.04.03      CREDIT       Rp 118,100.00
  2002.03.04      CREDIT       Rp 248,010.00
  ────────────────────────────────────────────────────────────
  Total D=Rp 2,840,110.00  K=Rp 2,840,110.00
  [OK] Journal posted: BREW - PENJUALAN STRADA MKG 11/01/2025

  ────────────────────────────────────────────────────────────
  Jurnal  : BREW - UANG MASUK STRADA MKG 11/01/2025
  Tanggal : 12/01/2025
  Akun            Tipe                Jumlah
  ────────────────────────────────────────────────────────────
  1000.02.04      DEBIT      Rp 2,816,891.16
  6000.01.08      DEBIT         Rp 23,218.84
  1100.10         CREDIT     Rp 2,840,110.00 (cust: C.00045)
  ────────────────────────────────────────────────────────────
  Total D=Rp 2,840,110.00  K=Rp 2,840,110.00
  [OK] Journal posted: BREW - UANG MASUK STRADA MKG 11/01/2025

─────────────────────────────────────────────────────────────────
  Tanggal: 12/01/2025  (Uang Masuk: 13/01/2025)
  Piutang  : Rp 1,542,120.00
  Penjualan: Rp 1,340,000.00  Service: Rp 65,200.00
  Pajak    : Rp 136,920.00  Pembulatan: Rp 0.00
  Uang Masuk BCA: Rp 1,531,422.69  Admin Bank: Rp 10,697.31
  [OK] Penjualan: Balance.

  ────────────────────────────────────────────────────────────
  Jurnal  : BREW - PENJUALAN STRADA MKG 12/01/2025
  Tanggal : 12/01/2025
  Akun            Tipe                Jumlah
  ────────────────────────────────────────────────────────────
  1100.10         DEBIT      Rp 1,542,120.00 (cust: C.00045)
  4000.01.03      CREDIT     Rp 1,340,000.00
  2002.04.03      CREDIT        Rp 65,200.00
  2002.03.04      CREDIT       Rp 136,920.00
  ────────────────────────────────────────────────────────────
  Total D=Rp 1,542,120.00  K=Rp 1,542,120.00
  [OK] Journal posted: BREW - PENJUALAN STRADA MKG 12/01/2025

  ────────────────────────────────────────────────────────────
  Jurnal  : BREW - UANG MASUK STRADA MKG 12/01/2025
  Tanggal : 13/01/2025
  Akun            Tipe                Jumlah
  ────────────────────────────────────────────────────────────
  1000.02.04      DEBIT      Rp 1,531,422.69
  6000.01.08      DEBIT         Rp 10,697.31
  1100.10         CREDIT     Rp 1,542,120.00 (cust: C.00045)
  ────────────────────────────────────────────────────────────
  Total D=Rp 1,542,120.00  K=Rp 1,542,120.00
  [OK] Journal posted: BREW - UANG MASUK STRADA MKG 12/01/2025

─────────────────────────────────────────────────────────────────
  Tanggal: 13/01/2025  (Uang Masuk: 14/01/2025)
  Piutang  : Rp 434,280.00
  Penjualan: Rp 376,000.00  Service: Rp 18,800.00
  Pajak    : Rp 39,480.00  Pembulatan: Rp 0.00
  Uang Masuk BCA: Rp 430,880.52  Admin Bank: Rp 3,399.48
  [OK] Penjualan: Balance.

  ────────────────────────────────────────────────────────────
  Jurnal  : BREW - PENJUALAN STRADA MKG 13/01/2025
  Tanggal : 13/01/2025
  Akun            Tipe                Jumlah
  ────────────────────────────────────────────────────────────
  1100.10         DEBIT        Rp 434,280.00 (cust: C.00045)
  4000.01.03      CREDIT       Rp 376,000.00
  2002.04.03      CREDIT        Rp 18,800.00
  2002.03.04      CREDIT        Rp 39,480.00
  ────────────────────────────────────────────────────────────
  Total D=Rp 434,280.00  K=Rp 434,280.00
  [OK] Journal posted: BREW - PENJUALAN STRADA MKG 13/01/2025

  ────────────────────────────────────────────────────────────
  Jurnal  : BREW - UANG MASUK STRADA MKG 13/01/2025
  Tanggal : 14/01/2025
  Akun            Tipe                Jumlah
  ────────────────────────────────────────────────────────────
  1000.02.04      DEBIT        Rp 430,880.52
  6000.01.08      DEBIT          Rp 3,399.48
  1100.10         CREDIT       Rp 434,280.00 (cust: C.00045)
  ────────────────────────────────────────────────────────────
  Total D=Rp 434,280.00  K=Rp 434,280.00
  [OK] Journal posted: BREW - UANG MASUK STRADA MKG 13/01/2025

─────────────────────────────────────────────────────────────────
  Tanggal: 14/01/2025  (Uang Masuk: 15/01/2025)
  Piutang  : Rp 720,720.00
  Penjualan: Rp 624,000.00  Service: Rp 31,200.00
  Pajak    : Rp 65,520.00  Pembulatan: Rp 0.00
  Uang Masuk BCA: Rp 714,308.70  Admin Bank: Rp 6,411.30
  [OK] Penjualan: Balance.

  ────────────────────────────────────────────────────────────
  Jurnal  : BREW - PENJUALAN STRADA MKG 14/01/2025
  Tanggal : 14/01/2025
  Akun            Tipe                Jumlah
  ────────────────────────────────────────────────────────────
  1100.10         DEBIT        Rp 720,720.00 (cust: C.00045)
  4000.01.03      CREDIT       Rp 624,000.00
  2002.04.03      CREDIT        Rp 31,200.00
  2002.03.04      CREDIT        Rp 65,520.00
  ────────────────────────────────────────────────────────────
  Total D=Rp 720,720.00  K=Rp 720,720.00
  [OK] Journal posted: BREW - PENJUALAN STRADA MKG 14/01/2025

  ────────────────────────────────────────────────────────────
  Jurnal  : BREW - UANG MASUK STRADA MKG 14/01/2025
  Tanggal : 15/01/2025
  Akun            Tipe                Jumlah
  ────────────────────────────────────────────────────────────
  1000.02.04      DEBIT        Rp 714,308.70
  6000.01.08      DEBIT          Rp 6,411.30
  1100.10         CREDIT       Rp 720,720.00 (cust: C.00045)
  ────────────────────────────────────────────────────────────
  Total D=Rp 720,720.00  K=Rp 720,720.00
  [OK] Journal posted: BREW - UANG MASUK STRADA MKG 14/01/2025

─────────────────────────────────────────────────────────────────
  Tanggal: 15/01/2025  (Uang Masuk: 16/01/2025)
  Piutang  : Rp 1,266,540.00
  Penjualan: Rp 1,132,000.00  Service: Rp 43,400.00
  Pajak    : Rp 91,140.00  Pembulatan: Rp 0.00
  Uang Masuk BCA: Rp 1,256,799.96  Admin Bank: Rp 9,740.04
  [OK] Penjualan: Balance.

  ────────────────────────────────────────────────────────────
  Jurnal  : BREW - PENJUALAN STRADA MKG 15/01/2025
  Tanggal : 15/01/2025
  Akun            Tipe                Jumlah
  ────────────────────────────────────────────────────────────
  1100.10         DEBIT      Rp 1,266,540.00 (cust: C.00045)
  4000.01.03      CREDIT     Rp 1,132,000.00
  2002.04.03      CREDIT        Rp 43,400.00
  2002.03.04      CREDIT        Rp 91,140.00
  ────────────────────────────────────────────────────────────
  Total D=Rp 1,266,540.00  K=Rp 1,266,540.00
  [OK] Journal posted: BREW - PENJUALAN STRADA MKG 15/01/2025

  ────────────────────────────────────────────────────────────
  Jurnal  : BREW - UANG MASUK STRADA MKG 15/01/2025
  Tanggal : 16/01/2025
  Akun            Tipe                Jumlah
  ────────────────────────────────────────────────────────────
  1000.02.04      DEBIT      Rp 1,256,799.96
  6000.01.08      DEBIT          Rp 9,740.04
  1100.10         CREDIT     Rp 1,266,540.00 (cust: C.00045)
  ────────────────────────────────────────────────────────────
  Total D=Rp 1,266,540.00  K=Rp 1,266,540.00
  [OK] Journal posted: BREW - UANG MASUK STRADA MKG 15/01/2025

─────────────────────────────────────────────────────────────────
  Tanggal: 16/01/2025  (Uang Masuk: 17/01/2025)
  Piutang  : Rp 917,417.00
  Penjualan: Rp 794,300.00  Service: Rp 39,715.00
  Pajak    : Rp 83,402.00  Pembulatan: Rp 0.00
  Uang Masuk BCA: Rp 910,470.07  Admin Bank: Rp 6,946.93
  [OK] Penjualan: Balance.

  ────────────────────────────────────────────────────────────
  Jurnal  : BREW - PENJUALAN STRADA MKG 16/01/2025
  Tanggal : 16/01/2025
  Akun            Tipe                Jumlah
  ────────────────────────────────────────────────────────────
  1100.10         DEBIT        Rp 917,417.00 (cust: C.00045)
  4000.01.03      CREDIT       Rp 794,300.00
  2002.04.03      CREDIT        Rp 39,715.00
  2002.03.04      CREDIT        Rp 83,402.00
  ────────────────────────────────────────────────────────────
  Total D=Rp 917,417.00  K=Rp 917,417.00
  [OK] Journal posted: BREW - PENJUALAN STRADA MKG 16/01/2025

  ────────────────────────────────────────────────────────────
  Jurnal  : BREW - UANG MASUK STRADA MKG 16/01/2025
  Tanggal : 17/01/2025
  Akun            Tipe                Jumlah
  ────────────────────────────────────────────────────────────
  1000.02.04      DEBIT        Rp 910,470.07
  6000.01.08      DEBIT          Rp 6,946.93
  1100.10         CREDIT       Rp 917,417.00 (cust: C.00045)
  ────────────────────────────────────────────────────────────
  Total D=Rp 917,417.00  K=Rp 917,417.00
  [OK] Journal posted: BREW - UANG MASUK STRADA MKG 16/01/2025

─────────────────────────────────────────────────────────────────
  Tanggal: 17/01/2025  (Uang Masuk: 18/01/2025)
  Piutang  : Rp 1,410,000.00
  Penjualan: Rp 1,224,000.00  Service: Rp 60,000.00
  Pajak    : Rp 126,000.00  Pembulatan: Rp 0.00
  Uang Masuk BCA: Rp 1,397,824.63  Admin Bank: Rp 12,175.37
  [OK] Penjualan: Balance.

  ────────────────────────────────────────────────────────────
  Jurnal  : BREW - PENJUALAN STRADA MKG 17/01/2025
  Tanggal : 17/01/2025
  Akun            Tipe                Jumlah
  ────────────────────────────────────────────────────────────
  1100.10         DEBIT      Rp 1,410,000.00 (cust: C.00045)
  4000.01.03      CREDIT     Rp 1,224,000.00
  2002.04.03      CREDIT        Rp 60,000.00
  2002.03.04      CREDIT       Rp 126,000.00
  ────────────────────────────────────────────────────────────
  Total D=Rp 1,410,000.00  K=Rp 1,410,000.00
  [OK] Journal posted: BREW - PENJUALAN STRADA MKG 17/01/2025

  ────────────────────────────────────────────────────────────
  Jurnal  : BREW - UANG MASUK STRADA MKG 17/01/2025
  Tanggal : 18/01/2025
  Akun            Tipe                Jumlah
  ────────────────────────────────────────────────────────────
  1000.02.04      DEBIT      Rp 1,397,824.63
  6000.01.08      DEBIT         Rp 12,175.37
  1100.10         CREDIT     Rp 1,410,000.00 (cust: C.00045)
  ────────────────────────────────────────────────────────────
  Total D=Rp 1,410,000.00  K=Rp 1,410,000.00
  [OK] Journal posted: BREW - UANG MASUK STRADA MKG 17/01/2025

─────────────────────────────────────────────────────────────────
  Tanggal: 18/01/2025  (Uang Masuk: 19/01/2025)
  Piutang  : Rp 3,775,470.00
  Penjualan: Rp 3,304,000.00  Service: Rp 151,999.00
  Pajak    : Rp 319,200.00  Pembulatan: Rp 0.00
  Uang Masuk BCA: Rp 3,742,467.82  Admin Bank: Rp 33,002.18
  [ERROR] Penjualan tidak balance: selisih Rp 271.00 (Debit > Kredit) — perbaiki data di template CSV.
  [SKIP] Penjualan dilewati karena error balance.

  ────────────────────────────────────────────────────────────
  Jurnal  : BREW - UANG MASUK STRADA MKG 18/01/2025
  Tanggal : 19/01/2025
  Akun            Tipe                Jumlah
  ────────────────────────────────────────────────────────────
  1000.02.04      DEBIT      Rp 3,742,467.82
  6000.01.08      DEBIT         Rp 33,002.18
  1100.10         CREDIT     Rp 3,775,470.00 (cust: C.00045)
  ────────────────────────────────────────────────────────────
  Total D=Rp 3,775,470.00  K=Rp 3,775,470.00
  [OK] Journal posted: BREW - UANG MASUK STRADA MKG 18/01/2025

─────────────────────────────────────────────────────────────────
  Tanggal: 19/01/2025  (Uang Masuk: 20/01/2025)
  Piutang  : Rp 3,321,015.00
  Penjualan: Rp 2,885,000.00  Service: Rp 140,650.00
  Pajak    : Rp 295,365.00  Pembulatan: Rp 0.00
  Uang Masuk BCA: Rp 3,295,925.21  Admin Bank: Rp 25,089.79
  [OK] Penjualan: Balance.

  ────────────────────────────────────────────────────────────
  Jurnal  : BREW - PENJUALAN STRADA MKG 19/01/2025
  Tanggal : 19/01/2025
  Akun            Tipe                Jumlah
  ────────────────────────────────────────────────────────────
  1100.10         DEBIT      Rp 3,321,015.00 (cust: C.00045)
  4000.01.03      CREDIT     Rp 2,885,000.00
  2002.04.03      CREDIT       Rp 140,650.00
  2002.03.04      CREDIT       Rp 295,365.00
  ────────────────────────────────────────────────────────────
  Total D=Rp 3,321,015.00  K=Rp 3,321,015.00
  [OK] Journal posted: BREW - PENJUALAN STRADA MKG 19/01/2025

  ────────────────────────────────────────────────────────────
  Jurnal  : BREW - UANG MASUK STRADA MKG 19/01/2025
  Tanggal : 20/01/2025
  Akun            Tipe                Jumlah
  ────────────────────────────────────────────────────────────
  1000.02.04      DEBIT      Rp 3,295,925.21
  6000.01.08      DEBIT         Rp 25,089.79
  1100.10         CREDIT     Rp 3,321,015.00 (cust: C.00045)
  ────────────────────────────────────────────────────────────
  Total D=Rp 3,321,015.00  K=Rp 3,321,015.00
  [OK] Journal posted: BREW - UANG MASUK STRADA MKG 19/01/2025

─────────────────────────────────────────────────────────────────
  Tanggal: 20/01/2025  (Uang Masuk: 21/01/2025)
  Piutang  : Rp 639,385.00
  Penjualan: Rp 567,000.00  Service: Rp 23,350.00
  Pajak    : Rp 49,035.00  Pembulatan: Rp 0.00
  Uang Masuk BCA: Rp 632,736.00  Admin Bank: Rp 6,649.00
  [OK] Penjualan: Balance.

  ────────────────────────────────────────────────────────────
  Jurnal  : BREW - PENJUALAN STRADA MKG 20/01/2025
  Tanggal : 20/01/2025
  Akun            Tipe                Jumlah
  ────────────────────────────────────────────────────────────
  1100.10         DEBIT        Rp 639,385.00 (cust: C.00045)
  4000.01.03      CREDIT       Rp 567,000.00
  2002.04.03      CREDIT        Rp 23,350.00
  2002.03.04      CREDIT        Rp 49,035.00
  ────────────────────────────────────────────────────────────
  Total D=Rp 639,385.00  K=Rp 639,385.00
  [OK] Journal posted: BREW - PENJUALAN STRADA MKG 20/01/2025

  ────────────────────────────────────────────────────────────
  Jurnal  : BREW - UANG MASUK STRADA MKG 20/01/2025
  Tanggal : 21/01/2025
  Akun            Tipe                Jumlah
  ────────────────────────────────────────────────────────────
  1000.02.04      DEBIT        Rp 632,736.00
  6000.01.08      DEBIT          Rp 6,649.00
  1100.10         CREDIT       Rp 639,385.00 (cust: C.00045)
  ────────────────────────────────────────────────────────────
  Total D=Rp 639,385.00  K=Rp 639,385.00
  [OK] Journal posted: BREW - UANG MASUK STRADA MKG 20/01/2025

─────────────────────────────────────────────────────────────────
  Tanggal: 21/01/2025  (Uang Masuk: 22/01/2025)
  Piutang  : Rp 1,169,325.00
  Penjualan: Rp 1,105,000.00  Service: Rp 20,750.00
  Pajak    : Rp 43,575.00  Pembulatan: Rp 0.00
  Uang Masuk BCA: Rp 1,151,141.00  Admin Bank: Rp 18,184.00
  [OK] Penjualan: Balance.

  ────────────────────────────────────────────────────────────
  Jurnal  : BREW - PENJUALAN STRADA MKG 21/01/2025
  Tanggal : 21/01/2025
  Akun            Tipe                Jumlah
  ────────────────────────────────────────────────────────────
  1100.10         DEBIT      Rp 1,169,325.00 (cust: C.00045)
  4000.01.03      CREDIT     Rp 1,105,000.00
  2002.04.03      CREDIT        Rp 20,750.00
  2002.03.04      CREDIT        Rp 43,575.00
  ────────────────────────────────────────────────────────────
  Total D=Rp 1,169,325.00  K=Rp 1,169,325.00
  [OK] Journal posted: BREW - PENJUALAN STRADA MKG 21/01/2025

  ────────────────────────────────────────────────────────────
  Jurnal  : BREW - UANG MASUK STRADA MKG 21/01/2025
  Tanggal : 22/01/2025
  Akun            Tipe                Jumlah
  ────────────────────────────────────────────────────────────
  1000.02.04      DEBIT      Rp 1,151,141.00
  6000.01.08      DEBIT         Rp 18,184.00
  1100.10         CREDIT     Rp 1,169,325.00 (cust: C.00045)
  ────────────────────────────────────────────────────────────
  Total D=Rp 1,169,325.00  K=Rp 1,169,325.00
  [OK] Journal posted: BREW - UANG MASUK STRADA MKG 21/01/2025

─────────────────────────────────────────────────────────────────
  Tanggal: 22/01/2025  (Uang Masuk: 23/01/2025)
  Piutang  : Rp 1,749,570.00
  Penjualan: Rp 1,518,000.00  Service: Rp 74,700.00
  Pajak    : Rp 156,870.00  Pembulatan: Rp 0.00
  Uang Masuk BCA: Rp 1,736,672.08  Admin Bank: Rp 12,897.92
  [OK] Penjualan: Balance.

  ────────────────────────────────────────────────────────────
  Jurnal  : BREW - PENJUALAN STRADA MKG 22/01/2025
  Tanggal : 22/01/2025
  Akun            Tipe                Jumlah
  ────────────────────────────────────────────────────────────
  1100.10         DEBIT      Rp 1,749,570.00 (cust: C.00045)
  4000.01.03      CREDIT     Rp 1,518,000.00
  2002.04.03      CREDIT        Rp 74,700.00
  2002.03.04      CREDIT       Rp 156,870.00
  ────────────────────────────────────────────────────────────
  Total D=Rp 1,749,570.00  K=Rp 1,749,570.00
  [OK] Journal posted: BREW - PENJUALAN STRADA MKG 22/01/2025

  ────────────────────────────────────────────────────────────
  Jurnal  : BREW - UANG MASUK STRADA MKG 22/01/2025
  Tanggal : 23/01/2025
  Akun            Tipe                Jumlah
  ────────────────────────────────────────────────────────────
  1000.02.04      DEBIT      Rp 1,736,672.08
  6000.01.08      DEBIT         Rp 12,897.92
  1100.10         CREDIT     Rp 1,749,570.00 (cust: C.00045)
  ────────────────────────────────────────────────────────────
  Total D=Rp 1,749,570.00  K=Rp 1,749,570.00
  [OK] Journal posted: BREW - UANG MASUK STRADA MKG 22/01/2025

─────────────────────────────────────────────────────────────────
  Tanggal: 23/01/2025  (Uang Masuk: 24/01/2025)
  Piutang  : Rp 1,567,490.00
  Penjualan: Rp 1,388,000.00  Service: Rp 57,900.00
  Pajak    : Rp 121,590.00  Pembulatan: Rp 0.00
  Uang Masuk BCA: Rp 1,549,986.54  Admin Bank: Rp 17,503.46
  [OK] Penjualan: Balance.

  ────────────────────────────────────────────────────────────
  Jurnal  : BREW - PENJUALAN STRADA MKG 23/01/2025
  Tanggal : 23/01/2025
  Akun            Tipe                Jumlah
  ────────────────────────────────────────────────────────────
  1100.10         DEBIT      Rp 1,567,490.00 (cust: C.00045)
  4000.01.03      CREDIT     Rp 1,388,000.00
  2002.04.03      CREDIT        Rp 57,900.00
  2002.03.04      CREDIT       Rp 121,590.00
  ────────────────────────────────────────────────────────────
  Total D=Rp 1,567,490.00  K=Rp 1,567,490.00
  [OK] Journal posted: BREW - PENJUALAN STRADA MKG 23/01/2025

  ────────────────────────────────────────────────────────────
  Jurnal  : BREW - UANG MASUK STRADA MKG 23/01/2025
  Tanggal : 24/01/2025
  Akun            Tipe                Jumlah
  ────────────────────────────────────────────────────────────
  1000.02.04      DEBIT      Rp 1,549,986.54
  6000.01.08      DEBIT         Rp 17,503.46
  1100.10         CREDIT     Rp 1,567,490.00 (cust: C.00045)
  ────────────────────────────────────────────────────────────
  Total D=Rp 1,567,490.00  K=Rp 1,567,490.00
  [OK] Journal posted: BREW - UANG MASUK STRADA MKG 23/01/2025

─────────────────────────────────────────────────────────────────
  Tanggal: 24/01/2025  (Uang Masuk: 25/01/2025)
  Piutang  : Rp 1,455,300.00
  Penjualan: Rp 1,260,000.00  Service: Rp 63,000.00
  Pajak    : Rp 132,300.00  Pembulatan: Rp 0.00
  Uang Masuk BCA: Rp 1,444,439.18  Admin Bank: Rp 10,860.82
  [OK] Penjualan: Balance.

  ────────────────────────────────────────────────────────────
  Jurnal  : BREW - PENJUALAN STRADA MKG 24/01/2025
  Tanggal : 24/01/2025
  Akun            Tipe                Jumlah
  ────────────────────────────────────────────────────────────
  1100.10         DEBIT      Rp 1,455,300.00 (cust: C.00045)
  4000.01.03      CREDIT     Rp 1,260,000.00
  2002.04.03      CREDIT        Rp 63,000.00
  2002.03.04      CREDIT       Rp 132,300.00
  ────────────────────────────────────────────────────────────
  Total D=Rp 1,455,300.00  K=Rp 1,455,300.00
  [OK] Journal posted: BREW - PENJUALAN STRADA MKG 24/01/2025

  ────────────────────────────────────────────────────────────
  Jurnal  : BREW - UANG MASUK STRADA MKG 24/01/2025
  Tanggal : 25/01/2025
  Akun            Tipe                Jumlah
  ────────────────────────────────────────────────────────────
  1000.02.04      DEBIT      Rp 1,444,439.18
  6000.01.08      DEBIT         Rp 10,860.82
  1100.10         CREDIT     Rp 1,455,300.00 (cust: C.00045)
  ────────────────────────────────────────────────────────────
  Total D=Rp 1,455,300.00  K=Rp 1,455,300.00
  [OK] Journal posted: BREW - UANG MASUK STRADA MKG 24/01/2025

─────────────────────────────────────────────────────────────────
  Tanggal: 25/01/2025  (Uang Masuk: 26/01/2025)
  Piutang  : Rp 3,297,040.00
  Penjualan: Rp 2,868,000.00  Service: Rp 138,400.00
  Pajak    : Rp 290,640.00  Pembulatan: Rp 0.00
  Uang Masuk BCA: Rp 3,266,892.98  Admin Bank: Rp 30,147.02
  [OK] Penjualan: Balance.

  ────────────────────────────────────────────────────────────
  Jurnal  : BREW - PENJUALAN STRADA MKG 25/01/2025
  Tanggal : 25/01/2025
  Akun            Tipe                Jumlah
  ────────────────────────────────────────────────────────────
  1100.10         DEBIT      Rp 3,297,040.00 (cust: C.00045)
  4000.01.03      CREDIT     Rp 2,868,000.00
  2002.04.03      CREDIT       Rp 138,400.00
  2002.03.04      CREDIT       Rp 290,640.00
  ────────────────────────────────────────────────────────────
  Total D=Rp 3,297,040.00  K=Rp 3,297,040.00
  [OK] Journal posted: BREW - PENJUALAN STRADA MKG 25/01/2025

  ────────────────────────────────────────────────────────────
  Jurnal  : BREW - UANG MASUK STRADA MKG 25/01/2025
  Tanggal : 26/01/2025
  Akun            Tipe                Jumlah
  ────────────────────────────────────────────────────────────
  1000.02.04      DEBIT      Rp 3,266,892.98
  6000.01.08      DEBIT         Rp 30,147.02
  1100.10         CREDIT     Rp 3,297,040.00 (cust: C.00045)
  ────────────────────────────────────────────────────────────
  Total D=Rp 3,297,040.00  K=Rp 3,297,040.00
  [OK] Journal posted: BREW - UANG MASUK STRADA MKG 25/01/2025

─────────────────────────────────────────────────────────────────
  Tanggal: 26/01/2025  (Uang Masuk: 27/01/2025)
  Piutang  : Rp 3,386,841.00
  Penjualan: Rp 2,935,550.00  Service: Rp 145,578.00
  Pajak    : Rp 305,713.00  Pembulatan: Rp 0.00
  Uang Masuk BCA: Rp 3,359,496.81  Admin Bank: Rp 27,344.19
  [OK] Penjualan: Balance.

  ────────────────────────────────────────────────────────────
  Jurnal  : BREW - PENJUALAN STRADA MKG 26/01/2025
  Tanggal : 26/01/2025
  Akun            Tipe                Jumlah
  ────────────────────────────────────────────────────────────
  1100.10         DEBIT      Rp 3,386,841.00 (cust: C.00045)
  4000.01.03      CREDIT     Rp 2,935,550.00
  2002.04.03      CREDIT       Rp 145,578.00
  2002.03.04      CREDIT       Rp 305,713.00
  ────────────────────────────────────────────────────────────
  Total D=Rp 3,386,841.00  K=Rp 3,386,841.00
  [OK] Journal posted: BREW - PENJUALAN STRADA MKG 26/01/2025

  ────────────────────────────────────────────────────────────
  Jurnal  : BREW - UANG MASUK STRADA MKG 26/01/2025
  Tanggal : 27/01/2025
  Akun            Tipe                Jumlah
  ────────────────────────────────────────────────────────────
  1000.02.04      DEBIT      Rp 3,359,496.81
  6000.01.08      DEBIT         Rp 27,344.19
  1100.10         CREDIT     Rp 3,386,841.00 (cust: C.00045)
  ────────────────────────────────────────────────────────────
  Total D=Rp 3,386,841.00  K=Rp 3,386,841.00
  [OK] Journal posted: BREW - UANG MASUK STRADA MKG 26/01/2025

─────────────────────────────────────────────────────────────────
  Tanggal: 27/01/2025  (Uang Masuk: 28/01/2025)
  Piutang  : Rp 2,577,000.00
  Penjualan: Rp 2,236,000.00  Service: Rp 110,000.00
  Pajak    : Rp 231,000.00  Pembulatan: Rp 0.00
  Uang Masuk BCA: Rp 2,555,890.73  Admin Bank: Rp 21,109.27
  [OK] Penjualan: Balance.

  ────────────────────────────────────────────────────────────
  Jurnal  : BREW - PENJUALAN STRADA MKG 27/01/2025
  Tanggal : 27/01/2025
  Akun            Tipe                Jumlah
  ────────────────────────────────────────────────────────────
  1100.10         DEBIT      Rp 2,577,000.00 (cust: C.00045)
  4000.01.03      CREDIT     Rp 2,236,000.00
  2002.04.03      CREDIT       Rp 110,000.00
  2002.03.04      CREDIT       Rp 231,000.00
  ────────────────────────────────────────────────────────────
  Total D=Rp 2,577,000.00  K=Rp 2,577,000.00
  [OK] Journal posted: BREW - PENJUALAN STRADA MKG 27/01/2025

  ────────────────────────────────────────────────────────────
  Jurnal  : BREW - UANG MASUK STRADA MKG 27/01/2025
  Tanggal : 28/01/2025
  Akun            Tipe                Jumlah
  ────────────────────────────────────────────────────────────
  1000.02.04      DEBIT      Rp 2,555,890.73
  6000.01.08      DEBIT         Rp 21,109.27
  1100.10         CREDIT     Rp 2,577,000.00 (cust: C.00045)
  ────────────────────────────────────────────────────────────
  Total D=Rp 2,577,000.00  K=Rp 2,577,000.00
  [OK] Journal posted: BREW - UANG MASUK STRADA MKG 27/01/2025

─────────────────────────────────────────────────────────────────
  Tanggal: 28/01/2025  (Uang Masuk: 29/01/2025)
  Piutang  : Rp 2,102,100.00
  Penjualan: Rp 1,785,000.00  Service: Rp 89,250.00
  Pajak    : Rp 187,425.00  Pembulatan: Rp 0.00
  Uang Masuk BCA: Rp 1,768,542.93  Admin Bank: Rp 333,557.07
  [ERROR] Penjualan tidak balance: selisih Rp 40,425.00 (Debit > Kredit) — perbaiki data di template CSV.
  [SKIP] Penjualan dilewati karena error balance.

  ────────────────────────────────────────────────────────────
  Jurnal  : BREW - UANG MASUK STRADA MKG 28/01/2025
  Tanggal : 29/01/2025
  Akun            Tipe                Jumlah
  ────────────────────────────────────────────────────────────
  1000.02.04      DEBIT      Rp 1,768,542.93
  6000.01.08      DEBIT        Rp 333,557.07
  1100.10         CREDIT     Rp 2,102,100.00 (cust: C.00045)
  ────────────────────────────────────────────────────────────
  Total D=Rp 2,102,100.00  K=Rp 2,102,100.00
  [OK] Journal posted: BREW - UANG MASUK STRADA MKG 28/01/2025

─────────────────────────────────────────────────────────────────
  Tanggal: 29/01/2025  (Uang Masuk: 30/01/2025)
  Piutang  : Rp 1,473,780.00
  Penjualan: Rp 1,276,000.00  Service: Rp 63,800.00
  Pajak    : Rp 133,980.00  Pembulatan: Rp 0.00
  Uang Masuk BCA: Rp 1,781,592.93  Admin Bank: Rp -307,812.93
  [OK] Penjualan: Balance.

  ────────────────────────────────────────────────────────────
  Jurnal  : BREW - PENJUALAN STRADA MKG 29/01/2025
  Tanggal : 29/01/2025
  Akun            Tipe                Jumlah
  ────────────────────────────────────────────────────────────
  1100.10         DEBIT      Rp 1,473,780.00 (cust: C.00045)
  4000.01.03      CREDIT     Rp 1,276,000.00
  2002.04.03      CREDIT        Rp 63,800.00
  2002.03.04      CREDIT       Rp 133,980.00
  ────────────────────────────────────────────────────────────
  Total D=Rp 1,473,780.00  K=Rp 1,473,780.00
  [OK] Journal posted: BREW - PENJUALAN STRADA MKG 29/01/2025
  [BALANCE ERROR] 'BREW - UANG MASUK STRADA MKG 29/01/2025' tidak balance! D=Rp 1,781,592.93  K=Rp 1,473,780.00  selisih=Rp 307,812.93

─────────────────────────────────────────────────────────────────
  Tanggal: 30/01/2025  (Uang Masuk: 31/01/2025)
  Piutang  : Rp 740,472.00
  Penjualan: Rp 641,100.00  Service: Rp 32,056.00
  Pajak    : Rp 67,316.00  Pembulatan: Rp 0.00
  Uang Masuk BCA: Rp 734,322.66  Admin Bank: Rp 6,149.34
  [OK] Penjualan: Balance.

  ────────────────────────────────────────────────────────────
  Jurnal  : BREW - PENJUALAN STRADA MKG 30/01/2025
  Tanggal : 30/01/2025
  Akun            Tipe                Jumlah
  ────────────────────────────────────────────────────────────
  1100.10         DEBIT        Rp 740,472.00 (cust: C.00045)
  4000.01.03      CREDIT       Rp 641,100.00
  2002.04.03      CREDIT        Rp 32,056.00
  2002.03.04      CREDIT        Rp 67,316.00
  ────────────────────────────────────────────────────────────
  Total D=Rp 740,472.00  K=Rp 740,472.00
  [OK] Journal posted: BREW - PENJUALAN STRADA MKG 30/01/2025

  ────────────────────────────────────────────────────────────
  Jurnal  : BREW - UANG MASUK STRADA MKG 30/01/2025
  Tanggal : 31/01/2025
  Akun            Tipe                Jumlah
  ────────────────────────────────────────────────────────────
  1000.02.04      DEBIT        Rp 734,322.66
  6000.01.08      DEBIT          Rp 6,149.34
  1100.10         CREDIT       Rp 740,472.00 (cust: C.00045)
  ────────────────────────────────────────────────────────────
  Total D=Rp 740,472.00  K=Rp 740,472.00
  [OK] Journal posted: BREW - UANG MASUK STRADA MKG 30/01/2025

─────────────────────────────────────────────────────────────────
  Tanggal: 31/01/2025  (Uang Masuk: 01/02/2025)
  Piutang  : Rp 399,630.00
  Penjualan: Rp 346,000.00  Service: Rp 17,300.00
  Pajak    : Rp 36,330.00  Pembulatan: Rp 0.00
  Uang Masuk BCA: Rp 395,851.16  Admin Bank: Rp 3,778.84
  [OK] Penjualan: Balance.

  ────────────────────────────────────────────────────────────
  Jurnal  : BREW - PENJUALAN STRADA MKG 31/01/2025
  Tanggal : 31/01/2025
  Akun            Tipe                Jumlah
  ────────────────────────────────────────────────────────────
  1100.10         DEBIT        Rp 399,630.00 (cust: C.00045)
  4000.01.03      CREDIT       Rp 346,000.00
  2002.04.03      CREDIT        Rp 17,300.00
  2002.03.04      CREDIT        Rp 36,330.00
  ────────────────────────────────────────────────────────────
  Total D=Rp 399,630.00  K=Rp 399,630.00
  [OK] Journal posted: BREW - PENJUALAN STRADA MKG 31/01/2025

  ────────────────────────────────────────────────────────────
  Jurnal  : BREW - UANG MASUK STRADA MKG 31/01/2025
  Tanggal : 01/02/2025
  Akun            Tipe                Jumlah
  ────────────────────────────────────────────────────────────
  1000.02.04      DEBIT        Rp 395,851.16
  6000.01.08      DEBIT          Rp 3,778.84
  1100.10         CREDIT       Rp 399,630.00 (cust: C.00045)
  ────────────────────────────────────────────────────────────
  Total D=Rp 399,630.00  K=Rp 399,630.00
  [OK] Journal posted: BREW - UANG MASUK STRADA MKG 31/01/2025

─────────────────────────────────────────────────────────────────
  Tanggal: 01/02/2025  (Uang Masuk: 02/02/2025)
  Piutang  : Rp 2,841,513.00
  Penjualan: Rp 2,491,050.00  Service: Rp 113,053.00
  Pajak    : Rp 237,410.00  Pembulatan: Rp 0.00
  Uang Masuk BCA: Rp 2,818,706.87  Admin Bank: Rp 22,806.13
  [OK] Penjualan: Balance.

  ────────────────────────────────────────────────────────────
  Jurnal  : BREW - PENJUALAN STRADA MKG 01/02/2025
  Tanggal : 01/02/2025
  Akun            Tipe                Jumlah
  ────────────────────────────────────────────────────────────
  1100.10         DEBIT      Rp 2,841,513.00 (cust: C.00045)
  4000.01.03      CREDIT     Rp 2,491,050.00
  2002.04.03      CREDIT       Rp 113,053.00
  2002.03.04      CREDIT       Rp 237,410.00
  ────────────────────────────────────────────────────────────
  Total D=Rp 2,841,513.00  K=Rp 2,841,513.00
  [OK] Journal posted: BREW - PENJUALAN STRADA MKG 01/02/2025

  ────────────────────────────────────────────────────────────
  Jurnal  : BREW - UANG MASUK STRADA MKG 01/02/2025
  Tanggal : 02/02/2025
  Akun            Tipe                Jumlah
  ────────────────────────────────────────────────────────────
  1000.02.04      DEBIT      Rp 2,818,706.87
  6000.01.08      DEBIT         Rp 22,806.13
  1100.10         CREDIT     Rp 2,841,513.00 (cust: C.00045)
  ────────────────────────────────────────────────────────────
  Total D=Rp 2,841,513.00  K=Rp 2,841,513.00
  [OK] Journal posted: BREW - UANG MASUK STRADA MKG 01/02/2025

─────────────────────────────────────────────────────────────────
  Tanggal: 02/02/2025  (Uang Masuk: 03/02/2025)
  Piutang  : Rp 3,193,633.00
  Penjualan: Rp 2,765,050.00  Service: Rp 138,253.00
  Pajak    : Rp 290,330.00  Pembulatan: Rp 0.00
  Uang Masuk BCA: Rp 3,172,137.43  Admin Bank: Rp 21,495.57
  [OK] Penjualan: Balance.

  ────────────────────────────────────────────────────────────
  Jurnal  : BREW - PENJUALAN STRADA MKG 02/02/2025
  Tanggal : 02/02/2025
  Akun            Tipe                Jumlah
  ────────────────────────────────────────────────────────────
  1100.10         DEBIT      Rp 3,193,633.00 (cust: C.00045)
  4000.01.03      CREDIT     Rp 2,765,050.00
  2002.04.03      CREDIT       Rp 138,253.00
  2002.03.04      CREDIT       Rp 290,330.00
  ────────────────────────────────────────────────────────────
  Total D=Rp 3,193,633.00  K=Rp 3,193,633.00
  [OK] Journal posted: BREW - PENJUALAN STRADA MKG 02/02/2025

  ────────────────────────────────────────────────────────────
  Jurnal  : BREW - UANG MASUK STRADA MKG 02/02/2025
  Tanggal : 03/02/2025
  Akun            Tipe                Jumlah
  ────────────────────────────────────────────────────────────
  1000.02.04      DEBIT      Rp 3,172,137.43
  6000.01.08      DEBIT         Rp 21,495.57
  1100.10         CREDIT     Rp 3,193,633.00 (cust: C.00045)
  ────────────────────────────────────────────────────────────
  Total D=Rp 3,193,633.00  K=Rp 3,193,633.00
  [OK] Journal posted: BREW - UANG MASUK STRADA MKG 02/02/2025

─────────────────────────────────────────────────────────────────
  Tanggal: 03/02/2025  (Uang Masuk: 04/02/2025)
  Piutang  : Rp 446,119.00
  Penjualan: Rp 386,250.00  Service: Rp 19,313.00
  Pajak    : Rp 40,556.00  Pembulatan: Rp 0.00
  Uang Masuk BCA: Rp 443,574.26  Admin Bank: Rp 2,544.74
  [OK] Penjualan: Balance.

  ────────────────────────────────────────────────────────────
  Jurnal  : BREW - PENJUALAN STRADA MKG 03/02/2025
  Tanggal : 03/02/2025
  Akun            Tipe                Jumlah
  ────────────────────────────────────────────────────────────
  1100.10         DEBIT        Rp 446,119.00 (cust: C.00045)
  4000.01.03      CREDIT       Rp 386,250.00
  2002.04.03      CREDIT        Rp 19,313.00
  2002.03.04      CREDIT        Rp 40,556.00
  ────────────────────────────────────────────────────────────
  Total D=Rp 446,119.00  K=Rp 446,119.00
  [OK] Journal posted: BREW - PENJUALAN STRADA MKG 03/02/2025

  ────────────────────────────────────────────────────────────
  Jurnal  : BREW - UANG MASUK STRADA MKG 03/02/2025
  Tanggal : 04/02/2025
  Akun            Tipe                Jumlah
  ────────────────────────────────────────────────────────────
  1000.02.04      DEBIT        Rp 443,574.26
  6000.01.08      DEBIT          Rp 2,544.74
  1100.10         CREDIT       Rp 446,119.00 (cust: C.00045)
  ────────────────────────────────────────────────────────────
  Total D=Rp 446,119.00  K=Rp 446,119.00
  [OK] Journal posted: BREW - UANG MASUK STRADA MKG 03/02/2025

─────────────────────────────────────────────────────────────────
  Tanggal: 04/02/2025  (Uang Masuk: 05/02/2025)
  Piutang  : Rp 620,582.00
  Penjualan: Rp 537,300.00  Service: Rp 26,865.00
  Pajak    : Rp 56,417.00  Pembulatan: Rp 0.00
  Uang Masuk BCA: Rp 616,138.91  Admin Bank: Rp 4,443.09
  [OK] Penjualan: Balance.

  ────────────────────────────────────────────────────────────
  Jurnal  : BREW - PENJUALAN STRADA MKG 04/02/2025
  Tanggal : 04/02/2025
  Akun            Tipe                Jumlah
  ────────────────────────────────────────────────────────────
  1100.10         DEBIT        Rp 620,582.00 (cust: C.00045)
  4000.01.03      CREDIT       Rp 537,300.00
  2002.04.03      CREDIT        Rp 26,865.00
  2002.03.04      CREDIT        Rp 56,417.00
  ────────────────────────────────────────────────────────────
  Total D=Rp 620,582.00  K=Rp 620,582.00
  [OK] Journal posted: BREW - PENJUALAN STRADA MKG 04/02/2025

  ────────────────────────────────────────────────────────────
  Jurnal  : BREW - UANG MASUK STRADA MKG 04/02/2025
  Tanggal : 05/02/2025
  Akun            Tipe                Jumlah
  ────────────────────────────────────────────────────────────
  1000.02.04      DEBIT        Rp 616,138.91
  6000.01.08      DEBIT          Rp 4,443.09
  1100.10         CREDIT       Rp 620,582.00 (cust: C.00045)
  ────────────────────────────────────────────────────────────
  Total D=Rp 620,582.00  K=Rp 620,582.00
  [OK] Journal posted: BREW - UANG MASUK STRADA MKG 04/02/2025

─────────────────────────────────────────────────────────────────
  Tanggal: 05/02/2025  (Uang Masuk: 06/02/2025)
  Piutang  : Rp 1,310,930.00
  Penjualan: Rp 1,186,000.00  Service: Rp 40,300.00
  Pajak    : Rp 84,630.00  Pembulatan: Rp 0.00
  Uang Masuk BCA: Rp 1,300,932.89  Admin Bank: Rp 9,997.11
  [OK] Penjualan: Balance.

  ────────────────────────────────────────────────────────────
  Jurnal  : BREW - PENJUALAN STRADA MKG 05/02/2025
  Tanggal : 05/02/2025
  Akun            Tipe                Jumlah
  ────────────────────────────────────────────────────────────
  1100.10         DEBIT      Rp 1,310,930.00 (cust: C.00045)
  4000.01.03      CREDIT     Rp 1,186,000.00
  2002.04.03      CREDIT        Rp 40,300.00
  2002.03.04      CREDIT        Rp 84,630.00
  ────────────────────────────────────────────────────────────
  Total D=Rp 1,310,930.00  K=Rp 1,310,930.00
  [OK] Journal posted: BREW - PENJUALAN STRADA MKG 05/02/2025

  ────────────────────────────────────────────────────────────
  Jurnal  : BREW - UANG MASUK STRADA MKG 05/02/2025
  Tanggal : 06/02/2025
  Akun            Tipe                Jumlah
  ────────────────────────────────────────────────────────────
  1000.02.04      DEBIT      Rp 1,300,932.89
  6000.01.08      DEBIT          Rp 9,997.11
  1100.10         CREDIT     Rp 1,310,930.00 (cust: C.00045)
  ────────────────────────────────────────────────────────────
  Total D=Rp 1,310,930.00  K=Rp 1,310,930.00
  [OK] Journal posted: BREW - UANG MASUK STRADA MKG 05/02/2025

─────────────────────────────────────────────────────────────────
  Tanggal: 06/02/2025  (Uang Masuk: 07/02/2025)
  Piutang  : Rp 751,443.00
  Penjualan: Rp 650,600.00  Service: Rp 32,530.00
  Pajak    : Rp 68,313.00  Pembulatan: Rp 0.00
  Uang Masuk BCA: Rp 744,584.19  Admin Bank: Rp 6,858.81
  [OK] Penjualan: Balance.

  ────────────────────────────────────────────────────────────
  Jurnal  : BREW - PENJUALAN STRADA MKG 06/02/2025
  Tanggal : 06/02/2025
  Akun            Tipe                Jumlah
  ────────────────────────────────────────────────────────────
  1100.10         DEBIT        Rp 751,443.00 (cust: C.00045)
  4000.01.03      CREDIT       Rp 650,600.00
  2002.04.03      CREDIT        Rp 32,530.00
  2002.03.04      CREDIT        Rp 68,313.00
  ────────────────────────────────────────────────────────────
  Total D=Rp 751,443.00  K=Rp 751,443.00
  [OK] Journal posted: BREW - PENJUALAN STRADA MKG 06/02/2025

  ────────────────────────────────────────────────────────────
  Jurnal  : BREW - UANG MASUK STRADA MKG 06/02/2025
  Tanggal : 07/02/2025
  Akun            Tipe                Jumlah
  ────────────────────────────────────────────────────────────
  1000.02.04      DEBIT        Rp 744,584.19
  6000.01.08      DEBIT          Rp 6,858.81
  1100.10         CREDIT       Rp 751,443.00 (cust: C.00045)
  ────────────────────────────────────────────────────────────
  Total D=Rp 751,443.00  K=Rp 751,443.00
  [OK] Journal posted: BREW - UANG MASUK STRADA MKG 06/02/2025

─────────────────────────────────────────────────────────────────
  Tanggal: 07/02/2025  (Uang Masuk: 08/02/2025)
  Piutang  : Rp 1,332,130.00
  Penjualan: Rp 1,170,000.00  Service: Rp 52,300.00
  Pajak    : Rp 109,830.00  Pembulatan: Rp 0.00
  Uang Masuk BCA: Rp 1,321,492.69  Admin Bank: Rp 10,637.31
  [OK] Penjualan: Balance.

  ────────────────────────────────────────────────────────────
  Jurnal  : BREW - PENJUALAN STRADA MKG 07/02/2025
  Tanggal : 07/02/2025
  Akun            Tipe                Jumlah
  ────────────────────────────────────────────────────────────
  1100.10         DEBIT      Rp 1,332,130.00 (cust: C.00045)
  4000.01.03      CREDIT     Rp 1,170,000.00
  2002.04.03      CREDIT        Rp 52,300.00
  2002.03.04      CREDIT       Rp 109,830.00
  ────────────────────────────────────────────────────────────
  Total D=Rp 1,332,130.00  K=Rp 1,332,130.00
  [OK] Journal posted: BREW - PENJUALAN STRADA MKG 07/02/2025

  ────────────────────────────────────────────────────────────
  Jurnal  : BREW - UANG MASUK STRADA MKG 07/02/2025
  Tanggal : 08/02/2025
  Akun            Tipe                Jumlah
  ────────────────────────────────────────────────────────────
  1000.02.04      DEBIT      Rp 1,321,492.69
  6000.01.08      DEBIT         Rp 10,637.31
  1100.10         CREDIT     Rp 1,332,130.00 (cust: C.00045)
  ────────────────────────────────────────────────────────────
  Total D=Rp 1,332,130.00  K=Rp 1,332,130.00
  [OK] Journal posted: BREW - UANG MASUK STRADA MKG 07/02/2025

─────────────────────────────────────────────────────────────────
  Tanggal: 08/02/2025  (Uang Masuk: 09/02/2025)
  Piutang  : Rp 2,263,641.00
  Penjualan: Rp 1,973,550.00  Service: Rp 93,578.00
  Pajak    : Rp 196,513.00  Pembulatan: Rp 0.00
  Uang Masuk BCA: Rp 2,246,765.75  Admin Bank: Rp 16,875.25
  [OK] Penjualan: Balance.

  ────────────────────────────────────────────────────────────
  Jurnal  : BREW - PENJUALAN STRADA MKG 08/02/2025
  Tanggal : 08/02/2025
  Akun            Tipe                Jumlah
  ────────────────────────────────────────────────────────────
  1100.10         DEBIT      Rp 2,263,641.00 (cust: C.00045)
  4000.01.03      CREDIT     Rp 1,973,550.00
  2002.04.03      CREDIT        Rp 93,578.00
  2002.03.04      CREDIT       Rp 196,513.00
  ────────────────────────────────────────────────────────────
  Total D=Rp 2,263,641.00  K=Rp 2,263,641.00
  [OK] Journal posted: BREW - PENJUALAN STRADA MKG 08/02/2025

  ────────────────────────────────────────────────────────────
  Jurnal  : BREW - UANG MASUK STRADA MKG 08/02/2025
  Tanggal : 09/02/2025
  Akun            Tipe                Jumlah
  ────────────────────────────────────────────────────────────
  1000.02.04      DEBIT      Rp 2,246,765.75
  6000.01.08      DEBIT         Rp 16,875.25
  1100.10         CREDIT     Rp 2,263,641.00 (cust: C.00045)
  ────────────────────────────────────────────────────────────
  Total D=Rp 2,263,641.00  K=Rp 2,263,641.00
  [OK] Journal posted: BREW - UANG MASUK STRADA MKG 08/02/2025

─────────────────────────────────────────────────────────────────
  Tanggal: 09/02/2025  (Uang Masuk: 10/02/2025)
  Piutang  : Rp 2,692,050.00
  Penjualan: Rp 2,334,000.00  Service: Rp 115,500.00
  Pajak    : Rp 242,550.00  Pembulatan: Rp 0.00
  Uang Masuk BCA: Rp 2,671,692.51  Admin Bank: Rp 20,357.49
  [OK] Penjualan: Balance.

  ────────────────────────────────────────────────────────────
  Jurnal  : BREW - PENJUALAN STRADA MKG 09/02/2025
  Tanggal : 09/02/2025
  Akun            Tipe                Jumlah
  ────────────────────────────────────────────────────────────
  1100.10         DEBIT      Rp 2,692,050.00 (cust: C.00045)
  4000.01.03      CREDIT     Rp 2,334,000.00
  2002.04.03      CREDIT       Rp 115,500.00
  2002.03.04      CREDIT       Rp 242,550.00
  ────────────────────────────────────────────────────────────
  Total D=Rp 2,692,050.00  K=Rp 2,692,050.00
  [OK] Journal posted: BREW - PENJUALAN STRADA MKG 09/02/2025

  ────────────────────────────────────────────────────────────
  Jurnal  : BREW - UANG MASUK STRADA MKG 09/02/2025
  Tanggal : 10/02/2025
  Akun            Tipe                Jumlah
  ────────────────────────────────────────────────────────────
  1000.02.04      DEBIT      Rp 2,671,692.51
  6000.01.08      DEBIT         Rp 20,357.49
  1100.10         CREDIT     Rp 2,692,050.00 (cust: C.00045)
  ────────────────────────────────────────────────────────────
  Total D=Rp 2,692,050.00  K=Rp 2,692,050.00
  [OK] Journal posted: BREW - UANG MASUK STRADA MKG 09/02/2025

─────────────────────────────────────────────────────────────────
  Tanggal: 10/02/2025  (Uang Masuk: 11/02/2025)
  Piutang  : Rp 1,240,470.00
  Penjualan: Rp 1,074,000.00  Service: Rp 53,700.00
  Pajak    : Rp 112,770.00  Pembulatan: Rp 0.00
  Uang Masuk BCA: Rp 1,230,855.97  Admin Bank: Rp 9,614.03
  [OK] Penjualan: Balance.

  ────────────────────────────────────────────────────────────
  Jurnal  : BREW - PENJUALAN STRADA MKG 10/02/2025
  Tanggal : 10/02/2025
  Akun            Tipe                Jumlah
  ────────────────────────────────────────────────────────────
  1100.10         DEBIT      Rp 1,240,470.00 (cust: C.00045)
  4000.01.03      CREDIT     Rp 1,074,000.00
  2002.04.03      CREDIT        Rp 53,700.00
  2002.03.04      CREDIT       Rp 112,770.00
  ────────────────────────────────────────────────────────────
  Total D=Rp 1,240,470.00  K=Rp 1,240,470.00
  [OK] Journal posted: BREW - PENJUALAN STRADA MKG 10/02/2025

  ────────────────────────────────────────────────────────────
  Jurnal  : BREW - UANG MASUK STRADA MKG 10/02/2025
  Tanggal : 11/02/2025
  Akun            Tipe                Jumlah
  ────────────────────────────────────────────────────────────
  1000.02.04      DEBIT      Rp 1,230,855.97
  6000.01.08      DEBIT          Rp 9,614.03
  1100.10         CREDIT     Rp 1,240,470.00 (cust: C.00045)
  ────────────────────────────────────────────────────────────
  Total D=Rp 1,240,470.00  K=Rp 1,240,470.00
  [OK] Journal posted: BREW - UANG MASUK STRADA MKG 10/02/2025

─────────────────────────────────────────────────────────────────
  Tanggal: 11/02/2025  (Uang Masuk: 12/02/2025)
  Piutang  : Rp 1,080,806.00
  Penjualan: Rp 954,550.00  Service: Rp 40,728.00
  Pajak    : Rp 85,528.00  Pembulatan: Rp 0.00
  Uang Masuk BCA: Rp 1,073,795.27  Admin Bank: Rp 7,010.73
  [OK] Penjualan: Balance.

  ────────────────────────────────────────────────────────────
  Jurnal  : BREW - PENJUALAN STRADA MKG 11/02/2025
  Tanggal : 11/02/2025
  Akun            Tipe                Jumlah
  ────────────────────────────────────────────────────────────
  1100.10         DEBIT      Rp 1,080,806.00 (cust: C.00045)
  4000.01.03      CREDIT       Rp 954,550.00
  2002.04.03      CREDIT        Rp 40,728.00
  2002.03.04      CREDIT        Rp 85,528.00
  ────────────────────────────────────────────────────────────
  Total D=Rp 1,080,806.00  K=Rp 1,080,806.00
  [OK] Journal posted: BREW - PENJUALAN STRADA MKG 11/02/2025

  ────────────────────────────────────────────────────────────
  Jurnal  : BREW - UANG MASUK STRADA MKG 11/02/2025
  Tanggal : 12/02/2025
  Akun            Tipe                Jumlah
  ────────────────────────────────────────────────────────────
  1000.02.04      DEBIT      Rp 1,073,795.27
  6000.01.08      DEBIT          Rp 7,010.73
  1100.10         CREDIT     Rp 1,080,806.00 (cust: C.00045)
  ────────────────────────────────────────────────────────────
  Total D=Rp 1,080,806.00  K=Rp 1,080,806.00
  [OK] Journal posted: BREW - UANG MASUK STRADA MKG 11/02/2025

─────────────────────────────────────────────────────────────────
  Tanggal: 12/02/2025  (Uang Masuk: 13/02/2025)
  Piutang  : Rp 1,021,714.00
  Penjualan: Rp 884,600.00  Service: Rp 44,230.00
  Pajak    : Rp 92,884.00  Pembulatan: Rp 0.00
  Uang Masuk BCA: Rp 1,013,106.74  Admin Bank: Rp 8,607.26
  [OK] Penjualan: Balance.

  ────────────────────────────────────────────────────────────
  Jurnal  : BREW - PENJUALAN STRADA MKG 12/02/2025
  Tanggal : 12/02/2025
  Akun            Tipe                Jumlah
  ────────────────────────────────────────────────────────────
  1100.10         DEBIT      Rp 1,021,714.00 (cust: C.00045)
  4000.01.03      CREDIT       Rp 884,600.00
  2002.04.03      CREDIT        Rp 44,230.00
  2002.03.04      CREDIT        Rp 92,884.00
  ────────────────────────────────────────────────────────────
  Total D=Rp 1,021,714.00  K=Rp 1,021,714.00
  [OK] Journal posted: BREW - PENJUALAN STRADA MKG 12/02/2025

  ────────────────────────────────────────────────────────────
  Jurnal  : BREW - UANG MASUK STRADA MKG 12/02/2025
  Tanggal : 13/02/2025
  Akun            Tipe                Jumlah
  ────────────────────────────────────────────────────────────
  1000.02.04      DEBIT      Rp 1,013,106.74
  6000.01.08      DEBIT          Rp 8,607.26
  1100.10         CREDIT     Rp 1,021,714.00 (cust: C.00045)
  ────────────────────────────────────────────────────────────
  Total D=Rp 1,021,714.00  K=Rp 1,021,714.00
  [OK] Journal posted: BREW - UANG MASUK STRADA MKG 12/02/2025

─────────────────────────────────────────────────────────────────
  Tanggal: 13/02/2025  (Uang Masuk: 14/02/2025)
  Piutang  : Rp 1,027,258.00
  Penjualan: Rp 889,400.00  Service: Rp 44,471.00
  Pajak    : Rp 93,386.00  Pembulatan: Rp 0.00
  Uang Masuk BCA: Rp 1,018,974.10  Admin Bank: Rp 8,283.90
  [FIX] Penjualan selisih Rp 1.00 → auto-fix ke 7200.02 (CREDIT Rp 1.00)

  ────────────────────────────────────────────────────────────
  Jurnal  : BREW - PENJUALAN STRADA MKG 13/02/2025
  Tanggal : 13/02/2025
  Akun            Tipe                Jumlah
  ────────────────────────────────────────────────────────────
  1100.10         DEBIT      Rp 1,027,258.00 (cust: C.00045)
  4000.01.03      CREDIT       Rp 889,400.00
  2002.04.03      CREDIT        Rp 44,471.00
  2002.03.04      CREDIT        Rp 93,386.00
  7200.02         CREDIT             Rp 1.00
  ────────────────────────────────────────────────────────────
  Total D=Rp 1,027,258.00  K=Rp 1,027,258.00
  [OK] Journal posted: BREW - PENJUALAN STRADA MKG 13/02/2025

  ────────────────────────────────────────────────────────────
  Jurnal  : BREW - UANG MASUK STRADA MKG 13/02/2025
  Tanggal : 14/02/2025
  Akun            Tipe                Jumlah
  ────────────────────────────────────────────────────────────
  1000.02.04      DEBIT      Rp 1,018,974.10
  6000.01.08      DEBIT          Rp 8,283.90
  1100.10         CREDIT     Rp 1,027,258.00 (cust: C.00045)
  ────────────────────────────────────────────────────────────
  Total D=Rp 1,027,258.00  K=Rp 1,027,258.00
  [OK] Journal posted: BREW - UANG MASUK STRADA MKG 13/02/2025

─────────────────────────────────────────────────────────────────
  Tanggal: 14/02/2025  (Uang Masuk: 15/02/2025)
  Piutang  : Rp 1,093,474.00
  Penjualan: Rp 960,150.00  Service: Rp 43,007.00
  Pajak    : Rp 90,316.00  Pembulatan: Rp 0.00
  Uang Masuk BCA: Rp 1,085,353.30  Admin Bank: Rp 8,120.70
  [FIX] Penjualan selisih Rp 1.00 → auto-fix ke 7200.02 (CREDIT Rp 1.00)

  ────────────────────────────────────────────────────────────
  Jurnal  : BREW - PENJUALAN STRADA MKG 14/02/2025
  Tanggal : 14/02/2025
  Akun            Tipe                Jumlah
  ────────────────────────────────────────────────────────────
  1100.10         DEBIT      Rp 1,093,474.00 (cust: C.00045)
  4000.01.03      CREDIT       Rp 960,150.00
  2002.04.03      CREDIT        Rp 43,007.00
  2002.03.04      CREDIT        Rp 90,316.00
  7200.02         CREDIT             Rp 1.00
  ────────────────────────────────────────────────────────────
  Total D=Rp 1,093,474.00  K=Rp 1,093,474.00
  [OK] Journal posted: BREW - PENJUALAN STRADA MKG 14/02/2025

  ────────────────────────────────────────────────────────────
  Jurnal  : BREW - UANG MASUK STRADA MKG 14/02/2025
  Tanggal : 15/02/2025
  Akun            Tipe                Jumlah
  ────────────────────────────────────────────────────────────
  1000.02.04      DEBIT      Rp 1,085,353.30
  6000.01.08      DEBIT          Rp 8,120.70
  1100.10         CREDIT     Rp 1,093,474.00 (cust: C.00045)
  ────────────────────────────────────────────────────────────
  Total D=Rp 1,093,474.00  K=Rp 1,093,474.00
  [OK] Journal posted: BREW - UANG MASUK STRADA MKG 14/02/2025

─────────────────────────────────────────────────────────────────
  Tanggal: 15/02/2025  (Uang Masuk: 16/02/2025)
  Piutang  : Rp 2,283,609.00
  Penjualan: Rp 1,977,150.00  Service: Rp 98,858.00
  Pajak    : Rp 207,601.00  Pembulatan: Rp 0.00
  Uang Masuk BCA: Rp 2,268,141.57  Admin Bank: Rp 15,467.43
  [OK] Penjualan: Balance.

  ────────────────────────────────────────────────────────────
  Jurnal  : BREW - PENJUALAN STRADA MKG 15/02/2025
  Tanggal : 15/02/2025
  Akun            Tipe                Jumlah
  ────────────────────────────────────────────────────────────
  1100.10         DEBIT      Rp 2,283,609.00 (cust: C.00045)
  4000.01.03      CREDIT     Rp 1,977,150.00
  2002.04.03      CREDIT        Rp 98,858.00
  2002.03.04      CREDIT       Rp 207,601.00
  ────────────────────────────────────────────────────────────
  Total D=Rp 2,283,609.00  K=Rp 2,283,609.00
  [OK] Journal posted: BREW - PENJUALAN STRADA MKG 15/02/2025

  ────────────────────────────────────────────────────────────
  Jurnal  : BREW - UANG MASUK STRADA MKG 15/02/2025
  Tanggal : 16/02/2025
  Akun            Tipe                Jumlah
  ────────────────────────────────────────────────────────────
  1000.02.04      DEBIT      Rp 2,268,141.57
  6000.01.08      DEBIT         Rp 15,467.43
  1100.10         CREDIT     Rp 2,283,609.00 (cust: C.00045)
  ────────────────────────────────────────────────────────────
  Total D=Rp 2,283,609.00  K=Rp 2,283,609.00
  [OK] Journal posted: BREW - UANG MASUK STRADA MKG 15/02/2025

─────────────────────────────────────────────────────────────────
  Tanggal: 16/02/2025  (Uang Masuk: 17/02/2025)
  Piutang  : Rp 2,191,461.00
  Penjualan: Rp 1,925,550.00  Service: Rp 85,778.00
  Pajak    : Rp 180,133.00  Pembulatan: Rp 0.00
  Uang Masuk BCA: Rp 2,174,487.29  Admin Bank: Rp 16,973.71
  [OK] Penjualan: Balance.

  ────────────────────────────────────────────────────────────
  Jurnal  : BREW - PENJUALAN STRADA MKG 16/02/2025
  Tanggal : 16/02/2025
  Akun            Tipe                Jumlah
  ────────────────────────────────────────────────────────────
  1100.10         DEBIT      Rp 2,191,461.00 (cust: C.00045)
  4000.01.03      CREDIT     Rp 1,925,550.00
  2002.04.03      CREDIT        Rp 85,778.00
  2002.03.04      CREDIT       Rp 180,133.00
  ────────────────────────────────────────────────────────────
  Total D=Rp 2,191,461.00  K=Rp 2,191,461.00
  [OK] Journal posted: BREW - PENJUALAN STRADA MKG 16/02/2025

  ────────────────────────────────────────────────────────────
  Jurnal  : BREW - UANG MASUK STRADA MKG 16/02/2025
  Tanggal : 17/02/2025
  Akun            Tipe                Jumlah
  ────────────────────────────────────────────────────────────
  1000.02.04      DEBIT      Rp 2,174,487.29
  6000.01.08      DEBIT         Rp 16,973.71
  1100.10         CREDIT     Rp 2,191,461.00 (cust: C.00045)
  ────────────────────────────────────────────────────────────
  Total D=Rp 2,191,461.00  K=Rp 2,191,461.00
  [OK] Journal posted: BREW - UANG MASUK STRADA MKG 16/02/2025

─────────────────────────────────────────────────────────────────
  Tanggal: 17/02/2025  (Uang Masuk: 18/02/2025)
  Piutang  : Rp 1,169,265.00
  Penjualan: Rp 1,012,350.00  Service: Rp 50,618.00
  Pajak    : Rp 106,297.00  Pembulatan: Rp 0.00
  Uang Masuk BCA: Rp 1,161,102.48  Admin Bank: Rp 8,162.52
  [OK] Penjualan: Balance.

  ────────────────────────────────────────────────────────────
  Jurnal  : BREW - PENJUALAN STRADA MKG 17/02/2025
  Tanggal : 17/02/2025
  Akun            Tipe                Jumlah
  ────────────────────────────────────────────────────────────
  1100.10         DEBIT      Rp 1,169,265.00 (cust: C.00045)
  4000.01.03      CREDIT     Rp 1,012,350.00
  2002.04.03      CREDIT        Rp 50,618.00
  2002.03.04      CREDIT       Rp 106,297.00
  ────────────────────────────────────────────────────────────
  Total D=Rp 1,169,265.00  K=Rp 1,169,265.00
  [OK] Journal posted: BREW - PENJUALAN STRADA MKG 17/02/2025

  ────────────────────────────────────────────────────────────
  Jurnal  : BREW - UANG MASUK STRADA MKG 17/02/2025
  Tanggal : 18/02/2025
  Akun            Tipe                Jumlah
  ────────────────────────────────────────────────────────────
  1000.02.04      DEBIT      Rp 1,161,102.48
  6000.01.08      DEBIT          Rp 8,162.52
  1100.10         CREDIT     Rp 1,169,265.00 (cust: C.00045)
  ────────────────────────────────────────────────────────────
  Total D=Rp 1,169,265.00  K=Rp 1,169,265.00
  [OK] Journal posted: BREW - UANG MASUK STRADA MKG 17/02/2025

─────────────────────────────────────────────────────────────────
  Tanggal: 18/02/2025  (Uang Masuk: 19/02/2025)
  Piutang  : Rp 702,240.00
  Penjualan: Rp 608,000.00  Service: Rp 30,400.00
  Pajak    : Rp 63,840.00  Pembulatan: Rp 0.00
  Uang Masuk BCA: Rp 697,723.20  Admin Bank: Rp 4,516.80
  [OK] Penjualan: Balance.

  ────────────────────────────────────────────────────────────
  Jurnal  : BREW - PENJUALAN STRADA MKG 18/02/2025
  Tanggal : 18/02/2025
  Akun            Tipe                Jumlah
  ────────────────────────────────────────────────────────────
  1100.10         DEBIT        Rp 702,240.00 (cust: C.00045)
  4000.01.03      CREDIT       Rp 608,000.00
  2002.04.03      CREDIT        Rp 30,400.00
  2002.03.04      CREDIT        Rp 63,840.00
  ────────────────────────────────────────────────────────────
  Total D=Rp 702,240.00  K=Rp 702,240.00
  [OK] Journal posted: BREW - PENJUALAN STRADA MKG 18/02/2025

  ────────────────────────────────────────────────────────────
  Jurnal  : BREW - UANG MASUK STRADA MKG 18/02/2025
  Tanggal : 19/02/2025
  Akun            Tipe                Jumlah
  ────────────────────────────────────────────────────────────
  1000.02.04      DEBIT        Rp 697,723.20
  6000.01.08      DEBIT          Rp 4,516.80
  1100.10         CREDIT       Rp 702,240.00 (cust: C.00045)
  ────────────────────────────────────────────────────────────
  Total D=Rp 702,240.00  K=Rp 702,240.00
  [OK] Journal posted: BREW - UANG MASUK STRADA MKG 18/02/2025

─────────────────────────────────────────────────────────────────
  Tanggal: 19/02/2025  (Uang Masuk: 20/02/2025)
  Piutang  : Rp 868,560.00
  Penjualan: Rp 752,000.00  Service: Rp 37,600.00
  Pajak    : Rp 78,960.00  Pembulatan: Rp 0.00
  Uang Masuk BCA: Rp 861,427.10  Admin Bank: Rp 7,132.90
  [OK] Penjualan: Balance.

  ────────────────────────────────────────────────────────────
  Jurnal  : BREW - PENJUALAN STRADA MKG 19/02/2025
  Tanggal : 19/02/2025
  Akun            Tipe                Jumlah
  ────────────────────────────────────────────────────────────
  1100.10         DEBIT        Rp 868,560.00 (cust: C.00045)
  4000.01.03      CREDIT       Rp 752,000.00
  2002.04.03      CREDIT        Rp 37,600.00
  2002.03.04      CREDIT        Rp 78,960.00
  ────────────────────────────────────────────────────────────
  Total D=Rp 868,560.00  K=Rp 868,560.00
  [OK] Journal posted: BREW - PENJUALAN STRADA MKG 19/02/2025

  ────────────────────────────────────────────────────────────
  Jurnal  : BREW - UANG MASUK STRADA MKG 19/02/2025
  Tanggal : 20/02/2025
  Akun            Tipe                Jumlah
  ────────────────────────────────────────────────────────────
  1000.02.04      DEBIT        Rp 861,427.10
  6000.01.08      DEBIT          Rp 7,132.90
  1100.10         CREDIT       Rp 868,560.00 (cust: C.00045)
  ────────────────────────────────────────────────────────────
  Total D=Rp 868,560.00  K=Rp 868,560.00
  [OK] Journal posted: BREW - UANG MASUK STRADA MKG 19/02/2025

─────────────────────────────────────────────────────────────────
  Tanggal: 20/02/2025  (Uang Masuk: 21/02/2025)
  Piutang  : Rp 1,220,538.00
  Penjualan: Rp 1,088,950.00  Service: Rp 42,448.00
  Pajak    : Rp 89,140.00  Pembulatan: Rp 0.00
  Uang Masuk BCA: Rp 1,209,767.51  Admin Bank: Rp 10,770.49
  [OK] Penjualan: Balance.

  ────────────────────────────────────────────────────────────
  Jurnal  : BREW - PENJUALAN STRADA MKG 20/02/2025
  Tanggal : 20/02/2025
  Akun            Tipe                Jumlah
  ────────────────────────────────────────────────────────────
  1100.10         DEBIT      Rp 1,220,538.00 (cust: C.00045)
  4000.01.03      CREDIT     Rp 1,088,950.00
  2002.04.03      CREDIT        Rp 42,448.00
  2002.03.04      CREDIT        Rp 89,140.00
  ────────────────────────────────────────────────────────────
  Total D=Rp 1,220,538.00  K=Rp 1,220,538.00
  [OK] Journal posted: BREW - PENJUALAN STRADA MKG 20/02/2025

  ────────────────────────────────────────────────────────────
  Jurnal  : BREW - UANG MASUK STRADA MKG 20/02/2025
  Tanggal : 21/02/2025
  Akun            Tipe                Jumlah
  ────────────────────────────────────────────────────────────
  1000.02.04      DEBIT      Rp 1,209,767.51
  6000.01.08      DEBIT         Rp 10,770.49
  1100.10         CREDIT     Rp 1,220,538.00 (cust: C.00045)
  ────────────────────────────────────────────────────────────
  Total D=Rp 1,220,538.00  K=Rp 1,220,538.00
  [OK] Journal posted: BREW - UANG MASUK STRADA MKG 20/02/2025

─────────────────────────────────────────────────────────────────
  Tanggal: 21/02/2025  (Uang Masuk: 22/02/2025)
  Piutang  : Rp 860,475.00
  Penjualan: Rp 745,000.00  Service: Rp 37,250.00
  Pajak    : Rp 78,225.00  Pembulatan: Rp 0.00
  Uang Masuk BCA: Rp 854,503.66  Admin Bank: Rp 5,971.34
  [OK] Penjualan: Balance.

  ────────────────────────────────────────────────────────────
  Jurnal  : BREW - PENJUALAN STRADA MKG 21/02/2025
  Tanggal : 21/02/2025
  Akun            Tipe                Jumlah
  ────────────────────────────────────────────────────────────
  1100.10         DEBIT        Rp 860,475.00 (cust: C.00045)
  4000.01.03      CREDIT       Rp 745,000.00
  2002.04.03      CREDIT        Rp 37,250.00
  2002.03.04      CREDIT        Rp 78,225.00
  ────────────────────────────────────────────────────────────
  Total D=Rp 860,475.00  K=Rp 860,475.00
  [OK] Journal posted: BREW - PENJUALAN STRADA MKG 21/02/2025

  ────────────────────────────────────────────────────────────
  Jurnal  : BREW - UANG MASUK STRADA MKG 21/02/2025
  Tanggal : 22/02/2025
  Akun            Tipe                Jumlah
  ────────────────────────────────────────────────────────────
  1000.02.04      DEBIT        Rp 854,503.66
  6000.01.08      DEBIT          Rp 5,971.34
  1100.10         CREDIT       Rp 860,475.00 (cust: C.00045)
  ────────────────────────────────────────────────────────────
  Total D=Rp 860,475.00  K=Rp 860,475.00
  [OK] Journal posted: BREW - UANG MASUK STRADA MKG 21/02/2025

─────────────────────────────────────────────────────────────────
  Tanggal: 22/02/2025  (Uang Masuk: 23/02/2025)
  Piutang  : Rp 1,604,205.00
  Penjualan: Rp 1,401,000.00  Service: Rp 65,550.00
  Pajak    : Rp 137,655.00  Pembulatan: Rp 0.00
  Uang Masuk BCA: Rp 1,594,575.91  Admin Bank: Rp 9,629.09
  [OK] Penjualan: Balance.

  ────────────────────────────────────────────────────────────
  Jurnal  : BREW - PENJUALAN STRADA MKG 22/02/2025
  Tanggal : 22/02/2025
  Akun            Tipe                Jumlah
  ────────────────────────────────────────────────────────────
  1100.10         DEBIT      Rp 1,604,205.00 (cust: C.00045)
  4000.01.03      CREDIT     Rp 1,401,000.00
  2002.04.03      CREDIT        Rp 65,550.00
  2002.03.04      CREDIT       Rp 137,655.00
  ────────────────────────────────────────────────────────────
  Total D=Rp 1,604,205.00  K=Rp 1,604,205.00
  [OK] Journal posted: BREW - PENJUALAN STRADA MKG 22/02/2025

  ────────────────────────────────────────────────────────────
  Jurnal  : BREW - UANG MASUK STRADA MKG 22/02/2025
  Tanggal : 23/02/2025
  Akun            Tipe                Jumlah
  ────────────────────────────────────────────────────────────
  1000.02.04      DEBIT      Rp 1,594,575.91
  6000.01.08      DEBIT          Rp 9,629.09
  1100.10         CREDIT     Rp 1,604,205.00 (cust: C.00045)
  ────────────────────────────────────────────────────────────
  Total D=Rp 1,604,205.00  K=Rp 1,604,205.00
  [OK] Journal posted: BREW - UANG MASUK STRADA MKG 22/02/2025

─────────────────────────────────────────────────────────────────
  Tanggal: 23/02/2025  (Uang Masuk: 24/02/2025)
  Piutang  : Rp 1,205,820.00
  Penjualan: Rp 1,044,000.00  Service: Rp 52,200.00
  Pajak    : Rp 109,620.00  Pembulatan: Rp 0.00
  Uang Masuk BCA: Rp 1,195,179.20  Admin Bank: Rp 10,640.80
  [OK] Penjualan: Balance.

  ────────────────────────────────────────────────────────────
  Jurnal  : BREW - PENJUALAN STRADA MKG 23/02/2025
  Tanggal : 23/02/2025
  Akun            Tipe                Jumlah
  ────────────────────────────────────────────────────────────
  1100.10         DEBIT      Rp 1,205,820.00 (cust: C.00045)
  4000.01.03      CREDIT     Rp 1,044,000.00
  2002.04.03      CREDIT        Rp 52,200.00
  2002.03.04      CREDIT       Rp 109,620.00
  ────────────────────────────────────────────────────────────
  Total D=Rp 1,205,820.00  K=Rp 1,205,820.00
  [OK] Journal posted: BREW - PENJUALAN STRADA MKG 23/02/2025

  ────────────────────────────────────────────────────────────
  Jurnal  : BREW - UANG MASUK STRADA MKG 23/02/2025
  Tanggal : 24/02/2025
  Akun            Tipe                Jumlah
  ────────────────────────────────────────────────────────────
  1000.02.04      DEBIT      Rp 1,195,179.20
  6000.01.08      DEBIT         Rp 10,640.80
  1100.10         CREDIT     Rp 1,205,820.00 (cust: C.00045)
  ────────────────────────────────────────────────────────────
  Total D=Rp 1,205,820.00  K=Rp 1,205,820.00
  [OK] Journal posted: BREW - UANG MASUK STRADA MKG 23/02/2025

─────────────────────────────────────────────────────────────────
  Tanggal: 24/02/2025  (Uang Masuk: 25/02/2025)
  Piutang  : Rp 337,260.00
  Penjualan: Rp 292,000.00  Service: Rp 14,600.00
  Pajak    : Rp 30,660.00  Pembulatan: Rp 0.00
  Uang Masuk BCA: Rp 335,166.00  Admin Bank: Rp 2,094.00
  [OK] Penjualan: Balance.

  ────────────────────────────────────────────────────────────
  Jurnal  : BREW - PENJUALAN STRADA MKG 24/02/2025
  Tanggal : 24/02/2025
  Akun            Tipe                Jumlah
  ────────────────────────────────────────────────────────────
  1100.10         DEBIT        Rp 337,260.00 (cust: C.00045)
  4000.01.03      CREDIT       Rp 292,000.00
  2002.04.03      CREDIT        Rp 14,600.00
  2002.03.04      CREDIT        Rp 30,660.00
  ────────────────────────────────────────────────────────────
  Total D=Rp 337,260.00  K=Rp 337,260.00
  [OK] Journal posted: BREW - PENJUALAN STRADA MKG 24/02/2025

  ────────────────────────────────────────────────────────────
  Jurnal  : BREW - UANG MASUK STRADA MKG 24/02/2025
  Tanggal : 25/02/2025
  Akun            Tipe                Jumlah
  ────────────────────────────────────────────────────────────
  1000.02.04      DEBIT        Rp 335,166.00
  6000.01.08      DEBIT          Rp 2,094.00
  1100.10         CREDIT       Rp 337,260.00 (cust: C.00045)
  ────────────────────────────────────────────────────────────
  Total D=Rp 337,260.00  K=Rp 337,260.00
  [OK] Journal posted: BREW - UANG MASUK STRADA MKG 24/02/2025

─────────────────────────────────────────────────────────────────
  Tanggal: 25/02/2025  (Uang Masuk: 26/02/2025)
  Piutang  : Rp 468,324.00
  Penjualan: Rp 407,000.00  Service: Rp 19,750.00
  Pajak    : Rp 41,475.00  Pembulatan: Rp 0.00
  Uang Masuk BCA: Rp 465,066.98  Admin Bank: Rp 3,257.02
  [ERROR] Penjualan tidak balance: selisih Rp 99.00 (Debit > Kredit) — perbaiki data di template CSV.
  [SKIP] Penjualan dilewati karena error balance.

  ────────────────────────────────────────────────────────────
  Jurnal  : BREW - UANG MASUK STRADA MKG 25/02/2025
  Tanggal : 26/02/2025
  Akun            Tipe                Jumlah
  ────────────────────────────────────────────────────────────
  1000.02.04      DEBIT        Rp 465,066.98
  6000.01.08      DEBIT          Rp 3,257.02
  1100.10         CREDIT       Rp 468,324.00 (cust: C.00045)
  ────────────────────────────────────────────────────────────
  Total D=Rp 468,324.00  K=Rp 468,324.00
  [OK] Journal posted: BREW - UANG MASUK STRADA MKG 25/02/2025

─────────────────────────────────────────────────────────────────
  Tanggal: 26/02/2025  (Uang Masuk: 27/02/2025)
  Piutang  : Rp 554,400.00
  Penjualan: Rp 480,000.00  Service: Rp 24,000.00
  Pajak    : Rp 50,400.00  Pembulatan: Rp 0.00
  Uang Masuk BCA: Rp 550,633.56  Admin Bank: Rp 3,766.44
  [OK] Penjualan: Balance.

  ────────────────────────────────────────────────────────────
  Jurnal  : BREW - PENJUALAN STRADA MKG 26/02/2025
  Tanggal : 26/02/2025
  Akun            Tipe                Jumlah
  ────────────────────────────────────────────────────────────
  1100.10         DEBIT        Rp 554,400.00 (cust: C.00045)
  4000.01.03      CREDIT       Rp 480,000.00
  2002.04.03      CREDIT        Rp 24,000.00
  2002.03.04      CREDIT        Rp 50,400.00
  ────────────────────────────────────────────────────────────
  Total D=Rp 554,400.00  K=Rp 554,400.00
  [OK] Journal posted: BREW - PENJUALAN STRADA MKG 26/02/2025

  ────────────────────────────────────────────────────────────
  Jurnal  : BREW - UANG MASUK STRADA MKG 26/02/2025
  Tanggal : 27/02/2025
  Akun            Tipe                Jumlah
  ────────────────────────────────────────────────────────────
  1000.02.04      DEBIT        Rp 550,633.56
  6000.01.08      DEBIT          Rp 3,766.44
  1100.10         CREDIT       Rp 554,400.00 (cust: C.00045)
  ────────────────────────────────────────────────────────────
  Total D=Rp 554,400.00  K=Rp 554,400.00
  [OK] Journal posted: BREW - UANG MASUK STRADA MKG 26/02/2025

─────────────────────────────────────────────────────────────────
  Tanggal: 27/02/2025  (Uang Masuk: 28/02/2025)
  Piutang  : Rp 791,845.00
  Penjualan: Rp 699,000.00  Service: Rp 29,950.00
  Pajak    : Rp 62,895.00  Pembulatan: Rp 0.00
  Uang Masuk BCA: Rp 785,796.15  Admin Bank: Rp 6,048.85
  [OK] Penjualan: Balance.

  ────────────────────────────────────────────────────────────
  Jurnal  : BREW - PENJUALAN STRADA MKG 27/02/2025
  Tanggal : 27/02/2025
  Akun            Tipe                Jumlah
  ────────────────────────────────────────────────────────────
  1100.10         DEBIT        Rp 791,845.00 (cust: C.00045)
  4000.01.03      CREDIT       Rp 699,000.00
  2002.04.03      CREDIT        Rp 29,950.00
  2002.03.04      CREDIT        Rp 62,895.00
  ────────────────────────────────────────────────────────────
  Total D=Rp 791,845.00  K=Rp 791,845.00
  [OK] Journal posted: BREW - PENJUALAN STRADA MKG 27/02/2025

  ────────────────────────────────────────────────────────────
  Jurnal  : BREW - UANG MASUK STRADA MKG 27/02/2025
  Tanggal : 28/02/2025
  Akun            Tipe                Jumlah
  ────────────────────────────────────────────────────────────
  1000.02.04      DEBIT        Rp 785,796.15
  6000.01.08      DEBIT          Rp 6,048.85
  1100.10         CREDIT       Rp 791,845.00 (cust: C.00045)
  ────────────────────────────────────────────────────────────
  Total D=Rp 791,845.00  K=Rp 791,845.00
  [OK] Journal posted: BREW - UANG MASUK STRADA MKG 27/02/2025

─────────────────────────────────────────────────────────────────
  Tanggal: 28/02/2025  (Uang Masuk: 01/03/2025)
  Piutang  : Rp 773,850.00
  Penjualan: Rp 688,000.00  Service: Rp 34,400.00
  Pajak    : Rp 72,240.00  Pembulatan: Rp 0.00
  Uang Masuk BCA: Rp 768,391.48  Admin Bank: Rp 5,458.52
  [ERROR] Penjualan tidak balance: selisih Rp 20,790.00 (Kredit > Debit) — perbaiki data di template CSV.
  [SKIP] Penjualan dilewati karena error balance.

  ────────────────────────────────────────────────────────────
  Jurnal  : BREW - UANG MASUK STRADA MKG 28/02/2025
  Tanggal : 01/03/2025
  Akun            Tipe                Jumlah
  ────────────────────────────────────────────────────────────
  1000.02.04      DEBIT        Rp 768,391.48
  6000.01.08      DEBIT          Rp 5,458.52
  1100.10         CREDIT       Rp 773,850.00 (cust: C.00045)
  ────────────────────────────────────────────────────────────
  Total D=Rp 773,850.00  K=Rp 773,850.00
  [OK] Journal posted: BREW - UANG MASUK STRADA MKG 28/02/2025

─────────────────────────────────────────────────────────────────
  Tanggal: 01/03/2025  (Uang Masuk: 02/03/2025)
  Piutang  : Rp 2,630,805.00
  Penjualan: Rp 2,316,000.00  Service: Rp 101,550.00
  Pajak    : Rp 213,255.00  Pembulatan: Rp 0.00
  Uang Masuk BCA: Rp 2,607,047.68  Admin Bank: Rp 23,757.32
  [OK] Penjualan: Balance.

  ────────────────────────────────────────────────────────────
  Jurnal  : BREW - PENJUALAN STRADA MKG 01/03/2025
  Tanggal : 01/03/2025
  Akun            Tipe                Jumlah
  ────────────────────────────────────────────────────────────
  1100.10         DEBIT      Rp 2,630,805.00 (cust: C.00045)
  4000.01.03      CREDIT     Rp 2,316,000.00
  2002.04.03      CREDIT       Rp 101,550.00
  2002.03.04      CREDIT       Rp 213,255.00
  ────────────────────────────────────────────────────────────
  Total D=Rp 2,630,805.00  K=Rp 2,630,805.00
  [OK] Journal posted: BREW - PENJUALAN STRADA MKG 01/03/2025

  ────────────────────────────────────────────────────────────
  Jurnal  : BREW - UANG MASUK STRADA MKG 01/03/2025
  Tanggal : 02/03/2025
  Akun            Tipe                Jumlah
  ────────────────────────────────────────────────────────────
  1000.02.04      DEBIT      Rp 2,607,047.68
  6000.01.08      DEBIT         Rp 23,757.32
  1100.10         CREDIT     Rp 2,630,805.00 (cust: C.00045)
  ────────────────────────────────────────────────────────────
  Total D=Rp 2,630,805.00  K=Rp 2,630,805.00
  [OK] Journal posted: BREW - UANG MASUK STRADA MKG 01/03/2025

─────────────────────────────────────────────────────────────────
  Tanggal: 02/03/2025  (Uang Masuk: 03/03/2025)
  Piutang  : Rp 1,386,245.00
  Penjualan: Rp 1,219,000.00  Service: Rp 53,950.00
  Pajak    : Rp 113,295.00  Pembulatan: Rp 0.00
  Uang Masuk BCA: Rp 1,374,226.68  Admin Bank: Rp 12,018.32
  [OK] Penjualan: Balance.

  ────────────────────────────────────────────────────────────
  Jurnal  : BREW - PENJUALAN STRADA MKG 02/03/2025
  Tanggal : 02/03/2025
  Akun            Tipe                Jumlah
  ────────────────────────────────────────────────────────────
  1100.10         DEBIT      Rp 1,386,245.00 (cust: C.00045)
  4000.01.03      CREDIT     Rp 1,219,000.00
  2002.04.03      CREDIT        Rp 53,950.00
  2002.03.04      CREDIT       Rp 113,295.00
  ────────────────────────────────────────────────────────────
  Total D=Rp 1,386,245.00  K=Rp 1,386,245.00
  [OK] Journal posted: BREW - PENJUALAN STRADA MKG 02/03/2025

  ────────────────────────────────────────────────────────────
  Jurnal  : BREW - UANG MASUK STRADA MKG 02/03/2025
  Tanggal : 03/03/2025
  Akun            Tipe                Jumlah
  ────────────────────────────────────────────────────────────
  1000.02.04      DEBIT      Rp 1,374,226.68
  6000.01.08      DEBIT         Rp 12,018.32
  1100.10         CREDIT     Rp 1,386,245.00 (cust: C.00045)
  ────────────────────────────────────────────────────────────
  Total D=Rp 1,386,245.00  K=Rp 1,386,245.00
  [OK] Journal posted: BREW - UANG MASUK STRADA MKG 02/03/2025

─────────────────────────────────────────────────────────────────
  Tanggal: 03/03/2025  (Uang Masuk: 04/03/2025)
  Piutang  : Rp 421,980.00
  Penjualan: Rp 365,350.00  Service: Rp 18,268.00
  Pajak    : Rp 38,362.00  Pembulatan: Rp 0.00
  Uang Masuk BCA: Rp 419,634.84  Admin Bank: Rp 2,345.16
  [OK] Penjualan: Balance.

  ────────────────────────────────────────────────────────────
  Jurnal  : BREW - PENJUALAN STRADA MKG 03/03/2025
  Tanggal : 03/03/2025
  Akun            Tipe                Jumlah
  ────────────────────────────────────────────────────────────
  1100.10         DEBIT        Rp 421,980.00 (cust: C.00045)
  4000.01.03      CREDIT       Rp 365,350.00
  2002.04.03      CREDIT        Rp 18,268.00
  2002.03.04      CREDIT        Rp 38,362.00
  ────────────────────────────────────────────────────────────
  Total D=Rp 421,980.00  K=Rp 421,980.00
  [OK] Journal posted: BREW - PENJUALAN STRADA MKG 03/03/2025

  ────────────────────────────────────────────────────────────
  Jurnal  : BREW - UANG MASUK STRADA MKG 03/03/2025
  Tanggal : 04/03/2025
  Akun            Tipe                Jumlah
  ────────────────────────────────────────────────────────────
  1000.02.04      DEBIT        Rp 419,634.84
  6000.01.08      DEBIT          Rp 2,345.16
  1100.10         CREDIT       Rp 421,980.00 (cust: C.00045)
  ────────────────────────────────────────────────────────────
  Total D=Rp 421,980.00  K=Rp 421,980.00
  [OK] Journal posted: BREW - UANG MASUK STRADA MKG 03/03/2025

─────────────────────────────────────────────────────────────────
  Tanggal: 04/03/2025  (Uang Masuk: 05/03/2025)
  Piutang  : Rp 662,970.00
  Penjualan: Rp 574,000.00  Service: Rp 28,700.00
  Pajak    : Rp 60,270.00  Pembulatan: Rp 0.00
  Uang Masuk BCA: Rp 658,615.08  Admin Bank: Rp 4,354.92
  [OK] Penjualan: Balance.

  ────────────────────────────────────────────────────────────
  Jurnal  : BREW - PENJUALAN STRADA MKG 04/03/2025
  Tanggal : 04/03/2025
  Akun            Tipe                Jumlah
  ────────────────────────────────────────────────────────────
  1100.10         DEBIT        Rp 662,970.00 (cust: C.00045)
  4000.01.03      CREDIT       Rp 574,000.00
  2002.04.03      CREDIT        Rp 28,700.00
  2002.03.04      CREDIT        Rp 60,270.00
  ────────────────────────────────────────────────────────────
  Total D=Rp 662,970.00  K=Rp 662,970.00
  [OK] Journal posted: BREW - PENJUALAN STRADA MKG 04/03/2025

  ────────────────────────────────────────────────────────────
  Jurnal  : BREW - UANG MASUK STRADA MKG 04/03/2025
  Tanggal : 05/03/2025
  Akun            Tipe                Jumlah
  ────────────────────────────────────────────────────────────
  1000.02.04      DEBIT        Rp 658,615.08
  6000.01.08      DEBIT          Rp 4,354.92
  1100.10         CREDIT       Rp 662,970.00 (cust: C.00045)
  ────────────────────────────────────────────────────────────
  Total D=Rp 662,970.00  K=Rp 662,970.00
  [OK] Journal posted: BREW - UANG MASUK STRADA MKG 04/03/2025

─────────────────────────────────────────────────────────────────
  Tanggal: 05/03/2025  (Uang Masuk: 06/03/2025)
  Piutang  : Rp 623,700.00
  Penjualan: Rp 540,000.00  Service: Rp 27,000.00
  Pajak    : Rp 56,700.00  Pembulatan: Rp 0.00
  Uang Masuk BCA: Rp 619,334.10  Admin Bank: Rp 4,365.90
  [OK] Penjualan: Balance.

  ────────────────────────────────────────────────────────────
  Jurnal  : BREW - PENJUALAN STRADA MKG 05/03/2025
  Tanggal : 05/03/2025
  Akun            Tipe                Jumlah
  ────────────────────────────────────────────────────────────
  1100.10         DEBIT        Rp 623,700.00 (cust: C.00045)
  4000.01.03      CREDIT       Rp 540,000.00
  2002.04.03      CREDIT        Rp 27,000.00
  2002.03.04      CREDIT        Rp 56,700.00
  ────────────────────────────────────────────────────────────
  Total D=Rp 623,700.00  K=Rp 623,700.00
  [OK] Journal posted: BREW - PENJUALAN STRADA MKG 05/03/2025

  ────────────────────────────────────────────────────────────
  Jurnal  : BREW - UANG MASUK STRADA MKG 05/03/2025
  Tanggal : 06/03/2025
  Akun            Tipe                Jumlah
  ────────────────────────────────────────────────────────────
  1000.02.04      DEBIT        Rp 619,334.10
  6000.01.08      DEBIT          Rp 4,365.90
  1100.10         CREDIT       Rp 623,700.00 (cust: C.00045)
  ────────────────────────────────────────────────────────────
  Total D=Rp 623,700.00  K=Rp 623,700.00
  [OK] Journal posted: BREW - UANG MASUK STRADA MKG 05/03/2025

─────────────────────────────────────────────────────────────────
  Tanggal: 06/03/2025  (Uang Masuk: 07/03/2025)
  Piutang  : Rp 1,055,670.00
  Penjualan: Rp 914,000.00  Service: Rp 45,700.00
  Pajak    : Rp 95,970.00  Pembulatan: Rp 0.00
  Uang Masuk BCA: Rp 1,047,741.42  Admin Bank: Rp 7,928.58
  [OK] Penjualan: Balance.

  ────────────────────────────────────────────────────────────
  Jurnal  : BREW - PENJUALAN STRADA MKG 06/03/2025
  Tanggal : 06/03/2025
  Akun            Tipe                Jumlah
  ────────────────────────────────────────────────────────────
  1100.10         DEBIT      Rp 1,055,670.00 (cust: C.00045)
  4000.01.03      CREDIT       Rp 914,000.00
  2002.04.03      CREDIT        Rp 45,700.00
  2002.03.04      CREDIT        Rp 95,970.00
  ────────────────────────────────────────────────────────────
  Total D=Rp 1,055,670.00  K=Rp 1,055,670.00
  [OK] Journal posted: BREW - PENJUALAN STRADA MKG 06/03/2025

  ────────────────────────────────────────────────────────────
  Jurnal  : BREW - UANG MASUK STRADA MKG 06/03/2025
  Tanggal : 07/03/2025
  Akun            Tipe                Jumlah
  ────────────────────────────────────────────────────────────
  1000.02.04      DEBIT      Rp 1,047,741.42
  6000.01.08      DEBIT          Rp 7,928.58
  1100.10         CREDIT     Rp 1,055,670.00 (cust: C.00045)
  ────────────────────────────────────────────────────────────
  Total D=Rp 1,055,670.00  K=Rp 1,055,670.00
  [OK] Journal posted: BREW - UANG MASUK STRADA MKG 06/03/2025

─────────────────────────────────────────────────────────────────
  Tanggal: 07/03/2025  (Uang Masuk: 08/03/2025)
  Piutang  : Rp 1,240,067.00
  Penjualan: Rp 1,073,650.00  Service: Rp 53,683.00
  Pajak    : Rp 112,734.00  Pembulatan: Rp 0.00
  Uang Masuk BCA: Rp 1,230,938.13  Admin Bank: Rp 9,128.87
  [OK] Penjualan: Balance.

  ────────────────────────────────────────────────────────────
  Jurnal  : BREW - PENJUALAN STRADA MKG 07/03/2025
  Tanggal : 07/03/2025
  Akun            Tipe                Jumlah
  ────────────────────────────────────────────────────────────
  1100.10         DEBIT      Rp 1,240,067.00 (cust: C.00045)
  4000.01.03      CREDIT     Rp 1,073,650.00
  2002.04.03      CREDIT        Rp 53,683.00
  2002.03.04      CREDIT       Rp 112,734.00
  ────────────────────────────────────────────────────────────
  Total D=Rp 1,240,067.00  K=Rp 1,240,067.00
  [OK] Journal posted: BREW - PENJUALAN STRADA MKG 07/03/2025

  ────────────────────────────────────────────────────────────
  Jurnal  : BREW - UANG MASUK STRADA MKG 07/03/2025
  Tanggal : 08/03/2025
  Akun            Tipe                Jumlah
  ────────────────────────────────────────────────────────────
  1000.02.04      DEBIT      Rp 1,230,938.13
  6000.01.08      DEBIT          Rp 9,128.87
  1100.10         CREDIT     Rp 1,240,067.00 (cust: C.00045)
  ────────────────────────────────────────────────────────────
  Total D=Rp 1,240,067.00  K=Rp 1,240,067.00
  [OK] Journal posted: BREW - UANG MASUK STRADA MKG 07/03/2025

─────────────────────────────────────────────────────────────────
  Tanggal: 08/03/2025  (Uang Masuk: 09/03/2025)
  Piutang  : Rp 2,050,125.00
  Penjualan: Rp 1,775,000.00  Service: Rp 88,750.00
  Pajak    : Rp 186,375.00  Pembulatan: Rp 0.00
  Uang Masuk BCA: Rp 2,031,871.21  Admin Bank: Rp 18,253.79
  [OK] Penjualan: Balance.

  ────────────────────────────────────────────────────────────
  Jurnal  : BREW - PENJUALAN STRADA MKG 08/03/2025
  Tanggal : 08/03/2025
  Akun            Tipe                Jumlah
  ────────────────────────────────────────────────────────────
  1100.10         DEBIT      Rp 2,050,125.00 (cust: C.00045)
  4000.01.03      CREDIT     Rp 1,775,000.00
  2002.04.03      CREDIT        Rp 88,750.00
  2002.03.04      CREDIT       Rp 186,375.00
  ────────────────────────────────────────────────────────────
  Total D=Rp 2,050,125.00  K=Rp 2,050,125.00
  [OK] Journal posted: BREW - PENJUALAN STRADA MKG 08/03/2025

  ────────────────────────────────────────────────────────────
  Jurnal  : BREW - UANG MASUK STRADA MKG 08/03/2025
  Tanggal : 09/03/2025
  Akun            Tipe                Jumlah
  ────────────────────────────────────────────────────────────
  1000.02.04      DEBIT      Rp 2,031,871.21
  6000.01.08      DEBIT         Rp 18,253.79
  1100.10         CREDIT     Rp 2,050,125.00 (cust: C.00045)
  ────────────────────────────────────────────────────────────
  Total D=Rp 2,050,125.00  K=Rp 2,050,125.00
  [OK] Journal posted: BREW - UANG MASUK STRADA MKG 08/03/2025

─────────────────────────────────────────────────────────────────
  Tanggal: 09/03/2025  (Uang Masuk: 10/03/2025)
  Piutang  : Rp 1,562,715.00
  Penjualan: Rp 1,353,000.00  Service: Rp 67,650.00
  Pajak    : Rp 142,065.00  Pembulatan: Rp 0.00
  Uang Masuk BCA: Rp 1,550,581.08  Admin Bank: Rp 12,133.92
  [OK] Penjualan: Balance.

  ────────────────────────────────────────────────────────────
  Jurnal  : BREW - PENJUALAN STRADA MKG 09/03/2025
  Tanggal : 09/03/2025
  Akun            Tipe                Jumlah
  ────────────────────────────────────────────────────────────
  1100.10         DEBIT      Rp 1,562,715.00 (cust: C.00045)
  4000.01.03      CREDIT     Rp 1,353,000.00
  2002.04.03      CREDIT        Rp 67,650.00
  2002.03.04      CREDIT       Rp 142,065.00
  ────────────────────────────────────────────────────────────
  Total D=Rp 1,562,715.00  K=Rp 1,562,715.00
  [OK] Journal posted: BREW - PENJUALAN STRADA MKG 09/03/2025

  ────────────────────────────────────────────────────────────
  Jurnal  : BREW - UANG MASUK STRADA MKG 09/03/2025
  Tanggal : 10/03/2025
  Akun            Tipe                Jumlah
  ────────────────────────────────────────────────────────────
  1000.02.04      DEBIT      Rp 1,550,581.08
  6000.01.08      DEBIT         Rp 12,133.92
  1100.10         CREDIT     Rp 1,562,715.00 (cust: C.00045)
  ────────────────────────────────────────────────────────────
  Total D=Rp 1,562,715.00  K=Rp 1,562,715.00
  [OK] Journal posted: BREW - UANG MASUK STRADA MKG 09/03/2025

─────────────────────────────────────────────────────────────────
  Tanggal: 10/03/2025  (Uang Masuk: 11/03/2025)
  Piutang  : Rp 363,825.00
  Penjualan: Rp 315,000.00  Service: Rp 15,750.00
  Pajak    : Rp 33,075.00  Pembulatan: Rp 0.00
  Uang Masuk BCA: Rp 360,017.38  Admin Bank: Rp 3,807.62
  [OK] Penjualan: Balance.

  ────────────────────────────────────────────────────────────
  Jurnal  : BREW - PENJUALAN STRADA MKG 10/03/2025
  Tanggal : 10/03/2025
  Akun            Tipe                Jumlah
  ────────────────────────────────────────────────────────────
  1100.10         DEBIT        Rp 363,825.00 (cust: C.00045)
  4000.01.03      CREDIT       Rp 315,000.00
  2002.04.03      CREDIT        Rp 15,750.00
  2002.03.04      CREDIT        Rp 33,075.00
  ────────────────────────────────────────────────────────────
  Total D=Rp 363,825.00  K=Rp 363,825.00
  [OK] Journal posted: BREW - PENJUALAN STRADA MKG 10/03/2025

  ────────────────────────────────────────────────────────────
  Jurnal  : BREW - UANG MASUK STRADA MKG 10/03/2025
  Tanggal : 11/03/2025
  Akun            Tipe                Jumlah
  ────────────────────────────────────────────────────────────
  1000.02.04      DEBIT        Rp 360,017.38
  6000.01.08      DEBIT          Rp 3,807.62
  1100.10         CREDIT       Rp 363,825.00 (cust: C.00045)
  ────────────────────────────────────────────────────────────
  Total D=Rp 363,825.00  K=Rp 363,825.00
  [OK] Journal posted: BREW - UANG MASUK STRADA MKG 10/03/2025

─────────────────────────────────────────────────────────────────
  Tanggal: 11/03/2025  (Uang Masuk: 12/03/2025)
  Piutang  : Rp 906,675.00
  Penjualan: Rp 785,000.00  Service: Rp 39,250.00
  Pajak    : Rp 82,425.00  Pembulatan: Rp 0.00
  Uang Masuk BCA: Rp 899,856.06  Admin Bank: Rp 6,818.94
  [OK] Penjualan: Balance.

  ────────────────────────────────────────────────────────────
  Jurnal  : BREW - PENJUALAN STRADA MKG 11/03/2025
  Tanggal : 11/03/2025
  Akun            Tipe                Jumlah
  ────────────────────────────────────────────────────────────
  1100.10         DEBIT        Rp 906,675.00 (cust: C.00045)
  4000.01.03      CREDIT       Rp 785,000.00
  2002.04.03      CREDIT        Rp 39,250.00
  2002.03.04      CREDIT        Rp 82,425.00
  ────────────────────────────────────────────────────────────
  Total D=Rp 906,675.00  K=Rp 906,675.00
  [OK] Journal posted: BREW - PENJUALAN STRADA MKG 11/03/2025

  ────────────────────────────────────────────────────────────
  Jurnal  : BREW - UANG MASUK STRADA MKG 11/03/2025
  Tanggal : 12/03/2025
  Akun            Tipe                Jumlah
  ────────────────────────────────────────────────────────────
  1000.02.04      DEBIT        Rp 899,856.06
  6000.01.08      DEBIT          Rp 6,818.94
  1100.10         CREDIT       Rp 906,675.00 (cust: C.00045)
  ────────────────────────────────────────────────────────────
  Total D=Rp 906,675.00  K=Rp 906,675.00
  [OK] Journal posted: BREW - UANG MASUK STRADA MKG 11/03/2025

─────────────────────────────────────────────────────────────────
  Tanggal: 12/03/2025  (Uang Masuk: 13/03/2025)
  Piutang  : Rp 1,010,110.00
  Penjualan: Rp 892,000.00  Service: Rp 38,100.00
  Pajak    : Rp 80,010.00  Pembulatan: Rp 0.00
  Uang Masuk BCA: Rp 1,003,522.03  Admin Bank: Rp 6,587.97
  [OK] Penjualan: Balance.

  ────────────────────────────────────────────────────────────
  Jurnal  : BREW - PENJUALAN STRADA MKG 12/03/2025
  Tanggal : 12/03/2025
  Akun            Tipe                Jumlah
  ────────────────────────────────────────────────────────────
  1100.10         DEBIT      Rp 1,010,110.00 (cust: C.00045)
  4000.01.03      CREDIT       Rp 892,000.00
  2002.04.03      CREDIT        Rp 38,100.00
  2002.03.04      CREDIT        Rp 80,010.00
  ────────────────────────────────────────────────────────────
  Total D=Rp 1,010,110.00  K=Rp 1,010,110.00
  [OK] Journal posted: BREW - PENJUALAN STRADA MKG 12/03/2025

  ────────────────────────────────────────────────────────────
  Jurnal  : BREW - UANG MASUK STRADA MKG 12/03/2025
  Tanggal : 13/03/2025
  Akun            Tipe                Jumlah
  ────────────────────────────────────────────────────────────
  1000.02.04      DEBIT      Rp 1,003,522.03
  6000.01.08      DEBIT          Rp 6,587.97
  1100.10         CREDIT     Rp 1,010,110.00 (cust: C.00045)
  ────────────────────────────────────────────────────────────
  Total D=Rp 1,010,110.00  K=Rp 1,010,110.00
  [OK] Journal posted: BREW - UANG MASUK STRADA MKG 12/03/2025

─────────────────────────────────────────────────────────────────
  Tanggal: 13/03/2025  (Uang Masuk: 14/03/2025)
  Piutang  : Rp 820,720.00
  Penjualan: Rp 724,000.00  Service: Rp 31,200.00
  Pajak    : Rp 65,520.00  Pembulatan: Rp 0.00
  Uang Masuk BCA: Rp 813,625.78  Admin Bank: Rp 7,094.22
  [OK] Penjualan: Balance.

  ────────────────────────────────────────────────────────────
  Jurnal  : BREW - PENJUALAN STRADA MKG 13/03/2025
  Tanggal : 13/03/2025
  Akun            Tipe                Jumlah
  ────────────────────────────────────────────────────────────
  1100.10         DEBIT        Rp 820,720.00 (cust: C.00045)
  4000.01.03      CREDIT       Rp 724,000.00
  2002.04.03      CREDIT        Rp 31,200.00
  2002.03.04      CREDIT        Rp 65,520.00
  ────────────────────────────────────────────────────────────
  Total D=Rp 820,720.00  K=Rp 820,720.00
  [OK] Journal posted: BREW - PENJUALAN STRADA MKG 13/03/2025

  ────────────────────────────────────────────────────────────
  Jurnal  : BREW - UANG MASUK STRADA MKG 13/03/2025
  Tanggal : 14/03/2025
  Akun            Tipe                Jumlah
  ────────────────────────────────────────────────────────────
  1000.02.04      DEBIT        Rp 813,625.78
  6000.01.08      DEBIT          Rp 7,094.22
  1100.10         CREDIT       Rp 820,720.00 (cust: C.00045)
  ────────────────────────────────────────────────────────────
  Total D=Rp 820,720.00  K=Rp 820,720.00
  [OK] Journal posted: BREW - UANG MASUK STRADA MKG 13/03/2025

─────────────────────────────────────────────────────────────────
  Tanggal: 14/03/2025  (Uang Masuk: 15/03/2025)
  Piutang  : Rp 685,262.00
  Penjualan: Rp 593,300.00  Service: Rp 29,665.00
  Pajak    : Rp 62,297.00  Pembulatan: Rp 0.00
  Uang Masuk BCA: Rp 679,663.71  Admin Bank: Rp 5,598.29
  [OK] Penjualan: Balance.

  ────────────────────────────────────────────────────────────
  Jurnal  : BREW - PENJUALAN STRADA MKG 14/03/2025
  Tanggal : 14/03/2025
  Akun            Tipe                Jumlah
  ────────────────────────────────────────────────────────────
  1100.10         DEBIT        Rp 685,262.00 (cust: C.00045)
  4000.01.03      CREDIT       Rp 593,300.00
  2002.04.03      CREDIT        Rp 29,665.00
  2002.03.04      CREDIT        Rp 62,297.00
  ────────────────────────────────────────────────────────────
  Total D=Rp 685,262.00  K=Rp 685,262.00
  [OK] Journal posted: BREW - PENJUALAN STRADA MKG 14/03/2025

  ────────────────────────────────────────────────────────────
  Jurnal  : BREW - UANG MASUK STRADA MKG 14/03/2025
  Tanggal : 15/03/2025
  Akun            Tipe                Jumlah
  ────────────────────────────────────────────────────────────
  1000.02.04      DEBIT        Rp 679,663.71
  6000.01.08      DEBIT          Rp 5,598.29
  1100.10         CREDIT       Rp 685,262.00 (cust: C.00045)
  ────────────────────────────────────────────────────────────
  Total D=Rp 685,262.00  K=Rp 685,262.00
  [OK] Journal posted: BREW - UANG MASUK STRADA MKG 14/03/2025

─────────────────────────────────────────────────────────────────
  Tanggal: 15/03/2025  (Uang Masuk: 16/03/2025)
  Piutang  : Rp 2,763,725.00
  Penjualan: Rp 2,439,000.00  Service: Rp 104,750.00
  Pajak    : Rp 219,975.00  Pembulatan: Rp 0.00
  Uang Masuk BCA: Rp 2,741,094.83  Admin Bank: Rp 22,630.17
  [OK] Penjualan: Balance.

  ────────────────────────────────────────────────────────────
  Jurnal  : BREW - PENJUALAN STRADA MKG 15/03/2025
  Tanggal : 15/03/2025
  Akun            Tipe                Jumlah
  ────────────────────────────────────────────────────────────
  1100.10         DEBIT      Rp 2,763,725.00 (cust: C.00045)
  4000.01.03      CREDIT     Rp 2,439,000.00
  2002.04.03      CREDIT       Rp 104,750.00
  2002.03.04      CREDIT       Rp 219,975.00
  ────────────────────────────────────────────────────────────
  Total D=Rp 2,763,725.00  K=Rp 2,763,725.00
  [OK] Journal posted: BREW - PENJUALAN STRADA MKG 15/03/2025

  ────────────────────────────────────────────────────────────
  Jurnal  : BREW - UANG MASUK STRADA MKG 15/03/2025
  Tanggal : 16/03/2025
  Akun            Tipe                Jumlah
  ────────────────────────────────────────────────────────────
  1000.02.04      DEBIT      Rp 2,741,094.83
  6000.01.08      DEBIT         Rp 22,630.17
  1100.10         CREDIT     Rp 2,763,725.00 (cust: C.00045)
  ────────────────────────────────────────────────────────────
  Total D=Rp 2,763,725.00  K=Rp 2,763,725.00
  [OK] Journal posted: BREW - UANG MASUK STRADA MKG 15/03/2025

─────────────────────────────────────────────────────────────────
  Tanggal: 16/03/2025  (Uang Masuk: 17/03/2025)
  Piutang  : Rp 2,886,194.00
  Penjualan: Rp 2,539,800.00  Service: Rp 111,740.00
  Pajak    : Rp 238,066.00  Pembulatan: Rp 0.00
  Uang Masuk BCA: Rp 2,862,334.28  Admin Bank: Rp 23,859.72
  [ERROR] Penjualan tidak balance: selisih Rp 3,412.00 (Kredit > Debit) — perbaiki data di template CSV.
  [SKIP] Penjualan dilewati karena error balance.

  ────────────────────────────────────────────────────────────
  Jurnal  : BREW - UANG MASUK STRADA MKG 16/03/2025
  Tanggal : 17/03/2025
  Akun            Tipe                Jumlah
  ────────────────────────────────────────────────────────────
  1000.02.04      DEBIT      Rp 2,862,334.28
  6000.01.08      DEBIT         Rp 23,859.72
  1100.10         CREDIT     Rp 2,886,194.00 (cust: C.00045)
  ────────────────────────────────────────────────────────────
  Total D=Rp 2,886,194.00  K=Rp 2,886,194.00
  [OK] Journal posted: BREW - UANG MASUK STRADA MKG 16/03/2025

─────────────────────────────────────────────────────────────────
  Tanggal: 17/03/2025  (Uang Masuk: 18/03/2025)
  Piutang  : Rp 312,095.00
  Penjualan: Rp 289,000.00  Service: Rp 7,450.00
  Pajak    : Rp 15,645.00  Pembulatan: Rp 0.00
  Uang Masuk BCA: Rp 309,910.34  Admin Bank: Rp 2,184.66
  [OK] Penjualan: Balance.

  ────────────────────────────────────────────────────────────
  Jurnal  : BREW - PENJUALAN STRADA MKG 17/03/2025
  Tanggal : 17/03/2025
  Akun            Tipe                Jumlah
  ────────────────────────────────────────────────────────────
  1100.10         DEBIT        Rp 312,095.00 (cust: C.00045)
  4000.01.03      CREDIT       Rp 289,000.00
  2002.04.03      CREDIT         Rp 7,450.00
  2002.03.04      CREDIT        Rp 15,645.00
  ────────────────────────────────────────────────────────────
  Total D=Rp 312,095.00  K=Rp 312,095.00
  [OK] Journal posted: BREW - PENJUALAN STRADA MKG 17/03/2025

  ────────────────────────────────────────────────────────────
  Jurnal  : BREW - UANG MASUK STRADA MKG 17/03/2025
  Tanggal : 18/03/2025
  Akun            Tipe                Jumlah
  ────────────────────────────────────────────────────────────
  1000.02.04      DEBIT        Rp 309,910.34
  6000.01.08      DEBIT          Rp 2,184.66
  1100.10         CREDIT       Rp 312,095.00 (cust: C.00045)
  ────────────────────────────────────────────────────────────
  Total D=Rp 312,095.00  K=Rp 312,095.00
  [OK] Journal posted: BREW - UANG MASUK STRADA MKG 17/03/2025

─────────────────────────────────────────────────────────────────
  Tanggal: 18/03/2025  (Uang Masuk: 19/03/2025)
  Piutang  : Rp 671,055.00
  Penjualan: Rp 581,000.00  Service: Rp 29,050.00
  Pajak    : Rp 61,005.00  Pembulatan: Rp 0.00
  Uang Masuk BCA: Rp 665,985.44  Admin Bank: Rp 5,069.56
  [OK] Penjualan: Balance.

  ────────────────────────────────────────────────────────────
  Jurnal  : BREW - PENJUALAN STRADA MKG 18/03/2025
  Tanggal : 18/03/2025
  Akun            Tipe                Jumlah
  ────────────────────────────────────────────────────────────
  1100.10         DEBIT        Rp 671,055.00 (cust: C.00045)
  4000.01.03      CREDIT       Rp 581,000.00
  2002.04.03      CREDIT        Rp 29,050.00
  2002.03.04      CREDIT        Rp 61,005.00
  ────────────────────────────────────────────────────────────
  Total D=Rp 671,055.00  K=Rp 671,055.00
  [OK] Journal posted: BREW - PENJUALAN STRADA MKG 18/03/2025

  ────────────────────────────────────────────────────────────
  Jurnal  : BREW - UANG MASUK STRADA MKG 18/03/2025
  Tanggal : 19/03/2025
  Akun            Tipe                Jumlah
  ────────────────────────────────────────────────────────────
  1000.02.04      DEBIT        Rp 665,985.44
  6000.01.08      DEBIT          Rp 5,069.56
  1100.10         CREDIT       Rp 671,055.00 (cust: C.00045)
  ────────────────────────────────────────────────────────────
  Total D=Rp 671,055.00  K=Rp 671,055.00
  [OK] Journal posted: BREW - UANG MASUK STRADA MKG 18/03/2025

─────────────────────────────────────────────────────────────────
  Tanggal: 19/03/2025  (Uang Masuk: 20/03/2025)
  Piutang  : Rp 731,360.00
  Penjualan: Rp 652,000.00  Service: Rp 25,600.00
  Pajak    : Rp 53,760.00  Pembulatan: Rp 0.00
  Uang Masuk BCA: Rp 726,640.71  Admin Bank: Rp 4,719.29
  [OK] Penjualan: Balance.

  ────────────────────────────────────────────────────────────
  Jurnal  : BREW - PENJUALAN STRADA MKG 19/03/2025
  Tanggal : 19/03/2025
  Akun            Tipe                Jumlah
  ────────────────────────────────────────────────────────────
  1100.10         DEBIT        Rp 731,360.00 (cust: C.00045)
  4000.01.03      CREDIT       Rp 652,000.00
  2002.04.03      CREDIT        Rp 25,600.00
  2002.03.04      CREDIT        Rp 53,760.00
  ────────────────────────────────────────────────────────────
  Total D=Rp 731,360.00  K=Rp 731,360.00
  [OK] Journal posted: BREW - PENJUALAN STRADA MKG 19/03/2025

  ────────────────────────────────────────────────────────────
  Jurnal  : BREW - UANG MASUK STRADA MKG 19/03/2025
  Tanggal : 20/03/2025
  Akun            Tipe                Jumlah
  ────────────────────────────────────────────────────────────
  1000.02.04      DEBIT        Rp 726,640.71
  6000.01.08      DEBIT          Rp 4,719.29
  1100.10         CREDIT       Rp 731,360.00 (cust: C.00045)
  ────────────────────────────────────────────────────────────
  Total D=Rp 731,360.00  K=Rp 731,360.00
  [OK] Journal posted: BREW - UANG MASUK STRADA MKG 19/03/2025

─────────────────────────────────────────────────────────────────
  Tanggal: 20/03/2025  (Uang Masuk: 21/03/2025)
  Piutang  : Rp 2,031,015.00
  Penjualan: Rp 1,843,000.00  Service: Rp 60,650.00
  Pajak    : Rp 127,365.00  Pembulatan: Rp 0.00
  Uang Masuk BCA: Rp 2,012,938.38  Admin Bank: Rp 18,076.62
  [OK] Penjualan: Balance.

  ────────────────────────────────────────────────────────────
  Jurnal  : BREW - PENJUALAN STRADA MKG 20/03/2025
  Tanggal : 20/03/2025
  Akun            Tipe                Jumlah
  ────────────────────────────────────────────────────────────
  1100.10         DEBIT      Rp 2,031,015.00 (cust: C.00045)
  4000.01.03      CREDIT     Rp 1,843,000.00
  2002.04.03      CREDIT        Rp 60,650.00
  2002.03.04      CREDIT       Rp 127,365.00
  ────────────────────────────────────────────────────────────
  Total D=Rp 2,031,015.00  K=Rp 2,031,015.00
  [OK] Journal posted: BREW - PENJUALAN STRADA MKG 20/03/2025

  ────────────────────────────────────────────────────────────
  Jurnal  : BREW - UANG MASUK STRADA MKG 20/03/2025
  Tanggal : 21/03/2025
  Akun            Tipe                Jumlah
  ────────────────────────────────────────────────────────────
  1000.02.04      DEBIT      Rp 2,012,938.38
  6000.01.08      DEBIT         Rp 18,076.62
  1100.10         CREDIT     Rp 2,031,015.00 (cust: C.00045)
  ────────────────────────────────────────────────────────────
  Total D=Rp 2,031,015.00  K=Rp 2,031,015.00
  [OK] Journal posted: BREW - UANG MASUK STRADA MKG 20/03/2025

─────────────────────────────────────────────────────────────────
  Tanggal: 21/03/2025  (Uang Masuk: 22/03/2025)
  Piutang  : Rp 1,131,944.00
  Penjualan: Rp 994,800.00  Service: Rp 44,240.00
  Pajak    : Rp 92,904.00  Pembulatan: Rp 0.00
  Uang Masuk BCA: Rp 1,124,498.57  Admin Bank: Rp 7,445.43
  [OK] Penjualan: Balance.

  ────────────────────────────────────────────────────────────
  Jurnal  : BREW - PENJUALAN STRADA MKG 21/03/2025
  Tanggal : 21/03/2025
  Akun            Tipe                Jumlah
  ────────────────────────────────────────────────────────────
  1100.10         DEBIT      Rp 1,131,944.00 (cust: C.00045)
  4000.01.03      CREDIT       Rp 994,800.00
  2002.04.03      CREDIT        Rp 44,240.00
  2002.03.04      CREDIT        Rp 92,904.00
  ────────────────────────────────────────────────────────────
  Total D=Rp 1,131,944.00  K=Rp 1,131,944.00
  [OK] Journal posted: BREW - PENJUALAN STRADA MKG 21/03/2025

  ────────────────────────────────────────────────────────────
  Jurnal  : BREW - UANG MASUK STRADA MKG 21/03/2025
  Tanggal : 22/03/2025
  Akun            Tipe                Jumlah
  ────────────────────────────────────────────────────────────
  1000.02.04      DEBIT      Rp 1,124,498.57
  6000.01.08      DEBIT          Rp 7,445.43
  1100.10         CREDIT     Rp 1,131,944.00 (cust: C.00045)
  ────────────────────────────────────────────────────────────
  Total D=Rp 1,131,944.00  K=Rp 1,131,944.00
  [OK] Journal posted: BREW - UANG MASUK STRADA MKG 21/03/2025

─────────────────────────────────────────────────────────────────
  Tanggal: 22/03/2025  (Uang Masuk: 23/03/2025)
  Piutang  : Rp 2,926,356.00
  Penjualan: Rp 2,555,650.00  Service: Rp 119,583.00
  Pajak    : Rp 252,383.00  Pembulatan: Rp 0.00
  Uang Masuk BCA: Rp 2,904,200.65  Admin Bank: Rp 22,155.35
  [ERROR] Penjualan tidak balance: selisih Rp 1,260.00 (Kredit > Debit) — perbaiki data di template CSV.
  [SKIP] Penjualan dilewati karena error balance.

  ────────────────────────────────────────────────────────────
  Jurnal  : BREW - UANG MASUK STRADA MKG 22/03/2025
  Tanggal : 23/03/2025
  Akun            Tipe                Jumlah
  ────────────────────────────────────────────────────────────
  1000.02.04      DEBIT      Rp 2,904,200.65
  6000.01.08      DEBIT         Rp 22,155.35
  1100.10         CREDIT     Rp 2,926,356.00 (cust: C.00045)
  ────────────────────────────────────────────────────────────
  Total D=Rp 2,926,356.00  K=Rp 2,926,356.00
  [OK] Journal posted: BREW - UANG MASUK STRADA MKG 22/03/2025

─────────────────────────────────────────────────────────────────
  Tanggal: 23/03/2025  (Uang Masuk: 24/03/2025)
  Piutang  : Rp 2,413,500.00
  Penjualan: Rp 2,150,000.00  Service: Rp 85,000.00
  Pajak    : Rp 178,500.00  Pembulatan: Rp 0.00
  Uang Masuk BCA: Rp 2,396,509.39  Admin Bank: Rp 16,990.61
  [OK] Penjualan: Balance.

  ────────────────────────────────────────────────────────────
  Jurnal  : BREW - PENJUALAN STRADA MKG 23/03/2025
  Tanggal : 23/03/2025
  Akun            Tipe                Jumlah
  ────────────────────────────────────────────────────────────
  1100.10         DEBIT      Rp 2,413,500.00 (cust: C.00045)
  4000.01.03      CREDIT     Rp 2,150,000.00
  2002.04.03      CREDIT        Rp 85,000.00
  2002.03.04      CREDIT       Rp 178,500.00
  ────────────────────────────────────────────────────────────
  Total D=Rp 2,413,500.00  K=Rp 2,413,500.00
  [OK] Journal posted: BREW - PENJUALAN STRADA MKG 23/03/2025

  ────────────────────────────────────────────────────────────
  Jurnal  : BREW - UANG MASUK STRADA MKG 23/03/2025
  Tanggal : 24/03/2025
  Akun            Tipe                Jumlah
  ────────────────────────────────────────────────────────────
  1000.02.04      DEBIT      Rp 2,396,509.39
  6000.01.08      DEBIT         Rp 16,990.61
  1100.10         CREDIT     Rp 2,413,500.00 (cust: C.00045)
  ────────────────────────────────────────────────────────────
  Total D=Rp 2,413,500.00  K=Rp 2,413,500.00
  [OK] Journal posted: BREW - UANG MASUK STRADA MKG 23/03/2025

─────────────────────────────────────────────────────────────────
  Tanggal: 24/03/2025  (Uang Masuk: 25/03/2025)
  Piutang  : Rp 778,470.00
  Penjualan: Rp 674,000.00  Service: Rp 33,700.00
  Pajak    : Rp 70,770.00  Pembulatan: Rp 0.00
  Uang Masuk BCA: Rp 773,020.72  Admin Bank: Rp 5,449.28
  [OK] Penjualan: Balance.

  ────────────────────────────────────────────────────────────
  Jurnal  : BREW - PENJUALAN STRADA MKG 24/03/2025
  Tanggal : 24/03/2025
  Akun            Tipe                Jumlah
  ────────────────────────────────────────────────────────────
  1100.10         DEBIT        Rp 778,470.00 (cust: C.00045)
  4000.01.03      CREDIT       Rp 674,000.00
  2002.04.03      CREDIT        Rp 33,700.00
  2002.03.04      CREDIT        Rp 70,770.00
  ────────────────────────────────────────────────────────────
  Total D=Rp 778,470.00  K=Rp 778,470.00
  [OK] Journal posted: BREW - PENJUALAN STRADA MKG 24/03/2025

  ────────────────────────────────────────────────────────────
  Jurnal  : BREW - UANG MASUK STRADA MKG 24/03/2025
  Tanggal : 25/03/2025
  Akun            Tipe                Jumlah
  ────────────────────────────────────────────────────────────
  1000.02.04      DEBIT        Rp 773,020.72
  6000.01.08      DEBIT          Rp 5,449.28
  1100.10         CREDIT       Rp 778,470.00 (cust: C.00045)
  ────────────────────────────────────────────────────────────
  Total D=Rp 778,470.00  K=Rp 778,470.00
  [OK] Journal posted: BREW - UANG MASUK STRADA MKG 24/03/2025

─────────────────────────────────────────────────────────────────
  Tanggal: 25/03/2025  (Uang Masuk: 26/03/2025)
  Piutang  : Rp 1,608,337.00
  Penjualan: Rp 1,255,000.00  Service: Rp 58,250.00
  Pajak    : Rp 127,051.00  Pembulatan: Rp 0.00
  Uang Masuk BCA: Rp 1,598,112.63  Admin Bank: Rp 10,224.37
  [ERROR] Penjualan tidak balance: selisih Rp 168,036.00 (Debit > Kredit) — perbaiki data di template CSV.
  [SKIP] Penjualan dilewati karena error balance.

  ────────────────────────────────────────────────────────────
  Jurnal  : BREW - UANG MASUK STRADA MKG 25/03/2025
  Tanggal : 26/03/2025
  Akun            Tipe                Jumlah
  ────────────────────────────────────────────────────────────
  1000.02.04      DEBIT      Rp 1,598,112.63
  6000.01.08      DEBIT         Rp 10,224.37
  1100.10         CREDIT     Rp 1,608,337.00 (cust: C.00045)
  ────────────────────────────────────────────────────────────
  Total D=Rp 1,608,337.00  K=Rp 1,608,337.00
  [OK] Journal posted: BREW - UANG MASUK STRADA MKG 25/03/2025

─────────────────────────────────────────────────────────────────
  Tanggal: 26/03/2025  (Uang Masuk: 27/03/2025)
  Piutang  : Rp 1,379,174.00
  Penjualan: Rp 1,276,350.00  Service: Rp 43,818.00
  Pajak    : Rp 92,017.00  Pembulatan: Rp 0.00
  Uang Masuk BCA: Rp 1,368,470.80  Admin Bank: Rp 10,703.20
  [ERROR] Penjualan tidak balance: selisih Rp 33,011.00 (Kredit > Debit) — perbaiki data di template CSV.
  [SKIP] Penjualan dilewati karena error balance.

  ────────────────────────────────────────────────────────────
  Jurnal  : BREW - UANG MASUK STRADA MKG 26/03/2025
  Tanggal : 27/03/2025
  Akun            Tipe                Jumlah
  ────────────────────────────────────────────────────────────
  1000.02.04      DEBIT      Rp 1,368,470.80
  6000.01.08      DEBIT         Rp 10,703.20
  1100.10         CREDIT     Rp 1,379,174.00 (cust: C.00045)
  ────────────────────────────────────────────────────────────
  Total D=Rp 1,379,174.00  K=Rp 1,379,174.00
  [OK] Journal posted: BREW - UANG MASUK STRADA MKG 26/03/2025

─────────────────────────────────────────────────────────────────
  Tanggal: 27/03/2025  (Uang Masuk: 28/03/2025)
  Piutang  : Rp 945,460.00
  Penjualan: Rp 953,000.00  Service: Rp 42,649.00
  Pajak    : Rp 96,565.00  Pembulatan: Rp 0.00
  Uang Masuk BCA: Rp 938,268.05  Admin Bank: Rp 7,191.95
  [ERROR] Penjualan tidak balance: selisih Rp 146,754.00 (Kredit > Debit) — perbaiki data di template CSV.
  [SKIP] Penjualan dilewati karena error balance.

  ────────────────────────────────────────────────────────────
  Jurnal  : BREW - UANG MASUK STRADA MKG 27/03/2025
  Tanggal : 28/03/2025
  Akun            Tipe                Jumlah
  ────────────────────────────────────────────────────────────
  1000.02.04      DEBIT        Rp 938,268.05
  6000.01.08      DEBIT          Rp 7,191.95
  1100.10         CREDIT       Rp 945,460.00 (cust: C.00045)
  ────────────────────────────────────────────────────────────
  Total D=Rp 945,460.00  K=Rp 945,460.00
  [OK] Journal posted: BREW - UANG MASUK STRADA MKG 27/03/2025

─────────────────────────────────────────────────────────────────
  Tanggal: 28/03/2025  (Uang Masuk: 29/03/2025)
  Piutang  : Rp 1,652,320.00
  Penjualan: Rp 1,444,000.00  Service: Rp 67,200.00
  Pajak    : Rp 141,120.00  Pembulatan: Rp 0.00
  Uang Masuk BCA: Rp 1,638,882.66  Admin Bank: Rp 13,437.34
  [OK] Penjualan: Balance.

  ────────────────────────────────────────────────────────────
  Jurnal  : BREW - PENJUALAN STRADA MKG 28/03/2025
  Tanggal : 28/03/2025
  Akun            Tipe                Jumlah
  ────────────────────────────────────────────────────────────
  1100.10         DEBIT      Rp 1,652,320.00 (cust: C.00045)
  4000.01.03      CREDIT     Rp 1,444,000.00
  2002.04.03      CREDIT        Rp 67,200.00
  2002.03.04      CREDIT       Rp 141,120.00
  ────────────────────────────────────────────────────────────
  Total D=Rp 1,652,320.00  K=Rp 1,652,320.00
  [OK] Journal posted: BREW - PENJUALAN STRADA MKG 28/03/2025

  ────────────────────────────────────────────────────────────
  Jurnal  : BREW - UANG MASUK STRADA MKG 28/03/2025
  Tanggal : 29/03/2025
  Akun            Tipe                Jumlah
  ────────────────────────────────────────────────────────────
  1000.02.04      DEBIT      Rp 1,638,882.66
  6000.01.08      DEBIT         Rp 13,437.34
  1100.10         CREDIT     Rp 1,652,320.00 (cust: C.00045)
  ────────────────────────────────────────────────────────────
  Total D=Rp 1,652,320.00  K=Rp 1,652,320.00
  [OK] Journal posted: BREW - UANG MASUK STRADA MKG 28/03/2025

─────────────────────────────────────────────────────────────────
  Tanggal: 29/03/2025  (Uang Masuk: 30/03/2025)
  Piutang  : Rp 3,355,185.00
  Penjualan: Rp 2,917,000.00  Service: Rp 141,350.00
  Pajak    : Rp 296,835.00  Pembulatan: Rp 0.00
  Uang Masuk BCA: Rp 3,329,248.49  Admin Bank: Rp 25,936.51
  [OK] Penjualan: Balance.

  ────────────────────────────────────────────────────────────
  Jurnal  : BREW - PENJUALAN STRADA MKG 29/03/2025
  Tanggal : 29/03/2025
  Akun            Tipe                Jumlah
  ────────────────────────────────────────────────────────────
  1100.10         DEBIT      Rp 3,355,185.00 (cust: C.00045)
  4000.01.03      CREDIT     Rp 2,917,000.00
  2002.04.03      CREDIT       Rp 141,350.00
  2002.03.04      CREDIT       Rp 296,835.00
  ────────────────────────────────────────────────────────────
  Total D=Rp 3,355,185.00  K=Rp 3,355,185.00
  [OK] Journal posted: BREW - PENJUALAN STRADA MKG 29/03/2025

  ────────────────────────────────────────────────────────────
  Jurnal  : BREW - UANG MASUK STRADA MKG 29/03/2025
  Tanggal : 30/03/2025
  Akun            Tipe                Jumlah
  ────────────────────────────────────────────────────────────
  1000.02.04      DEBIT      Rp 3,329,248.49
  6000.01.08      DEBIT         Rp 25,936.51
  1100.10         CREDIT     Rp 3,355,185.00 (cust: C.00045)
  ────────────────────────────────────────────────────────────
  Total D=Rp 3,355,185.00  K=Rp 3,355,185.00
  [OK] Journal posted: BREW - UANG MASUK STRADA MKG 29/03/2025

─────────────────────────────────────────────────────────────────
  Tanggal: 30/03/2025  (Uang Masuk: 31/03/2025)
  Piutang  : Rp 2,537,093.00
  Penjualan: Rp 2,201,450.00  Service: Rp 108,272.00
  Pajak    : Rp 227,372.00  Pembulatan: Rp 0.00
  Uang Masuk BCA: Rp 2,517,518.46  Admin Bank: Rp 19,574.54
  [FIX] Penjualan selisih Rp 1.00 → auto-fix ke 7200.02 (DEBIT Rp 1.00)

  ────────────────────────────────────────────────────────────
  Jurnal  : BREW - PENJUALAN STRADA MKG 30/03/2025
  Tanggal : 30/03/2025
  Akun            Tipe                Jumlah
  ────────────────────────────────────────────────────────────
  1100.10         DEBIT      Rp 2,537,093.00 (cust: C.00045)
  4000.01.03      CREDIT     Rp 2,201,450.00
  2002.04.03      CREDIT       Rp 108,272.00
  2002.03.04      CREDIT       Rp 227,372.00
  7200.02         DEBIT              Rp 1.00
  ────────────────────────────────────────────────────────────
  Total D=Rp 2,537,094.00  K=Rp 2,537,094.00
  [OK] Journal posted: BREW - PENJUALAN STRADA MKG 30/03/2025

  ────────────────────────────────────────────────────────────
  Jurnal  : BREW - UANG MASUK STRADA MKG 30/03/2025
  Tanggal : 31/03/2025
  Akun            Tipe                Jumlah
  ────────────────────────────────────────────────────────────
  1000.02.04      DEBIT      Rp 2,517,518.46
  6000.01.08      DEBIT         Rp 19,574.54
  1100.10         CREDIT     Rp 2,537,093.00 (cust: C.00045)
  ────────────────────────────────────────────────────────────
  Total D=Rp 2,537,093.00  K=Rp 2,537,093.00
  [OK] Journal posted: BREW - UANG MASUK STRADA MKG 30/03/2025

─────────────────────────────────────────────────────────────────
  Tanggal: 31/03/2025  (Uang Masuk: 01/04/2025)
  Piutang  : Rp 1,360,590.00
  Penjualan: Rp 1,178,000.00  Service: Rp 58,900.00
  Pajak    : Rp 123,690.00  Pembulatan: Rp 0.00
  Uang Masuk BCA: Rp 1,351,287.47  Admin Bank: Rp 9,302.53
  [OK] Penjualan: Balance.

  ────────────────────────────────────────────────────────────
  Jurnal  : BREW - PENJUALAN STRADA MKG 31/03/2025
  Tanggal : 31/03/2025
  Akun            Tipe                Jumlah
  ────────────────────────────────────────────────────────────
  1100.10         DEBIT      Rp 1,360,590.00 (cust: C.00045)
  4000.01.03      CREDIT     Rp 1,178,000.00
  2002.04.03      CREDIT        Rp 58,900.00
  2002.03.04      CREDIT       Rp 123,690.00
  ────────────────────────────────────────────────────────────
  Total D=Rp 1,360,590.00  K=Rp 1,360,590.00
  [OK] Journal posted: BREW - PENJUALAN STRADA MKG 31/03/2025

  ────────────────────────────────────────────────────────────
  Jurnal  : BREW - UANG MASUK STRADA MKG 31/03/2025
  Tanggal : 01/04/2025
  Akun            Tipe                Jumlah
  ────────────────────────────────────────────────────────────
  1000.02.04      DEBIT      Rp 1,351,287.47
  6000.01.08      DEBIT          Rp 9,302.53
  1100.10         CREDIT     Rp 1,360,590.00 (cust: C.00045)
  ────────────────────────────────────────────────────────────
  Total D=Rp 1,360,590.00  K=Rp 1,360,590.00
  [OK] Journal posted: BREW - UANG MASUK STRADA MKG 31/03/2025

─────────────────────────────────────────────────────────────────
  Tanggal: 01/04/2025  (Uang Masuk: 02/04/2025)
  Piutang  : Rp 2,478,794.00
  Penjualan: Rp 2,178,350.00  Service: Rp 96,918.00
  Pajak    : Rp 203,527.00  Pembulatan: Rp 0.00
  Uang Masuk BCA: Rp 2,457,078.10  Admin Bank: Rp 21,715.90
  [FIX] Penjualan selisih Rp 1.00 → auto-fix ke 7200.02 (DEBIT Rp 1.00)

  ────────────────────────────────────────────────────────────
  Jurnal  : BREW - PENJUALAN STRADA MKG 01/04/2025
  Tanggal : 01/04/2025
  Akun            Tipe                Jumlah
  ────────────────────────────────────────────────────────────
  1100.10         DEBIT      Rp 2,478,794.00 (cust: C.00045)
  4000.01.03      CREDIT     Rp 2,178,350.00
  2002.04.03      CREDIT        Rp 96,918.00
  2002.03.04      CREDIT       Rp 203,527.00
  7200.02         DEBIT              Rp 1.00
  ────────────────────────────────────────────────────────────
  Total D=Rp 2,478,795.00  K=Rp 2,478,795.00
  [OK] Journal posted: BREW - PENJUALAN STRADA MKG 01/04/2025

  ────────────────────────────────────────────────────────────
  Jurnal  : BREW - UANG MASUK STRADA MKG 01/04/2025
  Tanggal : 02/04/2025
  Akun            Tipe                Jumlah
  ────────────────────────────────────────────────────────────
  1000.02.04      DEBIT      Rp 2,457,078.10
  6000.01.08      DEBIT         Rp 21,715.90
  1100.10         CREDIT     Rp 2,478,794.00 (cust: C.00045)
  ────────────────────────────────────────────────────────────
  Total D=Rp 2,478,794.00  K=Rp 2,478,794.00
  [OK] Journal posted: BREW - UANG MASUK STRADA MKG 01/04/2025

─────────────────────────────────────────────────────────────────
  Tanggal: 02/04/2025  (Uang Masuk: 03/04/2025)
  Piutang  : Rp 1,912,230.00
  Penjualan: Rp 1,676,000.00  Service: Rp 76,200.00
  Pajak    : Rp 160,650.00  Pembulatan: Rp 0.00
  Uang Masuk BCA: Rp 1,896,248.31  Admin Bank: Rp 15,981.69
  [ERROR] Penjualan tidak balance: selisih Rp 620.00 (Kredit > Debit) — perbaiki data di template CSV.
  [SKIP] Penjualan dilewati karena error balance.

  ────────────────────────────────────────────────────────────
  Jurnal  : BREW - UANG MASUK STRADA MKG 02/04/2025
  Tanggal : 03/04/2025
  Akun            Tipe                Jumlah
  ────────────────────────────────────────────────────────────
  1000.02.04      DEBIT      Rp 1,896,248.31
  6000.01.08      DEBIT         Rp 15,981.69
  1100.10         CREDIT     Rp 1,912,230.00 (cust: C.00045)
  ────────────────────────────────────────────────────────────
  Total D=Rp 1,912,230.00  K=Rp 1,912,230.00
  [OK] Journal posted: BREW - UANG MASUK STRADA MKG 02/04/2025

─────────────────────────────────────────────────────────────────
  Tanggal: 03/04/2025  (Uang Masuk: 04/04/2025)
  Piutang  : Rp 1,725,875.00
  Penjualan: Rp 1,538,550.00  Service: Rp 60,428.00
  Pajak    : Rp 131,623.00  Pembulatan: Rp 0.00
  Uang Masuk BCA: Rp 1,709,314.57  Admin Bank: Rp 16,560.43
  [ERROR] Penjualan tidak balance: selisih Rp 4,726.00 (Kredit > Debit) — perbaiki data di template CSV.
  [SKIP] Penjualan dilewati karena error balance.

  ────────────────────────────────────────────────────────────
  Jurnal  : BREW - UANG MASUK STRADA MKG 03/04/2025
  Tanggal : 04/04/2025
  Akun            Tipe                Jumlah
  ────────────────────────────────────────────────────────────
  1000.02.04      DEBIT      Rp 1,709,314.57
  6000.01.08      DEBIT         Rp 16,560.43
  1100.10         CREDIT     Rp 1,725,875.00 (cust: C.00045)
  ────────────────────────────────────────────────────────────
  Total D=Rp 1,725,875.00  K=Rp 1,725,875.00
  [OK] Journal posted: BREW - UANG MASUK STRADA MKG 03/04/2025

─────────────────────────────────────────────────────────────────
  Tanggal: 04/04/2025  (Uang Masuk: 05/04/2025)
  Piutang  : Rp 1,097,815.00
  Penjualan: Rp 978,000.00  Service: Rp 38,650.00
  Pajak    : Rp 81,165.00  Pembulatan: Rp 0.00
  Uang Masuk BCA: Rp 1,088,046.92  Admin Bank: Rp 9,768.08
  [OK] Penjualan: Balance.

  ────────────────────────────────────────────────────────────
  Jurnal  : BREW - PENJUALAN STRADA MKG 04/04/2025
  Tanggal : 04/04/2025
  Akun            Tipe                Jumlah
  ────────────────────────────────────────────────────────────
  1100.10         DEBIT      Rp 1,097,815.00 (cust: C.00045)
  4000.01.03      CREDIT       Rp 978,000.00
  2002.04.03      CREDIT        Rp 38,650.00
  2002.03.04      CREDIT        Rp 81,165.00
  ────────────────────────────────────────────────────────────
  Total D=Rp 1,097,815.00  K=Rp 1,097,815.00
  [OK] Journal posted: BREW - PENJUALAN STRADA MKG 04/04/2025

  ────────────────────────────────────────────────────────────
  Jurnal  : BREW - UANG MASUK STRADA MKG 04/04/2025
  Tanggal : 05/04/2025
  Akun            Tipe                Jumlah
  ────────────────────────────────────────────────────────────
  1000.02.04      DEBIT      Rp 1,088,046.92
  6000.01.08      DEBIT          Rp 9,768.08
  1100.10         CREDIT     Rp 1,097,815.00 (cust: C.00045)
  ────────────────────────────────────────────────────────────
  Total D=Rp 1,097,815.00  K=Rp 1,097,815.00
  [OK] Journal posted: BREW - UANG MASUK STRADA MKG 04/04/2025

─────────────────────────────────────────────────────────────────
  Tanggal: 05/04/2025  (Uang Masuk: 06/04/2025)
  Piutang  : Rp 1,886,390.00
  Penjualan: Rp 1,648,000.00  Service: Rp 76,900.00
  Pajak    : Rp 161,490.00  Pembulatan: Rp 0.00
  Uang Masuk BCA: Rp 1,870,025.46  Admin Bank: Rp 16,364.54
  [OK] Penjualan: Balance.

  ────────────────────────────────────────────────────────────
  Jurnal  : BREW - PENJUALAN STRADA MKG 05/04/2025
  Tanggal : 05/04/2025
  Akun            Tipe                Jumlah
  ────────────────────────────────────────────────────────────
  1100.10         DEBIT      Rp 1,886,390.00 (cust: C.00045)
  4000.01.03      CREDIT     Rp 1,648,000.00
  2002.04.03      CREDIT        Rp 76,900.00
  2002.03.04      CREDIT       Rp 161,490.00
  ────────────────────────────────────────────────────────────
  Total D=Rp 1,886,390.00  K=Rp 1,886,390.00
  [OK] Journal posted: BREW - PENJUALAN STRADA MKG 05/04/2025

  ────────────────────────────────────────────────────────────
  Jurnal  : BREW - UANG MASUK STRADA MKG 05/04/2025
  Tanggal : 06/04/2025
  Akun            Tipe                Jumlah
  ────────────────────────────────────────────────────────────
  1000.02.04      DEBIT      Rp 1,870,025.46
  6000.01.08      DEBIT         Rp 16,364.54
  1100.10         CREDIT     Rp 1,886,390.00 (cust: C.00045)
  ────────────────────────────────────────────────────────────
  Total D=Rp 1,886,390.00  K=Rp 1,886,390.00
  [OK] Journal posted: BREW - UANG MASUK STRADA MKG 05/04/2025

─────────────────────────────────────────────────────────────────
  Tanggal: 06/04/2025  (Uang Masuk: 07/04/2025)
  Piutang  : Rp 2,645,465.00
  Penjualan: Rp 2,335,000.00  Service: Rp 100,150.00
  Pajak    : Rp 210,315.00  Pembulatan: Rp 0.00
  Uang Masuk BCA: Rp 2,625,168.22  Admin Bank: Rp 20,296.78
  [OK] Penjualan: Balance.

  ────────────────────────────────────────────────────────────
  Jurnal  : BREW - PENJUALAN STRADA MKG 06/04/2025
  Tanggal : 06/04/2025
  Akun            Tipe                Jumlah
  ────────────────────────────────────────────────────────────
  1100.10         DEBIT      Rp 2,645,465.00 (cust: C.00045)
  4000.01.03      CREDIT     Rp 2,335,000.00
  2002.04.03      CREDIT       Rp 100,150.00
  2002.03.04      CREDIT       Rp 210,315.00
  ────────────────────────────────────────────────────────────
  Total D=Rp 2,645,465.00  K=Rp 2,645,465.00
  [OK] Journal posted: BREW - PENJUALAN STRADA MKG 06/04/2025

  ────────────────────────────────────────────────────────────
  Jurnal  : BREW - UANG MASUK STRADA MKG 06/04/2025
  Tanggal : 07/04/2025
  Akun            Tipe                Jumlah
  ────────────────────────────────────────────────────────────
  1000.02.04      DEBIT      Rp 2,625,168.22
  6000.01.08      DEBIT         Rp 20,296.78
  1100.10         CREDIT     Rp 2,645,465.00 (cust: C.00045)
  ────────────────────────────────────────────────────────────
  Total D=Rp 2,645,465.00  K=Rp 2,645,465.00
  [OK] Journal posted: BREW - UANG MASUK STRADA MKG 06/04/2025

─────────────────────────────────────────────────────────────────
  Tanggal: 07/04/2025  (Uang Masuk: 08/04/2025)
  Piutang  : Rp 1,416,424.00
  Penjualan: Rp 1,279,350.00  Service: Rp 44,216.00
  Pajak    : Rp 98,894.00  Pembulatan: Rp 0.00
  Uang Masuk BCA: Rp 1,405,459.05  Admin Bank: Rp 10,964.95
  [ERROR] Penjualan tidak balance: selisih Rp 6,036.00 (Kredit > Debit) — perbaiki data di template CSV.
  [SKIP] Penjualan dilewati karena error balance.

  ────────────────────────────────────────────────────────────
  Jurnal  : BREW - UANG MASUK STRADA MKG 07/04/2025
  Tanggal : 08/04/2025
  Akun            Tipe                Jumlah
  ────────────────────────────────────────────────────────────
  1000.02.04      DEBIT      Rp 1,405,459.05
  6000.01.08      DEBIT         Rp 10,964.95
  1100.10         CREDIT     Rp 1,416,424.00 (cust: C.00045)
  ────────────────────────────────────────────────────────────
  Total D=Rp 1,416,424.00  K=Rp 1,416,424.00
  [OK] Journal posted: BREW - UANG MASUK STRADA MKG 07/04/2025

─────────────────────────────────────────────────────────────────
  Tanggal: 08/04/2025  (Uang Masuk: 09/04/2025)
  Piutang  : Rp 737,165.00
  Penjualan: Rp 653,000.00  Service: Rp 27,150.00
  Pajak    : Rp 57,015.00  Pembulatan: Rp 0.00
  Uang Masuk BCA: Rp 731,254.11  Admin Bank: Rp 5,910.89
  [OK] Penjualan: Balance.

  ────────────────────────────────────────────────────────────
  Jurnal  : BREW - PENJUALAN STRADA MKG 08/04/2025
  Tanggal : 08/04/2025
  Akun            Tipe                Jumlah
  ────────────────────────────────────────────────────────────
  1100.10         DEBIT        Rp 737,165.00 (cust: C.00045)
  4000.01.03      CREDIT       Rp 653,000.00
  2002.04.03      CREDIT        Rp 27,150.00
  2002.03.04      CREDIT        Rp 57,015.00
  ────────────────────────────────────────────────────────────
  Total D=Rp 737,165.00  K=Rp 737,165.00
  [OK] Journal posted: BREW - PENJUALAN STRADA MKG 08/04/2025

  ────────────────────────────────────────────────────────────
  Jurnal  : BREW - UANG MASUK STRADA MKG 08/04/2025
  Tanggal : 09/04/2025
  Akun            Tipe                Jumlah
  ────────────────────────────────────────────────────────────
  1000.02.04      DEBIT        Rp 731,254.11
  6000.01.08      DEBIT          Rp 5,910.89
  1100.10         CREDIT       Rp 737,165.00 (cust: C.00045)
  ────────────────────────────────────────────────────────────
  Total D=Rp 737,165.00  K=Rp 737,165.00
  [OK] Journal posted: BREW - UANG MASUK STRADA MKG 08/04/2025

─────────────────────────────────────────────────────────────────
  Tanggal: 09/04/2025  (Uang Masuk: 10/04/2025)
  Piutang  : Rp 1,199,204.00
  Penjualan: Rp 1,050,350.00  Service: Rp 48,018.00
  Pajak    : Rp 105,562.00  Pembulatan: Rp 0.00
  Uang Masuk BCA: Rp 1,184,910.35  Admin Bank: Rp 14,293.65
  [ERROR] Penjualan tidak balance: selisih Rp 4,726.00 (Kredit > Debit) — perbaiki data di template CSV.
  [SKIP] Penjualan dilewati karena error balance.

  ────────────────────────────────────────────────────────────
  Jurnal  : BREW - UANG MASUK STRADA MKG 09/04/2025
  Tanggal : 10/04/2025
  Akun            Tipe                Jumlah
  ────────────────────────────────────────────────────────────
  1000.02.04      DEBIT      Rp 1,184,910.35
  6000.01.08      DEBIT         Rp 14,293.65
  1100.10         CREDIT     Rp 1,199,204.00 (cust: C.00045)
  ────────────────────────────────────────────────────────────
  Total D=Rp 1,199,204.00  K=Rp 1,199,204.00
  [OK] Journal posted: BREW - UANG MASUK STRADA MKG 09/04/2025

─────────────────────────────────────────────────────────────────
  Tanggal: 10/04/2025  (Uang Masuk: 11/04/2025)
  Piutang  : Rp 781,704.00
  Penjualan: Rp 676,800.00  Service: Rp 33,840.00
  Pajak    : Rp 71,064.00  Pembulatan: Rp 0.00
  Uang Masuk BCA: Rp 776,505.25  Admin Bank: Rp 5,198.75
  [OK] Penjualan: Balance.

  ────────────────────────────────────────────────────────────
  Jurnal  : BREW - PENJUALAN STRADA MKG 10/04/2025
  Tanggal : 10/04/2025
  Akun            Tipe                Jumlah
  ────────────────────────────────────────────────────────────
  1100.10         DEBIT        Rp 781,704.00 (cust: C.00045)
  4000.01.03      CREDIT       Rp 676,800.00
  2002.04.03      CREDIT        Rp 33,840.00
  2002.03.04      CREDIT        Rp 71,064.00
  ────────────────────────────────────────────────────────────
  Total D=Rp 781,704.00  K=Rp 781,704.00
  [OK] Journal posted: BREW - PENJUALAN STRADA MKG 10/04/2025

  ────────────────────────────────────────────────────────────
  Jurnal  : BREW - UANG MASUK STRADA MKG 10/04/2025
  Tanggal : 11/04/2025
  Akun            Tipe                Jumlah
  ────────────────────────────────────────────────────────────
  1000.02.04      DEBIT        Rp 776,505.25
  6000.01.08      DEBIT          Rp 5,198.75
  1100.10         CREDIT       Rp 781,704.00 (cust: C.00045)
  ────────────────────────────────────────────────────────────
  Total D=Rp 781,704.00  K=Rp 781,704.00
  [OK] Journal posted: BREW - UANG MASUK STRADA MKG 10/04/2025

─────────────────────────────────────────────────────────────────
  Tanggal: 11/04/2025  (Uang Masuk: 12/04/2025)
  Piutang  : Rp 741,390.00
  Penjualan: Rp 658,000.00  Service: Rp 26,900.00
  Pajak    : Rp 56,490.00  Pembulatan: Rp 0.00
  Uang Masuk BCA: Rp 734,521.26  Admin Bank: Rp 6,868.74
  [OK] Penjualan: Balance.

  ────────────────────────────────────────────────────────────
  Jurnal  : BREW - PENJUALAN STRADA MKG 11/04/2025
  Tanggal : 11/04/2025
  Akun            Tipe                Jumlah
  ────────────────────────────────────────────────────────────
  1100.10         DEBIT        Rp 741,390.00 (cust: C.00045)
  4000.01.03      CREDIT       Rp 658,000.00
  2002.04.03      CREDIT        Rp 26,900.00
  2002.03.04      CREDIT        Rp 56,490.00
  ────────────────────────────────────────────────────────────
  Total D=Rp 741,390.00  K=Rp 741,390.00
  [OK] Journal posted: BREW - PENJUALAN STRADA MKG 11/04/2025

  ────────────────────────────────────────────────────────────
  Jurnal  : BREW - UANG MASUK STRADA MKG 11/04/2025
  Tanggal : 12/04/2025
  Akun            Tipe                Jumlah
  ────────────────────────────────────────────────────────────
  1000.02.04      DEBIT        Rp 734,521.26
  6000.01.08      DEBIT          Rp 6,868.74
  1100.10         CREDIT       Rp 741,390.00 (cust: C.00045)
  ────────────────────────────────────────────────────────────
  Total D=Rp 741,390.00  K=Rp 741,390.00
  [OK] Journal posted: BREW - UANG MASUK STRADA MKG 11/04/2025

─────────────────────────────────────────────────────────────────
  Tanggal: 12/04/2025  (Uang Masuk: 13/04/2025)
  Piutang  : Rp 2,417,390.00
  Penjualan: Rp 2,148,000.00  Service: Rp 86,900.00
  Pajak    : Rp 187,740.00  Pembulatan: Rp 0.00
  Uang Masuk BCA: Rp 1,837,059.94  Admin Bank: Rp 580,330.06
  [ERROR] Penjualan tidak balance: selisih Rp 5,250.00 (Kredit > Debit) — perbaiki data di template CSV.
  [SKIP] Penjualan dilewati karena error balance.

  ────────────────────────────────────────────────────────────
  Jurnal  : BREW - UANG MASUK STRADA MKG 12/04/2025
  Tanggal : 13/04/2025
  Akun            Tipe                Jumlah
  ────────────────────────────────────────────────────────────
  1000.02.04      DEBIT      Rp 1,837,059.94
  6000.01.08      DEBIT        Rp 580,330.06
  1100.10         CREDIT     Rp 2,417,390.00 (cust: C.00045)
  ────────────────────────────────────────────────────────────
  Total D=Rp 2,417,390.00  K=Rp 2,417,390.00
  [OK] Journal posted: BREW - UANG MASUK STRADA MKG 12/04/2025

─────────────────────────────────────────────────────────────────
  Tanggal: 13/04/2025  (Uang Masuk: 14/04/2025)
  Piutang  : Rp 3,224,065.00
  Penjualan: Rp 2,833,000.00  Service: Rp 126,150.00
  Pajak    : Rp 264,915.00  Pembulatan: Rp 0.00
  Uang Masuk BCA: Rp 3,761,654.13  Admin Bank: Rp -537,589.13
  [OK] Penjualan: Balance.

  ────────────────────────────────────────────────────────────
  Jurnal  : BREW - PENJUALAN STRADA MKG 13/04/2025
  Tanggal : 13/04/2025
  Akun            Tipe                Jumlah
  ────────────────────────────────────────────────────────────
  1100.10         DEBIT      Rp 3,224,065.00 (cust: C.00045)
  4000.01.03      CREDIT     Rp 2,833,000.00
  2002.04.03      CREDIT       Rp 126,150.00
  2002.03.04      CREDIT       Rp 264,915.00
  ────────────────────────────────────────────────────────────
  Total D=Rp 3,224,065.00  K=Rp 3,224,065.00
  [OK] Journal posted: BREW - PENJUALAN STRADA MKG 13/04/2025
  [BALANCE ERROR] 'BREW - UANG MASUK STRADA MKG 13/04/2025' tidak balance! D=Rp 3,761,654.13  K=Rp 3,224,065.00  selisih=Rp 537,589.13

─────────────────────────────────────────────────────────────────
  Tanggal: 14/04/2025  (Uang Masuk: 15/04/2025)
  Piutang  : Rp 597,290.00
  Penjualan: Rp 548,000.00  Service: Rp 15,900.00
  Pajak    : Rp 33,390.00  Pembulatan: Rp 0.00
  Uang Masuk BCA: Rp 593,108.98  Admin Bank: Rp 4,181.02
  [OK] Penjualan: Balance.

  ────────────────────────────────────────────────────────────
  Jurnal  : BREW - PENJUALAN STRADA MKG 14/04/2025
  Tanggal : 14/04/2025
  Akun            Tipe                Jumlah
  ────────────────────────────────────────────────────────────
  1100.10         DEBIT        Rp 597,290.00 (cust: C.00045)
  4000.01.03      CREDIT       Rp 548,000.00
  2002.04.03      CREDIT        Rp 15,900.00
  2002.03.04      CREDIT        Rp 33,390.00
  ────────────────────────────────────────────────────────────
  Total D=Rp 597,290.00  K=Rp 597,290.00
  [OK] Journal posted: BREW - PENJUALAN STRADA MKG 14/04/2025

  ────────────────────────────────────────────────────────────
  Jurnal  : BREW - UANG MASUK STRADA MKG 14/04/2025
  Tanggal : 15/04/2025
  Akun            Tipe                Jumlah
  ────────────────────────────────────────────────────────────
  1000.02.04      DEBIT        Rp 593,108.98
  6000.01.08      DEBIT          Rp 4,181.02
  1100.10         CREDIT       Rp 597,290.00 (cust: C.00045)
  ────────────────────────────────────────────────────────────
  Total D=Rp 597,290.00  K=Rp 597,290.00
  [OK] Journal posted: BREW - UANG MASUK STRADA MKG 14/04/2025

─────────────────────────────────────────────────────────────────
  Tanggal: 15/04/2025  (Uang Masuk: 16/04/2025)
  Piutang  : Rp 922,845.00
  Penjualan: Rp 799,000.00  Service: Rp 39,950.00
  Pajak    : Rp 83,895.00  Pembulatan: Rp 0.00
  Uang Masuk BCA: Rp 913,784.69  Admin Bank: Rp 9,060.31
  [OK] Penjualan: Balance.

  ────────────────────────────────────────────────────────────
  Jurnal  : BREW - PENJUALAN STRADA MKG 15/04/2025
  Tanggal : 15/04/2025
  Akun            Tipe                Jumlah
  ────────────────────────────────────────────────────────────
  1100.10         DEBIT        Rp 922,845.00 (cust: C.00045)
  4000.01.03      CREDIT       Rp 799,000.00
  2002.04.03      CREDIT        Rp 39,950.00
  2002.03.04      CREDIT        Rp 83,895.00
  ────────────────────────────────────────────────────────────
  Total D=Rp 922,845.00  K=Rp 922,845.00
  [OK] Journal posted: BREW - PENJUALAN STRADA MKG 15/04/2025

  ────────────────────────────────────────────────────────────
  Jurnal  : BREW - UANG MASUK STRADA MKG 15/04/2025
  Tanggal : 16/04/2025
  Akun            Tipe                Jumlah
  ────────────────────────────────────────────────────────────
  1000.02.04      DEBIT        Rp 913,784.69
  6000.01.08      DEBIT          Rp 9,060.31
  1100.10         CREDIT       Rp 922,845.00 (cust: C.00045)
  ────────────────────────────────────────────────────────────
  Total D=Rp 922,845.00  K=Rp 922,845.00
  [OK] Journal posted: BREW - UANG MASUK STRADA MKG 15/04/2025

─────────────────────────────────────────────────────────────────
  Tanggal: 16/04/2025  (Uang Masuk: 17/04/2025)
  Piutang  : Rp 1,096,095.00
  Penjualan: Rp 949,000.00  Service: Rp 47,450.00
  Pajak    : Rp 99,645.00  Pembulatan: Rp 0.00
  Uang Masuk BCA: Rp 1,088,513.88  Admin Bank: Rp 7,581.12
  [OK] Penjualan: Balance.

  ────────────────────────────────────────────────────────────
  Jurnal  : BREW - PENJUALAN STRADA MKG 16/04/2025
  Tanggal : 16/04/2025
  Akun            Tipe                Jumlah
  ────────────────────────────────────────────────────────────
  1100.10         DEBIT      Rp 1,096,095.00 (cust: C.00045)
  4000.01.03      CREDIT       Rp 949,000.00
  2002.04.03      CREDIT        Rp 47,450.00
  2002.03.04      CREDIT        Rp 99,645.00
  ────────────────────────────────────────────────────────────
  Total D=Rp 1,096,095.00  K=Rp 1,096,095.00
  [OK] Journal posted: BREW - PENJUALAN STRADA MKG 16/04/2025

  ────────────────────────────────────────────────────────────
  Jurnal  : BREW - UANG MASUK STRADA MKG 16/04/2025
  Tanggal : 17/04/2025
  Akun            Tipe                Jumlah
  ────────────────────────────────────────────────────────────
  1000.02.04      DEBIT      Rp 1,088,513.88
  6000.01.08      DEBIT          Rp 7,581.12
  1100.10         CREDIT     Rp 1,096,095.00 (cust: C.00045)
  ────────────────────────────────────────────────────────────
  Total D=Rp 1,096,095.00  K=Rp 1,096,095.00
  [OK] Journal posted: BREW - UANG MASUK STRADA MKG 16/04/2025

─────────────────────────────────────────────────────────────────
  Tanggal: 17/04/2025  (Uang Masuk: 18/04/2025)
  Piutang  : Rp 1,152,420.00
  Penjualan: Rp 1,034,000.00  Service: Rp 38,200.00
  Pajak    : Rp 80,220.00  Pembulatan: Rp 0.00
  Uang Masuk BCA: Rp 1,139,540.16  Admin Bank: Rp 12,879.84
  [OK] Penjualan: Balance.

  ────────────────────────────────────────────────────────────
  Jurnal  : BREW - PENJUALAN STRADA MKG 17/04/2025
  Tanggal : 17/04/2025
  Akun            Tipe                Jumlah
  ────────────────────────────────────────────────────────────
  1100.10         DEBIT      Rp 1,152,420.00 (cust: C.00045)
  4000.01.03      CREDIT     Rp 1,034,000.00
  2002.04.03      CREDIT        Rp 38,200.00
  2002.03.04      CREDIT        Rp 80,220.00
  ────────────────────────────────────────────────────────────
  Total D=Rp 1,152,420.00  K=Rp 1,152,420.00
  [OK] Journal posted: BREW - PENJUALAN STRADA MKG 17/04/2025

  ────────────────────────────────────────────────────────────
  Jurnal  : BREW - UANG MASUK STRADA MKG 17/04/2025
  Tanggal : 18/04/2025
  Akun            Tipe                Jumlah
  ────────────────────────────────────────────────────────────
  1000.02.04      DEBIT      Rp 1,139,540.16
  6000.01.08      DEBIT         Rp 12,879.84
  1100.10         CREDIT     Rp 1,152,420.00 (cust: C.00045)
  ────────────────────────────────────────────────────────────
  Total D=Rp 1,152,420.00  K=Rp 1,152,420.00
  [OK] Journal posted: BREW - UANG MASUK STRADA MKG 17/04/2025

─────────────────────────────────────────────────────────────────
  Tanggal: 18/04/2025  (Uang Masuk: 19/04/2025)
  Piutang  : Rp 2,519,240.00
  Penjualan: Rp 2,208,000.00  Service: Rp 100,400.00
  Pajak    : Rp 210,840.00  Pembulatan: Rp 0.00
  Uang Masuk BCA: Rp 2,497,451.46  Admin Bank: Rp 21,788.54
  [OK] Penjualan: Balance.

  ────────────────────────────────────────────────────────────
  Jurnal  : BREW - PENJUALAN STRADA MKG 18/04/2025
  Tanggal : 18/04/2025
  Akun            Tipe                Jumlah
  ────────────────────────────────────────────────────────────
  1100.10         DEBIT      Rp 2,519,240.00 (cust: C.00045)
  4000.01.03      CREDIT     Rp 2,208,000.00
  2002.04.03      CREDIT       Rp 100,400.00
  2002.03.04      CREDIT       Rp 210,840.00
  ────────────────────────────────────────────────────────────
  Total D=Rp 2,519,240.00  K=Rp 2,519,240.00
  [OK] Journal posted: BREW - PENJUALAN STRADA MKG 18/04/2025

  ────────────────────────────────────────────────────────────
  Jurnal  : BREW - UANG MASUK STRADA MKG 18/04/2025
  Tanggal : 19/04/2025
  Akun            Tipe                Jumlah
  ────────────────────────────────────────────────────────────
  1000.02.04      DEBIT      Rp 2,497,451.46
  6000.01.08      DEBIT         Rp 21,788.54
  1100.10         CREDIT     Rp 2,519,240.00 (cust: C.00045)
  ────────────────────────────────────────────────────────────
  Total D=Rp 2,519,240.00  K=Rp 2,519,240.00
  [OK] Journal posted: BREW - UANG MASUK STRADA MKG 18/04/2025

─────────────────────────────────────────────────────────────────
  Tanggal: 19/04/2025  (Uang Masuk: 20/04/2025)
  Piutang  : Rp 1,699,409.00
  Penjualan: Rp 1,471,350.00  Service: Rp 73,568.00
  Pajak    : Rp 154,492.00  Pembulatan: Rp 0.00
  Uang Masuk BCA: Rp 1,688,463.14  Admin Bank: Rp 10,945.86
  [FIX] Penjualan selisih Rp 1.00 → auto-fix ke 7200.02 (DEBIT Rp 1.00)

  ────────────────────────────────────────────────────────────
  Jurnal  : BREW - PENJUALAN STRADA MKG 19/04/2025
  Tanggal : 19/04/2025
  Akun            Tipe                Jumlah
  ────────────────────────────────────────────────────────────
  1100.10         DEBIT      Rp 1,699,409.00 (cust: C.00045)
  4000.01.03      CREDIT     Rp 1,471,350.00
  2002.04.03      CREDIT        Rp 73,568.00
  2002.03.04      CREDIT       Rp 154,492.00
  7200.02         DEBIT              Rp 1.00
  ────────────────────────────────────────────────────────────
  Total D=Rp 1,699,410.00  K=Rp 1,699,410.00
  [OK] Journal posted: BREW - PENJUALAN STRADA MKG 19/04/2025

  ────────────────────────────────────────────────────────────
  Jurnal  : BREW - UANG MASUK STRADA MKG 19/04/2025
  Tanggal : 20/04/2025
  Akun            Tipe                Jumlah
  ────────────────────────────────────────────────────────────
  1000.02.04      DEBIT      Rp 1,688,463.14
  6000.01.08      DEBIT         Rp 10,945.86
  1100.10         CREDIT     Rp 1,699,409.00 (cust: C.00045)
  ────────────────────────────────────────────────────────────
  Total D=Rp 1,699,409.00  K=Rp 1,699,409.00
  [OK] Journal posted: BREW - UANG MASUK STRADA MKG 19/04/2025

─────────────────────────────────────────────────────────────────
  Tanggal: 20/04/2025  (Uang Masuk: 21/04/2025)
  Piutang  : Rp 4,128,985.00
  Penjualan: Rp 3,697,000.00  Service: Rp 139,350.00
  Pajak    : Rp 297,885.00  Pembulatan: Rp 0.00
  Uang Masuk BCA: Rp 4,100,777.92  Admin Bank: Rp 28,207.08
  [ERROR] Penjualan tidak balance: selisih Rp 5,250.00 (Kredit > Debit) — perbaiki data di template CSV.
  [SKIP] Penjualan dilewati karena error balance.

  ────────────────────────────────────────────────────────────
  Jurnal  : BREW - UANG MASUK STRADA MKG 20/04/2025
  Tanggal : 21/04/2025
  Akun            Tipe                Jumlah
  ────────────────────────────────────────────────────────────
  1000.02.04      DEBIT      Rp 4,100,777.92
  6000.01.08      DEBIT         Rp 28,207.08
  1100.10         CREDIT     Rp 4,128,985.00 (cust: C.00045)
  ────────────────────────────────────────────────────────────
  Total D=Rp 4,128,985.00  K=Rp 4,128,985.00
  [OK] Journal posted: BREW - UANG MASUK STRADA MKG 20/04/2025

─────────────────────────────────────────────────────────────────
  Tanggal: 21/04/2025  (Uang Masuk: 22/04/2025)
  Piutang  : Rp 485,255.00
  Penjualan: Rp 451,000.00  Service: Rp 11,050.00
  Pajak    : Rp 23,205.00  Pembulatan: Rp 0.00
  Uang Masuk BCA: Rp 481,344.23  Admin Bank: Rp 3,910.77
  [OK] Penjualan: Balance.

  ────────────────────────────────────────────────────────────
  Jurnal  : BREW - PENJUALAN STRADA MKG 21/04/2025
  Tanggal : 21/04/2025
  Akun            Tipe                Jumlah
  ────────────────────────────────────────────────────────────
  1100.10         DEBIT        Rp 485,255.00 (cust: C.00045)
  4000.01.03      CREDIT       Rp 451,000.00
  2002.04.03      CREDIT        Rp 11,050.00
  2002.03.04      CREDIT        Rp 23,205.00
  ────────────────────────────────────────────────────────────
  Total D=Rp 485,255.00  K=Rp 485,255.00
  [OK] Journal posted: BREW - PENJUALAN STRADA MKG 21/04/2025

  ────────────────────────────────────────────────────────────
  Jurnal  : BREW - UANG MASUK STRADA MKG 21/04/2025
  Tanggal : 22/04/2025
  Akun            Tipe                Jumlah
  ────────────────────────────────────────────────────────────
  1000.02.04      DEBIT        Rp 481,344.23
  6000.01.08      DEBIT          Rp 3,910.77
  1100.10         CREDIT       Rp 485,255.00 (cust: C.00045)
  ────────────────────────────────────────────────────────────
  Total D=Rp 485,255.00  K=Rp 485,255.00
  [OK] Journal posted: BREW - UANG MASUK STRADA MKG 21/04/2025

─────────────────────────────────────────────────────────────────
  Tanggal: 22/04/2025  (Uang Masuk: 23/04/2025)
  Piutang  : Rp 593,460.00
  Penjualan: Rp 542,000.00  Service: Rp 16,600.00
  Pajak    : Rp 34,860.00  Pembulatan: Rp 0.00
  Uang Masuk BCA: Rp 585,584.40  Admin Bank: Rp 7,875.60
  [OK] Penjualan: Balance.

  ────────────────────────────────────────────────────────────
  Jurnal  : BREW - PENJUALAN STRADA MKG 22/04/2025
  Tanggal : 22/04/2025
  Akun            Tipe                Jumlah
  ────────────────────────────────────────────────────────────
  1100.10         DEBIT        Rp 593,460.00 (cust: C.00045)
  4000.01.03      CREDIT       Rp 542,000.00
  2002.04.03      CREDIT        Rp 16,600.00
  2002.03.04      CREDIT        Rp 34,860.00
  ────────────────────────────────────────────────────────────
  Total D=Rp 593,460.00  K=Rp 593,460.00
  [OK] Journal posted: BREW - PENJUALAN STRADA MKG 22/04/2025

  ────────────────────────────────────────────────────────────
  Jurnal  : BREW - UANG MASUK STRADA MKG 22/04/2025
  Tanggal : 23/04/2025
  Akun            Tipe                Jumlah
  ────────────────────────────────────────────────────────────
  1000.02.04      DEBIT        Rp 585,584.40
  6000.01.08      DEBIT          Rp 7,875.60
  1100.10         CREDIT       Rp 593,460.00 (cust: C.00045)
  ────────────────────────────────────────────────────────────
  Total D=Rp 593,460.00  K=Rp 593,460.00
  [OK] Journal posted: BREW - UANG MASUK STRADA MKG 22/04/2025

─────────────────────────────────────────────────────────────────
  Tanggal: 23/04/2025  (Uang Masuk: 24/04/2025)
  Piutang  : Rp 660,845.00
  Penjualan: Rp 599,000.00  Service: Rp 19,950.00
  Pajak    : Rp 41,895.00  Pembulatan: Rp 0.00
  Uang Masuk BCA: Rp 657,394.74  Admin Bank: Rp 3,450.26
  [OK] Penjualan: Balance.

  ────────────────────────────────────────────────────────────
  Jurnal  : BREW - PENJUALAN STRADA MKG 23/04/2025
  Tanggal : 23/04/2025
  Akun            Tipe                Jumlah
  ────────────────────────────────────────────────────────────
  1100.10         DEBIT        Rp 660,845.00 (cust: C.00045)
  4000.01.03      CREDIT       Rp 599,000.00
  2002.04.03      CREDIT        Rp 19,950.00
  2002.03.04      CREDIT        Rp 41,895.00
  ────────────────────────────────────────────────────────────
  Total D=Rp 660,845.00  K=Rp 660,845.00
  [OK] Journal posted: BREW - PENJUALAN STRADA MKG 23/04/2025

  ────────────────────────────────────────────────────────────
  Jurnal  : BREW - UANG MASUK STRADA MKG 23/04/2025
  Tanggal : 24/04/2025
  Akun            Tipe                Jumlah
  ────────────────────────────────────────────────────────────
  1000.02.04      DEBIT        Rp 657,394.74
  6000.01.08      DEBIT          Rp 3,450.26
  1100.10         CREDIT       Rp 660,845.00 (cust: C.00045)
  ────────────────────────────────────────────────────────────
  Total D=Rp 660,845.00  K=Rp 660,845.00
  [OK] Journal posted: BREW - UANG MASUK STRADA MKG 23/04/2025

─────────────────────────────────────────────────────────────────
  Tanggal: 24/04/2025  (Uang Masuk: 25/04/2025)
  Piutang  : Rp 878,745.00
  Penjualan: Rp 789,000.00  Service: Rp 28,950.00
  Pajak    : Rp 60,795.00  Pembulatan: Rp 0.00
  Uang Masuk BCA: Rp 870,725.93  Admin Bank: Rp 8,019.07
  [OK] Penjualan: Balance.

  ────────────────────────────────────────────────────────────
  Jurnal  : BREW - PENJUALAN STRADA MKG 24/04/2025
  Tanggal : 24/04/2025
  Akun            Tipe                Jumlah
  ────────────────────────────────────────────────────────────
  1100.10         DEBIT        Rp 878,745.00 (cust: C.00045)
  4000.01.03      CREDIT       Rp 789,000.00
  2002.04.03      CREDIT        Rp 28,950.00
  2002.03.04      CREDIT        Rp 60,795.00
  ────────────────────────────────────────────────────────────
  Total D=Rp 878,745.00  K=Rp 878,745.00
  [OK] Journal posted: BREW - PENJUALAN STRADA MKG 24/04/2025

  ────────────────────────────────────────────────────────────
  Jurnal  : BREW - UANG MASUK STRADA MKG 24/04/2025
  Tanggal : 25/04/2025
  Akun            Tipe                Jumlah
  ────────────────────────────────────────────────────────────
  1000.02.04      DEBIT        Rp 870,725.93
  6000.01.08      DEBIT          Rp 8,019.07
  1100.10         CREDIT       Rp 878,745.00 (cust: C.00045)
  ────────────────────────────────────────────────────────────
  Total D=Rp 878,745.00  K=Rp 878,745.00
  [OK] Journal posted: BREW - UANG MASUK STRADA MKG 24/04/2025

─────────────────────────────────────────────────────────────────
  Tanggal: 25/04/2025  (Uang Masuk: 26/04/2025)
  Piutang  : Rp 1,157,889.00
  Penjualan: Rp 1,002,500.00  Service: Rp 50,126.00
  Pajak    : Rp 105,263.00  Pembulatan: Rp 0.00
  Uang Masuk BCA: Rp 1,149,826.12  Admin Bank: Rp 8,062.88
  [OK] Penjualan: Balance.

  ────────────────────────────────────────────────────────────
  Jurnal  : BREW - PENJUALAN STRADA MKG 25/04/2025
  Tanggal : 25/04/2025
  Akun            Tipe                Jumlah
  ────────────────────────────────────────────────────────────
  1100.10         DEBIT      Rp 1,157,889.00 (cust: C.00045)
  4000.01.03      CREDIT     Rp 1,002,500.00
  2002.04.03      CREDIT        Rp 50,126.00
  2002.03.04      CREDIT       Rp 105,263.00
  ────────────────────────────────────────────────────────────
  Total D=Rp 1,157,889.00  K=Rp 1,157,889.00
  [OK] Journal posted: BREW - PENJUALAN STRADA MKG 25/04/2025

  ────────────────────────────────────────────────────────────
  Jurnal  : BREW - UANG MASUK STRADA MKG 25/04/2025
  Tanggal : 26/04/2025
  Akun            Tipe                Jumlah
  ────────────────────────────────────────────────────────────
  1000.02.04      DEBIT      Rp 1,149,826.12
  6000.01.08      DEBIT          Rp 8,062.88
  1100.10         CREDIT     Rp 1,157,889.00 (cust: C.00045)
  ────────────────────────────────────────────────────────────
  Total D=Rp 1,157,889.00  K=Rp 1,157,889.00
  [OK] Journal posted: BREW - UANG MASUK STRADA MKG 25/04/2025

─────────────────────────────────────────────────────────────────
  Tanggal: 26/04/2025  (Uang Masuk: 27/04/2025)
  Piutang  : Rp 3,069,785.00
  Penjualan: Rp 2,737,000.00  Service: Rp 107,350.00
  Pajak    : Rp 225,435.00  Pembulatan: Rp 0.00
  Uang Masuk BCA: Rp 3,044,109.20  Admin Bank: Rp 25,675.80
  [OK] Penjualan: Balance.

  ────────────────────────────────────────────────────────────
  Jurnal  : BREW - PENJUALAN STRADA MKG 26/04/2025
  Tanggal : 26/04/2025
  Akun            Tipe                Jumlah
  ────────────────────────────────────────────────────────────
  1100.10         DEBIT      Rp 3,069,785.00 (cust: C.00045)
  4000.01.03      CREDIT     Rp 2,737,000.00
  2002.04.03      CREDIT       Rp 107,350.00
  2002.03.04      CREDIT       Rp 225,435.00
  ────────────────────────────────────────────────────────────
  Total D=Rp 3,069,785.00  K=Rp 3,069,785.00
  [OK] Journal posted: BREW - PENJUALAN STRADA MKG 26/04/2025

  ────────────────────────────────────────────────────────────
  Jurnal  : BREW - UANG MASUK STRADA MKG 26/04/2025
  Tanggal : 27/04/2025
  Akun            Tipe                Jumlah
  ────────────────────────────────────────────────────────────
  1000.02.04      DEBIT      Rp 3,044,109.20
  6000.01.08      DEBIT         Rp 25,675.80
  1100.10         CREDIT     Rp 3,069,785.00 (cust: C.00045)
  ────────────────────────────────────────────────────────────
  Total D=Rp 3,069,785.00  K=Rp 3,069,785.00
  [OK] Journal posted: BREW - UANG MASUK STRADA MKG 26/04/2025

─────────────────────────────────────────────────────────────────
  Tanggal: 27/04/2025  (Uang Masuk: 28/04/2025)
  Piutang  : Rp 3,923,990.00
  Penjualan: Rp 3,543,000.00  Service: Rp 122,898.00
  Pajak    : Rp 285,302.00  Pembulatan: Rp 0.00
  Uang Masuk BCA: Rp 3,893,532.79  Admin Bank: Rp 30,457.21
  [ERROR] Penjualan tidak balance: selisih Rp 27,210.00 (Kredit > Debit) — perbaiki data di template CSV.
  [SKIP] Penjualan dilewati karena error balance.

  ────────────────────────────────────────────────────────────
  Jurnal  : BREW - UANG MASUK STRADA MKG 27/04/2025
  Tanggal : 28/04/2025
  Akun            Tipe                Jumlah
  ────────────────────────────────────────────────────────────
  1000.02.04      DEBIT      Rp 3,893,532.79
  6000.01.08      DEBIT         Rp 30,457.21
  1100.10         CREDIT     Rp 3,923,990.00 (cust: C.00045)
  ────────────────────────────────────────────────────────────
  Total D=Rp 3,923,990.00  K=Rp 3,923,990.00
  [OK] Journal posted: BREW - UANG MASUK STRADA MKG 27/04/2025

─────────────────────────────────────────────────────────────────
  Tanggal: 28/04/2025  (Uang Masuk: 29/04/2025)
  Piutang  : Rp 979,440.00
  Penjualan: Rp 848,000.00  Service: Rp 42,400.00
  Pajak    : Rp 89,040.00  Pembulatan: Rp 0.00
  Uang Masuk BCA: Rp 972,535.80  Admin Bank: Rp 6,904.20
  [OK] Penjualan: Balance.

  ────────────────────────────────────────────────────────────
  Jurnal  : BREW - PENJUALAN STRADA MKG 28/04/2025
  Tanggal : 28/04/2025
  Akun            Tipe                Jumlah
  ────────────────────────────────────────────────────────────
  1100.10         DEBIT        Rp 979,440.00 (cust: C.00045)
  4000.01.03      CREDIT       Rp 848,000.00
  2002.04.03      CREDIT        Rp 42,400.00
  2002.03.04      CREDIT        Rp 89,040.00
  ────────────────────────────────────────────────────────────
  Total D=Rp 979,440.00  K=Rp 979,440.00
  [OK] Journal posted: BREW - PENJUALAN STRADA MKG 28/04/2025

  ────────────────────────────────────────────────────────────
  Jurnal  : BREW - UANG MASUK STRADA MKG 28/04/2025
  Tanggal : 29/04/2025
  Akun            Tipe                Jumlah
  ────────────────────────────────────────────────────────────
  1000.02.04      DEBIT        Rp 972,535.80
  6000.01.08      DEBIT          Rp 6,904.20
  1100.10         CREDIT       Rp 979,440.00 (cust: C.00045)
  ────────────────────────────────────────────────────────────
  Total D=Rp 979,440.00  K=Rp 979,440.00
  [OK] Journal posted: BREW - UANG MASUK STRADA MKG 28/04/2025

─────────────────────────────────────────────────────────────────
  Tanggal: 29/04/2025  (Uang Masuk: 30/04/2025)
  Piutang  : Rp 1,103,180.00
  Penjualan: Rp 986,000.00  Service: Rp 37,800.00
  Pajak    : Rp 86,730.00  Pembulatan: Rp 0.00
  Uang Masuk BCA: Rp 1,094,978.80  Admin Bank: Rp 8,201.20
  [ERROR] Penjualan tidak balance: selisih Rp 7,350.00 (Kredit > Debit) — perbaiki data di template CSV.
  [SKIP] Penjualan dilewati karena error balance.

  ────────────────────────────────────────────────────────────
  Jurnal  : BREW - UANG MASUK STRADA MKG 29/04/2025
  Tanggal : 30/04/2025
  Akun            Tipe                Jumlah
  ────────────────────────────────────────────────────────────
  1000.02.04      DEBIT      Rp 1,094,978.80
  6000.01.08      DEBIT          Rp 8,201.20
  1100.10         CREDIT     Rp 1,103,180.00 (cust: C.00045)
  ────────────────────────────────────────────────────────────
  Total D=Rp 1,103,180.00  K=Rp 1,103,180.00
  [OK] Journal posted: BREW - UANG MASUK STRADA MKG 29/04/2025

─────────────────────────────────────────────────────────────────
  Tanggal: 30/04/2025  (Uang Masuk: 01/05/2025)
  Piutang  : Rp 921,525.00
  Penjualan: Rp 820,000.00  Service: Rp 32,750.00
  Pajak    : Rp 68,775.00  Pembulatan: Rp 0.00
  Uang Masuk BCA: Rp 916,540.85  Admin Bank: Rp 4,984.15
  [OK] Penjualan: Balance.

  ────────────────────────────────────────────────────────────
  Jurnal  : BREW - PENJUALAN STRADA MKG 30/04/2025
  Tanggal : 30/04/2025
  Akun            Tipe                Jumlah
  ────────────────────────────────────────────────────────────
  1100.10         DEBIT        Rp 921,525.00 (cust: C.00045)
  4000.01.03      CREDIT       Rp 820,000.00
  2002.04.03      CREDIT        Rp 32,750.00
  2002.03.04      CREDIT        Rp 68,775.00
  ────────────────────────────────────────────────────────────
  Total D=Rp 921,525.00  K=Rp 921,525.00
  [OK] Journal posted: BREW - PENJUALAN STRADA MKG 30/04/2025

  ────────────────────────────────────────────────────────────
  Jurnal  : BREW - UANG MASUK STRADA MKG 30/04/2025
  Tanggal : 01/05/2025
  Akun            Tipe                Jumlah
  ────────────────────────────────────────────────────────────
  1000.02.04      DEBIT        Rp 916,540.85
  6000.01.08      DEBIT          Rp 4,984.15
  1100.10         CREDIT       Rp 921,525.00 (cust: C.00045)
  ────────────────────────────────────────────────────────────
  Total D=Rp 921,525.00  K=Rp 921,525.00
  [OK] Journal posted: BREW - UANG MASUK STRADA MKG 30/04/2025

─────────────────────────────────────────────────────────────────
  Tanggal: 01/05/2025  (Uang Masuk: 02/05/2025)
  Piutang  : Rp 2,620,520.00
  Penjualan: Rp 2,344,000.00  Service: Rp 89,200.00
  Pajak    : Rp 187,320.00  Pembulatan: Rp 0.00
  Uang Masuk BCA: Rp 2,602,719.73  Admin Bank: Rp 17,800.27
  [OK] Penjualan: Balance.

  ────────────────────────────────────────────────────────────
  Jurnal  : BREW - PENJUALAN STRADA MKG 01/05/2025
  Tanggal : 01/05/2025
  Akun            Tipe                Jumlah
  ────────────────────────────────────────────────────────────
  1100.10         DEBIT      Rp 2,620,520.00 (cust: C.00045)
  4000.01.03      CREDIT     Rp 2,344,000.00
  2002.04.03      CREDIT        Rp 89,200.00
  2002.03.04      CREDIT       Rp 187,320.00
  ────────────────────────────────────────────────────────────
  Total D=Rp 2,620,520.00  K=Rp 2,620,520.00
  [OK] Journal posted: BREW - PENJUALAN STRADA MKG 01/05/2025

  ────────────────────────────────────────────────────────────
  Jurnal  : BREW - UANG MASUK STRADA MKG 01/05/2025
  Tanggal : 02/05/2025
  Akun            Tipe                Jumlah
  ────────────────────────────────────────────────────────────
  1000.02.04      DEBIT      Rp 2,602,719.73
  6000.01.08      DEBIT         Rp 17,800.27
  1100.10         CREDIT     Rp 2,620,520.00 (cust: C.00045)
  ────────────────────────────────────────────────────────────
  Total D=Rp 2,620,520.00  K=Rp 2,620,520.00
  [OK] Journal posted: BREW - UANG MASUK STRADA MKG 01/05/2025

─────────────────────────────────────────────────────────────────
  Tanggal: 02/05/2025  (Uang Masuk: 03/05/2025)
  Piutang  : Rp 1,475,765.00
  Penjualan: Rp 1,326,700.00  Service: Rp 48,085.00
  Pajak    : Rp 100,978.00  Pembulatan: Rp 0.00
  Uang Masuk BCA: Rp 1,463,043.38  Admin Bank: Rp 12,721.62
  [FIX] Penjualan selisih Rp 2.00 → auto-fix ke 7200.02 (CREDIT Rp 2.00)

  ────────────────────────────────────────────────────────────
  Jurnal  : BREW - PENJUALAN STRADA MKG 02/05/2025
  Tanggal : 02/05/2025
  Akun            Tipe                Jumlah
  ────────────────────────────────────────────────────────────
  1100.10         DEBIT      Rp 1,475,765.00 (cust: C.00045)
  4000.01.03      CREDIT     Rp 1,326,700.00
  2002.04.03      CREDIT        Rp 48,085.00
  2002.03.04      CREDIT       Rp 100,978.00
  7200.02         CREDIT             Rp 2.00
  ────────────────────────────────────────────────────────────
  Total D=Rp 1,475,765.00  K=Rp 1,475,765.00
  [OK] Journal posted: BREW - PENJUALAN STRADA MKG 02/05/2025

  ────────────────────────────────────────────────────────────
  Jurnal  : BREW - UANG MASUK STRADA MKG 02/05/2025
  Tanggal : 03/05/2025
  Akun            Tipe                Jumlah
  ────────────────────────────────────────────────────────────
  1000.02.04      DEBIT      Rp 1,463,043.38
  6000.01.08      DEBIT         Rp 12,721.62
  1100.10         CREDIT     Rp 1,475,765.00 (cust: C.00045)
  ────────────────────────────────────────────────────────────
  Total D=Rp 1,475,765.00  K=Rp 1,475,765.00
  [OK] Journal posted: BREW - UANG MASUK STRADA MKG 02/05/2025

─────────────────────────────────────────────────────────────────
  Tanggal: 03/05/2025  (Uang Masuk: 04/05/2025)
  Piutang  : Rp 1,616,120.00
  Penjualan: Rp 1,414,000.00  Service: Rp 65,200.00
  Pajak    : Rp 136,920.00  Pembulatan: Rp 0.00
  Uang Masuk BCA: Rp 1,605,712.49  Admin Bank: Rp 10,407.51
  [OK] Penjualan: Balance.

  ────────────────────────────────────────────────────────────
  Jurnal  : BREW - PENJUALAN STRADA MKG 03/05/2025
  Tanggal : 03/05/2025
  Akun            Tipe                Jumlah
  ────────────────────────────────────────────────────────────
  1100.10         DEBIT      Rp 1,616,120.00 (cust: C.00045)
  4000.01.03      CREDIT     Rp 1,414,000.00
  2002.04.03      CREDIT        Rp 65,200.00
  2002.03.04      CREDIT       Rp 136,920.00
  ────────────────────────────────────────────────────────────
  Total D=Rp 1,616,120.00  K=Rp 1,616,120.00
  [OK] Journal posted: BREW - PENJUALAN STRADA MKG 03/05/2025

  ────────────────────────────────────────────────────────────
  Jurnal  : BREW - UANG MASUK STRADA MKG 03/05/2025
  Tanggal : 04/05/2025
  Akun            Tipe                Jumlah
  ────────────────────────────────────────────────────────────
  1000.02.04      DEBIT      Rp 1,605,712.49
  6000.01.08      DEBIT         Rp 10,407.51
  1100.10         CREDIT     Rp 1,616,120.00 (cust: C.00045)
  ────────────────────────────────────────────────────────────
  Total D=Rp 1,616,120.00  K=Rp 1,616,120.00
  [OK] Journal posted: BREW - UANG MASUK STRADA MKG 03/05/2025

─────────────────────────────────────────────────────────────────
  Tanggal: 04/05/2025  (Uang Masuk: 05/05/2025)
  Piutang  : Rp 2,262,865.00
  Penjualan: Rp 2,033,000.00  Service: Rp 74,150.00
  Pajak    : Rp 174,247.00  Pembulatan: Rp 0.00
  Uang Masuk BCA: Rp 2,240,794.90  Admin Bank: Rp 22,070.10
  [ERROR] Penjualan tidak balance: selisih Rp 18,532.00 (Kredit > Debit) — perbaiki data di template CSV.
  [SKIP] Penjualan dilewati karena error balance.

  ────────────────────────────────────────────────────────────
  Jurnal  : BREW - UANG MASUK STRADA MKG 04/05/2025
  Tanggal : 05/05/2025
  Akun            Tipe                Jumlah
  ────────────────────────────────────────────────────────────
  1000.02.04      DEBIT      Rp 2,240,794.90
  6000.01.08      DEBIT         Rp 22,070.10
  1100.10         CREDIT     Rp 2,262,865.00 (cust: C.00045)
  ────────────────────────────────────────────────────────────
  Total D=Rp 2,262,865.00  K=Rp 2,262,865.00
  [OK] Journal posted: BREW - UANG MASUK STRADA MKG 04/05/2025

─────────────────────────────────────────────────────────────────
  Tanggal: 05/05/2025  (Uang Masuk: 06/05/2025)
  Piutang  : Rp 651,420.00
  Penjualan: Rp 564,000.00  Service: Rp 28,200.00
  Pajak    : Rp 59,220.00  Pembulatan: Rp 0.00
  Uang Masuk BCA: Rp 647,133.23  Admin Bank: Rp 4,286.77
  [OK] Penjualan: Balance.

  ────────────────────────────────────────────────────────────
  Jurnal  : BREW - PENJUALAN STRADA MKG 05/05/2025
  Tanggal : 05/05/2025
  Akun            Tipe                Jumlah
  ────────────────────────────────────────────────────────────
  1100.10         DEBIT        Rp 651,420.00 (cust: C.00045)
  4000.01.03      CREDIT       Rp 564,000.00
  2002.04.03      CREDIT        Rp 28,200.00
  2002.03.04      CREDIT        Rp 59,220.00
  ────────────────────────────────────────────────────────────
  Total D=Rp 651,420.00  K=Rp 651,420.00
  [OK] Journal posted: BREW - PENJUALAN STRADA MKG 05/05/2025

  ────────────────────────────────────────────────────────────
  Jurnal  : BREW - UANG MASUK STRADA MKG 05/05/2025
  Tanggal : 06/05/2025
  Akun            Tipe                Jumlah
  ────────────────────────────────────────────────────────────
  1000.02.04      DEBIT        Rp 647,133.23
  6000.01.08      DEBIT          Rp 4,286.77
  1100.10         CREDIT       Rp 651,420.00 (cust: C.00045)
  ────────────────────────────────────────────────────────────
  Total D=Rp 651,420.00  K=Rp 651,420.00
  [OK] Journal posted: BREW - UANG MASUK STRADA MKG 05/05/2025

─────────────────────────────────────────────────────────────────
  Tanggal: 06/05/2025  (Uang Masuk: 07/05/2025)
  Piutang  : Rp 788,990.00
  Penjualan: Rp 718,000.00  Service: Rp 22,901.00
  Pajak    : Rp 48,090.00  Pembulatan: Rp 0.00
  Uang Masuk BCA: Rp 785,443.39  Admin Bank: Rp 3,546.61
  [FIX] Penjualan selisih Rp 1.00 → auto-fix ke 7200.02 (DEBIT Rp 1.00)

  ────────────────────────────────────────────────────────────
  Jurnal  : BREW - PENJUALAN STRADA MKG 06/05/2025
  Tanggal : 06/05/2025
  Akun            Tipe                Jumlah
  ────────────────────────────────────────────────────────────
  1100.10         DEBIT        Rp 788,990.00 (cust: C.00045)
  4000.01.03      CREDIT       Rp 718,000.00
  2002.04.03      CREDIT        Rp 22,901.00
  2002.03.04      CREDIT        Rp 48,090.00
  7200.02         DEBIT              Rp 1.00
  ────────────────────────────────────────────────────────────
  Total D=Rp 788,991.00  K=Rp 788,991.00
  [OK] Journal posted: BREW - PENJUALAN STRADA MKG 06/05/2025

  ────────────────────────────────────────────────────────────
  Jurnal  : BREW - UANG MASUK STRADA MKG 06/05/2025
  Tanggal : 07/05/2025
  Akun            Tipe                Jumlah
  ────────────────────────────────────────────────────────────
  1000.02.04      DEBIT        Rp 785,443.39
  6000.01.08      DEBIT          Rp 3,546.61
  1100.10         CREDIT       Rp 788,990.00 (cust: C.00045)
  ────────────────────────────────────────────────────────────
  Total D=Rp 788,990.00  K=Rp 788,990.00
  [OK] Journal posted: BREW - UANG MASUK STRADA MKG 06/05/2025

─────────────────────────────────────────────────────────────────
  Tanggal: 07/05/2025  (Uang Masuk: 08/05/2025)
  Piutang  : Rp 1,136,686.00
  Penjualan: Rp 1,029,100.00  Service: Rp 34,705.00
  Pajak    : Rp 72,880.00  Pembulatan: Rp 0.00
  Uang Masuk BCA: Rp 1,125,427.91  Admin Bank: Rp 11,258.09
  [FIX] Penjualan selisih Rp 1.00 → auto-fix ke 7200.02 (CREDIT Rp 1.00)

  ────────────────────────────────────────────────────────────
  Jurnal  : BREW - PENJUALAN STRADA MKG 07/05/2025
  Tanggal : 07/05/2025
  Akun            Tipe                Jumlah
  ────────────────────────────────────────────────────────────
  1100.10         DEBIT      Rp 1,136,686.00 (cust: C.00045)
  4000.01.03      CREDIT     Rp 1,029,100.00
  2002.04.03      CREDIT        Rp 34,705.00
  2002.03.04      CREDIT        Rp 72,880.00
  7200.02         CREDIT             Rp 1.00
  ────────────────────────────────────────────────────────────
  Total D=Rp 1,136,686.00  K=Rp 1,136,686.00
  [OK] Journal posted: BREW - PENJUALAN STRADA MKG 07/05/2025

  ────────────────────────────────────────────────────────────
  Jurnal  : BREW - UANG MASUK STRADA MKG 07/05/2025
  Tanggal : 08/05/2025
  Akun            Tipe                Jumlah
  ────────────────────────────────────────────────────────────
  1000.02.04      DEBIT      Rp 1,125,427.91
  6000.01.08      DEBIT         Rp 11,258.09
  1100.10         CREDIT     Rp 1,136,686.00 (cust: C.00045)
  ────────────────────────────────────────────────────────────
  Total D=Rp 1,136,686.00  K=Rp 1,136,686.00
  [OK] Journal posted: BREW - UANG MASUK STRADA MKG 07/05/2025

─────────────────────────────────────────────────────────────────
  Tanggal: 08/05/2025  (Uang Masuk: 09/05/2025)
  Piutang  : Rp 1,175,885.00
  Penjualan: Rp 1,057,000.00  Service: Rp 38,350.00
  Pajak    : Rp 80,535.00  Pembulatan: Rp 0.00
  Uang Masuk BCA: Rp 1,164,474.60  Admin Bank: Rp 11,410.40
  [OK] Penjualan: Balance.

  ────────────────────────────────────────────────────────────
  Jurnal  : BREW - PENJUALAN STRADA MKG 08/05/2025
  Tanggal : 08/05/2025
  Akun            Tipe                Jumlah
  ────────────────────────────────────────────────────────────
  1100.10         DEBIT      Rp 1,175,885.00 (cust: C.00045)
  4000.01.03      CREDIT     Rp 1,057,000.00
  2002.04.03      CREDIT        Rp 38,350.00
  2002.03.04      CREDIT        Rp 80,535.00
  ────────────────────────────────────────────────────────────
  Total D=Rp 1,175,885.00  K=Rp 1,175,885.00
  [OK] Journal posted: BREW - PENJUALAN STRADA MKG 08/05/2025

  ────────────────────────────────────────────────────────────
  Jurnal  : BREW - UANG MASUK STRADA MKG 08/05/2025
  Tanggal : 09/05/2025
  Akun            Tipe                Jumlah
  ────────────────────────────────────────────────────────────
  1000.02.04      DEBIT      Rp 1,164,474.60
  6000.01.08      DEBIT         Rp 11,410.40
  1100.10         CREDIT     Rp 1,175,885.00 (cust: C.00045)
  ────────────────────────────────────────────────────────────
  Total D=Rp 1,175,885.00  K=Rp 1,175,885.00
  [OK] Journal posted: BREW - UANG MASUK STRADA MKG 08/05/2025

─────────────────────────────────────────────────────────────────
  Tanggal: 09/05/2025  (Uang Masuk: 10/05/2025)
  Piutang  : Rp 1,322,866.00
  Penjualan: Rp 1,248,000.00  Service: Rp 24,153.00
  Pajak    : Rp 50,715.00  Pembulatan: Rp 0.00
  Uang Masuk BCA: Rp 1,306,092.87  Admin Bank: Rp 16,773.13
  [FIX] Penjualan selisih Rp 2.00 → auto-fix ke 7200.02 (DEBIT Rp 2.00)

  ────────────────────────────────────────────────────────────
  Jurnal  : BREW - PENJUALAN STRADA MKG 09/05/2025
  Tanggal : 09/05/2025
  Akun            Tipe                Jumlah
  ────────────────────────────────────────────────────────────
  1100.10         DEBIT      Rp 1,322,866.00 (cust: C.00045)
  4000.01.03      CREDIT     Rp 1,248,000.00
  2002.04.03      CREDIT        Rp 24,153.00
  2002.03.04      CREDIT        Rp 50,715.00
  7200.02         DEBIT              Rp 2.00
  ────────────────────────────────────────────────────────────
  Total D=Rp 1,322,868.00  K=Rp 1,322,868.00
  [OK] Journal posted: BREW - PENJUALAN STRADA MKG 09/05/2025

  ────────────────────────────────────────────────────────────
  Jurnal  : BREW - UANG MASUK STRADA MKG 09/05/2025
  Tanggal : 10/05/2025
  Akun            Tipe                Jumlah
  ────────────────────────────────────────────────────────────
  1000.02.04      DEBIT      Rp 1,306,092.87
  6000.01.08      DEBIT         Rp 16,773.13
  1100.10         CREDIT     Rp 1,322,866.00 (cust: C.00045)
  ────────────────────────────────────────────────────────────
  Total D=Rp 1,322,866.00  K=Rp 1,322,866.00
  [OK] Journal posted: BREW - UANG MASUK STRADA MKG 09/05/2025

─────────────────────────────────────────────────────────────────
  Tanggal: 10/05/2025  (Uang Masuk: 11/05/2025)
  Piutang  : Rp 2,404,545.00
  Penjualan: Rp 2,135,000.00  Service: Rp 86,950.00
  Pajak    : Rp 184,107.00  Pembulatan: Rp 0.00
  Uang Masuk BCA: Rp 2,386,731.96  Admin Bank: Rp 17,813.04
  [ERROR] Penjualan tidak balance: selisih Rp 1,512.00 (Kredit > Debit) — perbaiki data di template CSV.
  [SKIP] Penjualan dilewati karena error balance.

  ────────────────────────────────────────────────────────────
  Jurnal  : BREW - UANG MASUK STRADA MKG 10/05/2025
  Tanggal : 11/05/2025
  Akun            Tipe                Jumlah
  ────────────────────────────────────────────────────────────
  1000.02.04      DEBIT      Rp 2,386,731.96
  6000.01.08      DEBIT         Rp 17,813.04
  1100.10         CREDIT     Rp 2,404,545.00 (cust: C.00045)
  ────────────────────────────────────────────────────────────
  Total D=Rp 2,404,545.00  K=Rp 2,404,545.00
  [OK] Journal posted: BREW - UANG MASUK STRADA MKG 10/05/2025

─────────────────────────────────────────────────────────────────
  Tanggal: 11/05/2025  (Uang Masuk: 12/05/2025)
  Piutang  : Rp 3,634,650.00
  Penjualan: Rp 3,320,000.00  Service: Rp 101,500.00
  Pajak    : Rp 213,150.00  Pembulatan: Rp 0.00
  Uang Masuk BCA: Rp 3,604,531.53  Admin Bank: Rp 30,118.47
  [OK] Penjualan: Balance.

  ────────────────────────────────────────────────────────────
  Jurnal  : BREW - PENJUALAN STRADA MKG 11/05/2025
  Tanggal : 11/05/2025
  Akun            Tipe                Jumlah
  ────────────────────────────────────────────────────────────
  1100.10         DEBIT      Rp 3,634,650.00 (cust: C.00045)
  4000.01.03      CREDIT     Rp 3,320,000.00
  2002.04.03      CREDIT       Rp 101,500.00
  2002.03.04      CREDIT       Rp 213,150.00
  ────────────────────────────────────────────────────────────
  Total D=Rp 3,634,650.00  K=Rp 3,634,650.00
  [OK] Journal posted: BREW - PENJUALAN STRADA MKG 11/05/2025

  ────────────────────────────────────────────────────────────
  Jurnal  : BREW - UANG MASUK STRADA MKG 11/05/2025
  Tanggal : 12/05/2025
  Akun            Tipe                Jumlah
  ────────────────────────────────────────────────────────────
  1000.02.04      DEBIT      Rp 3,604,531.53
  6000.01.08      DEBIT         Rp 30,118.47
  1100.10         CREDIT     Rp 3,634,650.00 (cust: C.00045)
  ────────────────────────────────────────────────────────────
  Total D=Rp 3,634,650.00  K=Rp 3,634,650.00
  [OK] Journal posted: BREW - UANG MASUK STRADA MKG 11/05/2025

─────────────────────────────────────────────────────────────────
  Tanggal: 12/05/2025  (Uang Masuk: 13/05/2025)
  Piutang  : Rp 1,642,410.00
  Penjualan: Rp 1,422,000.00  Service: Rp 71,100.00
  Pajak    : Rp 149,310.00  Pembulatan: Rp 0.00
  Uang Masuk BCA: Rp 1,628,505.94  Admin Bank: Rp 13,904.06
  [OK] Penjualan: Balance.

  ────────────────────────────────────────────────────────────
  Jurnal  : BREW - PENJUALAN STRADA MKG 12/05/2025
  Tanggal : 12/05/2025
  Akun            Tipe                Jumlah
  ────────────────────────────────────────────────────────────
  1100.10         DEBIT      Rp 1,642,410.00 (cust: C.00045)
  4000.01.03      CREDIT     Rp 1,422,000.00
  2002.04.03      CREDIT        Rp 71,100.00
  2002.03.04      CREDIT       Rp 149,310.00
  ────────────────────────────────────────────────────────────
  Total D=Rp 1,642,410.00  K=Rp 1,642,410.00
  [OK] Journal posted: BREW - PENJUALAN STRADA MKG 12/05/2025

  ────────────────────────────────────────────────────────────
  Jurnal  : BREW - UANG MASUK STRADA MKG 12/05/2025
  Tanggal : 13/05/2025
  Akun            Tipe                Jumlah
  ────────────────────────────────────────────────────────────
  1000.02.04      DEBIT      Rp 1,628,505.94
  6000.01.08      DEBIT         Rp 13,904.06
  1100.10         CREDIT     Rp 1,642,410.00 (cust: C.00045)
  ────────────────────────────────────────────────────────────
  Total D=Rp 1,642,410.00  K=Rp 1,642,410.00
  [OK] Journal posted: BREW - UANG MASUK STRADA MKG 12/05/2025

─────────────────────────────────────────────────────────────────
  Tanggal: 13/05/2025  (Uang Masuk: 14/05/2025)
  Piutang  : Rp 631,785.00
  Penjualan: Rp 547,000.00  Service: Rp 27,350.00
  Pajak    : Rp 57,435.00  Pembulatan: Rp 0.00
  Uang Masuk BCA: Rp 626,717.17  Admin Bank: Rp 5,067.83
  [OK] Penjualan: Balance.

  ────────────────────────────────────────────────────────────
  Jurnal  : BREW - PENJUALAN STRADA MKG 13/05/2025
  Tanggal : 13/05/2025
  Akun            Tipe                Jumlah
  ────────────────────────────────────────────────────────────
  1100.10         DEBIT        Rp 631,785.00 (cust: C.00045)
  4000.01.03      CREDIT       Rp 547,000.00
  2002.04.03      CREDIT        Rp 27,350.00
  2002.03.04      CREDIT        Rp 57,435.00
  ────────────────────────────────────────────────────────────
  Total D=Rp 631,785.00  K=Rp 631,785.00
  [OK] Journal posted: BREW - PENJUALAN STRADA MKG 13/05/2025

  ────────────────────────────────────────────────────────────
  Jurnal  : BREW - UANG MASUK STRADA MKG 13/05/2025
  Tanggal : 14/05/2025
  Akun            Tipe                Jumlah
  ────────────────────────────────────────────────────────────
  1000.02.04      DEBIT        Rp 626,717.17
  6000.01.08      DEBIT          Rp 5,067.83
  1100.10         CREDIT       Rp 631,785.00 (cust: C.00045)
  ────────────────────────────────────────────────────────────
  Total D=Rp 631,785.00  K=Rp 631,785.00
  [OK] Journal posted: BREW - UANG MASUK STRADA MKG 13/05/2025

─────────────────────────────────────────────────────────────────
  Tanggal: 14/05/2025  (Uang Masuk: 15/05/2025)
  Piutang  : Rp 224,070.00
  Penjualan: Rp 194,000.00  Service: Rp 9,700.00
  Pajak    : Rp 20,370.00  Pembulatan: Rp 0.00
  Uang Masuk BCA: Rp 222,501.52  Admin Bank: Rp 1,568.48
  [OK] Penjualan: Balance.

  ────────────────────────────────────────────────────────────
  Jurnal  : BREW - PENJUALAN STRADA MKG 14/05/2025
  Tanggal : 14/05/2025
  Akun            Tipe                Jumlah
  ────────────────────────────────────────────────────────────
  1100.10         DEBIT        Rp 224,070.00 (cust: C.00045)
  4000.01.03      CREDIT       Rp 194,000.00
  2002.04.03      CREDIT         Rp 9,700.00
  2002.03.04      CREDIT        Rp 20,370.00
  ────────────────────────────────────────────────────────────
  Total D=Rp 224,070.00  K=Rp 224,070.00
  [OK] Journal posted: BREW - PENJUALAN STRADA MKG 14/05/2025

  ────────────────────────────────────────────────────────────
  Jurnal  : BREW - UANG MASUK STRADA MKG 14/05/2025
  Tanggal : 15/05/2025
  Akun            Tipe                Jumlah
  ────────────────────────────────────────────────────────────
  1000.02.04      DEBIT        Rp 222,501.52
  6000.01.08      DEBIT          Rp 1,568.48
  1100.10         CREDIT       Rp 224,070.00 (cust: C.00045)
  ────────────────────────────────────────────────────────────
  Total D=Rp 224,070.00  K=Rp 224,070.00
  [OK] Journal posted: BREW - UANG MASUK STRADA MKG 14/05/2025

─────────────────────────────────────────────────────────────────
  Tanggal: 15/05/2025  (Uang Masuk: 16/05/2025)
  Piutang  : Rp 490,875.00
  Penjualan: Rp 425,000.00  Service: Rp 21,250.00
  Pajak    : Rp 44,625.00  Pembulatan: Rp 0.00
  Uang Masuk BCA: Rp 486,567.81  Admin Bank: Rp 4,307.19
  [OK] Penjualan: Balance.

  ────────────────────────────────────────────────────────────
  Jurnal  : BREW - PENJUALAN STRADA MKG 15/05/2025
  Tanggal : 15/05/2025
  Akun            Tipe                Jumlah
  ────────────────────────────────────────────────────────────
  1100.10         DEBIT        Rp 490,875.00 (cust: C.00045)
  4000.01.03      CREDIT       Rp 425,000.00
  2002.04.03      CREDIT        Rp 21,250.00
  2002.03.04      CREDIT        Rp 44,625.00
  ────────────────────────────────────────────────────────────
  Total D=Rp 490,875.00  K=Rp 490,875.00
  [OK] Journal posted: BREW - PENJUALAN STRADA MKG 15/05/2025

  ────────────────────────────────────────────────────────────
  Jurnal  : BREW - UANG MASUK STRADA MKG 15/05/2025
  Tanggal : 16/05/2025
  Akun            Tipe                Jumlah
  ────────────────────────────────────────────────────────────
  1000.02.04      DEBIT        Rp 486,567.81
  6000.01.08      DEBIT          Rp 4,307.19
  1100.10         CREDIT       Rp 490,875.00 (cust: C.00045)
  ────────────────────────────────────────────────────────────
  Total D=Rp 490,875.00  K=Rp 490,875.00
  [OK] Journal posted: BREW - UANG MASUK STRADA MKG 15/05/2025

─────────────────────────────────────────────────────────────────
  Tanggal: 16/05/2025  (Uang Masuk: 17/05/2025)
  Piutang  : Rp 394,480.00
  Penjualan: Rp 361,000.00  Service: Rp 10,800.00
  Pajak    : Rp 22,680.00  Pembulatan: Rp 0.00
  Uang Masuk BCA: Rp 391,251.17  Admin Bank: Rp 3,228.83
  [OK] Penjualan: Balance.

  ────────────────────────────────────────────────────────────
  Jurnal  : BREW - PENJUALAN STRADA MKG 16/05/2025
  Tanggal : 16/05/2025
  Akun            Tipe                Jumlah
  ────────────────────────────────────────────────────────────
  1100.10         DEBIT        Rp 394,480.00 (cust: C.00045)
  4000.01.03      CREDIT       Rp 361,000.00
  2002.04.03      CREDIT        Rp 10,800.00
  2002.03.04      CREDIT        Rp 22,680.00
  ────────────────────────────────────────────────────────────
  Total D=Rp 394,480.00  K=Rp 394,480.00
  [OK] Journal posted: BREW - PENJUALAN STRADA MKG 16/05/2025

  ────────────────────────────────────────────────────────────
  Jurnal  : BREW - UANG MASUK STRADA MKG 16/05/2025
  Tanggal : 17/05/2025
  Akun            Tipe                Jumlah
  ────────────────────────────────────────────────────────────
  1000.02.04      DEBIT        Rp 391,251.17
  6000.01.08      DEBIT          Rp 3,228.83
  1100.10         CREDIT       Rp 394,480.00 (cust: C.00045)
  ────────────────────────────────────────────────────────────
  Total D=Rp 394,480.00  K=Rp 394,480.00
  [OK] Journal posted: BREW - UANG MASUK STRADA MKG 16/05/2025

─────────────────────────────────────────────────────────────────
  Tanggal: 17/05/2025  (Uang Masuk: 18/05/2025)
  Piutang  : Rp 2,047,755.00
  Penjualan: Rp 1,781,000.00  Service: Rp 86,050.00
  Pajak    : Rp 180,705.00  Pembulatan: Rp 0.00
  Uang Masuk BCA: Rp 2,030,745.14  Admin Bank: Rp 17,009.86
  [OK] Penjualan: Balance.

  ────────────────────────────────────────────────────────────
  Jurnal  : BREW - PENJUALAN STRADA MKG 17/05/2025
  Tanggal : 17/05/2025
  Akun            Tipe                Jumlah
  ────────────────────────────────────────────────────────────
  1100.10         DEBIT      Rp 2,047,755.00 (cust: C.00045)
  4000.01.03      CREDIT     Rp 1,781,000.00
  2002.04.03      CREDIT        Rp 86,050.00
  2002.03.04      CREDIT       Rp 180,705.00
  ────────────────────────────────────────────────────────────
  Total D=Rp 2,047,755.00  K=Rp 2,047,755.00
  [OK] Journal posted: BREW - PENJUALAN STRADA MKG 17/05/2025

  ────────────────────────────────────────────────────────────
  Jurnal  : BREW - UANG MASUK STRADA MKG 17/05/2025
  Tanggal : 18/05/2025
  Akun            Tipe                Jumlah
  ────────────────────────────────────────────────────────────
  1000.02.04      DEBIT      Rp 2,030,745.14
  6000.01.08      DEBIT         Rp 17,009.86
  1100.10         CREDIT     Rp 2,047,755.00 (cust: C.00045)
  ────────────────────────────────────────────────────────────
  Total D=Rp 2,047,755.00  K=Rp 2,047,755.00
  [OK] Journal posted: BREW - UANG MASUK STRADA MKG 17/05/2025

─────────────────────────────────────────────────────────────────
  Tanggal: 18/05/2025  (Uang Masuk: 19/05/2025)
  Piutang  : Rp 2,150,720.00
  Penjualan: Rp 1,899,000.00  Service: Rp 81,200.00
  Pajak    : Rp 170,520.00  Pembulatan: Rp 0.00
  Uang Masuk BCA: Rp 2,130,847.17  Admin Bank: Rp 19,872.83
  [OK] Penjualan: Balance.

  ────────────────────────────────────────────────────────────
  Jurnal  : BREW - PENJUALAN STRADA MKG 18/05/2025
  Tanggal : 18/05/2025
  Akun            Tipe                Jumlah
  ────────────────────────────────────────────────────────────
  1100.10         DEBIT      Rp 2,150,720.00 (cust: C.00045)
  4000.01.03      CREDIT     Rp 1,899,000.00
  2002.04.03      CREDIT        Rp 81,200.00
  2002.03.04      CREDIT       Rp 170,520.00
  ────────────────────────────────────────────────────────────
  Total D=Rp 2,150,720.00  K=Rp 2,150,720.00
  [OK] Journal posted: BREW - PENJUALAN STRADA MKG 18/05/2025

  ────────────────────────────────────────────────────────────
  Jurnal  : BREW - UANG MASUK STRADA MKG 18/05/2025
  Tanggal : 19/05/2025
  Akun            Tipe                Jumlah
  ────────────────────────────────────────────────────────────
  1000.02.04      DEBIT      Rp 2,130,847.17
  6000.01.08      DEBIT         Rp 19,872.83
  1100.10         CREDIT     Rp 2,150,720.00 (cust: C.00045)
  ────────────────────────────────────────────────────────────
  Total D=Rp 2,150,720.00  K=Rp 2,150,720.00
  [OK] Journal posted: BREW - UANG MASUK STRADA MKG 18/05/2025

─────────────────────────────────────────────────────────────────
  Tanggal: 19/05/2025  (Uang Masuk: 20/05/2025)
  Piutang  : Rp 478,748.00
  Penjualan: Rp 414,500.00  Service: Rp 20,725.00
  Pajak    : Rp 43,522.00  Pembulatan: Rp 0.00
  Uang Masuk BCA: Rp 475,815.47  Admin Bank: Rp 2,932.53
  [FIX] Penjualan selisih Rp 1.00 → auto-fix ke 7200.02 (CREDIT Rp 1.00)

  ────────────────────────────────────────────────────────────
  Jurnal  : BREW - PENJUALAN STRADA MKG 19/05/2025
  Tanggal : 19/05/2025
  Akun            Tipe                Jumlah
  ────────────────────────────────────────────────────────────
  1100.10         DEBIT        Rp 478,748.00 (cust: C.00045)
  4000.01.03      CREDIT       Rp 414,500.00
  2002.04.03      CREDIT        Rp 20,725.00
  2002.03.04      CREDIT        Rp 43,522.00
  7200.02         CREDIT             Rp 1.00
  ────────────────────────────────────────────────────────────
  Total D=Rp 478,748.00  K=Rp 478,748.00
  [OK] Journal posted: BREW - PENJUALAN STRADA MKG 19/05/2025

  ────────────────────────────────────────────────────────────
  Jurnal  : BREW - UANG MASUK STRADA MKG 19/05/2025
  Tanggal : 20/05/2025
  Akun            Tipe                Jumlah
  ────────────────────────────────────────────────────────────
  1000.02.04      DEBIT        Rp 475,815.47
  6000.01.08      DEBIT          Rp 2,932.53
  1100.10         CREDIT       Rp 478,748.00 (cust: C.00045)
  ────────────────────────────────────────────────────────────
  Total D=Rp 478,748.00  K=Rp 478,748.00
  [OK] Journal posted: BREW - UANG MASUK STRADA MKG 19/05/2025

─────────────────────────────────────────────────────────────────
  Tanggal: 20/05/2025  (Uang Masuk: 21/05/2025)
  Piutang  : Rp 918,685.00
  Penjualan: Rp 837,000.00  Service: Rp 26,350.00
  Pajak    : Rp 55,335.00  Pembulatan: Rp 0.00
  Uang Masuk BCA: Rp 908,418.57  Admin Bank: Rp 10,266.43
  [OK] Penjualan: Balance.

  ────────────────────────────────────────────────────────────
  Jurnal  : BREW - PENJUALAN STRADA MKG 20/05/2025
  Tanggal : 20/05/2025
  Akun            Tipe                Jumlah
  ────────────────────────────────────────────────────────────
  1100.10         DEBIT        Rp 918,685.00 (cust: C.00045)
  4000.01.03      CREDIT       Rp 837,000.00
  2002.04.03      CREDIT        Rp 26,350.00
  2002.03.04      CREDIT        Rp 55,335.00
  ────────────────────────────────────────────────────────────
  Total D=Rp 918,685.00  K=Rp 918,685.00
  [OK] Journal posted: BREW - PENJUALAN STRADA MKG 20/05/2025

  ────────────────────────────────────────────────────────────
  Jurnal  : BREW - UANG MASUK STRADA MKG 20/05/2025
  Tanggal : 21/05/2025
  Akun            Tipe                Jumlah
  ────────────────────────────────────────────────────────────
  1000.02.04      DEBIT        Rp 908,418.57
  6000.01.08      DEBIT         Rp 10,266.43
  1100.10         CREDIT       Rp 918,685.00 (cust: C.00045)
  ────────────────────────────────────────────────────────────
  Total D=Rp 918,685.00  K=Rp 918,685.00
  [OK] Journal posted: BREW - UANG MASUK STRADA MKG 20/05/2025

─────────────────────────────────────────────────────────────────
  Tanggal: 21/05/2025  (Uang Masuk: 22/05/2025)
  Piutang  : Rp 706,860.00
  Penjualan: Rp 612,000.00  Service: Rp 30,600.00
  Pajak    : Rp 64,260.00  Pembulatan: Rp 0.00
  Uang Masuk BCA: Rp 700,000.01  Admin Bank: Rp 6,859.99
  [OK] Penjualan: Balance.

  ────────────────────────────────────────────────────────────
  Jurnal  : BREW - PENJUALAN STRADA MKG 21/05/2025
  Tanggal : 21/05/2025
  Akun            Tipe                Jumlah
  ────────────────────────────────────────────────────────────
  1100.10         DEBIT        Rp 706,860.00 (cust: C.00045)
  4000.01.03      CREDIT       Rp 612,000.00
  2002.04.03      CREDIT        Rp 30,600.00
  2002.03.04      CREDIT        Rp 64,260.00
  ────────────────────────────────────────────────────────────
  Total D=Rp 706,860.00  K=Rp 706,860.00
  [OK] Journal posted: BREW - PENJUALAN STRADA MKG 21/05/2025

  ────────────────────────────────────────────────────────────
  Jurnal  : BREW - UANG MASUK STRADA MKG 21/05/2025
  Tanggal : 22/05/2025
  Akun            Tipe                Jumlah
  ────────────────────────────────────────────────────────────
  1000.02.04      DEBIT        Rp 700,000.01
  6000.01.08      DEBIT          Rp 6,859.99
  1100.10         CREDIT       Rp 706,860.00 (cust: C.00045)
  ────────────────────────────────────────────────────────────
  Total D=Rp 706,860.00  K=Rp 706,860.00
  [OK] Journal posted: BREW - UANG MASUK STRADA MKG 21/05/2025

─────────────────────────────────────────────────────────────────
  Tanggal: 22/05/2025  (Uang Masuk: 23/05/2025)
  Piutang  : Rp 591,635.00
  Penjualan: Rp 527,000.00  Service: Rp 20,850.00
  Pajak    : Rp 43,785.00  Pembulatan: Rp 0.00
  Uang Masuk BCA: Rp 586,063.57  Admin Bank: Rp 5,571.43
  [OK] Penjualan: Balance.

  ────────────────────────────────────────────────────────────
  Jurnal  : BREW - PENJUALAN STRADA MKG 22/05/2025
  Tanggal : 22/05/2025
  Akun            Tipe                Jumlah
  ────────────────────────────────────────────────────────────
  1100.10         DEBIT        Rp 591,635.00 (cust: C.00045)
  4000.01.03      CREDIT       Rp 527,000.00
  2002.04.03      CREDIT        Rp 20,850.00
  2002.03.04      CREDIT        Rp 43,785.00
  ────────────────────────────────────────────────────────────
  Total D=Rp 591,635.00  K=Rp 591,635.00
  [OK] Journal posted: BREW - PENJUALAN STRADA MKG 22/05/2025

  ────────────────────────────────────────────────────────────
  Jurnal  : BREW - UANG MASUK STRADA MKG 22/05/2025
  Tanggal : 23/05/2025
  Akun            Tipe                Jumlah
  ────────────────────────────────────────────────────────────
  1000.02.04      DEBIT        Rp 586,063.57
  6000.01.08      DEBIT          Rp 5,571.43
  1100.10         CREDIT       Rp 591,635.00 (cust: C.00045)
  ────────────────────────────────────────────────────────────
  Total D=Rp 591,635.00  K=Rp 591,635.00
  [OK] Journal posted: BREW - UANG MASUK STRADA MKG 22/05/2025

─────────────────────────────────────────────────────────────────
  Tanggal: 23/05/2025  (Uang Masuk: 24/05/2025)
  Piutang  : Rp 567,775.00
  Penjualan: Rp 505,000.00  Service: Rp 20,250.00
  Pajak    : Rp 42,525.00  Pembulatan: Rp 0.00
  Uang Masuk BCA: Rp 563,722.93  Admin Bank: Rp 4,052.07
  [OK] Penjualan: Balance.

  ────────────────────────────────────────────────────────────
  Jurnal  : BREW - PENJUALAN STRADA MKG 23/05/2025
  Tanggal : 23/05/2025
  Akun            Tipe                Jumlah
  ────────────────────────────────────────────────────────────
  1100.10         DEBIT        Rp 567,775.00 (cust: C.00045)
  4000.01.03      CREDIT       Rp 505,000.00
  2002.04.03      CREDIT        Rp 20,250.00
  2002.03.04      CREDIT        Rp 42,525.00
  ────────────────────────────────────────────────────────────
  Total D=Rp 567,775.00  K=Rp 567,775.00
  [OK] Journal posted: BREW - PENJUALAN STRADA MKG 23/05/2025

  ────────────────────────────────────────────────────────────
  Jurnal  : BREW - UANG MASUK STRADA MKG 23/05/2025
  Tanggal : 24/05/2025
  Akun            Tipe                Jumlah
  ────────────────────────────────────────────────────────────
  1000.02.04      DEBIT        Rp 563,722.93
  6000.01.08      DEBIT          Rp 4,052.07
  1100.10         CREDIT       Rp 567,775.00 (cust: C.00045)
  ────────────────────────────────────────────────────────────
  Total D=Rp 567,775.00  K=Rp 567,775.00
  [OK] Journal posted: BREW - UANG MASUK STRADA MKG 23/05/2025

─────────────────────────────────────────────────────────────────
  Tanggal: 24/05/2025  (Uang Masuk: 25/05/2025)
  Piutang  : Rp 2,224,855.00
  Penjualan: Rp 1,986,000.00  Service: Rp 77,050.00
  Pajak    : Rp 161,805.00  Pembulatan: Rp 0.00
  Uang Masuk BCA: Rp 2,211,171.96  Admin Bank: Rp 13,683.04
  [OK] Penjualan: Balance.

  ────────────────────────────────────────────────────────────
  Jurnal  : BREW - PENJUALAN STRADA MKG 24/05/2025
  Tanggal : 24/05/2025
  Akun            Tipe                Jumlah
  ────────────────────────────────────────────────────────────
  1100.10         DEBIT      Rp 2,224,855.00 (cust: C.00045)
  4000.01.03      CREDIT     Rp 1,986,000.00
  2002.04.03      CREDIT        Rp 77,050.00
  2002.03.04      CREDIT       Rp 161,805.00
  ────────────────────────────────────────────────────────────
  Total D=Rp 2,224,855.00  K=Rp 2,224,855.00
  [OK] Journal posted: BREW - PENJUALAN STRADA MKG 24/05/2025

  ────────────────────────────────────────────────────────────
  Jurnal  : BREW - UANG MASUK STRADA MKG 24/05/2025
  Tanggal : 25/05/2025
  Akun            Tipe                Jumlah
  ────────────────────────────────────────────────────────────
  1000.02.04      DEBIT      Rp 2,211,171.96
  6000.01.08      DEBIT         Rp 13,683.04
  1100.10         CREDIT     Rp 2,224,855.00 (cust: C.00045)
  ────────────────────────────────────────────────────────────
  Total D=Rp 2,224,855.00  K=Rp 2,224,855.00
  [OK] Journal posted: BREW - UANG MASUK STRADA MKG 24/05/2025

─────────────────────────────────────────────────────────────────
  Tanggal: 25/05/2025  (Uang Masuk: 26/05/2025)
  Piutang  : Rp 2,502,805.00
  Penjualan: Rp 2,281,000.00  Service: Rp 71,550.00
  Pajak    : Rp 157,080.00  Pembulatan: Rp 0.00
  Uang Masuk BCA: Rp 2,477,636.98  Admin Bank: Rp 25,168.02
  [ERROR] Penjualan tidak balance: selisih Rp 6,825.00 (Kredit > Debit) — perbaiki data di template CSV.
  [SKIP] Penjualan dilewati karena error balance.

  ────────────────────────────────────────────────────────────
  Jurnal  : BREW - UANG MASUK STRADA MKG 25/05/2025
  Tanggal : 26/05/2025
  Akun            Tipe                Jumlah
  ────────────────────────────────────────────────────────────
  1000.02.04      DEBIT      Rp 2,477,636.98
  6000.01.08      DEBIT         Rp 25,168.02
  1100.10         CREDIT     Rp 2,502,805.00 (cust: C.00045)
  ────────────────────────────────────────────────────────────
  Total D=Rp 2,502,805.00  K=Rp 2,502,805.00
  [OK] Journal posted: BREW - UANG MASUK STRADA MKG 25/05/2025

─────────────────────────────────────────────────────────────────
  Tanggal: 26/05/2025  (Uang Masuk: 27/05/2025)
  Piutang  : Rp 704,365.00
  Penjualan: Rp 645,000.00  Service: Rp 19,150.00
  Pajak    : Rp 40,845.00  Pembulatan: Rp 0.00
  Uang Masuk BCA: Rp 695,757.43  Admin Bank: Rp 8,607.57
  [ERROR] Penjualan tidak balance: selisih Rp 630.00 (Kredit > Debit) — perbaiki data di template CSV.
  [SKIP] Penjualan dilewati karena error balance.

  ────────────────────────────────────────────────────────────
  Jurnal  : BREW - UANG MASUK STRADA MKG 26/05/2025
  Tanggal : 27/05/2025
  Akun            Tipe                Jumlah
  ────────────────────────────────────────────────────────────
  1000.02.04      DEBIT        Rp 695,757.43
  6000.01.08      DEBIT          Rp 8,607.57
  1100.10         CREDIT       Rp 704,365.00 (cust: C.00045)
  ────────────────────────────────────────────────────────────
  Total D=Rp 704,365.00  K=Rp 704,365.00
  [OK] Journal posted: BREW - UANG MASUK STRADA MKG 26/05/2025

─────────────────────────────────────────────────────────────────
  Tanggal: 27/05/2025  (Uang Masuk: 28/05/2025)
  Piutang  : Rp 1,841,055.00
  Penjualan: Rp 1,782,000.00  Service: Rp 19,050.00
  Pajak    : Rp 45,515.00  Pembulatan: Rp 0.00
  Uang Masuk BCA: Rp 1,816,165.31  Admin Bank: Rp 24,889.69
  [ERROR] Penjualan tidak balance: selisih Rp 5,510.00 (Kredit > Debit) — perbaiki data di template CSV.
  [SKIP] Penjualan dilewati karena error balance.

  ────────────────────────────────────────────────────────────
  Jurnal  : BREW - UANG MASUK STRADA MKG 27/05/2025
  Tanggal : 28/05/2025
  Akun            Tipe                Jumlah
  ────────────────────────────────────────────────────────────
  1000.02.04      DEBIT      Rp 1,816,165.31
  6000.01.08      DEBIT         Rp 24,889.69
  1100.10         CREDIT     Rp 1,841,055.00 (cust: C.00045)
  ────────────────────────────────────────────────────────────
  Total D=Rp 1,841,055.00  K=Rp 1,841,055.00
  [OK] Journal posted: BREW - UANG MASUK STRADA MKG 27/05/2025

─────────────────────────────────────────────────────────────────
  Tanggal: 28/05/2025  (Uang Masuk: 29/05/2025)
  Piutang  : Rp 989,305.00
  Penjualan: Rp 876,000.00  Service: Rp 36,550.00
  Pajak    : Rp 84,367.00  Pembulatan: Rp 0.00
  Uang Masuk BCA: Rp 982,242.73  Admin Bank: Rp 7,062.27
  [ERROR] Penjualan tidak balance: selisih Rp 7,612.00 (Kredit > Debit) — perbaiki data di template CSV.
  [SKIP] Penjualan dilewati karena error balance.

  ────────────────────────────────────────────────────────────
  Jurnal  : BREW - UANG MASUK STRADA MKG 28/05/2025
  Tanggal : 29/05/2025
  Akun            Tipe                Jumlah
  ────────────────────────────────────────────────────────────
  1000.02.04      DEBIT        Rp 982,242.73
  6000.01.08      DEBIT          Rp 7,062.27
  1100.10         CREDIT       Rp 989,305.00 (cust: C.00045)
  ────────────────────────────────────────────────────────────
  Total D=Rp 989,305.00  K=Rp 989,305.00
  [OK] Journal posted: BREW - UANG MASUK STRADA MKG 28/05/2025

─────────────────────────────────────────────────────────────────
  Tanggal: 29/05/2025  (Uang Masuk: 30/05/2025)
  Piutang  : Rp 1,898,115.00
  Penjualan: Rp 1,670,900.00  Service: Rp 73,295.00
  Pajak    : Rp 153,919.00  Pembulatan: Rp 0.00
  Uang Masuk BCA: Rp 1,884,793.83  Admin Bank: Rp 13,321.17
  [FIX] Penjualan selisih Rp 1.00 → auto-fix ke 7200.02 (CREDIT Rp 1.00)

  ────────────────────────────────────────────────────────────
  Jurnal  : BREW - PENJUALAN STRADA MKG 29/05/2025
  Tanggal : 29/05/2025
  Akun            Tipe                Jumlah
  ────────────────────────────────────────────────────────────
  1100.10         DEBIT      Rp 1,898,115.00 (cust: C.00045)
  4000.01.03      CREDIT     Rp 1,670,900.00
  2002.04.03      CREDIT        Rp 73,295.00
  2002.03.04      CREDIT       Rp 153,919.00
  7200.02         CREDIT             Rp 1.00
  ────────────────────────────────────────────────────────────
  Total D=Rp 1,898,115.00  K=Rp 1,898,115.00
  [OK] Journal posted: BREW - PENJUALAN STRADA MKG 29/05/2025

  ────────────────────────────────────────────────────────────
  Jurnal  : BREW - UANG MASUK STRADA MKG 29/05/2025
  Tanggal : 30/05/2025
  Akun            Tipe                Jumlah
  ────────────────────────────────────────────────────────────
  1000.02.04      DEBIT      Rp 1,884,793.83
  6000.01.08      DEBIT         Rp 13,321.17
  1100.10         CREDIT     Rp 1,898,115.00 (cust: C.00045)
  ────────────────────────────────────────────────────────────
  Total D=Rp 1,898,115.00  K=Rp 1,898,115.00
  [OK] Journal posted: BREW - UANG MASUK STRADA MKG 29/05/2025

─────────────────────────────────────────────────────────────────
  Tanggal: 30/05/2025  (Uang Masuk: 31/05/2025)
  Piutang  : Rp 1,588,060.00
  Penjualan: Rp 1,394,000.00  Service: Rp 62,600.00
  Pajak    : Rp 132,090.00  Pembulatan: Rp 0.00
  Uang Masuk BCA: Rp 1,576,268.79  Admin Bank: Rp 11,791.21
  [ERROR] Penjualan tidak balance: selisih Rp 630.00 (Kredit > Debit) — perbaiki data di template CSV.
  [SKIP] Penjualan dilewati karena error balance.

  ────────────────────────────────────────────────────────────
  Jurnal  : BREW - UANG MASUK STRADA MKG 30/05/2025
  Tanggal : 31/05/2025
  Akun            Tipe                Jumlah
  ────────────────────────────────────────────────────────────
  1000.02.04      DEBIT      Rp 1,576,268.79
  6000.01.08      DEBIT         Rp 11,791.21
  1100.10         CREDIT     Rp 1,588,060.00 (cust: C.00045)
  ────────────────────────────────────────────────────────────
  Total D=Rp 1,588,060.00  K=Rp 1,588,060.00
  [OK] Journal posted: BREW - UANG MASUK STRADA MKG 30/05/2025

─────────────────────────────────────────────────────────────────
  Tanggal: 31/05/2025  (Uang Masuk: 01/06/2025)
  Piutang  : Rp 1,053,684.00
  Penjualan: Rp 925,700.00  Service: Rp 41,285.00
  Pajak    : Rp 86,699.00  Pembulatan: Rp 0.00
  Uang Masuk BCA: Rp 1,046,186.95  Admin Bank: Rp 7,497.05
  [OK] Penjualan: Balance.

  ────────────────────────────────────────────────────────────
  Jurnal  : BREW - PENJUALAN STRADA MKG 31/05/2025
  Tanggal : 31/05/2025
  Akun            Tipe                Jumlah
  ────────────────────────────────────────────────────────────
  1100.10         DEBIT      Rp 1,053,684.00 (cust: C.00045)
  4000.01.03      CREDIT       Rp 925,700.00
  2002.04.03      CREDIT        Rp 41,285.00
  2002.03.04      CREDIT        Rp 86,699.00
  ────────────────────────────────────────────────────────────
  Total D=Rp 1,053,684.00  K=Rp 1,053,684.00
  [OK] Journal posted: BREW - PENJUALAN STRADA MKG 31/05/2025

  ────────────────────────────────────────────────────────────
  Jurnal  : BREW - UANG MASUK STRADA MKG 31/05/2025
  Tanggal : 01/06/2025
  Akun            Tipe                Jumlah
  ────────────────────────────────────────────────────────────
  1000.02.04      DEBIT      Rp 1,046,186.95
  6000.01.08      DEBIT          Rp 7,497.05
  1100.10         CREDIT     Rp 1,053,684.00 (cust: C.00045)
  ────────────────────────────────────────────────────────────
  Total D=Rp 1,053,684.00  K=Rp 1,053,684.00
  [OK] Journal posted: BREW - UANG MASUK STRADA MKG 31/05/2025

─────────────────────────────────────────────────────────────────
  Tanggal: 01/06/2025  (Uang Masuk: 02/06/2025)
  Piutang  : Rp 1,877,080.00
  Penjualan: Rp 1,670,000.00  Service: Rp 66,800.00
  Pajak    : Rp 145,950.00  Pembulatan: Rp 0.00
  Uang Masuk BCA: Rp 1,860,231.94  Admin Bank: Rp 16,848.06
  [ERROR] Penjualan tidak balance: selisih Rp 5,670.00 (Kredit > Debit) — perbaiki data di template CSV.
  [SKIP] Penjualan dilewati karena error balance.

  ────────────────────────────────────────────────────────────
  Jurnal  : BREW - UANG MASUK STRADA MKG 01/06/2025
  Tanggal : 02/06/2025
  Akun            Tipe                Jumlah
  ────────────────────────────────────────────────────────────
  1000.02.04      DEBIT      Rp 1,860,231.94
  6000.01.08      DEBIT         Rp 16,848.06
  1100.10         CREDIT     Rp 1,877,080.00 (cust: C.00045)
  ────────────────────────────────────────────────────────────
  Total D=Rp 1,877,080.00  K=Rp 1,877,080.00
  [OK] Journal posted: BREW - UANG MASUK STRADA MKG 01/06/2025

─────────────────────────────────────────────────────────────────
  Tanggal: 02/06/2025  (Uang Masuk: 03/06/2025)
  Piutang  : Rp 637,825.00
  Penjualan: Rp 558,000.00  Service: Rp 25,750.00
  Pajak    : Rp 54,075.00  Pembulatan: Rp 0.00
  Uang Masuk BCA: Rp 632,318.80  Admin Bank: Rp 5,506.20
  [OK] Penjualan: Balance.

  ────────────────────────────────────────────────────────────
  Jurnal  : BREW - PENJUALAN STRADA MKG 02/06/2025
  Tanggal : 02/06/2025
  Akun            Tipe                Jumlah
  ────────────────────────────────────────────────────────────
  1100.10         DEBIT        Rp 637,825.00 (cust: C.00045)
  4000.01.03      CREDIT       Rp 558,000.00
  2002.04.03      CREDIT        Rp 25,750.00
  2002.03.04      CREDIT        Rp 54,075.00
  ────────────────────────────────────────────────────────────
  Total D=Rp 637,825.00  K=Rp 637,825.00
  [OK] Journal posted: BREW - PENJUALAN STRADA MKG 02/06/2025

  ────────────────────────────────────────────────────────────
  Jurnal  : BREW - UANG MASUK STRADA MKG 02/06/2025
  Tanggal : 03/06/2025
  Akun            Tipe                Jumlah
  ────────────────────────────────────────────────────────────
  1000.02.04      DEBIT        Rp 632,318.80
  6000.01.08      DEBIT          Rp 5,506.20
  1100.10         CREDIT       Rp 637,825.00 (cust: C.00045)
  ────────────────────────────────────────────────────────────
  Total D=Rp 637,825.00  K=Rp 637,825.00
  [OK] Journal posted: BREW - UANG MASUK STRADA MKG 02/06/2025

─────────────────────────────────────────────────────────────────
  Tanggal: 03/06/2025  (Uang Masuk: 04/06/2025)
  Piutang  : Rp 505,267.00
  Penjualan: Rp 437,460.00  Service: Rp 21,874.00
  Pajak    : Rp 45,933.00  Pembulatan: Rp 0.00
  Uang Masuk BCA: Rp 501,920.14  Admin Bank: Rp 3,346.86
  [OK] Penjualan: Balance.

  ────────────────────────────────────────────────────────────
  Jurnal  : BREW - PENJUALAN STRADA MKG 03/06/2025
  Tanggal : 03/06/2025
  Akun            Tipe                Jumlah
  ────────────────────────────────────────────────────────────
  1100.10         DEBIT        Rp 505,267.00 (cust: C.00045)
  4000.01.03      CREDIT       Rp 437,460.00
  2002.04.03      CREDIT        Rp 21,874.00
  2002.03.04      CREDIT        Rp 45,933.00
  ────────────────────────────────────────────────────────────
  Total D=Rp 505,267.00  K=Rp 505,267.00
  [OK] Journal posted: BREW - PENJUALAN STRADA MKG 03/06/2025

  ────────────────────────────────────────────────────────────
  Jurnal  : BREW - UANG MASUK STRADA MKG 03/06/2025
  Tanggal : 04/06/2025
  Akun            Tipe                Jumlah
  ────────────────────────────────────────────────────────────
  1000.02.04      DEBIT        Rp 501,920.14
  6000.01.08      DEBIT          Rp 3,346.86
  1100.10         CREDIT       Rp 505,267.00 (cust: C.00045)
  ────────────────────────────────────────────────────────────
  Total D=Rp 505,267.00  K=Rp 505,267.00
  [OK] Journal posted: BREW - UANG MASUK STRADA MKG 03/06/2025

─────────────────────────────────────────────────────────────────
  Tanggal: 04/06/2025  (Uang Masuk: 05/06/2025)
  Piutang  : Rp 908,811.00
  Penjualan: Rp 788,460.00  Service: Rp 38,823.00
  Pajak    : Rp 81,528.00  Pembulatan: Rp 0.00
  Uang Masuk BCA: Rp 900,621.27  Admin Bank: Rp 8,189.73
  [OK] Penjualan: Balance.

  ────────────────────────────────────────────────────────────
  Jurnal  : BREW - PENJUALAN STRADA MKG 04/06/2025
  Tanggal : 04/06/2025
  Akun            Tipe                Jumlah
  ────────────────────────────────────────────────────────────
  1100.10         DEBIT        Rp 908,811.00 (cust: C.00045)
  4000.01.03      CREDIT       Rp 788,460.00
  2002.04.03      CREDIT        Rp 38,823.00
  2002.03.04      CREDIT        Rp 81,528.00
  ────────────────────────────────────────────────────────────
  Total D=Rp 908,811.00  K=Rp 908,811.00
  [OK] Journal posted: BREW - PENJUALAN STRADA MKG 04/06/2025

  ────────────────────────────────────────────────────────────
  Jurnal  : BREW - UANG MASUK STRADA MKG 04/06/2025
  Tanggal : 05/06/2025
  Akun            Tipe                Jumlah
  ────────────────────────────────────────────────────────────
  1000.02.04      DEBIT        Rp 900,621.27
  6000.01.08      DEBIT          Rp 8,189.73
  1100.10         CREDIT       Rp 908,811.00 (cust: C.00045)
  ────────────────────────────────────────────────────────────
  Total D=Rp 908,811.00  K=Rp 908,811.00
  [OK] Journal posted: BREW - UANG MASUK STRADA MKG 04/06/2025

─────────────────────────────────────────────────────────────────
  Tanggal: 05/06/2025  (Uang Masuk: 06/06/2025)
  Piutang  : Rp 963,270.00
  Penjualan: Rp 834,000.00  Service: Rp 41,700.00
  Pajak    : Rp 87,570.00  Pembulatan: Rp 0.00
  Uang Masuk BCA: Rp 956,558.20  Admin Bank: Rp 6,711.80
  [OK] Penjualan: Balance.

  ────────────────────────────────────────────────────────────
  Jurnal  : BREW - PENJUALAN STRADA MKG 05/06/2025
  Tanggal : 05/06/2025
  Akun            Tipe                Jumlah
  ────────────────────────────────────────────────────────────
  1100.10         DEBIT        Rp 963,270.00 (cust: C.00045)
  4000.01.03      CREDIT       Rp 834,000.00
  2002.04.03      CREDIT        Rp 41,700.00
  2002.03.04      CREDIT        Rp 87,570.00
  ────────────────────────────────────────────────────────────
  Total D=Rp 963,270.00  K=Rp 963,270.00
  [OK] Journal posted: BREW - PENJUALAN STRADA MKG 05/06/2025

  ────────────────────────────────────────────────────────────
  Jurnal  : BREW - UANG MASUK STRADA MKG 05/06/2025
  Tanggal : 06/06/2025
  Akun            Tipe                Jumlah
  ────────────────────────────────────────────────────────────
  1000.02.04      DEBIT        Rp 956,558.20
  6000.01.08      DEBIT          Rp 6,711.80
  1100.10         CREDIT       Rp 963,270.00 (cust: C.00045)
  ────────────────────────────────────────────────────────────
  Total D=Rp 963,270.00  K=Rp 963,270.00
  [OK] Journal posted: BREW - UANG MASUK STRADA MKG 05/06/2025

─────────────────────────────────────────────────────────────────
  Tanggal: 06/06/2025  (Uang Masuk: 07/06/2025)
  Piutang  : Rp 2,464,158.00
  Penjualan: Rp 2,136,690.00  Service: Rp 105,636.00
  Pajak    : Rp 222,672.00  Pembulatan: Rp 0.00
  Uang Masuk BCA: Rp 2,446,185.40  Admin Bank: Rp 17,972.60
  [ERROR] Penjualan tidak balance: selisih Rp 840.00 (Kredit > Debit) — perbaiki data di template CSV.
  [SKIP] Penjualan dilewati karena error balance.

  ────────────────────────────────────────────────────────────
  Jurnal  : BREW - UANG MASUK STRADA MKG 06/06/2025
  Tanggal : 07/06/2025
  Akun            Tipe                Jumlah
  ────────────────────────────────────────────────────────────
  1000.02.04      DEBIT      Rp 2,446,185.40
  6000.01.08      DEBIT         Rp 17,972.60
  1100.10         CREDIT     Rp 2,464,158.00 (cust: C.00045)
  ────────────────────────────────────────────────────────────
  Total D=Rp 2,464,158.00  K=Rp 2,464,158.00
  [OK] Journal posted: BREW - UANG MASUK STRADA MKG 06/06/2025

─────────────────────────────────────────────────────────────────
  Tanggal: 07/06/2025  (Uang Masuk: 08/06/2025)
  Piutang  : Rp 1,984,707.00
  Penjualan: Rp 1,785,460.00  Service: Rp 64,274.00
  Pajak    : Rp 138,385.00  Pembulatan: Rp 0.00
  Uang Masuk BCA: Rp 1,965,359.99  Admin Bank: Rp 19,347.01
  [ERROR] Penjualan tidak balance: selisih Rp 3,412.00 (Kredit > Debit) — perbaiki data di template CSV.
  [SKIP] Penjualan dilewati karena error balance.

  ────────────────────────────────────────────────────────────
  Jurnal  : BREW - UANG MASUK STRADA MKG 07/06/2025
  Tanggal : 08/06/2025
  Akun            Tipe                Jumlah
  ────────────────────────────────────────────────────────────
  1000.02.04      DEBIT      Rp 1,965,359.99
  6000.01.08      DEBIT         Rp 19,347.01
  1100.10         CREDIT     Rp 1,984,707.00 (cust: C.00045)
  ────────────────────────────────────────────────────────────
  Total D=Rp 1,984,707.00  K=Rp 1,984,707.00
  [OK] Journal posted: BREW - UANG MASUK STRADA MKG 07/06/2025