 ,Opaper/SETTLEMENT,CASH,KREDIT BCA,DEBIT BCA,QRIS BCA,DEBIT,DEBIT BRI,KREDIT BRI,TRANSFER,,GO-BIZ,OVO,SHOPEEPAY,VOUCHER,OTHERS,TOTAL
2/12/24,Opaper,,,130.515,602.305,,,,,,,,,,,"732.820,00"
,SETTLEMENT,,,130.515,602.305,,,,,,,,,,,"732.820,00"
,SELISIH,0,0,0,0,0,0,0,0,0,0,0,0,0,0,"0,00"
,REK KORAN,,,"130.319,23","598.088,87",,,,,,,,,,,"728.408,10"
,SELISIH (FEE),0,0,(196),(4.216),0,0,0,0,,0,0,0,0,0,"(4.411,90)"
,Fee (%),#DIV/0!,#DIV/0!,"-0,15%","-0,70%",#DIV/0!,#DIV/0!,#DIV/0!,#DIV/0!,,#DIV/0!,#DIV/0!,#DIV/0!,#DIV/0!,#DIV/0!,"(0,01)"
,MASUK TANGGAL,,,03/12/2024,03/12/2024,,,,,,,,,,,
,DICEK TANGGAL,,,19/12/2024,19/12/2024,,,,,,,,,,,
3/12/24,Opaper,,274.890,212.520,246.015,,,,,,,,,,,"733.425,00"
,SETTLEMENT,,274.890,212.520,246.015,,,,,,,,,,,"733.425,00"
,SELISIH,0,0,0,0,0,0,0,0,0,0,0,0,0,0,"0,00"
,REK KORAN,,"269.392,00","211.317,65","244.292,90",,,,,,,,,,,"725.002,55"
,SELISIH (FEE),0,(5.498),(1.202),(1.722),0,0,0,0,,0,0,0,0,0,"(8.422,45)"
,Fee (%),#DIV/0!,"-2,00%","-0,57%","-0,70%",#DIV/0!,#DIV/0!,#DIV/0!,#DIV/0!,,#DIV/0!,#DIV/0!,#DIV/0!,#DIV/0!,#DIV/0!,"(0,01)"
,MASUK TANGGAL,,,04/12/2024,04/12/2024,,,,,,,,,,,
,DICEK TANGGAL,,,19/12/2024,19/12/2024,,,,,,,,,,,
4/12/24,Opaper,,40.425,184.800,1.022.175,,,,,,,,,,,"1.247.400,00"
,SETTLEMENT,,40.425,184.800,1.022.175,,,,,,,,,,,"1.247.400,00"
,SELISIH,0,0,0,0,0,0,0,0,0,0,0,0,0,0,"0,00"
,REK KORAN,,39.617,184.523,1.015.020,,,,,,,,,,,"1.239.159,59"
,SELISIH (FEE),0,(808),(277),(7.155),0,0,0,0,,0,0,0,0,0,"(8.240,41)"
,Fee (%),#DIV/0!,"-2,00%","-0,15%","-0,70%",#DIV/0!,#DIV/0!,#DIV/0!,#DIV/0!,,#DIV/0!,#DIV/0!,#DIV/0!,#DIV/0!,#DIV/0!,"(0,01)"
,MASUK TANGGAL,,05/12/2024,05/12/2024,05/12/2024,,,,,,,,,,,
,DICEK TANGGAL,,19/12/2024,19/12/2024,19/12/2024,,,,,,,,,,,
5/12/24,Opaper,,35.805,101.640,303.765,,,,,,,,,,,"441.210,00"
,SETTLEMENT,,35.805,101.640,303.765,,,,,,,,,,,"441.210,00"
,SELISIH,0,0,0,0,0,0,0,0,0,0,0,0,0,0,"0,00"
,REK KORAN,,35.089,100.624,301.639,,,,,,,,,,,"437.351,25"
,SELISIH (FEE),0,(716),(1.016),(2.126),0,0,0,0,,0,0,0,0,0,"(3.858,75)"
,Fee (%),#DIV/0!,"-2,00%","-1,00%","-0,70%",#DIV/0!,#DIV/0!,#DIV/0!,#DIV/0!,,#DIV/0!,#DIV/0!,#DIV/0!,#DIV/0!,#DIV/0!,"(0,01)"
,MASUK TANGGAL,,06/12/2024,06/12/2024,06/12/2024,,,,,,,,,,,
,DICEK TANGGAL,,19/12/2024,19/12/2024,19/12/2024,,,,,,,,,,,
6/12/24,Opaper,,71.610,130.515,562.485,,,,,,,,,,,"764.610,00"
,SETTLEMENT,,127.050,130.515,507.045,,,,,,,,,,,"764.610,00"
,SELISIH,0,55.440,0,(55.440),0,0,0,0,0,0,0,0,0,0,"0,00"
,REK KORAN,,124.509,130.319,503.496,,,,,,,,,,,"758.323,92"
,SELISIH (FEE),0,(2.541),(196),(3.549),0,0,0,0,,0,0,0,0,0,"(6.286,08)"
,Fee (%),#DIV/0!,"-2,00%","-0,15%","-0,70%",#DIV/0!,#DIV/0!,#DIV/0!,#DIV/0!,,#DIV/0!,#DIV/0!,#DIV/0!,#DIV/0!,#DIV/0!,"(0,01)"
,MASUK TANGGAL,,07/12/2024,07/12/2024,07/12/2024,,,,,,,,,,,
,DICEK TANGGAL,,19/12/2024,19/12/2024,19/12/2024,,,,,,,,,,,
7/12/24,Opaper,,602.155,137.445,1.446.730,,,,,,,,,,,"2.186.330,00"
,SETTLEMENT,,602.155,137.445,1.446.730,,,,,,,,,,,"2.186.330,00"
,SELISIH,0,0,0,0,0,0,0,0,0,0,0,0,0,0,"0,00"
,REK KORAN,,590.112,136.375,1.436.603,,,,,,,,,,,"2.163.089,80"
,SELISIH (FEE),0,(12.043),(1.070),(10.127),0,0,0,0,,0,0,0,0,0,"(23.240,20)"
,Fee (%),#DIV/0!,"-2,00%","-0,78%","-0,70%",#DIV/0!,#DIV/0!,#DIV/0!,#DIV/0!,,#DIV/0!,#DIV/0!,#DIV/0!,#DIV/0!,#DIV/0!,"(0,01)"
,MASUK TANGGAL,,08/12/2024,08/12/2024,08/12/2024,,,,,,,,,,,
,DICEK TANGGAL,,19/12/2024,19/12/2024,19/12/2024,,,,,,,,,,,
8/12/24,Opaper,,49.665,100.000,1.731.620,,,,,,,,,,,"1.881.285,00"
,SETTLEMENT,,49.665,100.000,1.731.890,,,,,,,,,,,"1.881.555,00"
,SELISIH,0,0,0,270,0,0,0,0,0,0,0,0,0,0,"270,00"
,REK KORAN,,48.672,99.000,1.719.767,,,,,,,,,,,"1.867.438,78"
,SELISIH (FEE),0,(993),(1.000),(12.123),0,0,0,0,,0,0,0,0,0,"(14.116,22)"
,Fee (%),#DIV/0!,"-2,00%","-1,00%","-0,70%",#DIV/0!,#DIV/0!,#DIV/0!,#DIV/0!,,#DIV/0!,#DIV/0!,#DIV/0!,#DIV/0!,#DIV/0!,"(0,01)"
,MASUK TANGGAL,,09/12/2024,09/12/2024,09/12/2024,,,,,,,,,,,
,DICEK TANGGAL,,19/12/2024,19/12/2024,19/12/2024,,,,,,,,,,,
9/12/24,Opaper,,85.470,161.700,582.120,,,,,,,,,,,"829.290,00"
,SETTLEMENT,,85.470,161.700,582.120,,,,,,,,,,,"829.290,00"
,SELISIH,0,0,0,0,0,0,0,0,0,0,0,0,0,0,"0,00"
,REK KORAN,,83.761,161.457,578.045,,,,,,,,,,,"823.263,62"
,SELISIH (FEE),0,(1.709),(243),(4.075),0,0,0,0,,0,0,0,0,0,"(6.026,38)"
,Fee (%),#DIV/0!,"-2,00%","-0,15%","-0,70%",#DIV/0!,#DIV/0!,#DIV/0!,#DIV/0!,,#DIV/0!,#DIV/0!,#DIV/0!,#DIV/0!,#DIV/0!,"(0,01)"
,MASUK TANGGAL,,10/12/2024,10/12/2024,10/12/2024,,,,,,,,,,,
,DICEK TANGGAL,,19/12/2024,19/12/2024,19/12/2024,,,,,,,,,,,
10/12/24,Opaper,,49.665,127.050,344.190,,,,,,,,,,,"520.905,00"
,SETTLEMENT,,49.665,127.050,344.190,,,,,,,,,,,"520.905,00"
,SELISIH,0,0,0,0,0,0,0,0,0,0,0,0,0,0,"0,00"
,REK KORAN,,48.672,126.859,341.781,,,,,,,,,,,"517.312,11"
,SELISIH (FEE),0,(993),(191),(2.409),0,0,0,0,,0,0,0,0,0,"(3.592,89)"
,Fee (%),#DIV/0!,"-2,00%","-0,15%","-0,70%",#DIV/0!,#DIV/0!,#DIV/0!,#DIV/0!,,#DIV/0!,#DIV/0!,#DIV/0!,#DIV/0!,#DIV/0!,"(0,01)"
,MASUK TANGGAL,,,11/12/2024,11/12/2024,,,,,,,,,,,
,DICEK TANGGAL,,,19/12/20224,19/12/20224,,,,,,,,,,,
11/12/24,Opaper,,,139.755,778.470,,,,,,,,,,,"918.225,00"
,SETTLEMENT,,,139.755,778.470,,,,,,,,,,,"918.225,00"
,SELISIH,0,0,0,0,0,0,0,0,0,0,0,0,0,0,"0,00"
,REK KORAN,,,139.545,773.021,,,,,,,,,,,"912.566,08"
,SELISIH (FEE),0,0,(210),(5.449),0,0,0,0,,0,0,0,0,0,"(5.658,92)"
,Fee (%),#DIV/0!,#DIV/0!,"-0,15%","-0,70%",#DIV/0!,#DIV/0!,#DIV/0!,#DIV/0!,,#DIV/0!,#DIV/0!,#DIV/0!,#DIV/0!,#DIV/0!,"(0,01)"
,MASUK TANGGAL,,,12/12/2024,12/12/2024,,,,,,,,,,,
,DICEK TANGGAL,,,19/12/2024,19/12/2024,,,,,,,,,,,
12/12/24,Opaper,,259.875,235.530,354.585,,,,,,,,,,,"849.990,00"
,SETTLEMENT,,259.875,235.530,354.585,,,,,,,,,,,"849.990,00"
,SELISIH,0,0,0,0,0,0,0,0,0,0,0,0,0,0,"0,00"
,REK KORAN,,254.678,235.177,352.103,,,,,,,,,,,"841.957,62"
,SELISIH (FEE),0,(5.197),(353),(2.482),0,0,0,0,,0,0,0,0,0,"(8.032,38)"
,Fee (%),#DIV/0!,"-2,00%","-0,15%","-0,70%",#DIV/0!,#DIV/0!,#DIV/0!,#DIV/0!,,#DIV/0!,#DIV/0!,#DIV/0!,#DIV/0!,#DIV/0!,"(0,01)"
,MASUK TANGGAL,,13/12/2024,13/12/2024,13/12/2024,,,,,,,,,,,
,DICEK TANGGAL,,19/12/2024,19/12/2024,19/12/2024,,,,,,,,,,,
13/12/24,Opaper,,376.530,364.980,723.030,,,,,,,,,,,"1.464.540,00"
,SETTLEMENT,,376.530,364.980,723.030,,,,,,,,,,,"1.464.540,00"
,SELISIH,0,0,0,0,0,0,0,0,0,0,0,0,0,0,"0,00"
,REK KORAN,,369.796,362.017,717.969,,,,,,,,,,,"1.449.782,22"
,SELISIH (FEE),0,(6.734),(2.963),(5.061),0,0,0,0,,0,0,0,0,0,"(14.757,78)"
,Fee (%),#DIV/0!,"-1,79%","-0,81%","-0,70%",#DIV/0!,#DIV/0!,#DIV/0!,#DIV/0!,,#DIV/0!,#DIV/0!,#DIV/0!,#DIV/0!,#DIV/0!,"(0,01)"
,MASUK TANGGAL,,14/12/2024,14/12/2024,14/12/2024,,,,,,,,,,,
,DICEK TANGGAL,,19/12/2024,19/12/2024,19/12/2024,,,,,,,,,,,
14/12/24,Opaper,,211.815,103.950,1.521.135,,,,,,,,,,,"1.836.900,00"
,SETTLEMENT,,211.815,103.950,1.521.135,,,,,,,,,,,"1.836.900,00"
,SELISIH,0,0,0,0,0,0,0,0,0,0,0,0,0,0,"0,00"
,REK KORAN,,207.578,103.352,1.510.487,,,,,,,,,,,"1.821.417,35"
,SELISIH (FEE),0,(4.237),(598),(10.648),0,0,0,0,,0,0,0,0,0,"(15.482,65)"
,Fee (%),#DIV/0!,"-2,00%","-0,57%","-0,70%",#DIV/0!,#DIV/0!,#DIV/0!,#DIV/0!,,#DIV/0!,#DIV/0!,#DIV/0!,#DIV/0!,#DIV/0!,"(0,01)"
,MASUK TANGGAL,,15/12/2024,15/12/2024,15/12/2024,,,,,,,,,,,
,DICEK TANGGAL,,19/12/2024,19/12/2024,19/12/2024,,,,,,,,,,,
15/12/24,Opaper,,360.360,593.240,1.878.030,,,,,,,,,,,"2.831.630,00"
,SETTLEMENT,,360.360,593.240,1.878.030,,,,,,,,,,,"2.831.630,00"
,SELISIH,0,0,0,0,0,0,0,0,0,0,0,0,0,0,"0,00"
,REK KORAN,,353.153,590.204,1.864.884,,,,,,,,,,,"2.808.240,56"
,SELISIH (FEE),0,(7.207),(3.036),(13.146),0,0,0,0,,0,0,0,0,0,"(23.389,44)"
,Fee (%),#DIV/0!,"-2,00%","-0,51%","-0,70%",#DIV/0!,#DIV/0!,#DIV/0!,#DIV/0!,,#DIV/0!,#DIV/0!,#DIV/0!,#DIV/0!,#DIV/0!,"(0,01)"
,MASUK TANGGAL,,16/12/2024,16/12/2024,16/12/2024,,,,,,,,,,,
,DICEK TANGGAL,,19/12/2024,19/12/2024,19/12/2024,,,,,,,,,,,
16/12/24,Opaper,,101.640,291.305,856.710,,,,,,,,,,,"1.249.655,00"
,SETTLEMENT,,101.640,291.305,856.710,,,,,,,,,,,"1.249.655,00"
,SELISIH,0,0,0,0,0,0,0,0,0,0,0,0,0,0,"0,00"
,REK KORAN,,99.608,290.868,850.713,,,,,,,,,,,"1.241.189,08"
,SELISIH (FEE),0,(2.032),(437),(5.997),0,0,0,0,,0,0,0,0,0,"(8.465,92)"
,Fee (%),#DIV/0!,"-2,00%","-0,15%","-0,70%",#DIV/0!,#DIV/0!,#DIV/0!,#DIV/0!,,#DIV/0!,#DIV/0!,#DIV/0!,#DIV/0!,#DIV/0!,"(0,01)"
,MASUK TANGGAL,,17/12/2024,17/12/2024,17/12/2024,,,,,,,,,,,
,DICEK TANGGAL,,19/12/2024,19/12/2024,19/12/2024,,,,,,,,,,,
17/12/24,Opaper,,173.250,51.975,71.610,,,,,,,,,,,"296.835,00"
,SETTLEMENT,,173.250,51.975,71.610,,,,,,,,,,,"296.835,00"
,SELISIH,0,0,0,0,0,0,0,0,0,0,0,0,0,0,"0,00"
,REK KORAN,,169.785,51.455,71.109,,,,,,,,,,,"292.348,98"
,SELISIH (FEE),0,(3.465),(520),(501),0,0,0,0,,0,0,0,0,0,"(4.486,02)"
,Fee (%),#DIV/0!,"-2,00%","-1,00%","-0,70%",#DIV/0!,#DIV/0!,#DIV/0!,#DIV/0!,,#DIV/0!,#DIV/0!,#DIV/0!,#DIV/0!,#DIV/0!,"(0,02)"
,MASUK TANGGAL,,18/12/2024,18/12/2024,18/12/2024,,,,,,,,,,,
,DICEK TANGGAL,,19/12/2024,19/12/2024,19/12/2024,,,,,,,,,,,
18/12/24,Opaper,,,35.805,446.985,,,,,,,,,,,"482.790,00"
,SETTLEMENT,,,35.805,446.985,,,,,,,,,,,"482.790,00"
,SELISIH,0,0,0,0,0,0,0,0,0,0,0,0,0,0,"0,00"
,REK KORAN,,,35.751,443.856,,,,,,,,,,,"479.607,42"
,SELISIH (FEE),0,0,(54),(3.129),0,0,0,0,,0,0,0,0,0,"(3.182,58)"
,Fee (%),#DIV/0!,#DIV/0!,"-0,15%","-0,70%",#DIV/0!,#DIV/0!,#DIV/0!,#DIV/0!,,#DIV/0!,#DIV/0!,#DIV/0!,#DIV/0!,#DIV/0!,"(0,01)"
,MASUK TANGGAL,,,19/12/2024,19/12/2024,,,,,,,,,,,
,DICEK TANGGAL,,,19/12/2024,19/12/2024,,,,,,,,,,,
19/12/24,Opaper,,105.105,182.490,859.515,,,,,,,,,,,"1.147.110,00"
,SETTLEMENT,,105.105,182.490,859.515,,,,,,,,,,,"1.147.110,00"
,SELISIH,0,0,0,0,0,0,0,0,0,0,0,0,0,0,"0,00"
,REK KORAN,,102.477,182.216,853.498,,,,,,,,,,,"1.138.191,40"
,SELISIH (FEE),0,(2.628),(274),(6.017),0,0,0,0,,0,0,0,0,0,"(8.918,60)"
,Fee (%),#DIV/0!,"-2,50%","-0,15%","-0,70%",#DIV/0!,#DIV/0!,#DIV/0!,#DIV/0!,,#DIV/0!,#DIV/0!,#DIV/0!,#DIV/0!,#DIV/0!,"(0,01)"
,MASUK TANGGAL,,20/12/2024,20/12/2024,20/12/2024,,,,,,,,,,,
,DICEK TANGGAL,,27/12/2024,27/12/2024,27/12/2024,,,,,,,,,,,
20/12/24,Opaper,,107.415,139.755,1.271.655,,,,,,,,,,,"1.518.825,00"
,SETTLEMENT,,107.415,139.755,1.271.655,,,,,,,,,,,"1.518.825,00"
,SELISIH,0,0,0,0,0,0,0,0,0,0,0,0,0,0,"0,00"
,REK KORAN,,105.267,138.829,1.262.753,,,,,,,,,,,"1.506.849,11"
,SELISIH (FEE),0,(2.148),(926),(8.902),0,0,0,0,,0,0,0,0,0,"(11.975,89)"
,Fee (%),#DIV/0!,"-2,00%","-0,66%","-0,70%",#DIV/0!,#DIV/0!,#DIV/0!,#DIV/0!,,#DIV/0!,#DIV/0!,#DIV/0!,#DIV/0!,#DIV/0!,"(0,01)"
,MASUK TANGGAL,,21/12/2024,21/12/2024,21/12/2024,,,,,,,,,,,
,DICEK TANGGAL,,27/12/2024,27/12/2024,27/12/2024,,,,,,,,,,,
21/12/24,Opaper,,185.955,502.425,1.994.685,,,,,,,,,,,"2.683.065,00"
,SETTLEMENT,,185.955,502.425,1.994.685,,,,,,,,,,,"2.683.065,00"
,SELISIH,0,0,0,0,0,0,0,0,0,0,0,0,0,0,"0,00"
,REK KORAN,,182.237,501.671,1.980.722,,,,,,,,,,,"2.664.630,58"
,SELISIH (FEE),0,(3.718),(754),(13.963),0,0,0,0,,0,0,0,0,0,"(18.434,42)"
,Fee (%),#DIV/0!,"-2,00%","-0,15%","-0,70%",#DIV/0!,#DIV/0!,#DIV/0!,#DIV/0!,,#DIV/0!,#DIV/0!,#DIV/0!,#DIV/0!,#DIV/0!,"(0,01)"
,MASUK TANGGAL,,22/12/2024,22/12/2024,22/12/2024,,,,,,,,,,,
,DICEK TANGGAL,,27/12/2024,27/12/2024,27/12/2024,,,,,,,,,,,
22/12/24,Opaper,,49.665,549.780,2.990.540,,,,,,,,,,,"3.589.985,00"
,SETTLEMENT,,49.665,549.780,2.990.540,,,,,,,,,,,"3.589.985,00"
,SELISIH,0,0,0,0,0,0,0,0,0,0,0,0,0,0,"0,00"
,REK KORAN,,48.920,548.514,2.969.606,,,,,,,,,,,"3.567.039,78"
,SELISIH (FEE),0,(745),(1.266),(20.934),0,0,0,0,,0,0,0,0,0,"(22.945,22)"
,Fee (%),#DIV/0!,"-1,50%","-0,23%","-0,70%",#DIV/0!,#DIV/0!,#DIV/0!,#DIV/0!,,#DIV/0!,#DIV/0!,#DIV/0!,#DIV/0!,#DIV/0!,"(0,01)"
,MASUK TANGGAL,,23/12/2024,23/12/2024,23/12/2024,,,,,,,,,,,
,DICEK TANGGAL,,27/12/2024,27/12/2024,27/12/2024,,,,,,,,,,,
23/12/24,Opaper,,51.975,,701.085,,,,,,,,,,,"753.060,00"
,SETTLEMENT,,51.975,40.425,660.660,,,,,,,,,,,"753.060,00"
,SELISIH,0,0,40.425,(40.425),0,0,0,0,0,0,0,0,0,0,"0,00"
,REK KORAN,,50.936,40.364,656.035,,,,,,,,,,,"747.335,76"
,SELISIH (FEE),0,(1.039),(61),(4.625),0,0,0,0,,0,0,0,0,0,"(5.724,24)"
,Fee (%),#DIV/0!,"-2,00%","-0,15%","-0,70%",#DIV/0!,#DIV/0!,#DIV/0!,#DIV/0!,,#DIV/0!,#DIV/0!,#DIV/0!,#DIV/0!,#DIV/0!,"(0,01)"
,MASUK TANGGAL,,24/12/2024,24/12/2024,24/12/2024,,,,,,,,,,,
,DICEK TANGGAL,,27/12/2024,27/12/2024,27/12/2024,,,,,,,,,,,
24/12/24,Opaper,,224.070,254.100,1.098.405,,,,,,,,,,,"1.576.575,00"
,SETTLEMENT,,224.070,254.100,1.098.405,,,,,,,,,,,"1.576.575,00"
,SELISIH,0,0,0,0,0,0,0,0,0,0,0,0,0,0,"0,00"
,REK KORAN,,219.589,253.719,1.090.716,,,,,,,,,,,"1.564.024,02"
,SELISIH (FEE),0,(4.481),(381),(7.689),0,0,0,0,,0,0,0,0,0,"(12.550,98)"
,Fee (%),#DIV/0!,"-2,00%","-0,15%","-0,70%",#DIV/0!,#DIV/0!,#DIV/0!,#DIV/0!,,#DIV/0!,#DIV/0!,#DIV/0!,#DIV/0!,#DIV/0!,"(0,01)"
,MASUK TANGGAL,,25/12/2024,25/12/2024,25/12/2024,,,,,,,,,,,
,DICEK TANGGAL,,27/12/2024,27/12/2024,27/12/2024,,,,,,,,,,,
25/12/24,Opaper,,451.605,610.995,3.480.080,,,,,,,,,,,"4.542.680,00"
,SETTLEMENT,,451.605,610.995,3.480.080,,,,,,,,,,,"4.542.680,00"
,SELISIH,0,0,0,0,0,0,0,0,0,0,0,0,0,0,"0,00"
,REK KORAN,,442.573,607.703,3.455.719,,,,,,,,,,,"4.505.995,13"
,SELISIH (FEE),0,(9.032),(3.292),(24.361),0,0,0,0,,0,0,0,0,0,"(36.684,87)"
,Fee (%),#DIV/0!,"-2,00%","-0,54%","-0,70%",#DIV/0!,#DIV/0!,#DIV/0!,#DIV/0!,,#DIV/0!,#DIV/0!,#DIV/0!,#DIV/0!,#DIV/0!,"(0,01)"
,MASUK TANGGAL,,26/12/2024,26/12/2024,26/12/2024,,,,,,,,,,,
,DICEK TANGGAL,,27/12/2024,27/12/2024,27/12/2024,,,,,,,,,,,
26/12/24,Opaper,,286.440,49.665,1.562.715,,,,,,,,,,,"1.898.820,00"
,SETTLEMENT,,286.440,49.665,1.562.715,,,,,,,,,,,"1.898.820,00"
,SELISIH,0,0,0,0,0,0,0,0,0,0,0,0,0,0,"0,00"
,REK KORAN,,280.711,49.591,1.551.776,,,,,,,,,,,"1.882.077,51"
,SELISIH (FEE),0,(5.729),(74),(10.939),0,0,0,0,,0,0,0,0,0,"(16.742,49)"
,Fee (%),#DIV/0!,"-2,00%","-0,15%","-0,70%",#DIV/0!,#DIV/0!,#DIV/0!,#DIV/0!,,#DIV/0!,#DIV/0!,#DIV/0!,#DIV/0!,#DIV/0!,"(0,01)"
,MASUK TANGGAL,,27/12/2024,27/12/2024,27/12/2024,,,,,,,,,,,
,DICEK TANGGAL,,30/12/2024,30/12/2024,30/12/2024,,,,,,,,,,,
27/12/24,Opaper,,392.700,197.505,1.213.905,,,,,,,,,,,"1.804.110,00"
,SETTLEMENT,,348.810,241.395,1.213.905,,,,,,,,,,,"1.804.110,00"
,SELISIH,0,(43.890),43.890,0,0,0,0,0,0,0,0,0,0,0,"0,00"
,REK KORAN,,341.834,240.306,1.205.408,,,,,,,,,,,"1.787.548,09"
,SELISIH (FEE),0,(6.976),(1.089),(8.497),0,0,0,0,,0,0,0,0,0,"(16.561,91)"
,Fee (%),#DIV/0!,"-2,00%","-0,45%","-0,70%",#DIV/0!,#DIV/0!,#DIV/0!,#DIV/0!,,#DIV/0!,#DIV/0!,#DIV/0!,#DIV/0!,#DIV/0!,"(0,01)"
,MASUK TANGGAL,,28/12/2024,28/12/2024,28/12/2024,,,,,,,,,,,
,DICEK TANGGAL,,30/12/2024,30/12/2024,30/12/2024,,,,,,,,,,,
28/12/24,Opaper,,184.800,446.985,1.742.385,,,,,,,,,,,"2.374.170,00"
,SETTLEMENT,,184.800,446.985,1.742.385,,,,,,,,,,,"2.374.170,00"
,SELISIH,0,0,0,0,0,0,0,0,0,0,0,0,0,0,"0,00"
,REK KORAN,,181.105,445.696,1.730.188,,,,,,,,,,,"2.356.989,34"
,SELISIH (FEE),0,(3.695),(1.289),(12.197),0,0,0,0,,0,0,0,0,0,"(17.180,66)"
,Fee (%),#DIV/0!,"-2,00%","-0,29%","-0,70%",#DIV/0!,#DIV/0!,#DIV/0!,#DIV/0!,,#DIV/0!,#DIV/0!,#DIV/0!,#DIV/0!,#DIV/0!,"(0,01)"
,MASUK TANGGAL,,29/12/2024,29/12/2024,29/12/2024,,,,,,,,,,,
,DICEK TANGGAL,,07/01/2025,07/01/2025,07/01/2025,,,,,,,,,,,
29/12/24,Opaper,,294.525,702.240,1.873.655,,,,,,,,,,,"2.870.420,00"
,SETTLEMENT,,384.615,612.150,1.873.745,,,,,,,,,,,"2.870.510,00"
,SELISIH,0,90.090,(90.090),90,0,0,0,0,0,0,0,0,0,0,"90,00"
,REK KORAN,,376.923,608.826,1.860.629,,,,,,,,,,,"2.846.378,28"
,SELISIH (FEE),0,(7.692),(3.324),(13.116),0,0,0,0,,0,0,0,0,0,"(24.131,72)"
,Fee (%),#DIV/0!,"-2,00%","-0,54%","-0,70%",#DIV/0!,#DIV/0!,#DIV/0!,#DIV/0!,,#DIV/0!,#DIV/0!,#DIV/0!,#DIV/0!,#DIV/0!,"(0,01)"
,MASUK TANGGAL,,30/12/2024,30/12/2024,30/12/2024,,,,,,,,,,,
,DICEK TANGGAL,,07/01/2025,07/01/2025,07/01/2025,,,,,,,,,,,
30/12/24,Opaper,,99.330,367.290,660.660,,,,,,,,,,,"1.127.280,00"
,SETTLEMENT,,99.330,367.290,660.660,,,,,,,,,,,"1.127.280,00"
,SELISIH,0,0,0,0,0,0,0,0,0,0,0,0,0,0,"0,00"
,REK KORAN,,97.343,366.739,656.035,,,,,,,,,,,"1.120.117,46"
,SELISIH (FEE),0,(1.987),(551),(4.625),0,0,0,0,,0,0,0,0,0,"(7.162,54)"
,Fee (%),#DIV/0!,"-2,00%","-0,15%","-0,70%",#DIV/0!,#DIV/0!,#DIV/0!,#DIV/0!,,#DIV/0!,#DIV/0!,#DIV/0!,#DIV/0!,#DIV/0!,"(0,01)"
,MASUK TANGGAL,,31/12/2024,31/12/2024,31/12/2024,,,,,,,,,,,
,DICEK TANGGAL,,07/01/2025,07/01/2025,07/01/2025,,,,,,,,,,,
31/12/24,Opaper,,227.535,368.445,1.705.195,,,,,,,,,,,"2.301.175,00"
,SETTLEMENT,,227.535,368.445,1.705.195,,,,,,,,,,,"2.301.175,00"
,SELISIH,0,0,0,0,0,0,0,0,0,0,0,0,0,0,"0,00"
,REK KORAN,,222.985,366.685,1.693.259,,,,,,,,,,,"2.282.928,42"
,SELISIH (FEE),0,(4.550),(1.760),(11.936),0,0,0,0,,0,0,0,0,0,"(18.246,58)"
,Fee (%),#DIV/0!,"-2,00%","-0,48%","-0,70%",#DIV/0!,#DIV/0!,#DIV/0!,#DIV/0!,,#DIV/0!,#DIV/0!,#DIV/0!,#DIV/0!,#DIV/0!,"(0,01)"
,MASUK TANGGAL,,01/01/2025,01/01/2025,01/01/2025,,,,,,,,,,,
,DICEK TANGGAL,,07/01/2025,07/01/2025,07/01/2025,,,,,,,,,,,
1/1/25,Opaper,,266.805,619.750,1.709.135,,,,,,,,,,,"2.595.690,00"
,SETTLEMENT,,266.805,619.750,1.709.135,,,,,,,,,,,"2.595.690,00"
,SELISIH,0,0,0,0,0,0,0,0,0,0,0,0,0,0,"0,00"
,REK KORAN,,261.949,615.653,1.697.171,,,,,,,,,,,"2.574.773,06"
,SELISIH (FEE),0,(4.856),(4.097),(11.964),0,0,0,0,,0,0,0,0,0,"(20.916,94)"
,Fee (%),#DIV/0!,"-1,82%","-0,66%","-0,70%",#DIV/0!,#DIV/0!,#DIV/0!,#DIV/0!,,#DIV/0!,#DIV/0!,#DIV/0!,#DIV/0!,#DIV/0!,"(0,01)"
,MASUK TANGGAL,,02/01/2025,02/01/2025,02/01/2025,,,,,,,,,,,
,DICEK TANGGAL,,07/01/2025,07/01/2025,07/01/2025,,,,,,,,,,,
2/1/25,Opaper,,,20.790,685.032,,,,,,,,,,,"705.822,00"
,SETTLEMENT,,,110.880,594.942,,,,,,,,,,,"705.822,00"
,SELISIH,0,0,90.090,(90.090),0,0,0,0,0,0,0,0,0,0,"0,00"
,REK KORAN,,,109.948,590.777,,,,,,,,,,,"700.725,34"
,SELISIH (FEE),0,0,(932),(4.165),0,0,0,0,,0,0,0,0,0,"(5.096,66)"
,Fee (%),#DIV/0!,#DIV/0!,"-0,84%","-0,70%",#DIV/0!,#DIV/0!,#DIV/0!,#DIV/0!,,#DIV/0!,#DIV/0!,#DIV/0!,#DIV/0!,#DIV/0!,"(0,01)"
,MASUK TANGGAL,,03/01/2025,03/01/2025,03/01/2025,,,,,,,,,,,
,DICEK TANGGAL,,07/01/2025,07/01/2025,07/01/2025,,,,,,,,,,,
3/1/25,Opaper,,,691.665,939.362,,,,,,,,,,,"1.631.027,00"
,SETTLEMENT,,,691.665,939.362,,,,,,,,,,,"1.631.027,00"
,SELISIH,0,0,0,0,0,0,0,0,0,0,0,0,0,0,"0,00"
,REK KORAN,,,688.821,932.786,,,,,,,,,,,"1.621.607,57"
,SELISIH (FEE),0,0,(2.844),(6.576),0,0,0,0,,0,0,0,0,0,"(9.419,43)"
,Fee (%),#DIV/0!,#DIV/0!,"-0,41%","-0,70%",#DIV/0!,#DIV/0!,#DIV/0!,#DIV/0!,,#DIV/0!,#DIV/0!,#DIV/0!,#DIV/0!,#DIV/0!,"(0,01)"
,MASUK TANGGAL,,04/01/2025,04/01/2025,04/01/2025,,,,,,,,,,,
,DICEK TANGGAL,,07/01/2025,07/01/2025,07/01/2025,,,,,,,,,,,
4/1/25,Opaper,,51.975,173.250,1.519.980,,,,,,,,,,,"1.745.205,00"
,SETTLEMENT,,51.975,173.250,1.519.980,,,,,,,,,,,"1.745.205,00"
,SELISIH,0,0,0,0,0,0,0,0,0,0,0,0,0,0,"0,00"
,REK KORAN,,50.936,172.568,1.509.340,,,,,,,,,,,"1.732.844,12"
,SELISIH (FEE),0,(1.039),(682),(10.640),0,0,0,0,,0,0,0,0,0,"(12.360,88)"
,Fee (%),#DIV/0!,"-2,00%","-0,39%","-0,70%",#DIV/0!,#DIV/0!,#DIV/0!,#DIV/0!,,#DIV/0!,#DIV/0!,#DIV/0!,#DIV/0!,#DIV/0!,"(0,01)"
,MASUK TANGGAL,,05/01/2025,05/01/2025,05/01/2025,,,,,,,,,,,
,DICEK TANGGAL,,07/01/2025,07/01/2025,07/01/2025,,,,,,,,,,,
5/1/25,Opaper,,235.620,153.615,1.299.570,,,,,,,,,,,"1.688.805,00"
,SETTLEMENT,,235.620,153.615,1.299.570,,,,,,,,,,,"1.688.805,00"
,SELISIH,0,0,0,0,0,0,0,0,0,0,0,0,0,0,"0,00"
,REK KORAN,,230.908,153.385,1.290.473,,,,,,,,,,,"1.674.765,60"
,SELISIH (FEE),0,(4.712),(230),(9.097),0,0,0,0,,0,0,0,0,0,"(14.039,40)"
,Fee (%),#DIV/0!,"-2,00%","-0,15%","-0,70%",#DIV/0!,#DIV/0!,#DIV/0!,#DIV/0!,,#DIV/0!,#DIV/0!,#DIV/0!,#DIV/0!,#DIV/0!,"(0,01)"
,MASUK TANGGAL,,06/01/2025,06/01/2025,06/01/2025,,,,,,,,,,,
,DICEK TANGGAL,,07/01/2025,07/01/2025,07/01/2025,,,,,,,,,,,
6/1/25,Opaper,,,181.335,383.705,,,,,,,,,,,"565.040,00"
,SETTLEMENT,,137.445,43.890,383.705,,,,,,,,,,,"565.040,00"
,SELISIH,0,137.445,(137.445),0,0,0,0,0,0,0,0,0,0,0,"0,00"
,REK KORAN,,134.696,43.824,381.019,,,,,,,,,,,"559.539,24"
,SELISIH (FEE),0,(2.749),(66),(2.686),0,0,0,0,,0,0,0,0,0,"(5.500,76)"
,Fee (%),#DIV/0!,"-2,00%","-0,15%","-0,70%",#DIV/0!,#DIV/0!,#DIV/0!,#DIV/0!,,#DIV/0!,#DIV/0!,#DIV/0!,#DIV/0!,#DIV/0!,"(0,01)"
,MASUK TANGGAL,,07/01/2025,07/01/2025,07/01/2025,,,,,,,,,,,
,DICEK TANGGAL,,07/01/2025,07/01/2025,07/01/2025,,,,,,,,,,,
7/1/25,Opaper,,40.425,51.975,401.940,,,,,,,,,,,"494.340,00"
,SETTLEMENT,,40.425,51.975,401.940,,,,,,,,,,,"494.340,00"
,SELISIH,0,0,0,0,0,0,0,0,0,0,0,0,0,0,"0,00"
,REK KORAN,,39.617,51.455,399.126,,,,,,,,,,,"490.198,68"
,SELISIH (FEE),0,(808),(520),(2.814),0,0,0,0,,0,0,0,0,0,"(4.141,32)"
,Fee (%),#DIV/0!,"-2,00%","-1,00%","-0,70%",#DIV/0!,#DIV/0!,#DIV/0!,#DIV/0!,,#DIV/0!,#DIV/0!,#DIV/0!,#DIV/0!,#DIV/0!,"(0,01)"
,MASUK TANGGAL,,08/01/2025,08/01/2025,08/01/2025,,,,,,,,,,,
,DICEK TANGGAL,,13/01/2025,13/01/2025,13/01/2025,,,,,,,,,,,
8/1/25,Opaper,,51.975,,661.500,,,,,,,,,,,"713.475,00"
,SETTLEMENT,,51.975,,661.500,,,,,,,,,,,"713.475,00"
,SELISIH,0,0,0,0,0,0,0,0,0,0,0,0,0,0,"0,00"
,REK KORAN,,50.936,,656.870,,,,,,,,,,,"707.805,50"
,SELISIH (FEE),0,(1.039),0,(4.631),0,0,0,0,,0,0,0,0,0,"(5.669,50)"
,Fee (%),#DIV/0!,"-2,00%",#DIV/0!,"-0,70%",#DIV/0!,#DIV/0!,#DIV/0!,#DIV/0!,,#DIV/0!,#DIV/0!,#DIV/0!,#DIV/0!,#DIV/0!,"(0,01)"
,MASUK TANGGAL,,09/01/2025,,09/01/2025,,,,,,,,,,,
,DICEK TANGGAL,,13/01/2025,,13/01/2025,,,,,,,,,,,
9/1/25,Opaper,,101.640,,579.555,,,,,,,,,,,"681.195,00"
,SETTLEMENT,,101.640,,579.555,,,,,,,,,,,"681.195,00"
,SELISIH,0,0,0,0,0,0,0,0,0,0,0,0,0,0,"0,00"
,REK KORAN,,99.607,,575.498,,,,,,,,,,,"675.105,13"
,SELISIH (FEE),0,(2.033),0,(4.057),0,0,0,0,,0,0,0,0,0,"(6.089,87)"
,Fee (%),#DIV/0!,"-2,00%",#DIV/0!,"-0,70%",#DIV/0!,#DIV/0!,#DIV/0!,#DIV/0!,,#DIV/0!,#DIV/0!,#DIV/0!,#DIV/0!,#DIV/0!,"(0,01)"
,MASUK TANGGAL,,10/01/2025,,10/01/2025,,,,,,,,,,,
,DICEK TANGGAL,,13/01/2025,,13/01/2025,,,,,,,,,,,
10/1/25,Opaper,,,457.380,820.050,,,,,,,,,,,"1.277.430,00"
,SETTLEMENT,,,457.380,820.050,,,,,,,,,,,"1.277.430,00"
,SELISIH,0,0,0,0,0,0,0,0,0,0,0,0,0,0,"0,00"
,REK KORAN,,,456.694,814.310,,,,,,,,,,,"1.271.003,59"
,SELISIH (FEE),0,0,(686),(5.740),0,0,0,0,,0,0,0,0,0,"(6.426,41)"
,Fee (%),#DIV/0!,#DIV/0!,"-0,15%","-0,70%",#DIV/0!,#DIV/0!,#DIV/0!,#DIV/0!,,#DIV/0!,#DIV/0!,#DIV/0!,#DIV/0!,#DIV/0!,"(0,01)"
,MASUK TANGGAL,,,11/01/2025,11/01/2025,,,,,,,,,,,
,DICEK TANGGAL,,,13/01/2025,13/01/2025,,,,,,,,,,,
11/1/25,Opaper,,338.865,304.920,2.196.325,,,,,,,,,,,"2.840.110,00"
,SETTLEMENT,,338.865,304.920,2.196.325,,,,,,,,,,,"2.840.110,00"
,SELISIH,0,0,0,0,0,0,0,0,0,0,0,0,0,0,"0,00"
,REK KORAN,,332.597,303.343,2.180.951,,,,,,,,,,,"2.816.891,16"
,SELISIH (FEE),0,(6.268),(1.577),(15.374),0,0,0,0,,0,0,0,0,0,"(23.218,84)"
,Fee (%),#DIV/0!,"-1,85%","-0,52%","-0,70%",#DIV/0!,#DIV/0!,#DIV/0!,#DIV/0!,,#DIV/0!,#DIV/0!,#DIV/0!,#DIV/0!,#DIV/0!,"(0,01)"
,MASUK TANGGAL,,12/01/2025,12/01/2025,12/01/2025,,,,,,,,,,,
,DICEK TANGGAL,,13/01/2025,13/01/2025,13/01/2025,,,,,,,,,,,
12/1/25,Opaper,,40.425,113.190,1.388.505,,,,,,,,,,,"1.542.120,00"
,SETTLEMENT,,40.425,113.190,1.388.505,,,,,,,,,,,"1.542.120,00"
,SELISIH,0,0,0,0,0,0,0,0,0,0,0,0,0,0,"0,00"
,REK KORAN,,39.617,113.020,1.378.785,,,,,,,,,,,"1.531.422,69"
,SELISIH (FEE),0,(808),(170),(9.720),0,0,0,0,,0,0,0,0,0,"(10.697,31)"
,Fee (%),#DIV/0!,"-2,00%","-0,15%","-0,70%",#DIV/0!,#DIV/0!,#DIV/0!,#DIV/0!,,#DIV/0!,#DIV/0!,#DIV/0!,#DIV/0!,#DIV/0!,"(0,01)"
,MASUK TANGGAL,,13/01/2025,13/01/2025,13/01/2025,,,,,,,,,,,
,DICEK TANGGAL,,13/01/2025,13/01/2025,13/01/2025,,,,,,,,,,,
13/1/25,Opaper,,154.770,51.975,840.840,,,,,,,,,,,"1.047.585,00"
,SETTLEMENT,,49.665,51.975,332.640,,,,,,,,,,,"434.280,00"
,SELISIH,0,(105.105),0,(508.200),0,0,0,0,0,0,0,0,0,0,"(613.305,00)"
,REK KORAN,,48.672,51.897,330.312,,,,,,,,,,,"430.880,52"
,SELISIH (FEE),0,(993),(78),(2.328),0,0,0,0,,0,0,0,0,0,"(3.399,48)"
,Fee (%),#DIV/0!,"-2,00%","-0,15%","-0,70%",#DIV/0!,#DIV/0!,#DIV/0!,#DIV/0!,,#DIV/0!,#DIV/0!,#DIV/0!,#DIV/0!,#DIV/0!,"(0,01)"
,MASUK TANGGAL,,14/01/2025,14/01/2025,14/01/2025,,,,,,,,,,,
,DICEK TANGGAL,,20/01/2025,20/01/2025,20/01/2025,,,,,,,,,,,
14/1/25,Opaper,,0,0,107.415,,,,,,,,,,,"107.415,00"
,SETTLEMENT,,105.105,,615.615,,,,,,,,,,,"720.720,00"
,SELISIH,0,105.105,0,508.200,0,0,0,0,0,0,0,0,0,0,"613.305,00"
,REK KORAN,,103.003,,611.306,,,,,,,,,,,"714.308,70"
,SELISIH (FEE),0,(2.102),0,(4.309),0,0,0,0,,0,0,0,0,0,"(6.411,30)"
,Fee (%),#DIV/0!,"-2,00%",#DIV/0!,"-0,70%",#DIV/0!,#DIV/0!,#DIV/0!,#DIV/0!,,#DIV/0!,#DIV/0!,#DIV/0!,#DIV/0!,#DIV/0!,"(0,01)"
,MASUK TANGGAL,,15/01/2025,,15/01/2025,,,,,,,,,,,
,DICEK TANGGAL,,20/01/2025,,20/01/2025,,,,,,,,,,,
15/1/25,Opaper,,40.425,469.845,756.270,,,,,,,,,,,"1.266.540,00"
,SETTLEMENT,,40.425,469.845,756.270,,,,,,,,,,,"1.266.540,00"
,SELISIH,0,0,0,0,0,0,0,0,0,0,0,0,0,0,"0,00"
,REK KORAN,,39.617,466.207,750.976,,,,,,,,,,,"1.256.799,96"
,SELISIH (FEE),0,(808),(3.638),(5.294),0,0,0,0,,0,0,0,0,0,"(9.740,04)"
,Fee (%),#DIV/0!,"-2,00%","-0,77%","-0,70%",#DIV/0!,#DIV/0!,#DIV/0!,#DIV/0!,,#DIV/0!,#DIV/0!,#DIV/0!,#DIV/0!,#DIV/0!,"(0,01)"
,MASUK TANGGAL,,16/01/2025,16/01/2025,16/01/2025,,,,,,,,,,,
,DICEK TANGGAL,,20/01/2025,20/01/2025,20/01/2025,,,,,,,,,,,
16/1/25,Opaper,,40.425,76.230,800.762,,,,,,,,,,,"917.417,00"
,SETTLEMENT,,40.425,,876.992,,,,,,,,,,,"917.417,00"
,SELISIH,0,0,(76.230),76.230,0,0,0,0,0,0,0,0,0,0,"0,00"
,REK KORAN,,39.617,,870.853,,,,,,,,,,,"910.470,07"
,SELISIH (FEE),0,(808),0,(6.139),0,0,0,0,,0,0,0,0,0,"(6.946,93)"
,Fee (%),#DIV/0!,"-2,00%",#DIV/0!,"-0,70%",#DIV/0!,#DIV/0!,#DIV/0!,#DIV/0!,,#DIV/0!,#DIV/0!,#DIV/0!,#DIV/0!,#DIV/0!,"(0,01)"
,MASUK TANGGAL,,17/01/2025,17/01/2025,17/01/2025,,,,,,,,,,,
,DICEK TANGGAL,,20/01/2025,20/01/2025,20/01/2025,,,,,,,,,,,
17/1/25,Opaper,,198.660,,1.211.340,,,,,,,,,,,"1.410.000,00"
,SETTLEMENT,,198.660,,1.211.340,,,,,,,,,,,"1.410.000,00"
,SELISIH,0,0,0,0,0,0,0,0,0,0,0,0,0,0,"0,00"
,REK KORAN,,194.964,,1.202.861,,,,,,,,,,,"1.397.824,63"
,SELISIH (FEE),0,(3.696),0,(8.479),0,0,0,0,,0,0,0,0,0,"(12.175,37)"
,Fee (%),#DIV/0!,"-1,86%",#DIV/0!,"-0,70%",#DIV/0!,#DIV/0!,#DIV/0!,#DIV/0!,,#DIV/0!,#DIV/0!,#DIV/0!,#DIV/0!,#DIV/0!,"(0,01)"
,MASUK TANGGAL,,18/01/2025,18/01/2025,18/01/2025,,,,,,,,,,,
,DICEK TANGGAL,,20/01/2025,20/01/2025,20/01/2025,,,,,,,,,,,
18/1/25,Opaper,,681.450,550.450,2.543.300,,,,,,,,,,,"3.775.200,00"
,SETTLEMENT,,577.770,654.400,2.543.300,,,,,,,,,,,"3.775.470,00"
,SELISIH,0,(103.680),103.950,0,0,0,0,0,0,0,0,0,0,0,"270,00"
,REK KORAN,,566.474,650.497,2.525.497,,,,,,,,,,,"3.742.467,82"
,SELISIH (FEE),0,(11.296),(3.903),(17.803),0,0,0,0,,0,0,0,0,0,"(33.002,18)"
,Fee (%),#DIV/0!,"-1,96%","-0,60%","-0,70%",#DIV/0!,#DIV/0!,#DIV/0!,#DIV/0!,,#DIV/0!,#DIV/0!,#DIV/0!,#DIV/0!,#DIV/0!,"(0,01)"
,MASUK TANGGAL,,19/01/2025,19/01/2025,19/01/2025,,,,,,,,,,,
,DICEK TANGGAL,,20/01/2025,20/01/2025,20/01/2025,,,,,,,,,,,
19/1/25,Opaper,,220.545,316.470,2.784.000,,,,,,,,,,,"3.321.015,00"
,SETTLEMENT,,220.545,352.275,2.748.195,,,,,,,,,,,"3.321.015,00"
,SELISIH,0,0,35.805,(35.805),0,0,0,0,0,0,0,0,0,0,"0,00"
,REK KORAN,,216.134,350.834,2.728.958,,,,,,,,,,,"3.295.925,21"
,SELISIH (FEE),0,(4.411),(1.441),(19.237),0,0,0,0,,0,0,0,0,0,"(25.089,79)"
,Fee (%),#DIV/0!,"-2,00%","-0,41%","-0,70%",#DIV/0!,#DIV/0!,#DIV/0!,#DIV/0!,,#DIV/0!,#DIV/0!,#DIV/0!,#DIV/0!,#DIV/0!,"(0,01)"
,MASUK TANGGAL,,20/01/2025,20/01/2025,20/01/2025,,,,,,,,,,,
,DICEK TANGGAL,,20/01/2025,20/01/2025,20/01/2025,,,,,,,,,,,
20/1/25,Opaper,,143.220,103.950,392.215,,,,,,,,,,,"639.385,00"
,SETTLEMENT,,143.220,103.950,392.215,,,,,,,,,,,"639.385,00"
,SELISIH,0,0,0,0,0,0,0,0,0,0,0,0,0,0,"0,00"
,REK KORAN,,140.356,102.911,389.470,,,,,,,,,,,"632.736,00"
,SELISIH (FEE),0,(2.864),(1.040),(2.746),0,0,0,0,,0,0,0,0,0,"(6.649,00)"
,Fee (%),#DIV/0!,"-2,00%","-1,00%","-0,70%",#DIV/0!,#DIV/0!,#DIV/0!,#DIV/0!,,#DIV/0!,#DIV/0!,#DIV/0!,#DIV/0!,#DIV/0!,"(0,01)"
,MASUK TANGGAL,,21/01/2025,21/01/2025,21/01/2025,,,,,,,,,,,
,DICEK TANGGAL,,30/01/2025,30/01/2025,30/01/2025,,,,,,,,,,,
21/1/25,Opaper,,730.940,32.340,406.045,,,,,,,,,,,"1.169.325,00"
,SETTLEMENT,,782.915,32.340,354.070,,,,,,,,,,,"1.169.325,00"
,SELISIH,0,51.975,0,(51.975),0,0,0,0,0,0,0,0,0,0,"0,00"
,REK KORAN,,767.258,32.291,351.592,,,,,,,,,,,"1.151.141,00"
,SELISIH (FEE),0,(15.657),(49),(2.478),0,0,0,0,,0,0,0,0,0,"(18.184,00)"
,Fee (%),#DIV/0!,"-2,00%","-0,15%","-0,70%",#DIV/0!,#DIV/0!,#DIV/0!,#DIV/0!,,#DIV/0!,#DIV/0!,#DIV/0!,#DIV/0!,#DIV/0!,"(0,02)"
,MASUK TANGGAL,,22/01/2025,22/01/2025,22/01/2025,,,,,,,,,,,
,DICEK TANGGAL,,30/01/2025,30/01/2025,30/01/2025,,,,,,,,,,,
22/1/25,Opaper,,183.645,458.535,1.107.390,,,,,,,,,,,"1.749.570,00"
,SETTLEMENT,,183.645,458.535,1.107.390,,,,,,,,,,,"1.749.570,00"
,SELISIH,0,0,0,0,0,0,0,0,0,0,0,0,0,0,"0,00"
,REK KORAN,,179.972,457.062,1.099.638,,,,,,,,,,,"1.736.672,08"
,SELISIH (FEE),0,(3.673),(1.473),(7.752),0,0,0,0,,0,0,0,0,0,"(12.897,92)"
,Fee (%),#DIV/0!,"-2,00%","-0,32%","-0,70%",#DIV/0!,#DIV/0!,#DIV/0!,#DIV/0!,,#DIV/0!,#DIV/0!,#DIV/0!,#DIV/0!,#DIV/0!,"(0,01)"
,MASUK TANGGAL,,23/01/2025,23/01/2025,23/01/2025,,,,,,,,,,,
,DICEK TANGGAL,,30/01/2025,30/01/2025,30/01/2025,,,,,,,,,,,
23/1/25,Opaper,,502.580,139.755,925.155,,,,,,,,,,,"1.567.490,00"
,SETTLEMENT,,502.580,139.755,925.155,,,,,,,,,,,"1.567.490,00"
,SELISIH,0,0,0,0,0,0,0,0,0,0,0,0,0,0,"0,00"
,REK KORAN,,492.528,138.780,918.679,,,,,,,,,,,"1.549.986,54"
,SELISIH (FEE),0,(10.052),(975),(6.476),0,0,0,0,,0,0,0,0,0,"(17.503,46)"
,Fee (%),#DIV/0!,"-2,00%","-0,70%","-0,70%",#DIV/0!,#DIV/0!,#DIV/0!,#DIV/0!,,#DIV/0!,#DIV/0!,#DIV/0!,#DIV/0!,#DIV/0!,"(0,01)"
,MASUK TANGGAL,,24/01/2025,24/01/2025,24/01/2025,,,,,,,,,,,
,DICEK TANGGAL,,30/01/2025,30/01/2025,30/01/2025,,,,,,,,,,,
24/1/25,Opaper,,117.810,155.925,1.181.565,,,,,,,,,,,"1.455.300,00"
,SETTLEMENT,,117.810,155.925,1.181.565,,,,,,,,,,,"1.455.300,00"
,SELISIH,0,0,0,0,0,0,0,0,0,0,0,0,0,0,"0,00"
,REK KORAN,,115.454,155.691,1.173.294,,,,,,,,,,,"1.444.439,18"
,SELISIH (FEE),0,(2.356),(234),(8.271),0,0,0,0,,0,0,0,0,0,"(10.860,82)"
,Fee (%),#DIV/0!,"-2,00%","-0,15%","-0,70%",#DIV/0!,#DIV/0!,#DIV/0!,#DIV/0!,,#DIV/0!,#DIV/0!,#DIV/0!,#DIV/0!,#DIV/0!,"(0,01)"
,MASUK TANGGAL,,25/01/2025,25/01/2025,25/01/2025,,,,,,,,,,,
,DICEK TANGGAL,,30/01/2025,30/01/2025,30/01/2025,,,,,,,,,,,
25/1/25,Opaper,,556.710,124.740,2.615.590,,,,,,,,,,,"3.297.040,00"
,SETTLEMENT,,556.710,124.740,2.615.590,,,,,,,,,,,"3.297.040,00"
,SELISIH,0,0,0,0,0,0,0,0,0,0,0,0,0,0,"0,00"
,REK KORAN,,545.501,124.111,2.597.281,,,,,,,,,,,"3.266.892,98"
,SELISIH (FEE),0,(11.209),(629),(18.309),0,0,0,0,,0,0,0,0,0,"(30.147,02)"
,Fee (%),#DIV/0!,"-2,01%","-0,50%","-0,70%",#DIV/0!,#DIV/0!,#DIV/0!,#DIV/0!,,#DIV/0!,#DIV/0!,#DIV/0!,#DIV/0!,#DIV/0!,"(0,01)"
,MASUK TANGGAL,,26/01/2025,26/01/2025,26/01/2025,,,,,,,,,,,
,DICEK TANGGAL,,30/01/2025,30/01/2025,30/01/2025,,,,,,,,,,,
26/1/25,Opaper,,349.965,279.255,2.757.621,,,,,,,,,,,"3.386.841,00"
,SETTLEMENT,,349.965,319.680,2.717.196,,,,,,,,,,,"3.386.841,00"
,SELISIH,0,0,40.425,(40.425),0,0,0,0,0,0,0,0,0,0,"0,00"
,REK KORAN,,342.965,318.356,2.698.176,,,,,,,,,,,"3.359.496,81"
,SELISIH (FEE),0,(7.000),(1.324),(19.020),0,0,0,0,,0,0,0,0,0,"(27.344,19)"
,Fee (%),#DIV/0!,"-2,00%","-0,41%","-0,70%",#DIV/0!,#DIV/0!,#DIV/0!,#DIV/0!,,#DIV/0!,#DIV/0!,#DIV/0!,#DIV/0!,#DIV/0!,"(0,01)"
,MASUK TANGGAL,,27/01/2025,27/01/2025,27/01/2025,,,,,,,,,,,
,DICEK TANGGAL,,30/01/2025,30/01/2025,30/01/2025,,,,,,,,,,,
27/1/25,Opaper,,285.285,115.950,2.175.765,,,,,,,,,,,"2.577.000,00"
,SETTLEMENT,,285.285,115.950,2.175.765,,,,,,,,,,,"2.577.000,00"
,SELISIH,0,0,0,0,0,0,0,0,0,0,0,0,0,0,"0,00"
,REK KORAN,,279.580,115.776,2.160.535,,,,,,,,,,,"2.555.890,73"
,SELISIH (FEE),0,(5.705),(174),(15.230),0,0,0,0,,0,0,0,0,0,"(21.109,27)"
,Fee (%),#DIV/0!,"-2,00%","-0,15%","-0,70%",#DIV/0!,#DIV/0!,#DIV/0!,#DIV/0!,,#DIV/0!,#DIV/0!,#DIV/0!,#DIV/0!,#DIV/0!,"(0,01)"
,MASUK TANGGAL,,28/01/2025,28/01/2025,28/01/2025,,,,,,,,,,,
,DICEK TANGGAL,,30/01/2025,30/01/2025,30/01/2025,,,,,,,,,,,
28/1/25,Opaper,,109.725,310.695,1.641.255,,,,,,,,,,,"2.061.675,00"
,SETTLEMENT,,109.725,211.365,1.781.010,,,,,,,,,,,"2.102.100,00"
,SELISIH,0,0,(99.330),139.755,0,0,0,0,0,0,0,0,0,0,"40.425,00"
,REK KORAN,,,,1.768.543,,,,,,,,,,,"1.768.542,93"
,SELISIH (FEE),0,(109.725),(211.365),(12.467),0,0,0,0,,0,0,0,0,0,"(333.557,07)"
,Fee (%),#DIV/0!,"-100,00%","-100,00%","-0,70%",#DIV/0!,#DIV/0!,#DIV/0!,#DIV/0!,,#DIV/0!,#DIV/0!,#DIV/0!,#DIV/0!,#DIV/0!,"(0,16)"
,MASUK TANGGAL,,29/01/2025,29/01/2025,29/01/2025,,,,,,,,,,,
,DICEK TANGGAL,,30/01/2025,30/01/2025,30/01/2025,,,,,,,,,,,
29/1/25,Opaper,,49.665,239.085,1.185.030,,,,,,,,,,,"1.473.780,00"
,SETTLEMENT,,49.665,239.085,1.185.030,,,,,,,,,,,"1.473.780,00"
,SELISIH,0,0,0,0,0,0,0,0,0,0,0,0,0,0,"0,00"
,REK KORAN,,156.203,448.655,1.176.735,,,,,,,,,,,"1.781.592,93"
,SELISIH (FEE),0,106.538,209.570,(8.295),0,0,0,0,,0,0,0,0,0,"307.812,93"
,Fee (%),#DIV/0!,"214,51%","87,66%","-0,70%",#DIV/0!,#DIV/0!,#DIV/0!,#DIV/0!,,#DIV/0!,#DIV/0!,#DIV/0!,#DIV/0!,#DIV/0!,"0,21"
,MASUK TANGGAL,,30/01/2025,30/01/2025,30/01/2025,,,,,,,,,,,
,DICEK TANGGAL,,30/01/2025,30/01/2025,30/01/2025,,,,,,,,,,,
30/1/25,Opaper,,105.105,72.765,562.602,,,,,,,,,,,"740.472,00"
,SETTLEMENT,,105.105,72.765,562.602,,,,,,,,,,,"740.472,00"
,SELISIH,0,0,0,0,0,0,0,0,0,0,0,0,0,0,"0,00"
,REK KORAN,,103.003,72.656,558.664,,,,,,,,,,,"734.322,66"
,SELISIH (FEE),0,(2.102),(109),(3.938),0,0,0,0,,0,0,0,0,0,"(6.149,34)"
,Fee (%),#DIV/0!,"-2,00%","-0,15%","-0,70%",#DIV/0!,#DIV/0!,#DIV/0!,#DIV/0!,,#DIV/0!,#DIV/0!,#DIV/0!,#DIV/0!,#DIV/0!,"(0,01)"
,MASUK TANGGAL,,31/01/2025,31/01/2025,31/01/2025,,,,,,,,,,,
,DICEK TANGGAL,,12/02/2025,12/02/2025,12/02/2025,,,,,,,,,,,
31/1/25,Opaper,,84.315,20.790,294.525,,,,,,,,,,,"399.630,00"
,SETTLEMENT,,84.315,20.790,294.525,,,,,,,,,,,"399.630,00"
,SELISIH,0,0,0,0,0,0,0,0,0,0,0,0,0,0,"0,00"
,REK KORAN,,"82.629,00 ","20.758,82 ","292.463,34 ",,,,,,,,,,,"395.851,16"
,SELISIH (FEE),0,"(1.686,00)","(31,18)","(2.061,66)",0,0,0,0,,0,0,0,0,0,"(3.778,84)"
,Fee (%),#DIV/0!,"-2,00%","-0,15%","-0,70%",#DIV/0!,#DIV/0!,#DIV/0!,#DIV/0!,,#DIV/0!,#DIV/0!,#DIV/0!,#DIV/0!,#DIV/0!,"(0,01)"
,MASUK TANGGAL,,01/02/2025,01/02/2025,01/02/2025,,,,,,,,,,,
,DICEK TANGGAL,,12/02/2025,12/02/2025,12/02/2025,,,,,,,,,,,
1/2/25,Opaper,,242.065,263.340,2.336.108,,,,,,,,,,,"2.841.513,00"
,SETTLEMENT,,242.065,263.340,2.336.108,,,,,,,,,,,"2.841.513,00"
,SELISIH,0,0,0,0,0,0,0,0,0,0,0,0,0,0,"0,00"
,REK KORAN,,"237.224,00 ","261.727,62 ","2.319.755,25 ",,,,,,,,,,,"2.818.706,87"
,SELISIH (FEE),0,"(4.841,00)","(1.612,38)","(16.352,75)",0,0,0,0,,0,0,0,0,0,"(22.806,13)"
,Fee (%),#DIV/0!,"-2,00%","-0,61%","-0,70%",#DIV/0!,#DIV/0!,#DIV/0!,#DIV/0!,,#DIV/0!,#DIV/0!,#DIV/0!,#DIV/0!,#DIV/0!,"(0,01)"
,MASUK TANGGAL,,02/02/2025,02/02/2025,02/02/2025,,,,,,,,,,,
,DICEK TANGGAL,,12/02/2025,12/02/2025,12/02/2025,,,,,,,,,,,
2/2/25,Opaper,,239.085,847.770,2.106.778,,,,,,,,,,,"3.193.633,00"
,SETTLEMENT,,239.085,847.770,2.106.778,,,,,,,,,,,"3.193.633,00"
,SELISIH,0,0,0,0,0,0,0,0,0,0,0,0,0,0,"0,00"
,REK KORAN,,"234.551,00 ","845.555,87 ","2.092.030,56 ",,,,,,,,,,,"3.172.137,43"
,SELISIH (FEE),0,"(4.534,00)","(2.214,13)","(14.747,44)",0,0,0,0,,0,0,0,0,0,"(21.495,57)"
,Fee (%),#DIV/0!,"-1,90%","-0,26%","-0,70%",#DIV/0!,#DIV/0!,#DIV/0!,#DIV/0!,,#DIV/0!,#DIV/0!,#DIV/0!,#DIV/0!,#DIV/0!,"(0,01)"
,MASUK TANGGAL,,03/02/2025,03/02/2025,03/02/2025,,,,,,,,,,,
,DICEK TANGGAL,,12/02/2025,12/02/2025,12/02/2025,,,,,,,,,,,
3/2/25,Opaper,,,,446.119,,,,,,,,,,,"446.119,00"
,SETTLEMENT,,,105.105,341.014,,,,,,,,,,,"446.119,00"
,SELISIH,0,0,105.105,(105.105),0,0,0,0,0,0,0,0,0,0,"0,00"
,REK KORAN,,,"104.947,35 ","338.626,91 ",,,,,,,,,,,"443.574,26"
,SELISIH (FEE),0,0,"(157,65)","(2.387,09)",0,0,0,0,,0,0,0,0,0,"(2.544,74)"
,Fee (%),#DIV/0!,#DIV/0!,"-0,15%","-0,70%",#DIV/0!,#DIV/0!,#DIV/0!,#DIV/0!,,#DIV/0!,#DIV/0!,#DIV/0!,#DIV/0!,#DIV/0!,"(0,01)"
,MASUK TANGGAL,,04/02/2025,04/02/2025,04/02/2025,,,,,,,,,,,
,DICEK TANGGAL,,,12/02/2025,12/02/2025,,,,,,,,,,,
4/2/25,Opaper,,,148.995,471.587,,,,,,,,,,,"620.582,00"
,SETTLEMENT,,49.665,99.330,471.587,,,,,,,,,,,"620.582,00"
,SELISIH,0,"49.665,00 ","(49.665,00)","0,00 ",0,0,0,0,0,0,0,0,0,0,"0,00"
,REK KORAN,,"48.672,00 ","99.181,01 ","468.285,90 ",,,,,,,,,,,"616.138,91"
,SELISIH (FEE),0,"(993,00)","(148,99)","(3.301,10)",0,0,0,0,,0,0,0,0,0,"(4.443,09)"
,Fee (%),#DIV/0!,"-2,00%","-0,15%","-0,70%",#DIV/0!,#DIV/0!,#DIV/0!,#DIV/0!,,#DIV/0!,#DIV/0!,#DIV/0!,#DIV/0!,#DIV/0!,"(0,01)"
,MASUK TANGGAL,,05/02/2025,05/02/2025,05/02/2025,,,,,,,,,,,
,DICEK TANGGAL,,12/02/2025,12/02/2025,12/02/2025,,,,,,,,,,,
5/2/25,Opaper,,99.330,85.470,1.126.130,,,,,,,,,,,"1.310.930,00"
,SETTLEMENT,,99.330,85.470,1.126.130,,,,,,,,,,,"1.310.930,00"
,SELISIH,0,0,0,0,0,0,0,0,0,0,0,0,0,0,"0,00"
,REK KORAN,,"97.344,00 ","85.341,80 ","1.118.247,09 ",,,,,,,,,,,"1.300.932,89"
,SELISIH (FEE),0,"(1.986,00)","(128,20)","(7.882,91)",0,0,0,0,,0,0,0,0,0,"(9.997,11)"
,Fee (%),#DIV/0!,"-2,00%","-0,15%","-0,70%",#DIV/0!,#DIV/0!,#DIV/0!,#DIV/0!,,#DIV/0!,#DIV/0!,#DIV/0!,#DIV/0!,#DIV/0!,"(0,01)"
,MASUK TANGGAL,,06/02/2025,06/02/2025,06/02/2025,,,,,,,,,,,
,DICEK TANGGAL,,12/02/2025,12/02/2025,12/02/2025,,,,,,,,,,,
6/2/25,Opaper,,101.640,92.400,557.403,,,,,,,,,,,"751.443,00"
,SETTLEMENT,,101.640,92.400,557.403,,,,,,,,,,,"751.443,00"
,SELISIH,0,0,0,0,0,0,0,0,0,0,0,0,0,0,"0,00"
,REK KORAN,,"99.607,00 ","91.476,00 ","553.501,19 ",,,,,,,,,,,"744.584,19"
,SELISIH (FEE),0,"(2.033,00)","(924,00)","(3.901,81)",0,0,0,0,,0,0,0,0,0,"(6.858,81)"
,Fee (%),#DIV/0!,"-2,00%","-1,00%","-0,70%",#DIV/0!,#DIV/0!,#DIV/0!,#DIV/0!,,#DIV/0!,#DIV/0!,#DIV/0!,#DIV/0!,#DIV/0!,"(0,01)"
,MASUK TANGGAL,,07/02/2025,07/02/2025,07/02/2025,,,,,,,,,,,
,DICEK TANGGAL,,12/02/2025,12/02/2025,12/02/2025,,,,,,,,,,,
7/2/25,Opaper,,133.980,140.425,1.057.725,,,,,,,,,,,"1.332.130,00"
,SETTLEMENT,,133.980,140.425,1.057.725,,,,,,,,,,,"1.332.130,00"
,SELISIH,0,0,0,0,0,0,0,0,0,0,0,0,0,0,"0,00"
,REK KORAN,,"131.301,00 ","139.870,75 ","1.050.320,94 ",,,,,,,,,,,"1.321.492,69"
,SELISIH (FEE),0,"(2.679,00)","(554,25)","(7.404,06)",0,0,0,0,,0,0,0,0,0,"(10.637,31)"
,Fee (%),#DIV/0!,"-2,00%","-0,39%","-0,70%",#DIV/0!,#DIV/0!,#DIV/0!,#DIV/0!,,#DIV/0!,#DIV/0!,#DIV/0!,#DIV/0!,#DIV/0!,"(0,01)"
,MASUK TANGGAL,,08/02/2025,08/02/2025,08/02/2025,,,,,,,,,,,
,DICEK TANGGAL,,12/02/2025,12/02/2025,12/02/2025,,,,,,,,,,,
8/2/25,Opaper,,160.545,272.580,1.830.516,,,,,,,,,,,"2.263.641,00"
,SETTLEMENT,,160.545,272.580,1.830.516,,,,,,,,,,,"2.263.641,00"
,SELISIH,0,0,0,0,0,0,0,0,0,0,0,0,0,0,"0,00"
,REK KORAN,,"157.334,00 ","271.729,35 ","1.817.702,40 ",,,,,,,,,,,"2.246.765,75"
,SELISIH (FEE),0,"(3.211,00)","(850,65)","(12.813,60)",0,0,0,0,,0,0,0,0,0,"(16.875,25)"
,Fee (%),#DIV/0!,"-2,00%","-0,31%","-0,70%",#DIV/0!,#DIV/0!,#DIV/0!,#DIV/0!,,#DIV/0!,#DIV/0!,#DIV/0!,#DIV/0!,#DIV/0!,"(0,01)"
,MASUK TANGGAL,,09/02/2025,09/02/2025,09/02/2025,,,,,,,,,,,
,DICEK TANGGAL,,12/02/2025,12/02/2025,12/02/2025,,,,,,,,,,,
9/2/25,Opaper,,299.145,431.970,1.960.935,,,,,,,,,,,"2.692.050,00"
,SETTLEMENT,,299.145,431.970,1.960.935,,,,,,,,,,,"2.692.050,00"
,SELISIH,0,0,0,0,0,0,0,0,0,0,0,0,0,0,"0,00"
,REK KORAN,,"293.162,00 ","431.322,05 ","1.947.208,46 ",,,,,,,,,,,"2.671.692,51"
,SELISIH (FEE),0,"(5.983,00)","(647,95)","(13.726,54)",0,0,0,0,,0,0,0,0,0,"(20.357,49)"
,Fee (%),#DIV/0!,"-2,00%","-0,15%","-0,70%",#DIV/0!,#DIV/0!,#DIV/0!,#DIV/0!,,#DIV/0!,#DIV/0!,#DIV/0!,#DIV/0!,#DIV/0!,"(0,01)"
,MASUK TANGGAL,,10/02/2025,10/02/2025,10/02/2025,,,,,,,,,,,
,DICEK TANGGAL,,12/02/2025,12/02/2025,12/02/2025,,,,,,,,,,,
10/2/25,Opaper,,110.880,232.155,897.435,,,,,,,,,,,"1.240.470,00"
,SETTLEMENT,,110.880,232.155,897.435,,,,,,,,,,,"1.240.470,00"
,SELISIH,0,0,0,0,0,0,0,0,0,0,0,0,0,0,"0,00"
,REK KORAN,,"108.662,00 ","231.041,01 ","891.152,96 ",,,,,,,,,,,"1.230.855,97"
,SELISIH (FEE),0,"(2.218,00)","(1.113,99)","(6.282,04)",0,0,0,0,,0,0,0,0,0,"(9.614,03)"
,Fee (%),#DIV/0!,"-2,00%","-0,48%","-0,70%",#DIV/0!,#DIV/0!,#DIV/0!,#DIV/0!,,#DIV/0!,#DIV/0!,#DIV/0!,#DIV/0!,#DIV/0!,"(0,01)"
,MASUK TANGGAL,,11/02/2025,11/02/2025,11/02/2025,,,,,,,,,,,
,DICEK TANGGAL,,12/02/2025,12/02/2025,12/02/2025,,,,,,,,,,,
11/2/25,Opaper,,40.425,196.350,844.031,,,,,,,,,,,"1.080.806,00"
,SETTLEMENT,,40.425,196.350,844.031,,,,,,,,,,,"1.080.806,00"
,SELISIH,0,0,0,0,0,0,0,0,0,0,0,0,0,0,"0,00"
,REK KORAN,,"39.617,00 ","196.055,48 ","838.122,79 ",,,,,,,,,,,"1.073.795,27"
,SELISIH (FEE),0,"(808,00)","(294,52)","(5.908,21)",0,0,0,0,,0,0,0,0,0,"(7.010,73)"
,Fee (%),#DIV/0!,"-2,00%","-0,15%","-0,70%",#DIV/0!,#DIV/0!,#DIV/0!,#DIV/0!,,#DIV/0!,#DIV/0!,#DIV/0!,#DIV/0!,#DIV/0!,"(0,01)"
,MASUK TANGGAL,,12/02/2025,12/02/2025,12/02/2025,,,,,,,,,,,
,DICEK TANGGAL,,12/02/2025,12/02/2025,12/02/2025,,,,,,,,,,,
12/2/25,Opaper,,133.980,51.975,835.759,,,,,,,,,,,"1.021.714,00"
,SETTLEMENT,,133.980,51.975,835.759,,,,,,,,,,,"1.021.714,00"
,SELISIH,0,0,0,0,0,0,0,0,0,0,0,0,0,0,"0,00"
,REK KORAN,,"131.301,00","51.897,04","829.908,70",,,,,,,,,,,"1.013.106,74"
,SELISIH (FEE),0,"(2.679,00)","(77,96)","(5.850,30)",0,0,0,0,,0,0,0,0,0,"(8.607,26)"
,Fee (%),#DIV/0!,"-2,00%","-0,15%","-0,70%",#DIV/0!,#DIV/0!,#DIV/0!,#DIV/0!,,#DIV/0!,#DIV/0!,#DIV/0!,#DIV/0!,#DIV/0!,"(0,01)"
,MASUK TANGGAL,,13/02/2025,13/02/2025,13/02/2025,,,,,,,,,,,
,DICEK TANGGAL,,19/02/2025,19/02/2025,19/02/2025,,,,,,,,,,,
13/2/25,Opaper,,105.105,49.665,872.488,,,,,,,,,,,"1.027.258,00"
,SETTLEMENT,,105.105,49.665,872.488,,,,,,,,,,,"1.027.258,00"
,SELISIH,0,0,0,0,0,0,0,0,0,0,0,0,0,0,"0,00"
,REK KORAN,,"103.003,00","49.590,51","866.380,59",,,,,,,,,,,"1.018.974,10"
,SELISIH (FEE),0,"(2.102,00)","(74,49)","(6.107,41)",0,0,0,0,,0,0,0,0,0,"(8.283,90)"
,Fee (%),#DIV/0!,"-2,00%","-0,15%","-0,70%",#DIV/0!,#DIV/0!,#DIV/0!,#DIV/0!,,#DIV/0!,#DIV/0!,#DIV/0!,#DIV/0!,#DIV/0!,"(0,01)"
,MASUK TANGGAL,,14/02/2025,14/02/2025,14/02/2025,,,,,,,,,,,
,DICEK TANGGAL,,19/02/2025,19/02/2025,19/02/2025,,,,,,,,,,,
14/2/25,Opaper,,,155.463,938.011,,,,,,,,,,,"1.093.474,00"
,SETTLEMENT,,,155.463,938.011,,,,,,,,,,,"1.093.474,00"
,SELISIH,0,0,0,0,0,0,0,0,0,0,0,0,0,0,"0,00"
,REK KORAN,,,"153.908,37","931.444,93",,,,,,,,,,,"1.085.353,30"
,SELISIH (FEE),0,0,"(1.554,63)","(6.566,07)",0,0,0,0,,0,0,0,0,0,"(8.120,70)"
,Fee (%),#DIV/0!,#DIV/0!,"-1,00%","-0,70%",#DIV/0!,#DIV/0!,#DIV/0!,#DIV/0!,,#DIV/0!,#DIV/0!,#DIV/0!,#DIV/0!,#DIV/0!,"(0,01)"
,MASUK TANGGAL,,,15/02/2025,15/02/2025,,,,,,,,,,,
,DICEK TANGGAL,,,19/02/2025,19/02/2025,,,,,,,,,,,
15/2/25,Opaper,,182.490,525.525,1.575.594,,,,,,,,,,,"2.283.609,00"
,SETTLEMENT,,182.490,525.525,1.575.594,,,,,,,,,,,"2.283.609,00"
,SELISIH,0,0,0,0,0,0,0,0,0,0,0,0,0,0,"0,00"
,REK KORAN,,"178.840,00","524.736,72","1.564.564,85",,,,,,,,,,,"2.268.141,57"
,SELISIH (FEE),0,"(3.650,00)","(788,28)","(11.029,15)",0,0,0,0,,0,0,0,0,0,"(15.467,43)"
,Fee (%),#DIV/0!,"-2,00%","-0,15%","-0,70%",#DIV/0!,#DIV/0!,#DIV/0!,#DIV/0!,,#DIV/0!,#DIV/0!,#DIV/0!,#DIV/0!,#DIV/0!,"(0,01)"
,MASUK TANGGAL,,16/02/2025,16/02/2025,16/02/2025,,,,,,,,,,,
,DICEK TANGGAL,,19/02/2025,19/02/2025,19/02/2025,,,,,,,,,,,
16/2/25,Opaper,,189.420,466.410,1.535.631,,,,,,,,,,,"2.191.461,00"
,SETTLEMENT,,189.420,466.410,1.535.631,,,,,,,,,,,"2.191.461,00"
,SELISIH,0,0,0,0,0,0,0,0,0,0,0,0,0,0,"0,00"
,REK KORAN,,"185.633,00","463.972,69","1.524.881,60",,,,,,,,,,,"2.174.487,29"
,SELISIH (FEE),0,"(3.787,00)","(2.437,31)","(10.749,40)",0,0,0,0,,0,0,0,0,0,"(16.973,71)"
,Fee (%),#DIV/0!,"-2,00%","-0,52%","-0,70%",#DIV/0!,#DIV/0!,#DIV/0!,#DIV/0!,,#DIV/0!,#DIV/0!,#DIV/0!,#DIV/0!,#DIV/0!,"(0,01)"
,MASUK TANGGAL,,17/02/2025,17/02/2025,17/02/2025,,,,,,,,,,,
,DICEK TANGGAL,,19/02/2025,19/02/2025,19/02/2025,,,,,,,,,,,
17/2/25,Opaper,,55.440,135.135,978.690,,,,,,,,,,,"1.169.265,00"
,SETTLEMENT,,55.440,135.135,978.690,,,,,,,,,,,"1.169.265,00"
,SELISIH,0,0,0,0,0,0,0,0,0,0,0,0,0,0,"0,00"
,REK KORAN,,"54.331,00 ","134.932,30 ","971.839,18 ",,,,,,,,,,,"1.161.102,48"
,SELISIH (FEE),0,"(1.109,00)","(202,70)","(6.850,82)",0,0,0,0,,0,0,0,0,0,"(8.162,52)"
,Fee (%),#DIV/0!,"-2,00%","-0,15%","-0,70%",#DIV/0!,#DIV/0!,#DIV/0!,#DIV/0!,,#DIV/0!,#DIV/0!,#DIV/0!,#DIV/0!,#DIV/0!,"(0,01)"
,MASUK TANGGAL,,18/02/2025,18/02/2025,18/02/2025,,,,,,,,,,,
,DICEK TANGGAL,,03/03/2025,03/03/2025,03/03/2025,,,,,,,,,,,
18/2/25,Opaper,,73.920,247.170,381.150,,,,,,,,,,,"702.240,00"
,SETTLEMENT,,73.920,247.170,381.150,,,,,,,,,,,"702.240,00"
,SELISIH,0,0,0,0,0,0,0,0,0,0,0,0,0,0,"0,00"
,REK KORAN,,"72.442,00","246.799,25","378.481,95",,,,,,,,,,,"697.723,20"
,SELISIH (FEE),0,"(1.478,00)","(370,75)","(2.668,05)",0,0,0,0,,0,0,0,0,0,"(4.516,80)"
,Fee (%),#DIV/0!,"-2,00%","-0,15%","-0,70%",#DIV/0!,#DIV/0!,#DIV/0!,#DIV/0!,,#DIV/0!,#DIV/0!,#DIV/0!,#DIV/0!,#DIV/0!,"(0,01)"
,MASUK TANGGAL,,19/02/2025,19/02/2025,19/02/2025,,,,,,,,,,,
,DICEK TANGGAL,,01/03/2025,01/03/2025,01/03/2025,,,,,,,,,,,
19/2/25,Opaper,,85.470,40.425,742.665,,,,,,,,,,,"868.560,00"
,SETTLEMENT,,85.470,40.425,742.665,,,,,,,,,,,"868.560,00"
,SELISIH,0,0,0,0,0,0,0,0,0,0,0,0,0,0,"0,00"
,REK KORAN,,"83.940,00","40.020,75","737.466,35",,,,,,,,,,,"861.427,10"
,SELISIH (FEE),0,"(1.530,00)","(404,25)","(5.198,65)",0,0,0,0,,0,0,0,0,0,"(7.132,90)"
,Fee (%),#DIV/0!,"-1,79%","-1,00%","-0,70%",#DIV/0!,#DIV/0!,#DIV/0!,#DIV/0!,,#DIV/0!,#DIV/0!,#DIV/0!,#DIV/0!,#DIV/0!,"(0,01)"
,MASUK TANGGAL,,20/02/2025,20/02/2025,20/02/2025,,,,,,,,,,,
,DICEK TANGGAL,,01/03/2025,01/03/2025,01/03/2025,,,,,,,,,,,
20/2/25,Opaper,,267.960,132.825,819.753,,,,,,,,,,,"1.220.538,00"
,SETTLEMENT,,267.960,132.825,819.753,,,,,,,,,,,"1.220.538,00"
,SELISIH,0,0,0,0,0,0,0,0,0,0,0,0,0,0,"0,00"
,REK KORAN,,"263.127,00","132.625,77","814.014,74",,,,,,,,,,,"1.209.767,51"
,SELISIH (FEE),0,"(4.833,00)","(199,23)","(5.738,26)",0,0,0,0,,0,0,0,0,0,"(10.770,49)"
,Fee (%),#DIV/0!,"-1,80%","-0,15%","-0,70%",#DIV/0!,#DIV/0!,#DIV/0!,#DIV/0!,,#DIV/0!,#DIV/0!,#DIV/0!,#DIV/0!,#DIV/0!,"(0,01)"
,MASUK TANGGAL,,21/02/2025,21/02/2025,21/02/2025,,,,,,,,,,,
,DICEK TANGGAL,,01/03/2025,01/03/2025,01/03/2025,,,,,,,,,,,
21/2/25,Opaper,,,41.580,818.895,,,,,,,,,,,"860.475,00"
,SETTLEMENT,,,41.580,818.895,,,,,,,,,,,"860.475,00"
,SELISIH,0,0,0,0,0,0,0,0,0,0,0,0,0,0,"0,00"
,REK KORAN,,,"41.340,92","813.162,74",,,,,,,,,,,"854.503,66"
,SELISIH (FEE),0,0,"(239,08)","(5.732,26)",0,0,0,0,,0,0,0,0,0,"(5.971,34)"
,Fee (%),#DIV/0!,#DIV/0!,"-0,57%","-0,70%",#DIV/0!,#DIV/0!,#DIV/0!,#DIV/0!,,#DIV/0!,#DIV/0!,#DIV/0!,#DIV/0!,#DIV/0!,"(0,01)"
,MASUK TANGGAL,,,22/02/2025,22/02/2025,,,,,,,,,,,
,DICEK TANGGAL,,,01/03/2025,01/03/2025,,,,,,,,,,,
22/2/25,Opaper,,,290.970,1.313.235,,,,,,,,,,,"1.604.205,00"
,SETTLEMENT,,,290.970,1.313.235,,,,,,,,,,,"1.604.205,00"
,SELISIH,0,0,0,0,0,0,0,0,0,0,0,0,0,0,"0,00"
,REK KORAN,,,"290.533,55","1.304.042,36",,,,,,,,,,,"1.594.575,91"
,SELISIH (FEE),0,0,"(436,45)","(9.192,64)",0,0,0,0,,0,0,0,0,0,"(9.629,09)"
,Fee (%),#DIV/0!,#DIV/0!,"-0,15%","-0,70%",#DIV/0!,#DIV/0!,#DIV/0!,#DIV/0!,,#DIV/0!,#DIV/0!,#DIV/0!,#DIV/0!,#DIV/0!,"(0,01)"
,MASUK TANGGAL,,,23/02/2025,23/02/2025,,,,,,,,,,,
,DICEK TANGGAL,,,01/03/2025,01/03/2025,,,,,,,,,,,
23/2/25,Opaper,,152.460,72.765,980.595,,,,,,,,,,,"1.205.820,00"
,SETTLEMENT,,152.460,72.765,980.595,,,,,,,,,,,"1.205.820,00"
,SELISIH,0,0,0,0,0,0,0,0,0,0,0,0,0,0,"0,00"
,REK KORAN,,"149.411,00","72.037,35","973.730,85",,,,,,,,,,,"1.195.179,20"
,SELISIH (FEE),0,"(3.049,00)","(727,65)","(6.864,15)",0,0,0,0,,0,0,0,0,0,"(10.640,80)"
,Fee (%),#DIV/0!,"-2,00%","-1,00%","-0,70%",#DIV/0!,#DIV/0!,#DIV/0!,#DIV/0!,,#DIV/0!,#DIV/0!,#DIV/0!,#DIV/0!,#DIV/0!,"(0,01)"
,MASUK TANGGAL,,24/02/2025,24/02/2025,24/02/2025,,,,,,,,,,,
,DICEK TANGGAL,,01/03/2025,01/03/2025,01/03/2025,,,,,,,,,,,
24/2/25,Opaper,,,48.510,288.750,,,,,,,,,,,"337.260,00"
,SETTLEMENT,,,48.510,288.750,,,,,,,,,,,"337.260,00"
,SELISIH,0,0,0,0,0,0,0,0,0,0,0,0,0,0,"0,00"
,REK KORAN,,,"48.437,24","286.728,76",,,,,,,,,,,"335.166,00"
,SELISIH (FEE),0,0,"(72,76)","(2.021,24)",0,0,0,0,,0,0,0,0,0,"(2.094,00)"
,Fee (%),#DIV/0!,#DIV/0!,"-0,15%","-0,70%",#DIV/0!,#DIV/0!,#DIV/0!,#DIV/0!,,#DIV/0!,#DIV/0!,#DIV/0!,#DIV/0!,#DIV/0!,"(0,01)"
,MASUK TANGGAL,,,25/02/2025,25/02/2025,,,,,,,,,,,
,DICEK TANGGAL,,,01/03/2025,01/03/2025,,,,,,,,,,,
25/2/25,Opaper,,,107.415,360.810,,,,,,,,,,,"468.225,00"
,SETTLEMENT,,,107.514,360.810,,,,,,,,,,,"468.324,00"
,SELISIH,0,0,99,0,0,0,0,0,0,0,0,0,0,0,"99,00"
,REK KORAN,,,"106.782,64","358.284,34",,,,,,,,,,,"465.066,98"
,SELISIH (FEE),0,0,"(731,36)","(2.525,66)",0,0,0,0,,0,0,0,0,0,"(3.257,02)"
,Fee (%),#DIV/0!,#DIV/0!,"-0,68%","-0,70%",#DIV/0!,#DIV/0!,#DIV/0!,#DIV/0!,,#DIV/0!,#DIV/0!,#DIV/0!,#DIV/0!,#DIV/0!,"(0,01)"
,MASUK TANGGAL,,,26/02/2025,26/02/2025,,,,,,,,,,,
,DICEK TANGGAL,,,01/03/2025,01/03/2025,,,,,,,,,,,
26/2/25,Opaper,,,20.790,533.610,,,,,,,,,,,"554.400,00"
,SETTLEMENT,,,20.790,533.610,,,,,,,,,,,"554.400,00"
,SELISIH,0,0,0,0,0,0,0,0,0,0,0,0,0,0,"0,00"
,REK KORAN,,,"20.758,82","529.874,74",,,,,,,,,,,"550.633,56"
,SELISIH (FEE),0,0,"(31,18)","(3.735,26)",0,0,0,0,,0,0,0,0,0,"(3.766,44)"
,Fee (%),#DIV/0!,#DIV/0!,"-0,15%","-0,70%",#DIV/0!,#DIV/0!,#DIV/0!,#DIV/0!,,#DIV/0!,#DIV/0!,#DIV/0!,#DIV/0!,#DIV/0!,"(0,01)"
,MASUK TANGGAL,,,27/02/2025,27/02/2025,,,,,,,,,,,
,DICEK TANGGAL,,,01/03/2025,01/03/2025,,,,,,,,,,,
27/2/25,Opaper,,100.000,144.375,547.470,,,,,,,,,,,"791.845,00"
,SETTLEMENT,,100.000,144.375,547.470,,,,,,,,,,,"791.845,00"
,SELISIH,0,0,0,0,0,0,0,0,0,0,0,0,0,0,"0,00"
,REK KORAN,,"98.000,00","144.158,44","543.637,71",,,,,,,,,,,"785.796,15"
,SELISIH (FEE),0,"(2.000,00)","(216,56)","(3.832,29)",0,0,0,0,,0,0,0,0,0,"(6.048,85)"
,Fee (%),#DIV/0!,"-2,00%","-0,15%","-0,70%",#DIV/0!,#DIV/0!,#DIV/0!,#DIV/0!,,#DIV/0!,#DIV/0!,#DIV/0!,#DIV/0!,#DIV/0!,"(0,01)"
,MASUK TANGGAL,,,28/02/2025,28/02/2025,,,,,,,,,,,
,DICEK TANGGAL,,,01/03/2025,01/03/2025,,,,,,,,,,,
28/2/25,Opaper,,,72.765,721.875,,,,,,,,,,,"794.640,00"
,SETTLEMENT,,,72.765,701.085,,,,,,,,,,,"773.850,00"
,SELISIH,0,0,0,(20.790),0,0,0,0,0,0,0,0,0,0,"(20.790,00)"
,REK KORAN,,,"72.214,07","696.177,41",,,,,,,,,,,"768.391,48"
,SELISIH (FEE),0,0,"(550,93)","(4.907,59)",0,0,0,0,,0,0,0,0,0,"(5.458,52)"
,Fee (%),#DIV/0!,#DIV/0!,"-0,76%","-0,70%",#DIV/0!,#DIV/0!,#DIV/0!,#DIV/0!,,#DIV/0!,#DIV/0!,#DIV/0!,#DIV/0!,#DIV/0!,"(0,01)"
,MASUK TANGGAL,,,01/03/2025,01/03/2025,,,,,,,,,,,
,DICEK TANGGAL,,,01/03/2025,01/03/2025,,,,,,,,,,,
1/3/25,Opaper,,501.820,214.830,1.914.155,,,,,,,,,,,"2.630.805,00"
,SETTLEMENT,,501.820,214.830,1.914.155,,,,,,,,,,,"2.630.805,00"
,SELISIH,0,0,0,0,0,0,0,0,0,0,0,0,0,0,"0,00"
,REK KORAN,,"491.784,00","214.507,76","1.900.755,92",,,,,,,,,,,"2.607.047,68"
,SELISIH (FEE),0,"(10.036,00)","(322,24)","(13.399,08)",0,0,0,0,,0,0,0,0,0,"(23.757,32)"
,Fee (%),#DIV/0!,"-2,00%","-0,15%","-0,70%",#DIV/0!,#DIV/0!,#DIV/0!,#DIV/0!,,#DIV/0!,#DIV/0!,#DIV/0!,#DIV/0!,#DIV/0!,"(0,01)"
,MASUK TANGGAL,,02/03/2025,02/03/2025,02/03/2025,,,,,,,,,,,
,DICEK TANGGAL,,03/03/2025,03/03/2025,03/03/2025,,,,,,,,,,,
2/3/25,Opaper,,247.415,324.555,814.275,,,,,,,,,,,"1.386.245,00"
,SETTLEMENT,,247.415,324.555,814.275,,,,,,,,,,,"1.386.245,00"
,SELISIH,0,0,0,0,0,0,0,0,0,0,0,0,0,0,"0,00"
,REK KORAN,,"242.467,00","323.184,60","808.575,08",,,,,,,,,,,"1.374.226,68"
,SELISIH (FEE),0,"(4.948,00)","(1.370,40)","(5.699,92)",0,0,0,0,,0,0,0,0,0,"(12.018,32)"
,Fee (%),#DIV/0!,"-2,00%","-0,42%","-0,70%",#DIV/0!,#DIV/0!,#DIV/0!,#DIV/0!,,#DIV/0!,#DIV/0!,#DIV/0!,#DIV/0!,#DIV/0!,"(0,01)"
,MASUK TANGGAL,,03/03/2025,03/03/2025,03/03/2025,,,,,,,,,,,
,DICEK TANGGAL,,03/03/2025,03/03/2025,03/03/2025,,,,,,,,,,,
3/3/25,Opaper,,,196.350,225.630,,,,,,,,,,,"421.980,00"
,SETTLEMENT,,,196.350,225.630,,,,,,,,,,,"421.980,00"
,SELISIH,0,0,0,0,0,0,0,0,0,0,0,0,0,0,"0,00"
,REK KORAN,,,"195.584,24","224.050,60",,,,,,,,,,,"419.634,84"
,SELISIH (FEE),0,0,"(765,76)","(1.579,40)",0,0,0,0,,0,0,0,0,0,"(2.345,16)"
,Fee (%),#DIV/0!,#DIV/0!,"-0,39%","-0,70%",#DIV/0!,#DIV/0!,#DIV/0!,#DIV/0!,,#DIV/0!,#DIV/0!,#DIV/0!,#DIV/0!,#DIV/0!,"(0,01)"
,MASUK TANGGAL,,,04/03/2025,04/03/2025,,,,,,,,,,,
,DICEK TANGGAL,,,13/03/2025,13/03/2025,,,,,,,,,,,
04/03/2025,Opaper,,,"51.975,00","610.995,00",,,,,,,,,,,"662.970,00"
,SETTLEMENT,,,"51.975,00","610.995,00",,,,,,,,,,,"662.970,00"
,SELISIH,"0,00","0,00","0,00","0,00","0,00","0,00","0,00","0,00","0,00","0,00","0,00","0,00","0,00","0,00","0,00"
,REK KORAN,,,"51.897,04","606.718,04",,,,,,,,,,,"658.615,08"
,SELISIH (FEE),"0,00","0,00","(77,96)","(4.276,96)","0,00","0,00","0,00","0,00",,"0,00","0,00","0,00","0,00","0,00","(4.354,92)"
,Fee (%),#DIV/0!,#DIV/0!,"-0,15%","-0,70%",#DIV/0!,#DIV/0!,#DIV/0!,#DIV/0!,,#DIV/0!,#DIV/0!,#DIV/0!,#DIV/0!,#DIV/0!,"(0,01)"
,MASUK TANGGAL,,,05/03/2025,05/03/2025,,,,,,,,,,,
,DICEK TANGGAL,,,13/03/2025,13/03/2025,,,,,,,,,,,
05/03/2025,Opaper,,,,"623.700,00",,,,,,,,,,,"623.700,00"
,SETTLEMENT,,,,"623.700,00",,,,,,,,,,,"623.700,00"
,SELISIH,"0,00","0,00","0,00","0,00","0,00","0,00","0,00","0,00","0,00","0,00","0,00","0,00","0,00","0,00","0,00"
,REK KORAN,,,,"619.334,10",,,,,,,,,,,"619.334,10"
,SELISIH (FEE),"0,00","0,00","0,00","(4.365,90)","0,00","0,00","0,00","0,00",,"0,00","0,00","0,00","0,00","0,00","(4.365,90)"
,Fee (%),#DIV/0!,#DIV/0!,#DIV/0!,"-0,70%",#DIV/0!,#DIV/0!,#DIV/0!,#DIV/0!,,#DIV/0!,#DIV/0!,#DIV/0!,#DIV/0!,#DIV/0!,"(0,01)"
,MASUK TANGGAL,,,,06/03/2025,,,,,,,,,,,
,DICEK TANGGAL,,,,13/03/2025,,,,,,,,,,,
06/03/2025,Opaper,,"56.595,00","35.805,00","963.270,00",,,,,,,,,,,"1.055.670,00"
,SETTLEMENT,,"56.595,00","35.805,00","963.270,00",,,,,,,,,,,"1.055.670,00"
,SELISIH,"0,00","0,00","0,00","0,00","0,00","0,00","0,00","0,00","0,00","0,00","0,00","0,00","0,00","0,00","0,00"
,REK KORAN,,"55.463,00","35.751,30","956.527,12",,,,,,,,,,,"1.047.741,42"
,SELISIH (FEE),"0,00","(1.132,00)","(53,70)","(6.742,88)","0,00","0,00","0,00","0,00",,"0,00","0,00","0,00","0,00","0,00","(7.928,58)"
,Fee (%),#DIV/0!,"-2,00%","-0,15%","-0,70%",#DIV/0!,#DIV/0!,#DIV/0!,#DIV/0!,,#DIV/0!,#DIV/0!,#DIV/0!,#DIV/0!,#DIV/0!,"(0,01)"
,MASUK TANGGAL,,07/03/2025,07/03/2025,07/03/2025,,,,,,,,,,,
,DICEK TANGGAL,,13/03/2025,13/03/2025,13/03/2025,,,,,,,,,,,
07/03/2025,Opaper,,"49.665,00","35.805,00","1.154.597,00",,,,,,,,,,,"1.240.067,00"
,SETTLEMENT,,"49.665,00","35.805,00","1.154.597,00",,,,,,,,,,,"1.240.067,00"
,SELISIH,"0,00","0,00","0,00","0,00","0,00","0,00","0,00","0,00","0,00","0,00","0,00","0,00","0,00","0,00","0,00"
,REK KORAN,,"48.672,00","35.751,30","1.146.514,83",,,,,,,,,,,"1.230.938,13"
,SELISIH (FEE),"0,00","(993,00)","(53,70)","(8.082,17)","0,00","0,00","0,00","0,00",,"0,00","0,00","0,00","0,00","0,00","(9.128,87)"
,Fee (%),#DIV/0!,"-2,00%","-0,15%","-0,70%",#DIV/0!,#DIV/0!,#DIV/0!,#DIV/0!,,#DIV/0!,#DIV/0!,#DIV/0!,#DIV/0!,#DIV/0!,"(0,01)"
,MASUK TANGGAL,,08/03/2025,08/03/2025,08/03/2025,,,,,,,,,,,
,DICEK TANGGAL,,13/03/2025,13/03/2025,13/03/2025,,,,,,,,,,,
08/03/2025,Opaper,,"313.005,00","185.955,00","1.551.165,00",,,,,,,,,,,"2.050.125,00"
,SETTLEMENT,,"313.005,00","237.930,00","1.499.190,00",,,,,,,,,,,"2.050.125,00"
,SELISIH,"0,00","0,00","51.975,00","(51.975,00)","0,00","0,00","0,00","0,00","0,00","0,00","0,00","0,00","0,00","0,00","0,00"
,REK KORAN,,"306.486,00","236.689,53","1.488.695,68",,,,,,,,,,,"2.031.871,21"
,SELISIH (FEE),"0,00","(6.519,00)","(1.240,47)","(10.494,32)","0,00","0,00","0,00","0,00",,"0,00","0,00","0,00","0,00","0,00","(18.253,79)"
,Fee (%),#DIV/0!,"-2,08%","-0,52%","-0,70%",#DIV/0!,#DIV/0!,#DIV/0!,#DIV/0!,,#DIV/0!,#DIV/0!,#DIV/0!,#DIV/0!,#DIV/0!,"(0,01)"
,MASUK TANGGAL,,09/03/2025,09/03/2025,09/03/2025,,,,,,,,,,,
,DICEK TANGGAL,,13/03/2025,13/03/2025,13/03/2025,,,,,,,,,,,
09/03/2025,Opaper,,"155.925,00","213.675,00","1.193.115,00",,,,,,,,,,,"1.562.715,00"
,SETTLEMENT,,"155.925,00","213.675,00","1.193.115,00",,,,,,,,,,,"1.562.715,00"
,SELISIH,"0,00","0,00","0,00","0,00","0,00","0,00","0,00","0,00","0,00","0,00","0,00","0,00","0,00","0,00","0,00"
,REK KORAN,,"152.807,00","213.010,88","1.184.763,20",,,,,,,,,,,"1.550.581,08"
,SELISIH (FEE),"0,00","(3.118,00)","(664,12)","(8.351,80)","0,00","0,00","0,00","0,00",,"0,00","0,00","0,00","0,00","0,00","(12.133,92)"
,Fee (%),#DIV/0!,"-2,00%","-0,31%","-0,70%",#DIV/0!,#DIV/0!,#DIV/0!,#DIV/0!,,#DIV/0!,#DIV/0!,#DIV/0!,#DIV/0!,#DIV/0!,"(0,01)"
,MASUK TANGGAL,,10/03/2025,10/03/2025,10/03/2025,,,,,,,,,,,
,DICEK TANGGAL,,13/03/2025,13/03/2025,13/03/2025,,,,,,,,,,,
10/03/2025,Opaper,,"97.020,00",,"266.805,00",,,,,,,,,,,"363.825,00"
,SETTLEMENT,,"97.020,00",,"266.805,00",,,,,,,,,,,"363.825,00"
,SELISIH,"0,00","0,00","0,00","0,00","0,00","0,00","0,00","0,00","0,00","0,00","0,00","0,00","0,00","0,00","0,00"
,REK KORAN,,"95.080,00",,"264.937,38",,,,,,,,,,,"360.017,38"
,SELISIH (FEE),"0,00","(1.940,00)","0,00","(1.867,62)","0,00","0,00","0,00","0,00",,"0,00","0,00","0,00","0,00","0,00","(3.807,62)"
,Fee (%),#DIV/0!,"-2,00%",#DIV/0!,"-0,70%",#DIV/0!,#DIV/0!,#DIV/0!,#DIV/0!,,#DIV/0!,#DIV/0!,#DIV/0!,#DIV/0!,#DIV/0!,"(0,01)"
,MASUK TANGGAL,,11/03/2025,,11/03/2025,,,,,,,,,,,
,DICEK TANGGAL,,13/03/2025,,13/03/2025,,,,,,,,,,,
11/03/2025,Opaper,,"99.330,00","148.995,00","658.350,00",,,,,,,,,,,"906.675,00"
,SETTLEMENT,,"99.330,00","148.995,00","658.350,00",,,,,,,,,,,"906.675,00"
,SELISIH,"0,00","0,00","0,00","0,00","0,00","0,00","0,00","0,00","0,00","0,00","0,00","0,00","0,00","0,00","0,00"
,REK KORAN,,"97.343,00","148.771,51","653.741,55",,,,,,,,,,,"899.856,06"
,SELISIH (FEE),"0,00","(1.987,00)","(223,49)","(4.608,45)","0,00","0,00","0,00","0,00",,"0,00","0,00","0,00","0,00","0,00","(6.818,94)"
,Fee (%),#DIV/0!,"-2,00%","-0,15%","-0,70%",#DIV/0!,#DIV/0!,#DIV/0!,#DIV/0!,,#DIV/0!,#DIV/0!,#DIV/0!,#DIV/0!,#DIV/0!,"(0,01)"
,MASUK TANGGAL,,12/03/2025,12/03/2025,12/03/2025,,,,,,,,,,,
,DICEK TANGGAL,,13/03/2025,13/03/2025,13/03/2025,,,,,,,,,,,
12/03/2025,Opaper,,,"87.780,00","922.330,00",,,,,,,,,,,"1.010.110,00"
,SETTLEMENT,,,"87.780,00","922.330,00",,,,,,,,,,,"1.010.110,00"
,SELISIH,"0,00","0,00","0,00","0,00","0,00","0,00","0,00","0,00","0,00","0,00","0,00","0,00","0,00","0,00","0,00"
,REK KORAN,,,"87.648,33","915.873,70",,,,,,,,,,,"1.003.522,03"
,SELISIH (FEE),"0,00","0,00","(131,67)","(6.456,30)","0,00","0,00","0,00","0,00",,"0,00","0,00","0,00","0,00","0,00","(6.587,97)"
,Fee (%),#DIV/0!,#DIV/0!,"-0,15%","-0,70%",#DIV/0!,#DIV/0!,#DIV/0!,#DIV/0!,,#DIV/0!,#DIV/0!,#DIV/0!,#DIV/0!,#DIV/0!,"(0,01)"
,MASUK TANGGAL,,,13/03/2025,13/03/2025,,,,,,,,,,,
,DICEK TANGGAL,,,13/03/2025,13/03/2025,,,,,,,,,,,
13/03/2025,Opaper,,"51.975,00","49.665,00","719.080,00",,,,,,,,,,,"820.720,00"
,SETTLEMENT,,"92.400,00","49.665,00","678.655,00",,,,,,,,,,,"820.720,00"
,SELISIH,"0,00","40.425,00","0,00","(40.425,00)","0,00","0,00","0,00","0,00","0,00","0,00","0,00","0,00","0,00","0,00","0,00"
,REK KORAN,,"90.553,00","49.168,35","673.904,43",,,,,,,,,,,"813.625,78"
,SELISIH (FEE),"0,00","(1.847,00)","(496,65)","(4.750,57)","0,00","0,00","0,00","0,00",,"0,00","0,00","0,00","0,00","0,00","(7.094,22)"
,Fee (%),#DIV/0!,"-2,00%","-1,00%","-0,70%",#DIV/0!,#DIV/0!,#DIV/0!,#DIV/0!,,#DIV/0!,#DIV/0!,#DIV/0!,#DIV/0!,#DIV/0!,"(0,01)"
,MASUK TANGGAL,,14/03/2025,14/03/2025,14/03/2025,,,,,,,,,,,
,DICEK TANGGAL,,15/03/2025,15/03/2025,15/03/2025,,,,,,,,,,,
14/03/2025,Opaper,,"70.455,00","20.790,00","594.017,00",,,,,,,,,,,"685.262,00"
,SETTLEMENT,,"70.455,00","20.790,00","594.017,00",,,,,,,,,,,"685.262,00"
,SELISIH,"0,00","0,00","0,00","0,00","0,00","0,00","0,00","0,00","0,00","0,00","0,00","0,00","0,00","0,00","0,00"
,REK KORAN,,"69.046,00","20.758,82","589.858,89",,,,,,,,,,,"679.663,71"
,SELISIH (FEE),"0,00","(1.409,00)","(31,18)","(4.158,11)","0,00","0,00","0,00","0,00",,"0,00","0,00","0,00","0,00","0,00","(5.598,29)"
,Fee (%),#DIV/0!,"-2,00%","-0,15%","-0,70%",#DIV/0!,#DIV/0!,#DIV/0!,#DIV/0!,,#DIV/0!,#DIV/0!,#DIV/0!,#DIV/0!,#DIV/0!,"(0,01)"
,MASUK TANGGAL,,15/03/2025,15/03/2025,15/03/2025,,,,,,,,,,,
,DICEK TANGGAL,,15/03/2025,15/03/2025,15/03/2025,,,,,,,,,,,
15/03/2025,Opaper,,"254.375,00","411.455,00","2.097.895,00",,,,,,,,,,,"2.763.725,00"
,SETTLEMENT,,"254.375,00","411.455,00","2.097.895,00",,,,,,,,,,,"2.763.725,00"
,SELISIH,"0,00","0,00","0,00","0,00","0,00","0,00","0,00","0,00","0,00","0,00","0,00","0,00","0,00","0,00","0,00"
,REK KORAN,,"249.288,00","408.597,09","2.083.209,74",,,,,,,,,,,"2.741.094,83"
,SELISIH (FEE),"0,00","(5.087,00)","(2.857,91)","(14.685,26)","0,00","0,00","0,00","0,00",,"0,00","0,00","0,00","0,00","0,00","(22.630,17)"
,Fee (%),#DIV/0!,"-2,00%","-0,69%","-0,70%",#DIV/0!,#DIV/0!,#DIV/0!,#DIV/0!,,#DIV/0!,#DIV/0!,#DIV/0!,#DIV/0!,#DIV/0!,"(0,01)"
,MASUK TANGGAL,,16/03/2025,16/03/2025,16/03/2025,,,,,,,,,,,
,DICEK TANGGAL,,17/03/2025,17/03/2025,17/03/2025,,,,,,,,,,,
16/03/2025,Opaper,,"419.510,00","301.455,00","2.165.229,00",,,,,,,,,,,"2.886.194,00"
,SETTLEMENT,,"419.510,00","406.880,00","2.059.804,00",,,,,,,,,,,"2.886.194,00"
,SELISIH,"0,00","0,00","105.425,00","(105.425,00)","0,00","0,00","0,00","0,00","0,00","0,00","0,00","0,00","0,00","0,00","0,00"
,REK KORAN,,"411.121,00","405.827,90","2.045.385,38",,,,,,,,,,,"2.862.334,28"
,SELISIH (FEE),"0,00","(8.389,00)","(1.052,10)","(14.418,62)","0,00","0,00","0,00","0,00",,"0,00","0,00","0,00","0,00","0,00","(23.859,72)"
,Fee (%),#DIV/0!,"-2,00%","-0,26%","-0,70%",#DIV/0!,#DIV/0!,#DIV/0!,#DIV/0!,,#DIV/0!,#DIV/0!,#DIV/0!,#DIV/0!,#DIV/0!,"(0,01)"
,MASUK TANGGAL,,17/03/2025,17/03/2025,17/03/2025,,,,,,,,,,,
,DICEK TANGGAL,,17/03/2025,17/03/2025,17/03/2025,,,,,,,,,,,
17/03/2025,Opaper,,,,"312.095,00",,,,,,,,,,,"312.095,00"
,SETTLEMENT,,,,"312.095,00",,,,,,,,,,,"312.095,00"
,SELISIH,"0,00","0,00","0,00","0,00","0,00","0,00","0,00","0,00","0,00","0,00","0,00","0,00","0,00","0,00","0,00"
,REK KORAN,,,,"309.910,34",,,,,,,,,,,"309.910,34"
,SELISIH (FEE),"0,00","0,00","0,00","(2.184,66)","0,00","0,00","0,00","0,00",,"0,00","0,00","0,00","0,00","0,00","(2.184,66)"
,Fee (%),#DIV/0!,#DIV/0!,#DIV/0!,"-0,70%",#DIV/0!,#DIV/0!,#DIV/0!,#DIV/0!,,#DIV/0!,#DIV/0!,#DIV/0!,#DIV/0!,#DIV/0!,"(0,01)"
,MASUK TANGGAL,,,,18/03/2025,,,,,,,,,,,
,DICEK TANGGAL,,,,18/03/2025,,,,,,,,,,,
18/03/2025,Opaper,,"49.665,00","49.665,00","571.725,00",,,,,,,,,,,"671.055,00"
,SETTLEMENT,,"49.665,00","49.665,00","571.725,00",,,,,,,,,,,"671.055,00"
,SELISIH,"0,00","0,00","0,00","0,00","0,00","0,00","0,00","0,00","0,00","0,00","0,00","0,00","0,00","0,00","0,00"
,REK KORAN,,"48.672,00","49.590,51","567.722,93",,,,,,,,,,,"665.985,44"
,SELISIH (FEE),"0,00","(993,00)","(74,49)","(4.002,07)","0,00","0,00","0,00","0,00",,"0,00","0,00","0,00","0,00","0,00","(5.069,56)"
,Fee (%),#DIV/0!,"-2,00%","-0,15%","-0,70%",#DIV/0!,#DIV/0!,#DIV/0!,#DIV/0!,,#DIV/0!,#DIV/0!,#DIV/0!,#DIV/0!,#DIV/0!,"(0,01)"
,MASUK TANGGAL,,19/03/2025,19/03/2025,19/03/2025,,,,,,,,,,,
,DICEK TANGGAL,,20/03/2025,20/03/2025,20/03/2025,,,,,,,,,,,
19/03/2025,Opaper,,,"72.765,00","658.595,00",,,,,,,,,,,"731.360,00"
,SETTLEMENT,,,"72.765,00","658.595,00",,,,,,,,,,,"731.360,00"
,SELISIH,"0,00","0,00","0,00","0,00","0,00","0,00","0,00","0,00","0,00","0,00","0,00","0,00","0,00","0,00","0,00"
,REK KORAN,,,"72.655,86","653.984,85",,,,,,,,,,,"726.640,71"
,SELISIH (FEE),"0,00","0,00","(109,14)","(4.610,15)","0,00","0,00","0,00","0,00",,"0,00","0,00","0,00","0,00","0,00","(4.719,29)"
,Fee (%),#DIV/0!,#DIV/0!,"-0,15%","-0,70%",#DIV/0!,#DIV/0!,#DIV/0!,#DIV/0!,,#DIV/0!,#DIV/0!,#DIV/0!,#DIV/0!,#DIV/0!,"(0,01)"
,MASUK TANGGAL,,,20/03/2025,20/03/2025,,,,,,,,,,,
,DICEK TANGGAL,,,20/03/2025,20/03/2025,,,,,,,,,,,
20/03/2025,Opaper,,"287.595,00","154.770,00","1.588.650,00",,,,,,,,,,,"2.031.015,00"
,SETTLEMENT,,"287.595,00","154.770,00","1.588.650,00",,,,,,,,,,,"2.031.015,00"
,SELISIH,"0,00","0,00","0,00","0,00","0,00","0,00","0,00","0,00","0,00","0,00","0,00","0,00","0,00","0,00","0,00"
,REK KORAN,,"281.843,00","153.565,92","1.577.529,46",,,,,,,,,,,"2.012.938,38"
,SELISIH (FEE),"0,00","(5.752,00)","(1.204,08)","(11.120,54)","0,00","0,00","0,00","0,00",,"0,00","0,00","0,00","0,00","0,00","(18.076,62)"
,Fee (%),#DIV/0!,"-2,00%","-0,78%","-0,70%",#DIV/0!,#DIV/0!,#DIV/0!,#DIV/0!,,#DIV/0!,#DIV/0!,#DIV/0!,#DIV/0!,#DIV/0!,"(0,01)"
,MASUK TANGGAL,,21/03/2025,21/03/2025,21/03/2025,,,,,,,,,,,
,DICEK TANGGAL,,26/03/2025,26/03/2025,26/03/2025,,,,,,,,,,,
21/03/2025,Opaper,,,"252.945,00","878.999,00",,,,,,,,,,,"1.131.944,00"
,SETTLEMENT,,,"252.945,00","878.999,00",,,,,,,,,,,"1.131.944,00"
,SELISIH,"0,00","0,00","0,00","0,00","0,00","0,00","0,00","0,00","0,00","0,00","0,00","0,00","0,00","0,00","0,00"
,REK KORAN,,,"251.652,56","872.846,01",,,,,,,,,,,"1.124.498,57"
,SELISIH (FEE),"0,00","0,00","(1.292,44)","(6.152,99)","0,00","0,00","0,00","0,00",,"0,00","0,00","0,00","0,00","0,00","(7.445,43)"
,Fee (%),#DIV/0!,#DIV/0!,"-0,51%","-0,70%",#DIV/0!,#DIV/0!,#DIV/0!,#DIV/0!,,#DIV/0!,#DIV/0!,#DIV/0!,#DIV/0!,#DIV/0!,"(0,01)"
,MASUK TANGGAL,,,22/03/2025,22/03/2025,,,,,,,,,,,
,DICEK TANGGAL,,,26/03/2025,26/03/2025,,,,,,,,,,,
22/03/2025,Opaper,,"124.740,00","540.285,00","2.261.331,00",,,,,,,,,,,"2.926.356,00"
,SETTLEMENT,,"124.740,00","540.285,00","2.261.331,00",,,,,,,,,,,"2.926.356,00"
,SELISIH,"0,00","0,00","0,00","0,00","0,00","0,00","0,00","0,00","0,00","0,00","0,00","0,00","0,00","0,00","0,00"
,REK KORAN,,"122.246,00","536.452,95","2.245.501,70",,,,,,,,,,,"2.904.200,65"
,SELISIH (FEE),"0,00","(2.494,00)","(3.832,05)","(15.829,30)","0,00","0,00","0,00","0,00",,"0,00","0,00","0,00","0,00","0,00","(22.155,35)"
,Fee (%),#DIV/0!,"-2,00%","-0,71%","-0,70%",#DIV/0!,#DIV/0!,#DIV/0!,#DIV/0!,,#DIV/0!,#DIV/0!,#DIV/0!,#DIV/0!,#DIV/0!,"(0,01)"
,MASUK TANGGAL,,23/03/2025,23/03/2025,23/03/2025,,,,,,,,,,,
,DICEK TANGGAL,,26/03/2025,26/03/2025,26/03/2025,,,,,,,,,,,
23/03/2025,Opaper,,"148.995,00","505.890,00","1.758.615,00",,,,,,,,,,,"2.413.500,00"
,SETTLEMENT,,"148.995,00","505.890,00","1.758.615,00",,,,,,,,,,,"2.413.500,00"
,SELISIH,"0,00","0,00","0,00","0,00","0,00","0,00","0,00","0,00","0,00","0,00","0,00","0,00","0,00","0,00","0,00"
,REK KORAN,,"146.016,00","504.188,69","1.746.304,70",,,,,,,,,,,"2.396.509,39"
,SELISIH (FEE),"0,00","(2.979,00)","(1.701,31)","(12.310,30)","0,00","0,00","0,00","0,00",,"0,00","0,00","0,00","0,00","0,00","(16.990,61)"
,Fee (%),#DIV/0!,"-2,00%","-0,34%","-0,70%",#DIV/0!,#DIV/0!,#DIV/0!,#DIV/0!,,#DIV/0!,#DIV/0!,#DIV/0!,#DIV/0!,#DIV/0!,"(0,01)"
,MASUK TANGGAL,,24/03/2025,24/03/2025,24/03/2025,,,,,,,,,,,
,DICEK TANGGAL,,26/03/2025,26/03/2025,26/03/2025,,,,,,,,,,,
24/03/2025,Opaper,,,,"778.470,00",,,,,,,,,,,"778.470,00"
,SETTLEMENT,,,,"778.470,00",,,,,,,,,,,"778.470,00"
,SELISIH,"0,00","0,00","0,00","0,00","0,00","0,00","0,00","0,00","0,00","0,00","0,00","0,00","0,00","0,00","0,00"
,REK KORAN,,,,"773.020,72",,,,,,,,,,,"773.020,72"
,SELISIH (FEE),"0,00","0,00","0,00","(5.449,28)","0,00","0,00","0,00","0,00",,"0,00","0,00","0,00","0,00","0,00","(5.449,28)"
,Fee (%),#DIV/0!,#DIV/0!,#DIV/0!,"-0,70%",#DIV/0!,#DIV/0!,#DIV/0!,#DIV/0!,,#DIV/0!,#DIV/0!,#DIV/0!,#DIV/0!,#DIV/0!,"(0,01)"
,MASUK TANGGAL,,,,25/03/2025,,,,,,,,,,,
,DICEK TANGGAL,,,,26/03/2025,,,,,,,,,,,
25/03/2025,Opaper,,,"532.365,00","903.210,00",,,,,,,,,,,"1.435.575,00"
,SETTLEMENT,,,"532.362,00","1.075.975,00",,,,,,,,,,,"1.608.337,00"
,SELISIH,"0,00","0,00","(3,00)","172.765,00","0,00","0,00","0,00","0,00","0,00","0,00","0,00","0,00","0,00","0,00","172.762,00"
,REK KORAN,,,"529.669,45","1.068.443,18",,,,,,,,,,,"1.598.112,63"
,SELISIH (FEE),"0,00","0,00","(2.692,55)","(7.531,82)","0,00","0,00","0,00","0,00",,"0,00","0,00","0,00","0,00","0,00","(10.224,37)"
,Fee (%),#DIV/0!,#DIV/0!,"-0,51%","-0,70%",#DIV/0!,#DIV/0!,#DIV/0!,#DIV/0!,,#DIV/0!,#DIV/0!,#DIV/0!,#DIV/0!,#DIV/0!,"(0,01)"
,MASUK TANGGAL,,,26/03/2025,26/03/2025,,,,,,,,,,,
,DICEK TANGGAL,,,26/03/2025,26/03/2025,,,,,,,,,,,
26/03/2025,Opaper,,,"49.665,00","1.362.519,00",,,,,,,,,,,"1.412.184,00"
,SETTLEMENT,,,"349.665,00","1.029.509,00",,,,,,,,,,,"1.379.174,00"
,SELISIH,"0,00","0,00","300.000,00","(333.010,00)","0,00","0,00","0,00","0,00","0,00","0,00","0,00","0,00","0,00","0,00","(33.010,00)"
,REK KORAN,,,"346.168,35","1.022.302,45",,,,,,,,,,,"1.368.470,80"
,SELISIH (FEE),"0,00","0,00","(3.496,65)","(7.206,55)","0,00","0,00","0,00","0,00",,"0,00","0,00","0,00","0,00","0,00","(10.703,20)"
,Fee (%),#DIV/0!,#DIV/0!,"-1,00%","-0,70%",#DIV/0!,#DIV/0!,#DIV/0!,#DIV/0!,,#DIV/0!,#DIV/0!,#DIV/0!,#DIV/0!,#DIV/0!,"(0,01)"
,MASUK TANGGAL,,,27/03/2025,27/03/2025,,,,,,,,,,,
,DICEK TANGGAL,,,03/04/2025,03/04/2025,,,,,,,,,,,
27/03/2025,Opaper,,,"191.245,00","893.970,00",,,,,,,,,,,"1.085.215,00"
,SETTLEMENT,,,"191.245,00","754.215,00",,,,,,,,,,,"945.460,00"
,SELISIH,"0,00","0,00","0,00","(139.755,00)","0,00","0,00","0,00","0,00","0,00","0,00","0,00","0,00","0,00","0,00","(139.755,00)"
,REK KORAN,,,"189.332,55","748.935,50",,,,,,,,,,,"938.268,05"
,SELISIH (FEE),"0,00","0,00","(1.912,45)","(5.279,50)","0,00","0,00","0,00","0,00",,"0,00","0,00","0,00","0,00","0,00","(7.191,95)"
,Fee (%),#DIV/0!,#DIV/0!,"-1,00%","-0,70%",#DIV/0!,#DIV/0!,#DIV/0!,#DIV/0!,,#DIV/0!,#DIV/0!,#DIV/0!,#DIV/0!,#DIV/0!,"(0,01)"
,MASUK TANGGAL,,,28/03/2025,28/03/2025,,,,,,,,,,,
,DICEK TANGGAL,,,03/04/2025,03/04/2025,,,,,,,,,,,
28/03/2025,Opaper,,"173.250,00","69.300,00","1.409.770,00",,,,,,,,,,,"1.652.320,00"
,SETTLEMENT,,"173.250,00","69.300,00","1.409.770,00",,,,,,,,,,,"1.652.320,00"
,SELISIH,"0,00","0,00","0,00","0,00","0,00","0,00","0,00","0,00","0,00","0,00","0,00","0,00","0,00","0,00","0,00"
,REK KORAN,,"169.785,00","69.196,05","1.399.901,61",,,,,,,,,,,"1.638.882,66"
,SELISIH (FEE),"0,00","(3.465,00)","(103,95)","(9.868,39)","0,00","0,00","0,00","0,00",,"0,00","0,00","0,00","0,00","0,00","(13.437,34)"
,Fee (%),#DIV/0!,"-2,00%","-0,15%","-0,70%",#DIV/0!,#DIV/0!,#DIV/0!,#DIV/0!,,#DIV/0!,#DIV/0!,#DIV/0!,#DIV/0!,#DIV/0!,"(0,01)"
,MASUK TANGGAL,,29/03/2025,29/03/2025,29/03/2025,,,,,,,,,,,
,DICEK TANGGAL,,03/04/2025,03/04/2025,03/04/2025,,,,,,,,,,,
29/03/2025,Opaper,,"295.680,00","553.155,00","2.506.350,00",,,,,,,,,,,"3.355.185,00"
,SETTLEMENT,,"295.680,00","553.155,00","2.506.350,00",,,,,,,,,,,"3.355.185,00"
,SELISIH,"0,00","0,00","0,00","0,00","0,00","0,00","0,00","0,00","0,00","0,00","0,00","0,00","0,00","0,00","0,00"
,REK KORAN,,"289.767,00","550.675,93","2.488.805,56",,,,,,,,,,,"3.329.248,49"
,SELISIH (FEE),"0,00","(5.913,00)","(2.479,07)","(17.544,44)","0,00","0,00","0,00","0,00",,"0,00","0,00","0,00","0,00","0,00","(25.936,51)"
,Fee (%),#DIV/0!,"-2,00%","-0,45%","-0,70%",#DIV/0!,#DIV/0!,#DIV/0!,#DIV/0!,,#DIV/0!,#DIV/0!,#DIV/0!,#DIV/0!,#DIV/0!,"(0,01)"
,MASUK TANGGAL,,30/03/2025,30/03/2025,30/03/2025,,,,,,,,,,,
,DICEK TANGGAL,,03/04/2025,03/04/2025,03/04/2025,,,,,,,,,,,
30/03/2025,Opaper,,"99.330,00","174.405,00","2.263.360,00",,,,,,,,,,,"2.537.095,00"
,SETTLEMENT,,"99.330,00","174.405,00","2.263.358,00",,,,,,,,,,,"2.537.093,00"
,SELISIH,"0,00","0,00","0,00","(2,00)","0,00","0,00","0,00","0,00","0,00","0,00","0,00","0,00","0,00","0,00","(2,00)"
,REK KORAN,,"97.343,00","172.660,95","2.247.514,51",,,,,,,,,,,"2.517.518,46"
,SELISIH (FEE),"0,00","(1.987,00)","(1.744,05)","(15.843,49)","0,00","0,00","0,00","0,00",,"0,00","0,00","0,00","0,00","0,00","(19.574,54)"
,Fee (%),#DIV/0!,"-2,00%","-1,00%","-0,70%",#DIV/0!,#DIV/0!,#DIV/0!,#DIV/0!,,#DIV/0!,#DIV/0!,#DIV/0!,#DIV/0!,#DIV/0!,"(0,01)"
,MASUK TANGGAL,,31/03/2025,31/03/2025,,,,,,,,,,,,
,DICEK TANGGAL,,03/04/2025,03/04/2025,,,,,,,,,,,,
31/03/2025,Opaper,,"85.470,00","324.555,00","950.565,00",,,,,,,,,,,"1.360.590,00"
,SETTLEMENT,,"85.470,00","429.660,00","845.460,00",,,,,,,,,,,"1.360.590,00"
,SELISIH,"0,00","0,00","105.105,00","(105.105,00)","0,00","0,00","0,00","0,00","0,00","0,00","0,00","0,00","0,00","0,00","0,00"
,REK KORAN,,"83.761,00","427.984,68","839.541,79",,,,,,,,,,,"1.351.287,47"
,SELISIH (FEE),"0,00","(1.709,00)","(1.675,32)","(5.918,21)","0,00","0,00","0,00","0,00",,"0,00","0,00","0,00","0,00","0,00","(9.302,53)"
,Fee (%),#DIV/0!,"-2,00%","-0,39%","-0,70%",#DIV/0!,#DIV/0!,#DIV/0!,#DIV/0!,,#DIV/0!,#DIV/0!,#DIV/0!,#DIV/0!,#DIV/0!,"(0,01)"
,MASUK TANGGAL,,01/04/2025,01/04/2025,01/04/2025,,,,,,,,,,,
,DICEK TANGGAL,,03/04/2025,03/04/2025,03/04/2025,,,,,,,,,,,
01/04/2025,Opaper,,"392.700,00","335.590,00","1.750.504,00",,,,,,,,,,,"2.478.794,00"
,SETTLEMENT,,"392.700,00","335.590,00","1.750.504,00",,,,,,,,,,,"2.478.794,00"
,SELISIH,"0,00","0,00","0,00","0,00","0,00","0,00","0,00","0,00","0,00","0,00","0,00","0,00","0,00","0,00","0,00"
,REK KORAN,,"384.846,00","333.981,62","1.738.250,48",,,,,,,,,,,"2.457.078,10"
,SELISIH (FEE),"0,00","(7.854,00)","(1.608,38)","(12.253,52)","0,00","0,00","0,00","0,00",,"0,00","0,00","0,00","0,00","0,00","(21.715,90)"
,Fee (%),#DIV/0!,"-2,00%","-0,48%","-0,70%",#DIV/0!,#DIV/0!,#DIV/0!,#DIV/0!,,#DIV/0!,#DIV/0!,#DIV/0!,#DIV/0!,#DIV/0!,"(0,01)"
,MASUK TANGGAL,,02/04/2025,02/04/2025,02/04/2025,,,,,,,,,,,
,DICEK TANGGAL,,03/04/2025,03/04/2025,03/04/2025,,,,,,,,,,,
02/04/2025,Opaper,,"199.815,00","280.665,00","1.431.740,00",,,,,,,,,,,"1.912.220,00"
,SETTLEMENT,,"199.825,00","280.665,00","1.431.740,00",,,,,,,,,,,"1.912.230,00"
,SELISIH,"0,00","10,00","0,00","0,00","0,00","0,00","0,00","0,00","0,00","0,00","0,00","0,00","0,00","0,00","10,00"
,REK KORAN,,"195.818,00","278.712,48","1.421.717,83",,,,,,,,,,,"1.896.248,31"
,SELISIH (FEE),"0,00","(4.007,00)","(1.952,52)","(10.022,17)","0,00","0,00","0,00","0,00",,"0,00","0,00","0,00","0,00","0,00","(15.981,69)"
,Fee (%),#DIV/0!,"-2,01%","-0,70%","-0,70%",#DIV/0!,#DIV/0!,#DIV/0!,#DIV/0!,,#DIV/0!,#DIV/0!,#DIV/0!,#DIV/0!,#DIV/0!,"(0,01)"
,MASUK TANGGAL,,03/04/2025,03/04/2025,03/04/2025,,,,,,,,,,,
,DICEK TANGGAL,,03/04/2025,03/04/2025,03/04/2025,,,,,,,,,,,
03/04/2025,Opaper,,"421.335,00","181.335,00","1.123.205,00",,,,,,,,,,,"1.725.875,00"
,SETTLEMENT,,"421.335,00","181.335,00","1.123.205,00",,,,,,,,,,,"1.725.875,00"
,SELISIH,"0,00","0,00","0,00","0,00","0,00","0,00","0,00","0,00","0,00","0,00","0,00","0,00","0,00","0,00","0,00"
,REK KORAN,,"412.909,00","181.063,00","1.115.342,57",,,,,,,,,,,"1.709.314,57"
,SELISIH (FEE),"0,00","(8.426,00)","(272,00)","(7.862,43)","0,00","0,00","0,00","0,00",,"0,00","0,00","0,00","0,00","0,00","(16.560,43)"
,Fee (%),#DIV/0!,"-2,00%","-0,15%","-0,70%",#DIV/0!,#DIV/0!,#DIV/0!,#DIV/0!,,#DIV/0!,#DIV/0!,#DIV/0!,#DIV/0!,#DIV/0!,"(0,01)"
,MASUK TANGGAL,,04/04/2025,04/04/2025,04/04/2025,,,,,,,,,,,
,DICEK TANGGAL,,07/04/2025,07/04/2025,07/04/2025,,,,,,,,,,,
04/04/2025,Opaper,,"166.320,00",,"931.495,00",,,,,,,,,,,"1.097.815,00"
,SETTLEMENT,,"160.230,00",,"937.585,00",,,,,,,,,,,"1.097.815,00"
,SELISIH,"0,00","(6.090,00)","0,00","6.090,00","0,00","0,00","0,00","0,00","0,00","0,00","0,00","0,00","0,00","0,00","0,00"
,REK KORAN,,"157.025,00",,"931.021,92",,,,,,,,,,,"1.088.046,92"
,SELISIH (FEE),"0,00","(3.205,00)","0,00","(6.563,08)","0,00","0,00","0,00","0,00",,"0,00","0,00","0,00","0,00","0,00","(9.768,08)"
,Fee (%),#DIV/0!,"-2,00%",#DIV/0!,"-0,70%",#DIV/0!,#DIV/0!,#DIV/0!,#DIV/0!,,#DIV/0!,#DIV/0!,#DIV/0!,#DIV/0!,#DIV/0!,"(0,01)"
,MASUK TANGGAL,,05/04/2025,,05/04/2025,,,,,,,,,,,
,DICEK TANGGAL,,07/04/2025,,07/04/2025,,,,,,,,,,,
05/04/2025,Opaper,,"165.440,00","535.920,00","1.185.030,00",,,,,,,,,,,"1.886.390,00"
,SETTLEMENT,,"165.440,00","535.920,00","1.185.030,00",,,,,,,,,,,"1.886.390,00"
,SELISIH,"0,00","0,00","0,00","0,00","0,00","0,00","0,00","0,00","0,00","0,00","0,00","0,00","0,00","0,00","0,00"
,REK KORAN,,"162.131,00","531.159,67","1.176.734,79",,,,,,,,,,,"1.870.025,46"
,SELISIH (FEE),"0,00","(3.309,00)","(4.760,33)","(8.295,21)","0,00","0,00","0,00","0,00",,"0,00","0,00","0,00","0,00","0,00","(16.364,54)"
,Fee (%),#DIV/0!,"-2,00%","-0,89%","-0,70%",#DIV/0!,#DIV/0!,#DIV/0!,#DIV/0!,,#DIV/0!,#DIV/0!,#DIV/0!,#DIV/0!,#DIV/0!,"(0,01)"
,MASUK TANGGAL,,06/04/2025,06/04/2025,06/04/2025,,,,,,,,,,,
,DICEK TANGGAL,,07/04/2025,07/04/2025,07/04/2025,,,,,,,,,,,
06/04/2025,Opaper,,"187.780,00","354.200,00","2.103.485,00",,,,,,,,,,,"2.645.465,00"
,SETTLEMENT,,"187.780,00","354.200,00","2.103.485,00",,,,,,,,,,,"2.645.465,00"
,SELISIH,"0,00","0,00","0,00","0,00","0,00","0,00","0,00","0,00","0,00","0,00","0,00","0,00","0,00","0,00","0,00"
,REK KORAN,,"184.025,00","352.382,61","2.088.760,61",,,,,,,,,,,"2.625.168,22"
,SELISIH (FEE),"0,00","(3.755,00)","(1.817,39)","(14.724,39)","0,00","0,00","0,00","0,00",,"0,00","0,00","0,00","0,00","0,00","(20.296,78)"
,Fee (%),#DIV/0!,"-2,00%","-0,51%","-0,70%",#DIV/0!,#DIV/0!,#DIV/0!,#DIV/0!,,#DIV/0!,#DIV/0!,#DIV/0!,#DIV/0!,#DIV/0!,"(0,01)"
,MASUK TANGGAL,,07/04/2025,07/04/2025,07/04/2025,,,,,,,,,,,
,DICEK TANGGAL,,07/04/2025,07/04/2025,07/04/2025,,,,,,,,,,,
07/04/2025,Opaper,,"140.000,00","140.000,00","1.136.424,00",,,,,,,,,,,"1.416.424,00"
,SETTLEMENT,,"140.000,00","140.000,00","1.136.424,00",,,,,,,,,,,"1.416.424,00"
,SELISIH,"0,00","0,00","0,00","0,00","0,00","0,00","0,00","0,00","0,00","0,00","0,00","0,00","0,00","0,00","0,00"
,REK KORAN,,"137.200,00","139.790,00","1.128.469,05",,,,,,,,,,,"1.405.459,05"
,SELISIH (FEE),"0,00","(2.800,00)","(210,00)","(7.954,95)","0,00","0,00","0,00","0,00",,"0,00","0,00","0,00","0,00","0,00","(10.964,95)"
,Fee (%),#DIV/0!,"-2,00%","-0,15%","-0,70%",#DIV/0!,#DIV/0!,#DIV/0!,#DIV/0!,,#DIV/0!,#DIV/0!,#DIV/0!,#DIV/0!,#DIV/0!,"(0,01)"
,MASUK TANGGAL,,08/04/2025,08/04/2025,08/04/2025,,,,,,,,,,,
,DICEK TANGGAL,,08/04/2025,08/04/2025,08/04/2025,,,,,,,,,,,
08/04/2025,Opaper,,"57.750,00",,"679.415,00",,,,,,,,,,,"737.165,00"
,SETTLEMENT,,"57.750,00",,"679.415,00",,,,,,,,,,,"737.165,00"
,SELISIH,"0,00","0,00","0,00","0,00","0,00","0,00","0,00","0,00","0,00","0,00","0,00","0,00","0,00","0,00","0,00"
,REK KORAN,,"56.595,00",,"674.659,11",,,,,,,,,,,"731.254,11"
,SELISIH (FEE),"0,00","(1.155,00)","0,00","(4.755,89)","0,00","0,00","0,00","0,00",,"0,00","0,00","0,00","0,00","0,00","(5.910,89)"
,Fee (%),#DIV/0!,"-2,00%",#DIV/0!,"-0,70%",#DIV/0!,#DIV/0!,#DIV/0!,#DIV/0!,,#DIV/0!,#DIV/0!,#DIV/0!,#DIV/0!,#DIV/0!,"(0,01)"
,MASUK TANGGAL,,09/04/2025,,09/04/2025,,,,,,,,,,,
,DICEK TANGGAL,,10/04/2025,,10/04/2025,,,,,,,,,,,
09/04/2025,Opaper,,"453.825,00",,"745.379,00",,,,,,,,,,,"1.199.204,00"
,SETTLEMENT,,"453.825,00",,"745.379,00",,,,,,,,,,,"1.199.204,00"
,SELISIH,"0,00","0,00","0,00","0,00","0,00","0,00","0,00","0,00","0,00","0,00","0,00","0,00","0,00","0,00","0,00"
,REK KORAN,,"444.749,00",,"740.161,35",,,,,,,,,,,"1.184.910,35"
,SELISIH (FEE),"0,00","(9.076,00)","0,00","(5.217,65)","0,00","0,00","0,00","0,00",,"0,00","0,00","0,00","0,00","0,00","(14.293,65)"
,Fee (%),#DIV/0!,"-2,00%",#DIV/0!,"-0,70%",#DIV/0!,#DIV/0!,#DIV/0!,#DIV/0!,,#DIV/0!,#DIV/0!,#DIV/0!,#DIV/0!,#DIV/0!,"(0,01)"
,MASUK TANGGAL,,10/04/2025,,10/04/2025,,,,,,,,,,,
,DICEK TANGGAL,,10/04/2025,,10/04/2025,,,,,,,,,,,
10/04/2025,Opaper,,,"49.665,00","732.039,00",,,,,,,,,,,"781.704,00"
,SETTLEMENT,,,"49.665,00","732.039,00",,,,,,,,,,,"781.704,00"
,SELISIH,"0,00","0,00","0,00","0,00","0,00","0,00","0,00","0,00","0,00","0,00","0,00","0,00","0,00","0,00","0,00"
,REK KORAN,,,"49.590,51","726.914,74",,,,,,,,,,,"776.505,25"
,SELISIH (FEE),"0,00","0,00","(74,49)","(5.124,26)","0,00","0,00","0,00","0,00",,"0,00","0,00","0,00","0,00","0,00","(5.198,75)"
,Fee (%),#DIV/0!,#DIV/0!,"-0,15%","-0,70%",#DIV/0!,#DIV/0!,#DIV/0!,#DIV/0!,,#DIV/0!,#DIV/0!,#DIV/0!,#DIV/0!,#DIV/0!,"(0,01)"
,MASUK TANGGAL,,,11/04/2025,11/04/2025,,,,,,,,,,,
,DICEK TANGGAL,,,11/04/2025,11/04/2025,,,,,,,,,,,
11/04/2025,Opaper,,"180.060,00","107.415,00","453.915,00",,,,,,,,,,,"741.390,00"
,SETTLEMENT,,"174.600,00","107.415,00","459.375,00",,,,,,,,,,,"741.390,00"
,SELISIH,"0,00","(5.460,00)","0,00","5.460,00","0,00","0,00","0,00","0,00","0,00","0,00","0,00","0,00","0,00","0,00","0,00"
,REK KORAN,,"171.108,00","107.253,88","456.159,38",,,,,,,,,,,"734.521,26"
,SELISIH (FEE),"0,00","(3.492,00)","(161,12)","(3.215,62)","0,00","0,00","0,00","0,00",,"0,00","0,00","0,00","0,00","0,00","(6.868,74)"
,Fee (%),#DIV/0!,"-2,00%","-0,15%","-0,70%",#DIV/0!,#DIV/0!,#DIV/0!,#DIV/0!,,#DIV/0!,#DIV/0!,#DIV/0!,#DIV/0!,#DIV/0!,"(0,01)"
,MASUK TANGGAL,,12/04/2025,12/04/2025,12/04/2025,,,,,,,,,,,
,DICEK TANGGAL,,12/04/2025,12/04/2025,12/04/2025,,,,,,,,,,,
12/04/2025,Opaper,,"247.445,00","319.935,00","1.850.010,00",,,,,,,,,,,"2.417.390,00"
,SETTLEMENT,,"247.445,00","319.935,00","1.850.010,00",,,,,,,,,,,"2.417.390,00"
,SELISIH,"0,00","0,00","0,00","0,00","0,00","0,00","0,00","0,00","0,00","0,00","0,00","0,00","0,00","0,00","0,00"
,REK KORAN,,,,"1.837.059,94",,,,,,,,,,,"1.837.059,94"
,SELISIH (FEE),"0,00","(247.445,00)","(319.935,00)","(12.950,06)","0,00","0,00","0,00","0,00",,"0,00","0,00","0,00","0,00","0,00","(580.330,06)"
,Fee (%),#DIV/0!,"-100,00%","-100,00%","-0,70%",#DIV/0!,#DIV/0!,#DIV/0!,#DIV/0!,,#DIV/0!,#DIV/0!,#DIV/0!,#DIV/0!,#DIV/0!,"(0,24)"
,MASUK TANGGAL,,14/04/2025,14/04/2025,13/04/2025,,,,,,,,,,,
,DICEK TANGGAL,,16/04/2025,16/04/2025,16/04/2025,,,,,,,,,,,
13/04/2025,Opaper,,"247.170,00","486.530,00","2.490.365,00",,,,,,,,,,,"3.224.065,00"
,SETTLEMENT,,"247.170,00","486.530,00","2.490.365,00",,,,,,,,,,,"3.224.065,00"
,SELISIH,"0,00","0,00","0,00","0,00","0,00","0,00","0,00","0,00","0,00","0,00","0,00","0,00","0,00","0,00","0,00"
,REK KORAN,,"484.723,00","803.998,67","2.472.932,46",,,,,,,,,,,"3.761.654,13"
,SELISIH (FEE),"0,00","237.553,00","317.468,67","(17.432,54)","0,00","0,00","0,00","0,00",,"0,00","0,00","0,00","0,00","0,00","537.589,13"
,Fee (%),#DIV/0!,"96,11%","65,25%","-0,70%",#DIV/0!,#DIV/0!,#DIV/0!,#DIV/0!,,#DIV/0!,#DIV/0!,#DIV/0!,#DIV/0!,#DIV/0!,"0,17"
,MASUK TANGGAL,,14/04/2025,14/04/2025,14/04/2025,,,,,,,,,,,
,DICEK TANGGAL,,16/04/2025,16/04/2025,16/04/2025,,,,,,,,,,,
14/04/2025,Opaper,,,,"597.290,00",,,,,,,,,,,"597.290,00"
,SETTLEMENT,,,,"597.290,00",,,,,,,,,,,"597.290,00"
,SELISIH,"0,00","0,00","0,00","0,00","0,00","0,00","0,00","0,00","0,00","0,00","0,00","0,00","0,00","0,00","0,00"
,REK KORAN,,,,"593.108,98",,,,,,,,,,,"593.108,98"
,SELISIH (FEE),"0,00","0,00","0,00","(4.181,02)","0,00","0,00","0,00","0,00",,"0,00","0,00","0,00","0,00","0,00","(4.181,02)"
,Fee (%),#DIV/0!,#DIV/0!,#DIV/0!,"-0,70%",#DIV/0!,#DIV/0!,#DIV/0!,#DIV/0!,,#DIV/0!,#DIV/0!,#DIV/0!,#DIV/0!,#DIV/0!,"(0,01)"
,MASUK TANGGAL,,,,15/04/2025,,,,,,,,,,,
,DICEK TANGGAL,,,,16/04/2025,,,,,,,,,,,
15/04/2025,Opaper,,"213.675,00","32.340,00","676.830,00",,,,,,,,,,,"922.845,00"
,SETTLEMENT,,"213.675,00","32.340,00","676.830,00",,,,,,,,,,,"922.845,00"
,SELISIH,"0,00","0,00","0,00","0,00","0,00","0,00","0,00","0,00","0,00","0,00","0,00","0,00","0,00","0,00","0,00"
,REK KORAN,,"209.401,00","32.291,49","672.092,20",,,,,,,,,,,"913.784,69"
,SELISIH (FEE),"0,00","(4.274,00)","(48,51)","(4.737,80)","0,00","0,00","0,00","0,00",,"0,00","0,00","0,00","0,00","0,00","(9.060,31)"
,Fee (%),#DIV/0!,"-2,00%","-0,15%","-0,70%",#DIV/0!,#DIV/0!,#DIV/0!,#DIV/0!,,#DIV/0!,#DIV/0!,#DIV/0!,#DIV/0!,#DIV/0!,"(0,01)"
,MASUK TANGGAL,,16/04/2025,16/04/2025,16/04/2025,,,,,,,,,,,
,DICEK TANGGAL,,16/04/2025,16/04/2025,16/04/2025,,,,,,,,,,,
16/04/2025,Opaper,,"49.665,00","133.980,00","912.450,00",,,,,,,,,,,"1.096.095,00"
,SETTLEMENT,,"49.665,00","133.980,00","912.450,00",,,,,,,,,,,"1.096.095,00"
,SELISIH,"0,00","0,00","0,00","0,00","0,00","0,00","0,00","0,00","0,00","0,00","0,00","0,00","0,00","0,00","0,00"
,REK KORAN,,"48.672,00","133.779,03","906.062,85",,,,,,,,,,,"1.088.513,88"
,SELISIH (FEE),"0,00","(993,00)","(200,97)","(6.387,15)","0,00","0,00","0,00","0,00",,"0,00","0,00","0,00","0,00","0,00","(7.581,12)"
,Fee (%),#DIV/0!,"-2,00%","-0,15%","-0,70%",#DIV/0!,#DIV/0!,#DIV/0!,#DIV/0!,,#DIV/0!,#DIV/0!,#DIV/0!,#DIV/0!,#DIV/0!,"(0,01)"
,MASUK TANGGAL,,17/04/2025,17/04/2025,17/04/2025,,,,,,,,,,,
,DICEK TANGGAL,,17/04/2025,17/04/2025,17/04/2025,,,,,,,,,,,
17/04/2025,Opaper,,"435.165,00","35.805,00","681.450,00",,,,,,,,,,,"1.152.420,00"
,SETTLEMENT,,"435.165,00","35.805,00","681.450,00",,,,,,,,,,,"1.152.420,00"
,SELISIH,"0,00","0,00","0,00","0,00","0,00","0,00","0,00","0,00","0,00","0,00","0,00","0,00","0,00","0,00","0,00"
,REK KORAN,,"427.109,00","35.751,30","676.679,86",,,,,,,,,,,"1.139.540,16"
,SELISIH (FEE),"0,00","(8.056,00)","(53,70)","(4.770,14)","0,00","0,00","0,00","0,00",,"0,00","0,00","0,00","0,00","0,00","(12.879,84)"
,Fee (%),#DIV/0!,"-1,85%","-0,15%","-0,70%",#DIV/0!,#DIV/0!,#DIV/0!,#DIV/0!,,#DIV/0!,#DIV/0!,#DIV/0!,#DIV/0!,#DIV/0!,"(0,01)"
,MASUK TANGGAL,,18/04/2025,18/04/2025,18/04/2025,,,,,,,,,,,
,DICEK TANGGAL,,21/04/2025,21/04/2025,21/04/2025,,,,,,,,,,,
18/04/2025,Opaper,,"349.965,00","327.140,00","1.842.135,00",,,,,,,,,,,"2.519.240,00"
,SETTLEMENT,,"349.965,00","327.140,00","1.842.135,00",,,,,,,,,,,"2.519.240,00"
,SELISIH,"0,00","0,00","0,00","0,00","0,00","0,00","0,00","0,00","0,00","0,00","0,00","0,00","0,00","0,00","0,00"
,REK KORAN,,"342.966,00","325.245,39","1.829.240,07",,,,,,,,,,,"2.497.451,46"
,SELISIH (FEE),"0,00","(6.999,00)","(1.894,61)","(12.894,93)","0,00","0,00","0,00","0,00",,"0,00","0,00","0,00","0,00","0,00","(21.788,54)"
,Fee (%),#DIV/0!,"-2,00%","-0,58%","-0,70%",#DIV/0!,#DIV/0!,#DIV/0!,#DIV/0!,,#DIV/0!,#DIV/0!,#DIV/0!,#DIV/0!,#DIV/0!,"(0,01)"
,MASUK TANGGAL,,19/04/2025,19/04/2025,19/04/2025,,,,,,,,,,,
,DICEK TANGGAL,,21/04/2025,21/04/2025,21/04/2025,,,,,,,,,,,
19/04/2025,Opaper,,,"249.480,00","1.449.929,00",,,,,,,,,,,"1.699.409,00"
,SETTLEMENT,,,"249.480,00","1.449.929,00",,,,,,,,,,,"1.699.409,00"
,SELISIH,"0,00","0,00","0,00","0,00","0,00","0,00","0,00","0,00","0,00","0,00","0,00","0,00","0,00","0,00","0,00"
,REK KORAN,,,"248.683,63","1.439.779,51",,,,,,,,,,,"1.688.463,14"
,SELISIH (FEE),"0,00","0,00","(796,37)","(10.149,49)","0,00","0,00","0,00","0,00",,"0,00","0,00","0,00","0,00","0,00","(10.945,86)"
,Fee (%),#DIV/0!,#DIV/0!,"-0,32%","-0,70%",#DIV/0!,#DIV/0!,#DIV/0!,#DIV/0!,,#DIV/0!,#DIV/0!,#DIV/0!,#DIV/0!,#DIV/0!,"(0,01)"
,MASUK TANGGAL,,,20/04/2025,20/04/2025,,,,,,,,,,,
,DICEK TANGGAL,,,21/04/2025,21/04/2025,,,,,,,,,,,
20/04/2025,Opaper,,"191.975,00","610.420,00","3.326.590,00",,,,,,,,,,,"4.128.985,00"
,SETTLEMENT,,"191.975,00","665.860,00","3.271.150,00",,,,,,,,,,,"4.128.985,00"
,SELISIH,"0,00","0,00","55.440,00","(55.440,00)","0,00","0,00","0,00","0,00","0,00","0,00","0,00","0,00","0,00","0,00","0,00"
,REK KORAN,,"188.136,00","664.389,97","3.248.251,95",,,,,,,,,,,"4.100.777,92"
,SELISIH (FEE),"0,00","(3.839,00)","(1.470,03)","(22.898,05)","0,00","0,00","0,00","0,00",,"0,00","0,00","0,00","0,00","0,00","(28.207,08)"
,Fee (%),#DIV/0!,"-2,00%","-0,22%","-0,70%",#DIV/0!,#DIV/0!,#DIV/0!,#DIV/0!,,#DIV/0!,#DIV/0!,#DIV/0!,#DIV/0!,#DIV/0!,"(0,01)"
,MASUK TANGGAL,,21/04/2025,21/04/2025,21/04/2025,,,,,,,,,,,
,DICEK TANGGAL,,21/04/2025,21/04/2025,21/04/2025,,,,,,,,,,,
21/04/2025,Opaper,,"109.725,00","165.805,00","209.725,00",,,,,,,,,,,"485.255,00"
,SETTLEMENT,,"109.725,00","165.805,00","209.725,00",,,,,,,,,,,"485.255,00"
,SELISIH,"0,00","0,00","0,00","0,00","0,00","0,00","0,00","0,00","0,00","0,00","0,00","0,00","0,00","0,00","0,00"
,REK KORAN,,"107.531,00","165.556,30","208.256,93",,,,,,,,,,,"481.344,23"
,SELISIH (FEE),"0,00","(2.194,00)","(248,70)","(1.468,07)","0,00","0,00","0,00","0,00",,"0,00","0,00","0,00","0,00","0,00","(3.910,77)"
,Fee (%),#DIV/0!,"-2,00%","-0,15%","-0,70%",#DIV/0!,#DIV/0!,#DIV/0!,#DIV/0!,,#DIV/0!,#DIV/0!,#DIV/0!,#DIV/0!,#DIV/0!,"(0,01)"
,MASUK TANGGAL,,22/04/2025,22/04/2025,22/04/2025,,,,,,,,,,,
,DICEK TANGGAL,,21/04/2025,21/04/2025,21/04/2025,,,,,,,,,,,
22/04/2025,Opaper,,"286.230,00",,"307.230,00",,,,,,,,,,,"593.460,00"
,SETTLEMENT,,"286.230,00",,"307.230,00",,,,,,,,,,,"593.460,00"
,SELISIH,"0,00","0,00","0,00","0,00","0,00","0,00","0,00","0,00","0,00","0,00","0,00","0,00","0,00","0,00","0,00"
,REK KORAN,,"280.505,00",,"305.079,40",,,,,,,,,,,"585.584,40"
,SELISIH (FEE),"0,00","(5.725,00)","0,00","(2.150,60)","0,00","0,00","0,00","0,00",,"0,00","0,00","0,00","0,00","0,00","(7.875,60)"
,Fee (%),#DIV/0!,"-2,00%",#DIV/0!,"-0,70%",#DIV/0!,#DIV/0!,#DIV/0!,#DIV/0!,,#DIV/0!,#DIV/0!,#DIV/0!,#DIV/0!,#DIV/0!,"(0,01)"
,MASUK TANGGAL,,24/04/2025,,23/04/2025,,,,,,,,,,,
,DICEK TANGGAL,,25/04/2025,,25/04/2025,,,,,,,,,,,
23/04/2025,Opaper,,,"374.405,00","286.440,00",,,,,,,,,,,"660.845,00"
,SETTLEMENT,,,"374.405,00","286.440,00",,,,,,,,,,,"660.845,00"
,SELISIH,"0,00","0,00","0,00","0,00","0,00","0,00","0,00","0,00","0,00","0,00","0,00","0,00","0,00","0,00","0,00"
,REK KORAN,,,"372.959,82","284.434,92",,,,,,,,,,,"657.394,74"
,SELISIH (FEE),"0,00","0,00","(1.445,18)","(2.005,08)","0,00","0,00","0,00","0,00",,"0,00","0,00","0,00","0,00","0,00","(3.450,26)"
,Fee (%),#DIV/0!,#DIV/0!,"-0,39%","-0,70%",#DIV/0!,#DIV/0!,#DIV/0!,#DIV/0!,,#DIV/0!,#DIV/0!,#DIV/0!,#DIV/0!,#DIV/0!,"(0,01)"
,MASUK TANGGAL,,,24/04/2025,24/04/2025,,,,,,,,,,,
,DICEK TANGGAL,,,25/04/2025,25/04/2025,,,,,,,,,,,
24/04/2025,Opaper,,"49.665,00","564.585,00","264.495,00",,,,,,,,,,,"878.745,00"
,SETTLEMENT,,"49.665,00","564.585,00","264.495,00",,,,,,,,,,,"878.745,00"
,SELISIH,"0,00","0,00","0,00","0,00","0,00","0,00","0,00","0,00","0,00","0,00","0,00","0,00","0,00","0,00","0,00"
,REK KORAN,,"48.672,00","559.410,39","262.643,54",,,,,,,,,,,"870.725,93"
,SELISIH (FEE),"0,00","(993,00)","(5.174,61)","(1.851,46)","0,00","0,00","0,00","0,00",,"0,00","0,00","0,00","0,00","0,00","(8.019,07)"
,Fee (%),#DIV/0!,"-2,00%","-0,92%","-0,70%",#DIV/0!,#DIV/0!,#DIV/0!,#DIV/0!,,#DIV/0!,#DIV/0!,#DIV/0!,#DIV/0!,#DIV/0!,"(0,01)"
,MASUK TANGGAL,,25/04/2025,25/04/2025,25/04/2025,,,,,,,,,,,
,DICEK TANGGAL,,25/04/2025,25/04/2025,25/04/2025,,,,,,,,,,,
25/04/2025,Opaper,,"53.130,00","213.675,00","891.084,00",,,,,,,,,,,"1.157.889,00"
,SETTLEMENT,,"53.130,00","213.675,00","891.084,00",,,,,,,,,,,"1.157.889,00"
,SELISIH,"0,00","0,00","0,00","0,00","0,00","0,00","0,00","0,00","0,00","0,00","0,00","0,00","0,00","0,00","0,00"
,REK KORAN,,"52.067,00","212.912,70","884.846,42",,,,,,,,,,,"1.149.826,12"
,SELISIH (FEE),"0,00","(1.063,00)","(762,30)","(6.237,58)","0,00","0,00","0,00","0,00",,"0,00","0,00","0,00","0,00","0,00","(8.062,88)"
,Fee (%),#DIV/0!,"-2,00%","-0,36%","-0,70%",#DIV/0!,#DIV/0!,#DIV/0!,#DIV/0!,,#DIV/0!,#DIV/0!,#DIV/0!,#DIV/0!,#DIV/0!,"(0,01)"
,MASUK TANGGAL,,26/04/2025,26/04/2025,26/04/2025,,,,,,,,,,,
,DICEK TANGGAL,,28/04/2025,28/04/2025,28/04/2025,,,,,,,,,,,
26/04/2025,Opaper,,"400.485,00","265.650,00","2.403.650,00",,,,,,,,,,,"3.069.785,00"
,SETTLEMENT,,"400.485,00","265.650,00","2.403.650,00",,,,,,,,,,,"3.069.785,00"
,SELISIH,"0,00","0,00","0,00","0,00","0,00","0,00","0,00","0,00","0,00","0,00","0,00","0,00","0,00","0,00","0,00"
,REK KORAN,,"392.475,00","264.809,74","2.386.824,46",,,,,,,,,,,"3.044.109,20"
,SELISIH (FEE),"0,00","(8.010,00)","(840,26)","(16.825,54)","0,00","0,00","0,00","0,00",,"0,00","0,00","0,00","0,00","0,00","(25.675,80)"
,Fee (%),#DIV/0!,"-2,00%","-0,32%","-0,70%",#DIV/0!,#DIV/0!,#DIV/0!,#DIV/0!,,#DIV/0!,#DIV/0!,#DIV/0!,#DIV/0!,#DIV/0!,"(0,01)"
,MASUK TANGGAL,,27/04/2025,27/04/2025,27/04/2025,,,,,,,,,,,
,DICEK TANGGAL,,28/04/2025,28/04/2025,28/04/2025,,,,,,,,,,,
27/04/2025,Opaper,,"260.545,00","224.070,00","3.439.375,00",,,,,,,,,,,"3.923.990,00"
,SETTLEMENT,,"260.545,00","224.070,00","3.439.375,00",,,,,,,,,,,"3.923.990,00"
,SELISIH,"0,00","0,00","0,00","0,00","0,00","0,00","0,00","0,00","0,00","0,00","0,00","0,00","0,00","0,00","0,00"
,REK KORAN,,"255.334,00","222.899,41","3.415.299,38",,,,,,,,,,,"3.893.532,79"
,SELISIH (FEE),"0,00","(5.211,00)","(1.170,59)","(24.075,62)","0,00","0,00","0,00","0,00",,"0,00","0,00","0,00","0,00","0,00","(30.457,21)"
,Fee (%),#DIV/0!,"-2,00%","-0,52%","-0,70%",#DIV/0!,#DIV/0!,#DIV/0!,#DIV/0!,,#DIV/0!,#DIV/0!,#DIV/0!,#DIV/0!,#DIV/0!,"(0,01)"
,MASUK TANGGAL,,28/04/2025,28/04/2025,28/04/2025,,,,,,,,,,,
,DICEK TANGGAL,,28/04/2025,28/04/2025,28/04/2025,,,,,,,,,,,
28/04/2025,Opaper,,"20.790,00","40.425,00","918.225,00",,,,,,,,,,,"979.440,00"
,SETTLEMENT,,"20.790,00","40.425,00","918.225,00",,,,,,,,,,,"979.440,00"
,SELISIH,"0,00","0,00","0,00","0,00","0,00","0,00","0,00","0,00","0,00","0,00","0,00","0,00","0,00","0,00","0,00"
,REK KORAN,,"20.374,00","40.364,37","911797,43",,,,,,,,,,,"972.535,80"
,SELISIH (FEE),"0,00","(416,00)","(60,63)","(6.427,57)","0,00","0,00","0,00","0,00",,"0,00","0,00","0,00","0,00","0,00","(6.904,20)"
,Fee (%),#DIV/0!,"-2,00%","-0,15%","-0,70%",#DIV/0!,#DIV/0!,#DIV/0!,#DIV/0!,,#DIV/0!,#DIV/0!,#DIV/0!,#DIV/0!,#DIV/0!,"(0,01)"
,MASUK TANGGAL,,29/04/2025,29/04/2025,29/04/2025,,,,,,,,,,,
,DICEK TANGGAL,,06/05/2025,06/05/2025,06/05/2025,,,,,,,,,,,
29/04/2025,Opaper,,"40.425,00","51.975,00","1.010.780,00",,,,,,,,,,,"1.103.180,00"
,SETTLEMENT,,"40.425,00","51.975,00","1.010.780,00",,,,,,,,,,,"1.103.180,00"
,SELISIH,"0,00","0,00","0,00","0,00","0,00","0,00","0,00","0,00","0,00","0,00","0,00","0,00","0,00","0,00","0,00"
,REK KORAN,,"39.819,00","51.455,25","1.003.704,55",,,,,,,,,,,"1.094.978,80"
,SELISIH (FEE),"0,00","(606,00)","(519,75)","(7.075,45)","0,00","0,00","0,00","0,00",,"0,00","0,00","0,00","0,00","0,00","(8.201,20)"
,Fee (%),#DIV/0!,"-1,50%","-1,00%","-0,70%",#DIV/0!,#DIV/0!,#DIV/0!,#DIV/0!,,#DIV/0!,#DIV/0!,#DIV/0!,#DIV/0!,#DIV/0!,"(0,01)"
,MASUK TANGGAL,,30/04/2025,30/04/2025,30/04/2025,,,,,,,,,,,
,DICEK TANGGAL,,06/05/2025,06/05/2025,06/05/2025,,,,,,,,,,,
30/04/2025,Opaper,,,"266.640,00","654.885,00",,,,,,,,,,,"921.525,00"
,SETTLEMENT,,,"266.640,00","654.885,00",,,,,,,,,,,"921.525,00"
,SELISIH,"0,00","0,00","0,00","0,00","0,00","0,00","0,00","0,00","0,00","0,00","0,00","0,00","0,00","0,00","0,00"
,REK KORAN,,,"266.240,04","650.300,81",,,,,,,,,,,"916.540,85"
,SELISIH (FEE),"0,00","0,00","(399,96)","(4.584,19)","0,00","0,00","0,00","0,00",,"0,00","0,00","0,00","0,00","0,00","(4.984,15)"
,Fee (%),#DIV/0!,#DIV/0!,"-0,15%","-0,70%",#DIV/0!,#DIV/0!,#DIV/0!,#DIV/0!,,#DIV/0!,#DIV/0!,#DIV/0!,#DIV/0!,#DIV/0!,"(0,01)"
,MASUK TANGGAL,,,01/05/2025,01/05/2025,,,,,,,,,,,
,DICEK TANGGAL,,,06/05/2025,06/05/2025,,,,,,,,,,,
01/05/2025,Opaper,,"194.665,00","614.190,00","1.811.665,00",,,,,,,,,,,"2.620.520,00"
,SETTLEMENT,,"194.665,00","614.190,00","1.811.665,00",,,,,,,,,,,"2.620.520,00"
,SELISIH,"0,00","0,00","0,00","0,00","0,00","0,00","0,00","0,00","0,00","0,00","0,00","0,00","0,00","0,00","0,00"
,REK KORAN,,"190.772,00","612.964,38","1.798.983,35",,,,,,,,,,,"2.602.719,73"
,SELISIH (FEE),"0,00","(3.893,00)","(1.225,62)","(12.681,65)","0,00","0,00","0,00","0,00",,"0,00","0,00","0,00","0,00","0,00","(17.800,27)"
,Fee (%),#DIV/0!,"-2,00%","-0,20%","-0,70%",#DIV/0!,#DIV/0!,#DIV/0!,#DIV/0!,,#DIV/0!,#DIV/0!,#DIV/0!,#DIV/0!,#DIV/0!,"(0,01)"
,MASUK TANGGAL,,02/05/2025,02/05/2025,02/05/2025,,,,,,,,,,,
,DICEK TANGGAL,,06/05/2025,06/05/2025,06/05/2025,,,,,,,,,,,
02/05/2025,Opaper,,"304.665,00","285.285,00","885.815,00",,,,,,,,,,,"1.475.765,00"
,SETTLEMENT,,"304.665,00","285.285,00","885.815,00",,,,,,,,,,,"1.475.765,00"
,SELISIH,"0,00","0,00","0,00","0,00","0,00","0,00","0,00","0,00","0,00","0,00","0,00","0,00","0,00","0,00","0,00"
,REK KORAN,,"298.572,00","284.857,08","879.614,30",,,,,,,,,,,"1.463.043,38"
,SELISIH (FEE),"0,00","(6.093,00)","(427,92)","(6.200,70)","0,00","0,00","0,00","0,00",,"0,00","0,00","0,00","0,00","0,00","(12.721,62)"
,Fee (%),#DIV/0!,"-2,00%","-0,15%","-0,70%",#DIV/0!,#DIV/0!,#DIV/0!,#DIV/0!,,#DIV/0!,#DIV/0!,#DIV/0!,#DIV/0!,#DIV/0!,"(0,01)"
,MASUK TANGGAL,,03/05/2025,03/05/2025,03/05/2025,,,,,,,,,,,
,DICEK TANGGAL,,06/05/2025,06/05/2025,06/05/2025,,,,,,,,,,,
03/05/2025,Opaper,,"55.440,00","295.680,00","1.265.000,00",,,,,,,,,,,"1.616.120,00"
,SETTLEMENT,,"55.440,00","295.680,00","1.265.000,00",,,,,,,,,,,"1.616.120,00"
,SELISIH,"0,00","0,00","0,00","0,00","0,00","0,00","0,00","0,00","0,00","0,00","0,00","0,00","0,00","0,00","0,00"
,REK KORAN,,"54.331,00","295.236,48","1.256.145,01",,,,,,,,,,,"1.605.712,49"
,SELISIH (FEE),"0,00","(1.109,00)","(443,52)","(8.854,99)","0,00","0,00","0,00","0,00",,"0,00","0,00","0,00","0,00","0,00","(10.407,51)"
,Fee (%),#DIV/0!,"-2,00%","-0,15%","-0,70%",#DIV/0!,#DIV/0!,#DIV/0!,#DIV/0!,,#DIV/0!,#DIV/0!,#DIV/0!,#DIV/0!,#DIV/0!,"(0,01)"
,MASUK TANGGAL,,04/05/2025,04/05/2025,04/05/2025,,,,,,,,,,,
,DICEK TANGGAL,,06/05/2025,06/05/2025,06/05/2025,,,,,,,,,,,
04/05/2025,Opaper,,"571.195,00","35.805,00","1.655.865,00",,,,,,,,,,,"2.262.865,00"
,SETTLEMENT,,"571.195,00","35.805,00","1.655.865,00",,,,,,,,,,,"2.262.865,00"
,SELISIH,"0,00","0,00","0,00","0,00","0,00","0,00","0,00","0,00","0,00","0,00","0,00","0,00","0,00","0,00","0,00"
,REK KORAN,,"561.074,00","35.446,95","1.644.273,95",,,,,,,,,,,"2.240.794,90"
,SELISIH (FEE),"0,00","(10.121,00)","(358,05)","(11.591,05)","0,00","0,00","0,00","0,00",,"0,00","0,00","0,00","0,00","0,00","(22.070,10)"
,Fee (%),#DIV/0!,"-1,77%","-1,00%","-0,70%",#DIV/0!,#DIV/0!,#DIV/0!,#DIV/0!,,#DIV/0!,#DIV/0!,#DIV/0!,#DIV/0!,#DIV/0!,"(0,01)"
,MASUK TANGGAL,,05/05/2025,05/05/2025,05/05/2025,,,,,,,,,,,
,DICEK TANGGAL,,06/05/2025,06/05/2025,06/05/2025,,,,,,,,,,,
05/05/2025,Opaper,,,"49.665,00","601.755,00",,,,,,,,,,,"651.420,00"
,SETTLEMENT,,,"49.665,00","601.755,00",,,,,,,,,,,"651.420,00"
,SELISIH,"0,00","0,00","0,00","0,00","0,00","0,00","0,00","0,00","0,00","0,00","0,00","0,00","0,00","0,00","0,00"
,REK KORAN,,,"49.590,51","597.542,72",,,,,,,,,,,"647.133,23"
,SELISIH (FEE),"0,00","0,00","(74,49)","(4.212,28)","0,00","0,00","0,00","0,00",,"0,00","0,00","0,00","0,00","0,00","(4.286,77)"
,Fee (%),#DIV/0!,#DIV/0!,"-0,15%","-0,70%",#DIV/0!,#DIV/0!,#DIV/0!,#DIV/0!,,#DIV/0!,#DIV/0!,#DIV/0!,#DIV/0!,#DIV/0!,"(0,01)"
,MASUK TANGGAL,,,06/05/2025,06/05/2025,,,,,,,,,,,
,DICEK TANGGAL,,,06/05/2025,06/05/2025,,,,,,,,,,,
06/05/2025,Opaper,,,"359.330,00","429.660,00",,,,,,,,,,,"788.990,00"
,SETTLEMENT,,,"359.330,00","429.660,00",,,,,,,,,,,"788.990,00"
,SELISIH,"0,00","0,00","0,00","0,00","0,00","0,00","0,00","0,00","0,00","0,00","0,00","0,00","0,00","0,00","0,00"
,REK KORAN,,,"358.791,01","426.652,38",,,,,,,,,,,"785.443,39"
,SELISIH (FEE),"0,00","0,00","(538,99)","(3.007,62)","0,00","0,00","0,00","0,00",,"0,00","0,00","0,00","0,00","0,00","(3.546,61)"
,Fee (%),#DIV/0!,#DIV/0!,"-0,15%","-0,70%",#DIV/0!,#DIV/0!,#DIV/0!,#DIV/0!,,#DIV/0!,#DIV/0!,#DIV/0!,#DIV/0!,#DIV/0!,"(0,00)"
,MASUK TANGGAL,,,07/05/2025,07/05/2025,,,,,,,,,,,
,DICEK TANGGAL,,,09/05/2025,09/05/2025,,,,,,,,,,,
07/05/2025,Opaper,,"180.805,00","51.975,00","903.906,00",,,,,,,,,,,"1.136.686,00"
,SETTLEMENT,,"370.805,00","51.975,00","713.906,00",,,,,,,,,,,"1.136.686,00"
,SELISIH,"0,00","190.000,00","0,00","(190.000,00)","0,00","0,00","0,00","0,00","0,00","0,00","0,00","0,00","0,00","0,00","0,00"
,REK KORAN,,"365.064,00","51.455,25","708.908,66",,,,,,,,,,,"1.125.427,91"
,SELISIH (FEE),"0,00","(5.741,00)","(519,75)","(4.997,34)","0,00","0,00","0,00","0,00",,"0,00","0,00","0,00","0,00","0,00","(11.258,09)"
,Fee (%),#DIV/0!,"-1,55%","-1,00%","-0,70%",#DIV/0!,#DIV/0!,#DIV/0!,#DIV/0!,,#DIV/0!,#DIV/0!,#DIV/0!,#DIV/0!,#DIV/0!,"(0,01)"
,MASUK TANGGAL,,08/05/2025,08/05/2025,08/05/2025,,,,,,,,,,,
,DICEK TANGGAL,,09/05/2025,09/05/2025,09/05/2025,,,,,,,,,,,
08/05/2025,Opaper,,"290.000,00","55.440,00","830.445,00",,,,,,,,,,,"1.175.885,00"
,SETTLEMENT,,"290.000,00","107.415,00","778.470,00",,,,,,,,,,,"1.175.885,00"
,SELISIH,"0,00","0,00","51.975,00","(51.975,00)","0,00","0,00","0,00","0,00","0,00","0,00","0,00","0,00","0,00","0,00","0,00"
,REK KORAN,,"284.200,00","107.253,88","773.020,72",,,,,,,,,,,"1.164.474,60"
,SELISIH (FEE),"0,00","(5.800,00)","(161,12)","(5.449,28)","0,00","0,00","0,00","0,00",,"0,00","0,00","0,00","0,00","0,00","(11.410,40)"
,Fee (%),#DIV/0!,"-2,00%","-0,15%","-0,70%",#DIV/0!,#DIV/0!,#DIV/0!,#DIV/0!,,#DIV/0!,#DIV/0!,#DIV/0!,#DIV/0!,#DIV/0!,"(0,01)"
,MASUK TANGGAL,,09/05/2025,09/05/2025,09/05/2025,,,,,,,,,,,
,DICEK TANGGAL,,09/05/2025,09/05/2025,09/05/2025,,,,,,,,,,,
09/05/2025,Opaper,,"570.000,00","34.362,00","718.504,00",,,,,,,,,,,"1.322.866,00"
,SETTLEMENT,,"570.000,00","34.362,00","718.504,00",,,,,,,,,,,"1.322.866,00"
,SELISIH,"0,00","0,00","0,00","0,00","0,00","0,00","0,00","0,00","0,00","0,00","0,00","0,00","0,00","0,00","0,00"
,REK KORAN,,"558.600,00","34.018,38","713.474,49",,,,,,,,,,,"1.306.092,87"
,SELISIH (FEE),"0,00","(11.400,00)","(343,62)","(5.029,51)","0,00","0,00","0,00","0,00",,"0,00","0,00","0,00","0,00","0,00","(16.773,13)"
,Fee (%),#DIV/0!,"-2,00%","-1,00%","-0,70%",#DIV/0!,#DIV/0!,#DIV/0!,#DIV/0!,,#DIV/0!,#DIV/0!,#DIV/0!,#DIV/0!,#DIV/0!,"(0,01)"
,MASUK TANGGAL,,10/05/2025,10/05/2025,10/05/2025,,,,,,,,,,,
,DICEK TANGGAL,,14/05/2025,14/05/2025,14/05/2025,,,,,,,,,,,
10/05/2025,Opaper,,"141.975,00","157.080,00","2.105.490,00",,,,,,,,,,,"2.404.545,00"
,SETTLEMENT,,"141.975,00","157.080,00","2.105.490,00",,,,,,,,,,,"2.404.545,00"
,SELISIH,"0,00","0,00","0,00","0,00","0,00","0,00","0,00","0,00","0,00","0,00","0,00","0,00","0,00","0,00","0,00"
,REK KORAN,,"139.136,00","156.844,38","2.090.751,58",,,,,,,,,,,"2.386.731,96"
,SELISIH (FEE),"0,00","(2.839,00)","(235,62)","(14.738,42)","0,00","0,00","0,00","0,00",,"0,00","0,00","0,00","0,00","0,00","(17.813,04)"
,Fee (%),#DIV/0!,"-2,00%","-0,15%","-0,70%",#DIV/0!,#DIV/0!,#DIV/0!,#DIV/0!,,#DIV/0!,#DIV/0!,#DIV/0!,#DIV/0!,#DIV/0!,"(0,01)"
,MASUK TANGGAL,,11/05/2025,11/05/2025,11/05/2025,,,,,,,,,,,
,DICEK TANGGAL,,14/05/2025,14/05/2025,14/05/2025,,,,,,,,,,,
11/05/2025,Opaper,,"499.070,00","267.960,00","2.867.620,00",,,,,,,,,,,"3.634.650,00"
,SETTLEMENT,,"439.010,00","267.960,00","2.927.680,00",,,,,,,,,,,"3.634.650,00"
,SELISIH,"0,00","(60.060,00)","0,00","60.060,00","0,00","0,00","0,00","0,00","0,00","0,00","0,00","0,00","0,00","0,00","0,00"
,REK KORAN,,"430.229,00","267.116,28","2.907.186,25",,,,,,,,,,,"3.604.531,53"
,SELISIH (FEE),"0,00","(8.781,00)","(843,72)","(20.493,75)","0,00","0,00","0,00","0,00",,"0,00","0,00","0,00","0,00","0,00","(30.118,47)"
,Fee (%),#DIV/0!,"-2,00%","-0,31%","-0,70%",#DIV/0!,#DIV/0!,#DIV/0!,#DIV/0!,,#DIV/0!,#DIV/0!,#DIV/0!,#DIV/0!,#DIV/0!,"(0,01)"
,MASUK TANGGAL,,12/05/2025,12/05/2025,12/05/2025,,,,,,,,,,,
,DICEK TANGGAL,,14/05/2025,14/05/2025,14/05/2025,,,,,,,,,,,
12/05/2025,Opaper,,"266.805,00","388.080,00","987.525,00",,,,,,,,,,,"1.642.410,00"
,SETTLEMENT,,"266.805,00","388.080,00","987.525,00",,,,,,,,,,,"1.642.410,00"
,SELISIH,"0,00","0,00","0,00","0,00","0,00","0,00","0,00","0,00","0,00","0,00","0,00","0,00","0,00","0,00","0,00"
,REK KORAN,,"261.672,00","386.221,61","980.612,33",,,,,,,,,,,"1.628.505,94"
,SELISIH (FEE),"0,00","(5.133,00)","(1.858,39)","(6.912,67)","0,00","0,00","0,00","0,00",,"0,00","0,00","0,00","0,00","0,00","(13.904,06)"
,Fee (%),#DIV/0!,"-1,92%","-0,48%","-0,70%",#DIV/0!,#DIV/0!,#DIV/0!,#DIV/0!,,#DIV/0!,#DIV/0!,#DIV/0!,#DIV/0!,#DIV/0!,"(0,01)"
,MASUK TANGGAL,,13/05/2025,13/05/2025,13/05/2025,,,,,,,,,,,
,DICEK TANGGAL,,14/05/2025,14/05/2025,14/05/2025,,,,,,,,,,,
13/05/2025,Opaper,,"49.665,00",,"582.120,00",,,,,,,,,,,"631.785,00"
,SETTLEMENT,,"49.665,00",,"582.120,00",,,,,,,,,,,"631.785,00"
,SELISIH,"0,00","0,00","0,00","0,00","0,00","0,00","0,00","0,00","0,00","0,00","0,00","0,00","0,00","0,00","0,00"
,REK KORAN,,"48.672,00",,"578.045,17",,,,,,,,,,,"626.717,17"
,SELISIH (FEE),"0,00","(993,00)","0,00","(4.074,83)","0,00","0,00","0,00","0,00",,"0,00","0,00","0,00","0,00","0,00","(5.067,83)"
,Fee (%),#DIV/0!,"-2,00%",#DIV/0!,"-0,70%",#DIV/0!,#DIV/0!,#DIV/0!,#DIV/0!,,#DIV/0!,#DIV/0!,#DIV/0!,#DIV/0!,#DIV/0!,"(0,01)"
,MASUK TANGGAL,,14/05/2025,,14/05/2025,,,,,,,,,,,
,DICEK TANGGAL,,14/05/2025,,14/05/2025,,,,,,,,,,,
14/05/2025,Opaper,,,,"224.070,00",,,,,,,,,,,"224.070,00"
,SETTLEMENT,,,,"224.070,00",,,,,,,,,,,"224.070,00"
,SELISIH,"0,00","0,00","0,00","0,00","0,00","0,00","0,00","0,00","0,00","0,00","0,00","0,00","0,00","0,00","0,00"
,REK KORAN,,,,"222.501,52",,,,,,,,,,,"222.501,52"
,SELISIH (FEE),"0,00","0,00","0,00","(1.568,48)","0,00","0,00","0,00","0,00",,"0,00","0,00","0,00","0,00","0,00","(1.568,48)"
,Fee (%),#DIV/0!,#DIV/0!,#DIV/0!,"-0,70%",#DIV/0!,#DIV/0!,#DIV/0!,#DIV/0!,,#DIV/0!,#DIV/0!,#DIV/0!,#DIV/0!,#DIV/0!,"(0,01)"
,MASUK TANGGAL,,15/05/2025,,15/05/2025,,,,,,,,,,,
,DICEK TANGGAL,,20/05/2025,,20/05/2025,,,,,,,,,,,
15/05/2025,Opaper,,"66.990,00",,"423.885,00",,,,,,,,,,,"490.875,00"
,SETTLEMENT,,"66.990,00",,"423.885,00",,,,,,,,,,,"490.875,00"
,SELISIH,"0,00","0,00","0,00","0,00","0,00","0,00","0,00","0,00","0,00","0,00","0,00","0,00","0,00","0,00","0,00"
,REK KORAN,,"65.650,00",,"420.917,81",,,,,,,,,,,"486.567,81"
,SELISIH (FEE),"0,00","(1.340,00)","0,00","(2.967,19)","0,00","0,00","0,00","0,00",,"0,00","0,00","0,00","0,00","0,00","(4.307,19)"
,Fee (%),#DIV/0!,"-2,00%",#DIV/0!,"-0,70%",#DIV/0!,#DIV/0!,#DIV/0!,#DIV/0!,,#DIV/0!,#DIV/0!,#DIV/0!,#DIV/0!,#DIV/0!,"(0,01)"
,MASUK TANGGAL,,16/05/2025,,16/05/2025,,,,,,,,,,,
,DICEK TANGGAL,,20/05/2025,,20/05/2025,,,,,,,,,,,
16/05/2025,Opaper,,"49.665,00","32.340,00","312.475,00",,,,,,,,,,,"394.480,00"
,SETTLEMENT,,"49.665,00","32.340,00","312.475,00",,,,,,,,,,,"394.480,00"
,SELISIH,"0,00","0,00","0,00","0,00","0,00","0,00","0,00","0,00","0,00","0,00","0,00","0,00","0,00","0,00","0,00"
,REK KORAN,,"48.672,00","32.291,49","310.287,68",,,,,,,,,,,"391.251,17"
,SELISIH (FEE),"0,00","(993,00)","(48,51)","(2.187,32)","0,00","0,00","0,00","0,00",,"0,00","0,00","0,00","0,00","0,00","(3.228,83)"
,Fee (%),#DIV/0!,"-2,00%","-0,15%","-0,70%",#DIV/0!,#DIV/0!,#DIV/0!,#DIV/0!,,#DIV/0!,#DIV/0!,#DIV/0!,#DIV/0!,#DIV/0!,"(0,01)"
,MASUK TANGGAL,,17/05/2025,17/05/2025,17/05/2025,,,,,,,,,,,
,DICEK TANGGAL,,20/05/2025,20/05/2025,20/05/2025,,,,,,,,,,,
17/05/2025,Opaper,,"296.835,00","214.830,00","1.536.090,00",,,,,,,,,,,"2.047.755,00"
,SETTLEMENT,,"296.835,00","214.830,00","1.536.090,00",,,,,,,,,,,"2.047.755,00"
,SELISIH,"0,00","0,00","0,00","0,00","0,00","0,00","0,00","0,00","0,00","0,00","0,00","0,00","0,00","0,00","0,00"
,REK KORAN,,"290.900,00","214.507,76","1.525.337,38",,,,,,,,,,,"2.030.745,14"
,SELISIH (FEE),"0,00","(5.935,00)","(322,24)","(10.752,62)","0,00","0,00","0,00","0,00",,"0,00","0,00","0,00","0,00","0,00","(17.009,86)"
,Fee (%),#DIV/0!,"-2,00%","-0,15%","-0,70%",#DIV/0!,#DIV/0!,#DIV/0!,#DIV/0!,,#DIV/0!,#DIV/0!,#DIV/0!,#DIV/0!,#DIV/0!,"(0,01)"
,MASUK TANGGAL,,18/05/2025,18/05/2025,18/05/2025,,,,,,,,,,,
,DICEK TANGGAL,,20/05/2025,20/05/2025,20/05/2025,,,,,,,,,,,
18/05/2025,Opaper,,"351.745,00","337.260,00","1.461.715,00",,,,,,,,,,,"2.150.720,00"
,SETTLEMENT,,"351.745,00","337.260,00","1.461.715,00",,,,,,,,,,,"2.150.720,00"
,SELISIH,"0,00","0,00","0,00","0,00","0,00","0,00","0,00","0,00","0,00","0,00","0,00","0,00","0,00","0,00","0,00"
,REK KORAN,,"344.711,00","334.653,17","1.451.483,00",,,,,,,,,,,"2.130.847,17"
,SELISIH (FEE),"0,00","(7.034,00)","(2.606,83)","(10.232,00)","0,00","0,00","0,00","0,00",,"0,00","0,00","0,00","0,00","0,00","(19.872,83)"
,Fee (%),#DIV/0!,"-2,00%","-0,77%","-0,70%",#DIV/0!,#DIV/0!,#DIV/0!,#DIV/0!,,#DIV/0!,#DIV/0!,#DIV/0!,#DIV/0!,#DIV/0!,"(0,01)"
,MASUK TANGGAL,,19/05/2025,19/05/2025,19/05/2025,,,,,,,,,,,
,DICEK TANGGAL,,20/05/2025,20/05/2025,20/05/2025,,,,,,,,,,,
19/05/2025,Opaper,,,"138.600,00","340.148,00",,,,,,,,,,,"478.748,00"
,SETTLEMENT,,,"138.600,00","340.148,00",,,,,,,,,,,"478.748,00"
,SELISIH,"0,00","0,00","0,00","0,00","0,00","0,00","0,00","0,00","0,00","0,00","0,00","0,00","0,00","0,00","0,00"
,REK KORAN,,,"138.048,49","337.766,98",,,,,,,,,,,"475.815,47"
,SELISIH (FEE),"0,00","0,00","(551,51)","(2.381,02)","0,00","0,00","0,00","0,00",,"0,00","0,00","0,00","0,00","0,00","(2.932,53)"
,Fee (%),#DIV/0!,#DIV/0!,"-0,40%","-0,70%",#DIV/0!,#DIV/0!,#DIV/0!,#DIV/0!,,#DIV/0!,#DIV/0!,#DIV/0!,#DIV/0!,#DIV/0!,"(0,01)"
,MASUK TANGGAL,,,20/05/2025,20/05/2025,,,,,,,,,,,
,DICEK TANGGAL,,,20/05/2025,20/05/2025,,,,,,,,,,,
20/05/2025,Opaper,,"305.060,00","103.950,00","509.675,00",,,,,,,,,,,"918.685,00"
,SETTLEMENT,,"305.060,00","103.950,00","509.675,00",,,,,,,,,,,"918.685,00"
,SELISIH,"0,00","0,00","0,00","0,00","0,00","0,00","0,00","0,00","0,00","0,00","0,00","0,00","0,00","0,00","0,00"
,REK KORAN,,"298.959,00","103.352,29","506.107,28",,,,,,,,,,,"908.418,57"
,SELISIH (FEE),"0,00","(6.101,00)","(597,71)","(3.567,72)","0,00","0,00","0,00","0,00",,"0,00","0,00","0,00","0,00","0,00","(10.266,43)"
,Fee (%),#DIV/0!,"-2,00%","-0,57%","-0,70%",#DIV/0!,#DIV/0!,#DIV/0!,#DIV/0!,,#DIV/0!,#DIV/0!,#DIV/0!,#DIV/0!,#DIV/0!,"(0,01)"
,MASUK TANGGAL,,21/05/2025,21/05/2025,21/05/2025,,,,,,,,,,,
,DICEK TANGGAL,,23/05/2025,23/05/2025,23/05/2025,,,,,,,,,,,
21/05/2025,Opaper,,"181.335,00","80.850,00","444.675,00",,,,,,,,,,,"706.860,00"
,SETTLEMENT,,"181.335,00","80.850,00","444.675,00",,,,,,,,,,,"706.860,00"
,SELISIH,"0,00","0,00","0,00","0,00","0,00","0,00","0,00","0,00","0,00","0,00","0,00","0,00","0,00","0,00","0,00"
,REK KORAN,,"177.709,00","80.728,73","441.562,28",,,,,,,,,,,"700.000,01"
,SELISIH (FEE),"0,00","(3.626,00)","(121,27)","(3.112,72)","0,00","0,00","0,00","0,00",,"0,00","0,00","0,00","0,00","0,00","(6.859,99)"
,Fee (%),#DIV/0!,"-2,00%","-0,15%","-0,70%",#DIV/0!,#DIV/0!,#DIV/0!,#DIV/0!,,#DIV/0!,#DIV/0!,#DIV/0!,#DIV/0!,#DIV/0!,"(0,01)"
,MASUK TANGGAL,,22/05/2025,22/05/2025,22/05/2025,,,,,,,,,,,
,DICEK TANGGAL,,23/05/2025,23/05/2025,23/05/2025,,,,,,,,,,,
22/05/2025,Opaper,,"110.000,00",,"481.635,00",,,,,,,,,,,"591.635,00"
,SETTLEMENT,,"110.000,00",,"481.635,00",,,,,,,,,,,"591.635,00"
,SELISIH,"0,00","0,00","0,00","0,00","0,00","0,00","0,00","0,00","0,00","0,00","0,00","0,00","0,00","0,00","0,00"
,REK KORAN,,"107.800,00",,"478.263,57",,,,,,,,,,,"586.063,57"
,SELISIH (FEE),"0,00","(2.200,00)","0,00","(3.371,43)","0,00","0,00","0,00","0,00",,"0,00","0,00","0,00","0,00","0,00","(5.571,43)"
,Fee (%),#DIV/0!,"-2,00%",#DIV/0!,"-0,70%",#DIV/0!,#DIV/0!,#DIV/0!,#DIV/0!,,#DIV/0!,#DIV/0!,#DIV/0!,#DIV/0!,#DIV/0!,"(0,01)"
,MASUK TANGGAL,,23/05/2025,,23/05/2025,,,,,,,,,,,
,DICEK TANGGAL,,23/05/2025,,23/05/2025,,,,,,,,,,,
23/05/2025,Opaper,,,"140.425,00","427.350,00",,,,,,,,,,,"567.775,00"
,SETTLEMENT,,,"140.425,00","427.350,00",,,,,,,,,,,"567.775,00"
,SELISIH,"0,00","0,00","0,00","0,00","0,00","0,00","0,00","0,00","0,00","0,00","0,00","0,00","0,00","0,00","0,00"
,REK KORAN,,,"139.364,37","424.358,56",,,,,,,,,,,"563.722,93"
,SELISIH (FEE),"0,00","0,00","(1.060,63)","(2.991,44)","0,00","0,00","0,00","0,00",,"0,00","0,00","0,00","0,00","0,00","(4.052,07)"
,Fee (%),#DIV/0!,#DIV/0!,"-0,76%","-0,70%",#DIV/0!,#DIV/0!,#DIV/0!,#DIV/0!,,#DIV/0!,#DIV/0!,#DIV/0!,#DIV/0!,#DIV/0!,"(0,01)"
,MASUK TANGGAL,,,24/05/2025,24/05/2025,,,,,,,,,,,
,DICEK TANGGAL,,,24/05/2025,24/05/2025,,,,,,,,,,,
24/05/2025,Opaper,,,"567.425,00","1.657.430,00",,,,,,,,,,,"2.224.855,00"
,SETTLEMENT,,,"567.425,00","1.657.430,00",,,,,,,,,,,"2.224.855,00"
,SELISIH,"0,00","0,00","0,00","0,00","0,00","0,00","0,00","0,00","0,00","0,00","0,00","0,00","0,00","0,00","0,00"
,REK KORAN,,,"565.343,96","1.645.828,00",,,,,,,,,,,"2.211.171,96"
,SELISIH (FEE),"0,00","0,00","(2.081,04)","(11.602,00)","0,00","0,00","0,00","0,00",,"0,00","0,00","0,00","0,00","0,00","(13.683,04)"
,Fee (%),#DIV/0!,#DIV/0!,"-0,37%","-0,70%",#DIV/0!,#DIV/0!,#DIV/0!,#DIV/0!,,#DIV/0!,#DIV/0!,#DIV/0!,#DIV/0!,#DIV/0!,"(0,01)"
,MASUK TANGGAL,,,25/05/2025,25/05/2025,,,,,,,,,,,
,DICEK TANGGAL,,,31/05/2025,31/05/2025,,,,,,,,,,,
25/05/2025,Opaper,,"522.505,00","538.720,00","1.441.580,00",,,,,,,,,,,"2.502.805,00"
,SETTLEMENT,,"522.505,00","538.720,00","1.441.580,00",,,,,,,,,,,"2.502.805,00"
,SELISIH,"0,00","0,00","0,00","0,00","0,00","0,00","0,00","0,00","0,00","0,00","0,00","0,00","0,00","0,00","0,00"
,REK KORAN,,"512.344,00","533.804,04","1.431.488,94",,,,,,,,,,,"2.477.636,98"
,SELISIH (FEE),"0,00","(10.161,00)","(4.915,96)","(10.091,06)","0,00","0,00","0,00","0,00",,"0,00","0,00","0,00","0,00","0,00","(25.168,02)"
,Fee (%),#DIV/0!,"-1,94%","-0,91%","-0,70%",#DIV/0!,#DIV/0!,#DIV/0!,#DIV/0!,,#DIV/0!,#DIV/0!,#DIV/0!,#DIV/0!,#DIV/0!,"(0,01)"
,MASUK TANGGAL,,26/05/2025,26/05/2025,26/05/2025,,,,,,,,,,,
,DICEK TANGGAL,,31/05/2025,31/05/2025,31/05/2025,,,,,,,,,,,
26/05/2025,Opaper,,"282.855,00",,"421.510,00",,,,,,,,,,,"704.365,00"
,SETTLEMENT,,"282.855,00",,"421.510,00",,,,,,,,,,,"704.365,00"
,SELISIH,"0,00","0,00","0,00","0,00","0,00","0,00","0,00","0,00","0,00","0,00","0,00","0,00","0,00","0,00","0,00"
,REK KORAN,,"277.198,00",,"418.559,43",,,,,,,,,,,"695.757,43"
,SELISIH (FEE),"0,00","(5.657,00)","0,00","(2.950,57)","0,00","0,00","0,00","0,00",,"0,00","0,00","0,00","0,00","0,00","(8.607,57)"
,Fee (%),#DIV/0!,"-2,00%",#DIV/0!,"-0,70%",#DIV/0!,#DIV/0!,#DIV/0!,#DIV/0!,,#DIV/0!,#DIV/0!,#DIV/0!,#DIV/0!,#DIV/0!,"(0,01)"
,MASUK TANGGAL,,27/05/2025,27/05/2025,27/05/2025,,,,,,,,,,,
,DICEK TANGGAL,,31/05/2025,31/05/2025,31/05/2025,,,,,,,,,,,
27/05/2025,Opaper,,"936.975,00","32.340,00","871.740,00",,,,,,,,,,,"1.841.055,00"
,SETTLEMENT,,"936.975,00","32.340,00","871.740,00",,,,,,,,,,,"1.841.055,00"
,SELISIH,"0,00","0,00","0,00","0,00","0,00","0,00","0,00","0,00","0,00","0,00","0,00","0,00","0,00","0,00","0,00"
,REK KORAN,,"918.236,00","32.291,49","865.637,82",,,,,,,,,,,"1.816.165,31"
,SELISIH (FEE),"0,00","(18.739,00)","(48,51)","(6.102,18)","0,00","0,00","0,00","0,00",,"0,00","0,00","0,00","0,00","0,00","(24.889,69)"
,Fee (%),#DIV/0!,"-2,00%","-0,15%","-0,70%",#DIV/0!,#DIV/0!,#DIV/0!,#DIV/0!,,#DIV/0!,#DIV/0!,#DIV/0!,#DIV/0!,#DIV/0!,"(0,01)"
,MASUK TANGGAL,,28/05/2025,28/05/2025,28/05/2025,,,,,,,,,,,
,DICEK TANGGAL,,31/05/2025,31/05/2025,31/05/2025,,,,,,,,,,,
28/05/2025,Opaper,,"49.665,00","92.400,00","847.240,00",,,,,,,,,,,"989.305,00"
,SETTLEMENT,,"49.665,00","92.400,00","847.240,00",,,,,,,,,,,"989.305,00"
,SELISIH,"0,00","0,00","0,00","0,00","0,00","0,00","0,00","0,00","0,00","0,00","0,00","0,00","0,00","0,00","0,00"
,REK KORAN,,"48.672,00","92.261,40","841.309,33",,,,,,,,,,,"982.242,73"
,SELISIH (FEE),"0,00","(993,00)","(138,60)","(5.930,67)","0,00","0,00","0,00","0,00",,"0,00","0,00","0,00","0,00","0,00","(7.062,27)"
,Fee (%),#DIV/0!,"-2,00%","-0,15%","-0,70%",#DIV/0!,#DIV/0!,#DIV/0!,#DIV/0!,,#DIV/0!,#DIV/0!,#DIV/0!,#DIV/0!,#DIV/0!,"(0,01)"
,MASUK TANGGAL,,29/05/2025,29/05/2025,29/05/2025,,,,,,,,,,,
,DICEK TANGGAL,,31/05/2025,31/05/2025,31/05/2025,,,,,,,,,,,
29/05/2025,Opaper,,"77.385,00","176.715,00","1.644.015,00",,,,,,,,,,,"1.898.115,00"
,SETTLEMENT,,"77.385,00","176.715,00","1.644.015,00",,,,,,,,,,,"1.898.115,00"
,SELISIH,"0,00","0,00","0,00","0,00","0,00","0,00","0,00","0,00","0,00","0,00","0,00","0,00","0,00","0,00","0,00"
,REK KORAN,,"75.837,00","176.449,93","1.632.506,90",,,,,,,,,,,"1.884.793,83"
,SELISIH (FEE),"0,00","(1.548,00)","(265,07)","(11.508,10)","0,00","0,00","0,00","0,00",,"0,00","0,00","0,00","0,00","0,00","(13.321,17)"
,Fee (%),#DIV/0!,"-2,00%","-0,15%","-0,70%",#DIV/0!,#DIV/0!,#DIV/0!,#DIV/0!,,#DIV/0!,#DIV/0!,#DIV/0!,#DIV/0!,#DIV/0!,"(0,01)"
,MASUK TANGGAL,,30/05/2025,30/05/2025,30/05/2025,,,,,,,,,,,
,DICEK TANGGAL,,31/05/2025,31/05/2025,31/05/2025,,,,,,,,,,,
30/05/2025,Opaper,,"49.665,00","157.080,00","1.381.315,00",,,,,,,,,,,"1.588.060,00"
,SETTLEMENT,,"49.665,00","157.080,00","1.381.315,00",,,,,,,,,,,"1.588.060,00"
,SELISIH,"0,00","0,00","0,00","0,00","0,00","0,00","0,00","0,00","0,00","0,00","0,00","0,00","0,00","0,00","0,00"
,REK KORAN,,"48.672,00","155.950,99","1.371.645,80",,,,,,,,,,,"1.576.268,79"
,SELISIH (FEE),"0,00","(993,00)","(1.129,01)","(9.669,20)","0,00","0,00","0,00","0,00",,"0,00","0,00","0,00","0,00","0,00","(11.791,21)"
,Fee (%),#DIV/0!,"-2,00%","-0,72%","-0,70%",#DIV/0!,#DIV/0!,#DIV/0!,#DIV/0!,,#DIV/0!,#DIV/0!,#DIV/0!,#DIV/0!,#DIV/0!,"(0,01)"
,MASUK TANGGAL,,31/05/2025,31/05/2025,31/05/2025,,,,,,,,,,,
,DICEK TANGGAL,,31/05/2025,31/05/2025,31/05/2025,,,,,,,,,,,
31/05/2025,Opaper,,,"40.425,00","1.013.259,00",,,,,,,,,,,"1.053.684,00"
,SETTLEMENT,,,"40.425,00","1.013.259,00",,,,,,,,,,,"1.053.684,00"
,SELISIH,"0,00","0,00","0,00","0,00","0,00","0,00","0,00","0,00","0,00","0,00","0,00","0,00","0,00","0,00","0,00"
,REK KORAN,,,"40.020,75","1.006.166,20",,,,,,,,,,,"1.046.186,95"
,SELISIH (FEE),"0,00","0,00","(404,25)","(7.092,80)","0,00","0,00","0,00","0,00",,"0,00","0,00","0,00","0,00","0,00","(7.497,05)"
,Fee (%),#DIV/0!,#DIV/0!,"-1,00%","-0,70%",#DIV/0!,#DIV/0!,#DIV/0!,#DIV/0!,,#DIV/0!,#DIV/0!,#DIV/0!,#DIV/0!,#DIV/0!,"(0,01)"
,MASUK TANGGAL,,01/06/2025,01/06/2025,01/06/2025,,,,,,,,,,,
,DICEK TANGGAL,,03/06/2025,03/06/2025,03/06/2025,,,,,,,,,,,
01/06/2025,Opaper,,"350.230,00","153.615,00","1.373.235,00",,,,,,,,,,,"1.877.080,00"
,SETTLEMENT,,"350.230,00","153.615,00","1.373.235,00",,,,,,,,,,,"1.877.080,00"
,SELISIH,"0,00","0,00","0,00","0,00","0,00","0,00","0,00","0,00","0,00","0,00","0,00","0,00","0,00","0,00","0,00"
,REK KORAN,,"343.225,00","153.384,58","1.363.622,36",,,,,,,,,,,"1.860.231,94"
,SELISIH (FEE),"0,00","(7.005,00)","(230,42)","(9.612,64)","0,00","0,00","0,00","0,00",,"0,00","0,00","0,00","0,00","0,00","(16.848,06)"
,Fee (%),#DIV/0!,"-2,00%","-0,15%","-0,70%",#DIV/0!,#DIV/0!,#DIV/0!,#DIV/0!,,#DIV/0!,#DIV/0!,#DIV/0!,#DIV/0!,#DIV/0!,"(0,01)"
,MASUK TANGGAL,,02/06/2025,02/06/2025,02/06/2025,,,,,,,,,,,
,DICEK TANGGAL,,03/06/2025,03/06/2025,03/06/2025,,,,,,,,,,,
02/06/2025,Opaper,,"90.090,00","103.950,00","443.785,00",,,,,,,,,,,"637.825,00"
,SETTLEMENT,,"90.090,00","103.950,00","443.785,00",,,,,,,,,,,"637.825,00"
,SELISIH,"0,00","0,00","0,00","0,00","0,00","0,00","0,00","0,00","0,00","0,00","0,00","0,00","0,00","0,00","0,00"
,REK KORAN,,"88.288,00","103.352,29","440.678,51",,,,,,,,,,,"632.318,80"
,SELISIH (FEE),"0,00","(1.802,00)","(597,71)","(3.106,49)","0,00","0,00","0,00","0,00",,"0,00","0,00","0,00","0,00","0,00","(5.506,20)"
,Fee (%),#DIV/0!,"-2,00%","-0,57%","-0,70%",#DIV/0!,#DIV/0!,#DIV/0!,#DIV/0!,,#DIV/0!,#DIV/0!,#DIV/0!,#DIV/0!,#DIV/0!,"(0,01)"
,MASUK TANGGAL,,03/06/2025,03/06/2025,03/06/2025,,,,,,,,,,,
,DICEK TANGGAL,,03/06/2025,03/06/2025,03/06/2025,,,,,,,,,,,
03/06/2025,Opaper,,,"97.020,00","408.247,00",,,,,,,,,,,"505.267,00"
,SETTLEMENT,,,"97.020,00","408.247,00",,,,,,,,,,,"505.267,00"
,SELISIH,"0,00","0,00","0,00","0,00","0,00","0,00","0,00","0,00","0,00","0,00","0,00","0,00","0,00","0,00","0,00"
,REK KORAN,,,"96.530,86","405.389,28",,,,,,,,,,,"501.920,14"
,SELISIH (FEE),"0,00","0,00","(489,14)","(2.857,72)","0,00","0,00","0,00","0,00",,"0,00","0,00","0,00","0,00","0,00","(3.346,86)"
,Fee (%),#DIV/0!,#DIV/0!,"-0,50%","-0,70%",#DIV/0!,#DIV/0!,#DIV/0!,#DIV/0!,,#DIV/0!,#DIV/0!,#DIV/0!,#DIV/0!,#DIV/0!,"(0,01)"
,MASUK TANGGAL,,,04/06/2025,04/06/2025,,,,,,,,,,,
,DICEK TANGGAL,,,06/06/2025,06/06/2025,,,,,,,,,,,
04/06/2025,Opaper,,"153.615,00","107.415,00","647.781,00",,,,,,,,,,,"908.811,00"
,SETTLEMENT,,"153.615,00","107.415,00","647.781,00",,,,,,,,,,,"908.811,00"
,SELISIH,"0,00","0,00","0,00","0,00","0,00","0,00","0,00","0,00","0,00","0,00","0,00","0,00","0,00","0,00","0,00"
,REK KORAN,,"150.543,00","106.831,73","643.246,54",,,,,,,,,,,"900.621,27"
,SELISIH (FEE),"0,00","(3.072,00)","(583,27)","(4.534,46)","0,00","0,00","0,00","0,00",,"0,00","0,00","0,00","0,00","0,00","(8.189,73)"
,Fee (%),#DIV/0!,"-2,00%","-0,54%","-0,70%",#DIV/0!,#DIV/0!,#DIV/0!,#DIV/0!,,#DIV/0!,#DIV/0!,#DIV/0!,#DIV/0!,#DIV/0!,"(0,01)"
,MASUK TANGGAL,,05/06/2025,05/06/2025,05/06/2025,,,,,,,,,,,
,DICEK TANGGAL,,06/06/2025,06/06/2025,06/06/2025,,,,,,,,,,,
05/06/2025,Opaper,,"79.695,00","194.040,00","689.535,00",,,,,,,,,,,"963.270,00"
,SETTLEMENT,,"79.695,00","194.040,00","689.535,00",,,,,,,,,,,"963.270,00"
,SELISIH,"0,00","0,00","0,00","0,00","0,00","0,00","0,00","0,00","0,00","0,00","0,00","0,00","0,00","0,00","0,00"
,REK KORAN,,"78.101,00","193.748,94","684.708,26",,,,,,,,,,,"956.558,20"
,SELISIH (FEE),"0,00","(1.594,00)","(291,06)","(4.826,74)","0,00","0,00","0,00","0,00",,"0,00","0,00","0,00","0,00","0,00","(6.711,80)"
,Fee (%),#DIV/0!,"-2,00%","-0,15%","-0,70%",#DIV/0!,#DIV/0!,#DIV/0!,#DIV/0!,,#DIV/0!,#DIV/0!,#DIV/0!,#DIV/0!,#DIV/0!,"(0,01)"
,MASUK TANGGAL,,06/06/2025,06/06/2025,06/06/2025,,,,,,,,,,,
,DICEK TANGGAL,,06/06/2025,06/06/2025,06/06/2025,,,,,,,,,,,
06/06/2025,Opaper,,"93.555,00","166.320,00","2.204.283,00",,,,,,,,,,,"2.464.158,00"
,SETTLEMENT,,"93.555,00","166.320,00","2.204.283,00",,,,,,,,,,,"2.464.158,00"
,SELISIH,"0,00","0,00","0,00","0,00","0,00","0,00","0,00","0,00","0,00","0,00","0,00","0,00","0,00","0,00","0,00"
,REK KORAN,,"91.684,00","165.648,37","2.188.853,03",,,,,,,,,,,"2.446.185,40"
,SELISIH (FEE),"0,00","(1.871,00)","(671,63)","(15.429,97)","0,00","0,00","0,00","0,00",,"0,00","0,00","0,00","0,00","0,00","(17.972,60)"
,Fee (%),#DIV/0!,"-2,00%","-0,40%","-0,70%",#DIV/0!,#DIV/0!,#DIV/0!,#DIV/0!,,#DIV/0!,#DIV/0!,#DIV/0!,#DIV/0!,#DIV/0!,"(0,01)"
,MASUK TANGGAL,,07/06/2025,07/06/2025,07/06/2025,,,,,,,,,,,
,DICEK TANGGAL,,10/06/2025,10/06/2025,10/06/2025,,,,,,,,,,,
07/06/2025,Opaper,,"436.655,00","40.425,00","1.507.627,00",,,,,,,,,,,"1.984.707,00"
,SETTLEMENT,,"436.655,00","40.425,00","1.507.627,00",,,,,,,,,,,"1.984.707,00"
,SELISIH,"0,00","0,00","0,00","0,00","0,00","0,00","0,00","0,00","0,00","0,00","0,00","0,00","0,00","0,00","0,00"
,REK KORAN,,"427.922,00","40.364,37","1.497.073,62",,,,,,,,,,,"1.965.359,99"
,SELISIH (FEE),"0,00","(8.733,00)","(60,63)","(10.553,38)","0,00","0,00","0,00","0,00",,"0,00","0,00","0,00","0,00","0,00","(19.347,01)"
,Fee (%),#DIV/0!,"-2,00%","-0,15%","-0,70%",#DIV/0!,#DIV/0!,#DIV/0!,#DIV/0!,,#DIV/0!,#DIV/0!,#DIV/0!,#DIV/0!,#DIV/0!,"(0,01)"
,MASUK TANGGAL,,08/06/2025,08/06/2025,08/06/2025,,,,,,,,,,,
,DICEK TANGGAL,,10/06/2025,10/06/2025,10/06/2025,,,,,,,,,,,
08/06/2025,Opaper,,"78.806,00","187.110,00","2.032.975,00",,,,,,,,,,,"2.298.891,00"
,SETTLEMENT,,"78.806,00","187.110,00","2.032.975,00",,,,,,,,,,,"2.298.891,00"
,SELISIH,"0,00","0,00","0,00","0,00","0,00","0,00","0,00","0,00","0,00","0,00","0,00","0,00","0,00","0,00","0,00"
,REK KORAN,,"77.230,00","186.829,34","2.018.744,19",,,,,,,,,,,"2.282.803,53"
,SELISIH (FEE),"0,00","(1.576,00)","(280,66)","(14.230,81)","0,00","0,00","0,00","0,00",,"0,00","0,00","0,00","0,00","0,00","(16.087,47)"
,Fee (%),#DIV/0!,"-2,00%","-0,15%","-0,70%",#DIV/0!,#DIV/0!,#DIV/0!,#DIV/0!,,#DIV/0!,#DIV/0!,#DIV/0!,#DIV/0!,#DIV/0!,"(0,01)"
,MASUK TANGGAL,,09/06/2025,09/06/2025,09/06/2025,,,,,,,,,,,
,DICEK TANGGAL,,10/06/2025,10/06/2025,10/06/2025,,,,,,,,,,,
09/06/2025,Opaper,,"234.465,00","123.585,00","893.706,00",,,,,,,,,,,"1.251.756,00"
,SETTLEMENT,,"234.465,00","268.585,00","748.706,00",,,,,,,,,,,"1.251.756,00"
,SELISIH,"0,00","0,00","145.000,00","(145.000,00)","0,00","0,00","0,00","0,00","0,00","0,00","0,00","0,00","0,00","0,00","0,00"
,REK KORAN,,"229.776,00","267.131,65","743.465,07",,,,,,,,,,,"1.240.372,72"
,SELISIH (FEE),"0,00","(4.689,00)","(1.453,35)","(5.240,93)","0,00","0,00","0,00","0,00",,"0,00","0,00","0,00","0,00","0,00","(11.383,28)"
,Fee (%),#DIV/0!,"-2,00%","-0,54%","-0,70%",#DIV/0!,#DIV/0!,#DIV/0!,#DIV/0!,,#DIV/0!,#DIV/0!,#DIV/0!,#DIV/0!,#DIV/0!,"(0,01)"
,MASUK TANGGAL,,10/06/2025,10/06/2025,10/06/2025,,,,,,,,,,,
,DICEK TANGGAL,,10/06/2025,10/06/2025,10/06/2025,,,,,,,,,,,
10/06/2025,Opaper,,"49.665,00","51.975,00","819.520,00",,,,,,,,,,,"921.160,00"
,SETTLEMENT,,"49.665,00","51.975,00","819.520,00",,,,,,,,,,,"921.160,00"
,SELISIH,"0,00","0,00","0,00","0,00","0,00","0,00","0,00","0,00","0,00","0,00","0,00","0,00","0,00","0,00","0,00"
,REK KORAN,,"48.672,00","51.455,25","813.783,37",,,,,,,,,,,"913.910,62"
,SELISIH (FEE),"0,00","(993,00)","(519,75)","(5.736,63)","0,00","0,00","0,00","0,00",,"0,00","0,00","0,00","0,00","0,00","(7.249,38)"
,Fee (%),#DIV/0!,"-2,00%","-1,00%","-0,70%",#DIV/0!,#DIV/0!,#DIV/0!,#DIV/0!,,#DIV/0!,#DIV/0!,#DIV/0!,#DIV/0!,#DIV/0!,"(0,01)"
,MASUK TANGGAL,,,11/06/2025,11/06/2025,,,,,,,,,,,
,DICEK TANGGAL,,13/06/2025,13/06/2025,13/06/2025,,,,,,,,,,,
11/06/2025,Opaper,,,"270.515,00","344.190,00",,,,,,,,,,,"614.705,00"
,SETTLEMENT,,,"270.515,00","344.190,00",,,,,,,,,,,"614.705,00"
,SELISIH,"0,00","0,00","0,00","0,00","0,00","0,00","0,00","0,00","0,00","0,00","0,00","0,00","0,00","0,00","0,00"
,REK KORAN,,,"268.575,62","341.780,67",,,,,,,,,,,"610.356,29"
,SELISIH (FEE),"0,00","0,00","(1.939,38)","(2.409,33)","0,00","0,00","0,00","0,00",,"0,00","0,00","0,00","0,00","0,00","(4.348,71)"
,Fee (%),#DIV/0!,#DIV/0!,"-0,72%","-0,70%",#DIV/0!,#DIV/0!,#DIV/0!,#DIV/0!,,#DIV/0!,#DIV/0!,#DIV/0!,#DIV/0!,#DIV/0!,"(0,01)"
,MASUK TANGGAL,,,12/06/2025,12/06/2025,,,,,,,,,,,
,DICEK TANGGAL,,,13/06/2025,13/06/2025,,,,,,,,,,,
12/06/2025,Opaper,,"146.951,00",,"397.725,00",,,,,,,,,,,"544.676,00"
,SETTLEMENT,,"146.951,00",,"398.445,00",,,,,,,,,,,"545.396,00"
,SELISIH,"0,00","0,00","0,00","720,00","0,00","0,00","0,00","0,00","0,00","0,00","0,00","0,00","0,00","0,00","720,00"
,REK KORAN,,"144.012,00",,"395.655,89",,,,,,,,,,,"539.667,89"
,SELISIH (FEE),"0,00","(2.939,00)","0,00","(2.789,11)","0,00","0,00","0,00","0,00",,"0,00","0,00","0,00","0,00","0,00","(5.728,11)"
,Fee (%),#DIV/0!,"-2,00%",#DIV/0!,"-0,70%",#DIV/0!,#DIV/0!,#DIV/0!,#DIV/0!,,#DIV/0!,#DIV/0!,#DIV/0!,#DIV/0!,#DIV/0!,"(0,01)"
,MASUK TANGGAL,,13/06/2025,,13/06/2025,,,,,,,,,,,
,DICEK TANGGAL,,13/06/2025,,13/06/2025,,,,,,,,,,,
13/06/2025,Opaper,,"51.975,00",,"589.965,00",,,,,,,,,,,"641.940,00"
,SETTLEMENT,,"51.975,00",,"589.965,00",,,,,,,,,,,"641.940,00"
,SELISIH,"0,00","0,00","0,00","0,00","0,00","0,00","0,00","0,00","0,00","0,00","0,00","0,00","0,00","0,00","0,00"
,REK KORAN,,"51.195,00",,"585.835,25",,,,,,,,,,,"637.030,25"
,SELISIH (FEE),"0,00","(780,00)","0,00","(4.129,75)","0,00","0,00","0,00","0,00",,"0,00","0,00","0,00","0,00","0,00","(4.909,75)"
,Fee (%),#DIV/0!,"-1,50%",#DIV/0!,"-0,70%",#DIV/0!,#DIV/0!,#DIV/0!,#DIV/0!,,#DIV/0!,#DIV/0!,#DIV/0!,#DIV/0!,#DIV/0!,"(0,01)"
,MASUK TANGGAL,,14/06/2025,,14/06/2025,,,,,,,,,,,
,DICEK TANGGAL,,17/06/2025,,17/06/2025,,,,,,,,,,,
14/06/2025,Opaper,,"205.590,00","444.851,00","2.079.438,00",,,,,,,,,,,"2.729.879,00"
,SETTLEMENT,,"205.590,00","494.516,00","2.029.773,00",,,,,,,,,,,"2.729.879,00"
,SELISIH,"0,00","0,00","49.665,00","(49.665,00)","0,00","0,00","0,00","0,00","0,00","0,00","0,00","0,00","0,00","0,00","0,00"
,REK KORAN,,"201.479,00","491.614,38","2.015.564,60",,,,,,,,,,,"2.708.657,98"
,SELISIH (FEE),"0,00","(4.111,00)","(2.901,62)","(14.208,40)","0,00","0,00","0,00","0,00",,"0,00","0,00","0,00","0,00","0,00","(21.221,02)"
,Fee (%),#DIV/0!,"-2,00%","-0,59%","-0,70%",#DIV/0!,#DIV/0!,#DIV/0!,#DIV/0!,,#DIV/0!,#DIV/0!,#DIV/0!,#DIV/0!,#DIV/0!,"(0,01)"
,MASUK TANGGAL,,15/06/2025,15/06/2025,15/06/2025,,,,,,,,,,,
,DICEK TANGGAL,,17/06/2025,17/06/2025,17/06/2025,,,,,,,,,,,
15/06/2025,Opaper,,"444.390,00","233.310,00","978.551,00",,,,,,,,,,,"1.656.251,00"
,SETTLEMENT,,"444.390,00","233.310,00","978.551,00",,,,,,,,,,,"1.656.251,00"
,SELISIH,"0,00","0,00","0,00","0,00","0,00","0,00","0,00","0,00","0,00","0,00","0,00","0,00","0,00","0,00","0,00"
,REK KORAN,,"435.503,00","231.929,20","971.701,15",,,,,,,,,,,"1.639.133,35"
,SELISIH (FEE),"0,00","(8.887,00)","(1.380,80)","(6.849,85)","0,00","0,00","0,00","0,00",,"0,00","0,00","0,00","0,00","0,00","(17.117,65)"
,Fee (%),#DIV/0!,"-2,00%","-0,59%","-0,70%",#DIV/0!,#DIV/0!,#DIV/0!,#DIV/0!,,#DIV/0!,#DIV/0!,#DIV/0!,#DIV/0!,#DIV/0!,"(0,01)"
,MASUK TANGGAL,,16/06/2025,,16/06/2025,,,,,,,,,,,
,DICEK TANGGAL,,17/06/2025,,17/06/2025,,,,,,,,,,,
16/06/2025,Quinos,,"378.640,00",,"496.650,00",,,,,,,,,,,"875.290,00"
,SETTLEMENT,,"378.640,00",,"496.650,00",,,,,,,,,,,"875.290,00"
,SELISIH,"0,00","0,00","0,00","0,00","0,00","0,00","0,00","0,00","0,00","0,00","0,00","0,00","0,00","0,00","0,00"
,REK KORAN,,"371.068,00",,"493.173,46",,,,,,,,,,,"864.241,46"
,SELISIH (FEE),"0,00","(7.572,00)","0,00","(3.476,54)","0,00","0,00","0,00","0,00",,"0,00","0,00","0,00","0,00","0,00","(11.048,54)"
,Fee (%),#DIV/0!,"-2,00%",#DIV/0!,"-0,70%",#DIV/0!,#DIV/0!,#DIV/0!,#DIV/0!,,#DIV/0!,#DIV/0!,#DIV/0!,#DIV/0!,#DIV/0!,"(0,01)"
,MASUK TANGGAL,,17/06/2025,,17/06/2025,,,,,,,,,,,
,DICEK TANGGAL,,17/06/2025,,17/06/2025,,,,,,,,,,,
17/06/2025,Quinos,,"35.805,00",,"439.821,00",,,,,,,,,,,"475.626,00"
,SETTLEMENT,,"35.805,00",,"449.061,00",,,,,,,,,,,"484.866,00"
,SELISIH,"0,00","0,00","0,00","9.240,00","0,00","0,00","0,00","0,00","0,00","0,00","0,00","0,00","0,00","0,00","9.240,00"
,REK KORAN,,"35.089,00",,"446.154,10",,,,,,,,,,,"481.243,10"
,SELISIH (FEE),"0,00","(716,00)","0,00","(2.906,90)","0,00","0,00","0,00","0,00",,"0,00","0,00","0,00","0,00","0,00","(3.622,90)"
,Fee (%),#DIV/0!,"-2,00%",#DIV/0!,"-0,65%",#DIV/0!,#DIV/0!,#DIV/0!,#DIV/0!,,#DIV/0!,#DIV/0!,#DIV/0!,#DIV/0!,#DIV/0!,"(0,01)"
,MASUK TANGGAL,,18/06/2025,18/06/2025,18/06/2025,,,,,,,,,,,
,DICEK TANGGAL,,20/06/2025,20/06/2025,20/06/2025,,,,,,,,,,,
18/06/2025,Quinos,,"51.975,00","174.405,00","784.870,00",,,,,,,,,,,"1.011.250,00"
,SETTLEMENT,,"51.975,00","174.405,00","784.870,00",,,,,,,,,,,"1.011.250,00"
,SELISIH,"0,00","0,00","0,00","0,00","0,00","0,00","0,00","0,00","0,00","0,00","0,00","0,00","0,00","0,00","0,00"
,REK KORAN,,"51.195,00","173.799,78","779.375,92",,,,,,,,,,,"1.004.370,70"
,SELISIH (FEE),"0,00","(780,00)","(605,22)","(5.494,08)","0,00","0,00","0,00","0,00",,"0,00","0,00","0,00","0,00","0,00","(6.879,30)"
,Fee (%),#DIV/0!,"-1,50%","-0,35%","-0,70%",#DIV/0!,#DIV/0!,#DIV/0!,#DIV/0!,,#DIV/0!,#DIV/0!,#DIV/0!,#DIV/0!,#DIV/0!,"(0,01)"
,MASUK TANGGAL,,19/06/2025,19/06/2025,19/06/2025,,,,,,,,,,,
,DICEK TANGGAL,,20/06/2025,20/06/2025,20/06/2025,,,,,,,,,,,
19/06/2025,Quinos,,"124.740,00","157.500,00","360.360,00",,,,,,,,,,,"642.600,00"
,SETTLEMENT,,"124.740,00","157.500,00","360.360,00",,,,,,,,,,,"642.600,00"
,SELISIH,"0,00","0,00","0,00","0,00","0,00","0,00","0,00","0,00","0,00","0,00","0,00","0,00","0,00","0,00","0,00"
,REK KORAN,,"122.245,00","155.925,00","357.837,48",,,,,,,,,,,"636.007,48"
,SELISIH (FEE),"0,00","(2.495,00)","(1.575,00)","(2.522,52)","0,00","0,00","0,00","0,00",,"0,00","0,00","0,00","0,00","0,00","(6.592,52)"
,Fee (%),#DIV/0!,"-2,00%","-1,00%","-0,70%",#DIV/0!,#DIV/0!,#DIV/0!,#DIV/0!,,#DIV/0!,#DIV/0!,#DIV/0!,#DIV/0!,#DIV/0!,"(0,01)"
,MASUK TANGGAL,,20/06/2025,20/06/2025,20/06/2025,,,,,,,,,,,
,DICEK TANGGAL,,20/06/2025,20/06/2025,20/06/2025,,,,,,,,,,,
20/06/2025,Quinos,,"99.330,00","238.196,00","852.270,00",,,,,,,,,,,"1.189.796,00"
,SETTLEMENT,,"99.330,00","238.196,00","852.270,00",,,,,,,,,,,"1.189.796,00"
,SELISIH,"0,00","0,00","0,00","0,00","0,00","0,00","0,00","0,00","0,00","0,00","0,00","0,00","0,00","0,00","0,00"
,REK KORAN,,"97.343,00","236.179,55","846.304,12",,,,,,,,,,,"1.179.826,67"
,SELISIH (FEE),"0,00","(1.987,00)","(2.016,45)","(5.965,88)","0,00","0,00","0,00","0,00",,"0,00","0,00","0,00","0,00","0,00","(9.969,33)"
,Fee (%),#DIV/0!,"-2,00%","-0,85%","-0,70%",#DIV/0!,#DIV/0!,#DIV/0!,#DIV/0!,,#DIV/0!,#DIV/0!,#DIV/0!,#DIV/0!,#DIV/0!,"(0,01)"
,MASUK TANGGAL,,21/06/2025,21/06/2025,21/06/2025,,,,,,,,,,,
,DICEK TANGGAL,,24/06/2025,24/06/2025,24/06/2025,,,,,,,,,,,
21/06/2025,Quinos,,"55.440,00","190.841,00","1.828.650,00",,,,,,,,,,,"2.074.931,00"
,SETTLEMENT,,"55.440,00","190.841,00","1.828.650,00",,,,,,,,,,,"2.074.931,00"
,SELISIH,"0,00","0,00","0,00","0,00","0,00","0,00","0,00","0,00","0,00","0,00","0,00","0,00","0,00","0,00","0,00"
,REK KORAN,,"54.608,00","189.767,08","1.815.849,46",,,,,,,,,,,"2.060.224,54"
,SELISIH (FEE),"0,00","(832,00)","(1.073,92)","(12.800,54)","0,00","0,00","0,00","0,00",,"0,00","0,00","0,00","0,00","0,00","(14.706,46)"
,Fee (%),#DIV/0!,"-1,50%","-0,56%","-0,70%",#DIV/0!,#DIV/0!,#DIV/0!,#DIV/0!,,#DIV/0!,#DIV/0!,#DIV/0!,#DIV/0!,#DIV/0!,"(0,01)"
,MASUK TANGGAL,,22/06/2025,22/06/2025,22/06/2025,,,,,,,,,,,
,DICEK TANGGAL,,24/06/2025,24/06/2025,24/06/2025,,,,,,,,,,,
22/06/2025,Quinos,,"77.385,00","289.282,00","895.125,00",,,,,,,,,,,"1.261.792,00"
,SETTLEMENT,,"77.385,00","329.707,00","814.700,00",,,,,,,,,,,"1.221.792,00"
,SELISIH,"0,00","0,00","40.425,00","(80.425,00)","0,00","0,00","0,00","0,00","0,00","0,00","0,00","0,00","0,00","0,00","(40.000,00)"
,REK KORAN,,"75.837,00","326.753,55","808.997,10",,,,,,,,,,,"1.211.587,65"
,SELISIH (FEE),"0,00","(1.548,00)","(2.953,45)","(5.702,90)","0,00","0,00","0,00","0,00",,"0,00","0,00","0,00","0,00","0,00","(10.204,35)"
,Fee (%),#DIV/0!,"-2,00%","-0,90%","-0,70%",#DIV/0!,#DIV/0!,#DIV/0!,#DIV/0!,,#DIV/0!,#DIV/0!,#DIV/0!,#DIV/0!,#DIV/0!,"(0,01)"
,MASUK TANGGAL,,23/06/2025,23/06/2025,23/06/2025,,,,,,,,,,,
,DICEK TANGGAL,,24/06/2025,24/06/2025,24/06/2025,,,,,,,,,,,
23/06/2025,Quinos,,"215.985,00","211.896,00","461.111,00",,,,,,,,,,,"888.992,00"
,SETTLEMENT,,"215.985,00","211.896,00","461.111,00",,,,,,,,,,,"888.992,00"
,SELISIH,"0,00","0,00","0,00","0,00","0,00","0,00","0,00","0,00","0,00","0,00","0,00","0,00","0,00","0,00","0,00"
,REK KORAN,,"211.666,00","211.578,16","457.883,23",,,,,,,,,,,"881.127,39"
,SELISIH (FEE),"0,00","(4.319,00)","(317,84)","(3.227,77)","0,00","0,00","0,00","0,00",,"0,00","0,00","0,00","0,00","0,00","(7.864,61)"
,Fee (%),#DIV/0!,"-2,00%","-0,15%","-0,70%",#DIV/0!,#DIV/0!,#DIV/0!,#DIV/0!,,#DIV/0!,#DIV/0!,#DIV/0!,#DIV/0!,#DIV/0!,"(0,01)"
,MASUK TANGGAL,,24/06/2025,24/06/2025,24/06/2025,,,,,,,,,,,
,DICEK TANGGAL,,24/06/2025,24/06/2025,24/06/2025,,,,,,,,,,,
24/06/2025,Quinos,,,,"375.111,00",,,,,,,,,,,"375.111,00"
,SETTLEMENT,,,,"375.111,00",,,,,,,,,,,"375.111,00"
,SELISIH,"0,00","0,00","0,00","0,00","0,00","0,00","0,00","0,00","0,00","0,00","0,00","0,00","0,00","0,00","0,00"
,REK KORAN,,,,"372.485,24",,,,,,,,,,,"372.485,24"
,SELISIH (FEE),"0,00","0,00","0,00","(2.625,76)","0,00","0,00","0,00","0,00",,"0,00","0,00","0,00","0,00","0,00","(2.625,76)"
,Fee (%),#DIV/0!,#DIV/0!,#DIV/0!,"-0,70%",#DIV/0!,#DIV/0!,#DIV/0!,#DIV/0!,,#DIV/0!,#DIV/0!,#DIV/0!,#DIV/0!,#DIV/0!,"(0,01)"
,MASUK TANGGAL,,,,,,,,,,,,,,,
,DICEK TANGGAL,,,,27/06/2025,,,,,,,,,,,
25/06/2025,Quinos,,"55.440,00","95.865,00","538.415,00",,,,,,,,,,,"689.720,00"
,SETTLEMENT,,"55.440,00","95.865,00","538.415,00",,,,,,,,,,,"689.720,00"
,SELISIH,"0,00","0,00","0,00","0,00","0,00","0,00","0,00","0,00","0,00","0,00","0,00","0,00","0,00","0,00","0,00"
,REK KORAN,,"54.331,00","95.721,21","534.646,11",,,,,,,,,,,"684.698,32"
,SELISIH (FEE),"0,00","(1.109,00)","(143,79)","(3.768,89)","0,00","0,00","0,00","0,00",,"0,00","0,00","0,00","0,00","0,00","(5.021,68)"
,Fee (%),#DIV/0!,"-2,00%","-0,15%","-0,70%",#DIV/0!,#DIV/0!,#DIV/0!,#DIV/0!,,#DIV/0!,#DIV/0!,#DIV/0!,#DIV/0!,#DIV/0!,"(0,01)"
,MASUK TANGGAL,,,,,,,,,,,,,,,
,DICEK TANGGAL,,27/06/2025,27/06/2025,27/06/2025,,,,,,,,,,,
26/06/2025,Quinos,,"155.925,00","90.090,00","762.575,00",,,,,,,,,,,"1.008.590,00"
,SETTLEMENT,,"155.925,00","90.090,00","762.575,00",,,,,,,,,,,"1.008.590,00"
,SELISIH,"0,00","0,00","0,00","0,00","0,00","0,00","0,00","0,00","0,00","0,00","0,00","0,00","0,00","0,00","0,00"
,REK KORAN,,"152.807,00","89.532,72","757.236,98",,,,,,,,,,,"999.576,70"
,SELISIH (FEE),"0,00","(3.118,00)","(557,28)","(5.338,02)","0,00","0,00","0,00","0,00",,"0,00","0,00","0,00","0,00","0,00","(9.013,30)"
,Fee (%),#DIV/0!,"-2,00%","-0,62%","-0,70%",#DIV/0!,#DIV/0!,#DIV/0!,#DIV/0!,,#DIV/0!,#DIV/0!,#DIV/0!,#DIV/0!,#DIV/0!,"(0,01)"
,MASUK TANGGAL,,27/06/2025,27/06/2025,27/06/2025,,,,,,,,,,,
,DICEK TANGGAL,,27/06/2025,27/06/2025,27/06/2025,,,,,,,,,,,
27/06/2025,Quinos,"120.120,00","458.947,00","49.665,00","1.338.911,00",,,,,,,,,,,"1.967.643,00"
,SETTLEMENT,,"458.947,00","49.665,00","1.338.911,00",,,,,,,,,,,"1.847.523,00"
,SELISIH,"(120.120,00)","0,00","0,00","0,00","0,00","0,00","0,00","0,00","0,00","0,00","0,00","0,00","0,00","0,00","(120.120,00)"
,REK KORAN,,"449.769,00","49.590,51","1.329.538,63",,,,,,,,,,,"1.828.898,14"
,SELISIH (FEE),"0,00","(9.178,00)","(74,49)","(9.372,37)","0,00","0,00","0,00","0,00",,"0,00","0,00","0,00","0,00","0,00","(18.624,86)"
,Fee (%),#DIV/0!,"-2,00%","-0,15%","-0,70%",#DIV/0!,#DIV/0!,#DIV/0!,#DIV/0!,,#DIV/0!,#DIV/0!,#DIV/0!,#DIV/0!,#DIV/0!,"(0,01)"
,MASUK TANGGAL,,28/06/2025,28/06/2025,28/06/2025,,,,,,,,,,,
,DICEK TANGGAL,,01/07/2025,01/07/2025,01/07/2025,,,,,,,,,,,
28/06/2025,Quinos,,"49.665,00","338.750,00","912.982,00",,,,,,,,,,,"1.301.397,00"
,SETTLEMENT,,"49.665,00","338.750,00","912.982,00",,,,,,,,,,,"1.301.397,00"
,SELISIH,"0,00","0,00","0,00","0,00","0,00","0,00","0,00","0,00","0,00","0,00","0,00","0,00","0,00","0,00","0,00"
,REK KORAN,,"48.672,00","336.631,81","906.591,14",,,,,,,,,,,"1.291.894,95"
,SELISIH (FEE),"0,00","(993,00)","(2.118,19)","(6.390,86)","0,00","0,00","0,00","0,00",,"0,00","0,00","0,00","0,00","0,00","(9.502,05)"
,Fee (%),#DIV/0!,"-2,00%","-0,63%","-0,70%",#DIV/0!,#DIV/0!,#DIV/0!,#DIV/0!,,#DIV/0!,#DIV/0!,#DIV/0!,#DIV/0!,#DIV/0!,"(0,01)"
,MASUK TANGGAL,,29/06/2025,29/06/2025,29/06/2025,,,,,,,,,,,
,DICEK TANGGAL,,01/07/2025,01/07/2025,01/07/2025,,,,,,,,,,,
29/06/2025,Quinos,,"160.545,00","120.440,00","1.712.137,00",,,,,,,,,,,"1.993.122,00"
,SETTLEMENT,,"160.545,00","120.440,00","1.712.137,00",,,,,,,,,,,"1.993.122,00"
,SELISIH,"0,00","0,00","0,00","0,00","0,00","0,00","0,00","0,00","0,00","0,00","0,00","0,00","0,00","0,00","0,00"
,REK KORAN,,"157.334,00","119.706,84","1.700.152,05",,,,,,,,,,,"1.977.192,89"
,SELISIH (FEE),"0,00","(3.211,00)","(733,16)","(11.984,95)","0,00","0,00","0,00","0,00",,"0,00","0,00","0,00","0,00","0,00","(15.929,11)"
,Fee (%),#DIV/0!,"-2,00%","-0,61%","-0,70%",#DIV/0!,#DIV/0!,#DIV/0!,#DIV/0!,,#DIV/0!,#DIV/0!,#DIV/0!,#DIV/0!,#DIV/0!,"(0,01)"
,MASUK TANGGAL,,30/06/2025,30/06/2025,30/06/2025,,,,,,,,,,,
,DICEK TANGGAL,,01/07/2025,01/07/2025,01/07/2025,,,,,,,,,,,
30/06/2025,Quinos,,,"40.425,00","531.635,00",,,,,,,,,,,"572.060,00"
,SETTLEMENT,,,"40.425,00","531.635,00",,,,,,,,,,,"572.060,00"
,SELISIH,"0,00","0,00","0,00","0,00","0,00","0,00","0,00","0,00","0,00","0,00","0,00","0,00","0,00","0,00","0,00"
,REK KORAN,,,"40.364,37","527.913,56",,,,,,,,,,,"568.277,93"
,SELISIH (FEE),"0,00","0,00","(60,63)","(3.721,44)","0,00","0,00","0,00","0,00",,"0,00","0,00","0,00","0,00","0,00","(3.782,07)"
,Fee (%),#DIV/0!,#DIV/0!,"-0,15%","-0,70%",#DIV/0!,#DIV/0!,#DIV/0!,#DIV/0!,,#DIV/0!,#DIV/0!,#DIV/0!,#DIV/0!,#DIV/0!,"(0,01)"
,MASUK TANGGAL,,,01/07/2025,01/07/2025,,,,,,,,,,,
,DICEK TANGGAL,,,01/07/2025,01/07/2025,,,,,,,,,,,
01/07/2025,Quinos,,,"189.420,00","537.075,00",,,,,,,,,,,"726.495,00"
,SETTLEMENT,,,"189.420,00","537.075,00",,,,,,,,,,,"726.495,00"
,SELISIH,"0,00","0,00","0,00","0,00","0,00","0,00","0,00","0,00","0,00","0,00","0,00","0,00","0,00","0,00","0,00"
,REK KORAN,,,"188.252,30","533.315,48",,,,,,,,,,,"721.567,78"
,SELISIH (FEE),"0,00","0,00","(1.167,70)","(3.759,52)","0,00","0,00","0,00","0,00",,"0,00","0,00","0,00","0,00","0,00","(4.927,22)"
,Fee (%),#DIV/0!,#DIV/0!,"-0,62%","-0,70%",#DIV/0!,#DIV/0!,#DIV/0!,#DIV/0!,,#DIV/0!,#DIV/0!,#DIV/0!,#DIV/0!,#DIV/0!,"(0,01)"
,MASUK TANGGAL,,02/07/2025,02/07/2025,02/07/2025,,,,,,,,,,,
,DICEK TANGGAL,,08/07/2025,08/07/2025,08/07/2025,,,,,,,,,,,
02/07/2025,Quinos,,"110.880,00","153.615,00","646.800,00",,,,,,,,,,,"911.295,00"
,SETTLEMENT,,"103.950,00","160.545,00","646.800,00",,,,,,,,,,,"911.295,00"
,SELISIH,"0,00","(6.930,00)","6.930,00","0,00","0,00","0,00","0,00","0,00","0,00","0,00","0,00","0,00","0,00","0,00","0,00"
,REK KORAN,,"102.910,50","156.780,00","642.272,41",,,,,,,,,,,"901.962,91"
,SELISIH (FEE),"0,00","(1.039,50)","(3.765,00)","(4.527,59)","0,00","0,00","0,00","0,00",,"0,00","0,00","0,00","0,00","0,00","(9.332,09)"
,Fee (%),#DIV/0!,"-1,00%","-2,35%","-0,70%",#DIV/0!,#DIV/0!,#DIV/0!,#DIV/0!,,#DIV/0!,#DIV/0!,#DIV/0!,#DIV/0!,#DIV/0!,"(0,01)"
,MASUK TANGGAL,,03/07/2025,03/07/2025,03/07/2025,,,,,,,,,,,
,DICEK TANGGAL,,08/07/2025,08/07/2025,08/07/2025,,,,,,,,,,,
03/07/2025,Quinos,,"71.610,00","628.870,00","190.170,00",,,,,,,,,,,"890.650,00"
,SETTLEMENT,,"71.610,00","628.870,00","190.170,00",,,,,,,,,,,"890.650,00"
,SELISIH,"0,00","0,00","0,00","0,00","0,00","0,00","0,00","0,00","0,00","0,00","0,00","0,00","0,00","0,00","0,00"
,REK KORAN,,"70.178,00","623.199,81","188.838,82",,,,,,,,,,,"882.216,63"
,SELISIH (FEE),"0,00","(1.432,00)","(5.670,19)","(1.331,18)","0,00","0,00","0,00","0,00",,"0,00","0,00","0,00","0,00","0,00","(8.433,37)"
,Fee (%),#DIV/0!,"-2,00%","-0,90%","-0,70%",#DIV/0!,#DIV/0!,#DIV/0!,#DIV/0!,,#DIV/0!,#DIV/0!,#DIV/0!,#DIV/0!,#DIV/0!,"(0,01)"
,MASUK TANGGAL,,04/07/2025,04/07/2025,04/07/2025,,,,,,,,,,,
,DICEK TANGGAL,,08/07/2025,08/07/2025,08/07/2025,,,,,,,,,,,
04/07/2025,Quinos,,"90.090,00","121.275,00","939.935,00",,,,,,,,,,,"1.151.300,00"
,SETTLEMENT,,"90.090,00","121.275,00","939.935,00",,,,,,,,,,,"1.151.300,00"
,SELISIH,"0,00","0,00","0,00","0,00","0,00","0,00","0,00","0,00","0,00","0,00","0,00","0,00","0,00","0,00","0,00"
,REK KORAN,,"88.289,00","121.093,09","933.355,47",,,,,,,,,,,"1.142.737,56"
,SELISIH (FEE),"0,00","(1.801,00)","(181,91)","(6.579,53)","0,00","0,00","0,00","0,00",,"0,00","0,00","0,00","0,00","0,00","(8.562,44)"
,Fee (%),#DIV/0!,"-2,00%","-0,15%","-0,70%",#DIV/0!,#DIV/0!,#DIV/0!,#DIV/0!,,#DIV/0!,#DIV/0!,#DIV/0!,#DIV/0!,#DIV/0!,"(0,01)"
,MASUK TANGGAL,,05/07/2025,05/07/2025,05/07/2025,,,,,,,,,,,
,DICEK TANGGAL,,08/07/2025,08/07/2025,08/07/2025,,,,,,,,,,,
05/07/2025,Quinos,,"182.490,00","35.805,00","1.133.975,00",,,,,,,,,,,"1.352.270,00"
,SETTLEMENT,,"182.490,00","35.805,00","1.133.975,00",,,,,,,,,,,"1.352.270,00"
,SELISIH,"0,00","0,00","0,00","0,00","0,00","0,00","0,00","0,00","0,00","0,00","0,00","0,00","0,00","0,00","0,00"
,REK KORAN,,"178.840,00","35.751,30","1.126.037,18",,,,,,,,,,,"1.340.628,48"
,SELISIH (FEE),"0,00","(3.650,00)","(53,70)","(7.937,82)","0,00","0,00","0,00","0,00",,"0,00","0,00","0,00","0,00","0,00","(11.641,52)"
,Fee (%),#DIV/0!,"-2,00%","-0,15%","-0,70%",#DIV/0!,#DIV/0!,#DIV/0!,#DIV/0!,,#DIV/0!,#DIV/0!,#DIV/0!,#DIV/0!,#DIV/0!,"(0,01)"
,MASUK TANGGAL,,06/07/2025,06/07/2025,06/07/2025,,,,,,,,,,,
,DICEK TANGGAL,,08/07/2025,08/07/2025,08/07/2025,,,,,,,,,,,
06/07/2025,Quinos,,"300.545,00","281.730,00","1.300.045,00",,,,,,,,,,,"1.882.320,00"
,SETTLEMENT,,"300.545,00","331.395,00","1.250.380,00",,,,,,,,,,,"1.882.320,00"
,SELISIH,"0,00","0,00","49.665,00","(49.665,00)","0,00","0,00","0,00","0,00","0,00","0,00","0,00","0,00","0,00","0,00","0,00"
,REK KORAN,,"294.535,00","330.897,91","1.241.627,35",,,,,,,,,,,"1.867.060,26"
,SELISIH (FEE),"0,00","(6.010,00)","(497,09)","(8.752,65)","0,00","0,00","0,00","0,00",,"0,00","0,00","0,00","0,00","0,00","(15.259,74)"
,Fee (%),#DIV/0!,"-2,00%","-0,15%","-0,70%",#DIV/0!,#DIV/0!,#DIV/0!,#DIV/0!,,#DIV/0!,#DIV/0!,#DIV/0!,#DIV/0!,#DIV/0!,"(0,01)"
,MASUK TANGGAL,,07/07/2025,07/07/2025,07/07/2025,,,,,,,,,,,
,DICEK TANGGAL,,08/07/2025,08/07/2025,08/07/2025,,,,,,,,,,,
07/07/2025,Quinos,,,"57.750,00","235.620,00",,,,,,,,,,,"293.370,00"
,SETTLEMENT,,,"57.750,00","235.620,00",,,,,,,,,,,"293.370,00"
,SELISIH,"0,00","0,00","0,00","0,00","0,00","0,00","0,00","0,00","0,00","0,00","0,00","0,00","0,00","0,00","0,00"
,REK KORAN,,,"57.172,50","233.970,67",,,,,,,,,,,"291.143,17"
,SELISIH (FEE),"0,00","0,00","(577,50)","(1.649,33)","0,00","0,00","0,00","0,00",,"0,00","0,00","0,00","0,00","0,00","(2.226,83)"
,Fee (%),#DIV/0!,#DIV/0!,"-1,00%","-0,70%",#DIV/0!,#DIV/0!,#DIV/0!,#DIV/0!,,#DIV/0!,#DIV/0!,#DIV/0!,#DIV/0!,#DIV/0!,"(0,01)"
,MASUK TANGGAL,,,08/07/2025,08/07/2025,,,,,,,,,,,
,DICEK TANGGAL,,,08/07/2025,08/07/2025,,,,,,,,,,,
08/07/2025,Quinos,,"276.045,00","116.655,00","567.015,00",,,,,,,,,,,"959.715,00"
,SETTLEMENT,,"276.045,00","116.655,00","567.015,00",,,,,,,,,,,"959.715,00"
,SELISIH,"0,00","0,00","0,00","0,00","0,00","0,00","0,00","0,00","0,00","0,00","0,00","0,00","0,00","0,00","0,00"
,REK KORAN,,"270.525,00","116.175,68","563.045,90",,,,,,,,,,,"949.746,58"
,SELISIH (FEE),"0,00","(5.520,00)","(479,32)","(3.969,10)","0,00","0,00","0,00","0,00",,"0,00","0,00","0,00","0,00","0,00","(9.968,42)"
,Fee (%),#DIV/0!,"-2,00%","-0,41%","-0,70%",#DIV/0!,#DIV/0!,#DIV/0!,#DIV/0!,,#DIV/0!,#DIV/0!,#DIV/0!,#DIV/0!,#DIV/0!,"(0,01)"
,MASUK TANGGAL,,09/07/2025,09/07/2025,09/07/2025,,,,,,,,,,,
,DICEK TANGGAL,,14/07/2025,14/07/2025,14/07/2025,,,,,,,,,,,
09/07/2025,Quinos,,"90.090,00","323.400,00","553.565,00",,,,,,,,,,,"967.055,00"
,SETTLEMENT,,"90.090,00","323.400,00","553.565,00",,,,,,,,,,,"967.055,00"
,SELISIH,"0,00","0,00","0,00","0,00","0,00","0,00","0,00","0,00","0,00","0,00","0,00","0,00","0,00","0,00","0,00"
,REK KORAN,,"88.289,00","322.571,29","549.690,05",,,,,,,,,,,"960.550,34"
,SELISIH (FEE),"0,00","(1.801,00)","(828,71)","(3.874,95)","0,00","0,00","0,00","0,00",,"0,00","0,00","0,00","0,00","0,00","(6.504,66)"
,Fee (%),#DIV/0!,"-2,00%","-0,26%","-0,70%",#DIV/0!,#DIV/0!,#DIV/0!,#DIV/0!,,#DIV/0!,#DIV/0!,#DIV/0!,#DIV/0!,#DIV/0!,"(0,01)"
,MASUK TANGGAL,,10/07/2025,10/07/2025,10/07/2025,,,,,,,,,,,
,DICEK TANGGAL,,14/07/2025,14/07/2025,14/07/2025,,,,,,,,,,,
10/07/2025,Quinos,,,"140.910,00","381.150,00",,,,,,,,,,,"522.060,00"
,SETTLEMENT,,,"140.910,00","381.150,00",,,,,,,,,,,"522.060,00"
,SELISIH,"0,00","0,00","0,00","0,00","0,00","0,00","0,00","0,00","0,00","0,00","0,00","0,00","0,00","0,00","0,00"
,REK KORAN,,,"140.698,64","378.481,96",,,,,,,,,,,"519.180,60"
,SELISIH (FEE),"0,00","0,00","(211,36)","(2.668,04)","0,00","0,00","0,00","0,00",,"0,00","0,00","0,00","0,00","0,00","(2.879,40)"
,Fee (%),#DIV/0!,#DIV/0!,"-0,15%","-0,70%",#DIV/0!,#DIV/0!,#DIV/0!,#DIV/0!,,#DIV/0!,#DIV/0!,#DIV/0!,#DIV/0!,#DIV/0!,"(0,01)"
,MASUK TANGGAL,,,11/07/2025,11/07/2025,,,,,,,,,,,
,DICEK TANGGAL,,,14/07/2025,14/07/2025,,,,,,,,,,,
11/07/2025,Quinos,,,"317.625,00","669.346,00",,,,,,,,,,,"986.971,00"
,SETTLEMENT,,,"317.625,00","669.346,00",,,,,,,,,,,"986.971,00"
,SELISIH,"0,00","0,00","0,00","0,00","0,00","0,00","0,00","0,00","0,00","0,00","0,00","0,00","0,00","0,00","0,00"
,REK KORAN,,,"315.931,20","664.660,58",,,,,,,,,,,"980.591,78"
,SELISIH (FEE),"0,00","0,00","(1.693,80)","(4.685,42)","0,00","0,00","0,00","0,00",,"0,00","0,00","0,00","0,00","0,00","(6.379,22)"
,Fee (%),#DIV/0!,#DIV/0!,"-0,53%","-0,70%",#DIV/0!,#DIV/0!,#DIV/0!,#DIV/0!,,#DIV/0!,#DIV/0!,#DIV/0!,#DIV/0!,#DIV/0!,"(0,01)"
,MASUK TANGGAL,,12/07/2025,12/07/2025,12/07/2025,,,,,,,,,,,
,DICEK TANGGAL,,14/07/2025,14/07/2025,14/07/2025,,,,,,,,,,,
12/07/2025,Quinos,,"294.791,00","619.720,00","1.667.994,00",,,,,,,,,,,"2.582.505,00"
,SETTLEMENT,,"294.791,00","619.720,00","1.667.994,00",,,,,,,,,,,"2.582.505,00"
,SELISIH,"0,00","0,00","0,00","0,00","0,00","0,00","0,00","0,00","0,00","0,00","0,00","0,00","0,00","0,00","0,00"
,REK KORAN,,"288.896,00","617.602,51","1.656.318,05",,,,,,,,,,,"2.562.816,56"
,SELISIH (FEE),"0,00","(5.895,00)","(2.117,49)","(11.675,95)","0,00","0,00","0,00","0,00",,"0,00","0,00","0,00","0,00","0,00","(19.688,44)"
,Fee (%),#DIV/0!,"-2,00%","-0,34%","-0,70%",#DIV/0!,#DIV/0!,#DIV/0!,#DIV/0!,,#DIV/0!,#DIV/0!,#DIV/0!,#DIV/0!,#DIV/0!,"(0,01)"
,MASUK TANGGAL,,13/07/2025,13/07/2025,13/07/2025,,,,,,,,,,,
,DICEK TANGGAL,,14/07/2025,14/07/2025,14/07/2025,,,,,,,,,,,
13/07/2025,Quinos,,"180.180,00","488.330,00","1.184.407,00",,,,,,,,,,,"1.852.917,00"
,SETTLEMENT,,"180.180,00","488.330,00","1.184.407,00",,,,,,,,,,,"1.852.917,00"
,SELISIH,"0,00","0,00","0,00","0,00","0,00","0,00","0,00","0,00","0,00","0,00","0,00","0,00","0,00","0,00","0,00"
,REK KORAN,,"176.576,00","487.155,72","1.176.116,16",,,,,,,,,,,"1.839.847,88"
,SELISIH (FEE),"0,00","(3.604,00)","(1.174,28)","(8.290,84)","0,00","0,00","0,00","0,00",,"0,00","0,00","0,00","0,00","0,00","(13.069,12)"
,Fee (%),#DIV/0!,"-2,00%","-0,24%","-0,70%",#DIV/0!,#DIV/0!,#DIV/0!,#DIV/0!,,#DIV/0!,#DIV/0!,#DIV/0!,#DIV/0!,#DIV/0!,"(0,01)"
,MASUK TANGGAL,,14/07/2025,14/07/2025,14/07/2025,,,,,,,,,,,
,DICEK TANGGAL,,15/07/2025,15/07/2025,15/07/2025,,,,,,,,,,,
14/07/2025,Quinos,,,"235.620,00","259.040,00",,,,,,,,,,,"494.660,00"
,SETTLEMENT,,,"235.620,00","259.040,00",,,,,,,,,,,"494.660,00"
,SELISIH,"0,00","0,00","0,00","0,00","0,00","0,00","0,00","0,00","0,00","0,00","0,00","0,00","0,00","0,00","0,00"
,REK KORAN,,,"234.824,79","257.226,73",,,,,,,,,,,"492.051,52"
,SELISIH (FEE),"0,00","0,00","(795,21)","(1.813,27)","0,00","0,00","0,00","0,00",,"0,00","0,00","0,00","0,00","0,00","(2.608,48)"
,Fee (%),#DIV/0!,#DIV/0!,"-0,34%","-0,70%",#DIV/0!,#DIV/0!,#DIV/0!,#DIV/0!,,#DIV/0!,#DIV/0!,#DIV/0!,#DIV/0!,#DIV/0!,"(0,01)"
,MASUK TANGGAL,,,15/07/2025,15/07/2025,,,,,,,,,,,
,DICEK TANGGAL,,,15/07/2025,15/07/2025,,,,,,,,,,,
15/07/2025,Quinos,,"200.135,00","231.000,00","447.251,00",,,,,,,,,,,"878.386,00"
,SETTLEMENT,,"200.135,00","231.000,00","447.251,00",,,,,,,,,,,"878.386,00"
,SELISIH,"0,00","0,00","0,00","0,00","0,00","0,00","0,00","0,00","0,00","0,00","0,00","0,00","0,00","0,00","0,00"
,REK KORAN,,"196.132,00","228.690,00","444.120,25",,,,,,,,,,,"868.942,25"
,SELISIH (FEE),"0,00","(4.003,00)","(2.310,00)","(3.130,75)","0,00","0,00","0,00","0,00",,"0,00","0,00","0,00","0,00","0,00","(9.443,75)"
,Fee (%),#DIV/0!,"-2,00%","-1,00%","-0,70%",#DIV/0!,#DIV/0!,#DIV/0!,#DIV/0!,,#DIV/0!,#DIV/0!,#DIV/0!,#DIV/0!,#DIV/0!,"(0,01)"
,MASUK TANGGAL,,16/07/2025,,16/07/2025,,,,,,,,,,,
,DICEK TANGGAL,,23/07/2025,,23/07/2025,,,,,,,,,,,
16/07/2025,Quinos,,"204.435,00",,"1.391.646,00",,,,,,,,,,,"1.596.081,00"
,SETTLEMENT,,"204.435,00",,"1.391.646,00",,,,,,,,,,,"1.596.081,00"
,SELISIH,"0,00","0,00","0,00","0,00","0,00","0,00","0,00","0,00","0,00","0,00","0,00","0,00","0,00","0,00","0,00"
,REK KORAN,,"200.347,00",,"1.381.904,49",,,,,,,,,,,"1.582.251,49"
,SELISIH (FEE),"0,00","(4.088,00)","0,00","(9.741,51)","0,00","0,00","0,00","0,00",,"0,00","0,00","0,00","0,00","0,00","(13.829,51)"
,Fee (%),#DIV/0!,"-2,00%",#DIV/0!,"-0,70%",#DIV/0!,#DIV/0!,#DIV/0!,#DIV/0!,,#DIV/0!,#DIV/0!,#DIV/0!,#DIV/0!,#DIV/0!,"(0,01)"
,MASUK TANGGAL,,17/07/2025,,17/07/2025,,,,,,,,,,,
,DICEK TANGGAL,,23/07/2025,,23/07/2025,,,,,,,,,,,
17/07/2025,Quinos,,"116.655,00",,"497.320,00",,,,,,,,,,,"613.975,00"
,SETTLEMENT,,"116.655,00",,"497.320,00",,,,,,,,,,,"613.975,00"
,SELISIH,"0,00","0,00","0,00","0,00","0,00","0,00","0,00","0,00","0,00","0,00","0,00","0,00","0,00","0,00","0,00"
,REK KORAN,,"114.322,00",,"493.838,77",,,,,,,,,,,"608.160,77"
,SELISIH (FEE),"0,00","(2.333,00)","0,00","(3.481,23)","0,00","0,00","0,00","0,00",,"0,00","0,00","0,00","0,00","0,00","(5.814,23)"
,Fee (%),#DIV/0!,"-2,00%",#DIV/0!,"-0,70%",#DIV/0!,#DIV/0!,#DIV/0!,#DIV/0!,,#DIV/0!,#DIV/0!,#DIV/0!,#DIV/0!,#DIV/0!,"(0,01)"
,MASUK TANGGAL,,18/07/2025,18/07/2025,18/07/2025,,,,,,,,,,,
,DICEK TANGGAL,,23/07/2025,23/07/2025,23/07/2025,,,,,,,,,,,
18/07/2025,Quinos,,"148.995,00","51.975,00","1.253.550,00",,,,,,,,,,,"1.454.520,00"
,SETTLEMENT,,"148.995,00","565.950,00","739.575,00",,,,,,,,,,,"1.454.520,00"
,SELISIH,"0,00","0,00","513.975,00","(513.975,00)","0,00","0,00","0,00","0,00","0,00","0,00","0,00","0,00","0,00","0,00","0,00"
,REK KORAN,,"146.016,00","565.101,08","734.397,99",,,,,,,,,,,"1.445.515,07"
,SELISIH (FEE),"0,00","(2.979,00)","(848,92)","(5.177,01)","0,00","0,00","0,00","0,00",,"0,00","0,00","0,00","0,00","0,00","(9.004,93)"
,Fee (%),#DIV/0!,"-2,00%","-0,15%","-0,70%",#DIV/0!,#DIV/0!,#DIV/0!,#DIV/0!,,#DIV/0!,#DIV/0!,#DIV/0!,#DIV/0!,#DIV/0!,"(0,01)"
,MASUK TANGGAL,,19/07/2025,19/07/2025,19/07/2025,,,,,,,,,,,
,DICEK TANGGAL,,23/07/2025,23/07/2025,23/07/2025,,,,,,,,,,,
19/07/2025,Quinos,,"339.330,00","715.531,00","2.417.974,00",,,,,,,,,,,"3.472.835,00"
,SETTLEMENT,,"339.330,00","715.531,00","2.417.974,00",,,,,,,,,,,"3.472.835,00"
,SELISIH,"0,00","0,00","0,00","0,00","0,00","0,00","0,00","0,00","0,00","0,00","0,00","0,00","0,00","0,00","0,00"
,REK KORAN,,"332.544,00","710.459,27","2.401.048,20",,,,,,,,,,,"3.444.051,47"
,SELISIH (FEE),"0,00","(6.786,00)","(5.071,73)","(16.925,80)","0,00","0,00","0,00","0,00",,"0,00","0,00","0,00","0,00","0,00","(28.783,53)"
,Fee (%),#DIV/0!,"-2,00%","-0,71%","-0,70%",#DIV/0!,#DIV/0!,#DIV/0!,#DIV/0!,,#DIV/0!,#DIV/0!,#DIV/0!,#DIV/0!,#DIV/0!,"(0,01)"
,MASUK TANGGAL,,20/07/2025,20/07/2025,20/07/2025,,,,,,,,,,,
,DICEK TANGGAL,,23/07/2025,23/07/2025,23/07/2025,,,,,,,,,,,
20/07/2025,Quinos,,"1.103.273,00","91.245,00","1.807.500,00",,,,,,,,,,,"3.002.018,00"
,SETTLEMENT,,"1.103.273,00","91.245,00","1.807.500,00",,,,,,,,,,,"3.002.018,00"
,SELISIH,"0,00","0,00","0,00","0,00","0,00","0,00","0,00","0,00","0,00","0,00","0,00","0,00","0,00","0,00","0,00"
,REK KORAN,,"1.081.207,00","91.108,14","1.794.847,52",,,,,,,,,,,"2.967.162,66"
,SELISIH (FEE),"0,00","(22.066,00)","(136,86)","(12.652,48)","0,00","0,00","0,00","0,00",,"0,00","0,00","0,00","0,00","0,00","(34.855,34)"
,Fee (%),#DIV/0!,"-2,00%","-0,15%","-0,70%",#DIV/0!,#DIV/0!,#DIV/0!,#DIV/0!,,#DIV/0!,#DIV/0!,#DIV/0!,#DIV/0!,#DIV/0!,"(0,01)"
,MASUK TANGGAL,,21/07/2025,21/07/2025,21/07/2025,,,,,,,,,,,
,DICEK TANGGAL,,23/07/2025,23/07/2025,23/07/2025,,,,,,,,,,,
21/07/2025,Quinos,"179.665,00",,"112.035,00","915.257,00",,,,,,,,,,,"1.206.957,00"
,SETTLEMENT,,,"112.035,00","915.257,00",,,,,,,,,,,"1.027.292,00"
,SELISIH,"(179.665,00)","0,00","0,00","0,00","0,00","0,00","0,00","0,00","0,00","0,00","0,00","0,00","0,00","0,00","(179.665,00)"
,REK KORAN,,,"111.866,95","908.850,21",,,,,,,,,,,"1.020.717,16"
,SELISIH (FEE),"0,00","0,00","(168,05)","(6.406,79)","0,00","0,00","0,00","0,00",,"0,00","0,00","0,00","0,00","0,00","(6.574,84)"
,Fee (%),#DIV/0!,#DIV/0!,"-0,15%","-0,70%",#DIV/0!,#DIV/0!,#DIV/0!,#DIV/0!,,#DIV/0!,#DIV/0!,#DIV/0!,#DIV/0!,#DIV/0!,"(0,01)"
,MASUK TANGGAL,,22/07/2025,22/07/2025,22/07/2025,,,,,,,,,,,
,DICEK TANGGAL,,23/07/2025,23/07/2025,23/07/2025,,,,,,,,,,,
22/07/2025,Quinos,,"51.975,00","184.800,00","289.905,00",,,,,,,,,,,"526.680,00"
,SETTLEMENT,,"92.400,00","144.375,00","289.905,00",,,,,,,,,,,"526.680,00"
,SELISIH,"0,00","40.425,00","(40.425,00)","0,00","0,00","0,00","0,00","0,00","0,00","0,00","0,00","0,00","0,00","0,00","0,00"
,REK KORAN,,"90.755,00","143.274,87","287.875,67",,,,,,,,,,,"521.905,54"
,SELISIH (FEE),"0,00","(1.645,00)","(1.100,13)","(2.029,33)","0,00","0,00","0,00","0,00",,"0,00","0,00","0,00","0,00","0,00","(4.774,46)"
,Fee (%),#DIV/0!,"-1,78%","-0,76%","-0,70%",#DIV/0!,#DIV/0!,#DIV/0!,#DIV/0!,,#DIV/0!,#DIV/0!,#DIV/0!,#DIV/0!,#DIV/0!,"(0,01)"
,MASUK TANGGAL,,23/07/2025,23/07/2025,23/07/2025,,,,,,,,,,,
,DICEK TANGGAL,,23/07/2025,23/07/2025,23/07/2025,,,,,,,,,,,
23/07/2025,Quinos,,"247.170,00",,"445.830,00",,,,,,,,,,,"0,00"
,SETTLEMENT,,"247.170,00",,"445.830,00",,,,,,,,,,,"0,00"
,SELISIH,"0,00","0,00","0,00","0,00","0,00","0,00","0,00","0,00","0,00","0,00","0,00","0,00","0,00","0,00","0,00"
,REK KORAN,,"242.227,00",,"442.709,20",,,,,,,,,,,"0,00"
,SELISIH (FEE),"0,00","(4.943,00)","0,00","(3.120,80)","0,00","0,00","0,00","0,00","0,00","0,00","0,00","0,00","0,00","0,00","0,00"
,Fee (%),#DIV/0!,#DIV/0!,#DIV/0!,#DIV/0!,#DIV/0!,#DIV/0!,#DIV/0!,#DIV/0!,,#DIV/0!,#DIV/0!,#DIV/0!,#DIV/0!,#DIV/0!,#DIV/0!
,MASUK TANGGAL,,24/07/2025,,24/07/2025,,,,,,,,,,,
,DICEK TANGGAL,,05/08/2025,,05/08/2025,,,,,,,,,,,
24/07/2025,Quinos,,,"137.445,00","592.515,00",,,,,,,,,,,"0,00"
,SETTLEMENT,,,"137.445,00","592.515,00",,,,,,,,,,,"0,00"
,SELISIH,"0,00","0,00","0,00","0,00","0,00","0,00","0,00","0,00","0,00","0,00","0,00","0,00","0,00","0,00","0,00"
,REK KORAN,,,"137.238,84","588.367,41",,,,,,,,,,,"0,00"
,SELISIH (FEE),"0,00","0,00","(206,16)","(4.147,59)","0,00","0,00","0,00","0,00","0,00","0,00","0,00","0,00","0,00","0,00","0,00"
,Fee (%),#DIV/0!,#DIV/0!,#DIV/0!,#DIV/0!,#DIV/0!,#DIV/0!,#DIV/0!,#DIV/0!,,#DIV/0!,#DIV/0!,#DIV/0!,#DIV/0!,#DIV/0!,#DIV/0!
,MASUK TANGGAL,,,25/07/2025,25/07/2025,,,,,,,,,,,
,DICEK TANGGAL,,,05/08/2025,05/08/2025,,,,,,,,,,,
25/07/2025,Quinos,,"43.001,00","257.330,00","878.332,00",,,,,,,,,,,"0,00"
,SETTLEMENT,,"92.666,00","207.665,00","878.332,00",,,,,,,,,,,"0,00"
,SELISIH,"0,00","(49.665,00)","49.665,00","0,00","0,00","0,00","0,00","0,00","0,00","0,00","0,00","0,00","0,00","0,00","0,00"
,REK KORAN,,"90.813,00","207.353,51","872.183,69",,,,,,,,,,,"0,00"
,SELISIH (FEE),"0,00","(1.853,00)","(311,49)","(6.148,31)","0,00","0,00","0,00","0,00","0,00","0,00","0,00","0,00","0,00","0,00","0,00"
,Fee (%),#DIV/0!,#DIV/0!,#DIV/0!,#DIV/0!,#DIV/0!,#DIV/0!,#DIV/0!,#DIV/0!,,#DIV/0!,#DIV/0!,#DIV/0!,#DIV/0!,#DIV/0!,#DIV/0!
,MASUK TANGGAL,,26/07/2025,26/07/2025,26/07/2025,,,,,,,,,,,
,DICEK TANGGAL,,05/08/2025,05/08/2025,05/08/2025,,,,,,,,,,,
26/07/2025,Quinos,,"253.615,00","403.950,00","2.009.892,00",,,,,,,,,,"51.450,00","0,00"
,SETTLEMENT,,,,"2.009.892,00",,,,,,,,,,,"0,00"
,SELISIH,"0,00","253.615,00","403.950,00","0,00","0,00","0,00","0,00","0,00","0,00","0,00","0,00","0,00","0,00","0,00","0,00"
,REK KORAN,,,,"1.995.822,76",,,,,,,,,,,"0,00"
,SELISIH (FEE),"0,00","0,00","0,00","(14.069,24)","0,00","0,00","0,00","0,00","0,00","0,00","0,00","0,00","0,00","0,00","0,00"
,Fee (%),#DIV/0!,#DIV/0!,#DIV/0!,#DIV/0!,#DIV/0!,#DIV/0!,#DIV/0!,#DIV/0!,,#DIV/0!,#DIV/0!,#DIV/0!,#DIV/0!,#DIV/0!,#DIV/0!
,MASUK TANGGAL,,27/07/2025,27/07/2025,27/07/2025,,,,,,,,,,,
,DICEK TANGGAL,,27/07/2025,27/07/2025,27/07/2025,,,,,,,,,,,
27/07/2025,Quinos,,"330.330,00","66.990,00","2.042.042,00",,,,,,,,,,,"0,00"
,SETTLEMENT,,"624.340,00","470.940,00","2.001.617,00",,,,,,,,,,,"0,00"
,SELISIH,"0,00","(294.010,00)","(403.950,00)","40.425,00","0,00","0,00","0,00","0,00","0,00","0,00","0,00","0,00","0,00","0,00","0,00"
,REK KORAN,,"611.856,00","469.350,02","1.987.605,70",,,,,,,,,,,"0,00"
,SELISIH (FEE),"0,00","(12.484,00)","(1.589,98)","(14.011,30)","0,00","0,00","0,00","0,00","0,00","0,00","0,00","0,00","0,00","0,00","0,00"
,Fee (%),#DIV/0!,#DIV/0!,#DIV/0!,#DIV/0!,#DIV/0!,#DIV/0!,#DIV/0!,#DIV/0!,,#DIV/0!,#DIV/0!,#DIV/0!,#DIV/0!,#DIV/0!,#DIV/0!
,MASUK TANGGAL,,28/07/2025,28/07/2025,28/07/2025,,,,,,,,,,,
,DICEK TANGGAL,,05/08/2025,05/08/2025,05/08/2025,,,,,,,,,,,
28/07/2025,Quinos,,"410.291,00","40.425,00","628.586,00",,,,,,,,,,,"1.079.302,00"
,SETTLEMENT,,"410.291,00","40.425,00","628.586,00",,,,,,,,,,,"1.079.302,00"
,SELISIH,"0,00","0,00","0,00","0,00","0,00","0,00","0,00","0,00","0,00","0,00","0,00","0,00","0,00","0,00","0,00"
,REK KORAN,,"401.363,00","40.364,37","624.185,91",,,,,,,,,,,"1.065.913,28"
,SELISIH (FEE),"0,00","(8.928,00)","(60,63)","(4.400,09)","0,00","0,00","0,00","0,00","0,00","0,00","0,00","0,00","0,00","0,00","(13.388,72)"
,Fee (%),#DIV/0!,"-2,18%","-0,15%","-0,70%",#DIV/0!,#DIV/0!,#DIV/0!,#DIV/0!,,#DIV/0!,#DIV/0!,#DIV/0!,#DIV/0!,#DIV/0!,"(0,01)"
,MASUK TANGGAL,,29/07/2025,29/07/2025,29/07/2025,,,,,,,,,,,
,DICEK TANGGAL,,05/08/2025,05/08/2025,05/08/2025,,,,,,,,,,,
29/07/2025,Quinos,,"83.160,00","42.735,00","792.886,00",,,,,,,,,,,"918.781,00"
,SETTLEMENT,,"83.160,00","42.735,00","792.886,00",,,,,,,,,,,"918.781,00"
,SELISIH,"0,00","0,00","0,00","0,00","0,00","0,00","0,00","0,00","0,00","0,00","0,00","0,00","0,00","0,00","0,00"
,REK KORAN,,"81.497,00","42.670,90","787.335,80",,,,,,,,,,,"911.503,70"
,SELISIH (FEE),"0,00","(1.663,00)","(64,10)","(5.550,20)","0,00","0,00","0,00","0,00",,"0,00","0,00","0,00","0,00","0,00","(7.277,30)"
,Fee (%),#DIV/0!,"-2,00%","-0,15%","-0,70%",#DIV/0!,#DIV/0!,#DIV/0!,#DIV/0!,,#DIV/0!,#DIV/0!,#DIV/0!,#DIV/0!,#DIV/0!,"(0,01)"
,MASUK TANGGAL,,30/07/2025,30/07/2025,30/07/2025,,,,,,,,,,,
,DICEK TANGGAL,,05/08/2025,05/08/2025,05/08/2025,,,,,,,,,,,
30/07/2025,Quinos,,"97.020,00","34.650,00","732.285,00",,,,,,,,,,,"863.955,00"
,SETTLEMENT,,"97.020,00","34.650,00","688.395,00",,,,,,,,,,,"820.065,00"
,SELISIH,"0,00","0,00","0,00","(43.890,00)","0,00","0,00","0,00","0,00","0,00","0,00","0,00","0,00","0,00","0,00","(43.890,00)"
,REK KORAN,,"95.265,00","34.598,03","683.576,24",,,,,,,,,,,"813.439,27"
,SELISIH (FEE),"0,00","(1.755,00)","(51,97)","(4.818,76)","0,00","0,00","0,00","0,00",,"0,00","0,00","0,00","0,00","0,00","(6.625,73)"
,Fee (%),#DIV/0!,"-1,81%","-0,15%","-0,70%",#DIV/0!,#DIV/0!,#DIV/0!,#DIV/0!,,#DIV/0!,#DIV/0!,#DIV/0!,#DIV/0!,#DIV/0!,"(0,01)"
,MASUK TANGGAL,,31/07/2025,31/07/2025,31/07/2025,,,,,,,,,,,
,DICEK TANGGAL,,05/08/2025,05/08/2025,05/08/2025,,,,,,,,,,,
31/07/2025,Quinos,,"35.805,00",,"1.056.091,00",,,,,,,,,,,"1.091.896,00"
,SETTLEMENT,,"35.805,00",,"1.056.091,00",,,,,,,,,,,"1.091.896,00"
,SELISIH,"0,00","0,00","0,00","0,00","0,00","0,00","0,00","0,00","0,00","0,00","0,00","0,00","0,00","0,00","0,00"
,REK KORAN,,"35.089,00",,"1.048.698,37",,,,,,,,,,,"1.083.787,37"
,SELISIH (FEE),"0,00","(716,00)","0,00","(7.392,63)","0,00","0,00","0,00","0,00",,"0,00","0,00","0,00","0,00","0,00","(8.108,63)"
,Fee (%),#DIV/0!,"-2,00%",#DIV/0!,"-0,70%",#DIV/0!,#DIV/0!,#DIV/0!,#DIV/0!,,#DIV/0!,#DIV/0!,#DIV/0!,#DIV/0!,#DIV/0!,"(0,01)"
,MASUK TANGGAL,,01/08/2025,,01/08/2025,,,,,,,,,,,
,DICEK TANGGAL,,05/08/2025,,05/08/2025,,,,,,,,,,,
01/08/2025,Quinos,,"238.205,00","164.010,00","731.115,00",,,,,,,,,,,"1.133.330,00"
,SETTLEMENT,,"238.205,00","164.010,00","731.115,00",,,,,,,,,,,"1.133.330,00"
,SELISIH,"0,00","0,00","0,00","0,00","0,00","0,00","0,00","0,00","0,00","0,00","0,00","0,00","0,00","0,00","0,00"
,REK KORAN,,"233.881,00","163.076,76","725.997,20",,,,,,,,,,,"1.122.954,96"
,SELISIH (FEE),"0,00","(4.324,00)","(933,24)","(5.117,80)","0,00","0,00","0,00","0,00",,"0,00","0,00","0,00","0,00","0,00","(10.375,04)"
,Fee (%),#DIV/0!,"-1,82%","-0,57%","-0,70%",#DIV/0!,#DIV/0!,#DIV/0!,#DIV/0!,,#DIV/0!,#DIV/0!,#DIV/0!,#DIV/0!,#DIV/0!,"(0,01)"
,MASUK TANGGAL,,02/08/2025,02/08/2025,02/08/2025,,,,,,,,,,,
,DICEK TANGGAL,,07/08/2025,07/08/2025,07/08/2025,,,,,,,,,,,
02/08/2025,Quinos,,"376.530,00","237.930,00","1.608.546,00",,,,,,,,,,,"2.223.006,00"
,SETTLEMENT,,"376.530,00","237.930,00","1.608.546,00",,,,,,,,,,,"2.223.006,00"
,SELISIH,"0,00","0,00","0,00","0,00","0,00","0,00","0,00","0,00","0,00","0,00","0,00","0,00","0,00","0,00","0,00"
,REK KORAN,,"369.000,00","237.573,11","1.597.286,18",,,,,,,,,,,"2.203.859,29"
,SELISIH (FEE),"0,00","(7.530,00)","(356,89)","(11.259,82)","0,00","0,00","0,00","0,00",,"0,00","0,00","0,00","0,00","0,00","(19.146,71)"
,Fee (%),#DIV/0!,"-2,00%","-0,15%","-0,70%",#DIV/0!,#DIV/0!,#DIV/0!,#DIV/0!,,#DIV/0!,#DIV/0!,#DIV/0!,#DIV/0!,#DIV/0!,"(0,01)"
,MASUK TANGGAL,,03/08/2025,03/08/2025,03/08/2025,,,,,,,,,,,
,DICEK TANGGAL,,07/08/2025,07/08/2025,07/08/2025,,,,,,,,,,,
03/08/2025,Quinos,,"295.090,00","45.045,00","1.495.890,00",,,,,,,,,,,"1.836.025,00"
,SETTLEMENT,,"295.090,00","45.045,00","1.495.890,00",,,,,,,,,,,"1.836.025,00"
,SELISIH,"0,00","0,00","0,00","0,00","0,00","0,00","0,00","0,00","0,00","0,00","0,00","0,00","0,00","0,00","0,00"
,REK KORAN,,"289.639,00","44.594,55","1.485.418,78",,,,,,,,,,,"1.819.652,33"
,SELISIH (FEE),"0,00","(5.451,00)","(450,45)","(10.471,22)","0,00","0,00","0,00","0,00",,"0,00","0,00","0,00","0,00","0,00","(16.372,67)"
,Fee (%),#DIV/0!,"-1,85%","-1,00%","-0,70%",#DIV/0!,#DIV/0!,#DIV/0!,#DIV/0!,,#DIV/0!,#DIV/0!,#DIV/0!,#DIV/0!,#DIV/0!,"(0,01)"
,MASUK TANGGAL,,04/08/2025,04/08/2025,04/08/2025,,,,,,,,,,,
,DICEK TANGGAL,,07/08/2025,07/08/2025,07/08/2025,,,,,,,,,,,
04/08/2025,Quinos,,"333.425,00","423.551,00","702.656,00",,,,,,,,,,,"1.459.632,00"
,SETTLEMENT,,"333.425,00","423.551,00","702.656,00",,,,,,,,,,,"1.459.632,00"
,SELISIH,"0,00","0,00","0,00","0,00","0,00","0,00","0,00","0,00","0,00","0,00","0,00","0,00","0,00","0,00","0,00"
,REK KORAN,,"326.757,00","422.402,91","697.737,41",,,,,,,,,,,"1.446.897,32"
,SELISIH (FEE),"0,00","(6.668,00)","(1.148,09)","(4.918,59)","0,00","0,00","0,00","0,00",,"0,00","0,00","0,00","0,00","0,00","(12.734,68)"
,Fee (%),#DIV/0!,"-2,00%","-0,27%","-0,70%",#DIV/0!,#DIV/0!,#DIV/0!,#DIV/0!,,#DIV/0!,#DIV/0!,#DIV/0!,#DIV/0!,#DIV/0!,"(0,01)"
,MASUK TANGGAL,,05/08/2025,05/08/2025,05/08/2025,,,,,,,,,,,
,DICEK TANGGAL,,07/08/2025,07/08/2025,07/08/2025,,,,,,,,,,,
05/08/2025,Quinos,,"40.425,00","43.001,00","483.726,00",,,,,,,,,,,"567.152,00"
,SETTLEMENT,,"40.425,00","43.001,00","483.726,00",,,,,,,,,,,"567.152,00"
,SELISIH,"0,00","0,00","0,00","0,00","0,00","0,00","0,00","0,00","0,00","0,00","0,00","0,00","0,00","0,00","0,00"
,REK KORAN,,"39.617,00","42.936,50","480.339,93",,,,,,,,,,,"562.893,43"
,SELISIH (FEE),"0,00","(808,00)","(64,50)","(3.386,07)","0,00","0,00","0,00","0,00",,"0,00","0,00","0,00","0,00","0,00","(4.258,57)"
,Fee (%),#DIV/0!,"-2,00%","-0,15%","-0,70%",#DIV/0!,#DIV/0!,#DIV/0!,#DIV/0!,,#DIV/0!,#DIV/0!,#DIV/0!,#DIV/0!,#DIV/0!,"(0,01)"
,MASUK TANGGAL,,06/08/2025,06/08/2025,06/08/2025,,,,,,,,,,,
,DICEK TANGGAL,,07/08/2025,07/08/2025,07/08/2025,,,,,,,,,,,
06/08/2025,Quinos,,,"64.946,00","170.940,00",,,,,,,,,,,"235.886,00"
,SETTLEMENT,,,"64.946,00","170.940,00",,,,,,,,,,,"235.886,00"
,SELISIH,"0,00","0,00","0,00","0,00","0,00","0,00","0,00","0,00","0,00","0,00","0,00","0,00","0,00","0,00","0,00"
,REK KORAN,,,"64.848,59","169.743,42",,,,,,,,,,,"234.592,01"
,SELISIH (FEE),"0,00","0,00","(97,41)","(1.196,58)","0,00","0,00","0,00","0,00",,"0,00","0,00","0,00","0,00","0,00","(1.293,99)"
,Fee (%),#DIV/0!,#DIV/0!,"-0,15%","-0,70%",#DIV/0!,#DIV/0!,#DIV/0!,#DIV/0!,,#DIV/0!,#DIV/0!,#DIV/0!,#DIV/0!,#DIV/0!,"(0,01)"
,MASUK TANGGAL,,,07/08/2025,07/08/2025,,,,,,,,,,,
,DICEK TANGGAL,,,07/08/2025,07/08/2025,,,,,,,,,,,
07/08/2025,Quinos,,,"94.710,00","454.181,00",,,,,,,,,,,"548.891,00"
,SETTLEMENT,,,"94.710,00","454.181,00",,,,,,,,,,,"548.891,00"
,SELISIH,"0,00","0,00","0,00","0,00","0,00","0,00","0,00","0,00","0,00","0,00","0,00","0,00","0,00","0,00","0,00"
,REK KORAN,,,"93.762,90","451.001,74",,,,,,,,,,,"544.764,64"
,SELISIH (FEE),"0,00","0,00","(947,10)","(3.179,26)","0,00","0,00","0,00","0,00",,"0,00","0,00","0,00","0,00","0,00","(4.126,36)"
,Fee (%),#DIV/0!,#DIV/0!,"-1,00%","-0,70%",#DIV/0!,#DIV/0!,#DIV/0!,#DIV/0!,,#DIV/0!,#DIV/0!,#DIV/0!,#DIV/0!,#DIV/0!,"(0,01)"
,MASUK TANGGAL,,,08/08/2025,08/08/2025,,,,,,,,,,,
,DICEK TANGGAL,,,08/08/2025,08/08/2025,,,,,,,,,,,
08/08/2025,Quinos,,"68.145,00","239.085,00","902.610,00",,,,,,,,,,,"1.209.840,00"
,SETTLEMENT,,"68.145,00","239.085,00","902.610,00",,,,,,,,,,,"1.209.840,00"
,SELISIH,"0,00","0,00","0,00","0,00","0,00","0,00","0,00","0,00","0,00","0,00","0,00","0,00","0,00","0,00","0,00"
,REK KORAN,,"66.782,00","237.351,93","896.291,74",,,,,,,,,,,"1.200.425,67"
,SELISIH (FEE),"0,00","(1.363,00)","(1.733,07)","(6.318,26)","0,00","0,00","0,00","0,00",,"0,00","0,00","0,00","0,00","0,00","(9.414,33)"
,Fee (%),#DIV/0!,"-2,00%","-0,72%","-0,70%",#DIV/0!,#DIV/0!,#DIV/0!,#DIV/0!,,#DIV/0!,#DIV/0!,#DIV/0!,#DIV/0!,#DIV/0!,"(0,01)"
,MASUK TANGGAL,,09/08/2025,09/08/2025,09/08/2025,,,,,,,,,,,
,DICEK TANGGAL,,09/08/2025,09/08/2025,09/08/2025,,,,,,,,,,,
09/08/2025,Quinos,"40.425,00","107.735,00","338.947,00","2.597.813,00",,,,,,,,,,,"3.084.920,00"
,SETTLEMENT,,"190.895,00","338.947,00","2.514.653,00",,,,,,,,,,,"3.044.495,00"
,SELISIH,"(40.425,00)","83.160,00","0,00","(83.160,00)","0,00","0,00","0,00","0,00","0,00","0,00","0,00","0,00","0,00","0,00","(40.425,00)"
,REK KORAN,"40.425,00","187.077,00","336.529,47","2.497.050,44",,,,,,,,,,,"3.020.656,91"
,SELISIH (FEE),"40.425,00","(3.818,00)","(2.417,53)","(17.602,56)","0,00","0,00","0,00","0,00",,"0,00","0,00","0,00","0,00","0,00","(23.838,09)"
,Fee (%),#DIV/0!,"-2,00%","-0,71%","-0,70%",#DIV/0!,#DIV/0!,#DIV/0!,#DIV/0!,,#DIV/0!,#DIV/0!,#DIV/0!,#DIV/0!,#DIV/0!,"(0,01)"
,MASUK TANGGAL,,10/08/2025,10/08/2025,10/08/2025,,,,,,,,,,,
,DICEK TANGGAL,,11/08/2025,11/08/2025,11/08/2025,,,,,,,,,,,
10/08/2025,Quinos,,"200.970,00","255.810,00","1.710.555,00",,,,,,,,,,,"2.167.335,00"
,SETTLEMENT,,"200.970,00","255.810,00","1.710.555,00",,,,,,,,,,,"2.167.335,00"
,SELISIH,"0,00","0,00","0,00","0,00","0,00","0,00","0,00","0,00","0,00","0,00","0,00","0,00","0,00","0,00","0,00"
,REK KORAN,,"196.951,00","255.082,68","1.698.581,12",,,,,,,,,,,"2.150.614,80"
,SELISIH (FEE),"0,00","(4.019,00)","(727,32)","(11.973,88)","0,00","0,00","0,00","0,00",,"0,00","0,00","0,00","0,00","0,00","(16.720,20)"
,Fee (%),#DIV/0!,"-2,00%","-0,28%","-0,70%",#DIV/0!,#DIV/0!,#DIV/0!,#DIV/0!,,#DIV/0!,#DIV/0!,#DIV/0!,#DIV/0!,#DIV/0!,"(0,01)"
,MASUK TANGGAL,,11/08/2025,11/08/2025,11/08/2025,,,,,,,,,,,
,DICEK TANGGAL,,11/08/2025,11/08/2025,11/08/2025,,,,,,,,,,,
11/08/2025,Quinos,,"101.960,00","36.960,00","730.226,00",,,,,,,,,,,"869.146,00"
,SETTLEMENT,,"101.960,00","36.960,00","730.226,00",,,,,,,,,,,"869.146,00"
,SELISIH,"0,00","0,00","0,00","0,00","0,00","0,00","0,00","0,00","0,00","0,00","0,00","0,00","0,00","0,00","0,00"
,REK KORAN,,"99.921,00","36.904,56","725.114,43",,,,,,,,,,,"861.939,99"
,SELISIH (FEE),"0,00","(2.039,00)","(55,44)","(5.111,57)","0,00","0,00","0,00","0,00",,"0,00","0,00","0,00","0,00","0,00","(7.206,01)"
,Fee (%),#DIV/0!,"-2,00%","-0,15%","-0,70%",#DIV/0!,#DIV/0!,#DIV/0!,#DIV/0!,,#DIV/0!,#DIV/0!,#DIV/0!,#DIV/0!,#DIV/0!,"(0,01)"
,MASUK TANGGAL,,12/08/2025,12/08/2025,12/08/2025,,,,,,,,,,,
,DICEK TANGGAL,,12/08/2025,12/08/2025,12/08/2025,,,,,,,,,,,
12/08/2025,Quinos,,"125.895,00","196.990,00","654.794,00",,,,,,,,,,,"977.679,00"
,SETTLEMENT,,"125.895,00","196.990,00","654.794,00",,,,,,,,,,,"977.679,00"
,SELISIH,"0,00","0,00","0,00","0,00","0,00","0,00","0,00","0,00","0,00","0,00","0,00","0,00","0,00","0,00","0,00"
,REK KORAN,,"123.377,00","196.694,52","650.210,46",,,,,,,,,,,"970.281,98"
,SELISIH (FEE),"0,00","(2.518,00)","(295,48)","(4.583,54)","0,00","0,00","0,00","0,00",,"0,00","0,00","0,00","0,00","0,00","(7.397,02)"
,Fee (%),#DIV/0!,"-2,00%","-0,15%","-0,70%",#DIV/0!,#DIV/0!,#DIV/0!,#DIV/0!,,#DIV/0!,#DIV/0!,#DIV/0!,#DIV/0!,#DIV/0!,"(0,01)"
,MASUK TANGGAL,,13/08/2025,13/08/2025,13/08/2025,,,,,,,,,,,
,DICEK TANGGAL,,13/08/2025,13/08/2025,13/08/2025,,,,,,,,,,,
13/08/2025,Quinos,,,,"796.450,00",,,,,,,,,,,"796.450,00"
,SETTLEMENT,,,,"796.450,00",,,,,,,,,,,"796.450,00"
,SELISIH,"0,00","0,00","0,00","0,00","0,00","0,00","0,00","0,00","0,00","0,00","0,00","0,00","0,00","0,00","0,00"
,REK KORAN,,,,"790.874,85",,,,,,,,,,,"790.874,85"
,SELISIH (FEE),"0,00","0,00","0,00","(5.575,15)","0,00","0,00","0,00","0,00",,"0,00","0,00","0,00","0,00","0,00","(5.575,15)"
,Fee (%),#DIV/0!,#DIV/0!,#DIV/0!,"-0,70%",#DIV/0!,#DIV/0!,#DIV/0!,#DIV/0!,,#DIV/0!,#DIV/0!,#DIV/0!,#DIV/0!,#DIV/0!,"(0,01)"
,MASUK TANGGAL,,,,14/08/2025,,,,,,,,,,,
,DICEK TANGGAL,,,,14/08/2025,,,,,,,,,,,
14/08/2025,Quinos,,"64.680,00","42.735,00","1.243.335,00",,,,,,,,,,,"1.350.750,00"
,SETTLEMENT,,"64.680,00","42.735,00","1.243.335,00",,,,,,,,,,,"1.350.750,00"
,SELISIH,"0,00","0,00","0,00","0,00","0,00","0,00","0,00","0,00","0,00","0,00","0,00","0,00","0,00","0,00","0,00"
,REK KORAN,,"63.386,00","42.670,90","1.234.631,66",,,,,,,,,,,"1.340.688,56"
,SELISIH (FEE),"0,00","(1.294,00)","(64,10)","(8.703,34)","0,00","0,00","0,00","0,00",,"0,00","0,00","0,00","0,00","0,00","(10.061,44)"
,Fee (%),#DIV/0!,"-2,00%","-0,15%","-0,70%",#DIV/0!,#DIV/0!,#DIV/0!,#DIV/0!,,#DIV/0!,#DIV/0!,#DIV/0!,#DIV/0!,#DIV/0!,"(0,01)"
,MASUK TANGGAL,,15/08/2025,15/08/2025,15/08/2025,,,,,,,,,,,
,DICEK TANGGAL,,15/08/2025,15/08/2025,15/08/2025,,,,,,,,,,,
15/08/2025,Quinos,,,"258.720,00","594.825,00",,,,,,,,,,,"853.545,00"
,SETTLEMENT,,,"258.720,00","594.825,00",,,,,,,,,,,"853.545,00"
,SELISIH,"0,00","0,00","0,00","0,00","0,00","0,00","0,00","0,00","0,00","0,00","0,00","0,00","0,00","0,00","0,00"
,REK KORAN,,,"257.988,31","590.661,23",,,,,,,,,,,"848.649,54"
,SELISIH (FEE),"0,00","0,00","(731,69)","(4.163,77)","0,00","0,00","0,00","0,00",,"0,00","0,00","0,00","0,00","0,00","(4.895,46)"
,Fee (%),#DIV/0!,#DIV/0!,"-0,28%","-0,70%",#DIV/0!,#DIV/0!,#DIV/0!,#DIV/0!,,#DIV/0!,#DIV/0!,#DIV/0!,#DIV/0!,#DIV/0!,"(0,01)"
,MASUK TANGGAL,,,16/08/2025,16/08/2025,,,,,,,,,,,
,DICEK TANGGAL,,,16/08/2025,16/08/2025,,,,,,,,,,,
16/08/2025,Quinos,"40.425,00","541.196,00","620.016,00","1.788.481,00",,,,,,,,,,,"2.990.118,00"
,SETTLEMENT,,"600.101,00","561.111,00","1.788.481,00",,,,,,,,,,,"2.949.693,00"
,SELISIH,"(40.425,00)","58.905,00","(58.905,00)","0,00","0,00","0,00","0,00","0,00","0,00","0,00","0,00","0,00","0,00","0,00","(40.425,00)"
,REK KORAN,"40.425,00","588.330,00","559.611,57","1.775.961,65",,,,,,,,,,,"2.923.903,22"
,SELISIH (FEE),"40.425,00","(11.771,00)","(1.499,43)","(12.519,35)","0,00","0,00","0,00","0,00",,"0,00","0,00","0,00","0,00","0,00","(25.789,78)"
,Fee (%),#DIV/0!,"-1,96%","-0,27%","-0,70%",#DIV/0!,#DIV/0!,#DIV/0!,#DIV/0!,,#DIV/0!,#DIV/0!,#DIV/0!,#DIV/0!,#DIV/0!,"(0,01)"
,MASUK TANGGAL,17/08/2025,17/08/2025,17/08/2025,17/08/2025,,,,,,,,,,,
,DICEK TANGGAL,17/08/2025,17/08/2025,17/08/2025,17/08/2025,,,,,,,,,,,
17/08/2025,Quinos,"73.920,00","35.805,00","56.595,00","1.570.177,00",,,,,,,,,,,"1.736.497,00"
,SETTLEMENT,"73.920,00","35.805,00","56.595,00","1.570.177,00",,,,,,,,,,,"1.736.497,00"
,SELISIH,"0,00","0,00","0,00","0,00","0,00","0,00","0,00","0,00","0,00","0,00","0,00","0,00","0,00","0,00","0,00"
,REK KORAN,"73.920,00","35.089,00","56.029,05","1.559.185,78",,,,,,,,,,,"1.650.303,83"
,SELISIH (FEE),"0,00","(716,00)","(565,95)","(10.991,22)","0,00","0,00","0,00","0,00",,"0,00","0,00","0,00","0,00","0,00","(12.273,17)"
,Fee (%),"0,00%","-2,00%","-1,00%","-0,70%",#DIV/0!,#DIV/0!,#DIV/0!,#DIV/0!,,#DIV/0!,#DIV/0!,#DIV/0!,#DIV/0!,#DIV/0!,"(0,01)"
,MASUK TANGGAL,18/08/2025,18/08/2025,18/08/2025,18/08/2025,,,,,,,,,,,
,DICEK TANGGAL,18/08/2025,18/08/2025,18/08/2025,18/08/2025,,,,,,,,,,,
18/08/2025,Quinos,,"212.520,00","149.520,00","1.208.662,00",,,,,,,,,,,"1.570.702,00"
,SETTLEMENT,,"212.520,00","149.520,00","1.208.670,00",,,,,,,,,,,"1.570.710,00"
,SELISIH,"0,00","0,00","0,00","8,00","0,00","0,00","0,00","0,00","0,00","0,00","0,00","0,00","0,00","0,00","8,00"
,REK KORAN,,"208.270,00","148.996,74","1.200.209,32",,,,,,,,,,,"1.557.476,06"
,SELISIH (FEE),"0,00","(4.250,00)","(523,26)","(8.460,68)","0,00","0,00","0,00","0,00",,"0,00","0,00","0,00","0,00","0,00","(13.233,94)"
,Fee (%),#DIV/0!,"-2,00%","-0,35%","-0,70%",#DIV/0!,#DIV/0!,#DIV/0!,#DIV/0!,,#DIV/0!,#DIV/0!,#DIV/0!,#DIV/0!,#DIV/0!,"(0,01)"
,MASUK TANGGAL,,19/08/2025,19/08/2025,19/08/2025,,,,,,,,,,,
,DICEK TANGGAL,,19/08/2025,19/08/2025,19/08/2025,,,,,,,,,,,
19/08/2025,Quinos,,"310.977,00","79.695,00","360.360,00",,,,,,,,,,,"751.032,00"
,SETTLEMENT,,"310.977,00","79.695,00","360.360,00",,,,,,,,,,,"751.032,00"
,SELISIH,"0,00","0,00","0,00","0,00","0,00","0,00","0,00","0,00","0,00","0,00","0,00","0,00","0,00","0,00","0,00"
,REK KORAN,,"304.757,00","79.212,21","357.837,49",,,,,,,,,,,"741.806,70"
,SELISIH (FEE),"0,00","(6.220,00)","(482,79)","(2.522,51)","0,00","0,00","0,00","0,00",,"0,00","0,00","0,00","0,00","0,00","(9.225,30)"
,Fee (%),#DIV/0!,"-2,00%","-0,61%","-0,70%",#DIV/0!,#DIV/0!,#DIV/0!,#DIV/0!,,#DIV/0!,#DIV/0!,#DIV/0!,#DIV/0!,#DIV/0!,"(0,01)"
,MASUK TANGGAL,,20/08/2025,20/08/2025,20/08/2025,,,,,,,,,,,
,DICEK TANGGAL,,20/08/2025,20/08/2025,20/08/2025,,,,,,,,,,,
20/08/2025,Quinos,,"165.165,00","87.780,00","210.476,00",,,,,,,,,,,"463.421,00"
,SETTLEMENT,,"165.165,00","87.780,00","210.476,00",,,,,,,,,,,"463.421,00"
,SELISIH,"0,00","0,00","0,00","0,00","0,00","0,00","0,00","0,00","0,00","0,00","0,00","0,00","0,00","0,00","0,00"
,REK KORAN,,"161.861,00","87.304,72","209.002,68",,,,,,,,,,,"458.168,40"
,SELISIH (FEE),"0,00","(3.304,00)","(475,28)","(1.473,32)","0,00","0,00","0,00","0,00",,"0,00","0,00","0,00","0,00","0,00","(5.252,60)"
,Fee (%),#DIV/0!,"-2,00%","-0,54%","-0,70%",#DIV/0!,#DIV/0!,#DIV/0!,#DIV/0!,,#DIV/0!,#DIV/0!,#DIV/0!,#DIV/0!,#DIV/0!,"(0,01)"
,MASUK TANGGAL,,21/08/2025,21/08/2025,21/08/2025,,,,,,,,,,,
,DICEK TANGGAL,,21/08/2025,21/08/2025,21/08/2025,,,,,,,,,,,
21/08/2025,Quinos,,"60.326,00","164.010,00","379.995,00",,,,,,,,,,,"604.331,00"
,SETTLEMENT,,"60.326,00","164.010,00","379.995,00",,,,,,,,,,,"604.331,00"
,SELISIH,"0,00","0,00","0,00","0,00","0,00","0,00","0,00","0,00","0,00","0,00","0,00","0,00","0,00","0,00","0,00"
,REK KORAN,,"59.119,00","163.351,65","377.335,05",,,,,,,,,,,"599.805,70"
,SELISIH (FEE),"0,00","(1.207,00)","(658,35)","(2.659,95)","0,00","0,00","0,00","0,00",,"0,00","0,00","0,00","0,00","0,00","(4.525,30)"
,Fee (%),#DIV/0!,"-2,00%","-0,40%","-0,70%",#DIV/0!,#DIV/0!,#DIV/0!,#DIV/0!,,#DIV/0!,#DIV/0!,#DIV/0!,#DIV/0!,#DIV/0!,"(0,01)"
,MASUK TANGGAL,,22/08/2025,22/08/2025,22/08/2025,,,,,,,,,,,
,DICEK TANGGAL,,23/08/2025,23/08/2025,23/08/2025,,,,,,,,,,,
22/08/2025,Quinos,,"221.760,00","43.001,00","723.936,00",,,,,,,,,,,"988.697,00"
,SETTLEMENT,,"221.760,00","43.001,00","723.936,00",,,,,,,,,,,"988.697,00"
,SELISIH,"0,00","0,00","0,00","0,00","0,00","0,00","0,00","0,00","0,00","0,00","0,00","0,00","0,00","0,00","0,00"
,REK KORAN,,"217.550,00","42.936,50","718.868,45",,,,,,,,,,,"979.354,95"
,SELISIH (FEE),"0,00","(4.210,00)","(64,50)","(5.067,55)","0,00","0,00","0,00","0,00",,"0,00","0,00","0,00","0,00","0,00","(9.342,05)"
,Fee (%),#DIV/0!,"-1,90%","-0,15%","-0,70%",#DIV/0!,#DIV/0!,#DIV/0!,#DIV/0!,,#DIV/0!,#DIV/0!,#DIV/0!,#DIV/0!,#DIV/0!,"(0,01)"
,MASUK TANGGAL,,23/08/2025,23/08/2025,23/08/2025,,,,,,,,,,,
,DICEK TANGGAL,,23/08/2025,23/08/2025,23/08/2025,,,,,,,,,,,
23/08/2025,Quinos,"40.425,00","242.550,00","314.701,00","1.770.911,00",,,,,,,,,,,"2.368.587,00"
,SETTLEMENT,,"242.550,00","314.701,00","1.770.911,00",,,,,,,,,,,"2.328.162,00"
,SELISIH,"(40.425,00)","0,00","0,00","0,00","0,00","0,00","0,00","0,00","0,00","0,00","0,00","0,00","0,00","0,00","(40.425,00)"
,REK KORAN,,"238.196,00","313.600,63","1.758.514,64",,,,,,,,,,,"2.310.311,27"
,SELISIH (FEE),"0,00","(4.354,00)","(1.100,37)","(12.396,36)","0,00","0,00","0,00","0,00",,"0,00","0,00","0,00","0,00","0,00","(17.850,73)"
,Fee (%),#DIV/0!,"-1,80%","-0,35%","-0,70%",#DIV/0!,#DIV/0!,#DIV/0!,#DIV/0!,,#DIV/0!,#DIV/0!,#DIV/0!,#DIV/0!,#DIV/0!,"(0,01)"
,MASUK TANGGAL,,24/08/2025,24/08/2025,24/08/2025,,,,,,,,,,,
,DICEK TANGGAL,,26/08/2025,26/08/2025,26/08/2025,,,,,,,,,,,
24/08/2025,Quinos,"140.425,00","118.965,00","338.415,00","2.152.920,00",,,,,,,,,,,"2.750.725,00"
,SETTLEMENT,,"118.965,00","338.415,00","2.152.920,00",,,,,,,,,,,"2.610.300,00"
,SELISIH,"(140.425,00)","0,00","0,00","0,00","0,00","0,00","0,00","0,00","0,00","0,00","0,00","0,00","0,00","0,00","(140.425,00)"
,REK KORAN,"40.425,00","116.586,00","336.572,20","2.137.849,57",,,,,,,,,,,"2.591.007,77"
,SELISIH (FEE),"40.425,00","(2.379,00)","(1.842,80)","(15.070,43)","0,00","0,00","0,00","0,00",,"0,00","0,00","0,00","0,00","0,00","(19.292,23)"
,Fee (%),#DIV/0!,"-2,00%","-0,54%","-0,70%",#DIV/0!,#DIV/0!,#DIV/0!,#DIV/0!,,#DIV/0!,#DIV/0!,#DIV/0!,#DIV/0!,#DIV/0!,"(0,01)"
,MASUK TANGGAL,25/08/2025,25/08/2025,25/08/2025,25/08/2025,,,,,,,,,,,
,DICEK TANGGAL,26/08/2025,26/08/2025,26/08/2025,26/08/2025,,,,,,,,,,,
25/08/2025,Quinos,"100.000,00",,"40.425,00","539.385,00",,,,,,,,,,,"679.810,00"
,SETTLEMENT,,,"40.425,00","539.385,00",,,,,,,,,,,"579.810,00"
,SELISIH,"(100.000,00)","0,00","0,00","0,00","0,00","0,00","0,00","0,00","0,00","0,00","0,00","0,00","0,00","0,00","(100.000,00)"
,REK KORAN,,,"40.364,37","535.609,32",,,,,,,,,,,"575.973,69"
,SELISIH (FEE),"0,00","0,00","(60,63)","(3.775,68)","0,00","0,00","0,00","0,00",,"0,00","0,00","0,00","0,00","0,00","(3.836,31)"
,Fee (%),#DIV/0!,#DIV/0!,"-0,15%","-0,70%",#DIV/0!,#DIV/0!,#DIV/0!,#DIV/0!,,#DIV/0!,#DIV/0!,#DIV/0!,#DIV/0!,#DIV/0!,"(0,01)"
,MASUK TANGGAL,,,26/08/2025,26/08/2025,,,,,,,,,,,
,DICEK TANGGAL,,,26/08/2025,26/08/2025,,,,,,,,,,,
26/08/2025,Quinos,,"147.840,00","42.735,00","289.905,00",,,,,,,,,,"35.805,00","516.285,00"
,SETTLEMENT,,"147.840,00","42.735,00","289.905,00",,,,,,,,,,,"480.480,00"
,SELISIH,"0,00","0,00","0,00","0,00","0,00","0,00","0,00","0,00","0,00","0,00","0,00","0,00","0,00","(35.805,00)","(35.805,00)"
,REK KORAN,,"144.883,00","42.307,65","287.875,67",,,,,,,,,,,"475.066,32"
,SELISIH (FEE),"0,00","(2.957,00)","(427,35)","(2.029,33)","0,00","0,00","0,00","0,00",,"0,00","0,00","0,00","0,00","(35.805,00)","(41.218,68)"
,Fee (%),#DIV/0!,"-2,00%","-1,00%","-0,70%",#DIV/0!,#DIV/0!,#DIV/0!,#DIV/0!,,#DIV/0!,#DIV/0!,#DIV/0!,#DIV/0!,"-100,00%","(0,09)"
,MASUK TANGGAL,,27/08/2025,27/08/2025,27/08/2025,,,,,,,,,,,
,DICEK TANGGAL,,02/09/2025,02/09/2025,02/09/2025,,,,,,,,,,,
27/08/2025,Quinos,,,"45.045,00","827.650,00",,,,,,,,,,,"872.695,00"
,SETTLEMENT,,,"45.045,00","827.650,00",,,,,,,,,,,"872.695,00"
,SELISIH,"0,00","0,00","0,00","0,00","0,00","0,00","0,00","0,00","0,00","0,00","0,00","0,00","0,00","0,00","0,00"
,REK KORAN,"140.425,00",,"44.594,55","821.856,46",,,,,,,,,,,"866.451,01"
,SELISIH (FEE),"140.425,00","0,00","(450,45)","(5.793,54)","0,00","0,00","0,00","0,00",,"0,00","0,00","0,00","0,00","0,00","(6.243,99)"
,Fee (%),#DIV/0!,#DIV/0!,"-1,00%","-0,70%",#DIV/0!,#DIV/0!,#DIV/0!,#DIV/0!,,#DIV/0!,#DIV/0!,#DIV/0!,#DIV/0!,#DIV/0!,"(0,01)"
,MASUK TANGGAL,,,28/08/2025,28/08/2025,,,,,,,,,,,
,DICEK TANGGAL,,,02/09/2025,02/09/2025,,,,,,,,,,,
28/08/2025,Quinos,,,,"629.741,00",,,,,,,,,,,"629.741,00"
,SETTLEMENT,,,,"629.741,00",,,,,,,,,,,"629.741,00"
,SELISIH,"0,00","0,00","0,00","0,00","0,00","0,00","0,00","0,00","0,00","0,00","0,00","0,00","0,00","0,00","0,00"
,REK KORAN,,,,"625.332,82",,,,,,,,,,,"625.332,82"
,SELISIH (FEE),"0,00","0,00","0,00","(4.408,18)","0,00","0,00","0,00","0,00",,"0,00","0,00","0,00","0,00","0,00","(4.408,18)"
,Fee (%),#DIV/0!,#DIV/0!,#DIV/0!,"-0,70%",#DIV/0!,#DIV/0!,#DIV/0!,#DIV/0!,,#DIV/0!,#DIV/0!,#DIV/0!,#DIV/0!,#DIV/0!,"(0,01)"
,MASUK TANGGAL,,,,29/08/2025,,,,,,,,,,,
,DICEK TANGGAL,,,,06/09/2025,,,,,,,,,,,
29/08/2025,Quinos,,"378.795,00","188.265,00","632.105,00",,,,,,,,,,,"1.199.165,00"
,SETTLEMENT,,"378.795,00","188.265,00","632.105,00",,,,,,,,,,,"1.199.165,00"
,SELISIH,"0,00","0,00","0,00","0,00","0,00","0,00","0,00","0,00","0,00","0,00","0,00","0,00","0,00","0,00","0,00"
,REK KORAN,,"371.220,00","186.382,35","627.680,27",,,,,,,,,,,"1.185.282,62"
,SELISIH (FEE),"0,00","(7.575,00)","(1.882,65)","(4.424,73)","0,00","0,00","0,00","0,00",,"0,00","0,00","0,00","0,00","0,00","(13.882,38)"
,Fee (%),#DIV/0!,"-2,00%","-1,00%","-0,70%",#DIV/0!,#DIV/0!,#DIV/0!,#DIV/0!,,#DIV/0!,#DIV/0!,#DIV/0!,#DIV/0!,#DIV/0!,"(0,01)"
,MASUK TANGGAL,,30/08/2025,30/08/2025,30/08/2025,,,,,,,,,,,
,DICEK TANGGAL,,06/09/2025,06/09/2025,06/09/2025,,,,,,,,,,,
30/08/2025,Quinos,,"321.090,00","127.050,00","1.767.790,00",,,,,,,,,,,"2.215.930,00"
,SETTLEMENT,,"321.090,00","210.210,00","1.684.630,00",,,,,,,,,,,"2.215.930,00"
,SELISIH,"0,00","0,00","83.160,00","(83.160,00)","0,00","0,00","0,00","0,00","0,00","0,00","0,00","0,00","0,00","0,00","0,00"
,REK KORAN,,"314.668,00","209.472,54","1.672.837,59",,,,,,,,,,,"2.196.978,13"
,SELISIH (FEE),"0,00","(6.422,00)","(737,46)","(11.792,41)","0,00","0,00","0,00","0,00",,"0,00","0,00","0,00","0,00","0,00","(18.951,87)"
,Fee (%),#DIV/0!,"-2,00%","-0,35%","-0,70%",#DIV/0!,#DIV/0!,#DIV/0!,#DIV/0!,,#DIV/0!,#DIV/0!,#DIV/0!,#DIV/0!,#DIV/0!,"(0,01)"
,MASUK TANGGAL,,31/08/2025,31/08/2025,31/08/2025,,,,,,,,,,,
,DICEK TANGGAL,,06/09/2025,06/09/2025,06/09/2025,,,,,,,,,,,
31/08/2025,Quinos,,"79.695,00","130.515,00","1.380.750,00",,,,,,,,,,,"1.590.960,00"
,SETTLEMENT,,"79.695,00","130.515,00","1.380.750,00",,,,,,,,,,,"1.590.960,00"
,SELISIH,"0,00","0,00","0,00","0,00","0,00","0,00","0,00","0,00","0,00","0,00","0,00","0,00","0,00","0,00","0,00"
,REK KORAN,,"78.101,00","129.553,47","1.371.084,76",,,,,,,,,,,"1.578.739,23"
,SELISIH (FEE),"0,00","(1.594,00)","(961,53)","(9.665,24)","0,00","0,00","0,00","0,00",,"0,00","0,00","0,00","0,00","0,00","(12.220,77)"
,Fee (%),#DIV/0!,"-2,00%","-0,74%","-0,70%",#DIV/0!,#DIV/0!,#DIV/0!,#DIV/0!,,#DIV/0!,#DIV/0!,#DIV/0!,#DIV/0!,#DIV/0!,"(0,01)"
,MASUK TANGGAL,,01/09/2025,01/09/2025,01/09/2025,,,,,,,,,,,
,DICEK TANGGAL,,06/09/2025,06/09/2025,06/09/2025,,,,,,,,,,,
01/09/2025,Quinos,,"86.625,00","91.245,00","630.630,00",,,,,,,,,,,"808.500,00"
,SETTLEMENT,,"86.625,00","91.245,00","630.630,00",,,,,,,,,,,"808.500,00"
,SELISIH,"0,00","0,00","0,00","0,00","0,00","0,00","0,00","0,00","0,00","0,00","0,00","0,00","0,00","0,00","0,00"
,REK KORAN,,"84.893,00","90.332,55","626.215,59",,,,,,,,,,,"801.441,14"
,SELISIH (FEE),"0,00","(1.732,00)","(912,45)","(4.414,41)","0,00","0,00","0,00","0,00",,"0,00","0,00","0,00","0,00","0,00","(7.058,86)"
,Fee (%),#DIV/0!,"-2,00%","-1,00%","-0,70%",#DIV/0!,#DIV/0!,#DIV/0!,#DIV/0!,,#DIV/0!,#DIV/0!,#DIV/0!,#DIV/0!,#DIV/0!,"(0,01)"
,MASUK TANGGAL,,02/09/2025,02/09/2025,02/09/2025,,,,,,,,,,,
,DICEK TANGGAL,,06/09/2025,06/09/2025,06/09/2025,,,,,,,,,,,
02/09/2025,Quinos,,"42.735,00","79.695,00","228.205,00",,,,,,,,,,,"350.635,00"
,SETTLEMENT,,"42.735,00","79.695,00","228.205,00",,,,,,,,,,,"350.635,00"
,SELISIH,"0,00","0,00","0,00","0,00","0,00","0,00","0,00","0,00","0,00","0,00","0,00","0,00","0,00","0,00","0,00"
,REK KORAN,,"41.667,00","79.575,46","226.607,57",,,,,,,,,,,"347.850,03"
,SELISIH (FEE),"0,00","(1.068,00)","(119,54)","(1.597,43)","0,00","0,00","0,00","0,00",,"0,00","0,00","0,00","0,00","0,00","(2.784,97)"
,Fee (%),#DIV/0!,"-2,50%","-0,15%","-0,70%",#DIV/0!,#DIV/0!,#DIV/0!,#DIV/0!,,#DIV/0!,#DIV/0!,#DIV/0!,#DIV/0!,#DIV/0!,"(0,01)"
,MASUK TANGGAL,,03/09/2025,03/09/2025,03/09/2025,,,,,,,,,,,
,DICEK TANGGAL,,06/09/2025,06/09/2025,06/09/2025,,,,,,,,,,,
03/09/2025,Quinos,,,"80.850,00","676.230,00",,,,,,,,,,,"757.080,00"
,SETTLEMENT,,,"80.850,00","676.230,00",,,,,,,,,,,"757.080,00"
,SELISIH,"0,00","0,00","0,00","0,00","0,00","0,00","0,00","0,00","0,00","0,00","0,00","0,00","0,00","0,00","0,00"
,REK KORAN,,,"80.728,73","671.496,40",,,,,,,,,,,"752.225,13"
,SELISIH (FEE),"0,00","0,00","(121,27)","(4.733,60)","0,00","0,00","0,00","0,00",,"0,00","0,00","0,00","0,00","0,00","(4.854,87)"
,Fee (%),#DIV/0!,#DIV/0!,"-0,15%","-0,70%",#DIV/0!,#DIV/0!,#DIV/0!,#DIV/0!,,#DIV/0!,#DIV/0!,#DIV/0!,#DIV/0!,#DIV/0!,"(0,01)"
,MASUK TANGGAL,,,04/09/2025,04/09/2025,,,,,,,,,,,
,DICEK TANGGAL,,,06/09/2025,06/09/2025,,,,,,,,,,,
04/09/2025,Quinos,,"56.595,00","117.810,00","614.460,00",,,,,,,,,,,"788.865,00"
,SETTLEMENT,,"56.595,00","117.810,00","614.460,00",,,,,,,,,,,"788.865,00"
,SELISIH,"0,00","0,00","0,00","0,00","0,00","0,00","0,00","0,00","0,00","0,00","0,00","0,00","0,00","0,00","0,00"
,REK KORAN,,"55.746,00","116.631,90","610.158,79",,,,,,,,,,,"782.536,69"
,SELISIH (FEE),"0,00","(849,00)","(1.178,10)","(4.301,21)","0,00","0,00","0,00","0,00",,"0,00","0,00","0,00","0,00","0,00","(6.328,31)"
,Fee (%),#DIV/0!,"-1,50%","-1,00%","-0,70%",#DIV/0!,#DIV/0!,#DIV/0!,#DIV/0!,,#DIV/0!,#DIV/0!,#DIV/0!,#DIV/0!,#DIV/0!,"(0,01)"
,MASUK TANGGAL,,05/09/2025,05/09/2025,05/09/2025,,,,,,,,,,,
,DICEK TANGGAL,,06/09/2025,06/09/2025,06/09/2025,,,,,,,,,,,
05/09/2025,Quinos,,"220.605,00","554.470,00","2.716.560,00",,,,,,,,,,,"3.491.635,00"
,SETTLEMENT,,"220.605,00","554.470,00","2.716.560,00",,,,,,,,,,,"3.491.635,00"
,SELISIH,"0,00","0,00","0,00","0,00","0,00","0,00","0,00","0,00","0,00","0,00","0,00","0,00","0,00","0,00","0,00"
,REK KORAN,,"216.194,00","553.235,78","2.697.544,09",,,,,,,,,,,"3.466.973,87"
,SELISIH (FEE),"0,00","(4.411,00)","(1.234,22)","(19.015,91)","0,00","0,00","0,00","0,00",,"0,00","0,00","0,00","0,00","0,00","(24.661,13)"
,Fee (%),#DIV/0!,"-2,00%","-0,22%","-0,70%",#DIV/0!,#DIV/0!,#DIV/0!,#DIV/0!,,#DIV/0!,#DIV/0!,#DIV/0!,#DIV/0!,#DIV/0!,"(0,01)"
,MASUK TANGGAL,,06/09/2025,06/09/2025,06/09/2025,,,,,,,,,,,
,DICEK TANGGAL,,06/09/2025,06/09/2025,06/09/2025,,,,,,,,,,,
06/09/2025,Quinos,,"491.545,00","132.825,00","1.504.965,00",,,,,,,,,,,"2.129.335,00"
,SETTLEMENT,,"491.545,00","132.825,00","1.504.965,00",,,,,,,,,,,"2.129.335,00"
,SELISIH,"0,00","0,00","0,00","0,00","0,00","0,00","0,00","0,00","0,00","0,00","0,00","0,00","0,00","0,00","0,00"
,REK KORAN,,"481.714,00","132.242,88","1.494.430,25",,,,,,,,,,,"2.108.387,13"
,SELISIH (FEE),"0,00","(9.831,00)","(582,12)","(10.534,75)","0,00","0,00","0,00","0,00",,"0,00","0,00","0,00","0,00","0,00","(20.947,87)"
,Fee (%),#DIV/0!,"-2,00%","-0,44%","-0,70%",#DIV/0!,#DIV/0!,#DIV/0!,#DIV/0!,,#DIV/0!,#DIV/0!,#DIV/0!,#DIV/0!,#DIV/0!,"(0,01)"
,MASUK TANGGAL,,07/09/2025,07/09/2025,07/09/2025,,,,,,,,,,,
,DICEK TANGGAL,,08/09/2025,08/09/2025,08/09/2025,,,,,,,,,,,
07/09/2025,Quinos,,"197.505,00","435.360,00","1.041.720,00",,,,,,,,,,,"1.674.585,00"
,SETTLEMENT,,"197.505,00","435.360,00","1.041.720,00",,,,,,,,,,,"1.674.585,00"
,SELISIH,"0,00","0,00","0,00","0,00","0,00","0,00","0,00","0,00","0,00","0,00","0,00","0,00","0,00","0,00","0,00"
,REK KORAN,,"193.556,00","433.608,05","1.034.427,97",,,,,,,,,,,"1.661.592,02"
,SELISIH (FEE),"0,00","(3.949,00)","(1.751,95)","(7.292,03)","0,00","0,00","0,00","0,00",,"0,00","0,00","0,00","0,00","0,00","(12.992,98)"
,Fee (%),#DIV/0!,"-2,00%","-0,40%","-0,70%",#DIV/0!,#DIV/0!,#DIV/0!,#DIV/0!,,#DIV/0!,#DIV/0!,#DIV/0!,#DIV/0!,#DIV/0!,"(0,01)"
,MASUK TANGGAL,,08/09/2025,08/09/2025,08/09/2025,,,,,,,,,,,
,DICEK TANGGAL,,08/09/2025,08/09/2025,08/09/2025,,,,,,,,,,,
08/09/2025,Quinos,,"36.960,00",,"535.920,00",,,,,,,,,,,"572.880,00"
,SETTLEMENT,,"36.960,00",,"535.920,00",,,,,,,,,,,"572.880,00"
,SELISIH,"0,00","0,00","0,00","0,00","0,00","0,00","0,00","0,00","0,00","0,00","0,00","0,00","0,00","0,00","0,00"
,REK KORAN,,"36.221,00",,"532.168,57",,,,,,,,,,,"568.389,57"
,SELISIH (FEE),"0,00","(739,00)","0,00","(3.751,43)","0,00","0,00","0,00","0,00",,"0,00","0,00","0,00","0,00","0,00","(4.490,43)"
,Fee (%),#DIV/0!,"-2,00%",#DIV/0!,"-0,70%",#DIV/0!,#DIV/0!,#DIV/0!,#DIV/0!,,#DIV/0!,#DIV/0!,#DIV/0!,#DIV/0!,#DIV/0!,"(0,01)"
,MASUK TANGGAL,,09/09/2025,09/09/2025,09/09/2025,,,,,,,,,,,
,DICEK TANGGAL,,15/09/2025,15/09/2025,15/09/2025,,,,,,,,,,,
09/09/2025,Quinos,,"130.000,00","100.000,00","562.045,00",,,,,,,,,,,"792.045,00"
,SETTLEMENT,,"130.000,00","100.000,00","562.045,00",,,,,,,,,,,"792.045,00"
,SELISIH,"0,00","0,00","0,00","0,00","0,00","0,00","0,00","0,00","0,00","0,00","0,00","0,00","0,00","0,00","0,00"
,REK KORAN,,"128.050,00","99.850,00","558.110,69",,,,,,,,,,,"786.010,69"
,SELISIH (FEE),"0,00","(1.950,00)","(150,00)","(3.934,31)","0,00","0,00","0,00","0,00",,"0,00","0,00","0,00","0,00","0,00","(6.034,31)"
,Fee (%),#DIV/0!,"-1,50%","-0,15%","-0,70%",#DIV/0!,#DIV/0!,#DIV/0!,#DIV/0!,,#DIV/0!,#DIV/0!,#DIV/0!,#DIV/0!,#DIV/0!,"(0,01)"
,MASUK TANGGAL,,10/09/2025,10/09/2025,10/09/2025,,,,,,,,,,,
,DICEK TANGGAL,,15/09/2025,15/09/2025,15/09/2025,,,,,,,,,,,
10/09/2025,Quinos,,"35.805,00","69.300,00","703.670,00",,,,,,,,,,,"808.775,00"
,SETTLEMENT,,"35.805,00","69.300,00","703.670,00",,,,,,,,,,,"808.775,00"
,SELISIH,"0,00","0,00","0,00","0,00","0,00","0,00","0,00","0,00","0,00","0,00","0,00","0,00","0,00","0,00","0,00"
,REK KORAN,,"35.089,00","68.607,00","698.744,32",,,,,,,,,,,"802.440,32"
,SELISIH (FEE),"0,00","(716,00)","(693,00)","(4.925,68)","0,00","0,00","0,00","0,00",,"0,00","0,00","0,00","0,00","0,00","(6.334,68)"
,Fee (%),#DIV/0!,"-2,00%","-1,00%","-0,70%",#DIV/0!,#DIV/0!,#DIV/0!,#DIV/0!,,#DIV/0!,#DIV/0!,#DIV/0!,#DIV/0!,#DIV/0!,"(0,01)"
,MASUK TANGGAL,,11/09/2025,11/09/2025,11/09/2025,,,,,,,,,,,
,DICEK TANGGAL,,15/09/2025,15/09/2025,15/09/2025,,,,,,,,,,,
11/09/2025,Quinos,,"61.215,00","46.200,00","401.940,00",,,,,,,,,,,"509.355,00"
,SETTLEMENT,,"61.215,00","46.200,00","401.940,00",,,,,,,,,,,"509.355,00"
,SELISIH,"0,00","0,00","0,00","0,00","0,00","0,00","0,00","0,00","0,00","0,00","0,00","0,00","0,00","0,00","0,00"
,REK KORAN,,"59.991,00","46.130,70","399.126,43",,,,,,,,,,,"505.248,13"
,SELISIH (FEE),"0,00","(1.224,00)","(69,30)","(2.813,57)","0,00","0,00","0,00","0,00",,"0,00","0,00","0,00","0,00","0,00","(4.106,87)"
,Fee (%),#DIV/0!,"-2,00%","-0,15%","-0,70%",#DIV/0!,#DIV/0!,#DIV/0!,#DIV/0!,,#DIV/0!,#DIV/0!,#DIV/0!,#DIV/0!,#DIV/0!,"(0,01)"
,MASUK TANGGAL,,12/09/2025,12/09/2025,12/09/2025,,,,,,,,,,,
,DICEK TANGGAL,,15/09/2025,15/09/2025,15/09/2025,,,,,,,,,,,
12/09/2025,Quinos,,"180.180,00",,"809.655,00",,,,,,,,,,,"989.835,00"
,SETTLEMENT,,"180.180,00",,"809.655,00",,,,,,,,,,,"989.835,00"
,SELISIH,"0,00","0,00","0,00","0,00","0,00","0,00","0,00","0,00","0,00","0,00","0,00","0,00","0,00","0,00","0,00"
,REK KORAN,,"176.577,00",,"803.987,42",,,,,,,,,,,"980.564,42"
,SELISIH (FEE),"0,00","(3.603,00)","0,00","(5.667,58)","0,00","0,00","0,00","0,00",,"0,00","0,00","0,00","0,00","0,00","(9.270,58)"
,Fee (%),#DIV/0!,"-2,00%",#DIV/0!,"-0,70%",#DIV/0!,#DIV/0!,#DIV/0!,#DIV/0!,,#DIV/0!,#DIV/0!,#DIV/0!,#DIV/0!,#DIV/0!,"(0,01)"
,MASUK TANGGAL,,13/09/2025,,13/09/2025,,,,,,,,,,,
,DICEK TANGGAL,,15/09/2025,,15/09/2025,,,,,,,,,,,
13/09/2025,Quinos,,"166.320,00","189.420,00","1.448.995,00",,,,,,,,,,,"1.804.735,00"
,SETTLEMENT,,"166.320,00","189.420,00","1.448.995,00",,,,,,,,,,,"1.804.735,00"
,SELISIH,"0,00","0,00","0,00","0,00","0,00","0,00","0,00","0,00","0,00","0,00","0,00","0,00","0,00","0,00","0,00"
,REK KORAN,,"162.994,00","188.222,85","1.438.852,04",,,,,,,,,,,"1.790.068,89"
,SELISIH (FEE),"0,00","(3.326,00)","(1.197,15)","(10.142,96)","0,00","0,00","0,00","0,00",,"0,00","0,00","0,00","0,00","0,00","(14.666,11)"
,Fee (%),#DIV/0!,"-2,00%","-0,63%","-0,70%",#DIV/0!,#DIV/0!,#DIV/0!,#DIV/0!,,#DIV/0!,#DIV/0!,#DIV/0!,#DIV/0!,#DIV/0!,"(0,01)"
,MASUK TANGGAL,,14/09/2025,14/09/2025,14/09/2025,,,,,,,,,,,
,DICEK TANGGAL,,15/09/2025,15/09/2025,15/09/2025,,,,,,,,,,,
14/09/2025,Quinos,,"580.480,00","390.390,00","1.752.775,00",,,,,,,,,,,"2.723.645,00"
,SETTLEMENT,,"580.480,00","390.390,00","1.752.775,00",,,,,,,,,,,"2.723.645,00"
,SELISIH,"0,00","0,00","0,00","0,00","0,00","0,00","0,00","0,00","0,00","0,00","0,00","0,00","0,00","0,00","0,00"
,REK KORAN,,"569.212,00","387.654,39","1.740.505,58",,,,,,,,,,,"2.697.371,97"
,SELISIH (FEE),"0,00","(11.268,00)","(2.735,61)","(12.269,42)","0,00","0,00","0,00","0,00",,"0,00","0,00","0,00","0,00","0,00","(26.273,03)"
,Fee (%),#DIV/0!,"-1,94%","-0,70%","-0,70%",#DIV/0!,#DIV/0!,#DIV/0!,#DIV/0!,,#DIV/0!,#DIV/0!,#DIV/0!,#DIV/0!,#DIV/0!,"(0,01)"
,MASUK TANGGAL,,15/09/2025,15/09/2025,15/09/2025,,,,,,,,,,,
,DICEK TANGGAL,,15/09/2025,15/09/2025,15/09/2025,,,,,,,,,,,
15/09/2025,Quinos,,,"199.815,00","360.360,00",,,,,,,,,,,"560.175,00"
,SETTLEMENT,,,"199.815,00","360.360,00",,,,,,,,,,,"560.175,00"
,SELISIH,"0,00","0,00","0,00","0,00","0,00","0,00","0,00","0,00","0,00","0,00","0,00","0,00","0,00","0,00","0,00"
,REK KORAN,,,"198.297,91","357.837,49",,,,,,,,,,,"556.135,40"
,SELISIH (FEE),"0,00","0,00","(1.517,09)","(2.522,51)","0,00","0,00","0,00","0,00",,"0,00","0,00","0,00","0,00","0,00","(4.039,60)"
,Fee (%),#DIV/0!,#DIV/0!,"-0,76%","-0,70%",#DIV/0!,#DIV/0!,#DIV/0!,#DIV/0!,,#DIV/0!,#DIV/0!,#DIV/0!,#DIV/0!,#DIV/0!,"(0,01)"
,MASUK TANGGAL,,,16/09/2025,16/09/2025,,,,,,,,,,,
,DICEK TANGGAL,,,19/09/2025,19/09/2025,,,,,,,,,,,
16/09/2025,Quinos,,,,"202.125,00",,,,,,,,,,,"202.125,00"
,SETTLEMENT,,,,"202.125,00",,,,,,,,,,,"202.125,00"
,SELISIH,"0,00","0,00","0,00","0,00","0,00","0,00","0,00","0,00","0,00","0,00","0,00","0,00","0,00","0,00","0,00"
,REK KORAN,,,,"200.710,13",,,,,,,,,,,"200.710,13"
,SELISIH (FEE),"0,00","0,00","0,00","(1.414,87)","0,00","0,00","0,00","0,00",,"0,00","0,00","0,00","0,00","0,00","(1.414,87)"
,Fee (%),#DIV/0!,#DIV/0!,#DIV/0!,"-0,70%",#DIV/0!,#DIV/0!,#DIV/0!,#DIV/0!,,#DIV/0!,#DIV/0!,#DIV/0!,#DIV/0!,#DIV/0!,"(0,01)"
,MASUK TANGGAL,,,,17/09/2025,,,,,,,,,,,
,DICEK TANGGAL,,,,19/09/2025,,,,,,,,,,,
17/09/2025,Quinos,,,,"493.185,00",,,,,,,,,,,"493.185,00"
,SETTLEMENT,,,,"493.185,00",,,,,,,,,,,"493.185,00"
,SELISIH,"0,00","0,00","0,00","0,00","0,00","0,00","0,00","0,00","0,00","0,00","0,00","0,00","0,00","0,00","0,00"
,REK KORAN,,,,"489.732,71",,,,,,,,,,,"489.732,71"
,SELISIH (FEE),"0,00","0,00","0,00","(3.452,29)","0,00","0,00","0,00","0,00",,"0,00","0,00","0,00","0,00","0,00","(3.452,29)"
,Fee (%),#DIV/0!,#DIV/0!,#DIV/0!,"-0,70%",#DIV/0!,#DIV/0!,#DIV/0!,#DIV/0!,,#DIV/0!,#DIV/0!,#DIV/0!,#DIV/0!,#DIV/0!,"(0,01)"
,MASUK TANGGAL,,,,18/09/2025,,,,,,,,,,,
,DICEK TANGGAL,,,,19/09/2025,,,,,,,,,,,
18/09/2025,Quinos,,"40.425,00",,"414.645,00",,,,,,,,,,,"455.070,00"
,SETTLEMENT,,"40.425,00",,"414.645,00",,,,,,,,,,,"455.070,00"
,SELISIH,"0,00","0,00","0,00","0,00","0,00","0,00","0,00","0,00","0,00","0,00","0,00","0,00","0,00","0,00","0,00"
,REK KORAN,,"40.364,37",,"411.742,50",,,,,,,,,,,"452.106,87"
,SELISIH (FEE),"0,00","(60,63)","0,00","(2.902,50)","0,00","0,00","0,00","0,00",,"0,00","0,00","0,00","0,00","0,00","(2.963,13)"
,Fee (%),#DIV/0!,"-0,15%",#DIV/0!,"-0,70%",#DIV/0!,#DIV/0!,#DIV/0!,#DIV/0!,,#DIV/0!,#DIV/0!,#DIV/0!,#DIV/0!,#DIV/0!,"(0,01)"
,MASUK TANGGAL,,19/09/2025,,19/09/2025,,,,,,,,,,,
,DICEK TANGGAL,,19/09/2025,,19/09/2025,,,,,,,,,,,
19/09/2025,Quinos,,"225.470,00",,"264.495,00",,,,,,,,,,,"489.965,00"
,SETTLEMENT,,"225.470,00",,"264.495,00",,,,,,,,,,,"489.965,00"
,SELISIH,"0,00","0,00","0,00","0,00","0,00","0,00","0,00","0,00","0,00","0,00","0,00","0,00","0,00","0,00","0,00"
,REK KORAN,,"220.961,00",,"262.643,54",,,,,,,,,,,"483.604,54"
,SELISIH (FEE),"0,00","(4.509,00)","0,00","(1.851,46)","0,00","0,00","0,00","0,00",,"0,00","0,00","0,00","0,00","0,00","(6.360,46)"
,Fee (%),#DIV/0!,"-2,00%",#DIV/0!,"-0,70%",#DIV/0!,#DIV/0!,#DIV/0!,#DIV/0!,,#DIV/0!,#DIV/0!,#DIV/0!,#DIV/0!,#DIV/0!,"(0,01)"
,MASUK TANGGAL,,20/09/2025,,20/09/2025,,,,,,,,,,,
,DICEK TANGGAL,,20/09/2025,,20/09/2025,,,,,,,,,,,
20/09/2025,Quinos,"240.425,00","364.980,00","292.215,00","1.404.635,00",,,,,,,,,,,"2.302.255,00"
,SETTLEMENT,,"364.980,00","292.215,00","1.404.635,00",,,,,,,,,,,"2.061.830,00"
,SELISIH,"(240.425,00)","0,00","0,00","0,00","0,00","0,00","0,00","0,00","0,00","0,00","0,00","0,00","0,00","0,00","(240.425,00)"
,REK KORAN,,"357.681,00","291.433,07","1.394.802,56",,,,,,,,,,,"2.043.916,63"
,SELISIH (FEE),"0,00","(7.299,00)","(781,93)","(9.832,44)","0,00","0,00","0,00","0,00",,"0,00","0,00","0,00","0,00","0,00","(17.913,37)"
,Fee (%),#DIV/0!,"-2,00%","-0,27%","-0,70%",#DIV/0!,#DIV/0!,#DIV/0!,#DIV/0!,,#DIV/0!,#DIV/0!,#DIV/0!,#DIV/0!,#DIV/0!,"(0,01)"
,MASUK TANGGAL,,20/09/2025,20/09/2025,20/09/2025,,,,,,,,,,,
,DICEK TANGGAL,,,,,,,,,,,,,,,
21/09/2025,Quinos,,"343.310,00","219.450,00","2.117.115,00",,,,,,,,,,,"2.679.875,00"
,SETTLEMENT,,"343.310,00","219.450,00","2.117.115,00",,,,,,,,,,,"2.679.875,00"
,SELISIH,"0,00","0,00","0,00","0,00","0,00","0,00","0,00","0,00","0,00","0,00","0,00","0,00","0,00","0,00","0,00"
,REK KORAN,,"336.444,00","218.806,67","2.102.295,21",,,,,,,,,,,"2.657.545,88"
,SELISIH (FEE),"0,00","(6.866,00)","(643,33)","(14.819,79)","0,00","0,00","0,00","0,00",,"0,00","0,00","0,00","0,00","0,00","(22.329,12)"
,Fee (%),#DIV/0!,"-2,00%","-0,29%","-0,70%",#DIV/0!,#DIV/0!,#DIV/0!,#DIV/0!,,#DIV/0!,#DIV/0!,#DIV/0!,#DIV/0!,#DIV/0!,"(0,01)"
,MASUK TANGGAL,,,,,,,,,,,,,,,
,DICEK TANGGAL,,,,,,,,,,,,,,,
22/09/2025,Quinos,,"101.640,00",,"293.370,00",,,,,,,,,,,"395.010,00"
,SETTLEMENT,,"101.640,00",,"293.370,00",,,,,,,,,,,"395.010,00"
,SELISIH,"0,00","0,00","0,00","0,00","0,00","0,00","0,00","0,00","0,00","0,00","0,00","0,00","0,00","0,00","0,00"
,REK KORAN,,"99.607,00",,"291.316,41",,,,,,,,,,,"390.923,41"
,SELISIH (FEE),"0,00","(2.033,00)","0,00","(2.053,59)","0,00","0,00","0,00","0,00",,"0,00","0,00","0,00","0,00","0,00","(4.086,59)"
,Fee (%),#DIV/0!,"-2,00%",#DIV/0!,"-0,70%",#DIV/0!,#DIV/0!,#DIV/0!,#DIV/0!,,#DIV/0!,#DIV/0!,#DIV/0!,#DIV/0!,#DIV/0!,"(0,01)"
,MASUK TANGGAL,,,,,,,,,,,,,,,
,DICEK TANGGAL,,,,,,,,,,,,,,,
23/09/2025,Quinos,,"155.045,00","254.655,00","356.455,00",,,,,,,,,,,"766.155,00"
,SETTLEMENT,,"155.045,00","254.655,00","356.455,00",,,,,,,,,,,"766.155,00"
,SELISIH,"0,00","0,00","0,00","0,00","0,00","0,00","0,00","0,00","0,00","0,00","0,00","0,00","0,00","0,00","0,00"
,REK KORAN,,"151.944,00","254.273,02","353.959,83",,,,,,"240.425,00",,,,,"1.000.601,85"
,SELISIH (FEE),"0,00","(3.101,00)","(381,98)","(2.495,17)","0,00","0,00","0,00","0,00",,"240.425,00","0,00","0,00","0,00","0,00","234.446,85"
,Fee (%),#DIV/0!,"-2,00%","-0,15%","-0,70%",#DIV/0!,#DIV/0!,#DIV/0!,#DIV/0!,,#DIV/0!,#DIV/0!,#DIV/0!,#DIV/0!,#DIV/0!,"0,31"
,MASUK TANGGAL,,,,,,,,,,,,,,,
,DICEK TANGGAL,,,,,,,,,,,,,,,
24/09/2025,Quinos,,,"83.160,00","373.065,00",,,,,,,,,,,"456.225,00"
,SETTLEMENT,,,"83.160,00","373.065,00",,,,,,,,,,,"456.225,00"
,SELISIH,"0,00","0,00","0,00","0,00","0,00","0,00","0,00","0,00","0,00","0,00","0,00","0,00","0,00","0,00","0,00"
,REK KORAN,,,"82.672,02","370.453,55",,,,,,,,,,,"453.125,57"
,SELISIH (FEE),"0,00","0,00","(487,98)","(2.611,45)","0,00","0,00","0,00","0,00",,"0,00","0,00","0,00","0,00","0,00","(3.099,43)"
,Fee (%),#DIV/0!,#DIV/0!,"-0,59%","-0,70%",#DIV/0!,#DIV/0!,#DIV/0!,#DIV/0!,,#DIV/0!,#DIV/0!,#DIV/0!,#DIV/0!,#DIV/0!,"(0,01)"
,MASUK TANGGAL,,,,,,,,,,,,,,,
,DICEK TANGGAL,,,,,,,,,,,,,,,
25/09/2025,Quinos,,"35.805,00","168.630,00","746.405,00",,,,,,,,,,,"950.840,00"
,SETTLEMENT,,"35.805,00","168.630,00","746.405,00",,,,,,,,,,,"950.840,00"
,SELISIH,"0,00","0,00","0,00","0,00","0,00","0,00","0,00","0,00","0,00","0,00","0,00","0,00","0,00","0,00","0,00"
,REK KORAN,,"35.268,00","168.033,45","741.180,17",,,,,,,,,,,"944.481,62"
,SELISIH (FEE),"0,00","(537,00)","(596,55)","(5.224,83)","0,00","0,00","0,00","0,00",,"0,00","0,00","0,00","0,00","0,00","(6.358,38)"
,Fee (%),#DIV/0!,"-1,50%","-0,35%","-0,70%",#DIV/0!,#DIV/0!,#DIV/0!,#DIV/0!,,#DIV/0!,#DIV/0!,#DIV/0!,#DIV/0!,#DIV/0!,"(0,01)"
,MASUK TANGGAL,,,,,,,,,,,,,,,
,DICEK TANGGAL,,,,,,,,,,,,,,,
26/09/2025,Quinos,,"45.045,00","278.540,00","754.215,00",,,,,,,,,,,"1.077.800,00"
,SETTLEMENT,,"45.045,00","278.540,00","754.215,00",,,,,,,,,,,"1.077.800,00"
,SELISIH,"0,00","0,00","0,00","0,00","0,00","0,00","0,00","0,00","0,00","0,00","0,00","0,00","0,00","0,00","0,00"
,REK KORAN,,"44.144,00","278.122,19","748.935,50",,,,,,,,,,,"1.071.201,69"
,SELISIH (FEE),"0,00","(901,00)","(417,81)","(5.279,50)","0,00","0,00","0,00","0,00",,"0,00","0,00","0,00","0,00","0,00","(6.598,31)"
,Fee (%),#DIV/0!,"-2,00%","-0,15%","-0,70%",#DIV/0!,#DIV/0!,#DIV/0!,#DIV/0!,,#DIV/0!,#DIV/0!,#DIV/0!,#DIV/0!,#DIV/0!,"(0,01)"
,MASUK TANGGAL,,,,,,,,,,,,,,,
,DICEK TANGGAL,,,,,,,,,,,,,,,
27/09/2025,Quinos,"176.715,00","124.740,00","177.870,00","1.879.065,00",,,,,,,,,,,"2.358.390,00"
,SETTLEMENT,,"124.740,00","177.870,00","1.879.065,00",,,,,,,,,,,"2.181.675,00"
,SELISIH,"(176.715,00)","0,00","0,00","0,00","0,00","0,00","0,00","0,00","0,00","0,00","0,00","0,00","0,00","0,00","(176.715,00)"
,REK KORAN,"176.715,00","122.430,00","177.239,95","1.865.911,55",,,,,,,,,,,"2.165.581,50"
,SELISIH (FEE),"176.715,00","(2.310,00)","(630,05)","(13.153,45)","0,00","0,00","0,00","0,00",,"0,00","0,00","0,00","0,00","0,00","(16.093,50)"
,Fee (%),#DIV/0!,"-1,85%","-0,35%","-0,70%",#DIV/0!,#DIV/0!,#DIV/0!,#DIV/0!,,#DIV/0!,#DIV/0!,#DIV/0!,#DIV/0!,#DIV/0!,"(0,01)"
,MASUK TANGGAL,,,,,,,,,,,,,,,
,DICEK TANGGAL,,,,,,,,,,,,,,,
28/09/2025,Quinos,,"207.900,00","284.130,00","879.275,00",,,,,,,,,,,"1.371.305,00"
,SETTLEMENT,,"207.900,00","284.130,00","879.275,00",,,,,,,,,,,"1.371.305,00"
,SELISIH,"0,00","0,00","0,00","0,00","0,00","0,00","0,00","0,00","0,00","0,00","0,00","0,00","0,00","0,00","0,00"
,REK KORAN,,"203.742,00","282.987,13","873.120,08",,,,,,,,,,,"1.359.849,21"
,SELISIH (FEE),"0,00","(4.158,00)","(1.142,87)","(6.154,92)","0,00","0,00","0,00","0,00",,"0,00","0,00","0,00","0,00","0,00","(11.455,79)"
,Fee (%),#DIV/0!,"-2,00%","-0,40%","-0,70%",#DIV/0!,#DIV/0!,#DIV/0!,#DIV/0!,,#DIV/0!,#DIV/0!,#DIV/0!,#DIV/0!,#DIV/0!,"(0,01)"
,MASUK TANGGAL,,,,,,,,,,,,,,,
,DICEK TANGGAL,,,,,,,,,,,,,,,
29/09/2025,Quinos,,"71.610,00",,"648.595,00",,,,,,,,,,,"720.205,00"
,SETTLEMENT,,"71.610,00",,"648.595,00",,,,,,,,,,,"720.205,00"
,SELISIH,"0,00","0,00","0,00","0,00","0,00","0,00","0,00","0,00","0,00","0,00","0,00","0,00","0,00","0,00","0,00"
,REK KORAN,,"70.178,00",,"644.054,85",,,,,,,,,,,"714.232,85"
,SELISIH (FEE),"0,00","(1.432,00)","0,00","(4.540,15)","0,00","0,00","0,00","0,00",,"0,00","0,00","0,00","0,00","0,00","(5.972,15)"
,Fee (%),#DIV/0!,"-2,00%",#DIV/0!,"-0,70%",#DIV/0!,#DIV/0!,#DIV/0!,#DIV/0!,,#DIV/0!,#DIV/0!,#DIV/0!,#DIV/0!,#DIV/0!,"(0,01)"
,MASUK TANGGAL,,,,,,,,,,,,,,,
,DICEK TANGGAL,,,,,,,,,,,,,,,
30/09/2025,Quinos,,,"97.020,00","639.270,00",,,,,,,,,,,"736.290,00"
,SETTLEMENT,,,"97.020,00","639.270,00",,,,,,,,,,,"736.290,00"
,SELISIH,"0,00","0,00","0,00","0,00","0,00","0,00","0,00","0,00","0,00","0,00","0,00","0,00","0,00","0,00","0,00"
,REK KORAN,,,"96.874,47","634.795,12",,,,,,,,,,,"731.669,59"
,SELISIH (FEE),"0,00","0,00","(145,53)","(4.474,88)","0,00","0,00","0,00","0,00",,"0,00","0,00","0,00","0,00","0,00","(4.620,41)"
,Fee (%),#DIV/0!,#DIV/0!,"-0,15%","-0,70%",#DIV/0!,#DIV/0!,#DIV/0!,#DIV/0!,,#DIV/0!,#DIV/0!,#DIV/0!,#DIV/0!,#DIV/0!,"(0,01)"
,MASUK TANGGAL,,,,,,,,,,,,,,,
,DICEK TANGGAL,,,,,,,,,,,,,,,
01/10/2025,Quinos,,"167.475,00","118.965,00","265.650,00",,,,,,,,,,,"552.090,00"
,SETTLEMENT,,"167.475,00","118.965,00","265.650,00",,,,,,,,,,,"552.090,00"
,SELISIH,"0,00","0,00","0,00","0,00","0,00","0,00","0,00","0,00","0,00","0,00","0,00","0,00","0,00","0,00","0,00"
,REK KORAN,,"164.126,00","118.786,56","263.790,46",,,,,,,,,,,"546.703,02"
,SELISIH (FEE),"0,00","(3.349,00)","(178,44)","(1.859,54)","0,00","0,00","0,00","0,00",,"0,00","0,00","0,00","0,00","0,00","(5.386,98)"
,Fee (%),#DIV/0!,"-2,00%","-0,15%","-0,70%",#DIV/0!,#DIV/0!,#DIV/0!,#DIV/0!,,#DIV/0!,#DIV/0!,#DIV/0!,#DIV/0!,#DIV/0!,"(0,01)"
,MASUK TANGGAL,,,,,,,,,,,,,,,
,DICEK TANGGAL,,,,,,,,,,,,,,,
02/10/2025,Quinos,,"245.000,00","136.290,00","508.200,00",,,,,,,,,,,"889.490,00"
,SETTLEMENT,,"245.000,00","136.290,00","508.200,00",,,,,,,,,,,"889.490,00"
,SELISIH,"0,00","0,00","0,00","0,00","0,00","0,00","0,00","0,00","0,00","0,00","0,00","0,00","0,00","0,00","0,00"
,REK KORAN,,"240.100,00","135.683,05","504.642,61",,,,,,,,,,,"880.425,66"
,SELISIH (FEE),"0,00","(4.900,00)","(606,95)","(3.557,39)","0,00","0,00","0,00","0,00",,"0,00","0,00","0,00","0,00","0,00","(9.064,34)"
,Fee (%),#DIV/0!,"-2,00%","-0,45%","-0,70%",#DIV/0!,#DIV/0!,#DIV/0!,#DIV/0!,,#DIV/0!,#DIV/0!,#DIV/0!,#DIV/0!,#DIV/0!,"(0,01)"
,MASUK TANGGAL,,,,,,,,,,,,,,,
,DICEK TANGGAL,,,,,,,,,,,,,,,
03/10/2025,Quinos,,,"40.425,00","675.950,00",,,,,,,,,,,"716.375,00"
,SETTLEMENT,,,"40.425,00","676.150,00",,,,,,,,,,,"716.575,00"
,SELISIH,"0,00","0,00","0,00","200,00","0,00","0,00","0,00","0,00","0,00","0,00","0,00","0,00","0,00","0,00","200,00"
,REK KORAN,,,"40.364,37","671.416,96",,,,,,,,,,,"711.781,33"
,SELISIH (FEE),"0,00","0,00","(60,63)","(4.733,04)","0,00","0,00","0,00","0,00",,"0,00","0,00","0,00","0,00","0,00","(4.793,67)"
,Fee (%),#DIV/0!,#DIV/0!,"-0,15%","-0,70%",#DIV/0!,#DIV/0!,#DIV/0!,#DIV/0!,,#DIV/0!,#DIV/0!,#DIV/0!,#DIV/0!,#DIV/0!,"(0,01)"
,MASUK TANGGAL,,,,,,,,,,,,,,,
,DICEK TANGGAL,,,,,,,,,,,,,,,
04/10/2025,Quinos,,"149.000,00","281.820,00","2.367.150,00",,,,,,,,,,,"2.797.970,00"
,SETTLEMENT,,"149.000,00","281.820,00","2.367.150,00",,,,,,,,,,,"2.797.970,00"
,SELISIH,"0,00","0,00","0,00","0,00","0,00","0,00","0,00","0,00","0,00","0,00","0,00","0,00","0,00","0,00","0,00"
,REK KORAN,,"146.020,00","281.034,03","2.350.579,96",,,,,,,,,,,"2.777.633,99"
,SELISIH (FEE),"0,00","(2.980,00)","(785,97)","(16.570,04)","0,00","0,00","0,00","0,00",,"0,00","0,00","0,00","0,00","0,00","(20.336,01)"
,Fee (%),#DIV/0!,"-2,00%","-0,28%","-0,70%",#DIV/0!,#DIV/0!,#DIV/0!,#DIV/0!,,#DIV/0!,#DIV/0!,#DIV/0!,#DIV/0!,#DIV/0!,"(0,01)"
,MASUK TANGGAL,,,,,,,,,,,,,,,
,DICEK TANGGAL,,,,,,,,,,,,,,,
05/10/2025,Quinos,,"103.950,00","139.755,00","1.371.305,00",,,,,,,,,,,"1.615.010,00"
,SETTLEMENT,,"103.950,00","139.755,00","1.371.305,00",,,,,,,,,,,"1.615.010,00"
,SELISIH,"0,00","0,00","0,00","0,00","0,00","0,00","0,00","0,00","0,00","0,00","0,00","0,00","0,00","0,00","0,00"
,REK KORAN,,"101.871,00","139.054,50","1.361.705,88",,,,,,,,,,,"1.602.631,38"
,SELISIH (FEE),"0,00","(2.079,00)","(700,50)","(9.599,12)","0,00","0,00","0,00","0,00",,"0,00","0,00","0,00","0,00","0,00","(12.378,62)"
,Fee (%),#DIV/0!,"-2,00%","-0,50%","-0,70%",#DIV/0!,#DIV/0!,#DIV/0!,#DIV/0!,,#DIV/0!,#DIV/0!,#DIV/0!,#DIV/0!,#DIV/0!,"(0,01)"
,MASUK TANGGAL,,,,,,,,,,,,,,,
,DICEK TANGGAL,,,,,,,,,,,,,,,
06/10/2025,Quinos,,,"79.695,00","423.885,00",,,,,,,,,,,"503.580,00"
,SETTLEMENT,,,"79.695,00","423.885,00",,,,,,,,,,,"503.580,00"
,SELISIH,"0,00","0,00","0,00","0,00","0,00","0,00","0,00","0,00","0,00","0,00","0,00","0,00","0,00","0,00","0,00"
,REK KORAN,,,"79.575,46","420.917,81",,,,,,,,,,,"500.493,27"
,SELISIH (FEE),"0,00","0,00","(119,54)","(2.967,19)","0,00","0,00","0,00","0,00",,"0,00","0,00","0,00","0,00","0,00","(3.086,73)"
,Fee (%),#DIV/0!,#DIV/0!,"-0,15%","-0,70%",#DIV/0!,#DIV/0!,#DIV/0!,#DIV/0!,,#DIV/0!,#DIV/0!,#DIV/0!,#DIV/0!,#DIV/0!,"(0,01)"
,MASUK TANGGAL,,,,,,,,,,,,,,,
,DICEK TANGGAL,,,,,,,,,,,,,,,
07/10/2025,Quinos,,"35.805,00","35.805,00","415.800,00",,,,,,,,,,,"487.410,00"
,SETTLEMENT,,"35.805,00","35.805,00","415.800,00",,,,,,,,,,,"487.410,00"
,SELISIH,"0,00","0,00","0,00","0,00","0,00","0,00","0,00","0,00","0,00","0,00","0,00","0,00","0,00","0,00","0,00"
,REK KORAN,,"35.089,00","35.751,30","412.889,41",,,,,,,,,,,"483.729,71"
,SELISIH (FEE),"0,00","(716,00)","(53,70)","(2.910,59)","0,00","0,00","0,00","0,00",,"0,00","0,00","0,00","0,00","0,00","(3.680,29)"
,Fee (%),#DIV/0!,"-2,00%","-0,15%","-0,70%",#DIV/0!,#DIV/0!,#DIV/0!,#DIV/0!,,#DIV/0!,#DIV/0!,#DIV/0!,#DIV/0!,#DIV/0!,"(0,01)"
,MASUK TANGGAL,,,,,,,,,,,,,,,
,DICEK TANGGAL,,,,,,,,,,,,,,,
08/10/2025,Quinos,,"71.610,00","97.020,00","377.685,00",,,,,,,,,,,"546.315,00"
,SETTLEMENT,,"71.610,00","97.020,00","377.685,00",,,,,,,,,,,"546.315,00"
,SELISIH,"0,00","0,00","0,00","0,00","0,00","0,00","0,00","0,00","0,00","0,00","0,00","0,00","0,00","0,00","0,00"
,REK KORAN,,"70.536,00","96.393,42","375.041,21",,,,,,,,,,,"541.970,63"
,SELISIH (FEE),"0,00","(1.074,00)","(626,58)","(2.643,79)","0,00","0,00","0,00","0,00",,"0,00","0,00","0,00","0,00","0,00","(4.344,37)"
,Fee (%),#DIV/0!,"-1,50%","-0,65%","-0,70%",#DIV/0!,#DIV/0!,#DIV/0!,#DIV/0!,,#DIV/0!,#DIV/0!,#DIV/0!,#DIV/0!,#DIV/0!,"(0,01)"
,MASUK TANGGAL,,,,,,,,,,,,,,,
,DICEK TANGGAL,,,,,,,,,,,,,,,
09/10/2025,Quinos,,,,"808.945,00",,,,,,,,,,,"808.945,00"
,SETTLEMENT,,,,"808.945,00",,,,,,,,,,,"808.945,00"
,SELISIH,"0,00","0,00","0,00","0,00","0,00","0,00","0,00","0,00","0,00","0,00","0,00","0,00","0,00","0,00","0,00"
,REK KORAN,,,,"803.282,40",,,,,,,,,,,"803.282,40"
,SELISIH (FEE),"0,00","0,00","0,00","(5.662,60)","0,00","0,00","0,00","0,00",,"0,00","0,00","0,00","0,00","0,00","(5.662,60)"
,Fee (%),#DIV/0!,#DIV/0!,#DIV/0!,"-0,70%",#DIV/0!,#DIV/0!,#DIV/0!,#DIV/0!,,#DIV/0!,#DIV/0!,#DIV/0!,#DIV/0!,#DIV/0!,"(0,01)"
,MASUK TANGGAL,,,,,,,,,,,,,,,
,DICEK TANGGAL,,,,,,,,,,,,,,,
10/10/2025,Quinos,,,,"962.115,00",,,,,,,,,,,"962.115,00"
,SETTLEMENT,,,,"962.115,00",,,,,,,,,,,"962.115,00"
,SELISIH,"0,00","0,00","0,00","0,00","0,00","0,00","0,00","0,00","0,00","0,00","0,00","0,00","0,00","0,00","0,00"
,REK KORAN,,,,"955.380,20",,,,,,,,,,,"955.380,20"
,SELISIH (FEE),"0,00","0,00","0,00","(6.734,80)","0,00","0,00","0,00","0,00",,"0,00","0,00","0,00","0,00","0,00","(6.734,80)"
,Fee (%),#DIV/0!,#DIV/0!,#DIV/0!,"-0,70%",#DIV/0!,#DIV/0!,#DIV/0!,#DIV/0!,,#DIV/0!,#DIV/0!,#DIV/0!,#DIV/0!,#DIV/0!,"(0,01)"
,MASUK TANGGAL,,,,,,,,,,,,,,,
,DICEK TANGGAL,,,,,,,,,,,,,,,
11/10/2025,Quinos,,"204.435,00","296.835,00","1.951.945,00",,,,,,,,,,,"2.453.215,00"
,SETTLEMENT,,"204.435,00","296.835,00","1.951.945,00",,,,,,,,,,,"2.453.215,00"
,SELISIH,"0,00","0,00","0,00","0,00","0,00","0,00","0,00","0,00","0,00","0,00","0,00","0,00","0,00","0,00","0,00"
,REK KORAN,,"200.346,00","294.926,94","1.938.281,39",,,,,,,,,,,"2.433.554,33"
,SELISIH (FEE),"0,00","(4.089,00)","(1.908,06)","(13.663,61)","0,00","0,00","0,00","0,00",,"0,00","0,00","0,00","0,00","0,00","(19.660,67)"
,Fee (%),#DIV/0!,"-2,00%","-0,64%","-0,70%",#DIV/0!,#DIV/0!,#DIV/0!,#DIV/0!,,#DIV/0!,#DIV/0!,#DIV/0!,#DIV/0!,#DIV/0!,"(0,01)"
,MASUK TANGGAL,,,,,,,,,,,,,,,
,DICEK TANGGAL,,,,,,,,,,,,,,,
12/10/2025,Quinos,,"513.765,00","205.590,00","1.556.940,00",,,,,,,,,,,"2.276.295,00"
,SETTLEMENT,,"513.765,00","205.590,00","1.556.940,00",,,,,,,,,,,"2.276.295,00"
,SELISIH,"0,00","0,00","0,00","0,00","0,00","0,00","0,00","0,00","0,00","0,00","0,00","0,00","0,00","0,00","0,00"
,REK KORAN,,"504.560,00","204.535,49","1.546.041,42",,,,,,,,,,,"2.255.136,91"
,SELISIH (FEE),"0,00","(9.205,00)","(1.054,51)","(10.898,58)","0,00","0,00","0,00","0,00",,"0,00","0,00","0,00","0,00","0,00","(21.158,09)"
,Fee (%),#DIV/0!,"-1,79%","-0,51%","-0,70%",#DIV/0!,#DIV/0!,#DIV/0!,#DIV/0!,,#DIV/0!,#DIV/0!,#DIV/0!,#DIV/0!,#DIV/0!,"(0,01)"
,MASUK TANGGAL,,,,,,,,,,,,,,,
,DICEK TANGGAL,,,,,,,,,,,,,,,
13/10/2025,Quinos,,"274.890,00",,"453.915,00",,,,,,,,,,,"728.805,00"
,SETTLEMENT,,"274.890,00",,"453.915,00",,,,,,,,,,,"728.805,00"
,SELISIH,"0,00","0,00","0,00","0,00","0,00","0,00","0,00","0,00","0,00","0,00","0,00","0,00","0,00","0,00","0,00"
,REK KORAN,,"269.392,00",,"450.737,61",,,,,,,,,,,"720.129,61"
,SELISIH (FEE),"0,00","(5.498,00)","0,00","(3.177,39)","0,00","0,00","0,00","0,00",,"0,00","0,00","0,00","0,00","0,00","(8.675,39)"
,Fee (%),#DIV/0!,"-2,00%",#DIV/0!,"-0,70%",#DIV/0!,#DIV/0!,#DIV/0!,#DIV/0!,,#DIV/0!,#DIV/0!,#DIV/0!,#DIV/0!,#DIV/0!,"(0,01)"
,MASUK TANGGAL,,,,,,,,,,,,,,,
,DICEK TANGGAL,,,,,,,,,,,,,,,
14/10/2025,Quinos,"47.355,00","40.425,00","328.690,00","712.355,00",,,,,,,,,,,"1.128.825,00"
,SETTLEMENT,,"290.425,00","328.690,00","712.355,00",,,,,,,,,,,"1.331.470,00"
,SELISIH,"(47.355,00)","250.000,00","0,00","0,00","0,00","0,00","0,00","0,00","0,00","0,00","0,00","0,00","0,00","0,00","202.645,00"
,REK KORAN,"47.355,00","284.617,00","327.087,59","707.368,52",,,,,,,,,,,"1.319.073,11"
,SELISIH (FEE),"47.355,00","(5.808,00)","(1.602,41)","(4.986,48)","0,00","0,00","0,00","0,00",,"0,00","0,00","0,00","0,00","0,00","(12.396,89)"
,Fee (%),#DIV/0!,"-2,00%","-0,49%","-0,70%",#DIV/0!,#DIV/0!,#DIV/0!,#DIV/0!,,#DIV/0!,#DIV/0!,#DIV/0!,#DIV/0!,#DIV/0!,"(0,01)"
,MASUK TANGGAL,,,,,,,,,,,,,,,
,DICEK TANGGAL,,,,,,,,,,,,,,,
15/10/2025,Quinos,,,,"532.455,00",,,,,,,,,,,"532.455,00"
,SETTLEMENT,,,,"532.455,00",,,,,,,,,,,"532.455,00"
,SELISIH,"0,00","0,00","0,00","0,00","0,00","0,00","0,00","0,00","0,00","0,00","0,00","0,00","0,00","0,00","0,00"
,REK KORAN,,,,"528.727,83",,,,,,,,,,,"528.727,83"
,SELISIH (FEE),"0,00","0,00","0,00","(3.727,17)","0,00","0,00","0,00","0,00",,"0,00","0,00","0,00","0,00","0,00","(3.727,17)"
,Fee (%),#DIV/0!,#DIV/0!,#DIV/0!,"-0,70%",#DIV/0!,#DIV/0!,#DIV/0!,#DIV/0!,,#DIV/0!,#DIV/0!,#DIV/0!,#DIV/0!,#DIV/0!,"(0,01)"
,MASUK TANGGAL,,,,,,,,,,,,,,,
,DICEK TANGGAL,,,,,,,,,,,,,,,
16/10/2025,Quinos,,"210.300,00","167.475,00","794.915,00",,,,,,,,,,,"1.172.690,00"
,SETTLEMENT,,"210.300,00","167.475,00","794.915,00",,,,,,,,,,,"1.172.690,00"
,SELISIH,"0,00","0,00","0,00","0,00","0,00","0,00","0,00","0,00","0,00","0,00","0,00","0,00","0,00","0,00","0,00"
,REK KORAN,,"206.094,00","166.516,93","789.350,62",,,,,,,,,,,"1.161.961,55"
,SELISIH (FEE),"0,00","(4.206,00)","(958,07)","(5.564,38)","0,00","0,00","0,00","0,00",,"0,00","0,00","0,00","0,00","0,00","(10.728,45)"
,Fee (%),#DIV/0!,"-2,00%","-0,57%","-0,70%",#DIV/0!,#DIV/0!,#DIV/0!,#DIV/0!,,#DIV/0!,#DIV/0!,#DIV/0!,#DIV/0!,#DIV/0!,"(0,01)"
,MASUK TANGGAL,,,,,,,,,,,,,,,
,DICEK TANGGAL,,,,,,,,,,,,,,,
17/10/2025,Quinos,,"146.685,00","317.025,00","426.195,00",,,,,,,,,,,"889.905,00"
,SETTLEMENT,,"146.685,00","317.025,00","426.195,00",,,,,,,,,,,"889.905,00"
,SELISIH,"0,00","0,00","0,00","0,00","0,00","0,00","0,00","0,00","0,00","0,00","0,00","0,00","0,00","0,00","0,00"
,REK KORAN,,"143.751,00","315.376,47","423.211,64",,,,,,,,,,,"882.339,11"
,SELISIH (FEE),"0,00","(2.934,00)","(1.648,53)","(2.983,36)","0,00","0,00","0,00","0,00",,"0,00","0,00","0,00","0,00","0,00","(7.565,89)"
,Fee (%),#DIV/0!,"-2,00%","-0,52%","-0,70%",#DIV/0!,#DIV/0!,#DIV/0!,#DIV/0!,,#DIV/0!,#DIV/0!,#DIV/0!,#DIV/0!,#DIV/0!,"(0,01)"
,MASUK TANGGAL,,,,,,,,,,,,,,,
,DICEK TANGGAL,,,,,,,,,,,,,,,
18/10/2025,Quinos,,,"517.020,00","1.391.775,00",,,,,,,,,,,"1.908.795,00"
,SETTLEMENT,,,"517.020,00","1.391.775,00",,,,,,,,,,,"1.908.795,00"
,SELISIH,"0,00","0,00","0,00","0,00","0,00","0,00","0,00","0,00","0,00","0,00","0,00","0,00","0,00","0,00","0,00"
,REK KORAN,,,"516.244,47","1.382.032,58",,,,,,,,,,,"1.898.277,05"
,SELISIH (FEE),"0,00","0,00","(775,53)","(9.742,42)","0,00","0,00","0,00","0,00",,"0,00","0,00","0,00","0,00","0,00","(10.517,95)"
,Fee (%),#DIV/0!,#DIV/0!,"-0,15%","-0,70%",#DIV/0!,#DIV/0!,#DIV/0!,#DIV/0!,,#DIV/0!,#DIV/0!,#DIV/0!,#DIV/0!,#DIV/0!,"(0,01)"
,MASUK TANGGAL,,,,,,,,,,,,,,,
,DICEK TANGGAL,,,,,,,,,,,,,,,
19/10/2025,Quinos,,"164.010,00","234.800,00","2.337.495,00",,,,,,,,,,,"2.736.305,00"
,SETTLEMENT,,"164.010,00","234.800,00","2.337.495,00",,,,,,,,,,,"2.736.305,00"
,SELISIH,"0,00","0,00","0,00","0,00","0,00","0,00","0,00","0,00","0,00","0,00","0,00","0,00","0,00","0,00","0,00"
,REK KORAN,,"160.730,00","233.682,04","2.321.132,54",,,,,,,,,,,"2.715.544,58"
,SELISIH (FEE),"0,00","(3.280,00)","(1.117,96)","(16.362,46)","0,00","0,00","0,00","0,00",,"0,00","0,00","0,00","0,00","0,00","(20.760,42)"
,Fee (%),#DIV/0!,"-2,00%","-0,48%","-0,70%",#DIV/0!,#DIV/0!,#DIV/0!,#DIV/0!,,#DIV/0!,#DIV/0!,#DIV/0!,#DIV/0!,#DIV/0!,"(0,01)"
,MASUK TANGGAL,,,,,,,,,,,,,,,
,DICEK TANGGAL,,,,,,,,,,,,,,,
20/10/2025,Quinos,,"214.830,00",,"612.750,00",,,,,,,,,,,"827.580,00"
,SETTLEMENT,,"214.830,00",,"612.750,00",,,,,,,,,,,"827.580,00"
,SELISIH,"0,00","0,00","0,00","0,00","0,00","0,00","0,00","0,00","0,00","0,00","0,00","0,00","0,00","0,00","0,00"
,REK KORAN,,"210.534,00",,"608.460,76",,,,,,,,,,,"818.994,76"
,SELISIH (FEE),"0,00","(4.296,00)","0,00","(4.289,24)","0,00","0,00","0,00","0,00",,"0,00","0,00","0,00","0,00","0,00","(8.585,24)"
,Fee (%),#DIV/0!,"-2,00%",#DIV/0!,"-0,70%",#DIV/0!,#DIV/0!,#DIV/0!,#DIV/0!,,#DIV/0!,#DIV/0!,#DIV/0!,#DIV/0!,#DIV/0!,"(0,01)"
,MASUK TANGGAL,,,,,,,,,,,,,,,
,DICEK TANGGAL,,,,,,,,,,,,,,,
21/10/2025,Quinos,,,"172.095,00","673.365,00",,,,,,,,,,,"845.460,00"
,SETTLEMENT,,,"172.095,00","673.365,00",,,,,,,,,,,"845.460,00"
,SELISIH,"0,00","0,00","0,00","0,00","0,00","0,00","0,00","0,00","0,00","0,00","0,00","0,00","0,00","0,00","0,00"
,REK KORAN,,,"171.522,70","668.651,45",,,,,,,,,,,"840.174,15"
,SELISIH (FEE),"0,00","0,00","(572,30)","(4.713,55)","0,00","0,00","0,00","0,00",,"0,00","0,00","0,00","0,00","0,00","(5.285,85)"
,Fee (%),#DIV/0!,#DIV/0!,"-0,33%","-0,70%",#DIV/0!,#DIV/0!,#DIV/0!,#DIV/0!,,#DIV/0!,#DIV/0!,#DIV/0!,#DIV/0!,#DIV/0!,"(0,01)"
,MASUK TANGGAL,,,,,,,,,,,,,,,
,DICEK TANGGAL,,,,,,,,,,,,,,,
22/10/2025,Quinos,"42.735,00","36.960,00","112.560,00","612.150,00",,,,,,,,,,,"804.405,00"
,SETTLEMENT,,"36.960,00","112.560,00","612.150,00",,,,,,,,,,,"761.670,00"
,SELISIH,"(42.735,00)","0,00","0,00","0,00","0,00","0,00","0,00","0,00","0,00","0,00","0,00","0,00","0,00","0,00","(42.735,00)"
,REK KORAN,"42.735,00","36.221,00","112.092,18","607.864,96",,,,,,,,,,,"756.178,14"
,SELISIH (FEE),"42.735,00","(739,00)","(467,82)","(4.285,04)","0,00","0,00","0,00","0,00",,"0,00","0,00","0,00","0,00","0,00","(5.491,86)"
,Fee (%),#DIV/0!,"-2,00%","-0,42%","-0,70%",#DIV/0!,#DIV/0!,#DIV/0!,#DIV/0!,,#DIV/0!,#DIV/0!,#DIV/0!,#DIV/0!,#DIV/0!,"(0,01)"
,MASUK TANGGAL,,,,,,,,,,,,,,,
,DICEK TANGGAL,,,,,,,,,,,,,,,
23/10/2025,Quinos,,"167.475,00",,"369.600,00",,,,,,,,,,,"537.075,00"
,SETTLEMENT,,"167.475,00",,"369.600,00",,,,,,,,,,,"537.075,00"
,SELISIH,"0,00","0,00","0,00","0,00","0,00","0,00","0,00","0,00","0,00","0,00","0,00","0,00","0,00","0,00","0,00"
,REK KORAN,,"164.126,00",,"367.012,80",,,,,,,,,,,"531.138,80"
,SELISIH (FEE),"0,00","(3.349,00)","0,00","(2.587,20)","0,00","0,00","0,00","0,00",,"0,00","0,00","0,00","0,00","0,00","(5.936,20)"
,Fee (%),#DIV/0!,"-2,00%",#DIV/0!,"-0,70%",#DIV/0!,#DIV/0!,#DIV/0!,#DIV/0!,,#DIV/0!,#DIV/0!,#DIV/0!,#DIV/0!,#DIV/0!,"(0,01)"
,MASUK TANGGAL,,,,,,,,,,,,,,,
,DICEK TANGGAL,,,,,,,,,,,,,,,
24/10/2025,Quinos,,"166.320,00","192.885,00","842.330,00",,,,,,,,,,,"1.201.535,00"
,SETTLEMENT,,"166.320,00","192.885,00","842.330,00",,,,,,,,,,,"1.201.535,00"
,SELISIH,"0,00","0,00","0,00","0,00","0,00","0,00","0,00","0,00","0,00","0,00","0,00","0,00","0,00","0,00","0,00"
,REK KORAN,,"163.208,00","192.595,68","836.433,70",,,,,,,,,,,"1.192.237,38"
,SELISIH (FEE),"0,00","(3.112,00)","(289,32)","(5.896,30)","0,00","0,00","0,00","0,00",,"0,00","0,00","0,00","0,00","0,00","(9.297,62)"
,Fee (%),#DIV/0!,"-1,87%","-0,15%","-0,70%",#DIV/0!,#DIV/0!,#DIV/0!,#DIV/0!,,#DIV/0!,#DIV/0!,#DIV/0!,#DIV/0!,#DIV/0!,"(0,01)"
,MASUK TANGGAL,,,,,,,,,,,,,,,
,DICEK TANGGAL,,,,,,,,,,,,,,,
25/10/2025,Quinos,"42.735,00","45.045,00","214.830,00","1.779.020,00",,,,,,,,,,,"2.081.630,00"
,SETTLEMENT,,"45.045,00","214.830,00","1.779.020,00",,,,,,,,,,,"2.038.895,00"
,SELISIH,"(42.735,00)","0,00","0,00","0,00","0,00","0,00","0,00","0,00","0,00","0,00","0,00","0,00","0,00","0,00","(42.735,00)"
,REK KORAN,"42.735,00","44.144,00","214.507,76","1.766.566,86",,,,,,,,,,,"2.025.218,62"
,SELISIH (FEE),"42.735,00","(901,00)","(322,24)","(12.453,14)","0,00","0,00","0,00","0,00",,"0,00","0,00","0,00","0,00","0,00","(13.676,38)"
,Fee (%),#DIV/0!,"-2,00%","-0,15%","-0,70%",#DIV/0!,#DIV/0!,#DIV/0!,#DIV/0!,,#DIV/0!,#DIV/0!,#DIV/0!,#DIV/0!,#DIV/0!,"(0,01)"
,MASUK TANGGAL,,,,,,,,,,,,,,,
,DICEK TANGGAL,,,,,,,,,,,,,,,
26/10/2025,Quinos,,"151.305,00","85.470,00","1.755.600,00",,,,,,,,,,,"1.992.375,00"
,SETTLEMENT,,"151.305,00","85.470,00","1.755.600,00",,,,,,,,,,,"1.992.375,00"
,SELISIH,"0,00","0,00","0,00","0,00","0,00","0,00","0,00","0,00","0,00","0,00","0,00","0,00","0,00","0,00","0,00"
,REK KORAN,,"148.279,00","84.615,30","1.743.310,80",,,,,,,,,,,"1.976.205,10"
,SELISIH (FEE),"0,00","(3.026,00)","(854,70)","(12.289,20)","0,00","0,00","0,00","0,00",,"0,00","0,00","0,00","0,00","0,00","(16.169,90)"
,Fee (%),#DIV/0!,"-2,00%","-1,00%","-0,70%",#DIV/0!,#DIV/0!,#DIV/0!,#DIV/0!,,#DIV/0!,#DIV/0!,#DIV/0!,#DIV/0!,#DIV/0!,"(0,01)"
,MASUK TANGGAL,,,,,,,,,,,,,,,
,DICEK TANGGAL,,,,,,,,,,,,,,,
27/10/2025,Quinos,,"78.540,00","258.000,00","344.190,00",,,,,,,,,,,"680.730,00"
,SETTLEMENT,,"78.540,00","258.000,00","344.190,00",,,,,,,,,,,"680.730,00"
,SELISIH,"0,00","0,00","0,00","0,00","0,00","0,00","0,00","0,00","0,00","0,00","0,00","0,00","0,00","0,00","0,00"
,REK KORAN,,"76.969,00","257.613,00","341.780,68",,,,,,,,,,,"676.362,68"
,SELISIH (FEE),"0,00","(1.571,00)","(387,00)","(2.409,32)","0,00","0,00","0,00","0,00",,"0,00","0,00","0,00","0,00","0,00","(4.367,32)"
,Fee (%),#DIV/0!,"-2,00%","-0,15%","-0,70%",#DIV/0!,#DIV/0!,#DIV/0!,#DIV/0!,,#DIV/0!,#DIV/0!,#DIV/0!,#DIV/0!,#DIV/0!,"(0,01)"
,MASUK TANGGAL,,,,,,,,,,,,,,,
,DICEK TANGGAL,,,,,,,,,,,,,,,
28/10/2025,Quinos,,,,"724.460,00",,,,,,,,,,,"724.460,00"
,SETTLEMENT,,,,"724.460,00",,,,,,,,,,,"724.460,00"
,SELISIH,"0,00","0,00","0,00","0,00","0,00","0,00","0,00","0,00","0,00","0,00","0,00","0,00","0,00","0,00","0,00"
,REK KORAN,,,,"719.388,79",,,,,,,,,,,"719.388,79"
,SELISIH (FEE),"0,00","0,00","0,00","(5.071,21)","0,00","0,00","0,00","0,00",,"0,00","0,00","0,00","0,00","0,00","(5.071,21)"
,Fee (%),#DIV/0!,#DIV/0!,#DIV/0!,"-0,70%",#DIV/0!,#DIV/0!,#DIV/0!,#DIV/0!,,#DIV/0!,#DIV/0!,#DIV/0!,#DIV/0!,#DIV/0!,"(0,01)"
,MASUK TANGGAL,,,,,,,,,,,,,,,
,DICEK TANGGAL,,,,,,,,,,,,,,,
29/10/2025,Quinos,,,"73.920,00","240.240,00",,,,,,,,,,,"314.160,00"
,SETTLEMENT,,,"73.920,00","240.240,00",,,,,,,,,,,"314.160,00"
,SELISIH,"0,00","0,00","0,00","0,00","0,00","0,00","0,00","0,00","0,00","0,00","0,00","0,00","0,00","0,00","0,00"
,REK KORAN,,,"73.180,80","238.558,33",,,,,,,,,,,"311.739,13"
,SELISIH (FEE),"0,00","0,00","(739,20)","(1.681,67)","0,00","0,00","0,00","0,00",,"0,00","0,00","0,00","0,00","0,00","(2.420,87)"
,Fee (%),#DIV/0!,#DIV/0!,"-1,00%","-0,70%",#DIV/0!,#DIV/0!,#DIV/0!,#DIV/0!,,#DIV/0!,#DIV/0!,#DIV/0!,#DIV/0!,#DIV/0!,"(0,01)"
,MASUK TANGGAL,,,,,,,,,,,,,,,
,DICEK TANGGAL,,,,,,,,,,,,,,,
30/10/2025,Quinos,,,"42.735,00","477.015,00",,,,,,,,,,,"519.750,00"
,SETTLEMENT,,,"42.735,00","477.015,00",,,,,,,,,,,"519.750,00"
,SELISIH,"0,00","0,00","0,00","0,00","0,00","0,00","0,00","0,00","0,00","0,00","0,00","0,00","0,00","0,00","0,00"
,REK KORAN,,,"42.670,90","473.675,90",,,,,,,,,,,"516.346,80"
,SELISIH (FEE),"0,00","0,00","(64,10)","(3.339,10)","0,00","0,00","0,00","0,00",,"0,00","0,00","0,00","0,00","0,00","(3.403,20)"
,Fee (%),#DIV/0!,#DIV/0!,"-0,15%","-0,70%",#DIV/0!,#DIV/0!,#DIV/0!,#DIV/0!,,#DIV/0!,#DIV/0!,#DIV/0!,#DIV/0!,#DIV/0!,"(0,01)"
,MASUK TANGGAL,,,,,,,,,,,,,,,
,DICEK TANGGAL,,,,,,,,,,,,,,,
31/10/2025,Quinos,,"162.370,00",,"1.221.755,00",,,,,,,,,,,"1.384.125,00"
,SETTLEMENT,,"162.370,00",,"1.221.755,00",,,,,,,,,,,"1.384.125,00"
,SELISIH,"0,00","0,00","0,00","0,00","0,00","0,00","0,00","0,00","0,00","0,00","0,00","0,00","0,00","0,00","0,00"
,REK KORAN,,"159.123,00",,"1.213.202,72",,,,,,,,,,,"1.372.325,72"
,SELISIH (FEE),"0,00","(3.247,00)","0,00","(8.552,28)","0,00","0,00","0,00","0,00",,"0,00","0,00","0,00","0,00","0,00","(11.799,28)"
,Fee (%),#DIV/0!,"-2,00%",#DIV/0!,"-0,70%",#DIV/0!,#DIV/0!,#DIV/0!,#DIV/0!,,#DIV/0!,#DIV/0!,#DIV/0!,#DIV/0!,#DIV/0!,"(0,01)"
,MASUK TANGGAL,,,,,,,,,,,,,,,
,DICEK TANGGAL,,,,,,,,,,,,,,,
01/11/2025,Quinos,,"36.960,00","167.475,00","1.444.905,00",,,,,,,,,,,"1.649.340,00"
,SETTLEMENT,,"36.960,00","167.475,00","1.444.905,00",,,,,,,,,,,"1.649.340,00"
,SELISIH,"0,00","0,00","0,00","0,00","0,00","0,00","0,00","0,00","0,00","0,00","0,00","0,00","0,00","0,00","0,00"
,REK KORAN,,"36.406,00","167.223,79","1.434.790,67",,,,,,,,,,,"1.638.420,46"
,SELISIH (FEE),"0,00","(554,00)","(251,21)","(10.114,33)","0,00","0,00","0,00","0,00",,"0,00","0,00","0,00","0,00","0,00","(10.919,54)"
,Fee (%),#DIV/0!,"-1,50%","-0,15%","-0,70%",#DIV/0!,#DIV/0!,#DIV/0!,#DIV/0!,,#DIV/0!,#DIV/0!,#DIV/0!,#DIV/0!,#DIV/0!,"(0,01)"
,MASUK TANGGAL,,,,,,,,,,,,,,,
,DICEK TANGGAL,,,,,,,,,,,,,,,
02/11/2025,Quinos,"83.160,00","240.240,00","140.910,00","1.775.235,00",,,,,,,,,,,"2.239.545,00"
,SETTLEMENT,,"240.240,00","140.910,00","1.775.235,00",,,,,,,,,,,"2.156.385,00"
,SELISIH,"(83.160,00)","0,00","0,00","0,00","0,00","0,00","0,00","0,00","0,00","0,00","0,00","0,00","0,00","0,00","(83.160,00)"
,REK KORAN,"83.160,00","235.435,00","140.698,64","1.762.808,36",,,,,,,,,,,"2.138.942,00"
,SELISIH (FEE),"83.160,00","(4.805,00)","(211,36)","(12.426,64)","0,00","0,00","0,00","0,00",,"0,00","0,00","0,00","0,00","0,00","(17.443,00)"
,Fee (%),#DIV/0!,"-2,00%","-0,15%","-0,70%",#DIV/0!,#DIV/0!,#DIV/0!,#DIV/0!,,#DIV/0!,#DIV/0!,#DIV/0!,#DIV/0!,#DIV/0!,"(0,01)"
,MASUK TANGGAL,,,,,,,,,,,,,,,
,DICEK TANGGAL,,,,,,,,,,,,,,,
03/11/2025,Quinos,,"56.595,00",,"526.605,00",,,,,,,,,,,"583.200,00"
,SETTLEMENT,,"56.595,00",,"526.605,00",,,,,,,,,,,"583.200,00"
,SELISIH,"0,00","0,00","0,00","0,00","0,00","0,00","0,00","0,00","0,00","0,00","0,00","0,00","0,00","0,00","0,00"
,REK KORAN,,"55.463,00",,"522.918,77",,,,,,,,,,,"578.381,77"
,SELISIH (FEE),"0,00","(1.132,00)","0,00","(3.686,23)","0,00","0,00","0,00","0,00",,"0,00","0,00","0,00","0,00","0,00","(4.818,23)"
,Fee (%),#DIV/0!,"-2,00%",#DIV/0!,"-0,70%",#DIV/0!,#DIV/0!,#DIV/0!,#DIV/0!,,#DIV/0!,#DIV/0!,#DIV/0!,#DIV/0!,#DIV/0!,"(0,01)"
,MASUK TANGGAL,,,,,,,,,,,,,,,
,DICEK TANGGAL,,,,,,,,,,,,,,,
04/11/2025,Quinos,,,"175.560,00","295.680,00",,,,,,,,,,,"471.240,00"
,SETTLEMENT,,,"175.560,00","295.680,00",,,,,,,,,,,"471.240,00"
,SELISIH,"0,00","0,00","0,00","0,00","0,00","0,00","0,00","0,00","0,00","0,00","0,00","0,00","0,00","0,00","0,00"
,REK KORAN,,,"175.296,66","293.610,24",,,,,,,,,,,"468.906,90"
,SELISIH (FEE),"0,00","0,00","(263,34)","(2.069,76)","0,00","0,00","0,00","0,00",,"0,00","0,00","0,00","0,00","0,00","(2.333,10)"
,Fee (%),#DIV/0!,#DIV/0!,"-0,15%","-0,70%",#DIV/0!,#DIV/0!,#DIV/0!,#DIV/0!,,#DIV/0!,#DIV/0!,#DIV/0!,#DIV/0!,#DIV/0!,"(0,00)"
,MASUK TANGGAL,,,,,,,,,,,,,,,
,DICEK TANGGAL,,,,,,,,,,,,,,,
05/11/2025,Quinos,,"759.975,00","49.665,00","859.700,00",,,,,,,,,,,"1.669.340,00"
,SETTLEMENT,,"759.975,00","49.665,00","859.700,00",,,,,,,,,,,"1.669.340,00"
,SELISIH,"0,00","0,00","0,00","0,00","0,00","0,00","0,00","0,00","0,00","0,00","0,00","0,00","0,00","0,00","0,00"
,REK KORAN,,"744.776,00","49.590,51","853.682,11",,,,,,,,,,,"1.648.048,62"
,SELISIH (FEE),"0,00","(15.199,00)","(74,49)","(6.017,89)","0,00","0,00","0,00","0,00",,"0,00","0,00","0,00","0,00","0,00","(21.291,38)"
,Fee (%),#DIV/0!,"-2,00%","-0,15%","-0,70%",#DIV/0!,#DIV/0!,#DIV/0!,#DIV/0!,,#DIV/0!,#DIV/0!,#DIV/0!,#DIV/0!,#DIV/0!,"(0,01)"
,MASUK TANGGAL,,,,,,,,,,,,,,,
,DICEK TANGGAL,,,,,,,,,,,,,,,
06/11/2025,Quinos,,,,"361.515,00",,,,,,,,,,,"361.515,00"
,SETTLEMENT,,,,"361.515,00",,,,,,,,,,,"361.515,00"
,SELISIH,"0,00","0,00","0,00","0,00","0,00","0,00","0,00","0,00","0,00","0,00","0,00","0,00","0,00","0,00","0,00"
,REK KORAN,,,,"358.984,40",,,,,,,,,,,"358.984,40"
,SELISIH (FEE),"0,00","0,00","0,00","(2.530,60)","0,00","0,00","0,00","0,00",,"0,00","0,00","0,00","0,00","0,00","(2.530,60)"
,Fee (%),#DIV/0!,#DIV/0!,#DIV/0!,"-0,70%",#DIV/0!,#DIV/0!,#DIV/0!,#DIV/0!,,#DIV/0!,#DIV/0!,#DIV/0!,#DIV/0!,#DIV/0!,"(0,01)"
,MASUK TANGGAL,,,,,,,,,,,,,,,
,DICEK TANGGAL,,,,,,,,,,,,,,,
07/11/2025,Quinos,,"145.530,00",,"840.765,00",,,,,,,,,,,"986.295,00"
,SETTLEMENT,,"145.530,00",,"840.765,00",,,,,,,,,,,"986.295,00"
,SELISIH,"0,00","0,00","0,00","0,00","0,00","0,00","0,00","0,00","0,00","0,00","0,00","0,00","0,00","0,00","0,00"
,REK KORAN,,"142.620,00",,"834.879,65",,,,,,,,,,,"977.499,65"
,SELISIH (FEE),"0,00","(2.910,00)","0,00","(5.885,35)","0,00","0,00","0,00","0,00",,"0,00","0,00","0,00","0,00","0,00","(8.795,35)"
,Fee (%),#DIV/0!,"-2,00%",#DIV/0!,"-0,70%",#DIV/0!,#DIV/0!,#DIV/0!,#DIV/0!,,#DIV/0!,#DIV/0!,#DIV/0!,#DIV/0!,#DIV/0!,"(0,01)"
,MASUK TANGGAL,,,,,,,,,,,,,,,
,DICEK TANGGAL,,,,,,,,,,,,,,,
08/11/2025,Quinos,,"342.885,00","135.135,00","2.030.795,00",,,,,,,,,,,"2.508.815,00"
,SETTLEMENT,,"342.885,00","135.135,00","2.030.795,00",,,,,,,,,,,"2.508.815,00"
,SELISIH,"0,00","0,00","0,00","0,00","0,00","0,00","0,00","0,00","0,00","0,00","0,00","0,00","0,00","0,00","0,00"
,REK KORAN,,"336.528,00","134.932,30","2.016.579,44",,,,,,,,,,,"2.488.039,74"
,SELISIH (FEE),"0,00","(6.357,00)","(202,70)","(14.215,56)","0,00","0,00","0,00","0,00",,"0,00","0,00","0,00","0,00","0,00","(20.775,26)"
,Fee (%),#DIV/0!,"-1,85%","-0,15%","-0,70%",#DIV/0!,#DIV/0!,#DIV/0!,#DIV/0!,,#DIV/0!,#DIV/0!,#DIV/0!,#DIV/0!,#DIV/0!,"(0,01)"
,MASUK TANGGAL,,,,,,,,,,,,,,,
,DICEK TANGGAL,,,,,,,,,,,,,,,
09/11/2025,Quinos,,"114.345,00","101.640,00","2.150.715,00",,,,,,,,,,,"2.366.700,00"
,SETTLEMENT,,"114.345,00","101.640,00","2.150.715,00",,,,,,,,,,,"2.366.700,00"
,SELISIH,"0,00","0,00","0,00","0,00","0,00","0,00","0,00","0,00","0,00","0,00","0,00","0,00","0,00","0,00","0,00"
,REK KORAN,,"112.058,00","101.173,38","2.135.660,00",,,,,,,,,,,"2.348.891,38"
,SELISIH (FEE),"0,00","(2.287,00)","(466,62)","(15.055,00)","0,00","0,00","0,00","0,00",,"0,00","0,00","0,00","0,00","0,00","(17.808,62)"
,Fee (%),#DIV/0!,"-2,00%","-0,46%","-0,70%",#DIV/0!,#DIV/0!,#DIV/0!,#DIV/0!,,#DIV/0!,#DIV/0!,#DIV/0!,#DIV/0!,#DIV/0!,"(0,01)"
,MASUK TANGGAL,,,,,,,,,,,,,,,
,DICEK TANGGAL,,,,,,,,,,,,,,,
10/11/2025,Quinos,,"154.770,00","80.850,00","731.115,00",,,,,,,,,,,"966.735,00"
,SETTLEMENT,,"154.770,00","80.850,00","731.115,00",,,,,,,,,,,"966.735,00"
,SELISIH,"0,00","0,00","0,00","0,00","0,00","0,00","0,00","0,00","0,00","0,00","0,00","0,00","0,00","0,00","0,00"
,REK KORAN,,"151.675,00","80.728,73","725.997,20",,,,,,,,,,,"958.400,93"
,SELISIH (FEE),"0,00","(3.095,00)","(121,27)","(5.117,80)","0,00","0,00","0,00","0,00",,"0,00","0,00","0,00","0,00","0,00","(8.334,07)"
,Fee (%),#DIV/0!,"-2,00%","-0,15%","-0,70%",#DIV/0!,#DIV/0!,#DIV/0!,#DIV/0!,,#DIV/0!,#DIV/0!,#DIV/0!,#DIV/0!,#DIV/0!,"(0,01)"
,MASUK TANGGAL,,,,,,,,,,,,,,,
,DICEK TANGGAL,,,,,,,,,,,,,,,
11/11/2025,Quinos,,"35.805,00","35.805,00","746.315,00",,,,,,,,,,,"817.925,00"
,SETTLEMENT,,"35.805,00","35.805,00","746.315,00",,,,,,,,,,,"817.925,00"
,SELISIH,"0,00","0,00","0,00","0,00","0,00","0,00","0,00","0,00","0,00","0,00","0,00","0,00","0,00","0,00","0,00"
,REK KORAN,,"35.089,00","35.751,30","741.090,80",,,,,,,,,,,"811.931,10"
,SELISIH (FEE),"0,00","(716,00)","(53,70)","(5.224,20)","0,00","0,00","0,00","0,00",,"0,00","0,00","0,00","0,00","0,00","(5.993,90)"
,Fee (%),#DIV/0!,"-2,00%","-0,15%","-0,70%",#DIV/0!,#DIV/0!,#DIV/0!,#DIV/0!,,#DIV/0!,#DIV/0!,#DIV/0!,#DIV/0!,#DIV/0!,"(0,01)"
,MASUK TANGGAL,,,,,,,,,,,,,,,
,DICEK TANGGAL,,,,,,,,,,,,,,,
12/11/2025,Quinos,"109.725,00","77.385,00",,"493.185,00",,,,,,,,,,,"680.295,00"
,SETTLEMENT,,"77.385,00",,"493.185,00",,,,,,,,,,,"570.570,00"
,SELISIH,"(109.725,00)","0,00","0,00","0,00","0,00","0,00","0,00","0,00","0,00","0,00","0,00","0,00","0,00","0,00","(109.725,00)"
,REK KORAN,"109.725,00","75.837,00",,"489.732,71",,,,,,,,,,,"565.569,71"
,SELISIH (FEE),"109.725,00","(1.548,00)","0,00","(3.452,29)","0,00","0,00","0,00","0,00",,"0,00","0,00","0,00","0,00","0,00","(5.000,29)"
,Fee (%),#DIV/0!,"-2,00%",#DIV/0!,"-0,70%",#DIV/0!,#DIV/0!,#DIV/0!,#DIV/0!,,#DIV/0!,#DIV/0!,#DIV/0!,#DIV/0!,#DIV/0!,"(0,01)"
,MASUK TANGGAL,,,,,,,,,,,,,,,
,DICEK TANGGAL,,,,,,,,,,,,,,,
13/11/2025,Quinos,,,"42.735,00","2.580.770,00",,,,,,,,,,,"2.623.505,00"
,SETTLEMENT,,,"42.735,00","2.580.770,00",,,,,,,,,,,"2.623.505,00"
,SELISIH,"0,00","0,00","0,00","0,00","0,00","0,00","0,00","0,00","0,00","0,00","0,00","0,00","0,00","0,00","0,00"
,REK KORAN,,,"42.307,65","2.562.704,62",,,,,,,,,,,"2.605.012,27"
,SELISIH (FEE),"0,00","0,00","(427,35)","(18.065,38)","0,00","0,00","0,00","0,00",,"0,00","0,00","0,00","0,00","0,00","(18.492,73)"
,Fee (%),#DIV/0!,#DIV/0!,"-1,00%","-0,70%",#DIV/0!,#DIV/0!,#DIV/0!,#DIV/0!,,#DIV/0!,#DIV/0!,#DIV/0!,#DIV/0!,#DIV/0!,"(0,01)"
,MASUK TANGGAL,,,,,,,,,,,,,,,
,DICEK TANGGAL,,,,,,,,,,,,,,,
14/11/2025,Quinos,,"36.960,00",,"397.320,00",,,,,,,,,,"35.805,00","470.085,00"
,SETTLEMENT,,"36.960,00",,"397.320,00",,,,,,,,,,,"434.280,00"
,SELISIH,"0,00","0,00","0,00","0,00","0,00","0,00","0,00","0,00","0,00","0,00","0,00","0,00","0,00","(35.805,00)","(35.805,00)"
,REK KORAN,,"36.221,00",,"394.538,77",,,,,,,,,,,"430.759,77"
,SELISIH (FEE),"0,00","(739,00)","0,00","(2.781,23)","0,00","0,00","0,00","0,00",,"0,00","0,00","0,00","0,00","(35.805,00)","(39.325,23)"
,Fee (%),#DIV/0!,"-2,00%",#DIV/0!,"-0,70%",#DIV/0!,#DIV/0!,#DIV/0!,#DIV/0!,,#DIV/0!,#DIV/0!,#DIV/0!,#DIV/0!,"-100,00%","(0,09)"
,MASUK TANGGAL,,,,,,,,,,,,,,,
,DICEK TANGGAL,,,,,,,,,,,,,,,
15/11/2025,Quinos,,"36.960,00","250.635,00","2.208.990,00",,,,,,,,,,,"2.496.585,00"
,SETTLEMENT,,"36.960,00","250.635,00","2.208.990,00",,,,,,,,,,,"2.496.585,00"
,SELISIH,"0,00","0,00","0,00","0,00","0,00","0,00","0,00","0,00","0,00","0,00","0,00","0,00","0,00","0,00","0,00"
,REK KORAN,,"36.221,00","249.876,17","2.193.527,08",,,,,,,,,,,"2.479.624,25"
,SELISIH (FEE),"0,00","(739,00)","(758,83)","(15.462,92)","0,00","0,00","0,00","0,00",,"0,00","0,00","0,00","0,00","0,00","(16.960,75)"
,Fee (%),#DIV/0!,"-2,00%","-0,30%","-0,70%",#DIV/0!,#DIV/0!,#DIV/0!,#DIV/0!,,#DIV/0!,#DIV/0!,#DIV/0!,#DIV/0!,#DIV/0!,"(0,01)"
,MASUK TANGGAL,,,,,,,,,,,,,,,
,DICEK TANGGAL,,,,,,,,,,,,,,,
16/11/2025,Quinos,,"322.915,00",,"1.366.365,00",,,,,,,,,,,"1.689.280,00"
,SETTLEMENT,,"322.915,00",,"1.366.365,00",,,,,,,,,,,"1.689.280,00"
,SELISIH,"0,00","0,00","0,00","0,00","0,00","0,00","0,00","0,00","0,00","0,00","0,00","0,00","0,00","0,00","0,00"
,REK KORAN,,"316.457,00",,"1.356.800,45",,,,,,,,,,,"1.673.257,45"
,SELISIH (FEE),"0,00","(6.458,00)","0,00","(9.564,55)","0,00","0,00","0,00","0,00",,"0,00","0,00","0,00","0,00","0,00","(16.022,55)"
,Fee (%),#DIV/0!,"-2,00%",#DIV/0!,"-0,70%",#DIV/0!,#DIV/0!,#DIV/0!,#DIV/0!,,#DIV/0!,#DIV/0!,#DIV/0!,#DIV/0!,#DIV/0!,"(0,01)"
,MASUK TANGGAL,,,,,,,,,,,,,,,
,DICEK TANGGAL,,,,,,,,,,,,,,,
17/11/2025,Quinos,,,"46.200,00","112.035,00",,,,,,,,,,,"158.235,00"
,SETTLEMENT,,,"46.200,00","112.035,00",,,,,,,,,,,"158.235,00"
,SELISIH,"0,00","0,00","0,00","0,00","0,00","0,00","0,00","0,00","0,00","0,00","0,00","0,00","0,00","0,00","0,00"
,REK KORAN,,,"46.130,70","111.250,76",,,,,,,,,,,"157.381,46"
,SELISIH (FEE),"0,00","0,00","(69,30)","(784,24)","0,00","0,00","0,00","0,00",,"0,00","0,00","0,00","0,00","0,00","(853,54)"
,Fee (%),#DIV/0!,#DIV/0!,"-0,15%","-0,70%",#DIV/0!,#DIV/0!,#DIV/0!,#DIV/0!,,#DIV/0!,#DIV/0!,#DIV/0!,#DIV/0!,#DIV/0!,"(0,01)"
,MASUK TANGGAL,,,,,,,,,,,,,,,
,DICEK TANGGAL,,,,,,,,,,,,,,,
18/11/2025,Quinos,,"71.610,00","35.805,00","412.045,00",,,,,,,,,,,"519.460,00"
,SETTLEMENT,,"71.610,00","35.805,00","412.045,00",,,,,,,,,,,"519.460,00"
,SELISIH,"0,00","0,00","0,00","0,00","0,00","0,00","0,00","0,00","0,00","0,00","0,00","0,00","0,00","0,00","0,00"
,REK KORAN,,"70.178,00","35.751,30","409.160,69",,,,,,,,,,,"515.089,99"
,SELISIH (FEE),"0,00","(1.432,00)","(53,70)","(2.884,31)","0,00","0,00","0,00","0,00",,"0,00","0,00","0,00","0,00","0,00","(4.370,01)"
,Fee (%),#DIV/0!,"-2,00%","-0,15%","-0,70%",#DIV/0!,#DIV/0!,#DIV/0!,#DIV/0!,,#DIV/0!,#DIV/0!,#DIV/0!,#DIV/0!,#DIV/0!,"(0,01)"
,MASUK TANGGAL,,,,,,,,,,,,,,,
,DICEK TANGGAL,,,,,,,,,,,,,,,
19/11/2025,Quinos,,"40.425,00","125.895,00","815.430,00",,,,,,,,,,,"981.750,00"
,SETTLEMENT,,"40.425,00","125.895,00","815.430,00",,,,,,,,,,,"981.750,00"
,SELISIH,"0,00","0,00","0,00","0,00","0,00","0,00","0,00","0,00","0,00","0,00","0,00","0,00","0,00","0,00","0,00"
,REK KORAN,,"39.617,00","125.706,16","809.722,00",,,,,,,,,,,"975.045,16"
,SELISIH (FEE),"0,00","(808,00)","(188,84)","(5.708,00)","0,00","0,00","0,00","0,00",,"0,00","0,00","0,00","0,00","0,00","(6.704,84)"
,Fee (%),#DIV/0!,"-2,00%","-0,15%","-0,70%",#DIV/0!,#DIV/0!,#DIV/0!,#DIV/0!,,#DIV/0!,#DIV/0!,#DIV/0!,#DIV/0!,#DIV/0!,"(0,01)"
,MASUK TANGGAL,,,,,,,,,,,,,,,
,DICEK TANGGAL,,,,,,,,,,,,,,,
20/11/2025,Quinos,,,"80.850,00","674.520,00",,,,,,,,,,,"755.370,00"
,SETTLEMENT,,,"80.850,00","674.520,00",,,,,,,,,,,"755.370,00"
,SELISIH,"0,00","0,00","0,00","0,00","0,00","0,00","0,00","0,00","0,00","0,00","0,00","0,00","0,00","0,00","0,00"
,REK KORAN,,,"80.041,50","669.798,37",,,,,,,,,,,"749.839,87"
,SELISIH (FEE),"0,00","0,00","(808,50)","(4.721,63)","0,00","0,00","0,00","0,00",,"0,00","0,00","0,00","0,00","0,00","(5.530,13)"
,Fee (%),#DIV/0!,#DIV/0!,"-1,00%","-0,70%",#DIV/0!,#DIV/0!,#DIV/0!,#DIV/0!,,#DIV/0!,#DIV/0!,#DIV/0!,#DIV/0!,#DIV/0!,"(0,01)"
,MASUK TANGGAL,,,,,,,,,,,,,,,
,DICEK TANGGAL,,,,,,,,,,,,,,,
21/11/2025,Quinos,,"446.685,00","372.185,00","818.895,00",,,,,,,,,,,"1.637.765,00"
,SETTLEMENT,,"446.685,00","372.185,00","818.895,00",,,,,,,,,,,"1.637.765,00"
,SELISIH,"0,00","0,00","0,00","0,00","0,00","0,00","0,00","0,00","0,00","0,00","0,00","0,00","0,00","0,00","0,00"
,REK KORAN,,"437.751,00","370.200,85","813.162,74",,,,,,,,,,,"1.621.114,59"
,SELISIH (FEE),"0,00","(8.934,00)","(1.984,15)","(5.732,26)","0,00","0,00","0,00","0,00",,"0,00","0,00","0,00","0,00","0,00","(16.650,41)"
,Fee (%),#DIV/0!,"-2,00%","-0,53%","-0,70%",#DIV/0!,#DIV/0!,#DIV/0!,#DIV/0!,,#DIV/0!,#DIV/0!,#DIV/0!,#DIV/0!,#DIV/0!,"(0,01)"
,MASUK TANGGAL,,,,,,,,,,,,,,,
,DICEK TANGGAL,,,,,,,,,,,,,,,
22/11/2025,Quinos,,"288.750,00","156.640,00","1.565.945,00",,,,,,,,,,,"2.011.335,00"
,SETTLEMENT,,"288.750,00","156.640,00","1.565.945,00",,,,,,,,,,,"2.011.335,00"
,SELISIH,"0,00","0,00","0,00","0,00","0,00","0,00","0,00","0,00","0,00","0,00","0,00","0,00","0,00","0,00","0,00"
,REK KORAN,,"282.975,00","156.061,43","1.554.983,40",,,,,,,,,,,"1.994.019,83"
,SELISIH (FEE),"0,00","(5.775,00)","(578,57)","(10.961,60)","0,00","0,00","0,00","0,00",,"0,00","0,00","0,00","0,00","0,00","(17.315,17)"
,Fee (%),#DIV/0!,"-2,00%","-0,37%","-0,70%",#DIV/0!,#DIV/0!,#DIV/0!,#DIV/0!,,#DIV/0!,#DIV/0!,#DIV/0!,#DIV/0!,#DIV/0!,"(0,01)"
,MASUK TANGGAL,,,,,,,,,,,,,,,
,DICEK TANGGAL,,,,,,,,,,,,,,,
23/11/2025,Quinos,,"482.460,00","140.910,00","1.104.180,00",,,,,,,,,,,"1.727.550,00"
,SETTLEMENT,,"482.460,00","140.910,00","1.104.180,00",,,,,,,,,,,"1.727.550,00"
,SELISIH,"0,00","0,00","0,00","0,00","0,00","0,00","0,00","0,00","0,00","0,00","0,00","0,00","0,00","0,00","0,00"
,REK KORAN,,"472.811,00","140.384,48","1.096.450,74",,,,,,,,,,,"1.709.646,22"
,SELISIH (FEE),"0,00","(9.649,00)","(525,52)","(7.729,26)","0,00","0,00","0,00","0,00",,"0,00","0,00","0,00","0,00","0,00","(17.903,78)"
,Fee (%),#DIV/0!,"-2,00%","-0,37%","-0,70%",#DIV/0!,#DIV/0!,#DIV/0!,#DIV/0!,,#DIV/0!,#DIV/0!,#DIV/0!,#DIV/0!,#DIV/0!,"(0,01)"
,MASUK TANGGAL,,,,,,,,,,,,,,,
,DICEK TANGGAL,,,,,,,,,,,,,,,
24/11/2025,Quinos,,"93.555,00","269.755,00","482.795,00",,,,,,,,,,,"846.105,00"
,SETTLEMENT,,"93.555,00","269.755,00","482.795,00",,,,,,,,,,,"846.105,00"
,SELISIH,"0,00","0,00","0,00","0,00","0,00","0,00","0,00","0,00","0,00","0,00","0,00","0,00","0,00","0,00","0,00"
,REK KORAN,,"91.684,00","268.245,37","479.415,44",,,,,,,,,,,"839.344,81"
,SELISIH (FEE),"0,00","(1.871,00)","(1.509,63)","(3.379,56)","0,00","0,00","0,00","0,00",,"0,00","0,00","0,00","0,00","0,00","(6.760,19)"
,Fee (%),#DIV/0!,"-2,00%","-0,56%","-0,70%",#DIV/0!,#DIV/0!,#DIV/0!,#DIV/0!,,#DIV/0!,#DIV/0!,#DIV/0!,#DIV/0!,#DIV/0!,"(0,01)"
,MASUK TANGGAL,,,,,,,,,,,,,,,
,DICEK TANGGAL,,,,,,,,,,,,,,,
25/11/2025,Quinos,,"45.045,00","42.735,00","624.855,00",,,,,,,,,,,"712.635,00"
,SETTLEMENT,,"45.045,00","42.735,00","624.855,00",,,,,,,,,,,"712.635,00"
,SELISIH,"0,00","0,00","0,00","0,00","0,00","0,00","0,00","0,00","0,00","0,00","0,00","0,00","0,00","0,00","0,00"
,REK KORAN,,"44.144,00","42.670,90","620.481,02",,,,,,,,,,,"707.295,92"
,SELISIH (FEE),"0,00","(901,00)","(64,10)","(4.373,98)","0,00","0,00","0,00","0,00",,"0,00","0,00","0,00","0,00","0,00","(5.339,08)"
,Fee (%),#DIV/0!,"-2,00%","-0,15%","-0,70%",#DIV/0!,#DIV/0!,#DIV/0!,#DIV/0!,,#DIV/0!,#DIV/0!,#DIV/0!,#DIV/0!,#DIV/0!,"(0,01)"
,MASUK TANGGAL,,,,,,,,,,,,,,,
,DICEK TANGGAL,,,,,,,,,,,,,,,
26/11/2025,Quinos,,"166.320,00","125.895,00","693.825,00",,,,,,,,,,,"986.040,00"
,SETTLEMENT,,"166.320,00","125.895,00","693.825,00",,,,,,,,,,,"986.040,00"
,SELISIH,"0,00","0,00","0,00","0,00","0,00","0,00","0,00","0,00","0,00","0,00","0,00","0,00","0,00","0,00","0,00"
,REK KORAN,,"162.994,00","124.999,30","688.968,23",,,,,,,,,,,"976.961,53"
,SELISIH (FEE),"0,00","(3.326,00)","(895,70)","(4.856,77)","0,00","0,00","0,00","0,00",,"0,00","0,00","0,00","0,00","0,00","(9.078,47)"
,Fee (%),#DIV/0!,"-2,00%","-0,71%","-0,70%",#DIV/0!,#DIV/0!,#DIV/0!,#DIV/0!,,#DIV/0!,#DIV/0!,#DIV/0!,#DIV/0!,#DIV/0!,"(0,01)"
,MASUK TANGGAL,,,,,,,,,,,,,,,
,DICEK TANGGAL,,,,,,,,,,,,,,,
27/11/2025,Quinos,,"168.630,00","87.780,00","214.830,00",,,,,,,,,,,"471.240,00"
,SETTLEMENT,,"168.630,00","87.780,00","214.830,00",,,,,,,,,,,"471.240,00"
,SELISIH,"0,00","0,00","0,00","0,00","0,00","0,00","0,00","0,00","0,00","0,00","0,00","0,00","0,00","0,00","0,00"
,REK KORAN,,"165.258,00","87.265,45","213.326,20",,,,,,,,,,,"465.849,65"
,SELISIH (FEE),"0,00","(3.372,00)","(514,55)","(1.503,80)","0,00","0,00","0,00","0,00",,"0,00","0,00","0,00","0,00","0,00","(5.390,35)"
,Fee (%),#DIV/0!,"-2,00%","-0,59%","-0,70%",#DIV/0!,#DIV/0!,#DIV/0!,#DIV/0!,,#DIV/0!,#DIV/0!,#DIV/0!,#DIV/0!,#DIV/0!,"(0,01)"
,MASUK TANGGAL,,,,,,,,,,,,,,,
,DICEK TANGGAL,,,,,,,,,,,,,,,
28/11/2025,Quinos,,"42.735,00","83.160,00","937.860,00",,,,,,,,,,,"1.063.755,00"
,SETTLEMENT,,"42.735,00","83.160,00","937.860,00",,,,,,,,,,,"1.063.755,00"
,SELISIH,"0,00","0,00","0,00","0,00","0,00","0,00","0,00","0,00","0,00","0,00","0,00","0,00","0,00","0,00","0,00"
,REK KORAN,,"41.880,00","82.328,40","931.294,99",,,,,,,,,,,"1.055.503,39"
,SELISIH (FEE),"0,00","(855,00)","(831,60)","(6.565,01)","0,00","0,00","0,00","0,00",,"0,00","0,00","0,00","0,00","0,00","(8.251,61)"
,Fee (%),#DIV/0!,"-2,00%","-1,00%","-0,70%",#DIV/0!,#DIV/0!,#DIV/0!,#DIV/0!,,#DIV/0!,#DIV/0!,#DIV/0!,#DIV/0!,#DIV/0!,"(0,01)"
,MASUK TANGGAL,,,,,,,,,,,,,,,
,DICEK TANGGAL,,,,,,,,,,,,,,,
29/11/2025,Quinos,"48.510,00","77.385,00","203.280,00","1.863.645,00",,,,,,,,,,,"2.192.820,00"
,SETTLEMENT,,"77.385,00","203.280,00","1.863.645,00",,,,,,,,,,,"2.144.310,00"
,SELISIH,"(48.510,00)","0,00","0,00","0,00","0,00","0,00","0,00","0,00","0,00","0,00","0,00","0,00","0,00","0,00","(48.510,00)"
,REK KORAN,"48.510,00","75.653,00","202.631,47","1.850.599,49",,,,,,,,,,,"2.128.883,96"
,SELISIH (FEE),"48.510,00","(1.732,00)","(648,53)","(13.045,51)","0,00","0,00","0,00","0,00",,"0,00","0,00","0,00","0,00","0,00","(15.426,04)"
,Fee (%),#DIV/0!,"-2,24%","-0,32%","-0,70%",#DIV/0!,#DIV/0!,#DIV/0!,#DIV/0!,,#DIV/0!,#DIV/0!,#DIV/0!,#DIV/0!,#DIV/0!,"(0,01)"
,MASUK TANGGAL,,,,,,,,,,,,,,,
,DICEK TANGGAL,,,,,,,,,,,,,,,
30/11/2025,Quinos,,"179.025,00","130.515,00","1.736.240,00",,,,,,,,,,,"2.045.780,00"
,SETTLEMENT,,"179.025,00","130.515,00","1.736.240,00",,,,,,,,,,,"2.045.780,00"
,SELISIH,"0,00","0,00","0,00","0,00","0,00","0,00","0,00","0,00","0,00","0,00","0,00","0,00","0,00","0,00","0,00"
,REK KORAN,,"175.445,00","130.319,23","1.724.086,32",,,,,,,,,,,"2.029.850,55"
,SELISIH (FEE),"0,00","(3.580,00)","(195,77)","(12.153,68)","0,00","0,00","0,00","0,00",,"0,00","0,00","0,00","0,00","0,00","(15.929,45)"
,Fee (%),#DIV/0!,"-2,00%","-0,15%","-0,70%",#DIV/0!,#DIV/0!,#DIV/0!,#DIV/0!,,#DIV/0!,#DIV/0!,#DIV/0!,#DIV/0!,#DIV/0!,"(0,01)"
,MASUK TANGGAL,,,,,,,,,,,,,,,
,DICEK TANGGAL,,,,,,,,,,,,,,,
01/12/2025,Quinos,,"116.655,00","123.585,00","443.520,00",,,,,,,,,,,"683.760,00"
,SETTLEMENT,,"116.655,00","123.585,00","443.520,00",,,,,,,,,,,"683.760,00"
,SELISIH,"0,00","0,00","0,00","0,00","0,00","0,00","0,00","0,00","0,00","0,00","0,00","0,00","0,00","0,00","0,00"
,REK KORAN,,"114.322,00","123.399,63","440.415,37",,,,,,,,,,,"678.137,00"
,SELISIH (FEE),"0,00","(2.333,00)","(185,37)","(3.104,63)","0,00","0,00","0,00","0,00",,"0,00","0,00","0,00","0,00","0,00","(5.623,00)"
,Fee (%),#DIV/0!,"-2,00%","-0,15%","-0,70%",#DIV/0!,#DIV/0!,#DIV/0!,#DIV/0!,,#DIV/0!,#DIV/0!,#DIV/0!,#DIV/0!,#DIV/0!,"(0,01)"
,MASUK TANGGAL,,,,,,,,,,,,,,,
,DICEK TANGGAL,,,,,,,,,,,,,,,
02/12/2025,Quinos,,"226.380,00","42.735,00","385.650,00",,,,,,,,,,,"654.765,00"
,SETTLEMENT,,"226.380,00","42.735,00","385.650,00",,,,,,,,,,,"654.765,00"
,SELISIH,"0,00","0,00","0,00","0,00","0,00","0,00","0,00","0,00","0,00","0,00","0,00","0,00","0,00","0,00","0,00"
,REK KORAN,,"222.517,00","42.670,90","382.950,46",,,,,,,,,,,"648.138,36"
,SELISIH (FEE),"0,00","(3.863,00)","(64,10)","(2.699,54)","0,00","0,00","0,00","0,00",,"0,00","0,00","0,00","0,00","0,00","(6.626,64)"
,Fee (%),#DIV/0!,"-1,71%","-0,15%","-0,70%",#DIV/0!,#DIV/0!,#DIV/0!,#DIV/0!,,#DIV/0!,#DIV/0!,#DIV/0!,#DIV/0!,#DIV/0!,"(0,01)"
,MASUK TANGGAL,,,,,,,,,,,,,,,
,DICEK TANGGAL,,,,,,,,,,,,,,,
03/12/2025,Quinos,,"40.425,00",,"937.570,00",,,,,,,,,,,"977.995,00"
,SETTLEMENT,,"40.425,00",,"937.570,00",,,,,,,,,,,"977.995,00"
,SELISIH,"0,00","0,00","0,00","0,00","0,00","0,00","0,00","0,00","0,00","0,00","0,00","0,00","0,00","0,00","0,00"
,REK KORAN,,"39.617,00",,"931.007,02",,,,,,,,,,,"970.624,02"
,SELISIH (FEE),"0,00","(808,00)","0,00","(6.562,98)","0,00","0,00","0,00","0,00",,"0,00","0,00","0,00","0,00","0,00","(7.370,98)"
,Fee (%),#DIV/0!,"-2,00%",#DIV/0!,"-0,70%",#DIV/0!,#DIV/0!,#DIV/0!,#DIV/0!,,#DIV/0!,#DIV/0!,#DIV/0!,#DIV/0!,#DIV/0!,"(0,01)"
,MASUK TANGGAL,,,,,,,,,,,,,,,
,DICEK TANGGAL,,,,,,,,,,,,,,,
04/12/2025,Quinos,,"190.575,00","94.710,00","732.270,00",,,,,,,,,,,"1.017.555,00"
,SETTLEMENT,,"190.575,00","94.710,00","732.270,00",,,,,,,,,,,"1.017.555,00"
,SELISIH,"0,00","0,00","0,00","0,00","0,00","0,00","0,00","0,00","0,00","0,00","0,00","0,00","0,00","0,00","0,00"
,REK KORAN,,"186.763,00","93.861,08","727.144,11",,,,,,,,,,,"1.007.768,19"
,SELISIH (FEE),"0,00","(3.812,00)","(848,92)","(5.125,89)","0,00","0,00","0,00","0,00",,"0,00","0,00","0,00","0,00","0,00","(9.786,81)"
,Fee (%),#DIV/0!,"-2,00%","-0,90%","-0,70%",#DIV/0!,#DIV/0!,#DIV/0!,#DIV/0!,,#DIV/0!,#DIV/0!,#DIV/0!,#DIV/0!,#DIV/0!,"(0,01)"
,MASUK TANGGAL,,,,,,,,,,,,,,,
,DICEK TANGGAL,,,,,,,,,,,,,,,
05/12/2025,Quinos,,"153.615,00","187.750,00","1.485.680,00",,,,,,,,,,,"1.827.045,00"
,SETTLEMENT,,"153.615,00","187.750,00","1.485.680,00",,,,,,,,,,,"1.827.045,00"
,SELISIH,"0,00","0,00","0,00","0,00","0,00","0,00","0,00","0,00","0,00","0,00","0,00","0,00","0,00","0,00","0,00"
,REK KORAN,,"150.340,00","187.468,38","1.475.280,24",,,,,,,,,,,"1.813.088,62"
,SELISIH (FEE),"0,00","(3.275,00)","(281,62)","(10.399,76)","0,00","0,00","0,00","0,00",,"0,00","0,00","0,00","0,00","0,00","(13.956,38)"
,Fee (%),#DIV/0!,"-2,13%","-0,15%","-0,70%",#DIV/0!,#DIV/0!,#DIV/0!,#DIV/0!,,#DIV/0!,#DIV/0!,#DIV/0!,#DIV/0!,#DIV/0!,"(0,01)"
,MASUK TANGGAL,,,,,,,,,,,,,,,
,DICEK TANGGAL,,,,,,,,,,,,,,,
06/12/2025,Quinos,"68.145,00",,"385.770,00","742.180,00",,,,,,,,,,,"1.196.095,00"
,SETTLEMENT,"68.145,00",,"385.770,00","742.180,00",,,,,,,,,,,"1.196.095,00"
,SELISIH,"0,00","0,00","0,00","0,00","0,00","0,00","0,00","0,00","0,00","0,00","0,00","0,00","0,00","0,00","0,00"
,REK KORAN,"68.145,00",,"381.912,30","736.984,75",,,,,,,,,,,"1.118.897,05"
,SELISIH (FEE),"0,00","0,00","(3.857,70)","(5.195,25)","0,00","0,00","0,00","0,00",,"0,00","0,00","0,00","0,00","0,00","(9.052,95)"
,Fee (%),"0,00%",#DIV/0!,"-1,00%","-0,70%",#DIV/0!,#DIV/0!,#DIV/0!,#DIV/0!,,#DIV/0!,#DIV/0!,#DIV/0!,#DIV/0!,#DIV/0!,"(0,01)"
,MASUK TANGGAL,,,,,,,,,,,,,,,
,DICEK TANGGAL,,,,,,,,,,,,,,,
07/12/2025,Quinos,,"297.825,00","77.385,00","2.022.395,00",,,,,,,,,,,"2.397.605,00"
,SETTLEMENT,,"297.825,00","77.385,00","2.022.395,00",,,,,,,,,,,"2.397.605,00"
,SELISIH,"0,00","0,00","0,00","0,00","0,00","0,00","0,00","0,00","0,00","0,00","0,00","0,00","0,00","0,00","0,00"
,REK KORAN,,"291.869,00","77.268,93","2.008.238,24",,,,,,,,,,,"2.377.376,17"
,SELISIH (FEE),"0,00","(5.956,00)","(116,07)","(14.156,76)","0,00","0,00","0,00","0,00",,"0,00","0,00","0,00","0,00","0,00","(20.228,83)"
,Fee (%),#DIV/0!,"-2,00%","-0,15%","-0,70%",#DIV/0!,#DIV/0!,#DIV/0!,#DIV/0!,,#DIV/0!,#DIV/0!,#DIV/0!,#DIV/0!,#DIV/0!,"(0,01)"
,MASUK TANGGAL,,,,,,,,,,,,,,,
,DICEK TANGGAL,,,,,,,,,,,,,,,
08/12/2025,Quinos,,,,"675.675,00",,,,,,,,,,"46.200,00","721.875,00"
,SETTLEMENT,,,,"675.675,00",,,,,,,,,,,"675.675,00"
,SELISIH,"0,00","0,00","0,00","0,00","0,00","0,00","0,00","0,00","0,00","0,00","0,00","0,00","0,00","(46.200,00)","(46.200,00)"
,REK KORAN,,,,"670.945,29",,,,,,,,,,,"670.945,29"
,SELISIH (FEE),"0,00","0,00","0,00","(4.729,71)","0,00","0,00","0,00","0,00",,"0,00","0,00","0,00","0,00","(46.200,00)","(50.929,71)"
,Fee (%),#DIV/0!,#DIV/0!,#DIV/0!,"-0,70%",#DIV/0!,#DIV/0!,#DIV/0!,#DIV/0!,,#DIV/0!,#DIV/0!,#DIV/0!,#DIV/0!,"-100,00%","(0,08)"
,MASUK TANGGAL,,,,,,,,,,,,,,,
,DICEK TANGGAL,,,,,,,,,,,,,,,
09/12/2025,Quinos,,"77.385,00","87.780,00","599.155,00",,,,,,,,,,,"764.320,00"
,SETTLEMENT,,"77.385,00","87.780,00","599.155,00",,,,,,,,,,,"764.320,00"
,SELISIH,"0,00","0,00","0,00","0,00","0,00","0,00","0,00","0,00","0,00","0,00","0,00","0,00","0,00","0,00","0,00"
,REK KORAN,,"75.837,00","87.648,33","594.960,92",,,,,,,,,,,"758.446,25"
,SELISIH (FEE),"0,00","(1.548,00)","(131,67)","(4.194,08)","0,00","0,00","0,00","0,00",,"0,00","0,00","0,00","0,00","0,00","(5.873,75)"
,Fee (%),#DIV/0!,"-2,00%","-0,15%","-0,70%",#DIV/0!,#DIV/0!,#DIV/0!,#DIV/0!,,#DIV/0!,#DIV/0!,#DIV/0!,#DIV/0!,#DIV/0!,"(0,01)"
,MASUK TANGGAL,,,,,,,,,,,,,,,
,DICEK TANGGAL,,,,,,,,,,,,,,,
10/12/2025,Quinos,,"90.090,00","118.965,00","618.200,00",,,,,,,,,,,"827.255,00"
,SETTLEMENT,,"90.090,00","118.965,00","618.200,00",,,,,,,,,,,"827.255,00"
,SELISIH,"0,00","0,00","0,00","0,00","0,00","0,00","0,00","0,00","0,00","0,00","0,00","0,00","0,00","0,00","0,00"
,REK KORAN,,"88.288,00","118.786,56","613.872,61",,,,,,,,,,,"820.947,17"
,SELISIH (FEE),"0,00","(1.802,00)","(178,44)","(4.327,39)","0,00","0,00","0,00","0,00",,"0,00","0,00","0,00","0,00","0,00","(6.307,83)"
,Fee (%),#DIV/0!,"-2,00%","-0,15%","-0,70%",#DIV/0!,#DIV/0!,#DIV/0!,#DIV/0!,,#DIV/0!,#DIV/0!,#DIV/0!,#DIV/0!,#DIV/0!,"(0,01)"
,MASUK TANGGAL,,,,,,,,,,,,,,,
,DICEK TANGGAL,,,,,,,,,,,,,,,
11/12/2025,Quinos,,,"319.935,00","570.570,00",,,,,,,,,,,"890.505,00"
,SETTLEMENT,,,"319.935,00","570.570,00",,,,,,,,,,,"890.505,00"
,SELISIH,"0,00","0,00","0,00","0,00","0,00","0,00","0,00","0,00","0,00","0,00","0,00","0,00","0,00","0,00","0,00"
,REK KORAN,,,"319.455,10","566.576,02",,,,,,,,,,,"886.031,12"
,SELISIH (FEE),"0,00","0,00","(479,90)","(3.993,98)","0,00","0,00","0,00","0,00",,"0,00","0,00","0,00","0,00","0,00","(4.473,88)"
,Fee (%),#DIV/0!,#DIV/0!,"-0,15%","-0,70%",#DIV/0!,#DIV/0!,#DIV/0!,#DIV/0!,,#DIV/0!,#DIV/0!,#DIV/0!,#DIV/0!,#DIV/0!,"(0,01)"
,MASUK TANGGAL,,,,,,,,,,,,,,,
,DICEK TANGGAL,,,,,,,,,,,,,,,
12/12/2025,Quinos,,"57.750,00 ","215.000,00 ","899.860,00 ",,,,,,,,,,,"1.172.610,00"
,SETTLEMENT,,"57.750,00 ","215.000,00 ","899.860,00 ",,,,,,,,,,,"1.172.610,00"
,SELISIH,"0,00 ","0,00 ","0,00 ","0,00 ",,"0,00 ",,"0,00 ",,"0,00 ","0,00 ",0,0,0,"0,00"
,REK KORAN,,"56.595,00 ","214.677,50 ","893.560,99 ",,,,,,,,,,,"1.164.833,49"
,SELISIH (FEE),"0,00 ","(1.155,00)","(322,50)","(6.299,01)",,"0,00 ","0,00 ","0,00 ",,"0,00 ","0,00 ",0,0,0,"(7.776,51)"
,Fee (%),#DIV/0!,"(0,02)","(0,00)","(0,01)",,#DIV/0!,#DIV/0!,#DIV/0!,,#DIV/0!,#DIV/0!,#DIV/0!,#DIV/0!,#DIV/0!,"(0,01)"
,MASUK TANGGAL,,,,,,,,,,,,,,,
,DICEK TANGGAL,,,,,,,,,,,,,,,
13/12/2025,Quinos,"94.710,00 ","82.005,00 ","262.185,00 ","1.049.725,00 ",,,,,,,,,,,"1.488.625,00"
,SETTLEMENT,"94.710,00 ","82.005,00 ","262.185,00 ","1.049.725,00 ",,,,,,,,,,,"1.488.625,00"
,SELISIH,"0,00 ","0,00 ","0,00 ","0,00 ",,"0,00 ",,"0,00 ",,"0,00 ","0,00 ",0,0,0,"0,00"
,REK KORAN,"94.710,00 ","80.365,00 ","261.791,73 ","1.042.376,93 ",,,,,,,,,,,"1.384.533,66"
,SELISIH (FEE),"0,00 ","(1.640,00)","(393,27)","(7.348,07)",,"0,00 ","0,00 ","0,00 ",,"0,00 ","0,00 ",0,0,0,"(9.381,34)"
,Fee (%),"0,00 ","(0,02)","(0,00)","(0,01)",,#DIV/0!,#DIV/0!,#DIV/0!,,#DIV/0!,#DIV/0!,#DIV/0!,#DIV/0!,#DIV/0!,"(0,01)"
,MASUK TANGGAL,,,,,,,,,,,,,,,
,DICEK TANGGAL,,,,,,,,,,,,,,,
14/12/2025,Quinos,,"202.125,00 ","85.470,00 ","1.560.405,00 ",,,,,,,,,,,"1.848.000,00"
,SETTLEMENT,,"202.125,00 ","85.470,00 ","1.560.405,00 ",,,,,,,,,,,"1.848.000,00"
,SELISIH,"0,00 ","0,00 ","0,00 ","0,00 ",,"0,00 ",,"0,00 ",,"0,00 ","0,00 ",0,0,0,"0,00"
,REK KORAN,,"198.083,00 ","85.341,80 ","1.549.482,17 ",,,,,,,,,,,"1.832.906,97"
,SELISIH (FEE),"0,00 ","(4.042,00)","(128,20)","(10.922,83)",,"0,00 ","0,00 ","0,00 ",,"0,00 ","0,00 ",0,0,0,"(15.093,03)"
,Fee (%),#DIV/0!,"(0,02)","(0,00)","(0,01)",,#DIV/0!,#DIV/0!,#DIV/0!,,#DIV/0!,#DIV/0!,#DIV/0!,#DIV/0!,#DIV/0!,"(0,01)"
,MASUK TANGGAL,,,,,,,,,,,,,,,
,DICEK TANGGAL,,,,,,,,,,,,,,,
15/12/2025,Quinos,,"85.470,00 ",,"356.895,00 ",,,,,,,,,,,"442.365,00"
,SETTLEMENT,,"85.470,00 ",,"356.895,00 ",,,,,,,,,,,"442.365,00"
,SELISIH,"0,00 ","0,00 ","0,00 ","0,00 ",,"0,00 ",,"0,00 ",,"0,00 ","0,00 ",0,0,0,"0,00"
,REK KORAN,,"83.760,00 ",,"354.396,74 ",,,,,,,,,,,"438.156,74"
,SELISIH (FEE),"0,00 ","(1.710,00)","0,00 ","(2.498,26)",,"0,00 ","0,00 ","0,00 ",,"0,00 ","0,00 ",0,0,0,"(4.208,26)"
,Fee (%),#DIV/0!,"(0,02)",#DIV/0!,"(0,01)",,#DIV/0!,#DIV/0!,#DIV/0!,,#DIV/0!,#DIV/0!,#DIV/0!,#DIV/0!,#DIV/0!,"(0,01)"
,MASUK TANGGAL,,,,,,,,,,,,,,,
,DICEK TANGGAL,,,,,,,,,,,,,,,
16/12/2025,Quinos,,"21.945,00 ","80.850,00 ","286.440,00 ",,,,,,,,,,,"389.235,00"
,SETTLEMENT,,"21.945,00 ","80.850,00 ","286.440,00 ",,,,,,,,,,,"389.235,00"
,SELISIH,"0,00 ","0,00 ","0,00 ","0,00 ",,"0,00 ",,"0,00 ",,"0,00 ","0,00 ",0,0,0,"0,00"
,REK KORAN,,"21.506,00 ","80.728,73 ","284.434,93 ",,,,,,,,,,,"386.669,66"
,SELISIH (FEE),"0,00 ","(439,00)","(121,27)","(2.005,07)",,"0,00 ","0,00 ","0,00 ",,"0,00 ","0,00 ",0,0,0,"(2.565,34)"
,Fee (%),#DIV/0!,"(0,02)","(0,00)","(0,01)",,#DIV/0!,#DIV/0!,#DIV/0!,,#DIV/0!,#DIV/0!,#DIV/0!,#DIV/0!,#DIV/0!,"(0,01)"
,MASUK TANGGAL,,,,,,,,,,,,,,,
,DICEK TANGGAL,,,,,,,,,,,,,,,
17/12/2025,Quinos,,"100.485,00 ","132.825,00 ","297.990,00 ",,,,,,,,,,,"531.300,00"
,SETTLEMENT,,"100.485,00 ","132.825,00 ","297.990,00 ",,,,,,,,,,,"531.300,00"
,SELISIH,"0,00 ","0,00 ","0,00 ","0,00 ",,"0,00 ",,"0,00 ",,"0,00 ","0,00 ",0,0,0,"0,00"
,REK KORAN,,"98.475,00 ","132.262,52 ","295.904,08 ",,,,,,,,,,,"526.641,60"
,SELISIH (FEE),"0,00 ","(2.010,00)","(562,48)","(2.085,92)",,"0,00 ","0,00 ","0,00 ",,"0,00 ","0,00 ",0,0,0,"(4.658,40)"
,Fee (%),#DIV/0!,"(0,02)","(0,00)","(0,01)",,#DIV/0!,#DIV/0!,#DIV/0!,,#DIV/0!,#DIV/0!,#DIV/0!,#DIV/0!,#DIV/0!,"(0,01)"
,MASUK TANGGAL,,,,,,,,,,,,,,,
,DICEK TANGGAL,,,,,,,,,,,,,,,
18/12/2025,Quinos,,,"402.470,00 ","736.890,00 ",,,,,,,,,,,"1.139.360,00"
,SETTLEMENT,,,"402.470,00 ","736.890,00 ",,,,,,,,,,,"1.139.360,00"
,SELISIH,"0,00 ","0,00 ","0,00 ","0,00 ",,"0,00 ",,"0,00 ",,"0,00 ","0,00 ",0,0,0,"0,00"
,REK KORAN,,,"401.567,31 ","731.731,77 ",,,,,,,,,,,"1.133.299,08"
,SELISIH (FEE),"0,00 ","0,00 ","(902,69)","(5.158,23)",,"0,00 ","0,00 ","0,00 ",,"0,00 ","0,00 ",0,0,0,"(6.060,92)"
,Fee (%),#DIV/0!,#DIV/0!,"(0,00)","(0,01)",,#DIV/0!,#DIV/0!,#DIV/0!,,#DIV/0!,#DIV/0!,#DIV/0!,#DIV/0!,#DIV/0!,"(0,01)"
,MASUK TANGGAL,,,,,,,,,,,,,,,
,DICEK TANGGAL,,,,,,,,,,,,,,,
19/12/2025,Quinos,,"42.735,00 ","36.960,00 ","1.213.905,00 ",,,,,,,,,,,"1.293.600,00"
,SETTLEMENT,,"42.735,00 ","36.960,00 ","1.213.905,00 ",,,,,,,,,,,"1.293.600,00"
,SELISIH,"0,00 ","0,00 ","0,00 ","0,00 ",,"0,00 ",,"0,00 ",,"0,00 ","0,00 ",0,0,0,"0,00"
,REK KORAN,,"41.880,00 ","36.590,40 ","1.205.407,67 ",,,,,,,,,,,"1.283.878,07"
,SELISIH (FEE),"0,00 ","(855,00)","(369,60)","(8.497,33)",,"0,00 ","0,00 ","0,00 ",,"0,00 ","0,00 ",0,0,0,"(9.721,93)"
,Fee (%),#DIV/0!,"(0,02)","(0,01)","(0,01)",,#DIV/0!,#DIV/0!,#DIV/0!,,#DIV/0!,#DIV/0!,#DIV/0!,#DIV/0!,#DIV/0!,"(0,01)"
,MASUK TANGGAL,,,,,,,,,,,,,,,
,DICEK TANGGAL,,,,,,,,,,,,,,,
20/12/2025,Quinos,,"167.475,00 ","142.065,00 ","1.757.435,00 ",,,,,,,,,,41.650,"2.108.625,00"
,SETTLEMENT,,"167.475,00 ","142.065,00 ","1.757.435,00 ",,,,,,,,,,,"2.066.975,00"
,SELISIH,"0,00 ","0,00 ","0,00 ","0,00 ",,"0,00 ",,"0,00 ",,"0,00 ","0,00 ",0,0,(41.650),"(41.650,00)"
,REK KORAN,,"164.126,00 ","141.851,91 ","1.745.132,96 ",,,,,,,,,,,"2.051.110,87"
,SELISIH (FEE),"0,00 ","(3.349,00)","(213,09)","(12.302,04)",,"0,00 ","0,00 ","0,00 ",,"0,00 ","0,00 ",0,0,0,"(15.864,13)"
,Fee (%),#DIV/0!,"(0,02)","(0,00)","(0,01)",,#DIV/0!,#DIV/0!,#DIV/0!,,#DIV/0!,#DIV/0!,#DIV/0!,#DIV/0!,#DIV/0!,"(0,01)"
,MASUK TANGGAL,,,,,,,,,,,,,,,
,DICEK TANGGAL,,,,,,,,,,,,,,,
21/12/2025,Quinos,,"159.390,00 ","97.020,00 ","1.077.615,00 ",,,,,,,,,,,"1.334.025,00"
,SETTLEMENT,,"159.390,00 ","97.020,00 ","1.077.615,00 ",,,,,,,,,,,"1.334.025,00"
,SELISIH,"0,00 ","0,00 ","0,00 ","0,00 ",,"0,00 ",,"0,00 ",,"0,00 ","0,00 ",0,0,0,"0,00"
,REK KORAN,,"156.202,00 ","96.874,47 ","1.070.071,71 ",,,,,,,,,,,"1.323.148,18"
,SELISIH (FEE),"0,00 ","(3.188,00)","(145,53)","(7.543,29)",,"0,00 ","0,00 ","0,00 ",,"0,00 ","0,00 ",0,0,0,"(10.876,82)"
,Fee (%),#DIV/0!,"(0,02)","(0,00)","(0,01)",,#DIV/0!,#DIV/0!,#DIV/0!,,#DIV/0!,#DIV/0!,#DIV/0!,#DIV/0!,#DIV/0!,"(0,01)"
,MASUK TANGGAL,,,,,,,,,,,,,,,
,DICEK TANGGAL,,,,,,,,,,,,,,,
22/12/2025,Quinos,,"117.810,00 ","193.205,00 ","726.010,00 ",,,,,,,,,,,"1.037.025,00"
,SETTLEMENT,,"128.205,00 ","182.810,00 ","726.010,00 ",,,,,,,,,,,"1.037.025,00"
,SELISIH,"0,00 ","10.395,00 ","(10.395,00)","0,00 ",,"0,00 ",,"0,00 ",,"0,00 ","0,00 ",0,0,0,"0,00"
,REK KORAN,,"128.012,70 ","179.154,00 ","720.927,94 ",,,,,,,,,,,"1.028.094,64"
,SELISIH (FEE),"0,00 ","(192,30)","(3.656,00)","(5.082,06)",,"0,00 ","0,00 ","0,00 ",,"0,00 ","0,00 ",0,0,0,"(8.930,36)"
,Fee (%),#DIV/0!,"(0,00)","(0,02)","(0,01)",,#DIV/0!,#DIV/0!,#DIV/0!,,#DIV/0!,#DIV/0!,#DIV/0!,#DIV/0!,#DIV/0!,"(0,01)"
,MASUK TANGGAL,,,,,,,,,,,,,,,
,DICEK TANGGAL,,,,,,,,,,,,,,,
23/12/2025,Quinos,"231.500,00 ","35.805,00 ",,"706.860,00 ",,,,,,,,,,,"974.165,00"
,SETTLEMENT,"231.500,00 ","35.805,00 ",,"706.860,00 ",,,,,,,,,,,"974.165,00"
,SELISIH,"0,00 ","0,00 ","0,00 ","0,00 ",,"0,00 ",,"0,00 ",,"0,00 ","0,00 ",0,0,0,"0,00"
,REK KORAN,"231.500,00 ","35.089,00 ",,"701.911,99 ",,,,,,,,,,,"737.000,99"
,SELISIH (FEE),"0,00 ","(716,00)","0,00 ","(4.948,01)",,"0,00 ","0,00 ","0,00 ",,"0,00 ","0,00 ",0,0,0,"(5.664,01)"
,Fee (%),"0,00 ","(0,02)",#DIV/0!,"(0,01)",,#DIV/0!,#DIV/0!,#DIV/0!,,#DIV/0!,#DIV/0!,#DIV/0!,#DIV/0!,#DIV/0!,"(0,01)"
,MASUK TANGGAL,,,,,,,,,,,,,,,
,DICEK TANGGAL,,,,,,,,,,,,,,,
24/12/2025,Quinos,,"251.595,00 ","262.185,00 ","952.875,00 ",,,,,,,,,,,"1.466.655,00"
,SETTLEMENT,,"251.595,00 ","262.185,00 ","952.875,00 ",,,,,,,,,,,"1.466.655,00"
,SELISIH,"0,00 ","0,00 ","0,00 ","0,00 ",,"0,00 ",,"0,00 ",,"0,00 ","0,00 ",0,0,0,"0,00"
,REK KORAN,,"246.563,00 ","261.006,33 ","946.204,88 ",,,,,,,,,,,"1.453.774,21"
,SELISIH (FEE),"0,00 ","(5.032,00)","(1.178,67)","(6.670,12)",,"0,00 ","0,00 ","0,00 ",,"0,00 ","0,00 ",0,0,0,"(12.880,79)"
,Fee (%),#DIV/0!,"(0,02)","(0,00)","(0,01)",,#DIV/0!,#DIV/0!,#DIV/0!,,#DIV/0!,#DIV/0!,#DIV/0!,#DIV/0!,#DIV/0!,"(0,01)"
,MASUK TANGGAL,,,,,,,,,,,,,,,
,DICEK TANGGAL,,,,,,,,,,,,,,,
25/12/2025,Quinos,,"351.120,00 ","292.215,00 ","2.803.370,00 ",,,,,,,,,,,"3.446.705,00"
,SETTLEMENT,,"351.120,00 ","292.215,00 ","2.803.370,00 ",,,,,,,,,,,"3.446.705,00"
,SELISIH,"0,00 ","0,00 ","0,00 ","0,00 ",,"0,00 ",,"0,00 ",,"0,00 ","0,00 ",0,0,0,"0,00"
,REK KORAN,,"344.100,00 ","291.776,68 ","2.783.746,42 ",,,,,,,,,,,"3.419.623,10"
,SELISIH (FEE),"0,00 ","(7.020,00)","(438,32)","(19.623,58)",,"0,00 ","0,00 ","0,00 ",,"0,00 ","0,00 ",0,0,0,"(27.081,90)"
,Fee (%),#DIV/0!,"(0,02)","(0,00)","(0,01)",,#DIV/0!,#DIV/0!,#DIV/0!,,#DIV/0!,#DIV/0!,#DIV/0!,#DIV/0!,#DIV/0!,"(0,01)"
,MASUK TANGGAL,,,,,,,,,,,,,,,
,DICEK TANGGAL,,,,,,,,,,,,,,,
26/12/2025,Quinos,,"660.250,00 ","246.015,00 ","783.760,00 ",,,,,,,,,,,"1.690.025,00"
,SETTLEMENT,,"660.250,00 ","246.015,00 ","783.760,00 ",,,,,,,,,,,"1.690.025,00"
,SELISIH,"0,00 ","0,00 ","0,00 ","0,00 ",,"0,00 ",,"0,00 ",,"0,00 ","0,00 ",0,0,0,"0,00"
,REK KORAN,,"647.045,00 ","245.331,82 ","778.273,69 ",,,,,,,,,,,"1.670.650,51"
,SELISIH (FEE),"0,00 ","(13.205,00)","(683,18)","(5.486,31)",,"0,00 ","0,00 ","0,00 ",,"0,00 ","0,00 ",0,0,0,"(19.374,49)"
,Fee (%),#DIV/0!,"(0,02)","(0,00)","(0,01)",,#DIV/0!,#DIV/0!,#DIV/0!,,#DIV/0!,#DIV/0!,#DIV/0!,#DIV/0!,#DIV/0!,"(0,01)"
,MASUK TANGGAL,,,,,,,,,,,,,,,
,DICEK TANGGAL,,,,,,,,,,,,,,,
27/12/2025,Quinos,,"132.825,00 ","351.120,00 ","1.396.395,00 ",,,,,,,,,,,"1.880.340,00"
,SETTLEMENT,,"132.825,00 ","351.120,00 ","1.396.395,00 ",,,,,,,,,,,"1.880.340,00"
,SELISIH,"0,00 ","0,00 ","0,00 ","0,00 ",,"0,00 ",,"0,00 ",,"0,00 ","0,00 ",0,0,0,"0,00"
,REK KORAN,,"130.169,00 ","350.593,32 ","1.386.620,24 ",,,,,,,,,,,"1.867.382,56"
,SELISIH (FEE),"0,00 ","(2.656,00)","(526,68)","(9.774,76)",,"0,00 ","0,00 ","0,00 ",,"0,00 ","0,00 ",0,0,0,"(12.957,44)"
,Fee (%),#DIV/0!,"(0,02)","(0,00)","(0,01)",,#DIV/0!,#DIV/0!,#DIV/0!,,#DIV/0!,#DIV/0!,#DIV/0!,#DIV/0!,#DIV/0!,"(0,01)"
,MASUK TANGGAL,,,,,,,,,,,,,,,
,DICEK TANGGAL,,,,,,,,,,,,,,,
28/12/2025,Quinos,,"657.195,00 ","170.940,00 ","1.956.570,00 ",,,,,,,,,,,"2.784.705,00"
,SETTLEMENT,,"657.195,00 ","170.940,00 ","1.919.610,00 ",,,,,,,,,,,"2.747.745,00"
,SELISIH,"0,00 ","0,00 ","0,00 ","(36.960,00)",,"0,00 ",,"0,00 ",,"0,00 ","0,00 ",0,0,0,"(36.960,00)"
,REK KORAN,,"643.647,00 ","170.683,59 ","1.906.172,74 ",,,,,,,,,,,"2.720.503,33"
,SELISIH (FEE),"0,00 ","(13.548,00)","(256,41)","(13.437,26)",,"0,00 ","0,00 ","0,00 ",,"0,00 ","0,00 ",0,0,0,"(27.241,67)"
,Fee (%),#DIV/0!,"(0,02)","(0,00)","(0,01)",,#DIV/0!,#DIV/0!,#DIV/0!,,#DIV/0!,#DIV/0!,#DIV/0!,#DIV/0!,#DIV/0!,"(0,01)"
,MASUK TANGGAL,,,,,,,,,,,,,,,
,DICEK TANGGAL,,,,,,,,,,,,,,,
29/12/2025,Quinos,,"182.490,00 ","233.310,00 ","930.930,00 ",,,,,,,,,,,"1.346.730,00"
,SETTLEMENT,,"182.490,00 ","233.310,00 ","933.930,00 ",,,,,,,,,,,"1.349.730,00"
,SELISIH,"0,00 ","0,00 ","0,00 ","3.000,00 ",,"0,00 ",,"0,00 ",,"0,00 ","0,00 ",0,0,0,"3.000,00"
,REK KORAN,,"178.841,00 ","232.960,04 ","927.392,50 ",,,,,,,,,,,"1.339.193,54"
,SELISIH (FEE),"0,00 ","(3.649,00)","(349,96)","(6.537,50)",,"0,00 ","0,00 ","0,00 ",,"0,00 ","0,00 ",0,0,0,"(10.536,46)"
,Fee (%),#DIV/0!,"(0,02)","(0,00)","(0,01)",,#DIV/0!,#DIV/0!,#DIV/0!,,#DIV/0!,#DIV/0!,#DIV/0!,#DIV/0!,#DIV/0!,"(0,01)"
,MASUK TANGGAL,,,,,,,,,,,,,,,
,DICEK TANGGAL,,,,,,,,,,,,,,,
30/12/2025,Quinos,,"128.205,00 ","40.425,00 ","1.373.475,00 ",,,,,,,,,,18.300,"1.560.405,00"
,SETTLEMENT,,"128.205,00 ","40.425,00 ","1.373.475,00 ",,,,,,,,,,,"1.542.105,00"
,SELISIH,"0,00 ","0,00 ","0,00 ","0,00 ",,"0,00 ",,"0,00 ",,"0,00 ","0,00 ",0,0,(18.300),"(18.300,00)"
,REK KORAN,,"125.642,00 ","40.020,75 ","1.363.860,68 ",,,,,,,,,,,"1.529.523,43"
,SELISIH (FEE),"0,00 ","(2.563,00)","(404,25)","(9.614,32)",,"0,00 ","0,00 ","0,00 ",,"0,00 ","0,00 ",0,0,0,"(12.581,57)"
,Fee (%),#DIV/0!,"(0,02)","(0,01)","(0,01)",,#DIV/0!,#DIV/0!,#DIV/0!,,#DIV/0!,#DIV/0!,#DIV/0!,#DIV/0!,#DIV/0!,"(0,01)"
,MASUK TANGGAL,,,,,,,,,,,,,,,
,DICEK TANGGAL,,,,,,,,,,,,,,,
31/12/2025,Quinos,"113.190,00 ","197.505,00 ","345.420,00 ","1.613.535,00 ",,,,,,,,,,,"2.269.650,00"
,SETTLEMENT,,"285.285,00 ","345.420,00 ","1.525.755,00 ",,,,,,,,,,,"2.156.460,00"
,SELISIH,"(113.190,00)","87.780,00 ","0,00 ","(87.780,00)",,"0,00 ",,"0,00 ",,"0,00 ","0,00 ",0,0,0,"(113.190,00)"
,REK KORAN,,"279.580,00 ","342.279,96 ","1.515.074,73 ",,,,,,,,,,,"2.136.934,69"
,SELISIH (FEE),"0,00 ","(5.705,00)","(3.140,04)","(10.680,27)",,"0,00 ","0,00 ","0,00 ",,"0,00 ","0,00 ",0,0,0,"(19.525,31)"
,Fee (%),#DIV/0!,"(0,02)","(0,01)","(0,01)",,#DIV/0!,#DIV/0!,#DIV/0!,,#DIV/0!,#DIV/0!,#DIV/0!,#DIV/0!,#DIV/0!,"(0,01)"
,MASUK TANGGAL,,,,,,,,,,,,,,,
,DICEK TANGGAL,,,,,,,,,,,,,,,
01/01/2026,Quinos,,"501.270,00 ","386.925,00 ","3.330.350,00 ",,,,,,,,,,,"4.218.545,00"
,SETTLEMENT,,"501.270,00 ","386.925,00 ","3.330.350,00 ",,,,,,,,,,,"4.218.545,00"
,SELISIH,"0,00 ","0,00 ","0,00 ","0,00 ",,"0,00 ",,"0,00 ",,"0,00 ","0,00 ",0,0,0,"0,00"
,REK KORAN,"113.190,00 ","491.245,00 ","385.775,20 ","3.307.037,56 ",,,,,,,,,,,"4.184.057,76"
,SELISIH (FEE),"113.190,00 ","(10.025,00)","(1.149,80)","(23.312,44)",,"0,00 ","0,00 ","0,00 ",,"0,00 ","0,00 ",0,0,0,"(34.487,24)"
,Fee (%),#DIV/0!,"(0,02)","(0,00)","(0,01)",,#DIV/0!,#DIV/0!,#DIV/0!,,#DIV/0!,#DIV/0!,#DIV/0!,#DIV/0!,#DIV/0!,"(0,01)"
,MASUK TANGGAL,,,,,,,,,,,,,,,
,DICEK TANGGAL,,,,,,,,,,,,,,,
02/01/2026,Quinos,,"57.750,00 ","433.555,00 ","852.390,00 ",,,,,,,,,,,"1.343.695,00"
,SETTLEMENT,,"57.750,00 ","433.555,00 ","852.390,00 ",,,,,,,,,,,"1.343.695,00"
,SELISIH,"0,00 ","0,00 ","0,00 ","0,00 ",,"0,00 ",,"0,00 ",,"0,00 ","0,00 ",0,0,0,"0,00"
,REK KORAN,,"56.595,00 ","430.635,51 ","846.423,27 ",,,,,,,,,,,"1.333.653,78"
,SELISIH (FEE),"0,00 ","(1.155,00)","(2.919,49)","(5.966,73)",,"0,00 ","0,00 ","0,00 ",,"0,00 ","0,00 ",0,0,0,"(10.041,22)"
,Fee (%),#DIV/0!,"(0,02)","(0,01)","(0,01)",,#DIV/0!,#DIV/0!,#DIV/0!,,#DIV/0!,#DIV/0!,#DIV/0!,#DIV/0!,#DIV/0!,"(0,01)"
,MASUK TANGGAL,,,,,,,,,,,,,,,
,DICEK TANGGAL,,,,,,,,,,,,,,,
03/01/2026,Quinos,,"56.595,00 ","124.740,00 ","1.514.205,00 ",,,,,,,,,,,"1.695.540,00"
,SETTLEMENT,,"56.595,00 ","124.740,00 ","1.514.205,00 ",,,,,,,,,,,"1.695.540,00"
,SELISIH,"0,00 ","0,00 ","0,00 ","0,00 ",,"0,00 ",,"0,00 ",,"0,00 ","0,00 ",0,0,0,"0,00"
,REK KORAN,,"55.463,00 ","124.552,89 ","1.503.605,57 ",,,,,,,,,,,"1.683.621,46"
,SELISIH (FEE),"0,00 ","(1.132,00)","(187,11)","(10.599,43)",,"0,00 ","0,00 ","0,00 ",,"0,00 ","0,00 ",0,0,0,"(11.918,54)"
,Fee (%),#DIV/0!,"(0,02)","(0,00)","(0,01)",,#DIV/0!,#DIV/0!,#DIV/0!,,#DIV/0!,#DIV/0!,#DIV/0!,#DIV/0!,#DIV/0!,"(0,01)"
,MASUK TANGGAL,,,,,,,,,,,,,,,
,DICEK TANGGAL,,,,,,,,,,,,,,,
04/01/2026,Quinos,,"241.395,00 ","222.915,00 ","1.738.275,00 ",,,,,,,,,,,"2.202.585,00"
,SETTLEMENT,,"241.395,00 ","222.915,00 ","1.738.275,00 ",,,,,,,,,,,"2.202.585,00"
,SELISIH,"0,00 ","0,00 ","0,00 ","0,00 ",,"0,00 ",,"0,00 ",,"0,00 ","0,00 ",0,0,0,"0,00"
,REK KORAN,,"236.983,00 ","222.580,63 ","1.726.107,08 ",,,,,,,,,,,"2.185.670,71"
,SELISIH (FEE),"0,00 ","(4.412,00)","(334,37)","(12.167,92)",,"0,00 ","0,00 ","0,00 ",,"0,00 ","0,00 ",0,0,0,"(16.914,29)"
,Fee (%),#DIV/0!,"(0,02)","(0,00)","(0,01)",,#DIV/0!,#DIV/0!,#DIV/0!,,#DIV/0!,#DIV/0!,#DIV/0!,#DIV/0!,#DIV/0!,"(0,01)"
,MASUK TANGGAL,,,,,,,,,,,,,,,
,DICEK TANGGAL,,,,,,,,,,,,,,,
05/01/2026,Quinos,,"36.960,00 ",,"472.715,00 ",,,,,,,,,,,"509.675,00"
,SETTLEMENT,,"36.960,00 ",,"472.715,00 ",,,,,,,,,,,"509.675,00"
,SELISIH,"0,00 ","0,00 ","0,00 ","0,00 ",,"0,00 ",,"0,00 ",,"0,00 ","0,00 ",0,0,0,"0,00"
,REK KORAN,,"36.221,00 ",,"469.406,00 ",,,,,,,,,,,"505.627,00"
,SELISIH (FEE),"0,00 ","(739,00)","0,00 ","(3.309,00)",,"0,00 ","0,00 ","0,00 ",,"0,00 ","0,00 ",0,0,0,"(4.048,00)"
,Fee (%),#DIV/0!,"(0,02)",#DIV/0!,"(0,01)",,#DIV/0!,#DIV/0!,#DIV/0!,,#DIV/0!,#DIV/0!,#DIV/0!,#DIV/0!,#DIV/0!,"(0,01)"
,MASUK TANGGAL,,,,,,,,,,,,,,,
,DICEK TANGGAL,,,,,,,,,,,,,,,
06/01/2026,Quinos,,"250.120,00 ","45.045,00 ","386.925,00 ",,,,,,,,,,,"682.090,00"
,SETTLEMENT,,"250.120,00 ","45.045,00 ","386.925,00 ",,,,,,,,,,,"682.090,00"
,SELISIH,"0,00 ","0,00 ","0,00 ","0,00 ",,"0,00 ",,"0,00 ",,"0,00 ","0,00 ",0,0,0,"0,00"
,REK KORAN,,"245.117,00 ","44.977,44 ","384.216,53 ",,,,,,,,,,,"674.310,97"
,SELISIH (FEE),"0,00 ","(5.003,00)","(67,56)","(2.708,47)",,"0,00 ","0,00 ","0,00 ",,"0,00 ","0,00 ",0,0,0,"(7.779,03)"
,Fee (%),#DIV/0!,"(0,02)","(0,00)","(0,01)",,#DIV/0!,#DIV/0!,#DIV/0!,,#DIV/0!,#DIV/0!,#DIV/0!,#DIV/0!,#DIV/0!,"(0,01)"
,MASUK TANGGAL,,,,,,,,,,,,,,,
,DICEK TANGGAL,,,,,,,,,,,,,,,
07/01/2026,Quinos,"11.550,00 ","257.565,00 ","56.595,00 ","637.560,00 ",,,,,,,,,,,"963.270,00"
,SETTLEMENT,"11.550,00 ","257.565,00 ","56.595,00 ","637.560,00 ",,,,,,,,,,,"963.270,00"
,SELISIH,"0,00 ","0,00 ","0,00 ","0,00 ",,"0,00 ",,"0,00 ",,"0,00 ","0,00 ",0,0,0,"0,00"
,REK KORAN,"11.550,00 ","252.125,00 ","56.510,11 ","633.097,09 ",,,,,,,,,,,"941.732,20"
,SELISIH (FEE),"0,00 ","(5.440,00)","(84,89)","(4.462,91)",,"0,00 ","0,00 ","0,00 ",,"0,00 ","0,00 ",0,0,0,"(9.987,80)"
,Fee (%),"0,00 ","(0,02)","(0,00)","(0,01)",,#DIV/0!,#DIV/0!,#DIV/0!,,#DIV/0!,#DIV/0!,#DIV/0!,#DIV/0!,#DIV/0!,"(0,01)"
,MASUK TANGGAL,,,,,,,,,,,,,,,
,DICEK TANGGAL,,,,,,,,,,,,,,,
08/01/2026,Quinos,,"40.425,00 ","350.120,00 ","493.185,00 ",,,,,,,,,,,"883.730,00"
,SETTLEMENT,,"40.425,00 ","350.120,00 ","493.185,00 ",,,,,,,,,,,"883.730,00"
,SELISIH,"0,00 ","0,00 ","0,00 ","0,00 ",,"0,00 ",,"0,00 ",,"0,00 ","0,00 ",0,0,0,"0,00"
,REK KORAN,,"39.617,00 ","349.594,82 ","489.732,71 ",,,,,,,,,,,"878.944,53"
,SELISIH (FEE),"0,00 ","(808,00)","(525,18)","(3.452,29)",,"0,00 ","0,00 ","0,00 ",,"0,00 ","0,00 ",0,0,0,"(4.785,47)"
,Fee (%),#DIV/0!,"(0,02)","(0,00)","(0,01)",,#DIV/0!,#DIV/0!,#DIV/0!,,#DIV/0!,#DIV/0!,#DIV/0!,#DIV/0!,#DIV/0!,"(0,01)"
,MASUK TANGGAL,,,,,,,,,,,,,,,
,DICEK TANGGAL,,,,,,,,,,,,,,,
09/01/2026,Quinos,,"42.735,00 ","87.780,00 ","557.865,00 ",,,,,,,,,,,"688.380,00"
,SETTLEMENT,,"42.735,00 ","87.780,00 ","557.865,00 ",,,,,,,,,,,"688.380,00"
,SELISIH,"0,00 ","0,00 ","0,00 ","0,00 ",,"0,00 ",,"0,00 ",,"0,00 ","0,00 ",0,0,0,"0,00"
,REK KORAN,,"41.880,00 ","87.304,72 ","553.959,95 ",,,,,,,,,,,"683.144,67"
,SELISIH (FEE),"0,00 ","(855,00)","(475,28)","(3.905,05)",,"0,00 ","0,00 ","0,00 ",,"0,00 ","0,00 ",0,0,0,"(5.235,33)"
,Fee (%),#DIV/0!,"(0,02)","(0,01)","(0,01)",,#DIV/0!,#DIV/0!,#DIV/0!,,#DIV/0!,#DIV/0!,#DIV/0!,#DIV/0!,#DIV/0!,"(0,01)"
,MASUK TANGGAL,,,,,,,,,,,,,,,
,DICEK TANGGAL,,,,,,,,,,,,,,,
10/01/2026,Quinos,,"117.810,00 ","148.995,00 ","1.778.090,00 ",,,,,,,,,,,"2.044.895,00"
,SETTLEMENT,,"117.810,00 ","148.995,00 ","1.778.090,00 ",,,,,,,,,,,"2.044.895,00"
,SELISIH,"0,00 ","0,00 ","0,00 ","0,00 ",,"0,00 ",,"0,00 ",,"0,00 ","0,00 ",0,0,0,"0,00"
,REK KORAN,,"115.454,00 ","148.457,35 ","1.765.643,38 ",,,,,,,,,,,"2.029.554,73"
,SELISIH (FEE),"0,00 ","(2.356,00)","(537,65)","(12.446,62)",,"0,00 ","0,00 ","0,00 ",,"0,00 ","0,00 ",0,0,0,"(15.340,27)"
,Fee (%),#DIV/0!,"(0,02)","(0,00)","(0,01)",,#DIV/0!,#DIV/0!,#DIV/0!,,#DIV/0!,#DIV/0!,#DIV/0!,#DIV/0!,#DIV/0!,"(0,01)"
,MASUK TANGGAL,,,,,,,,,,,,,,,
,DICEK TANGGAL,,,,,,,,,,,,,,,
11/01/2026,Quinos,,"318.265,00 ","232.155,00 ","1.640.100,00 ",,,,,,,,,100.000,,"2.290.520,00"
,SETTLEMENT,,"318.265,00 ","232.155,00 ","1.640.100,00 ",,,,,,,,,,,"2.190.520,00"
,SELISIH,"0,00 ","0,00 ","0,00 ","0,00 ",,"0,00 ",,"0,00 ",,"0,00 ","0,00 ",0,(100.000),0,"(100.000,00)"
,REK KORAN,,"311.900,00 ","231.806,77 ","1.628.619,31 ",,,,,,,,,,,"2.172.326,08"
,SELISIH (FEE),"0,00 ","(6.365,00)","(348,23)","(11.480,69)",,"0,00 ","0,00 ","0,00 ",,"0,00 ","0,00 ",0,0,0,"(18.193,92)"
,Fee (%),#DIV/0!,"(0,02)","(0,00)","(0,01)",,#DIV/0!,#DIV/0!,#DIV/0!,,#DIV/0!,#DIV/0!,#DIV/0!,#DIV/0!,#DIV/0!,"(0,01)"
,MASUK TANGGAL,,,,,,,,,,,,,,,
,DICEK TANGGAL,,,,,,,,,,,,,,,
12/01/2026,Quinos,,,,"1.521.000,00 ",,,,,,,,,,,"1.521.000,00"
,SETTLEMENT,,"130.000,00 ","79.695,00 ","1.311.305,00 ",,,,,,,,,,,"1.521.000,00"
,SELISIH,"0,00 ","130.000,00 ","79.695,00 ","(209.695,00)",,"0,00 ",,"0,00 ",,"0,00 ","0,00 ",0,0,0,"0,00"
,REK KORAN,,"127.400,00 ","79.575,46 ","1.302.125,87 ",,,,,,,,,,,"1.509.101,33"
,SELISIH (FEE),"0,00 ","(2.600,00)","(119,54)","(9.179,13)",,"0,00 ","0,00 ","0,00 ",,"0,00 ","0,00 ",0,0,0,"(11.898,67)"
,Fee (%),#DIV/0!,"(0,02)","(0,00)","(0,01)",,#DIV/0!,#DIV/0!,#DIV/0!,,#DIV/0!,#DIV/0!,#DIV/0!,#DIV/0!,#DIV/0!,"(0,01)"
,MASUK TANGGAL,,,,,,,,,,,,,,,
,DICEK TANGGAL,,,,,,,,,,,,,,,
13/01/2026,Quinos,,"165.805,00 ","213.675,00 ","570.570,00 ",,,,,,,,,,,"950.050,00"
,SETTLEMENT,,"165.805,00 ","213.675,00 ","570.570,00 ",,,,,,,,,,,"950.050,00"
,SELISIH,"0,00 ","0,00 ","0,00 ","0,00 ",,"0,00 ",,"0,00 ",,"0,00 ","0,00 ",0,0,0,"0,00"
,REK KORAN,,"162.489,00 ","213.354,49 ","566.576,02 ",,,,,,,,,,,"942.419,51"
,SELISIH (FEE),"0,00 ","(3.316,00)","(320,51)","(3.993,98)",,"0,00 ","0,00 ","0,00 ",,"0,00 ","0,00 ",0,0,0,"(7.630,49)"
,Fee (%),#DIV/0!,"(0,02)","(0,00)","(0,01)",,#DIV/0!,#DIV/0!,#DIV/0!,,#DIV/0!,#DIV/0!,#DIV/0!,#DIV/0!,#DIV/0!,"(0,01)"
,MASUK TANGGAL,,,,,,,,,,,,,,,
,DICEK TANGGAL,,,,,,,,,,,,,,,
14/01/2026,Quinos,,"336.380,00 ","69.300,00 ","560.175,00 ",,,,,,,,,,,"965.855,00"
,SETTLEMENT,,"336.380,00 ","69.300,00 ","560.175,00 ",,,,,,,,,,,"965.855,00"
,SELISIH,"0,00 ","0,00 ","0,00 ","0,00 ",,"0,00 ",,"0,00 ",,"0,00 ","0,00 ",0,0,0,"0,00"
,REK KORAN,,"329.653,00 ","69.196,05 ","556.253,78 ",,,,,,,,,,,"955.102,83"
,SELISIH (FEE),"0,00 ","(6.727,00)","(103,95)","(3.921,22)",,"0,00 ","0,00 ","0,00 ",,"0,00 ","0,00 ",0,0,0,"(10.752,17)"
,Fee (%),#DIV/0!,"(0,02)","(0,00)","(0,01)",,#DIV/0!,#DIV/0!,#DIV/0!,,#DIV/0!,#DIV/0!,#DIV/0!,#DIV/0!,#DIV/0!,"(0,01)"
,MASUK TANGGAL,,,,,,,,,,,,,,,
,DICEK TANGGAL,,,,,,,,,,,,,,,
15/01/2026,Quinos,,,"36.960,00 ","583.275,00 ",,,,,,,,,,,"620.235,00"
,SETTLEMENT,,,"36.960,00 ","583.275,00 ",,,,,,,,,,,"620.235,00"
,SELISIH,"0,00 ","0,00 ","0,00 ","0,00 ",,"0,00 ",,"0,00 ",,"0,00 ","0,00 ",0,0,0,"0,00"
,REK KORAN,,,"36.904,56 ","579.192,08 ",,,,,,,,,,,"616.096,64"
,SELISIH (FEE),"0,00 ","0,00 ","(55,44)","(4.082,92)",,"0,00 ","0,00 ","0,00 ",,"0,00 ","0,00 ",0,0,0,"(4.138,36)"
,Fee (%),#DIV/0!,#DIV/0!,"(0,00)","(0,01)",,#DIV/0!,#DIV/0!,#DIV/0!,,#DIV/0!,#DIV/0!,#DIV/0!,#DIV/0!,#DIV/0!,"(0,01)"
,MASUK TANGGAL,,,,,,,,,,,,,,,
,DICEK TANGGAL,,,,,,,,,,,,,,,
16/01/2026,Quinos,,"261.030,00 ","555.070,00 ","1.234.970,00 ",,,,,,,,,,,"2.051.070,00"
,SETTLEMENT,,"261.390,00 ","555.070,00 ","1.234.970,00 ",,,,,,,,,,,"2.051.430,00"
,SELISIH,"0,00 ","360,00 ","0,00 ","0,00 ",,"0,00 ",,"0,00 ",,"0,00 ","0,00 ",0,0,0,"360,00"
,REK KORAN,,"256.376,00 ","553.893,79 ","1.226.325,22 ",,,,,,,,,,,"2.036.595,01"
,SELISIH (FEE),"0,00 ","(5.014,00)","(1.176,21)","(8.644,78)",,"0,00 ","0,00 ","0,00 ",,"0,00 ","0,00 ",0,0,0,"(14.834,99)"
,Fee (%),#DIV/0!,"(0,02)","(0,00)","(0,01)",,#DIV/0!,#DIV/0!,#DIV/0!,,#DIV/0!,#DIV/0!,#DIV/0!,#DIV/0!,#DIV/0!,"(0,01)"
,MASUK TANGGAL,,,,,,,,,,,,,,,
,DICEK TANGGAL,,,,,,,,,,,,,,,
17/01/2026,Quinos,,"213.675,00 ","227.535,00 ","1.182.720,00 ",,,,,,,,,,,"1.623.930,00"
,SETTLEMENT,,"213.675,00 ","227.535,00 ","1.182.720,00 ",,,,,,,,,,,"1.623.930,00"
,SELISIH,"0,00 ","0,00 ","0,00 ","0,00 ",,"0,00 ",,"0,00 ",,"0,00 ","0,00 ",0,0,0,"0,00"
,REK KORAN,,"209.402,00 ","226.172,68 ","1.174.440,96 ",,,,,,,,,,,"1.610.015,64"
,SELISIH (FEE),"0,00 ","(4.273,00)","(1.362,32)","(8.279,04)",,"0,00 ","0,00 ","0,00 ",,"0,00 ","0,00 ",0,0,0,"(13.914,36)"
,Fee (%),#DIV/0!,"(0,02)","(0,01)","(0,01)",,#DIV/0!,#DIV/0!,#DIV/0!,,#DIV/0!,#DIV/0!,#DIV/0!,#DIV/0!,#DIV/0!,"(0,01)"
,MASUK TANGGAL,,,,,,,,,,,,,,,
,DICEK TANGGAL,,,,,,,,,,,,,,,
18/01/2026,Quinos,,,,"626.680,00 ",,,,,,,,,,57.750,"684.430,00"
,SETTLEMENT,,,,"626.680,00 ",,,,,,,,,,,"626.680,00"
,SELISIH,"0,00 ","0,00 ","0,00 ","0,00 ",,"0,00 ",,"0,00 ",,"0,00 ","0,00 ",0,0,(57.750),"(57.750,00)"
,REK KORAN,,,,"622.293,24 ",,,,,,,,,,,"622.293,24"
,SELISIH (FEE),"0,00 ","0,00 ","0,00 ","(4.386,76)",,"0,00 ","0,00 ","0,00 ",,"0,00 ","0,00 ",0,0,0,"(4.386,76)"
,Fee (%),#DIV/0!,#DIV/0!,#DIV/0!,"(0,01)",,#DIV/0!,#DIV/0!,#DIV/0!,,#DIV/0!,#DIV/0!,#DIV/0!,#DIV/0!,#DIV/0!,"(0,01)"
,MASUK TANGGAL,,,,,,,,,,,,,,,
,DICEK TANGGAL,,,,,,,,,,,,,,,
19/01/2026,Quinos,,"49.665,00 ",,"279.510,00 ",,,,,,,,,,,"329.175,00"
,SETTLEMENT,,"49.665,00 ",,"279.510,00 ",,,,,,,,,,,"329.175,00"
,SELISIH,"0,00 ","0,00 ","0,00 ","0,00 ",,"0,00 ",,"0,00 ",,"0,00 ","0,00 ",0,0,0,"0,00"
,REK KORAN,,"48.672,00 ",,"277.553,44 ",,,,,,,,,,,"326.225,44"
,SELISIH (FEE),"0,00 ","(993,00)","0,00 ","(1.956,56)",,"0,00 ","0,00 ","0,00 ",,"0,00 ","0,00 ",0,0,0,"(2.949,56)"
,Fee (%),#DIV/0!,"(0,02)",#DIV/0!,"(0,01)",,#DIV/0!,#DIV/0!,#DIV/0!,,#DIV/0!,#DIV/0!,#DIV/0!,#DIV/0!,#DIV/0!,"(0,01)"
,MASUK TANGGAL,,,,,,,,,,,,,,,
,DICEK TANGGAL,,,,,,,,,,,,,,,
20/01/2026,Quinos,,"73.920,00 ","87.780,00 ","460.845,00 ",,,,,,,,,,,"622.545,00"
,SETTLEMENT,,"73.920,00 ","87.780,00 ","460.845,00 ",,,,,,,,,,,"622.545,00"
,SELISIH,"0,00 ","0,00 ","0,00 ","0,00 ",,"0,00 ",,"0,00 ",,"0,00 ","0,00 ",0,0,0,"0,00"
,REK KORAN,,"72.442,00 ","87.648,33 ","457.619,09 ",,,,,,,,,,,"617.709,42"
,SELISIH (FEE),"0,00 ","(1.478,00)","(131,67)","(3.225,91)",,"0,00 ","0,00 ","0,00 ",,"0,00 ","0,00 ",0,0,0,"(4.835,58)"
,Fee (%),#DIV/0!,"(0,02)","(0,00)","(0,01)",,#DIV/0!,#DIV/0!,#DIV/0!,,#DIV/0!,#DIV/0!,#DIV/0!,#DIV/0!,#DIV/0!,"(0,01)"
,MASUK TANGGAL,,,,,,,,,,,,,,,
,DICEK TANGGAL,,,,,,,,,,,,,,,
21/01/2026,Quinos,,"190.575,00 ","97.260,00 ","592.515,00 ",,,,,,,,,,,"880.350,00"
,SETTLEMENT,,"190.575,00 ","97.260,00 ","592.515,00 ",,,,,,,,,,,"880.350,00"
,SELISIH,"0,00 ","0,00 ","0,00 ","0,00 ",,"0,00 ",,"0,00 ",,"0,00 ","0,00 ",0,0,0,"0,00"
,REK KORAN,,"186.977,00 ","96.601,56 ","588.367,40 ",,,,,,,,,,,"871.945,96"
,SELISIH (FEE),"0,00 ","(3.598,00)","(658,44)","(4.147,60)",,"0,00 ","0,00 ","0,00 ",,"0,00 ","0,00 ",0,0,0,"(8.404,04)"
,Fee (%),#DIV/0!,"(0,02)","(0,01)","(0,01)",,#DIV/0!,#DIV/0!,#DIV/0!,,#DIV/0!,#DIV/0!,#DIV/0!,#DIV/0!,#DIV/0!,"(0,01)"
,MASUK TANGGAL,,,,,,,,,,,,,,,
,DICEK TANGGAL,,,,,,,,,,,,,,,
22/01/2026,Quinos,,"61.215,00 ","69.300,00 ","955.015,00 ",,,,,,,,,,,"1.085.530,00"
,SETTLEMENT,,"61.215,00 ","69.300,00 ","955.015,00 ",,,,,,,,,,,"1.085.530,00"
,SELISIH,"0,00 ","0,00 ","0,00 ","0,00 ",,"0,00 ",,"0,00 ",,"0,00 ","0,00 ",0,0,0,"0,00"
,REK KORAN,,"59.991,00 ","69.196,05 ","948.329,91 ",,,,,,,,,,,"1.077.516,96"
,SELISIH (FEE),"0,00 ","(1.224,00)","(103,95)","(6.685,09)",,"0,00 ","0,00 ","0,00 ",,"0,00 ","0,00 ",0,0,0,"(8.013,04)"
,Fee (%),#DIV/0!,"(0,02)","(0,00)","(0,01)",,#DIV/0!,#DIV/0!,#DIV/0!,,#DIV/0!,#DIV/0!,#DIV/0!,#DIV/0!,#DIV/0!,"(0,01)"
,MASUK TANGGAL,,,,,,,,,,,,,,,
,DICEK TANGGAL,,,,,,,,,,,,,,,
23/01/2026,Quinos,,"147.750,00 ","40.425,00 ","255.255,00 ",,,,,,,,,,,"443.430,00"
,SETTLEMENT,,"147.750,00 ","40.425,00 ","255.255,00 ",,,,,,,,,,,"443.430,00"
,SELISIH,"0,00 ","0,00 ","0,00 ","0,00 ",,"0,00 ",,"0,00 ",,"0,00 ","0,00 ",0,0,0,"0,00"
,REK KORAN,,"144.956,00 ","40.364,37 ","253.468,22 ",,,,,,,,,,,"438.788,59"
,SELISIH (FEE),"0,00 ","(2.794,00)","(60,63)","(1.786,78)",,"0,00 ","0,00 ","0,00 ",,"0,00 ","0,00 ",0,0,0,"(4.641,41)"
,Fee (%),#DIV/0!,"(0,02)","(0,00)","(0,01)",,#DIV/0!,#DIV/0!,#DIV/0!,,#DIV/0!,#DIV/0!,#DIV/0!,#DIV/0!,#DIV/0!,"(0,01)"
,MASUK TANGGAL,,,,,,,,,,,,,,,
,DICEK TANGGAL,,,,,,,,,,,,,,,
24/01/2026,Quinos,,"495.495,00 ","206.745,00 ","1.693.610,00 ",,,,,,,,,,86.400,"2.482.250,00"
,SETTLEMENT,,"495.495,00 ","206.745,00 ","1.693.610,00 ",,,,,,,,,,,"2.395.850,00"
,SELISIH,"0,00 ","0,00 ","0,00 ","0,00 ",,"0,00 ",,"0,00 ",,"0,00 ","0,00 ",0,0,(86.400),"(86.400,00)"
,REK KORAN,,"485.586,00 ","206.434,89 ","1.681.754,74 ",,,,,,,,,,,"2.373.775,63"
,SELISIH (FEE),"0,00 ","(9.909,00)","(310,11)","(11.855,26)",,"0,00 ","0,00 ","0,00 ",,"0,00 ","0,00 ",0,0,0,"(22.074,37)"
,Fee (%),#DIV/0!,"(0,02)","(0,00)","(0,01)",,#DIV/0!,#DIV/0!,#DIV/0!,,#DIV/0!,#DIV/0!,#DIV/0!,#DIV/0!,#DIV/0!,"(0,01)"
,MASUK TANGGAL,,,,,,,,,,,,,,,
,DICEK TANGGAL,,,,,,,,,,,,,,,
25/01/2026,Quinos,,"40.425,00 ","62.370,00 ","1.919.550,00 ",,,,,,,,,,,"2.022.345,00"
,SETTLEMENT,,"40.425,00 ","62.370,00 ","1.919.550,00 ",,,,,,,,,,,"2.022.345,00"
,SELISIH,"0,00 ","0,00 ","0,00 ","0,00 ",,"0,00 ",,"0,00 ",,"0,00 ","0,00 ",0,0,0,"0,00"
,REK KORAN,,"39.819,00 ","61.932,84 ","1.906.113,16 ",,,,,,,,,,,"2.007.865,00"
,SELISIH (FEE),"0,00 ","(606,00)","(437,16)","(13.436,84)",,"0,00 ","0,00 ","0,00 ",,"0,00 ","0,00 ",0,0,0,"(14.480,00)"
,Fee (%),#DIV/0!,"(0,01)","(0,01)","(0,01)",,#DIV/0!,#DIV/0!,#DIV/0!,,#DIV/0!,#DIV/0!,#DIV/0!,#DIV/0!,#DIV/0!,"(0,01)"
,MASUK TANGGAL,,,,,,,,,,,,,,,
,DICEK TANGGAL,,,,,,,,,,,,,,,
26/01/2026,Quinos,,,"177.870,00 ","313.005,00 ",,,,,,,,,,,"490.875,00"
,SETTLEMENT,,,"177.870,00 ","313.005,00 ",,,,,,,,,,,"490.875,00"
,SELISIH,"0,00 ","0,00 ","0,00 ","0,00 ",,"0,00 ",,"0,00 ",,"0,00 ","0,00 ",0,0,0,"0,00"
,REK KORAN,,,"177.603,20 ","310.813,98 ",,,,,,,,,,,"488.417,18"
,SELISIH (FEE),"0,00 ","0,00 ","(266,80)","(2.191,02)",,"0,00 ","0,00 ","0,00 ",,"0,00 ","0,00 ",0,0,0,"(2.457,82)"
,Fee (%),#DIV/0!,#DIV/0!,"(0,00)","(0,01)",,#DIV/0!,#DIV/0!,#DIV/0!,,#DIV/0!,#DIV/0!,#DIV/0!,#DIV/0!,#DIV/0!,"(0,01)"
,MASUK TANGGAL,,,,,,,,,,,,,,,
,DICEK TANGGAL,,,,,,,,,,,,,,,
27/01/2026,Quinos,,"263.340,00 ",,"499.280,00 ",,,,,,,,,,,"762.620,00"
,SETTLEMENT,,"263.340,00 ",,"499.280,00 ",,,,,,,,,,,"762.620,00"
,SELISIH,"0,00 ","0,00 ","0,00 ","0,00 ",,"0,00 ",,"0,00 ",,"0,00 ","0,00 ",0,0,0,"0,00"
,REK KORAN,,"258.073,00 ",,"495.785,05 ",,,,,,,,,,,"753.858,05"
,SELISIH (FEE),"0,00 ","(5.267,00)","0,00 ","(3.494,95)",,"0,00 ","0,00 ","0,00 ",,"0,00 ","0,00 ",0,0,0,"(8.761,95)"
,Fee (%),#DIV/0!,"(0,02)",#DIV/0!,"(0,01)",,#DIV/0!,#DIV/0!,#DIV/0!,,#DIV/0!,#DIV/0!,#DIV/0!,#DIV/0!,#DIV/0!,"(0,01)"
,MASUK TANGGAL,,,,,,,,,,,,,,,
,DICEK TANGGAL,,,,,,,,,,,,,,,
28/01/2026,Quinos,,"140.000,00 ",,"732.350,00 ",,,,,,,,,,,"872.350,00"
,SETTLEMENT,,"140.000,00 ",,"732.350,00 ",,,,,,,,,,,"872.350,00"
,SELISIH,"0,00 ","0,00 ","0,00 ","0,00 ",,"0,00 ",,"0,00 ",,"0,00 ","0,00 ",0,0,0,"0,00"
,REK KORAN,,"137.200,00 ",,"727.223,56 ",,,,,,,,,,,"864.423,56"
,SELISIH (FEE),"0,00 ","(2.800,00)","0,00 ","(5.126,44)",,"0,00 ","0,00 ","0,00 ",,"0,00 ","0,00 ",0,0,0,"(7.926,44)"
,Fee (%),#DIV/0!,"(0,02)",#DIV/0!,"(0,01)",,#DIV/0!,#DIV/0!,#DIV/0!,,#DIV/0!,#DIV/0!,#DIV/0!,#DIV/0!,#DIV/0!,"(0,01)"
,MASUK TANGGAL,,,,,,,,,,,,,,,
,DICEK TANGGAL,,,,,,,,,,,,,,,
29/01/2026,Quinos,,"222.915,00 ","45.045,00 ","606.375,00 ",,,,,,,,,,,"874.335,00"
,SETTLEMENT,,"222.915,00 ","45.045,00 ","606.375,00 ",,,,,,,,,,,"874.335,00"
,SELISIH,"0,00 ","0,00 ","0,00 ","0,00 ",,"0,00 ",,"0,00 ",,"0,00 ","0,00 ",0,0,0,"0,00"
,REK KORAN,,"218.457,00 ","44.977,44 ","602.130,38 ",,,,,,,,,,,"865.564,82"
,SELISIH (FEE),"0,00 ","(4.458,00)","(67,56)","(4.244,62)",,"0,00 ","0,00 ","0,00 ",,"0,00 ","0,00 ",0,0,0,"(8.770,18)"
,Fee (%),#DIV/0!,"(0,02)","(0,00)","(0,01)",,#DIV/0!,#DIV/0!,#DIV/0!,,#DIV/0!,#DIV/0!,#DIV/0!,#DIV/0!,#DIV/0!,"(0,01)"
,MASUK TANGGAL,,,,,,,,,,,,,,,
,DICEK TANGGAL,,,,,,,,,,,,,,,
30/01/2026,Quinos,,,"242.550,00 ","748.590,00 ",,,,,,,,,,,"991.140,00"
,SETTLEMENT,,,"242.550,00 ","748.590,00 ",,,,,,,,,,,"991.140,00"
,SELISIH,"0,00 ","0,00 ","0,00 ","0,00 ",,"0,00 ",,"0,00 ",,"0,00 ","0,00 ",0,0,0,"0,00"
,REK KORAN,,,"242.186,18 ","743.349,88 ",,,,,,,,,,,"985.536,06"
,SELISIH (FEE),"0,00 ","0,00 ","(363,82)","(5.240,12)",,"0,00 ","0,00 ","0,00 ",,"0,00 ","0,00 ",0,0,0,"(5.603,94)"
,Fee (%),#DIV/0!,#DIV/0!,"(0,00)","(0,01)",,#DIV/0!,#DIV/0!,#DIV/0!,,#DIV/0!,#DIV/0!,#DIV/0!,#DIV/0!,#DIV/0!,"(0,01)"
,MASUK TANGGAL,,,,,,,,,,,,,,,
,DICEK TANGGAL,,,,,,,,,,,,,,,
31/01/2026,Quinos,,"83.160,00 ","21.945,00 ","1.979.670,00 ",,,,,,,,,,,"2.084.775,00"
,SETTLEMENT,,,,"1.979.670,00 ",,,,,,,,,,,"1.979.670,00"
,SELISIH,"0,00 ","(83.160,00)","(21.945,00)","0,00 ",,"0,00 ",,"0,00 ",,"0,00 ","0,00 ",0,0,0,"(105.105,00)"
,REK KORAN,,,,"1,965,812.32 ",,,,,,,,,,,"0,00"
,SELISIH (FEE),"0,00 ","0,00 ","0,00 ",#VALUE!,,"0,00 ","0,00 ","0,00 ",,"0,00 ","0,00 ",0,0,0,#VALUE!
,Fee (%),#DIV/0!,#DIV/0!,#DIV/0!,#VALUE!,,#DIV/0!,#DIV/0!,#DIV/0!,,#DIV/0!,#DIV/0!,#DIV/0!,#DIV/0!,#DIV/0!,#VALUE!
,MASUK TANGGAL,,,,,,,,,,,,,,,
,DICEK TANGGAL,,,,,,,,,,,,,,,
01/02/2026,Quinos,,"116.655,00 ","273.735,00 ","1.710.555,00 ",,,,,,,,,,,"2.100.945,00"
,SETTLEMENT,,"240.240,00 ","295.680,00 ","1.670.130,00 ",,,,,,,,,,,"2.206.050,00"
,SELISIH,"0,00 ","123.585,00 ","21.945,00 ","(40.425,00)",,"0,00 ",,"0,00 ",,"0,00 ","0,00 ",0,0,0,"105.105,00"
,REK KORAN,,"235.436,00 ","294.578,72 ","1.658.439,10 ",,,,,,,,,,,"2.188.453,82"
,SELISIH (FEE),"0,00 ","(4.804,00)","(1.101,28)","(11.690,90)",,"0,00 ","0,00 ","0,00 ",,"0,00 ","0,00 ",0,0,0,"(17.596,18)"
,Fee (%),#DIV/0!,"(0,02)","(0,00)","(0,01)",,#DIV/0!,#DIV/0!,#DIV/0!,,#DIV/0!,#DIV/0!,#DIV/0!,#DIV/0!,#DIV/0!,"(0,01)"
,MASUK TANGGAL,,,,,,,,,,,,,,,
,DICEK TANGGAL,,,,,,,,,,,,,,,
02/02/2026,Quinos,,,"21.945,00 ","800.415,00 ",,,,,,,,,,,"822.360,00"
,SETTLEMENT,,,"21.945,00 ","800.415,00 ",,,,,,,,,,,"822.360,00"
,SELISIH,"0,00 ","0,00 ","0,00 ","0,00 ",,"0,00 ",,"0,00 ",,"0,00 ","0,00 ",0,0,0,"0,00"
,REK KORAN,,,"21.912,09 ","794.812,10 ",,,,,,,,,,,"816.724,19"
,SELISIH (FEE),"0,00 ","0,00 ","(32,91)","(5.602,90)",,"0,00 ","0,00 ","0,00 ",,"0,00 ","0,00 ",0,0,0,"(5.635,81)"
,Fee (%),#DIV/0!,#DIV/0!,"(0,00)","(0,01)",,#DIV/0!,#DIV/0!,#DIV/0!,,#DIV/0!,#DIV/0!,#DIV/0!,#DIV/0!,#DIV/0!,"(0,01)"
,MASUK TANGGAL,,,,,,,,,,,,,,,
,DICEK TANGGAL,,,,,,,,,,,,,,,
03/02/2026,Quinos,,"45.045,00 ","94.710,00 ","841.115,00 ",,,,,,,,,,,"980.870,00"
,SETTLEMENT,,"45.045,00 ","94.710,00 ","841.115,00 ",,,,,,,,,,,"980.870,00"
,SELISIH,"0,00 ","0,00 ","0,00 ","0,00 ",,"0,00 ",,"0,00 ",,"0,00 ","0,00 ",0,0,0,"0,00"
,REK KORAN,,"44.144,00 ","94.567,94 ","835.227,20 ",,,,,,,,,,,"973.939,14"
,SELISIH (FEE),"0,00 ","(901,00)","(142,06)","(5.887,80)",,"0,00 ","0,00 ","0,00 ",,"0,00 ","0,00 ",0,0,0,"(6.930,86)"
,Fee (%),#DIV/0!,"(0,02)","(0,00)","(0,01)",,#DIV/0!,#DIV/0!,#DIV/0!,,#DIV/0!,#DIV/0!,#DIV/0!,#DIV/0!,#DIV/0!,"(0,01)"
,MASUK TANGGAL,,,,,,,,,,,,,,,
,DICEK TANGGAL,,,,,,,,,,,,,,,
04/02/2026,Quinos,,,"114.345,00 ","413.490,00 ",,,,,,,,,,,"527.835,00"
,SETTLEMENT,,,"114.345,00 ","413.490,00 ",,,,,,,,,,,"527.835,00"
,SELISIH,"0,00 ","0,00 ","0,00 ","0,00 ",,"0,00 ",,"0,00 ",,"0,00 ","0,00 ",0,0,0,"0,00"
,REK KORAN,,,"114.173,49 ","410.595,58 ",,,,,,,,,,,"524.769,07"
,SELISIH (FEE),"0,00 ","0,00 ","(171,51)","(2.894,42)",,"0,00 ","0,00 ","0,00 ",,"0,00 ","0,00 ",0,0,0,"(3.065,93)"
,Fee (%),#DIV/0!,#DIV/0!,"(0,00)","(0,01)",,#DIV/0!,#DIV/0!,#DIV/0!,,#DIV/0!,#DIV/0!,#DIV/0!,#DIV/0!,#DIV/0!,"(0,01)"
,MASUK TANGGAL,,,,,,,,,,,,,,,
,DICEK TANGGAL,,,,,,,,,,,,,,,
05/02/2026,Quinos,,"100.485,00 ","36.960,00 ","1.049.895,00 ",,,,,,,,,,,"1.187.340,00"
,SETTLEMENT,,"100.485,00 ","36.960,00 ","1.090.320,00 ",,,,,,,,,,,"1.227.765,00"
,SELISIH,"0,00 ","0,00 ","0,00 ","40.425,00 ",,"0,00 ",,"0,00 ",,"0,00 ","0,00 ",0,0,0,"40.425,00"
,REK KORAN,,"98.475,00 ","36.904,56 ","1.082.687,77 ",,,,,,,,,,,"1.218.067,33"
,SELISIH (FEE),"0,00 ","(2.010,00)","(55,44)","(7.632,23)",,"0,00 ","0,00 ","0,00 ",,"0,00 ","0,00 ",0,0,0,"(9.697,67)"
,Fee (%),#DIV/0!,"(0,02)","(0,00)","(0,01)",,#DIV/0!,#DIV/0!,#DIV/0!,,#DIV/0!,#DIV/0!,#DIV/0!,#DIV/0!,#DIV/0!,"(0,01)"
,MASUK TANGGAL,,,,,,,,,,,,,,,
,DICEK TANGGAL,,,,,,,,,,,,,,,
06/02/2026,Quinos,,"57.750,00 ","391.620,00 ","743.430,00 ",,,,,,,,,,,"1.192.800,00"
,SETTLEMENT,,"57.750,00 ","391.620,00 ","743.430,00 ",,,,,,,,,,,"1.192.800,00"
,SELISIH,"0,00 ","0,00 ","0,00 ","0,00 ",,"0,00 ",,"0,00 ",,"0,00 ","0,00 ",0,0,0,"0,00"
,REK KORAN,,"56.306,00 ","390.050,19 ","738.226,00 ",,,,,,,,,,,"1.184.582,19"
,SELISIH (FEE),"0,00 ","(1.444,00)","(1.569,81)","(5.204,00)",,"0,00 ","0,00 ","0,00 ",,"0,00 ","0,00 ",0,0,0,"(8.217,81)"
,Fee (%),#DIV/0!,"(0,03)","(0,00)","(0,01)",,#DIV/0!,#DIV/0!,#DIV/0!,,#DIV/0!,#DIV/0!,#DIV/0!,#DIV/0!,#DIV/0!,"(0,01)"
,MASUK TANGGAL,,,,,,,,,,,,,,,
,DICEK TANGGAL,,,,,,,,,,,,,,,
07/02/2026,Quinos,"83.160,00 ","322.245,00 ","170.940,00 ","2.118.910,00 ",,,,,,,,,,,"2.695.255,00"
,SETTLEMENT,"83.160,00 ","322.245,00 ","170.940,00 ","2.118.910,00 ",,,,,,,,,,,"2.695.255,00"
,SELISIH,"0,00 ","0,00 ","0,00 ","0,00 ",,"0,00 ",,"0,00 ",,"0,00 ","0,00 ",0,0,0,"0,00"
,REK KORAN,"83.160,00 ","316.003,00 ","169.633,12 ","2.104.077,64 ",,,,,,,,,,,"2.589.713,76"
,SELISIH (FEE),"0,00 ","(6.242,00)","(1.306,88)","(14.832,36)",,"0,00 ","0,00 ","0,00 ",,"0,00 ","0,00 ",0,0,0,"(22.381,24)"
,Fee (%),"0,00 ","(0,02)","(0,01)","(0,01)",,#DIV/0!,#DIV/0!,#DIV/0!,,#DIV/0!,#DIV/0!,#DIV/0!,#DIV/0!,#DIV/0!,"(0,01)"
,MASUK TANGGAL,,,,,,,,,,,,,,,
,DICEK TANGGAL,,,,,,,,,,,,,,,
08/02/2026,Quinos,,"629.305,00 ","204.435,00 ","2.800.875,00 ",,,,,,,,,,,"3.634.615,00"
,SETTLEMENT,,"629.305,00 ","204.435,00 ","2.800.875,00 ",,,,,,,,,,,"3.634.615,00"
,SELISIH,"0,00 ","0,00 ","0,00 ","0,00 ",,"0,00 ",,"0,00 ",,"0,00 ","0,00 ",0,0,0,"0,00"
,REK KORAN,,"616.956,00 ","204.128,35 ","2.781.268,88 ",,,,,,,,,,,"3.602.353,23"
,SELISIH (FEE),"0,00 ","(12.349,00)","(306,65)","(19.606,12)",,"0,00 ","0,00 ","0,00 ",,"0,00 ","0,00 ",0,0,0,"(32.261,77)"
,Fee (%),#DIV/0!,"(0,02)","(0,00)","(0,01)",,#DIV/0!,#DIV/0!,#DIV/0!,,#DIV/0!,#DIV/0!,#DIV/0!,#DIV/0!,#DIV/0!,"(0,01)"
,MASUK TANGGAL,,,,,,,,,,,,,,,
,DICEK TANGGAL,,,,,,,,,,,,,,,
09/02/2026,Quinos,,,"109.725,00 ","657.025,00 ",,,,,,,,,,,"766.750,00"
,SETTLEMENT,,,"109.725,00 ","657.025,00 ",,,,,,,,,,,"766.750,00"
,SELISIH,"0,00 ","0,00 ","0,00 ","0,00 ",,"0,00 ",,"0,00 ",,"0,00 ","0,00 ",0,0,0,"0,00"
,REK KORAN,,,"109.560,42 ","652.425,83 ",,,,,,,,,,,"761.986,25"
,SELISIH (FEE),"0,00 ","0,00 ","(164,58)","(4.599,17)",,"0,00 ","0,00 ","0,00 ",,"0,00 ","0,00 ",0,0,0,"(4.763,75)"
,Fee (%),#DIV/0!,#DIV/0!,"(0,00)","(0,01)",,#DIV/0!,#DIV/0!,#DIV/0!,,#DIV/0!,#DIV/0!,#DIV/0!,#DIV/0!,#DIV/0!,"(0,01)"
,MASUK TANGGAL,,,,,,,,,,,,,,,
,DICEK TANGGAL,,,,,,,,,,,,,,,
10/02/2026,Quinos,,"83.160,00 ","77.385,00 ","1.047.830,00 ",,,,,,,,,,,"1.208.375,00"
,SETTLEMENT,,"83.160,00 ","77.385,00 ","1.047.830,00 ",,,,,,,,,,,"1.208.375,00"
,SELISIH,"0,00 ","0,00 ","0,00 ","0,00 ",,"0,00 ",,"0,00 ",,"0,00 ","0,00 ",0,0,0,"0,00"
,REK KORAN,,"81.497,00 ","77.268,93 ","1.040.495,20 ",,,,,,,,,,,"1.199.261,13"
,SELISIH (FEE),"0,00 ","(1.663,00)","(116,07)","(7.334,80)",,"0,00 ","0,00 ","0,00 ",,"0,00 ","0,00 ",0,0,0,"(9.113,87)"
,Fee (%),#DIV/0!,"(0,02)","(0,00)","(0,01)",,#DIV/0!,#DIV/0!,#DIV/0!,,#DIV/0!,#DIV/0!,#DIV/0!,#DIV/0!,#DIV/0!,"(0,01)"
,MASUK TANGGAL,,,,,,,,,,,,,,,
,DICEK TANGGAL,,,,,,,,,,,,,,,
11/02/2026,Quinos,,"131.230,00 ","204.435,00 ","303.690,00 ",,,,,,,,,,,"639.355,00"
,SETTLEMENT,,"131.230,00 ","204.435,00 ","303.690,00 ",,,,,,,,,,,"639.355,00"
,SELISIH,"0,00 ","0,00 ","0,00 ","0,00 ",,"0,00 ",,"0,00 ",,"0,00 ","0,00 ",0,0,0,"0,00"
,REK KORAN,,"128.606,00 ","204.128,35 ","301.564,18 ",,,,,,,,,,,"634.298,53"
,SELISIH (FEE),"0,00 ","(2.624,00)","(306,65)","(2.125,82)",,"0,00 ","0,00 ","0,00 ",,"0,00 ","0,00 ",0,0,0,"(5.056,47)"
,Fee (%),#DIV/0!,"(0,02)","(0,00)","(0,01)",,#DIV/0!,#DIV/0!,#DIV/0!,,#DIV/0!,#DIV/0!,#DIV/0!,#DIV/0!,#DIV/0!,"(0,01)"
,MASUK TANGGAL,,,,,,,,,,,,,,,
,DICEK TANGGAL,,,,,,,,,,,,,,,
12/02/2026,Quinos,,"83.160,00 ","205.590,00 ","563.640,00 ",,,,,,,,,,,"852.390,00"
,SETTLEMENT,,"83.160,00 ","205.590,00 ","563.640,00 ",,,,,,,,,,,"852.390,00"
,SELISIH,"0,00 ","0,00 ","0,00 ","0,00 ",,"0,00 ",,"0,00 ",,"0,00 ","0,00 ",0,0,0,"0,00"
,REK KORAN,,"81.913,00 ","205.281,62 ","559.694,52 ",,,,,,,,,,,"846.889,14"
,SELISIH (FEE),"0,00 ","(1.247,00)","(308,38)","(3.945,48)",,"0,00 ","0,00 ","0,00 ",,"0,00 ","0,00 ",0,0,0,"(5.500,86)"
,Fee (%),#DIV/0!,"(0,01)","(0,00)","(0,01)",,#DIV/0!,#DIV/0!,#DIV/0!,,#DIV/0!,#DIV/0!,#DIV/0!,#DIV/0!,#DIV/0!,"(0,01)"
,MASUK TANGGAL,,,,,,,,,,,,,,,
,DICEK TANGGAL,,,,,,,,,,,,,,,
13/02/2026,Quinos,,,"122.430,00 ","1.189.650,00 ",,,,,,,,,,,"1.312.080,00"
,SETTLEMENT,,,"122.430,00 ","1.189.650,00 ",,,,,,,,,,,"1.312.080,00"
,SELISIH,"0,00 ","0,00 ","0,00 ","0,00 ",,"0,00 ",,"0,00 ",,"0,00 ","0,00 ",0,0,0,"0,00"
,REK KORAN,,,"121.902,75 ","1.181.322,46 ",,,,,,,,,,,"1.303.225,21"
,SELISIH (FEE),"0,00 ","0,00 ","(527,25)","(8.327,54)",,"0,00 ","0,00 ","0,00 ",,"0,00 ","0,00 ",0,0,0,"(8.854,79)"
,Fee (%),#DIV/0!,#DIV/0!,"(0,00)","(0,01)",,#DIV/0!,#DIV/0!,#DIV/0!,,#DIV/0!,#DIV/0!,#DIV/0!,#DIV/0!,#DIV/0!,"(0,01)"
,MASUK TANGGAL,,,,,,,,,,,,,,,
,DICEK TANGGAL,,,,,,,,,,,,,,,
14/02/2026,Quinos,,"181.335,00 ","587.895,00 ","1.358.600,00 ",,,,,,,,,,,"2.127.830,00"
,SETTLEMENT,,"181.335,00 ","587.895,00 ","1.358.600,00 ",,,,,,,,,,,"2.127.830,00"
,SELISIH,"0,00 ","0,00 ","0,00 ","0,00 ",,"0,00 ",,"0,00 ",,"0,00 ","0,00 ",0,0,0,"0,00"
,REK KORAN,,"178.413,00 ","587.013,16 ","1.349.089,80 ",,,,,,,,,,,"2.114.515,96"
,SELISIH (FEE),"0,00 ","(2.922,00)","(881,84)","(9.510,20)",,"0,00 ","0,00 ","0,00 ",,"0,00 ","0,00 ",0,0,0,"(13.314,04)"
,Fee (%),#DIV/0!,"(0,02)","(0,00)","(0,01)",,#DIV/0!,#DIV/0!,#DIV/0!,,#DIV/0!,#DIV/0!,#DIV/0!,#DIV/0!,#DIV/0!,"(0,01)"
,MASUK TANGGAL,,,,,,,,,,,,,,,
,DICEK TANGGAL,,,,,,,,,,,,,,,
15/02/2026,Quinos,,"324.555,00 ","614.460,00 ","1.890.735,00 ",,,,,,,,,,,"2.829.750,00"
,SETTLEMENT,,"324.555,00 ","614.460,00 ","1.890.735,00 ",,,,,,,,,,,"2.829.750,00"
,SELISIH,"0,00 ","0,00 ","0,00 ","0,00 ",,"0,00 ",,"0,00 ",,"0,00 ","0,00 ",0,0,0,"0,00"
,REK KORAN,,"318.065,00 ","609.149,89 ","1.877.499,86 ",,,,,,,,,,,"2.804.714,75"
,SELISIH (FEE),"0,00 ","(6.490,00)","(5.310,11)","(13.235,14)",,"0,00 ","0,00 ","0,00 ",,"0,00 ","0,00 ",0,0,0,"(25.035,25)"
,Fee (%),#DIV/0!,"(0,02)","(0,01)","(0,01)",,#DIV/0!,#DIV/0!,#DIV/0!,,#DIV/0!,#DIV/0!,#DIV/0!,#DIV/0!,#DIV/0!,"(0,01)"
,MASUK TANGGAL,,,,,,,,,,,,,,,
,DICEK TANGGAL,,,,,,,,,,,,,,,
16/02/2026,Quinos,"65.000,00 ","136.290,00 ","226.380,00 ","1.552.320,00 ",,,,,,,,,,,"1.979.990,00"
,SETTLEMENT,"65.000,00 ","136.290,00 ","226.380,00 ","1.552.320,00 ",,,,,,,,,,,"1.979.990,00"
,SELISIH,"0,00 ","0,00 ","0,00 ","0,00 ",,"0,00 ",,"0,00 ",,"0,00 ","0,00 ",0,0,0,"0,00"
,REK KORAN,"65.000,00 ","133.565,00 ","226.040,43 ","1.541.453,77 ",,,,,,,,,,,"1.901.059,20"
,SELISIH (FEE),"0,00 ","(2.725,00)","(339,57)","(10.866,23)",,"0,00 ","0,00 ","0,00 ",,"0,00 ","0,00 ",0,0,0,"(13.930,80)"
,Fee (%),"0,00 ","(0,02)","(0,00)","(0,01)",,#DIV/0!,#DIV/0!,#DIV/0!,,#DIV/0!,#DIV/0!,#DIV/0!,#DIV/0!,#DIV/0!,"(0,01)"
,MASUK TANGGAL,,,,,,,,,,,,,,,
,DICEK TANGGAL,,,,,,,,,,,,,,,
17/02/2026,Quinos,,"255.255,00 ","292.215,00 ","1.815.660,00 ",,,,,,,,,,,"2.363.130,00"
,SETTLEMENT,,"255.255,00 ","292.215,00 ","1.815.660,00 ",,,,,,,,,,,"2.363.130,00"
,SELISIH,"0,00 ","0,00 ","0,00 ","0,00 ",,"0,00 ",,"0,00 ",,"0,00 ","0,00 ",0,0,0,"0,00"
,REK KORAN,,"250.589,00 ","290.804,75 ","1.802.950,39 ",,,,,,,,,,,"2.344.344,14"
,SELISIH (FEE),"0,00 ","(4.666,00)","(1.410,25)","(12.709,61)",,"0,00 ","0,00 ","0,00 ",,"0,00 ","0,00 ",0,0,0,"(18.785,86)"
,Fee (%),#DIV/0!,"(0,02)","(0,00)","(0,01)",,#DIV/0!,#DIV/0!,#DIV/0!,,#DIV/0!,#DIV/0!,#DIV/0!,#DIV/0!,#DIV/0!,"(0,01)"
,MASUK TANGGAL,,,,,,,,,,,,,,,
,DICEK TANGGAL,,,,,,,,,,,,,,,
18/02/2026,Quinos,,"300.000,00 ","77.385,00 ","377.685,00 ",,,,,,,,,,35.805,"790.875,00"
,SETTLEMENT,,"300.000,00 ","77.385,00 ","377.685,00 ",,,,,,,,,,,"755.070,00"
,SELISIH,"0,00 ","0,00 ","0,00 ","0,00 ",,"0,00 ",,"0,00 ",,"0,00 ","0,00 ",0,0,(35.805),"(35.805,00)"
,REK KORAN,,"294.325,00 ","76.954,77 ","375.041,21 ",,,,,,,,,,,"746.320,98"
,SELISIH (FEE),"0,00 ","(5.675,00)","(430,23)","(2.643,79)",,"0,00 ","0,00 ","0,00 ",,"0,00 ","0,00 ",0,0,0,"(8.749,02)"
,Fee (%),#DIV/0!,"(0,02)","(0,01)","(0,01)",,#DIV/0!,#DIV/0!,#DIV/0!,,#DIV/0!,#DIV/0!,#DIV/0!,#DIV/0!,#DIV/0!,"(0,01)"
,MASUK TANGGAL,,,,,,,,,,,,,,,
,DICEK TANGGAL,,,,,,,,,,,,,,,
19/02/2026,Quinos,,,"40.425,00 ","436.590,00 ",,,,,,,,,,,"477.015,00"
,SETTLEMENT,,,"40.425,00 ","436.590,00 ",,,,,,,,,,,"477.015,00"
,SELISIH,"0,00 ","0,00 ","0,00 ","0,00 ",,"0,00 ",,"0,00 ",,"0,00 ","0,00 ",0,0,0,"0,00"
,REK KORAN,,,"40.364,37 ","433.533,88 ",,,,,,,,,,,"473.898,25"
,SELISIH (FEE),"0,00 ","0,00 ","(60,63)","(3.056,12)",,"0,00 ","0,00 ","0,00 ",,"0,00 ","0,00 ",0,0,0,"(3.116,75)"
,Fee (%),#DIV/0!,#DIV/0!,"(0,00)","(0,01)",,#DIV/0!,#DIV/0!,#DIV/0!,,#DIV/0!,#DIV/0!,#DIV/0!,#DIV/0!,#DIV/0!,"(0,01)"
,MASUK TANGGAL,,,,,,,,,,,,,,,
,DICEK TANGGAL,,,,,,,,,,,,,,,
20/02/2026,Quinos,,"36.960,00 ","144.375,00 ","503.475,00 ",,,,,,,,,,,"684.810,00"
,SETTLEMENT,,"36.960,00 ","144.375,00 ","503.475,00 ",,,,,,,,,,,"684.810,00"
,SELISIH,"0,00 ","0,00 ","0,00 ","0,00 ",,"0,00 ",,"0,00 ",,"0,00 ","0,00 ",0,0,0,"0,00"
,REK KORAN,,"36.221,00 ","143.667,57 ","499.950,68 ",,,,,,,,,,,"679.839,25"
,SELISIH (FEE),"0,00 ","(739,00)","(707,43)","(3.524,32)",,"0,00 ","0,00 ","0,00 ",,"0,00 ","0,00 ",0,0,0,"(4.970,75)"
,Fee (%),#DIV/0!,"(0,02)","(0,00)","(0,01)",,#DIV/0!,#DIV/0!,#DIV/0!,,#DIV/0!,#DIV/0!,#DIV/0!,#DIV/0!,#DIV/0!,"(0,01)"
,MASUK TANGGAL,,,,,,,,,,,,,,,
,DICEK TANGGAL,,,,,,,,,,,,,,,
21/02/2026,Quinos,,"200.970,00 ","35.805,00 ","988.955,00 ",,,,,,,,,,,"1.225.730,00"
,SETTLEMENT,,"200.970,00 ","35.805,00 ","988.955,00 ",,,,,,,,,,,"1.225.730,00"
,SELISIH,"0,00 ","0,00 ","0,00 ","0,00 ",,"0,00 ",,"0,00 ",,"0,00 ","0,00 ",0,0,0,"0,00"
,REK KORAN,,"197.154,00 ","35.751,30 ","982.032,32 ",,,,,,,,,,,"1.214.937,62"
,SELISIH (FEE),"0,00 ","(3.816,00)","(53,70)","(6.922,68)",,"0,00 ","0,00 ","0,00 ",,"0,00 ","0,00 ",0,0,0,"(10.792,38)"
,Fee (%),#DIV/0!,"(0,02)","(0,00)","(0,01)",,#DIV/0!,#DIV/0!,#DIV/0!,,#DIV/0!,#DIV/0!,#DIV/0!,#DIV/0!,#DIV/0!,"(0,01)"
,MASUK TANGGAL,,,,,,,,,,,,,,,
,DICEK TANGGAL,,,,,,,,,,,,,,,
22/02/2026,Quinos,"140.000,00 ","129.360,00 ","151.305,00 ","1.188.010,00 ",,,,,,,,,,,"1.608.675,00"
,SETTLEMENT,"140.000,00 ","129.360,00 ","151.305,00 ","1.188.010,00 ",,,,,,,,,,,"1.608.675,00"
,SELISIH,"0,00 ","0,00 ","0,00 ","0,00 ",,"0,00 ",,"0,00 ",,"0,00 ","0,00 ",0,0,0,"0,00"
,REK KORAN,"140.000,00 ","126.773,00 ","150.449,73 ","1.179.693,94 ",,,,,,,,,,,"1.456.916,67"
,SELISIH (FEE),"0,00 ","(2.587,00)","(855,27)","(8.316,06)",,"0,00 ","0,00 ","0,00 ",,"0,00 ","0,00 ",0,0,0,"(11.758,33)"
,Fee (%),"0,00 ","(0,02)","(0,01)","(0,01)",,#DIV/0!,#DIV/0!,#DIV/0!,,#DIV/0!,#DIV/0!,#DIV/0!,#DIV/0!,#DIV/0!,"(0,01)"
,MASUK TANGGAL,,,,,,,,,,,,,,,
,DICEK TANGGAL,,,,,,,,,,,,,,,
23/02/2026,Quinos,,"47.355,00 ",,"491.400,00 ",,,,,,,,,,,"538.755,00"
,SETTLEMENT,,"47.355,00 ",,"491.400,00 ",,,,,,,,,,,"538.755,00"
,SELISIH,"0,00 ","0,00 ","0,00 ","0,00 ",,"0,00 ",,"0,00 ",,"0,00 ","0,00 ",0,0,0,"0,00"
,REK KORAN,,"46.408,00 ",,"487.960,21 ",,,,,,,,,,,"534.368,21"
,SELISIH (FEE),"0,00 ","(947,00)","0,00 ","(3.439,79)",,"0,00 ","0,00 ","0,00 ",,"0,00 ","0,00 ",0,0,0,"(4.386,79)"
,Fee (%),#DIV/0!,"(0,02)",#DIV/0!,"(0,01)",,#DIV/0!,#DIV/0!,#DIV/0!,,#DIV/0!,#DIV/0!,#DIV/0!,#DIV/0!,#DIV/0!,"(0,01)"
,MASUK TANGGAL,,,,,,,,,,,,,,,
,DICEK TANGGAL,,,,,,,,,,,,,,,
24/02/2026,Quinos,,"40.425,00 ","40.425,00 ","275.210,00 ",,,,,,,,,,,"356.060,00"
,SETTLEMENT,,"40.425,00 ","40.425,00 ","275.210,00 ",,,,,,,,,,,"356.060,00"
,SELISIH,"0,00 ","0,00 ","0,00 ","0,00 ",,"0,00 ",,"0,00 ",,"0,00 ","0,00 ",0,0,0,"0,00"
,REK KORAN,,"39.617,00 ","40.364,37 ","273.283,53 ",,,,,,,,,,,"353.264,90"
,SELISIH (FEE),"0,00 ","(808,00)","(60,63)","(1.926,47)",,"0,00 ","0,00 ","0,00 ",,"0,00 ","0,00 ",0,0,0,"(2.795,10)"
,Fee (%),#DIV/0!,"(0,02)","(0,00)","(0,01)",,#DIV/0!,#DIV/0!,#DIV/0!,,#DIV/0!,#DIV/0!,#DIV/0!,#DIV/0!,#DIV/0!,"(0,01)"
,MASUK TANGGAL,,,,,,,,,,,,,,,
,DICEK TANGGAL,,,,,,,,,,,,,,,
25/02/2026,Quinos,,,"131.670,00 ","671.055,00 ",,,,,,,,,,,"802.725,00"
,SETTLEMENT,,,"131.670,00 ","671.055,00 ",,,,,,,,,,,"802.725,00"
,SELISIH,"0,00 ","0,00 ","0,00 ","0,00 ",,"0,00 ",,"0,00 ",,"0,00 ","0,00 ",0,0,0,"0,00"
,REK KORAN,,,"131.472,50 ","666.357,62 ",,,,,,,,,,,"797.830,12"
,SELISIH (FEE),"0,00 ","0,00 ","(197,50)","(4.697,38)",,"0,00 ","0,00 ","0,00 ",,"0,00 ","0,00 ",0,0,0,"(4.894,88)"
,Fee (%),#DIV/0!,#DIV/0!,"(0,00)","(0,01)",,#DIV/0!,#DIV/0!,#DIV/0!,,#DIV/0!,#DIV/0!,#DIV/0!,#DIV/0!,#DIV/0!,"(0,01)"
,MASUK TANGGAL,,,,,,,,,,,,,,,
,DICEK TANGGAL,,,,,,,,,,,,,,,
26/02/2026,Quinos,,"80.850,00 ",,"501.270,00 ",,,,,,,,,,,"582.120,00"
,SETTLEMENT,,"80.850,00 ",,"501.270,00 ",,,,,,,,,,,"582.120,00"
,SELISIH,"0,00 ","0,00 ","0,00 ","0,00 ",,"0,00 ",,"0,00 ",,"0,00 ","0,00 ",0,0,0,"0,00"
,REK KORAN,,"79.233,00 ",,"497.761,11 ",,,,,,,,,,,"576.994,11"
,SELISIH (FEE),"0,00 ","(1.617,00)","0,00 ","(3.508,89)",,"0,00 ","0,00 ","0,00 ",,"0,00 ","0,00 ",0,0,0,"(5.125,89)"
,Fee (%),#DIV/0!,"(0,02)",#DIV/0!,"(0,01)",,#DIV/0!,#DIV/0!,#DIV/0!,,#DIV/0!,#DIV/0!,#DIV/0!,#DIV/0!,#DIV/0!,"(0,01)"
,MASUK TANGGAL,,,,,,,,,,,,,,,
,DICEK TANGGAL,,,,,,,,,,,,,,,
27/02/2026,Quinos,,,"35.175,00 ","680.295,00 ",,,,,,,,,,,"715.470,00"
,SETTLEMENT,,,"35.175,00 ","680.295,00 ",,,,,,,,,,,"715.470,00"
,SELISIH,"0,00 ","0,00 ","0,00 ","0,00 ",,"0,00 ",,"0,00 ",,"0,00 ","0,00 ",0,0,0,"0,00"
,REK KORAN,,,"34.823,25 ","675.532,94 ",,,,,,,,,,,"710.356,19"
,SELISIH (FEE),"0,00 ","0,00 ","(351,75)","(4.762,06)",,"0,00 ","0,00 ","0,00 ",,"0,00 ","0,00 ",0,0,0,"(5.113,81)"
,Fee (%),#DIV/0!,#DIV/0!,"(0,01)","(0,01)",,#DIV/0!,#DIV/0!,#DIV/0!,,#DIV/0!,#DIV/0!,#DIV/0!,#DIV/0!,#DIV/0!,"(0,01)"
,MASUK TANGGAL,,,,,,,,,,,,,,,
,DICEK TANGGAL,,,,,,,,,,,,,,,
28/02/2026,Quinos,,"174.405,00 ","206.745,00 ","968.415,00 ",,,,,,,,,,,"1.349.565,00"
,SETTLEMENT,,"174.405,00 ","206.745,00 ","968.415,00 ",,,,,,,,,,,"1.349.565,00"
,SELISIH,"0,00 ","0,00 ","0,00 ","0,00 ",,"0,00 ",,"0,00 ",,"0,00 ","0,00 ",0,0,0,"0,00"
,REK KORAN,,"170.917,00 ","206.434,89 ","961.636,10 ",,,,,,,,,,,"1.338.987,99"
,SELISIH (FEE),"0,00 ","(3.488,00)","(310,11)","(6.778,90)",,"0,00 ","0,00 ","0,00 ",,"0,00 ","0,00 ",0,0,0,"(10.577,01)"
,Fee (%),#DIV/0!,"(0,02)","(0,00)","(0,01)",,#DIV/0!,#DIV/0!,#DIV/0!,,#DIV/0!,#DIV/0!,#DIV/0!,#DIV/0!,#DIV/0!,"(0,01)"
,MASUK TANGGAL,,,,,,,,,,,,,,,
,DICEK TANGGAL,,,,,,,,,,,,,,,
01/03/2026,Quinos,,"47.355,00 ","413.490,00 ","1.246.565,00 ",,,,,,,,,,,"1.707.410,00"
,SETTLEMENT,,"47.355,00 ","413.490,00 ","1.246.565,00 ",,,,,,,,,,,"1.707.410,00"
,SELISIH,"0,00 ","0,00 ","0,00 ","0,00 ",,"0,00 ",,"0,00 ",,"0,00 ","0,00 ",0,0,0,"0,00"
,REK KORAN,,"46.408,00 ","412.162,91 ","1.237.839,05 ",,,,,,,,,,,"1.696.409,96"
,SELISIH (FEE),"0,00 ","(947,00)","(1.327,09)","(8.725,95)",,"0,00 ","0,00 ","0,00 ",,"0,00 ","0,00 ",0,0,0,"(11.000,04)"
,Fee (%),#DIV/0!,"(0,02)","(0,00)","(0,01)",,#DIV/0!,#DIV/0!,#DIV/0!,,#DIV/0!,#DIV/0!,#DIV/0!,#DIV/0!,#DIV/0!,"(0,01)"
,MASUK TANGGAL,,,,,,,,,,,,,,,
,DICEK TANGGAL,,,,,,,,,,,,,,,
02/03/2026,Quinos,,"73.920,00 ","40.425,00 ","349.965,00 ",,,,,,,,,,,"464.310,00"
,SETTLEMENT,,"73.920,00 ","40.425,00 ","349.965,00 ",,,,,,,,,,,"464.310,00"
,SELISIH,"0,00 ","0,00 ","0,00 ","0,00 ",,"0,00 ",,"0,00 ",,"0,00 ","0,00 ",0,0,0,"0,00"
,REK KORAN,,"72.442,00 ","40.364,37 ","347.515,25 ",,,,,,,,,,,"460.321,62"
,SELISIH (FEE),"0,00 ","(1.478,00)","(60,63)","(2.449,75)",,"0,00 ","0,00 ","0,00 ",,"0,00 ","0,00 ",0,0,0,"(3.988,38)"
,Fee (%),#DIV/0!,"(0,02)","(0,00)","(0,01)",,#DIV/0!,#DIV/0!,#DIV/0!,,#DIV/0!,#DIV/0!,#DIV/0!,#DIV/0!,#DIV/0!,"(0,01)"
,MASUK TANGGAL,,,,,,,,,,,,,,,
,DICEK TANGGAL,,,,,,,,,,,,,,,
03/03/2026,Quinos,,"35.805,00 ","45.045,00 ","745.680,00 ",,,,,,,,,,12.000,"838.530,00"
,SETTLEMENT,,"35.805,00 ","45.045,00 ","745.680,00 ",,,,,,,,,,,"826.530,00"
,SELISIH,"0,00 ","0,00 ","0,00 ","0,00 ",,"0,00 ",,"0,00 ",,"0,00 ","0,00 ",0,0,(12.000),"(12.000,00)"
,REK KORAN,,"35.089,00 ","44.977,44 ","740.460,25 ",,,,,,,,,,,"820.526,69"
,SELISIH (FEE),"0,00 ","(716,00)","(67,56)","(5.219,75)",,"0,00 ","0,00 ","0,00 ",,"0,00 ","0,00 ",0,0,0,"(6.003,31)"
,Fee (%),#DIV/0!,"(0,02)","(0,00)","(0,01)",,#DIV/0!,#DIV/0!,#DIV/0!,,#DIV/0!,#DIV/0!,#DIV/0!,#DIV/0!,#DIV/0!,"(0,01)"
,MASUK TANGGAL,,,,,,,,,,,,,,,
,DICEK TANGGAL,,,,,,,,,,,,,,,
04/03/2026,Quinos,,,"152.460,00 ","236.775,00 ",,,,,,,,,,,"389.235,00"
,SETTLEMENT,,,"152.460,00 ","236.775,00 ",,,,,,,,,,,"389.235,00"
,SELISIH,"0,00 ","0,00 ","0,00 ","0,00 ",,"0,00 ",,"0,00 ",,"0,00 ","0,00 ",0,0,0,"0,00"
,REK KORAN,,,"151.337,92 ","235.117,58 ",,,,,,,,,,,"386.455,50"
,SELISIH (FEE),"0,00 ","0,00 ","(1.122,08)","(1.657,42)",,"0,00 ","0,00 ","0,00 ",,"0,00 ","0,00 ",0,0,0,"(2.779,50)"
,Fee (%),#DIV/0!,#DIV/0!,"(0,01)","(0,01)",,#DIV/0!,#DIV/0!,#DIV/0!,,#DIV/0!,#DIV/0!,#DIV/0!,#DIV/0!,#DIV/0!,"(0,01)"
,MASUK TANGGAL,,,,,,,,,,,,,,,
,DICEK TANGGAL,,,,,,,,,,,,,,,
05/03/2026,Quinos,,"133.980,00 ",,"502.275,00 ",,,,,,,,,,,"636.255,00"
,SETTLEMENT,,"133.980,00 ",,"502.275,00 ",,,,,,,,,,,"636.255,00"
,SELISIH,"0,00 ","0,00 ","0,00 ","0,00 ",,"0,00 ",,"0,00 ",,"0,00 ","0,00 ",0,0,0,"0,00"
,REK KORAN,,"131.301,00 ",,"498.759,08 ",,,,,,,,,,,"630.060,08"
,SELISIH (FEE),"0,00 ","(2.679,00)","0,00 ","(3.515,92)",,"0,00 ","0,00 ","0,00 ",,"0,00 ","0,00 ",0,0,0,"(6.194,92)"
,Fee (%),#DIV/0!,"(0,02)",#DIV/0!,"(0,01)",,#DIV/0!,#DIV/0!,#DIV/0!,,#DIV/0!,#DIV/0!,#DIV/0!,#DIV/0!,#DIV/0!,"(0,01)"
,MASUK TANGGAL,,,,,,,,,,,,,,,
,DICEK TANGGAL,,,,,,,,,,,,,,,
06/03/2026,Quinos,,,"83.160,00 ","731.635,00 ",,,,,,,,,,,"814.795,00"
,SETTLEMENT,,,"83.160,00 ","731.635,00 ",,,,,,,,,,,"814.795,00"
,SELISIH,"0,00 ","0,00 ","0,00 ","0,00 ",,"0,00 ",,"0,00 ",,"0,00 ","0,00 ",0,0,0,"0,00"
,REK KORAN,,,"82.691,65 ","726.513,56 ",,,,,,,,,,,"809.205,21"
,SELISIH (FEE),"0,00 ","0,00 ","(468,35)","(5.121,44)",,"0,00 ","0,00 ","0,00 ",,"0,00 ","0,00 ",0,0,0,"(5.589,79)"
,Fee (%),#DIV/0!,#DIV/0!,"(0,01)","(0,01)",,#DIV/0!,#DIV/0!,#DIV/0!,,#DIV/0!,#DIV/0!,#DIV/0!,#DIV/0!,#DIV/0!,"(0,01)"
,MASUK TANGGAL,,,,,,,,,,,,,,,
,DICEK TANGGAL,,,,,,,,,,,,,,,
07/03/2026,Quinos,,"5.750.940,00 ","376.530,00 ","1.407.585,00 ",,,,,,,,,,,"7.535.055,00"
,SETTLEMENT,,"5.750.940,00 ","376.530,00 ","1.407.585,00 ",,,,,,,,,,,"7.535.055,00"
,SELISIH,"0,00 ","0,00 ","0,00 ","0,00 ",,"0,00 ",,"0,00 ",,"0,00 ","0,00 ",0,0,0,"0,00"
,REK KORAN,,"5.636.574,00 ","374.502,40 ","1.397.731,91 ",,,,,,,,,,,"7.408.808,31"
,SELISIH (FEE),"0,00 ","(114.366,00)","(2.027,60)","(9.853,09)",,"0,00 ","0,00 ","0,00 ",,"0,00 ","0,00 ",0,0,0,"(126.246,69)"
,Fee (%),#DIV/0!,"(0,02)","(0,01)","(0,01)",,#DIV/0!,#DIV/0!,#DIV/0!,,#DIV/0!,#DIV/0!,#DIV/0!,#DIV/0!,#DIV/0!,"(0,02)"
,MASUK TANGGAL,,,,,,,,,,,,,,,
,DICEK TANGGAL,,,,,,,,,,,,,,,
08/03/2026,Quinos,,"198.905,00 ","86.625,00 ","1.283.205,00 ",,,,,,,,,,,"1.568.735,00"
,SETTLEMENT,,"198.905,00 ","86.625,00 ","1.283.205,00 ",,,,,,,,,,,"1.568.735,00"
,SELISIH,"0,00 ","0,00 ","0,00 ","0,00 ",,"0,00 ",,"0,00 ",,"0,00 ","0,00 ",0,0,0,"0,00"
,REK KORAN,,"195.627,00 ","86.495,07 ","1.274.222,57 ",,,,,,,,,,,"1.556.344,64"
,SELISIH (FEE),"0,00 ","(3.278,00)","(129,93)","(8.982,43)",,"0,00 ","0,00 ","0,00 ",,"0,00 ","0,00 ",0,0,0,"(12.390,36)"
,Fee (%),#DIV/0!,"(0,02)","(0,00)","(0,01)",,#DIV/0!,#DIV/0!,#DIV/0!,,#DIV/0!,#DIV/0!,#DIV/0!,#DIV/0!,#DIV/0!,"(0,01)"
,MASUK TANGGAL,,,,,,,,,,,,,,,
,DICEK TANGGAL,,,,,,,,,,,,,,,
09/03/2026,Quinos,,,"47.355,00 ","766.165,00 ",,,,,,,,,,,"813.520,00"
,SETTLEMENT,,,"47.355,00 ","766.165,00 ",,,,,,,,,,,"813.520,00"
,SELISIH,"0,00 ","0,00 ","0,00 ","0,00 ",,"0,00 ",,"0,00 ",,"0,00 ","0,00 ",0,0,0,"0,00"
,REK KORAN,,,"47.283,97 ","760.801,85 ",,,,,,,,,,,"808.085,82"
,SELISIH (FEE),"0,00 ","0,00 ","(71,03)","(5.363,15)",,"0,00 ","0,00 ","0,00 ",,"0,00 ","0,00 ",0,0,0,"(5.434,18)"
,Fee (%),#DIV/0!,#DIV/0!,"(0,00)","(0,01)",,#DIV/0!,#DIV/0!,#DIV/0!,,#DIV/0!,#DIV/0!,#DIV/0!,#DIV/0!,#DIV/0!,"(0,01)"
,MASUK TANGGAL,,,,,,,,,,,,,,,
,DICEK TANGGAL,,,,,,,,,,,,,,,
10/03/2026,Quinos,,,"90.090,00 ","116.655,00 ",,,,,,,,,,,"206.745,00"
,SETTLEMENT,,,"90.090,00 ","116.655,00 ",,,,,,,,,,,"206.745,00"
,SELISIH,"0,00 ","0,00 ","0,00 ","0,00 ",,"0,00 ",,"0,00 ",,"0,00 ","0,00 ",0,0,0,"0,00"
,REK KORAN,,,"89.552,35 ","115.838,43 ",,,,,,,,,,,"205.390,78"
,SELISIH (FEE),"0,00 ","0,00 ","(537,65)","(816,57)",,"0,00 ","0,00 ","0,00 ",,"0,00 ","0,00 ",0,0,0,"(1.354,22)"
,Fee (%),#DIV/0!,#DIV/0!,"(0,01)","(0,01)",,#DIV/0!,#DIV/0!,#DIV/0!,,#DIV/0!,#DIV/0!,#DIV/0!,#DIV/0!,#DIV/0!,"(0,01)"
,MASUK TANGGAL,,,,,,,,,,,,,,,
,DICEK TANGGAL,,,,,,,,,,,,,,,
11/03/2026,Quinos,,,,"585.070,00 ",,,,,,,,,,,"585.070,00"
,SETTLEMENT,,,,"585.070,00 ",,,,,,,,,,,"585.070,00"
,SELISIH,"0,00 ","0,00 ","0,00 ","0,00 ",,"0,00 ",,"0,00 ",,"0,00 ","0,00 ",0,0,0,"0,00"
,REK KORAN,,,,"580.974,52 ",,,,,,,,,,,"580.974,52"
,SELISIH (FEE),"0,00 ","0,00 ","0,00 ","(4.095,48)",,"0,00 ","0,00 ","0,00 ",,"0,00 ","0,00 ",0,0,0,"(4.095,48)"
,Fee (%),#DIV/0!,#DIV/0!,#DIV/0!,"(0,01)",,#DIV/0!,#DIV/0!,#DIV/0!,,#DIV/0!,#DIV/0!,#DIV/0!,#DIV/0!,#DIV/0!,"(0,01)"
,MASUK TANGGAL,,,,,,,,,,,,,,,
,DICEK TANGGAL,,,,,,,,,,,,,,,
12/03/2026,Quinos,,,"99.330,00 ","383.460,00 ",,,,,,,,,,,"482.790,00"
,SETTLEMENT,,,"99.330,00 ","383.460,00 ",,,,,,,,,,,"482.790,00"
,SELISIH,"0,00 ","0,00 ","0,00 ","0,00 ",,"0,00 ",,"0,00 ",,"0,00 ","0,00 ",0,0,0,"0,00"
,REK KORAN,,,"98.837,40 ","380.775,78 ",,,,,,,,,,,"479.613,18"
,SELISIH (FEE),"0,00 ","0,00 ","(492,60)","(2.684,22)",,"0,00 ","0,00 ","0,00 ",,"0,00 ","0,00 ",0,0,0,"(3.176,82)"
,Fee (%),#DIV/0!,#DIV/0!,"(0,00)","(0,01)",,#DIV/0!,#DIV/0!,#DIV/0!,,#DIV/0!,#DIV/0!,#DIV/0!,#DIV/0!,#DIV/0!,"(0,01)"
,MASUK TANGGAL,,,,,,,,,,,,,,,
,DICEK TANGGAL,,,,,,,,,,,,,,,
13/03/2026,Quinos,,"51.975,00 ","130.515,00 ","325.710,00 ",,,,,,,,,,,"508.200,00"
,SETTLEMENT,,"51.975,00 ","130.515,00 ","325.710,00 ",,,,,,,,,,,"508.200,00"
,SELISIH,"0,00 ","0,00 ","0,00 ","0,00 ",,"0,00 ",,"0,00 ",,"0,00 ","0,00 ",0,0,0,"0,00"
,REK KORAN,,"50.936,00 ","130.319,23 ","323.430,03 ",,,,,,,,,,,"504.685,26"
,SELISIH (FEE),"0,00 ","(1.039,00)","(195,77)","(2.279,97)",,"0,00 ","0,00 ","0,00 ",,"0,00 ","0,00 ",0,0,0,"(3.514,74)"
,Fee (%),#DIV/0!,"(0,02)","(0,00)","(0,01)",,#DIV/0!,#DIV/0!,#DIV/0!,,#DIV/0!,#DIV/0!,#DIV/0!,#DIV/0!,#DIV/0!,"(0,01)"
,MASUK TANGGAL,,,,,,,,,,,,,,,
,DICEK TANGGAL,,,,,,,,,,,,,,,
14/03/2026,Quinos,,"58.905,00 ","235.620,00 ","1.532.685,00 ",,,,,,,,,,,"1.827.210,00"
,SETTLEMENT,,"58.905,00 ","235.620,00 ","1.532.685,00 ",,,,,,,,,,,"1.827.210,00"
,SELISIH,"0,00 ","0,00 ","0,00 ","0,00 ",,"0,00 ",,"0,00 ",,"0,00 ","0,00 ",0,0,0,"0,00"
,REK KORAN,,"57.727,00 ","233.892,12 ","1.521.956,22 ",,,,,,,,,,,"1.813.575,34"
,SELISIH (FEE),"0,00 ","(1.178,00)","(1.727,88)","(10.728,78)",,"0,00 ","0,00 ","0,00 ",,"0,00 ","0,00 ",0,0,0,"(13.634,66)"
,Fee (%),#DIV/0!,"(0,02)","(0,01)","(0,01)",,#DIV/0!,#DIV/0!,#DIV/0!,,#DIV/0!,#DIV/0!,#DIV/0!,#DIV/0!,#DIV/0!,"(0,01)"
,MASUK TANGGAL,,,,,,,,,,,,,,,
,DICEK TANGGAL,,,,,,,,,,,,,,,
15/03/2026,Quinos,,"289.905,00 ","229.845,00 ","1.842.225,00 ",,,,,,,,,,,"2.361.975,00"
,SETTLEMENT,,"289.905,00 ","251.790,00 ","1.820.280,00 ",,,,,,,,,,,"2.361.975,00"
,SELISIH,"0,00 ","0,00 ","21.945,00 ","(21.945,00)",,"0,00 ",,"0,00 ",,"0,00 ","0,00 ",0,0,0,"0,00"
,REK KORAN,,"284.107,00 ","250.882,17 ","1.807.538,05 ",,,,,,,,,,,"2.342.527,22"
,SELISIH (FEE),"0,00 ","(5.798,00)","(907,83)","(12.741,95)",,"0,00 ","0,00 ","0,00 ",,"0,00 ","0,00 ",0,0,0,"(19.447,78)"
,Fee (%),#DIV/0!,"(0,02)","(0,00)","(0,01)",,#DIV/0!,#DIV/0!,#DIV/0!,,#DIV/0!,#DIV/0!,#DIV/0!,#DIV/0!,#DIV/0!,"(0,01)"
,MASUK TANGGAL,,,,,,,,,,,,,,,
,DICEK TANGGAL,,,,,,,,,,,,,,,
16/03/2026,Quinos,,,"79.695,00 ","1.251.315,00 ",,,,,,,,,,,"1.331.010,00"
,SETTLEMENT,,,"79.695,00 ","1.251.315,00 ",,,,,,,,,,,"1.331.010,00"
,SELISIH,"0,00 ","0,00 ","0,00 ","0,00 ",,"0,00 ",,"0,00 ",,"0,00 ","0,00 ",0,0,0,"0,00"
,REK KORAN,,,"79.261,30 ","1.242.555,81 ",,,,,,,,,,,"1.321.817,11"
,SELISIH (FEE),"0,00 ","0,00 ","(433,70)","(8.759,19)",,"0,00 ","0,00 ","0,00 ",,"0,00 ","0,00 ",0,0,0,"(9.192,89)"
,Fee (%),#DIV/0!,#DIV/0!,"(0,01)","(0,01)",,#DIV/0!,#DIV/0!,#DIV/0!,,#DIV/0!,#DIV/0!,#DIV/0!,#DIV/0!,#DIV/0!,"(0,01)"
,MASUK TANGGAL,,,,,,,,,,,,,,,
,DICEK TANGGAL,,,,,,,,,,,,,,,
17/03/2026,Quinos,,"71.050,00 ","124.740,00 ","1.039.625,00 ",,,,,,,,,,68.950,"1.304.365,00"
,SETTLEMENT,,"71.050,00 ","124.740,00 ","1.039.625,00 ",,,,,,,,,,,"1.235.415,00"
,SELISIH,"0,00 ","0,00 ","0,00 ","0,00 ",,"0,00 ",,"0,00 ",,"0,00 ","0,00 ",0,0,(68.950),"(68.950,00)"
,REK KORAN,,"69.629,00 ","124.552,89 ","1.032.347,63 ",,,,,,,,,,,"1.226.529,52"
,SELISIH (FEE),"0,00 ","(1.421,00)","(187,11)","(7.277,37)",,"0,00 ","0,00 ","0,00 ",,"0,00 ","0,00 ",0,0,0,"(8.885,48)"
,Fee (%),#DIV/0!,"(0,02)","(0,00)","(0,01)",,#DIV/0!,#DIV/0!,#DIV/0!,,#DIV/0!,#DIV/0!,#DIV/0!,#DIV/0!,#DIV/0!,"(0,01)"
,MASUK TANGGAL,,,,,,,,,,,,,,,
,DICEK TANGGAL,,,,,,,,,,,,,,,
18/03/2026,Quinos,,"120.120,00 ",,"1.563.035,00 ",,,,,,,,,,,"1.683.155,00"
,SETTLEMENT,,"120.120,00 ",,"1.563.035,00 ",,,,,,,,,,,"1.683.155,00"
,SELISIH,"0,00 ","0,00 ","0,00 ","0,00 ",,"0,00 ",,"0,00 ",,"0,00 ","0,00 ",0,0,0,"0,00"
,REK KORAN,,"117.718,00 ",,"1.552.093,76 ",,,,,,,,,,,"1.669.811,76"
,SELISIH (FEE),"0,00 ","(2.402,00)","0,00 ","(10.941,24)",,"0,00 ","0,00 ","0,00 ",,"0,00 ","0,00 ",0,0,0,"(13.343,24)"
,Fee (%),#DIV/0!,"(0,02)",#DIV/0!,"(0,01)",,#DIV/0!,#DIV/0!,#DIV/0!,,#DIV/0!,#DIV/0!,#DIV/0!,#DIV/0!,#DIV/0!,"(0,01)"
,MASUK TANGGAL,,,,,,,,,,,,,,,
,DICEK TANGGAL,,,,,,,,,,,,,,,
19/03/2026,Quinos,,,"564.280,00 ","1.679.370,00 ",,,,,,,,,,,"2.243.650,00"
,SETTLEMENT,,,"564.280,00 ","1.679.370,00 ",,,,,,,,,,,"2.243.650,00"
,SELISIH,"0,00 ","0,00 ","0,00 ","0,00 ",,"0,00 ",,"0,00 ",,"0,00 ","0,00 ",0,0,0,"0,00"
,REK KORAN,,,"562.559,83 ","1.667.614,43 ",,,,,,,,,,,"2.230.174,26"
,SELISIH (FEE),"0,00 ","0,00 ","(1.720,17)","(11.755,57)",,"0,00 ","0,00 ","0,00 ",,"0,00 ","0,00 ",0,0,0,"(13.475,74)"
,Fee (%),#DIV/0!,#DIV/0!,"(0,00)","(0,01)",,#DIV/0!,#DIV/0!,#DIV/0!,,#DIV/0!,#DIV/0!,#DIV/0!,#DIV/0!,#DIV/0!,"(0,01)"
,MASUK TANGGAL,,,,,,,,,,,,,,,
,DICEK TANGGAL,,,,,,,,,,,,,,,
20/03/2026,Quinos,,"155.925,00 ","78.540,00 ","1.411.410,00 ",,,,,,,,,,,"1.645.875,00"
,SETTLEMENT,,"155.925,00 ","78.540,00 ","1.411.410,00 ",,,,,,,,,,,"1.645.875,00"
,SELISIH,"0,00 ","0,00 ","0,00 ","0,00 ",,"0,00 ",,"0,00 ",,"0,00 ","0,00 ",0,0,0,"0,00"
,REK KORAN,,"152.807,00 ","78.058,95 ","1.401.530,14 ",,,,,,,,,,,"1.632.396,09"
,SELISIH (FEE),"0,00 ","(3.118,00)","(481,05)","(9.879,86)",,"0,00 ","0,00 ","0,00 ",,"0,00 ","0,00 ",0,0,0,"(13.478,91)"
,Fee (%),#DIV/0!,"(0,02)","(0,01)","(0,01)",,#DIV/0!,#DIV/0!,#DIV/0!,,#DIV/0!,#DIV/0!,#DIV/0!,#DIV/0!,#DIV/0!,"(0,01)"
,MASUK TANGGAL,,,,,,,,,,,,,,,
,DICEK TANGGAL,,,,,,,,,,,,,,,
21/03/2026,Quinos,,"78.540,00 ","308.385,00 ","1.230.075,00 ",,,,,,,,,,,"1.617.000,00"
,SETTLEMENT,,"206.745,00 ","180.180,00 ","1.230.075,00 ",,,,,,,,,,,"1.617.000,00"
,SELISIH,"0,00 ","128.205,00 ","(128.205,00)","0,00 ",,"0,00 ",,"0,00 ",,"0,00 ","0,00 ",0,0,0,"0,00"
,REK KORAN,,"203.251,00 ","179.359,95 ","1.221.464,48 ",,,,,,,,,,,"1.604.075,43"
,SELISIH (FEE),"0,00 ","(3.494,00)","(820,05)","(8.610,52)",,"0,00 ","0,00 ","0,00 ",,"0,00 ","0,00 ",0,0,0,"(12.924,57)"
,Fee (%),#DIV/0!,"(0,02)","(0,00)","(0,01)",,#DIV/0!,#DIV/0!,#DIV/0!,,#DIV/0!,#DIV/0!,#DIV/0!,#DIV/0!,#DIV/0!,"(0,01)"
,MASUK TANGGAL,,,,,,,,,,,,,,,
,DICEK TANGGAL,,,,,,,,,,,,,,,
22/03/2026,Quinos,,,"363.585,00 ","2.123.200,00 ",,,,,,,,,,,"2.486.785,00"
,SETTLEMENT,,,"363.585,00 ","2.123.200,00 ",,,,,,,,,,,"2.486.785,00"
,SELISIH,"0,00 ","0,00 ","0,00 ","0,00 ",,"0,00 ",,"0,00 ",,"0,00 ","0,00 ",0,0,0,"0,00"
,REK KORAN,,,"363.039,63 ","2.108.337,60 ",,,,,,,,,,,"2.471.377,23"
,SELISIH (FEE),"0,00 ","0,00 ","(545,37)","(14.862,40)",,"0,00 ","0,00 ","0,00 ",,"0,00 ","0,00 ",0,0,0,"(15.407,77)"
,Fee (%),#DIV/0!,#DIV/0!,"(0,00)","(0,01)",,#DIV/0!,#DIV/0!,#DIV/0!,,#DIV/0!,#DIV/0!,#DIV/0!,#DIV/0!,#DIV/0!,"(0,01)"
,MASUK TANGGAL,,,,,,,,,,,,,,,
,DICEK TANGGAL,,,,,,,,,,,,,,,
23/03/2026,Quinos,,"57.750,00 ","80.850,00 ","1.127.845,00 ",,,,,,,,,,,"1.266.445,00"
,SETTLEMENT,,"57.750,00 ","80.850,00 ","1.127.845,00 ",,,,,,,,,,,"1.266.445,00"
,SELISIH,"0,00 ","0,00 ","0,00 ","0,00 ",,"0,00 ",,"0,00 ",,"0,00 ","0,00 ",0,0,0,"0,00"
,REK KORAN,,"56.595,00 ","80.728,73 ","1.119.950,09 ",,,,,,,,,,,"1.257.273,82"
,SELISIH (FEE),"0,00 ","(1.155,00)","(121,27)","(7.894,91)",,"0,00 ","0,00 ","0,00 ",,"0,00 ","0,00 ",0,0,0,"(9.171,18)"
,Fee (%),#DIV/0!,"(0,02)","(0,00)","(0,01)",,#DIV/0!,#DIV/0!,#DIV/0!,,#DIV/0!,#DIV/0!,#DIV/0!,#DIV/0!,#DIV/0!,"(0,01)"
,MASUK TANGGAL,,,,,,,,,,,,,,,
,DICEK TANGGAL,,,,,,,,,,,,,,,
24/03/2026,Quinos,,,"304.920,00 ","938.775,00 ",,,,,,,,,,,"1.243.695,00"
,SETTLEMENT,,,"304.920,00 ","938.775,00 ",,,,,,,,,,,"1.243.695,00"
,SELISIH,"0,00 ","0,00 ","0,00 ","0,00 ",,"0,00 ",,"0,00 ",,"0,00 ","0,00 ",0,0,0,"0,00"
,REK KORAN,,,"304.158,28 ","932.203,59 ",,,,,,,,,,,"1.236.361,87"
,SELISIH (FEE),"0,00 ","0,00 ","(761,72)","(6.571,41)",,"0,00 ","0,00 ","0,00 ",,"0,00 ","0,00 ",0,0,0,"(7.333,13)"
,Fee (%),#DIV/0!,#DIV/0!,"(0,00)","(0,01)",,#DIV/0!,#DIV/0!,#DIV/0!,,#DIV/0!,#DIV/0!,#DIV/0!,#DIV/0!,#DIV/0!,"(0,01)"
,MASUK TANGGAL,,,,,,,,,,,,,,,
,DICEK TANGGAL,,,,,,,,,,,,,,,
25/03/2026,Quinos,,"35.805,00 ","160.545,00 ","684.915,00 ",,,,,,,,,,,"881.265,00"
,SETTLEMENT,,"35.805,00 ","160.545,00 ","684.915,00 ",,,,,,,,,,,"881.265,00"
,SELISIH,"0,00 ","0,00 ","0,00 ","0,00 ",,"0,00 ",,"0,00 ",,"0,00 ","0,00 ",0,0,0,"0,00"
,REK KORAN,,"35.268,00 ","159.940,94 ","680.120,60 ",,,,,,,,,,,"875.329,54"
,SELISIH (FEE),"0,00 ","(537,00)","(604,06)","(4.794,40)",,"0,00 ","0,00 ","0,00 ",,"0,00 ","0,00 ",0,0,0,"(5.935,46)"
,Fee (%),#DIV/0!,"(0,01)","(0,00)","(0,01)",,#DIV/0!,#DIV/0!,#DIV/0!,,#DIV/0!,#DIV/0!,#DIV/0!,#DIV/0!,#DIV/0!,"(0,01)"
,MASUK TANGGAL,,,,,,,,,,,,,,,
,DICEK TANGGAL,,,,,,,,,,,,,,,
26/03/2026,Quinos,,,,"247.170,00 ",,,,,,,,,,,"247.170,00"
,SETTLEMENT,,,,"247.170,00 ",,,,,,,,,,,"247.170,00"
,SELISIH,"0,00 ","0,00 ","0,00 ","0,00 ",,"0,00 ",,"0,00 ",,"0,00 ","0,00 ",0,0,0,"0,00"
,REK KORAN,,,,"245.439,81 ",,,,,,,,,,,"245.439,81"
,SELISIH (FEE),"0,00 ","0,00 ","0,00 ","(1.730,19)",,"0,00 ","0,00 ","0,00 ",,"0,00 ","0,00 ",0,0,0,"(1.730,19)"
,Fee (%),#DIV/0!,#DIV/0!,#DIV/0!,"(0,01)",,#DIV/0!,#DIV/0!,#DIV/0!,,#DIV/0!,#DIV/0!,#DIV/0!,#DIV/0!,#DIV/0!,"(0,01)"
,MASUK TANGGAL,,,,,,,,,,,,,,,
,DICEK TANGGAL,,,,,,,,,,,,,,,
27/03/2026,Quinos,,,,,,,,,,,,,,,"0,00"
,SETTLEMENT,,,,"1.057.345,00 ",,,,,,,,,,,"1.057.345,00"
,SELISIH,"0,00 ","0,00 ","0,00 ","1.057.345,00 ",,"0,00 ",,"0,00 ",,"0,00 ","0,00 ",0,0,0,"1.057.345,00"
,REK KORAN,,,,"1.049.943,59 ",,,,,,,,,,,"1.049.943,59"
,SELISIH (FEE),"0,00 ","0,00 ","0,00 ","(7.401,41)",,"0,00 ","0,00 ","0,00 ",,"0,00 ","0,00 ",0,0,0,"(7.401,41)"
,Fee (%),#DIV/0!,#DIV/0!,#DIV/0!,"(0,01)",,#DIV/0!,#DIV/0!,#DIV/0!,,#DIV/0!,#DIV/0!,#DIV/0!,#DIV/0!,#DIV/0!,"(0,01)"
,MASUK TANGGAL,,,,,,,,,,,,,,,
,DICEK TANGGAL,,,,,,,,,,,,,,,
28/03/2026,Quinos,,"35.805,00 ","36.960,00 ","1.204.500,00 ",,,,,,,,,,,"1.277.265,00"
,SETTLEMENT,,"35.805,00 ","36.960,00 ","1.204.500,00 ",,,,,,,,,,,"1.277.265,00"
,SELISIH,"0,00 ","0,00 ","0,00 ","0,00 ",,"0,00 ",,"0,00 ",,"0,00 ","0,00 ",0,0,0,"0,00"
,REK KORAN,,"35.089,00 ","36.904,56 ","1.196.068,51 ",,,,,,,,,,,"1.268.062,07"
,SELISIH (FEE),"0,00 ","(716,00)","(55,44)","(8.431,49)",,"0,00 ","0,00 ","0,00 ",,"0,00 ","0,00 ",0,0,0,"(9.202,93)"
,Fee (%),#DIV/0!,"(0,02)","(0,00)","(0,01)",,#DIV/0!,#DIV/0!,#DIV/0!,,#DIV/0!,#DIV/0!,#DIV/0!,#DIV/0!,#DIV/0!,"(0,01)"
,MASUK TANGGAL,,,,,,,,,,,,,,,
,DICEK TANGGAL,,,,,,,,,,,,,,,
29/03/2026,Quinos,,"747.355,00 ","414.800,00 ","1.652.685,00 ",,,,,,,,,,,"2.814.840,00"
,SETTLEMENT,,"747.355,00 ","414.800,00 ","1.652.685,00 ",,,,,,,,,,,"2.814.840,00"
,SELISIH,"0,00 ","0,00 ","0,00 ","0,00 ",,"0,00 ",,"0,00 ",,"0,00 ","0,00 ",0,0,0,"0,00"
,REK KORAN,,"732.408,00 ","413.863,64 ","1.641.116,22 ",,,,,,,,,,,"2.787.387,86"
,SELISIH (FEE),"0,00 ","(14.947,00)","(936,36)","(11.568,78)",,"0,00 ","0,00 ","0,00 ",,"0,00 ","0,00 ",0,0,0,"(27.452,14)"
,Fee (%),#DIV/0!,"(0,02)","(0,00)","(0,01)",,#DIV/0!,#DIV/0!,#DIV/0!,,#DIV/0!,#DIV/0!,#DIV/0!,#DIV/0!,#DIV/0!,"(0,01)"
,MASUK TANGGAL,,,,,,,,,,,,,,,
,DICEK TANGGAL,,,,,,,,,,,,,,,
30/03/2026,Quinos,,,"79.695,00 ","286.440,00 ",,,,,,,,,,,"366.135,00"
,SETTLEMENT,,,"79.695,00 ","286.440,00 ",,,,,,,,,,,"366.135,00"
,SELISIH,"0,00 ","0,00 ","0,00 ","0,00 ",,"0,00 ",,"0,00 ",,"0,00 ","0,00 ",0,0,0,"0,00"
,REK KORAN,,,"78.898,05 ","284.434,93 ",,,,,,,,,,,"363.332,98"
,SELISIH (FEE),"0,00 ","0,00 ","(796,95)","(2.005,07)",,"0,00 ","0,00 ","0,00 ",,"0,00 ","0,00 ",0,0,0,"(2.802,02)"
,Fee (%),#DIV/0!,#DIV/0!,"(0,01)","(0,01)",,#DIV/0!,#DIV/0!,#DIV/0!,,#DIV/0!,#DIV/0!,#DIV/0!,#DIV/0!,#DIV/0!,"(0,01)"
,MASUK TANGGAL,,,,,,,,,,,,,,,
,DICEK TANGGAL,,,,,,,,,,,,,,,
31/03/2026,Quinos,,"140.000,00 ",,"246.015,00 ",,,,,,,,,,,"386.015,00"
,SETTLEMENT,,"140.000,00 ",,"246.015,00 ",,,,,,,,,,,"386.015,00"
,SELISIH,"0,00 ","0,00 ","0,00 ","0,00 ",,"0,00 ",,"0,00 ",,"0,00 ","0,00 ",0,0,0,"0,00"
,REK KORAN,,"137.200,00 ",,"244.292,90 ",,,,,,,,,,,"381.492,90"
,SELISIH (FEE),"0,00 ","(2.800,00)","0,00 ","(1.722,10)",,"0,00 ","0,00 ","0,00 ",,"0,00 ","0,00 ",0,0,0,"(4.522,10)"
,Fee (%),#DIV/0!,"(0,02)",#DIV/0!,"(0,01)",,#DIV/0!,#DIV/0!,#DIV/0!,,#DIV/0!,#DIV/0!,#DIV/0!,#DIV/0!,#DIV/0!,"(0,01)"
,MASUK TANGGAL,,,,,,,,,,,,,,,
,DICEK TANGGAL,,,,,,,,,,,,,,,
01/04/2026,Quinos,,"85.470,00 ","47.355,00 ","315.315,00 ",,,,,,,,,,,"448.140,00"
,SETTLEMENT,,"85.470,00 ","47.355,00 ","315.315,00 ",,,,,,,,,,,"448.140,00"
,SELISIH,"0,00 ","0,00 ","0,00 ","0,00 ",,"0,00 ",,"0,00 ",,"0,00 ","0,00 ",0,0,0,"0,00"
,REK KORAN,,"83.761,00 ","47.283,97 ","313.107,80 ",,,,,,,,,,,"444.152,77"
,SELISIH (FEE),"0,00 ","(1.709,00)","(71,03)","(2.207,20)",,"0,00 ","0,00 ","0,00 ",,"0,00 ","0,00 ",0,0,0,"(3.987,23)"
,Fee (%),#DIV/0!,"(0,02)","(0,00)","(0,01)",,#DIV/0!,#DIV/0!,#DIV/0!,,#DIV/0!,#DIV/0!,#DIV/0!,#DIV/0!,#DIV/0!,"(0,01)"
,MASUK TANGGAL,,,,,,,,,,,,,,,
,DICEK TANGGAL,,,,,,,,,,,,,,,
02/04/2026,Quinos,,,,"77.385,00 ",,,,,,,,,,71.610,"148.995,00"
,SETTLEMENT,,,,"77.385,00 ",,,,,,,,,,,"77.385,00"
,SELISIH,"0,00 ","0,00 ","0,00 ","0,00 ",,"0,00 ",,"0,00 ",,"0,00 ","0,00 ",0,0,(71.610),"(71.610,00)"
,REK KORAN,,,,"76.843,31 ",,,,,,,,,,,"76.843,31"
,SELISIH (FEE),"0,00 ","0,00 ","0,00 ","(541,69)",,"0,00 ","0,00 ","0,00 ",,"0,00 ","0,00 ",0,0,0,"(541,69)"
,Fee (%),#DIV/0!,#DIV/0!,#DIV/0!,"(0,01)",,#DIV/0!,#DIV/0!,#DIV/0!,,#DIV/0!,#DIV/0!,#DIV/0!,#DIV/0!,#DIV/0!,"(0,01)"
,MASUK TANGGAL,,,,,,,,,,,,,,,
,DICEK TANGGAL,,,,,,,,,,,,,,,
03/04/2026,Quinos,,"220.605,00 ","203.280,00 ","2.163.315,00 ",,,,,,,,,,,"2.587.200,00"
,SETTLEMENT,,"220.605,00 ","203.280,00 ","2.163.315,00 ",,,,,,,,,,,"2.587.200,00"
,SELISIH,"0,00 ","0,00 ","0,00 ","0,00 ",,"0,00 ",,"0,00 ",,"0,00 ","0,00 ",0,0,0,"0,00"
,REK KORAN,,"216.193,00 ","201.904,98 ","2.148.171,80 ",,,,,,,,,,,"2.566.269,78"
,SELISIH (FEE),"0,00 ","(4.412,00)","(1.375,02)","(15.143,20)",,"0,00 ","0,00 ","0,00 ",,"0,00 ","0,00 ",0,0,0,"(20.930,22)"
,Fee (%),#DIV/0!,"(0,02)","(0,01)","(0,01)",,#DIV/0!,#DIV/0!,#DIV/0!,,#DIV/0!,#DIV/0!,#DIV/0!,#DIV/0!,#DIV/0!,"(0,01)"
,MASUK TANGGAL,,,,,,,,,,,,,,,
,DICEK TANGGAL,,,,,,,,,,,,,,,
04/04/2026,Quinos,,,"35.805,00 ","1.630.475,00 ",,,,,,,,,,,"1.666.280,00"
,SETTLEMENT,,,"78.540,00 ","1.587.740,00 ",,,,,,,,,,,"1.666.280,00"
,SELISIH,"0,00 ","0,00 ","42.735,00 ","(42.735,00)",,"0,00 ",,"0,00 ",,"0,00 ","0,00 ",0,0,0,"0,00"
,REK KORAN,,,"78.422,19 ","1.576.625,82 ",,,,,,,,,,,"1.655.048,01"
,SELISIH (FEE),"0,00 ","0,00 ","(117,81)","(11.114,18)",,"0,00 ","0,00 ","0,00 ",,"0,00 ","0,00 ",0,0,0,"(11.231,99)"
,Fee (%),#DIV/0!,#DIV/0!,"(0,00)","(0,01)",,#DIV/0!,#DIV/0!,#DIV/0!,,#DIV/0!,#DIV/0!,#DIV/0!,#DIV/0!,#DIV/0!,"(0,01)"
,MASUK TANGGAL,,,,,,,,,,,,,,,
,DICEK TANGGAL,,,,,,,,,,,,,,,
05/04/2026,Quinos,,"137.355,00 ","195.195,00 ","1.138.830,00 ",,,,,,,,,,,"1.471.380,00"
,SETTLEMENT,,"137.355,00 ","195.195,00 ","1.138.830,00 ",,,,,,,,,,,"1.471.380,00"
,SELISIH,"0,00 ","0,00 ","0,00 ","0,00 ",,"0,00 ",,"0,00 ",,"0,00 ","0,00 ",0,0,0,"0,00"
,REK KORAN,,"134.608,00 ","194.597,87 ","1.130.858,20 ",,,,,,,,,,,"1.460.064,07"
,SELISIH (FEE),"0,00 ","(2.747,00)","(597,13)","(7.971,80)",,"0,00 ","0,00 ","0,00 ",,"0,00 ","0,00 ",0,0,0,"(11.315,93)"
,Fee (%),#DIV/0!,"(0,02)","(0,00)","(0,01)",,#DIV/0!,#DIV/0!,#DIV/0!,,#DIV/0!,#DIV/0!,#DIV/0!,#DIV/0!,#DIV/0!,"(0,01)"
,MASUK TANGGAL,,,,,,,,,,,,,,,
,DICEK TANGGAL,,,,,,,,,,,,,,,
06/04/2026,Quinos,,,,"310.695,00 ",,,,,,,,,,,"310.695,00"
,SETTLEMENT,,,,"310.695,00 ",,,,,,,,,,,"310.695,00"
,SELISIH,"0,00 ","0,00 ","0,00 ","0,00 ",,"0,00 ",,"0,00 ",,"0,00 ","0,00 ",0,0,0,"0,00"
,REK KORAN,,,,"308.520,15 ",,,,,,,,,,,"308.520,15"
,SELISIH (FEE),"0,00 ","0,00 ","0,00 ","(2.174,85)",,"0,00 ","0,00 ","0,00 ",,"0,00 ","0,00 ",0,0,0,"(2.174,85)"
,Fee (%),#DIV/0!,#DIV/0!,#DIV/0!,"(0,01)",,#DIV/0!,#DIV/0!,#DIV/0!,,#DIV/0!,#DIV/0!,#DIV/0!,#DIV/0!,#DIV/0!,"(0,01)"
,MASUK TANGGAL,,,,,,,,,,,,,,,
,DICEK TANGGAL,,,,,,,,,,,,,,,
07/04/2026,Quinos,,"65.000,00 ","57.750,00 ","412.335,00 ",,,,,,,,,,,"535.085,00"
,SETTLEMENT,,"65.000,00 ","57.750,00 ","412.335,00 ",,,,,,,,,,,"535.085,00"
,SELISIH,"0,00 ","0,00 ","0,00 ","0,00 ",,"0,00 ",,"0,00 ",,"0,00 ","0,00 ",0,0,0,"0,00"
,REK KORAN,,"63.700,00 ","57.663,38 ","409.448,67 ",,,,,,,,,,,"530.812,05"
,SELISIH (FEE),"0,00 ","(1.300,00)","(86,62)","(2.886,33)",,"0,00 ","0,00 ","0,00 ",,"0,00 ","0,00 ",0,0,0,"(4.272,95)"
,Fee (%),#DIV/0!,"(0,02)","(0,00)","(0,01)",,#DIV/0!,#DIV/0!,#DIV/0!,,#DIV/0!,#DIV/0!,#DIV/0!,#DIV/0!,#DIV/0!,"(0,01)"
,MASUK TANGGAL,,,,,,,,,,,,,,,
,DICEK TANGGAL,,,,,,,,,,,,,,,
08/04/2026,Quinos,,"77.385,00 ","600.920,00 ",,,,,,,,,,,,"678.305,00"
,SETTLEMENT,,"77.385,00 ","600.920,00 ",,,,,,,,,,,,"678.305,00"
,SELISIH,"0,00 ","0,00 ","0,00 ","0,00 ",,"0,00 ",,"0,00 ",,"0,00 ","0,00 ",0,0,0,"0,00"
,REK KORAN,,"75.837,00 ","596.713,57 ",,,,,,,,,,,,"672.550,57"
,SELISIH (FEE),"0,00 ","(1.548,00)","(4.206,43)","0,00 ",,"0,00 ","0,00 ","0,00 ",,"0,00 ","0,00 ",0,0,0,"(5.754,43)"
,Fee (%),#DIV/0!,"(0,02)","(0,01)",#DIV/0!,,#DIV/0!,#DIV/0!,#DIV/0!,,#DIV/0!,#DIV/0!,#DIV/0!,#DIV/0!,#DIV/0!,"(0,01)"
,MASUK TANGGAL,,,,,,,,,,,,,,,
,DICEK TANGGAL,,,,,,,,,,,,,,,
09/04/2026,Quinos,,"77.385,00 ","458.855,00 ",,,,,,,,,,,,"536.240,00"
,SETTLEMENT,,"77.385,00 ","458.855,00 ",,,,,,,,,,,,"536.240,00"
,SELISIH,"0,00 ","0,00 ","0,00 ","0,00 ",,"0,00 ",,"0,00 ",,"0,00 ","0,00 ",0,0,0,"0,00"
,REK KORAN,,"75.838,00 ","455.643,02 ",,,,,,,,,,,,"531.481,02"
,SELISIH (FEE),"0,00 ","(1.547,00)","(3.211,98)","0,00 ",,"0,00 ","0,00 ","0,00 ",,"0,00 ","0,00 ",0,0,0,"(4.758,98)"
,Fee (%),#DIV/0!,"(0,02)","(0,01)",#DIV/0!,,#DIV/0!,#DIV/0!,#DIV/0!,,#DIV/0!,#DIV/0!,#DIV/0!,#DIV/0!,#DIV/0!,"(0,01)"
,MASUK TANGGAL,,,,,,,,,,,,,,,
,DICEK TANGGAL,,,,,,,,,,,,,,,
10/04/2026,Quinos,,,"86.625,00 ","658.350,00 ",,,,,,,,,,,"744.975,00"
,SETTLEMENT,,,"86.625,00 ","658.350,00 ",,,,,,,,,,,"744.975,00"
,SELISIH,"0,00 ","0,00 ","0,00 ","0,00 ",,"0,00 ",,"0,00 ",,"0,00 ","0,00 ",0,0,0,"0,00"
,REK KORAN,,,"86.131,82 ","653.741,56 ",,,,,,,,,,,"739.873,38"
,SELISIH (FEE),"0,00 ","0,00 ","(493,18)","(4.608,44)",,"0,00 ","0,00 ","0,00 ",,"0,00 ","0,00 ",0,0,0,"(5.101,62)"
,Fee (%),#DIV/0!,#DIV/0!,"(0,01)","(0,01)",,#DIV/0!,#DIV/0!,#DIV/0!,,#DIV/0!,#DIV/0!,#DIV/0!,#DIV/0!,#DIV/0!,"(0,01)"
,MASUK TANGGAL,,,,,,,,,,,,,,,
,DICEK TANGGAL,,,,,,,,,,,,,,,
11/04/2026,Quinos,,"135.135,00 ","42.735,00 ","1.830.675,00 ",,,,,,,,,,,"2.008.545,00"
,SETTLEMENT,,"135.135,00 ","42.735,00 ","1.830.675,00 ",,,,,,,,,,,"2.008.545,00"
,SELISIH,"0,00 ","0,00 ","0,00 ","0,00 ",,"0,00 ",,"0,00 ",,"0,00 ","0,00 ",0,0,0,"0,00"
,REK KORAN,,"132.432,00 ","42.670,90 ","1.817.860,29 ",,,,,,,,,,,"1.992.963,19"
,SELISIH (FEE),"0,00 ","(2.703,00)","(64,10)","(12.814,71)",,"0,00 ","0,00 ","0,00 ",,"0,00 ","0,00 ",0,0,0,"(15.581,81)"
,Fee (%),#DIV/0!,"(0,02)","(0,00)","(0,01)",,#DIV/0!,#DIV/0!,#DIV/0!,,#DIV/0!,#DIV/0!,#DIV/0!,#DIV/0!,#DIV/0!,"(0,01)"
,MASUK TANGGAL,,,,,,,,,,,,,,,
,DICEK TANGGAL,,,,,,,,,,,,,,,
12/04/2026,Quinos,,"591.730,00 ","105.105,00 ","1.233.540,00 ",,,,,,,,,,,"1.930.375,00"
,SETTLEMENT,,"526.730,00 ","105.105,00 ","1.298.540,00 ",,,,,,,,,,,"1.930.375,00"
,SELISIH,"0,00 ","(65.000,00)","0,00 ","65.000,00 ",,"0,00 ",,"0,00 ",,"0,00 ","0,00 ",0,0,0,"0,00"
,REK KORAN,,"516.196,00 ","104.800,08 ","1.289.450,22 ",,,,,,,,,,,"1.910.446,30"
,SELISIH (FEE),"0,00 ","(10.534,00)","(304,92)","(9.089,78)",,"0,00 ","0,00 ","0,00 ",,"0,00 ","0,00 ",0,0,0,"(19.928,70)"
,Fee (%),#DIV/0!,"(0,02)","(0,00)","(0,01)",,#DIV/0!,#DIV/0!,#DIV/0!,,#DIV/0!,#DIV/0!,#DIV/0!,#DIV/0!,#DIV/0!,"(0,01)"
,MASUK TANGGAL,,,,,,,,,,,,,,,
,DICEK TANGGAL,,,,,,,,,,,,,,,
13/04/2026,Quinos,,,,,,,,,,,,,,,"0,00"
,SETTLEMENT,,,,,,,,,,,,,,,"0,00"
,SELISIH,"0,00 ","0,00 ","0,00 ","0,00 ",,"0,00 ",,"0,00 ",,"0,00 ","0,00 ",0,0,0,"0,00"
,REK KORAN,,,,,,,,,,,,,,,"0,00"
,SELISIH (FEE),"0,00 ","0,00 ","0,00 ","0,00 ",,"0,00 ","0,00 ","0,00 ",,"0,00 ","0,00 ",0,0,0,"0,00"
,Fee (%),#DIV/0!,#DIV/0!,#DIV/0!,#DIV/0!,,#DIV/0!,#DIV/0!,#DIV/0!,,#DIV/0!,#DIV/0!,#DIV/0!,#DIV/0!,#DIV/0!,#DIV/0!
,MASUK TANGGAL,,,,,,,,,,,,,,,
,DICEK TANGGAL,,,,,,,,,,,,,,,
14/04/2026,Quinos,,,,,,,,,,,,,,,"0,00"
,SETTLEMENT,,,,,,,,,,,,,,,"0,00"
,SELISIH,"0,00 ","0,00 ","0,00 ","0,00 ",,"0,00 ",,"0,00 ",,"0,00 ","0,00 ",0,0,0,"0,00"
,REK KORAN,,,,,,,,,,,,,,,"0,00"
,SELISIH (FEE),"0,00 ","0,00 ","0,00 ","0,00 ",,"0,00 ","0,00 ","0,00 ",,"0,00 ","0,00 ",0,0,0,"0,00"
,Fee (%),#DIV/0!,#DIV/0!,#DIV/0!,#DIV/0!,,#DIV/0!,#DIV/0!,#DIV/0!,,#DIV/0!,#DIV/0!,#DIV/0!,#DIV/0!,#DIV/0!,#DIV/0!
,MASUK TANGGAL,,,,,,,,,,,,,,,
,DICEK TANGGAL,,,,,,,,,,,,,,,
15/04/2026,Quinos,,,,,,,,,,,,,,,"0,00"
,SETTLEMENT,,,,,,,,,,,,,,,"0,00"
,SELISIH,"0,00 ","0,00 ","0,00 ","0,00 ",,"0,00 ",,"0,00 ",,"0,00 ","0,00 ",0,0,0,"0,00"
,REK KORAN,,,,,,,,,,,,,,,"0,00"
,SELISIH (FEE),"0,00 ","0,00 ","0,00 ","0,00 ",,"0,00 ","0,00 ","0,00 ",,"0,00 ","0,00 ",0,0,0,"0,00"
,Fee (%),#DIV/0!,#DIV/0!,#DIV/0!,#DIV/0!,,#DIV/0!,#DIV/0!,#DIV/0!,,#DIV/0!,#DIV/0!,#DIV/0!,#DIV/0!,#DIV/0!,#DIV/0!
,MASUK TANGGAL,,,,,,,,,,,,,,,
,DICEK TANGGAL,,,,,,,,,,,,,,,