   
[2026-04-14T07:24:43.789Z] ────────────────────────────────────────────────────────────
[2026-04-14T07:24:54.978Z] 
Menghubungkan ke Accurate...
[2026-04-14T07:24:57.100Z] ✅ Terhubung! Sesi: a06e43cd-cf3a-417e-a6ef-f90e75576f3f
[2026-04-14T07:24:57.101Z] Menghubungkan ke Quinos Cloud...
[2026-04-14T07:24:59.458Z] ✅ Login Quinos berhasil! Session siap digunakan.
[2026-04-14T07:24:59.459Z] 
[1/1239] Memproses 2025-06-15 - MKG...
[2026-04-14T07:24:59.724Z]      ⏭️  Jurnal Penjualan sudah ada di Accurate.
[2026-04-14T07:24:59.839Z]      ⏭️  Jurnal Uang Masuk sudah ada di Accurate.
[2026-04-14T07:24:59.839Z]      ⏭️  Semua jurnal untuk hari ini sudah selesai, dilewati tanpa memanggil API Quinos.
[2026-04-14T07:25:02.842Z] 
[2/1239] Memproses 2025-06-16 - MKG...
[2026-04-14T07:25:03.051Z]      ⏭️  Jurnal Penjualan sudah ada di Accurate.
[2026-04-14T07:25:03.175Z]      ⏭️  Jurnal Uang Masuk sudah ada di Accurate.
[2026-04-14T07:25:03.175Z]      ⏭️  Semua jurnal untuk hari ini sudah selesai, dilewati tanpa memanggil API Quinos.
[2026-04-14T07:25:06.176Z] 
[3/1239] Memproses 2025-06-17 - MKG...
[2026-04-14T07:25:06.343Z]      ⏭️  Jurnal Penjualan sudah ada di Accurate.
[2026-04-14T07:25:06.463Z]      ⏭️  Jurnal Uang Masuk sudah ada di Accurate.
[2026-04-14T07:25:06.463Z]      ⏭️  Semua jurnal untuk hari ini sudah selesai, dilewati tanpa memanggil API Quinos.
[2026-04-14T07:25:09.469Z] 
[4/1239] Memproses 2025-06-18 - MKG...
[2026-04-14T07:25:09.616Z]      ⏭️  Jurnal Penjualan sudah ada di Accurate.
[2026-04-14T07:25:09.839Z]      ⏭️  Jurnal Uang Masuk sudah ada di Accurate.
[2026-04-14T07:25:09.839Z]      ⏭️  Semua jurnal untuk hari ini sudah selesai, dilewati tanpa memanggil API Quinos.
[2026-04-14T07:25:12.842Z] 
[5/1239] Memproses 2025-06-19 - MKG...
[2026-04-14T07:25:13.057Z]      ⏭️  Jurnal Penjualan sudah ada di Accurate.
[2026-04-14T07:25:13.232Z]      ⏭️  Jurnal Uang Masuk sudah ada di Accurate.
[2026-04-14T07:25:13.232Z]      ⏭️  Semua jurnal untuk hari ini sudah selesai, dilewati tanpa memanggil API Quinos.
[2026-04-14T07:25:16.234Z] 
[6/1239] Memproses 2025-06-20 - MKG...
[2026-04-14T07:25:16.391Z]      ⏭️  Jurnal Penjualan sudah ada di Accurate.
[2026-04-14T07:25:16.760Z]      ⏭️  Jurnal Uang Masuk sudah ada di Accurate.
[2026-04-14T07:25:16.760Z]      ⏭️  Semua jurnal untuk hari ini sudah selesai, dilewati tanpa memanggil API Quinos.
[2026-04-14T07:25:19.762Z] 
[7/1239] Memproses 2025-06-21 - MKG...
[2026-04-14T07:25:20.070Z]      ⏭️  Jurnal Penjualan sudah ada di Accurate.
[2026-04-14T07:25:20.190Z]      ⏭️  Jurnal Uang Masuk sudah ada di Accurate.
[2026-04-14T07:25:20.190Z]      ⏭️  Semua jurnal untuk hari ini sudah selesai, dilewati tanpa memanggil API Quinos.
[2026-04-14T07:25:23.196Z] 
[8/1239] Memproses 2025-06-22 - MKG...
[2026-04-14T07:25:23.520Z]      ⏭️  Jurnal Penjualan sudah ada di Accurate.
[2026-04-14T07:25:23.741Z]      ⏭️  Jurnal Uang Masuk sudah ada di Accurate.
[2026-04-14T07:25:23.741Z]      ⏭️  Semua jurnal untuk hari ini sudah selesai, dilewati tanpa memanggil API Quinos.
[2026-04-14T07:25:26.742Z] 
[9/1239] Memproses 2025-06-23 - MKG...
[2026-04-14T07:25:27.056Z]      ⏭️  Jurnal Penjualan sudah ada di Accurate.
[2026-04-14T07:25:27.174Z]      ⏭️  Jurnal Uang Masuk sudah ada di Accurate.
[2026-04-14T07:25:27.174Z]      ⏭️  Semua jurnal untuk hari ini sudah selesai, dilewati tanpa memanggil API Quinos.
[2026-04-14T07:25:30.177Z] 
[10/1239] Memproses 2025-06-24 - MKG...
[2026-04-14T07:25:30.348Z]      ⏭️  Jurnal Penjualan sudah ada di Accurate.
[2026-04-14T07:25:30.487Z]      ⏭️  Jurnal Uang Masuk sudah ada di Accurate.
[2026-04-14T07:25:30.487Z]      ⏭️  Semua jurnal untuk hari ini sudah selesai, dilewati tanpa memanggil API Quinos.
[2026-04-14T07:25:30.488Z] 
════════════════════════════════════════════════════════════════════════
[2026-04-14T07:25:30.488Z] === LAPORAN PROGRES [10/1239 — 1%] ===
[2026-04-14T07:25:30.488Z] ────────────────────────────────────────────────────────────────────────
[2026-04-14T07:25:30.488Z]   Diproses  : 10 dari 1239 (1%)
[2026-04-14T07:25:30.488Z]   ✅ Sukses  : 0
[2026-04-14T07:25:30.488Z]   ⏭️  Dilewati: 10
[2026-04-14T07:25:30.488Z]   ❌ Error   : 0
[2026-04-14T07:25:30.488Z] ════════════════════════════════════════════════════════════════════════

[2026-04-14T07:25:33.491Z] 
[11/1239] Memproses 2025-06-25 - MKG...
[2026-04-14T07:25:33.652Z]      ⏭️  Jurnal Penjualan sudah ada di Accurate.
[2026-04-14T07:25:33.800Z]      ⏭️  Jurnal Uang Masuk sudah ada di Accurate.
[2026-04-14T07:25:33.800Z]      ⏭️  Semua jurnal untuk hari ini sudah selesai, dilewati tanpa memanggil API Quinos.
[2026-04-14T07:25:36.805Z] 
[12/1239] Memproses 2025-06-26 - MKG...
[2026-04-14T07:25:37.015Z]      ⏭️  Jurnal Penjualan sudah ada di Accurate.
[2026-04-14T07:25:37.343Z]      ⏭️  Jurnal Uang Masuk sudah ada di Accurate.
[2026-04-14T07:25:37.343Z]      ⏭️  Semua jurnal untuk hari ini sudah selesai, dilewati tanpa memanggil API Quinos.
[2026-04-14T07:25:40.345Z] 
[13/1239] Memproses 2025-06-27 - MKG...
[2026-04-14T07:25:40.482Z]      ⏭️  Jurnal Penjualan sudah ada di Accurate.
[2026-04-14T07:25:40.611Z]      📡 Mengambil data dari Quinos...
[2026-04-14T07:25:43.703Z]      ✅ Jurnal Uang Masuk OK (tanggal 28/06/2025)
[2026-04-14T07:25:46.707Z] 
[14/1239] Memproses 2025-06-28 - MKG...
[2026-04-14T07:25:46.940Z]      ⏭️  Jurnal Penjualan sudah ada di Accurate.
[2026-04-14T07:25:47.057Z]      ⏭️  Jurnal Uang Masuk sudah ada di Accurate.
[2026-04-14T07:25:47.057Z]      ⏭️  Semua jurnal untuk hari ini sudah selesai, dilewati tanpa memanggil API Quinos.
[2026-04-14T07:25:50.058Z] 
[15/1239] Memproses 2025-06-29 - MKG...
[2026-04-14T07:25:50.241Z]      ⏭️  Jurnal Penjualan sudah ada di Accurate.
[2026-04-14T07:25:50.407Z]      ⏭️  Jurnal Uang Masuk sudah ada di Accurate.
[2026-04-14T07:25:50.407Z]      ⏭️  Semua jurnal untuk hari ini sudah selesai, dilewati tanpa memanggil API Quinos.
[2026-04-14T07:25:53.413Z] 
[16/1239] Memproses 2025-06-30 - MKG...
[2026-04-14T07:25:53.872Z]      ⏭️  Jurnal Penjualan sudah ada di Accurate.
[2026-04-14T07:25:53.998Z]      ⏭️  Jurnal Uang Masuk sudah ada di Accurate.
[2026-04-14T07:25:53.998Z]      ⏭️  Semua jurnal untuk hari ini sudah selesai, dilewati tanpa memanggil API Quinos.
[2026-04-14T07:25:57.002Z] 
[17/1239] Memproses 2025-07-01 - MKG...
[2026-04-14T07:25:57.182Z]      ⏭️  Jurnal Penjualan sudah ada di Accurate.
[2026-04-14T07:25:57.351Z]      ⏭️  Jurnal Uang Masuk sudah ada di Accurate.
[2026-04-14T07:25:57.351Z]      ⏭️  Semua jurnal untuk hari ini sudah selesai, dilewati tanpa memanggil API Quinos.
[2026-04-14T07:26:00.366Z] 
[18/1239] Memproses 2025-07-02 - MKG...
[2026-04-14T07:26:00.535Z]      ⏭️  Jurnal Penjualan sudah ada di Accurate.
[2026-04-14T07:26:00.655Z]      ⏭️  Jurnal Uang Masuk sudah ada di Accurate.
[2026-04-14T07:26:00.655Z]      ⏭️  Semua jurnal untuk hari ini sudah selesai, dilewati tanpa memanggil API Quinos.
[2026-04-14T07:26:03.657Z] 
[19/1239] Memproses 2025-07-03 - MKG...
[2026-04-14T07:26:03.807Z]      ⏭️  Jurnal Penjualan sudah ada di Accurate.
[2026-04-14T07:26:03.932Z]      ⏭️  Jurnal Uang Masuk sudah ada di Accurate.
[2026-04-14T07:26:03.932Z]      ⏭️  Semua jurnal untuk hari ini sudah selesai, dilewati tanpa memanggil API Quinos.
[2026-04-14T07:26:06.933Z] 
[20/1239] Memproses 2025-07-04 - MKG...
[2026-04-14T07:26:07.176Z]      ⏭️  Jurnal Penjualan sudah ada di Accurate.
[2026-04-14T07:26:07.400Z]      ⏭️  Jurnal Uang Masuk sudah ada di Accurate.
[2026-04-14T07:26:07.400Z]      ⏭️  Semua jurnal untuk hari ini sudah selesai, dilewati tanpa memanggil API Quinos.
[2026-04-14T07:26:07.402Z] 
════════════════════════════════════════════════════════════════════════
[2026-04-14T07:26:07.402Z] === LAPORAN PROGRES [20/1239 — 2%] ===
[2026-04-14T07:26:07.402Z] ────────────────────────────────────────────────────────────────────────
[2026-04-14T07:26:07.402Z]   Diproses  : 20 dari 1239 (2%)
[2026-04-14T07:26:07.402Z]   ✅ Sukses  : 1
[2026-04-14T07:26:07.402Z]   ⏭️  Dilewati: 19
[2026-04-14T07:26:07.402Z]   ❌ Error   : 0
[2026-04-14T07:26:07.402Z] ════════════════════════════════════════════════════════════════════════

[2026-04-14T07:26:10.405Z] 
[21/1239] Memproses 2025-07-05 - MKG...
[2026-04-14T07:26:10.729Z]      ⏭️  Jurnal Penjualan sudah ada di Accurate.
[2026-04-14T07:26:10.884Z]      ⏭️  Jurnal Uang Masuk sudah ada di Accurate.
[2026-04-14T07:26:10.884Z]      ⏭️  Semua jurnal untuk hari ini sudah selesai, dilewati tanpa memanggil API Quinos.
[2026-04-14T07:26:13.886Z] 
[22/1239] Memproses 2025-07-06 - MKG...
[2026-04-14T07:26:14.032Z]      ⏭️  Jurnal Penjualan sudah ada di Accurate.
[2026-04-14T07:26:14.177Z]      ⏭️  Jurnal Uang Masuk sudah ada di Accurate.
[2026-04-14T07:26:14.177Z]      ⏭️  Semua jurnal untuk hari ini sudah selesai, dilewati tanpa memanggil API Quinos.
[2026-04-14T07:26:17.179Z] 
[23/1239] Memproses 2025-07-07 - MKG...
[2026-04-14T07:26:17.377Z]      ⏭️  Jurnal Penjualan sudah ada di Accurate.
[2026-04-14T07:26:22.145Z]      ⏭️  Jurnal Uang Masuk sudah ada di Accurate.
[2026-04-14T07:26:22.145Z]      ⏭️  Semua jurnal untuk hari ini sudah selesai, dilewati tanpa memanggil API Quinos.
[2026-04-14T07:26:25.146Z] 
[24/1239] Memproses 2025-07-08 - MKG...
[2026-04-14T07:26:25.312Z]      ⏭️  Jurnal Penjualan sudah ada di Accurate.
[2026-04-14T07:26:25.429Z]      ⏭️  Jurnal Uang Masuk sudah ada di Accurate.
[2026-04-14T07:26:25.429Z]      ⏭️  Semua jurnal untuk hari ini sudah selesai, dilewati tanpa memanggil API Quinos.
[2026-04-14T07:26:28.430Z] 
[25/1239] Memproses 2025-07-09 - MKG...
[2026-04-14T07:26:28.581Z]      ⏭️  Jurnal Penjualan sudah ada di Accurate.
[2026-04-14T07:26:28.765Z]      ⏭️  Jurnal Uang Masuk sudah ada di Accurate.
[2026-04-14T07:26:28.765Z]      ⏭️  Semua jurnal untuk hari ini sudah selesai, dilewati tanpa memanggil API Quinos.
[2026-04-14T07:26:31.767Z] 
[26/1239] Memproses 2025-07-10 - MKG...
[2026-04-14T07:26:31.954Z]      ⏭️  Jurnal Penjualan sudah ada di Accurate.
[2026-04-14T07:26:32.165Z]      ⏭️  Jurnal Uang Masuk sudah ada di Accurate.
[2026-04-14T07:26:32.165Z]      ⏭️  Semua jurnal untuk hari ini sudah selesai, dilewati tanpa memanggil API Quinos.
[2026-04-14T07:26:35.167Z] 
[27/1239] Memproses 2025-07-11 - MKG...
[2026-04-14T07:26:35.343Z]      ⏭️  Jurnal Penjualan sudah ada di Accurate.
[2026-04-14T07:26:35.470Z]      ⏭️  Jurnal Uang Masuk sudah ada di Accurate.
[2026-04-14T07:26:35.470Z]      ⏭️  Semua jurnal untuk hari ini sudah selesai, dilewati tanpa memanggil API Quinos.
[2026-04-14T07:26:38.473Z] 
[28/1239] Memproses 2025-07-12 - MKG...
[2026-04-14T07:26:38.615Z]      ⏭️  Jurnal Penjualan sudah ada di Accurate.
[2026-04-14T07:26:38.758Z]      ⏭️  Jurnal Uang Masuk sudah ada di Accurate.
[2026-04-14T07:26:38.759Z]      ⏭️  Semua jurnal untuk hari ini sudah selesai, dilewati tanpa memanggil API Quinos.
[2026-04-14T07:26:41.761Z] 
[29/1239] Memproses 2025-07-13 - MKG...
[2026-04-14T07:26:41.973Z]      ⏭️  Jurnal Penjualan sudah ada di Accurate.
[2026-04-14T07:26:42.105Z]      ⏭️  Jurnal Uang Masuk sudah ada di Accurate.
[2026-04-14T07:26:42.105Z]      ⏭️  Semua jurnal untuk hari ini sudah selesai, dilewati tanpa memanggil API Quinos.
[2026-04-14T07:26:45.107Z] 
[30/1239] Memproses 2025-07-14 - MKG...
[2026-04-14T07:26:45.347Z]      ⏭️  Jurnal Penjualan sudah ada di Accurate.
[2026-04-14T07:26:45.576Z]      ⏭️  Jurnal Uang Masuk sudah ada di Accurate.
[2026-04-14T07:26:45.577Z]      ⏭️  Semua jurnal untuk hari ini sudah selesai, dilewati tanpa memanggil API Quinos.
[2026-04-14T07:26:45.577Z] 
════════════════════════════════════════════════════════════════════════
[2026-04-14T07:26:45.577Z] === LAPORAN PROGRES [30/1239 — 2%] ===
[2026-04-14T07:26:45.577Z] ────────────────────────────────────────────────────────────────────────
[2026-04-14T07:26:45.577Z]   Diproses  : 30 dari 1239 (2%)
[2026-04-14T07:26:45.577Z]   ✅ Sukses  : 1
[2026-04-14T07:26:45.578Z]   ⏭️  Dilewati: 29
[2026-04-14T07:26:45.578Z]   ❌ Error   : 0
[2026-04-14T07:26:45.578Z] ════════════════════════════════════════════════════════════════════════

[2026-04-14T07:26:48.579Z] 
[31/1239] Memproses 2025-07-15 - MKG...
[2026-04-14T07:26:48.749Z]      ⏭️  Jurnal Penjualan sudah ada di Accurate.
[2026-04-14T07:26:48.864Z]      ⏭️  Jurnal Uang Masuk sudah ada di Accurate.
[2026-04-14T07:26:48.864Z]      ⏭️  Semua jurnal untuk hari ini sudah selesai, dilewati tanpa memanggil API Quinos.
[2026-04-14T07:26:51.866Z] 
[32/1239] Memproses 2025-07-16 - MKG...
[2026-04-14T07:26:52.202Z]      ⏭️  Jurnal Penjualan sudah ada di Accurate.
[2026-04-14T07:26:52.340Z]      ⏭️  Jurnal Uang Masuk sudah ada di Accurate.
[2026-04-14T07:26:52.341Z]      ⏭️  Semua jurnal untuk hari ini sudah selesai, dilewati tanpa memanggil API Quinos.
[2026-04-14T07:26:55.342Z] 
[33/1239] Memproses 2025-07-17 - MKG...
[2026-04-14T07:26:55.564Z]      ⏭️  Jurnal Penjualan sudah ada di Accurate.
[2026-04-14T07:26:55.702Z]      ⏭️  Jurnal Uang Masuk sudah ada di Accurate.
[2026-04-14T07:26:55.702Z]      ⏭️  Semua jurnal untuk hari ini sudah selesai, dilewati tanpa memanggil API Quinos.
[2026-04-14T07:26:58.703Z] 
[34/1239] Memproses 2025-07-18 - MKG...
[2026-04-14T07:26:58.881Z]      ⏭️  Jurnal Penjualan sudah ada di Accurate.
[2026-04-14T07:26:59.073Z]      ⏭️  Jurnal Uang Masuk sudah ada di Accurate.
[2026-04-14T07:26:59.073Z]      ⏭️  Semua jurnal untuk hari ini sudah selesai, dilewati tanpa memanggil API Quinos.
[2026-04-14T07:27:02.075Z] 
[35/1239] Memproses 2025-07-19 - MKG...
[2026-04-14T07:27:02.240Z]      ⏭️  Jurnal Penjualan sudah ada di Accurate.
[2026-04-14T07:27:02.353Z]      ⏭️  Jurnal Uang Masuk sudah ada di Accurate.
[2026-04-14T07:27:02.353Z]      ⏭️  Semua jurnal untuk hari ini sudah selesai, dilewati tanpa memanggil API Quinos.
[2026-04-14T07:27:05.355Z] 
[36/1239] Memproses 2025-07-20 - MKG...
[2026-04-14T07:27:05.502Z]      ⏭️  Jurnal Penjualan sudah ada di Accurate.
[2026-04-14T07:27:05.613Z]      ⏭️  Jurnal Uang Masuk sudah ada di Accurate.
[2026-04-14T07:27:05.613Z]      ⏭️  Semua jurnal untuk hari ini sudah selesai, dilewati tanpa memanggil API Quinos.
[2026-04-14T07:27:08.615Z] 
[37/1239] Memproses 2025-07-21 - MKG...
[2026-04-14T07:27:08.773Z]      ⏭️  Jurnal Penjualan sudah ada di Accurate.
[2026-04-14T07:27:08.973Z]      📡 Mengambil data dari Quinos...
[2026-04-14T07:27:12.489Z]      ✅ Jurnal Uang Masuk OK (tanggal 22/07/2025)
[2026-04-14T07:27:15.491Z] 
[38/1239] Memproses 2025-07-22 - MKG...
[2026-04-14T07:27:15.737Z]      ⏭️  Jurnal Penjualan sudah ada di Accurate.
[2026-04-14T07:27:15.916Z]      ⏭️  Jurnal Uang Masuk sudah ada di Accurate.
[2026-04-14T07:27:15.916Z]      ⏭️  Semua jurnal untuk hari ini sudah selesai, dilewati tanpa memanggil API Quinos.
[2026-04-14T07:27:18.917Z] 
[39/1239] Memproses 2025-07-23 - MKG...
[2026-04-14T07:27:19.105Z]      ⏭️  Jurnal Penjualan sudah ada di Accurate.
[2026-04-14T07:27:19.352Z]      ⏭️  Jurnal Uang Masuk sudah ada di Accurate.
[2026-04-14T07:27:19.352Z]      ⏭️  Semua jurnal untuk hari ini sudah selesai, dilewati tanpa memanggil API Quinos.
[2026-04-14T07:27:22.354Z] 
[40/1239] Memproses 2025-07-24 - MKG...
[2026-04-14T07:27:22.550Z]      ⏭️  Jurnal Penjualan sudah ada di Accurate.
[2026-04-14T07:27:22.754Z]      ⏭️  Jurnal Uang Masuk sudah ada di Accurate.
[2026-04-14T07:27:22.754Z]      ⏭️  Semua jurnal untuk hari ini sudah selesai, dilewati tanpa memanggil API Quinos.
[2026-04-14T07:27:22.754Z] 
════════════════════════════════════════════════════════════════════════
[2026-04-14T07:27:22.754Z] === LAPORAN PROGRES [40/1239 — 3%] ===
[2026-04-14T07:27:22.754Z] ────────────────────────────────────────────────────────────────────────
[2026-04-14T07:27:22.754Z]   Diproses  : 40 dari 1239 (3%)
[2026-04-14T07:27:22.754Z]   ✅ Sukses  : 2
[2026-04-14T07:27:22.754Z]   ⏭️  Dilewati: 38
[2026-04-14T07:27:22.754Z]   ❌ Error   : 0
[2026-04-14T07:27:22.754Z] ════════════════════════════════════════════════════════════════════════

[2026-04-14T07:27:25.757Z] 
[41/1239] Memproses 2025-07-25 - MKG...
[2026-04-14T07:27:25.999Z]      ⏭️  Jurnal Penjualan sudah ada di Accurate.
[2026-04-14T07:27:26.133Z]      ⏭️  Jurnal Uang Masuk sudah ada di Accurate.
[2026-04-14T07:27:26.133Z]      ⏭️  Semua jurnal untuk hari ini sudah selesai, dilewati tanpa memanggil API Quinos.
[2026-04-14T07:27:29.134Z] 
[42/1239] Memproses 2025-07-26 - MKG...
[2026-04-14T07:27:29.578Z]      ⏭️  Jurnal Penjualan sudah ada di Accurate.
[2026-04-14T07:27:29.688Z]      ⏭️  Jurnal Uang Masuk sudah ada di Accurate.
[2026-04-14T07:27:29.688Z]      ⏭️  Semua jurnal untuk hari ini sudah selesai, dilewati tanpa memanggil API Quinos.
[2026-04-14T07:27:32.690Z] 
[43/1239] Memproses 2025-07-27 - MKG...
[2026-04-14T07:27:32.901Z]      ⏭️  Jurnal Penjualan sudah ada di Accurate.
[2026-04-14T07:27:33.007Z]      ⏭️  Jurnal Uang Masuk sudah ada di Accurate.
[2026-04-14T07:27:33.007Z]      ⏭️  Semua jurnal untuk hari ini sudah selesai, dilewati tanpa memanggil API Quinos.
[2026-04-14T07:27:36.009Z] 
[44/1239] Memproses 2025-07-28 - MKG...
[2026-04-14T07:27:36.166Z]      ⏭️  Jurnal Penjualan sudah ada di Accurate.
[2026-04-14T07:27:36.282Z]      ⏭️  Jurnal Uang Masuk sudah ada di Accurate.
[2026-04-14T07:27:36.282Z]      ⏭️  Semua jurnal untuk hari ini sudah selesai, dilewati tanpa memanggil API Quinos.
[2026-04-14T07:27:39.283Z] 
[45/1239] Memproses 2025-07-29 - MKG...
[2026-04-14T07:27:39.438Z]      ⏭️  Jurnal Penjualan sudah ada di Accurate.
[2026-04-14T07:27:39.637Z]      ⏭️  Jurnal Uang Masuk sudah ada di Accurate.
[2026-04-14T07:27:39.637Z]      ⏭️  Semua jurnal untuk hari ini sudah selesai, dilewati tanpa memanggil API Quinos.
[2026-04-14T07:27:42.639Z] 
[46/1239] Memproses 2025-07-30 - MKG...
[2026-04-14T07:27:42.993Z]      ⏭️  Jurnal Penjualan sudah ada di Accurate.
[2026-04-14T07:27:43.129Z]      ⏭️  Jurnal Uang Masuk sudah ada di Accurate.
[2026-04-14T07:27:43.130Z]      ⏭️  Semua jurnal untuk hari ini sudah selesai, dilewati tanpa memanggil API Quinos.
[2026-04-14T07:27:46.131Z] 
[47/1239] Memproses 2025-07-31 - MKG...
[2026-04-14T07:27:46.276Z]      ⏭️  Jurnal Penjualan sudah ada di Accurate.
[2026-04-14T07:27:46.577Z]      ⏭️  Jurnal Uang Masuk sudah ada di Accurate.
[2026-04-14T07:27:46.577Z]      ⏭️  Semua jurnal untuk hari ini sudah selesai, dilewati tanpa memanggil API Quinos.
[2026-04-14T07:27:49.579Z] 
[48/1239] Memproses 2025-08-01 - MKG...
[2026-04-14T07:27:49.759Z]      ⏭️  Jurnal Penjualan sudah ada di Accurate.
[2026-04-14T07:27:49.875Z]      ⏭️  Jurnal Uang Masuk sudah ada di Accurate.
[2026-04-14T07:27:49.876Z]      ⏭️  Semua jurnal untuk hari ini sudah selesai, dilewati tanpa memanggil API Quinos.
[2026-04-14T07:27:52.879Z] 
[49/1239] Memproses 2025-08-02 - MKG...
[2026-04-14T07:27:53.098Z]      ⏭️  Jurnal Penjualan sudah ada di Accurate.
[2026-04-14T07:27:53.296Z]      ⏭️  Jurnal Uang Masuk sudah ada di Accurate.
[2026-04-14T07:27:53.296Z]      ⏭️  Semua jurnal untuk hari ini sudah selesai, dilewati tanpa memanggil API Quinos.
[2026-04-14T07:27:56.297Z] 
[50/1239] Memproses 2025-08-03 - MKG...
[2026-04-14T07:27:56.547Z]      ⏭️  Jurnal Penjualan sudah ada di Accurate.
[2026-04-14T07:27:56.698Z]      ⏭️  Jurnal Uang Masuk sudah ada di Accurate.
[2026-04-14T07:27:56.698Z]      ⏭️  Semua jurnal untuk hari ini sudah selesai, dilewati tanpa memanggil API Quinos.
[2026-04-14T07:27:56.698Z] 
════════════════════════════════════════════════════════════════════════
[2026-04-14T07:27:56.698Z] === LAPORAN PROGRES [50/1239 — 4%] ===
[2026-04-14T07:27:56.698Z] ────────────────────────────────────────────────────────────────────────
[2026-04-14T07:27:56.698Z]   Diproses  : 50 dari 1239 (4%)
[2026-04-14T07:27:56.698Z]   ✅ Sukses  : 2
[2026-04-14T07:27:56.698Z]   ⏭️  Dilewati: 48
[2026-04-14T07:27:56.698Z]   ❌ Error   : 0
[2026-04-14T07:27:56.698Z] ════════════════════════════════════════════════════════════════════════

[2026-04-14T07:27:59.700Z] 
[51/1239] Memproses 2025-08-04 - MKG...
[2026-04-14T07:28:00.071Z]      ⏭️  Jurnal Penjualan sudah ada di Accurate.
[2026-04-14T07:28:00.182Z]      ⏭️  Jurnal Uang Masuk sudah ada di Accurate.
[2026-04-14T07:28:00.182Z]      ⏭️  Semua jurnal untuk hari ini sudah selesai, dilewati tanpa memanggil API Quinos.
[2026-04-14T07:28:03.184Z] 
[52/1239] Memproses 2025-08-05 - MKG...
[2026-04-14T07:28:03.336Z]      ⏭️  Jurnal Penjualan sudah ada di Accurate.
[2026-04-14T07:28:03.457Z]      ⏭️  Jurnal Uang Masuk sudah ada di Accurate.
[2026-04-14T07:28:03.458Z]      ⏭️  Semua jurnal untuk hari ini sudah selesai, dilewati tanpa memanggil API Quinos.
[2026-04-14T07:28:06.460Z] 
[53/1239] Memproses 2025-08-06 - MKG...
[2026-04-14T07:28:06.617Z]      ⏭️  Jurnal Penjualan sudah ada di Accurate.
[2026-04-14T07:28:06.766Z]      ⏭️  Jurnal Uang Masuk sudah ada di Accurate.
[2026-04-14T07:28:06.766Z]      ⏭️  Semua jurnal untuk hari ini sudah selesai, dilewati tanpa memanggil API Quinos.
[2026-04-14T07:28:09.767Z] 
[54/1239] Memproses 2025-08-07 - MKG...
[2026-04-14T07:28:10.128Z]      ⏭️  Jurnal Penjualan sudah ada di Accurate.
[2026-04-14T07:28:10.256Z]      ⏭️  Jurnal Uang Masuk sudah ada di Accurate.
[2026-04-14T07:28:10.256Z]      ⏭️  Semua jurnal untuk hari ini sudah selesai, dilewati tanpa memanggil API Quinos.
[2026-04-14T07:28:13.258Z] 
[55/1239] Memproses 2025-08-08 - MKG...
[2026-04-14T07:28:13.414Z]      ⏭️  Jurnal Penjualan sudah ada di Accurate.
[2026-04-14T07:28:13.631Z]      ⏭️  Jurnal Uang Masuk sudah ada di Accurate.
[2026-04-14T07:28:13.631Z]      ⏭️  Semua jurnal untuk hari ini sudah selesai, dilewati tanpa memanggil API Quinos.
[2026-04-14T07:28:16.633Z] 
[56/1239] Memproses 2025-08-09 - MKG...
[2026-04-14T07:28:16.850Z]      ⏭️  Jurnal Penjualan sudah ada di Accurate.
[2026-04-14T07:28:17.050Z]      ⏭️  Jurnal Uang Masuk sudah ada di Accurate.
[2026-04-14T07:28:17.051Z]      ⏭️  Semua jurnal untuk hari ini sudah selesai, dilewati tanpa memanggil API Quinos.
[2026-04-14T07:28:20.052Z] 
[57/1239] Memproses 2025-08-10 - MKG...
[2026-04-14T07:28:20.207Z]      ⏭️  Jurnal Penjualan sudah ada di Accurate.
[2026-04-14T07:28:20.354Z]      ⏭️  Jurnal Uang Masuk sudah ada di Accurate.
[2026-04-14T07:28:20.354Z]      ⏭️  Semua jurnal untuk hari ini sudah selesai, dilewati tanpa memanggil API Quinos.
[2026-04-14T07:28:23.356Z] 
[58/1239] Memproses 2025-08-11 - MKG...
[2026-04-14T07:28:23.508Z]      ⏭️  Jurnal Penjualan sudah ada di Accurate.
[2026-04-14T07:28:23.694Z]      ⏭️  Jurnal Uang Masuk sudah ada di Accurate.
[2026-04-14T07:28:23.694Z]      ⏭️  Semua jurnal untuk hari ini sudah selesai, dilewati tanpa memanggil API Quinos.
[2026-04-14T07:28:26.696Z] 
[59/1239] Memproses 2025-08-12 - MKG...
[2026-04-14T07:28:26.937Z]      ⏭️  Jurnal Penjualan sudah ada di Accurate.
[2026-04-14T07:28:27.164Z]      ⏭️  Jurnal Uang Masuk sudah ada di Accurate.
[2026-04-14T07:28:27.164Z]      ⏭️  Semua jurnal untuk hari ini sudah selesai, dilewati tanpa memanggil API Quinos.
[2026-04-14T07:28:30.166Z] 
[60/1239] Memproses 2025-08-13 - MKG...
[2026-04-14T07:28:30.351Z]      ⏭️  Jurnal Penjualan sudah ada di Accurate.
[2026-04-14T07:28:30.477Z]      ⏭️  Jurnal Uang Masuk sudah ada di Accurate.
[2026-04-14T07:28:30.477Z]      ⏭️  Semua jurnal untuk hari ini sudah selesai, dilewati tanpa memanggil API Quinos.
[2026-04-14T07:28:30.477Z] 
════════════════════════════════════════════════════════════════════════
[2026-04-14T07:28:30.477Z] === LAPORAN PROGRES [60/1239 — 5%] ===
[2026-04-14T07:28:30.477Z] ────────────────────────────────────────────────────────────────────────
[2026-04-14T07:28:30.477Z]   Diproses  : 60 dari 1239 (5%)
[2026-04-14T07:28:30.478Z]   ✅ Sukses  : 2
[2026-04-14T07:28:30.478Z]   ⏭️  Dilewati: 58
[2026-04-14T07:28:30.478Z]   ❌ Error   : 0
[2026-04-14T07:28:30.478Z] ════════════════════════════════════════════════════════════════════════

[2026-04-14T07:28:33.479Z] 
[61/1239] Memproses 2025-08-14 - MKG...
[2026-04-14T07:28:33.638Z]      ⏭️  Jurnal Penjualan sudah ada di Accurate.
[2026-04-14T07:28:33.760Z]      ⏭️  Jurnal Uang Masuk sudah ada di Accurate.
[2026-04-14T07:28:33.760Z]      ⏭️  Semua jurnal untuk hari ini sudah selesai, dilewati tanpa memanggil API Quinos.
[2026-04-14T07:28:36.762Z] 
[62/1239] Memproses 2025-08-15 - MKG...
[2026-04-14T07:28:36.922Z]      ⏭️  Jurnal Penjualan sudah ada di Accurate.
[2026-04-14T07:28:37.108Z]      ⏭️  Jurnal Uang Masuk sudah ada di Accurate.
[2026-04-14T07:28:37.109Z]      ⏭️  Semua jurnal untuk hari ini sudah selesai, dilewati tanpa memanggil API Quinos.
[2026-04-14T07:28:40.111Z] 
[63/1239] Memproses 2025-08-16 - MKG...
[2026-04-14T07:28:40.320Z]      ⏭️  Jurnal Penjualan sudah ada di Accurate.
[2026-04-14T07:28:40.443Z]      ⏭️  Jurnal Uang Masuk sudah ada di Accurate.
[2026-04-14T07:28:40.443Z]      ⏭️  Semua jurnal untuk hari ini sudah selesai, dilewati tanpa memanggil API Quinos.
[2026-04-14T07:28:43.445Z] 
[64/1239] Memproses 2025-08-17 - MKG...
[2026-04-14T07:28:43.659Z]      ⏭️  Jurnal Penjualan sudah ada di Accurate.
[2026-04-14T07:28:43.772Z]      ⏭️  Jurnal Uang Masuk sudah ada di Accurate.
[2026-04-14T07:28:43.772Z]      ⏭️  Semua jurnal untuk hari ini sudah selesai, dilewati tanpa memanggil API Quinos.
[2026-04-14T07:28:46.774Z] 
[65/1239] Memproses 2025-08-18 - MKG...
[2026-04-14T07:28:46.933Z]      ⏭️  Jurnal Penjualan sudah ada di Accurate.
[2026-04-14T07:28:47.047Z]      ⏭️  Jurnal Uang Masuk sudah ada di Accurate.
[2026-04-14T07:28:47.047Z]      ⏭️  Semua jurnal untuk hari ini sudah selesai, dilewati tanpa memanggil API Quinos.
[2026-04-14T07:28:50.049Z] 
[66/1239] Memproses 2025-08-19 - MKG...
[2026-04-14T07:28:50.203Z]      ⏭️  Jurnal Penjualan sudah ada di Accurate.
[2026-04-14T07:28:50.343Z]      ⏭️  Jurnal Uang Masuk sudah ada di Accurate.
[2026-04-14T07:28:50.344Z]      ⏭️  Semua jurnal untuk hari ini sudah selesai, dilewati tanpa memanggil API Quinos.
[2026-04-14T07:28:53.344Z] 
[67/1239] Memproses 2025-08-20 - MKG...
[2026-04-14T07:28:53.563Z]      ⏭️  Jurnal Penjualan sudah ada di Accurate.
[2026-04-14T07:28:53.698Z]      ⏭️  Jurnal Uang Masuk sudah ada di Accurate.
[2026-04-14T07:28:53.698Z]      ⏭️  Semua jurnal untuk hari ini sudah selesai, dilewati tanpa memanggil API Quinos.
[2026-04-14T07:28:56.699Z] 
[68/1239] Memproses 2025-08-21 - MKG...
[2026-04-14T07:28:56.934Z]      ⏭️  Jurnal Penjualan sudah ada di Accurate.
[2026-04-14T07:28:57.133Z]      ⏭️  Jurnal Uang Masuk sudah ada di Accurate.
[2026-04-14T07:28:57.133Z]      ⏭️  Semua jurnal untuk hari ini sudah selesai, dilewati tanpa memanggil API Quinos.
[2026-04-14T07:29:00.135Z] 
[69/1239] Memproses 2025-08-22 - MKG...
[2026-04-14T07:29:00.331Z]      ⏭️  Jurnal Penjualan sudah ada di Accurate.
[2026-04-14T07:29:00.440Z]      ⏭️  Jurnal Uang Masuk sudah ada di Accurate.
[2026-04-14T07:29:00.441Z]      ⏭️  Semua jurnal untuk hari ini sudah selesai, dilewati tanpa memanggil API Quinos.
[2026-04-14T07:29:03.444Z] 
[70/1239] Memproses 2025-08-23 - MKG...
[2026-04-14T07:29:03.618Z]      ⏭️  Jurnal Penjualan sudah ada di Accurate.
[2026-04-14T07:29:03.815Z]      📡 Mengambil data dari Quinos...
[2026-04-14T07:29:07.013Z]      ✅ Jurnal Uang Masuk OK (tanggal 24/08/2025)
[2026-04-14T07:29:07.013Z] 
════════════════════════════════════════════════════════════════════════
[2026-04-14T07:29:07.013Z] === LAPORAN PROGRES [70/1239 — 6%] ===
[2026-04-14T07:29:07.013Z] ────────────────────────────────────────────────────────────────────────
[2026-04-14T07:29:07.013Z]   Diproses  : 70 dari 1239 (6%)
[2026-04-14T07:29:07.013Z]   ✅ Sukses  : 3
[2026-04-14T07:29:07.013Z]   ⏭️  Dilewati: 67
[2026-04-14T07:29:07.013Z]   ❌ Error   : 0
[2026-04-14T07:29:07.013Z] ════════════════════════════════════════════════════════════════════════

[2026-04-14T07:29:10.015Z] 
[71/1239] Memproses 2025-08-24 - MKG...
[2026-04-14T07:29:10.229Z]      ⏭️  Jurnal Penjualan sudah ada di Accurate.
[2026-04-14T07:29:10.414Z]      📡 Mengambil data dari Quinos...
[2026-04-14T07:29:13.935Z]      ✅ Jurnal Uang Masuk OK (tanggal 25/08/2025)
[2026-04-14T07:29:16.937Z] 
[72/1239] Memproses 2025-08-25 - MKG...
[2026-04-14T07:29:17.117Z]      ⏭️  Jurnal Penjualan sudah ada di Accurate.
[2026-04-14T07:29:17.259Z]      📡 Mengambil data dari Quinos...
[2026-04-14T07:29:20.562Z]      ✅ Jurnal Uang Masuk OK (tanggal 26/08/2025)
[2026-04-14T07:29:23.564Z] 
[73/1239] Memproses 2025-08-26 - MKG...
[2026-04-14T07:29:23.737Z]      ⏭️  Jurnal Penjualan sudah ada di Accurate.
[2026-04-14T07:29:23.946Z]      ⏭️  Jurnal Uang Masuk sudah ada di Accurate.
[2026-04-14T07:29:23.946Z]      ⏭️  Semua jurnal untuk hari ini sudah selesai, dilewati tanpa memanggil API Quinos.
[2026-04-14T07:29:26.948Z] 
[74/1239] Memproses 2025-08-27 - MKG...
[2026-04-14T07:29:27.215Z]      ⏭️  Jurnal Penjualan sudah ada di Accurate.
[2026-04-14T07:29:27.365Z]      📡 Mengambil data dari Quinos...
[2026-04-14T07:29:30.535Z]      ✅ Jurnal Uang Masuk OK (tanggal 28/08/2025)
[2026-04-14T07:29:33.537Z] 
[75/1239] Memproses 2025-08-28 - MKG...
[2026-04-14T07:29:33.717Z]      ⏭️  Jurnal Penjualan sudah ada di Accurate.
[2026-04-14T07:29:33.842Z]      ⏭️  Jurnal Uang Masuk sudah ada di Accurate.
[2026-04-14T07:29:33.842Z]      ⏭️  Semua jurnal untuk hari ini sudah selesai, dilewati tanpa memanggil API Quinos.
[2026-04-14T07:29:36.844Z] 
[76/1239] Memproses 2025-08-29 - MKG...
[2026-04-14T07:29:37.070Z]      ⏭️  Jurnal Penjualan sudah ada di Accurate.
[2026-04-14T07:29:37.210Z]      ⏭️  Jurnal Uang Masuk sudah ada di Accurate.
[2026-04-14T07:29:37.210Z]      ⏭️  Semua jurnal untuk hari ini sudah selesai, dilewati tanpa memanggil API Quinos.
[2026-04-14T07:29:40.212Z] 
[77/1239] Memproses 2025-08-30 - MKG...
[2026-04-14T07:29:40.444Z]      ⏭️  Jurnal Penjualan sudah ada di Accurate.
[2026-04-14T07:29:40.682Z]      ⏭️  Jurnal Uang Masuk sudah ada di Accurate.
[2026-04-14T07:29:40.682Z]      ⏭️  Semua jurnal untuk hari ini sudah selesai, dilewati tanpa memanggil API Quinos.
[2026-04-14T07:29:43.685Z] 
[78/1239] Memproses 2025-08-31 - MKG...
[2026-04-14T07:29:44.033Z]      ⏭️  Jurnal Penjualan sudah ada di Accurate.
[2026-04-14T07:29:44.183Z]      ⏭️  Jurnal Uang Masuk sudah ada di Accurate.
[2026-04-14T07:29:44.184Z]      ⏭️  Semua jurnal untuk hari ini sudah selesai, dilewati tanpa memanggil API Quinos.
[2026-04-14T07:29:47.187Z] 
[79/1239] Memproses 2025-09-01 - MKG...
[2026-04-14T07:29:47.326Z]      ⏭️  Jurnal Penjualan sudah ada di Accurate.
[2026-04-14T07:29:47.434Z]      ⏭️  Jurnal Uang Masuk sudah ada di Accurate.
[2026-04-14T07:29:47.435Z]      ⏭️  Semua jurnal untuk hari ini sudah selesai, dilewati tanpa memanggil API Quinos.
[2026-04-14T07:29:50.435Z] 
[80/1239] Memproses 2025-09-02 - MKG...
[2026-04-14T07:29:50.600Z]      ⏭️  Jurnal Penjualan sudah ada di Accurate.
[2026-04-14T07:29:50.733Z]      ⏭️  Jurnal Uang Masuk sudah ada di Accurate.
[2026-04-14T07:29:50.733Z]      ⏭️  Semua jurnal untuk hari ini sudah selesai, dilewati tanpa memanggil API Quinos.
[2026-04-14T07:29:50.733Z] 
════════════════════════════════════════════════════════════════════════
[2026-04-14T07:29:50.733Z] === LAPORAN PROGRES [80/1239 — 6%] ===
[2026-04-14T07:29:50.733Z] ────────────────────────────────────────────────────────────────────────
[2026-04-14T07:29:50.733Z]   Diproses  : 80 dari 1239 (6%)
[2026-04-14T07:29:50.733Z]   ✅ Sukses  : 6
[2026-04-14T07:29:50.733Z]   ⏭️  Dilewati: 74
[2026-04-14T07:29:50.733Z]   ❌ Error   : 0
[2026-04-14T07:29:50.733Z] ════════════════════════════════════════════════════════════════════════

[2026-04-14T07:29:53.735Z] 
[81/1239] Memproses 2025-09-03 - MKG...
[2026-04-14T07:29:53.940Z]      ⏭️  Jurnal Penjualan sudah ada di Accurate.
[2026-04-14T07:29:54.083Z]      ⏭️  Jurnal Uang Masuk sudah ada di Accurate.
[2026-04-14T07:29:54.083Z]      ⏭️  Semua jurnal untuk hari ini sudah selesai, dilewati tanpa memanggil API Quinos.
[2026-04-14T07:29:57.096Z] 
[82/1239] Memproses 2025-09-04 - MKG...
[2026-04-14T07:29:57.338Z]      ⏭️  Jurnal Penjualan sudah ada di Accurate.
[2026-04-14T07:29:57.478Z]      ⏭️  Jurnal Uang Masuk sudah ada di Accurate.
[2026-04-14T07:29:57.478Z]      ⏭️  Semua jurnal untuk hari ini sudah selesai, dilewati tanpa memanggil API Quinos.
[2026-04-14T07:30:00.480Z] 
[83/1239] Memproses 2025-09-05 - MKG...
[2026-04-14T07:30:00.785Z]      📡 Mengambil data dari Quinos...
[2026-04-14T07:30:03.698Z] 
     🛑 [INVESTIGASI] KETIDAKSEIMBANGAN TERDETEKSI (> 15.000)
[2026-04-14T07:30:03.698Z]      Tanggal: 2025-09-05 | Toko: MKG
[2026-04-14T07:30:03.738Z]      Total Penjualan (POS Quinos): Rp 3.491.635
[2026-04-14T07:30:03.738Z]      Total Pembayaran (POS Quinos): Rp 3.451.210
[2026-04-14T07:30:03.738Z]      Selisih Jurnal: Rp 40.425
[2026-04-14T07:30:03.738Z]      --------------------------------------------------
[2026-04-14T07:30:03.738Z]      [ANALISA PEMBAYARAN VS BANK]
[2026-04-14T07:30:03.738Z]      - KREDIT BCA: POS (Rp 220.605) vs Bank (Rp 216.194) | Selisih: Rp 4.411
[2026-04-14T07:30:03.738Z]      - DEBIT BCA : POS (Rp 554.470) vs Bank (Rp 553.235,78) | Selisih: Rp 1.234,22
[2026-04-14T07:30:03.739Z]      - QRIS BCA  : POS (Rp 2.676.135) vs Bank (Rp 2.697.544,09) | Selisih: Rp -21.409,09
[2026-04-14T07:30:03.739Z]      --------------------------------------------------
[2026-04-14T07:30:03.739Z]      KESIMPULAN: Selisih Rp 40.425 ini terlalu besar untuk auto-balance.
[2026-04-14T07:30:03.739Z]      KEMUNGKINAN: Kasir salah input tipe pembayaran di Quinos, atau ada transaksi Quinos yang belum di-input (Under-reporting).

[2026-04-14T07:30:03.739Z] [ERROR]      ❌ Skipped: Jurnal Penjualan tidak seimbang (Selisih Rp 40.425). Harap cek rincian investigasi di atas.
[2026-04-14T07:30:06.840Z] 
[84/1239] Memproses 2025-09-06 - MKG...
[2026-04-14T07:30:07.007Z]      ⏭️  Jurnal Penjualan sudah ada di Accurate.
[2026-04-14T07:30:07.159Z]      ⏭️  Jurnal Uang Masuk sudah ada di Accurate.
[2026-04-14T07:30:07.159Z]      ⏭️  Semua jurnal untuk hari ini sudah selesai, dilewati tanpa memanggil API Quinos.
[2026-04-14T07:30:10.161Z] 
[85/1239] Memproses 2025-09-07 - MKG...
[2026-04-14T07:30:10.352Z]      ⏭️  Jurnal Penjualan sudah ada di Accurate.
[2026-04-14T07:30:10.600Z]      ⏭️  Jurnal Uang Masuk sudah ada di Accurate.
[2026-04-14T07:30:10.601Z]      ⏭️  Semua jurnal untuk hari ini sudah selesai, dilewati tanpa memanggil API Quinos.
[2026-04-14T07:30:13.601Z] 
[86/1239] Memproses 2025-09-08 - MKG...
[2026-04-14T07:30:13.817Z]      ⏭️  Jurnal Penjualan sudah ada di Accurate.
[2026-04-14T07:30:13.963Z]      ⏭️  Jurnal Uang Masuk sudah ada di Accurate.
[2026-04-14T07:30:13.963Z]      ⏭️  Semua jurnal untuk hari ini sudah selesai, dilewati tanpa memanggil API Quinos.
[2026-04-14T07:30:16.965Z] 
[87/1239] Memproses 2025-09-09 - MKG...
[2026-04-14T07:30:17.209Z]      ⏭️  Jurnal Penjualan sudah ada di Accurate.
[2026-04-14T07:30:17.432Z]      ⏭️  Jurnal Uang Masuk sudah ada di Accurate.
[2026-04-14T07:30:17.432Z]      ⏭️  Semua jurnal untuk hari ini sudah selesai, dilewati tanpa memanggil API Quinos.
[2026-04-14T07:30:20.434Z] 
[88/1239] Memproses 2025-09-10 - MKG...
[2026-04-14T07:30:20.579Z]      ⏭️  Jurnal Penjualan sudah ada di Accurate.
[2026-04-14T07:30:20.709Z]      ⏭️  Jurnal Uang Masuk sudah ada di Accurate.
[2026-04-14T07:30:20.709Z]      ⏭️  Semua jurnal untuk hari ini sudah selesai, dilewati tanpa memanggil API Quinos.
[2026-04-14T07:30:23.710Z] 
[89/1239] Memproses 2025-09-11 - MKG...
[2026-04-14T07:30:23.867Z]      ⏭️  Jurnal Penjualan sudah ada di Accurate.
[2026-04-14T07:30:24.017Z]      ⏭️  Jurnal Uang Masuk sudah ada di Accurate.
[2026-04-14T07:30:24.018Z]      ⏭️  Semua jurnal untuk hari ini sudah selesai, dilewati tanpa memanggil API Quinos.
[2026-04-14T07:30:27.020Z] 
[90/1239] Memproses 2025-09-12 - MKG...
[2026-04-14T07:30:27.350Z]      ⏭️  Jurnal Penjualan sudah ada di Accurate.
[2026-04-14T07:30:27.524Z]      ⏭️  Jurnal Uang Masuk sudah ada di Accurate.
[2026-04-14T07:30:27.524Z]      ⏭️  Semua jurnal untuk hari ini sudah selesai, dilewati tanpa memanggil API Quinos.
[2026-04-14T07:30:27.524Z] 
════════════════════════════════════════════════════════════════════════
[2026-04-14T07:30:27.524Z] === LAPORAN PROGRES [90/1239 — 7%] ===
[2026-04-14T07:30:27.524Z] ────────────────────────────────────────────────────────────────────────
[2026-04-14T07:30:27.524Z]   Diproses  : 90 dari 1239 (7%)
[2026-04-14T07:30:27.524Z]   ✅ Sukses  : 6
[2026-04-14T07:30:27.524Z]   ⏭️  Dilewati: 83
[2026-04-14T07:30:27.524Z]   ❌ Error   : 1
[2026-04-14T07:30:27.524Z]        • Jurnal Tidak Seimbang: 1x
[2026-04-14T07:30:27.524Z] ────────────────────────────────────────────────────────────────────────
[2026-04-14T07:30:27.524Z]   Detail Error:
[2026-04-14T07:30:27.524Z]     [2025-09-05] MKG              | Penjualan    | Jurnal Tidak Seimbang
[2026-04-14T07:30:27.524Z] ════════════════════════════════════════════════════════════════════════

[2026-04-14T07:30:30.526Z] 
[91/1239] Memproses 2025-09-13 - MKG...
[2026-04-14T07:30:30.832Z]      ⏭️  Jurnal Penjualan sudah ada di Accurate.
[2026-04-14T07:30:31.056Z]      ⏭️  Jurnal Uang Masuk sudah ada di Accurate.
[2026-04-14T07:30:31.056Z]      ⏭️  Semua jurnal untuk hari ini sudah selesai, dilewati tanpa memanggil API Quinos.
[2026-04-14T07:30:34.058Z] 
[92/1239] Memproses 2025-09-14 - MKG...
[2026-04-14T07:30:34.224Z]      ⏭️  Jurnal Penjualan sudah ada di Accurate.
[2026-04-14T07:30:34.353Z]      ⏭️  Jurnal Uang Masuk sudah ada di Accurate.
[2026-04-14T07:30:34.353Z]      ⏭️  Semua jurnal untuk hari ini sudah selesai, dilewati tanpa memanggil API Quinos.
[2026-04-14T07:30:37.355Z] 
[93/1239] Memproses 2025-09-15 - MKG...
[2026-04-14T07:30:37.586Z]      ⏭️  Jurnal Penjualan sudah ada di Accurate.
[2026-04-14T07:30:37.710Z]      ⏭️  Jurnal Uang Masuk sudah ada di Accurate.
[2026-04-14T07:30:37.710Z]      ⏭️  Semua jurnal untuk hari ini sudah selesai, dilewati tanpa memanggil API Quinos.
[2026-04-14T07:30:40.713Z] 
[94/1239] Memproses 2025-09-16 - MKG...
[2026-04-14T07:30:41.240Z]      ⏭️  Jurnal Penjualan sudah ada di Accurate.
[2026-04-14T07:30:41.407Z]      ⏭️  Jurnal Uang Masuk sudah ada di Accurate.
[2026-04-14T07:30:41.409Z]      ⏭️  Semua jurnal untuk hari ini sudah selesai, dilewati tanpa memanggil API Quinos.
[2026-04-14T07:30:44.410Z] 
[95/1239] Memproses 2025-09-17 - MKG...
[2026-04-14T07:30:44.715Z]      ⏭️  Jurnal Penjualan sudah ada di Accurate.
[2026-04-14T07:30:45.107Z]      ⏭️  Jurnal Uang Masuk sudah ada di Accurate.
[2026-04-14T07:30:45.108Z]      ⏭️  Semua jurnal untuk hari ini sudah selesai, dilewati tanpa memanggil API Quinos.
[2026-04-14T07:30:48.109Z] 
[96/1239] Memproses 2025-09-18 - MKG...
[2026-04-14T07:30:48.259Z]      ⏭️  Jurnal Penjualan sudah ada di Accurate.
[2026-04-14T07:30:48.575Z]      ⏭️  Jurnal Uang Masuk sudah ada di Accurate.
[2026-04-14T07:30:48.575Z]      ⏭️  Semua jurnal untuk hari ini sudah selesai, dilewati tanpa memanggil API Quinos.
[2026-04-14T07:30:51.578Z] 
[97/1239] Memproses 2025-09-19 - MKG...
[2026-04-14T07:30:51.862Z]      ⏭️  Jurnal Penjualan sudah ada di Accurate.
[2026-04-14T07:30:52.059Z]      ⏭️  Jurnal Uang Masuk sudah ada di Accurate.
[2026-04-14T07:30:52.059Z]      ⏭️  Semua jurnal untuk hari ini sudah selesai, dilewati tanpa memanggil API Quinos.
[2026-04-14T07:30:55.064Z] 
[98/1239] Memproses 2025-09-20 - MKG...
[2026-04-14T07:30:55.392Z]      ⏭️  Jurnal Penjualan sudah ada di Accurate.
[2026-04-14T07:30:55.522Z]      📡 Mengambil data dari Quinos...
[2026-04-14T07:30:59.082Z]      ✅ Jurnal Uang Masuk OK (tanggal 21/09/2025)
[2026-04-14T07:31:02.083Z] 
[99/1239] Memproses 2025-09-21 - MKG...
[2026-04-14T07:31:02.271Z]      ⏭️  Jurnal Penjualan sudah ada di Accurate.
[2026-04-14T07:31:02.389Z]      ⏭️  Jurnal Uang Masuk sudah ada di Accurate.
[2026-04-14T07:31:02.390Z]      ⏭️  Semua jurnal untuk hari ini sudah selesai, dilewati tanpa memanggil API Quinos.
[2026-04-14T07:31:05.391Z] 
[100/1239] Memproses 2025-09-22 - MKG...
[2026-04-14T07:31:05.547Z]      ⏭️  Jurnal Penjualan sudah ada di Accurate.
[2026-04-14T07:31:05.876Z]      ⏭️  Jurnal Uang Masuk sudah ada di Accurate.
[2026-04-14T07:31:05.877Z]      ⏭️  Semua jurnal untuk hari ini sudah selesai, dilewati tanpa memanggil API Quinos.
[2026-04-14T07:31:05.877Z] 
════════════════════════════════════════════════════════════════════════
[2026-04-14T07:31:05.877Z] === LAPORAN PROGRES [100/1239 — 8%] ===
[2026-04-14T07:31:05.877Z] ────────────────────────────────────────────────────────────────────────
[2026-04-14T07:31:05.877Z]   Diproses  : 100 dari 1239 (8%)
[2026-04-14T07:31:05.877Z]   ✅ Sukses  : 7
[2026-04-14T07:31:05.877Z]   ⏭️  Dilewati: 92
[2026-04-14T07:31:05.877Z]   ❌ Error   : 1
[2026-04-14T07:31:05.877Z]        • Jurnal Tidak Seimbang: 1x
[2026-04-14T07:31:05.877Z] ────────────────────────────────────────────────────────────────────────
[2026-04-14T07:31:05.877Z]   Detail Error:
[2026-04-14T07:31:05.877Z]     [2025-09-05] MKG              | Penjualan    | Jurnal Tidak Seimbang
[2026-04-14T07:31:05.878Z] ════════════════════════════════════════════════════════════════════════

[2026-04-14T07:31:08.880Z] 
[101/1239] Memproses 2025-09-23 - MKG...
[2026-04-14T07:31:09.184Z]      ⏭️  Jurnal Penjualan sudah ada di Accurate.
[2026-04-14T07:31:09.548Z]      ⏭️  Jurnal Uang Masuk sudah ada di Accurate.
[2026-04-14T07:31:09.548Z]      ⏭️  Semua jurnal untuk hari ini sudah selesai, dilewati tanpa memanggil API Quinos.
[2026-04-14T07:31:12.549Z] 
[102/1239] Memproses 2025-09-24 - MKG...
[2026-04-14T07:31:12.741Z]      ⏭️  Jurnal Penjualan sudah ada di Accurate.
[2026-04-14T07:31:12.883Z]      ⏭️  Jurnal Uang Masuk sudah ada di Accurate.
[2026-04-14T07:31:12.883Z]      ⏭️  Semua jurnal untuk hari ini sudah selesai, dilewati tanpa memanggil API Quinos.
[2026-04-14T07:31:15.885Z] 
[103/1239] Memproses 2025-09-25 - MKG...
[2026-04-14T07:31:16.025Z]      ⏭️  Jurnal Penjualan sudah ada di Accurate.
[2026-04-14T07:31:16.362Z]      ⏭️  Jurnal Uang Masuk sudah ada di Accurate.
[2026-04-14T07:31:16.362Z]      ⏭️  Semua jurnal untuk hari ini sudah selesai, dilewati tanpa memanggil API Quinos.
[2026-04-14T07:31:19.364Z] 
[104/1239] Memproses 2025-09-26 - MKG...
[2026-04-14T07:31:19.528Z]      ⏭️  Jurnal Penjualan sudah ada di Accurate.
[2026-04-14T07:31:19.640Z]      ⏭️  Jurnal Uang Masuk sudah ada di Accurate.
[2026-04-14T07:31:19.640Z]      ⏭️  Semua jurnal untuk hari ini sudah selesai, dilewati tanpa memanggil API Quinos.
[2026-04-14T07:31:22.642Z] 
[105/1239] Memproses 2025-09-27 - MKG...
[2026-04-14T07:31:22.810Z]      ⏭️  Jurnal Penjualan sudah ada di Accurate.
[2026-04-14T07:31:22.923Z]      ⏭️  Jurnal Uang Masuk sudah ada di Accurate.
[2026-04-14T07:31:22.923Z]      ⏭️  Semua jurnal untuk hari ini sudah selesai, dilewati tanpa memanggil API Quinos.
[2026-04-14T07:31:25.924Z] 
[106/1239] Memproses 2025-09-28 - MKG...
[2026-04-14T07:31:26.066Z]      ⏭️  Jurnal Penjualan sudah ada di Accurate.
[2026-04-14T07:31:26.283Z]      ⏭️  Jurnal Uang Masuk sudah ada di Accurate.
[2026-04-14T07:31:26.283Z]      ⏭️  Semua jurnal untuk hari ini sudah selesai, dilewati tanpa memanggil API Quinos.
[2026-04-14T07:31:29.286Z] 
[107/1239] Memproses 2025-09-29 - MKG...
[2026-04-14T07:31:29.451Z]      ⏭️  Jurnal Penjualan sudah ada di Accurate.
[2026-04-14T07:31:29.649Z]      ⏭️  Jurnal Uang Masuk sudah ada di Accurate.
[2026-04-14T07:31:29.649Z]      ⏭️  Semua jurnal untuk hari ini sudah selesai, dilewati tanpa memanggil API Quinos.
[2026-04-14T07:31:32.651Z] 
[108/1239] Memproses 2025-09-30 - MKG...
[2026-04-14T07:31:32.832Z]      ⏭️  Jurnal Penjualan sudah ada di Accurate.
[2026-04-14T07:31:32.958Z]      ⏭️  Jurnal Uang Masuk sudah ada di Accurate.
[2026-04-14T07:31:32.958Z]      ⏭️  Semua jurnal untuk hari ini sudah selesai, dilewati tanpa memanggil API Quinos.
[2026-04-14T07:31:35.960Z] 
[109/1239] Memproses 2025-10-01 - MKG...
[2026-04-14T07:31:36.097Z]      ⏭️  Jurnal Penjualan sudah ada di Accurate.
[2026-04-14T07:31:36.217Z]      ⏭️  Jurnal Uang Masuk sudah ada di Accurate.
[2026-04-14T07:31:36.218Z]      ⏭️  Semua jurnal untuk hari ini sudah selesai, dilewati tanpa memanggil API Quinos.
[2026-04-14T07:31:39.219Z] 
[110/1239] Memproses 2025-10-02 - MKG...
[2026-04-14T07:31:39.477Z]      ⏭️  Jurnal Penjualan sudah ada di Accurate.
[2026-04-14T07:31:39.620Z]      ⏭️  Jurnal Uang Masuk sudah ada di Accurate.
[2026-04-14T07:31:39.620Z]      ⏭️  Semua jurnal untuk hari ini sudah selesai, dilewati tanpa memanggil API Quinos.
[2026-04-14T07:31:39.620Z] 
════════════════════════════════════════════════════════════════════════
[2026-04-14T07:31:39.620Z] === LAPORAN PROGRES [110/1239 — 9%] ===
[2026-04-14T07:31:39.620Z] ────────────────────────────────────────────────────────────────────────
[2026-04-14T07:31:39.620Z]   Diproses  : 110 dari 1239 (9%)
[2026-04-14T07:31:39.620Z]   ✅ Sukses  : 7
[2026-04-14T07:31:39.620Z]   ⏭️  Dilewati: 102
[2026-04-14T07:31:39.620Z]   ❌ Error   : 1
[2026-04-14T07:31:39.620Z]        • Jurnal Tidak Seimbang: 1x
[2026-04-14T07:31:39.620Z] ────────────────────────────────────────────────────────────────────────
[2026-04-14T07:31:39.620Z]   Detail Error:
[2026-04-14T07:31:39.622Z]     [2025-09-05] MKG              | Penjualan    | Jurnal Tidak Seimbang
[2026-04-14T07:31:39.622Z] ════════════════════════════════════════════════════════════════════════

[2026-04-14T07:31:42.623Z] 
[111/1239] Memproses 2025-10-03 - MKG...
[2026-04-14T07:31:42.789Z]      ⏭️  Jurnal Penjualan sudah ada di Accurate.
[2026-04-14T07:31:42.913Z]      ⏭️  Jurnal Uang Masuk sudah ada di Accurate.
[2026-04-14T07:31:42.913Z]      ⏭️  Semua jurnal untuk hari ini sudah selesai, dilewati tanpa memanggil API Quinos.
[2026-04-14T07:31:45.915Z] 
[112/1239] Memproses 2025-10-04 - MKG...
[2026-04-14T07:31:46.081Z]      ⏭️  Jurnal Penjualan sudah ada di Accurate.
[2026-04-14T07:31:46.194Z]      ⏭️  Jurnal Uang Masuk sudah ada di Accurate.
[2026-04-14T07:31:46.194Z]      ⏭️  Semua jurnal untuk hari ini sudah selesai, dilewati tanpa memanggil API Quinos.
[2026-04-14T07:31:49.195Z] 
[113/1239] Memproses 2025-10-05 - MKG...
[2026-04-14T07:31:49.372Z]      ⏭️  Jurnal Penjualan sudah ada di Accurate.
[2026-04-14T07:31:49.493Z]      ⏭️  Jurnal Uang Masuk sudah ada di Accurate.
[2026-04-14T07:31:49.493Z]      ⏭️  Semua jurnal untuk hari ini sudah selesai, dilewati tanpa memanggil API Quinos.
[2026-04-14T07:31:52.495Z] 
[114/1239] Memproses 2025-10-06 - MKG...
[2026-04-14T07:31:52.751Z]      ⏭️  Jurnal Penjualan sudah ada di Accurate.
[2026-04-14T07:31:52.874Z]      ⏭️  Jurnal Uang Masuk sudah ada di Accurate.
[2026-04-14T07:31:52.874Z]      ⏭️  Semua jurnal untuk hari ini sudah selesai, dilewati tanpa memanggil API Quinos.
[2026-04-14T07:31:55.876Z] 
[115/1239] Memproses 2025-10-07 - MKG...
[2026-04-14T07:31:56.119Z]      ⏭️  Jurnal Penjualan sudah ada di Accurate.
[2026-04-14T07:31:56.311Z]      ⏭️  Jurnal Uang Masuk sudah ada di Accurate.
[2026-04-14T07:31:56.311Z]      ⏭️  Semua jurnal untuk hari ini sudah selesai, dilewati tanpa memanggil API Quinos.
[2026-04-14T07:31:59.313Z] 
[116/1239] Memproses 2025-10-08 - MKG...
[2026-04-14T07:31:59.540Z]      ⏭️  Jurnal Penjualan sudah ada di Accurate.
[2026-04-14T07:31:59.663Z]      ⏭️  Jurnal Uang Masuk sudah ada di Accurate.
[2026-04-14T07:31:59.664Z]      ⏭️  Semua jurnal untuk hari ini sudah selesai, dilewati tanpa memanggil API Quinos.
[2026-04-14T07:32:02.666Z] 
[117/1239] Memproses 2025-10-09 - MKG...
[2026-04-14T07:32:02.828Z]      ⏭️  Jurnal Penjualan sudah ada di Accurate.
[2026-04-14T07:32:02.946Z]      ⏭️  Jurnal Uang Masuk sudah ada di Accurate.
[2026-04-14T07:32:02.946Z]      ⏭️  Semua jurnal untuk hari ini sudah selesai, dilewati tanpa memanggil API Quinos.
[2026-04-14T07:32:05.948Z] 
[118/1239] Memproses 2025-10-10 - MKG...
[2026-04-14T07:32:06.090Z]      ⏭️  Jurnal Penjualan sudah ada di Accurate.
[2026-04-14T07:32:06.264Z]      ⏭️  Jurnal Uang Masuk sudah ada di Accurate.
[2026-04-14T07:32:06.264Z]      ⏭️  Semua jurnal untuk hari ini sudah selesai, dilewati tanpa memanggil API Quinos.
[2026-04-14T07:32:09.269Z] 
[119/1239] Memproses 2025-10-11 - MKG...
[2026-04-14T07:32:09.444Z]      ⏭️  Jurnal Penjualan sudah ada di Accurate.
[2026-04-14T07:32:09.750Z]      ⏭️  Jurnal Uang Masuk sudah ada di Accurate.
[2026-04-14T07:32:09.750Z]      ⏭️  Semua jurnal untuk hari ini sudah selesai, dilewati tanpa memanggil API Quinos.
[2026-04-14T07:32:12.751Z] 
[120/1239] Memproses 2025-10-12 - MKG...
[2026-04-14T07:32:12.904Z]      ⏭️  Jurnal Penjualan sudah ada di Accurate.
[2026-04-14T07:32:13.016Z]      ⏭️  Jurnal Uang Masuk sudah ada di Accurate.
[2026-04-14T07:32:13.016Z]      ⏭️  Semua jurnal untuk hari ini sudah selesai, dilewati tanpa memanggil API Quinos.
[2026-04-14T07:32:13.017Z] 
════════════════════════════════════════════════════════════════════════
[2026-04-14T07:32:13.017Z] === LAPORAN PROGRES [120/1239 — 10%] ===
[2026-04-14T07:32:13.017Z] ────────────────────────────────────────────────────────────────────────
[2026-04-14T07:32:13.017Z]   Diproses  : 120 dari 1239 (10%)
[2026-04-14T07:32:13.017Z]   ✅ Sukses  : 7
[2026-04-14T07:32:13.017Z]   ⏭️  Dilewati: 112
[2026-04-14T07:32:13.017Z]   ❌ Error   : 1
[2026-04-14T07:32:13.018Z]        • Jurnal Tidak Seimbang: 1x
[2026-04-14T07:32:13.018Z] ────────────────────────────────────────────────────────────────────────
[2026-04-14T07:32:13.018Z]   Detail Error:
[2026-04-14T07:32:13.018Z]     [2025-09-05] MKG              | Penjualan    | Jurnal Tidak Seimbang
[2026-04-14T07:32:13.018Z] ════════════════════════════════════════════════════════════════════════

[2026-04-14T07:32:16.020Z] 
[121/1239] Memproses 2025-10-13 - MKG...
[2026-04-14T07:32:16.179Z]      ⏭️  Jurnal Penjualan sudah ada di Accurate.
[2026-04-14T07:32:16.396Z]      ⏭️  Jurnal Uang Masuk sudah ada di Accurate.
[2026-04-14T07:32:16.397Z]      ⏭️  Semua jurnal untuk hari ini sudah selesai, dilewati tanpa memanggil API Quinos.
[2026-04-14T07:32:19.398Z] 
[122/1239] Memproses 2025-10-14 - MKG...
[2026-04-14T07:32:19.671Z]      ⏭️  Jurnal Penjualan sudah ada di Accurate.
[2026-04-14T07:32:19.810Z]      ⏭️  Jurnal Uang Masuk sudah ada di Accurate.
[2026-04-14T07:32:19.810Z]      ⏭️  Semua jurnal untuk hari ini sudah selesai, dilewati tanpa memanggil API Quinos.
[2026-04-14T07:32:22.812Z] 
[123/1239] Memproses 2025-10-15 - MKG...
[2026-04-14T07:32:22.965Z]      ⏭️  Jurnal Penjualan sudah ada di Accurate.
[2026-04-14T07:32:23.218Z]      ⏭️  Jurnal Uang Masuk sudah ada di Accurate.
[2026-04-14T07:32:23.219Z]      ⏭️  Semua jurnal untuk hari ini sudah selesai, dilewati tanpa memanggil API Quinos.
[2026-04-14T07:32:26.220Z] 
[124/1239] Memproses 2025-10-16 - MKG...
[2026-04-14T07:32:26.389Z]      ⏭️  Jurnal Penjualan sudah ada di Accurate.
[2026-04-14T07:32:26.524Z]      ⏭️  Jurnal Uang Masuk sudah ada di Accurate.
[2026-04-14T07:32:26.525Z]      ⏭️  Semua jurnal untuk hari ini sudah selesai, dilewati tanpa memanggil API Quinos.
[2026-04-14T07:32:29.527Z] 
[125/1239] Memproses 2025-10-17 - MKG...
[2026-04-14T07:32:29.671Z]      ⏭️  Jurnal Penjualan sudah ada di Accurate.
[2026-04-14T07:32:29.787Z]      ⏭️  Jurnal Uang Masuk sudah ada di Accurate.
[2026-04-14T07:32:29.787Z]      ⏭️  Semua jurnal untuk hari ini sudah selesai, dilewati tanpa memanggil API Quinos.
[2026-04-14T07:32:32.789Z] 
[126/1239] Memproses 2025-10-18 - MKG...
[2026-04-14T07:32:32.947Z]      ⏭️  Jurnal Penjualan sudah ada di Accurate.
[2026-04-14T07:32:33.057Z]      ⏭️  Jurnal Uang Masuk sudah ada di Accurate.
[2026-04-14T07:32:33.057Z]      ⏭️  Semua jurnal untuk hari ini sudah selesai, dilewati tanpa memanggil API Quinos.
[2026-04-14T07:32:36.060Z] 
[127/1239] Memproses 2025-10-19 - MKG...
[2026-04-14T07:32:36.211Z]      ⏭️  Jurnal Penjualan sudah ada di Accurate.
[2026-04-14T07:32:36.415Z]      ⏭️  Jurnal Uang Masuk sudah ada di Accurate.
[2026-04-14T07:32:36.416Z]      ⏭️  Semua jurnal untuk hari ini sudah selesai, dilewati tanpa memanggil API Quinos.
[2026-04-14T07:32:39.419Z] 
[128/1239] Memproses 2025-10-20 - MKG...
[2026-04-14T07:32:39.652Z]      ⏭️  Jurnal Penjualan sudah ada di Accurate.
[2026-04-14T07:32:39.785Z]      ⏭️  Jurnal Uang Masuk sudah ada di Accurate.
[2026-04-14T07:32:39.786Z]      ⏭️  Semua jurnal untuk hari ini sudah selesai, dilewati tanpa memanggil API Quinos.
[2026-04-14T07:32:42.787Z] 
[129/1239] Memproses 2025-10-21 - MKG...
[2026-04-14T07:32:42.931Z]      ⏭️  Jurnal Penjualan sudah ada di Accurate.
[2026-04-14T07:32:43.139Z]      ⏭️  Jurnal Uang Masuk sudah ada di Accurate.
[2026-04-14T07:32:43.139Z]      ⏭️  Semua jurnal untuk hari ini sudah selesai, dilewati tanpa memanggil API Quinos.
[2026-04-14T07:32:46.142Z] 
[130/1239] Memproses 2025-10-22 - MKG...
[2026-04-14T07:32:46.301Z]      ⏭️  Jurnal Penjualan sudah ada di Accurate.
[2026-04-14T07:32:46.432Z]      ⏭️  Jurnal Uang Masuk sudah ada di Accurate.
[2026-04-14T07:32:46.432Z]      ⏭️  Semua jurnal untuk hari ini sudah selesai, dilewati tanpa memanggil API Quinos.
[2026-04-14T07:32:46.432Z] 
════════════════════════════════════════════════════════════════════════
[2026-04-14T07:32:46.432Z] === LAPORAN PROGRES [130/1239 — 10%] ===
[2026-04-14T07:32:46.432Z] ────────────────────────────────────────────────────────────────────────
[2026-04-14T07:32:46.432Z]   Diproses  : 130 dari 1239 (10%)
[2026-04-14T07:32:46.432Z]   ✅ Sukses  : 7
[2026-04-14T07:32:46.433Z]   ⏭️  Dilewati: 122
[2026-04-14T07:32:46.433Z]   ❌ Error   : 1
[2026-04-14T07:32:46.433Z]        • Jurnal Tidak Seimbang: 1x
[2026-04-14T07:32:46.433Z] ────────────────────────────────────────────────────────────────────────
[2026-04-14T07:32:46.433Z]   Detail Error:
[2026-04-14T07:32:46.433Z]     [2025-09-05] MKG              | Penjualan    | Jurnal Tidak Seimbang
[2026-04-14T07:32:46.434Z] ════════════════════════════════════════════════════════════════════════

[2026-04-14T07:32:49.435Z] 
[131/1239] Memproses 2025-10-23 - MKG...
[2026-04-14T07:32:49.779Z]      ⏭️  Jurnal Penjualan sudah ada di Accurate.
[2026-04-14T07:32:49.895Z]      ⏭️  Jurnal Uang Masuk sudah ada di Accurate.
[2026-04-14T07:32:49.895Z]      ⏭️  Semua jurnal untuk hari ini sudah selesai, dilewati tanpa memanggil API Quinos.
[2026-04-14T07:32:52.897Z] 
[132/1239] Memproses 2025-10-24 - MKG...
[2026-04-14T07:32:53.144Z]      ⏭️  Jurnal Penjualan sudah ada di Accurate.
[2026-04-14T07:32:53.260Z]      ⏭️  Jurnal Uang Masuk sudah ada di Accurate.
[2026-04-14T07:32:53.260Z]      ⏭️  Semua jurnal untuk hari ini sudah selesai, dilewati tanpa memanggil API Quinos.
[2026-04-14T07:32:56.262Z] 
[133/1239] Memproses 2025-10-25 - MKG...
[2026-04-14T07:32:56.453Z]      ⏭️  Jurnal Penjualan sudah ada di Accurate.
[2026-04-14T07:32:56.667Z]      ⏭️  Jurnal Uang Masuk sudah ada di Accurate.
[2026-04-14T07:32:56.667Z]      ⏭️  Semua jurnal untuk hari ini sudah selesai, dilewati tanpa memanggil API Quinos.
[2026-04-14T07:32:59.668Z] 
[134/1239] Memproses 2025-10-26 - MKG...
[2026-04-14T07:32:59.805Z]      ⏭️  Jurnal Penjualan sudah ada di Accurate.
[2026-04-14T07:33:00.008Z]      ⏭️  Jurnal Uang Masuk sudah ada di Accurate.
[2026-04-14T07:33:00.008Z]      ⏭️  Semua jurnal untuk hari ini sudah selesai, dilewati tanpa memanggil API Quinos.
[2026-04-14T07:33:03.009Z] 
[135/1239] Memproses 2025-10-27 - MKG...
[2026-04-14T07:33:03.158Z]      ⏭️  Jurnal Penjualan sudah ada di Accurate.
[2026-04-14T07:33:03.269Z]      ⏭️  Jurnal Uang Masuk sudah ada di Accurate.
[2026-04-14T07:33:03.269Z]      ⏭️  Semua jurnal untuk hari ini sudah selesai, dilewati tanpa memanggil API Quinos.
[2026-04-14T07:33:06.271Z] 
[136/1239] Memproses 2025-10-28 - MKG...
[2026-04-14T07:33:06.430Z]      ⏭️  Jurnal Penjualan sudah ada di Accurate.
[2026-04-14T07:33:06.620Z]      ⏭️  Jurnal Uang Masuk sudah ada di Accurate.
[2026-04-14T07:33:06.620Z]      ⏭️  Semua jurnal untuk hari ini sudah selesai, dilewati tanpa memanggil API Quinos.
[2026-04-14T07:33:09.622Z] 
[137/1239] Memproses 2025-10-29 - MKG...
[2026-04-14T07:33:09.784Z]      ⏭️  Jurnal Penjualan sudah ada di Accurate.
[2026-04-14T07:33:09.890Z]      ⏭️  Jurnal Uang Masuk sudah ada di Accurate.
[2026-04-14T07:33:09.890Z]      ⏭️  Semua jurnal untuk hari ini sudah selesai, dilewati tanpa memanggil API Quinos.
[2026-04-14T07:33:12.892Z] 
[138/1239] Memproses 2025-10-30 - MKG...
[2026-04-14T07:33:13.040Z]      ⏭️  Jurnal Penjualan sudah ada di Accurate.
[2026-04-14T07:33:13.185Z]      ⏭️  Jurnal Uang Masuk sudah ada di Accurate.
[2026-04-14T07:33:13.185Z]      ⏭️  Semua jurnal untuk hari ini sudah selesai, dilewati tanpa memanggil API Quinos.
[2026-04-14T07:33:16.188Z] 
[139/1239] Memproses 2025-10-31 - MKG...
[2026-04-14T07:33:16.407Z]      ⏭️  Jurnal Penjualan sudah ada di Accurate.
[2026-04-14T07:33:16.538Z]      ⏭️  Jurnal Uang Masuk sudah ada di Accurate.
[2026-04-14T07:33:16.538Z]      ⏭️  Semua jurnal untuk hari ini sudah selesai, dilewati tanpa memanggil API Quinos.
[2026-04-14T07:33:19.541Z] 
[140/1239] Memproses 2025-11-01 - MKG...
[2026-04-14T07:33:19.894Z]      ⏭️  Jurnal Penjualan sudah ada di Accurate.
[2026-04-14T07:33:20.042Z]      ⏭️  Jurnal Uang Masuk sudah ada di Accurate.
[2026-04-14T07:33:20.042Z]      ⏭️  Semua jurnal untuk hari ini sudah selesai, dilewati tanpa memanggil API Quinos.
[2026-04-14T07:33:20.042Z] 
════════════════════════════════════════════════════════════════════════
[2026-04-14T07:33:20.042Z] === LAPORAN PROGRES [140/1239 — 11%] ===
[2026-04-14T07:33:20.042Z] ────────────────────────────────────────────────────────────────────────
[2026-04-14T07:33:20.042Z]   Diproses  : 140 dari 1239 (11%)
[2026-04-14T07:33:20.043Z]   ✅ Sukses  : 7
[2026-04-14T07:33:20.043Z]   ⏭️  Dilewati: 132
[2026-04-14T07:33:20.043Z]   ❌ Error   : 1
[2026-04-14T07:33:20.043Z]        • Jurnal Tidak Seimbang: 1x
[2026-04-14T07:33:20.043Z] ────────────────────────────────────────────────────────────────────────
[2026-04-14T07:33:20.043Z]   Detail Error:
[2026-04-14T07:33:20.043Z]     [2025-09-05] MKG              | Penjualan    | Jurnal Tidak Seimbang
[2026-04-14T07:33:20.043Z] ════════════════════════════════════════════════════════════════════════

[2026-04-14T07:33:23.044Z] 
[141/1239] Memproses 2025-11-02 - MKG...
[2026-04-14T07:33:23.261Z]      ⏭️  Jurnal Penjualan sudah ada di Accurate.
[2026-04-14T07:33:23.375Z]      ⏭️  Jurnal Uang Masuk sudah ada di Accurate.
[2026-04-14T07:33:23.375Z]      ⏭️  Semua jurnal untuk hari ini sudah selesai, dilewati tanpa memanggil API Quinos.
[2026-04-14T07:33:26.378Z] 
[142/1239] Memproses 2025-11-03 - MKG...
[2026-04-14T07:33:26.524Z]      ⏭️  Jurnal Penjualan sudah ada di Accurate.
[2026-04-14T07:33:26.779Z]      ⏭️  Jurnal Uang Masuk sudah ada di Accurate.
[2026-04-14T07:33:26.779Z]      ⏭️  Semua jurnal untuk hari ini sudah selesai, dilewati tanpa memanggil API Quinos.
[2026-04-14T07:33:29.780Z] 
[143/1239] Memproses 2025-11-04 - MKG...
[2026-04-14T07:33:29.954Z]      ⏭️  Jurnal Penjualan sudah ada di Accurate.
[2026-04-14T07:33:30.063Z]      ⏭️  Jurnal Uang Masuk sudah ada di Accurate.
[2026-04-14T07:33:30.063Z]      ⏭️  Semua jurnal untuk hari ini sudah selesai, dilewati tanpa memanggil API Quinos.
[2026-04-14T07:33:33.065Z] 
[144/1239] Memproses 2025-11-05 - MKG...
[2026-04-14T07:33:33.257Z]      ⏭️  Jurnal Penjualan sudah ada di Accurate.
[2026-04-14T07:33:33.406Z]      ⏭️  Jurnal Uang Masuk sudah ada di Accurate.
[2026-04-14T07:33:33.406Z]      ⏭️  Semua jurnal untuk hari ini sudah selesai, dilewati tanpa memanggil API Quinos.
[2026-04-14T07:33:36.407Z] 
[145/1239] Memproses 2025-11-06 - MKG...
[2026-04-14T07:33:36.602Z]      ⏭️  Jurnal Penjualan sudah ada di Accurate.
[2026-04-14T07:33:36.777Z]      ⏭️  Jurnal Uang Masuk sudah ada di Accurate.
[2026-04-14T07:33:36.777Z]      ⏭️  Semua jurnal untuk hari ini sudah selesai, dilewati tanpa memanggil API Quinos.
[2026-04-14T07:33:39.780Z] 
[146/1239] Memproses 2025-11-07 - MKG...
[2026-04-14T07:33:40.067Z]      ⏭️  Jurnal Penjualan sudah ada di Accurate.
[2026-04-14T07:33:40.281Z]      ⏭️  Jurnal Uang Masuk sudah ada di Accurate.
[2026-04-14T07:33:40.282Z]      ⏭️  Semua jurnal untuk hari ini sudah selesai, dilewati tanpa memanggil API Quinos.
[2026-04-14T07:33:43.284Z] 
[147/1239] Memproses 2025-11-08 - MKG...
[2026-04-14T07:33:43.448Z]      ⏭️  Jurnal Penjualan sudah ada di Accurate.
[2026-04-14T07:33:43.644Z]      ⏭️  Jurnal Uang Masuk sudah ada di Accurate.
[2026-04-14T07:33:43.644Z]      ⏭️  Semua jurnal untuk hari ini sudah selesai, dilewati tanpa memanggil API Quinos.
[2026-04-14T07:33:46.646Z] 
[148/1239] Memproses 2025-11-09 - MKG...
[2026-04-14T07:33:46.883Z]      ⏭️  Jurnal Penjualan sudah ada di Accurate.
[2026-04-14T07:33:47.337Z]      ⏭️  Jurnal Uang Masuk sudah ada di Accurate.
[2026-04-14T07:33:47.338Z]      ⏭️  Semua jurnal untuk hari ini sudah selesai, dilewati tanpa memanggil API Quinos.
[2026-04-14T07:33:50.340Z] 
[149/1239] Memproses 2025-11-10 - MKG...
[2026-04-14T07:33:50.576Z]      ⏭️  Jurnal Penjualan sudah ada di Accurate.
[2026-04-14T07:33:50.820Z]      ⏭️  Jurnal Uang Masuk sudah ada di Accurate.
[2026-04-14T07:33:50.820Z]      ⏭️  Semua jurnal untuk hari ini sudah selesai, dilewati tanpa memanggil API Quinos.
[2026-04-14T07:33:53.822Z] 
[150/1239] Memproses 2025-11-11 - MKG...
[2026-04-14T07:33:54.050Z]      ⏭️  Jurnal Penjualan sudah ada di Accurate.
[2026-04-14T07:33:54.157Z]      ⏭️  Jurnal Uang Masuk sudah ada di Accurate.
[2026-04-14T07:33:54.158Z]      ⏭️  Semua jurnal untuk hari ini sudah selesai, dilewati tanpa memanggil API Quinos.
[2026-04-14T07:33:54.158Z] 
════════════════════════════════════════════════════════════════════════
[2026-04-14T07:33:54.158Z] === LAPORAN PROGRES [150/1239 — 12%] ===
[2026-04-14T07:33:54.158Z] ────────────────────────────────────────────────────────────────────────
[2026-04-14T07:33:54.158Z]   Diproses  : 150 dari 1239 (12%)
[2026-04-14T07:33:54.158Z]   ✅ Sukses  : 7
[2026-04-14T07:33:54.158Z]   ⏭️  Dilewati: 142
[2026-04-14T07:33:54.158Z]   ❌ Error   : 1
[2026-04-14T07:33:54.158Z]        • Jurnal Tidak Seimbang: 1x
[2026-04-14T07:33:54.158Z] ────────────────────────────────────────────────────────────────────────
[2026-04-14T07:33:54.158Z]   Detail Error:
[2026-04-14T07:33:54.159Z]     [2025-09-05] MKG              | Penjualan    | Jurnal Tidak Seimbang
[2026-04-14T07:33:54.159Z] ════════════════════════════════════════════════════════════════════════

[2026-04-14T07:33:57.163Z] 
[151/1239] Memproses 2025-11-12 - MKG...
[2026-04-14T07:33:57.474Z]      ⏭️  Jurnal Penjualan sudah ada di Accurate.
[2026-04-14T07:33:57.608Z]      ⏭️  Jurnal Uang Masuk sudah ada di Accurate.
[2026-04-14T07:33:57.608Z]      ⏭️  Semua jurnal untuk hari ini sudah selesai, dilewati tanpa memanggil API Quinos.
[2026-04-14T07:34:00.610Z] 
[152/1239] Memproses 2025-11-13 - MKG...
[2026-04-14T07:34:00.827Z]      ⏭️  Jurnal Penjualan sudah ada di Accurate.
[2026-04-14T07:34:00.955Z]      ⏭️  Jurnal Uang Masuk sudah ada di Accurate.
[2026-04-14T07:34:00.955Z]      ⏭️  Semua jurnal untuk hari ini sudah selesai, dilewati tanpa memanggil API Quinos.
[2026-04-14T07:34:03.957Z] 
[153/1239] Memproses 2025-11-14 - MKG...
[2026-04-14T07:34:04.114Z]      ⏭️  Jurnal Penjualan sudah ada di Accurate.
[2026-04-14T07:34:04.273Z]      ⏭️  Jurnal Uang Masuk sudah ada di Accurate.
[2026-04-14T07:34:04.273Z]      ⏭️  Semua jurnal untuk hari ini sudah selesai, dilewati tanpa memanggil API Quinos.
[2026-04-14T07:34:07.274Z] 
[154/1239] Memproses 2025-11-15 - MKG...
[2026-04-14T07:34:07.478Z]      ⏭️  Jurnal Penjualan sudah ada di Accurate.
[2026-04-14T07:34:07.639Z]      ⏭️  Jurnal Uang Masuk sudah ada di Accurate.
[2026-04-14T07:34:07.639Z]      ⏭️  Semua jurnal untuk hari ini sudah selesai, dilewati tanpa memanggil API Quinos.
[2026-04-14T07:34:10.641Z] 
[155/1239] Memproses 2025-11-16 - MKG...
[2026-04-14T07:34:10.831Z]      ⏭️  Jurnal Penjualan sudah ada di Accurate.
[2026-04-14T07:34:10.981Z]      ⏭️  Jurnal Uang Masuk sudah ada di Accurate.
[2026-04-14T07:34:10.981Z]      ⏭️  Semua jurnal untuk hari ini sudah selesai, dilewati tanpa memanggil API Quinos.
[2026-04-14T07:34:13.983Z] 
[156/1239] Memproses 2025-11-17 - MKG...
[2026-04-14T07:34:14.140Z]      ⏭️  Jurnal Penjualan sudah ada di Accurate.
[2026-04-14T07:34:14.335Z]      ⏭️  Jurnal Uang Masuk sudah ada di Accurate.
[2026-04-14T07:34:14.335Z]      ⏭️  Semua jurnal untuk hari ini sudah selesai, dilewati tanpa memanggil API Quinos.
[2026-04-14T07:34:17.337Z] 
[157/1239] Memproses 2025-11-18 - MKG...
[2026-04-14T07:34:17.484Z]      ⏭️  Jurnal Penjualan sudah ada di Accurate.
[2026-04-14T07:34:17.696Z]      ⏭️  Jurnal Uang Masuk sudah ada di Accurate.
[2026-04-14T07:34:17.696Z]      ⏭️  Semua jurnal untuk hari ini sudah selesai, dilewati tanpa memanggil API Quinos.
[2026-04-14T07:34:20.698Z] 
[158/1239] Memproses 2025-11-19 - MKG...
[2026-04-14T07:34:21.010Z]      ⏭️  Jurnal Penjualan sudah ada di Accurate.
[2026-04-14T07:34:21.225Z]      ⏭️  Jurnal Uang Masuk sudah ada di Accurate.
[2026-04-14T07:34:21.226Z]      ⏭️  Semua jurnal untuk hari ini sudah selesai, dilewati tanpa memanggil API Quinos.
[2026-04-14T07:34:24.228Z] 
[159/1239] Memproses 2025-11-20 - MKG...
[2026-04-14T07:34:24.622Z]      ⏭️  Jurnal Penjualan sudah ada di Accurate.
[2026-04-14T07:34:24.767Z]      ⏭️  Jurnal Uang Masuk sudah ada di Accurate.
[2026-04-14T07:34:24.767Z]      ⏭️  Semua jurnal untuk hari ini sudah selesai, dilewati tanpa memanggil API Quinos.
[2026-04-14T07:34:27.770Z] 
[160/1239] Memproses 2025-11-21 - MKG...
[2026-04-14T07:34:27.964Z]      ⏭️  Jurnal Penjualan sudah ada di Accurate.
[2026-04-14T07:34:28.082Z]      ⏭️  Jurnal Uang Masuk sudah ada di Accurate.
[2026-04-14T07:34:28.082Z]      ⏭️  Semua jurnal untuk hari ini sudah selesai, dilewati tanpa memanggil API Quinos.
[2026-04-14T07:34:28.082Z] 
════════════════════════════════════════════════════════════════════════
[2026-04-14T07:34:28.082Z] === LAPORAN PROGRES [160/1239 — 13%] ===
[2026-04-14T07:34:28.082Z] ────────────────────────────────────────────────────────────────────────
[2026-04-14T07:34:28.082Z]   Diproses  : 160 dari 1239 (13%)
[2026-04-14T07:34:28.082Z]   ✅ Sukses  : 7
[2026-04-14T07:34:28.082Z]   ⏭️  Dilewati: 152
[2026-04-14T07:34:28.082Z]   ❌ Error   : 1
[2026-04-14T07:34:28.082Z]        • Jurnal Tidak Seimbang: 1x
[2026-04-14T07:34:28.082Z] ────────────────────────────────────────────────────────────────────────
[2026-04-14T07:34:28.082Z]   Detail Error:
[2026-04-14T07:34:28.083Z]     [2025-09-05] MKG              | Penjualan    | Jurnal Tidak Seimbang
[2026-04-14T07:34:28.083Z] ════════════════════════════════════════════════════════════════════════

[2026-04-14T07:34:31.084Z] 
[161/1239] Memproses 2025-11-22 - MKG...
[2026-04-14T07:34:31.228Z]      ⏭️  Jurnal Penjualan sudah ada di Accurate.
[2026-04-14T07:34:31.410Z]      ⏭️  Jurnal Uang Masuk sudah ada di Accurate.
[2026-04-14T07:34:31.410Z]      ⏭️  Semua jurnal untuk hari ini sudah selesai, dilewati tanpa memanggil API Quinos.
[2026-04-14T07:34:34.411Z] 
[162/1239] Memproses 2025-11-23 - MKG...
[2026-04-14T07:34:34.748Z]      ⏭️  Jurnal Penjualan sudah ada di Accurate.
[2026-04-14T07:34:34.871Z]      ⏭️  Jurnal Uang Masuk sudah ada di Accurate.
[2026-04-14T07:34:34.871Z]      ⏭️  Semua jurnal untuk hari ini sudah selesai, dilewati tanpa memanggil API Quinos.
[2026-04-14T07:34:37.874Z] 
[163/1239] Memproses 2025-11-24 - MKG...
[2026-04-14T07:34:38.020Z]      ⏭️  Jurnal Penjualan sudah ada di Accurate.
[2026-04-14T07:34:38.152Z]      ⏭️  Jurnal Uang Masuk sudah ada di Accurate.
[2026-04-14T07:34:38.152Z]      ⏭️  Semua jurnal untuk hari ini sudah selesai, dilewati tanpa memanggil API Quinos.
[2026-04-14T07:34:41.154Z] 
[164/1239] Memproses 2025-11-25 - MKG...
[2026-04-14T07:34:41.324Z]      ⏭️  Jurnal Penjualan sudah ada di Accurate.
[2026-04-14T07:34:41.527Z]      ⏭️  Jurnal Uang Masuk sudah ada di Accurate.
[2026-04-14T07:34:41.527Z]      ⏭️  Semua jurnal untuk hari ini sudah selesai, dilewati tanpa memanggil API Quinos.
[2026-04-14T07:34:44.529Z] 
[165/1239] Memproses 2025-11-26 - MKG...
[2026-04-14T07:34:44.681Z]      ⏭️  Jurnal Penjualan sudah ada di Accurate.
[2026-04-14T07:34:44.810Z]      ⏭️  Jurnal Uang Masuk sudah ada di Accurate.
[2026-04-14T07:34:44.811Z]      ⏭️  Semua jurnal untuk hari ini sudah selesai, dilewati tanpa memanggil API Quinos.
[2026-04-14T07:34:47.812Z] 
[166/1239] Memproses 2025-11-27 - MKG...
[2026-04-14T07:34:48.048Z]      ⏭️  Jurnal Penjualan sudah ada di Accurate.
[2026-04-14T07:34:48.259Z]      ⏭️  Jurnal Uang Masuk sudah ada di Accurate.
[2026-04-14T07:34:48.260Z]      ⏭️  Semua jurnal untuk hari ini sudah selesai, dilewati tanpa memanggil API Quinos.
[2026-04-14T07:34:51.262Z] 
[167/1239] Memproses 2025-11-28 - MKG...
[2026-04-14T07:34:51.493Z]      ⏭️  Jurnal Penjualan sudah ada di Accurate.
[2026-04-14T07:34:51.746Z]      ⏭️  Jurnal Uang Masuk sudah ada di Accurate.
[2026-04-14T07:34:51.746Z]      ⏭️  Semua jurnal untuk hari ini sudah selesai, dilewati tanpa memanggil API Quinos.
[2026-04-14T07:34:54.748Z] 
[168/1239] Memproses 2025-11-29 - MKG...
[2026-04-14T07:34:54.908Z]      ⏭️  Jurnal Penjualan sudah ada di Accurate.
[2026-04-14T07:34:55.025Z]      ⏭️  Jurnal Uang Masuk sudah ada di Accurate.
[2026-04-14T07:34:55.025Z]      ⏭️  Semua jurnal untuk hari ini sudah selesai, dilewati tanpa memanggil API Quinos.
[2026-04-14T07:34:58.026Z] 
[169/1239] Memproses 2025-11-30 - MKG...
[2026-04-14T07:34:58.176Z]      ⏭️  Jurnal Penjualan sudah ada di Accurate.
[2026-04-14T07:34:58.429Z]      ⏭️  Jurnal Uang Masuk sudah ada di Accurate.
[2026-04-14T07:34:58.430Z]      ⏭️  Semua jurnal untuk hari ini sudah selesai, dilewati tanpa memanggil API Quinos.
[2026-04-14T07:35:01.432Z] 
[170/1239] Memproses 2025-12-01 - MKG...
[2026-04-14T07:35:01.783Z]      ⏭️  Jurnal Penjualan sudah ada di Accurate.
[2026-04-14T07:35:02.033Z]      ⏭️  Jurnal Uang Masuk sudah ada di Accurate.
[2026-04-14T07:35:02.034Z]      ⏭️  Semua jurnal untuk hari ini sudah selesai, dilewati tanpa memanggil API Quinos.
[2026-04-14T07:35:02.034Z] 
════════════════════════════════════════════════════════════════════════
[2026-04-14T07:35:02.034Z] === LAPORAN PROGRES [170/1239 — 14%] ===
[2026-04-14T07:35:02.034Z] ────────────────────────────────────────────────────────────────────────
[2026-04-14T07:35:02.034Z]   Diproses  : 170 dari 1239 (14%)
[2026-04-14T07:35:02.034Z]   ✅ Sukses  : 7
[2026-04-14T07:35:02.034Z]   ⏭️  Dilewati: 162
[2026-04-14T07:35:02.035Z]   ❌ Error   : 1
[2026-04-14T07:35:02.035Z]        • Jurnal Tidak Seimbang: 1x
[2026-04-14T07:35:02.035Z] ────────────────────────────────────────────────────────────────────────
[2026-04-14T07:35:02.035Z]   Detail Error:
[2026-04-14T07:35:02.035Z]     [2025-09-05] MKG              | Penjualan    | Jurnal Tidak Seimbang
[2026-04-14T07:35:02.035Z] ════════════════════════════════════════════════════════════════════════

[2026-04-14T07:35:05.038Z] 
[171/1239] Memproses 2025-12-02 - MKG...
[2026-04-14T07:35:05.251Z]      ⏭️  Jurnal Penjualan sudah ada di Accurate.
[2026-04-14T07:35:05.432Z]      ⏭️  Jurnal Uang Masuk sudah ada di Accurate.
[2026-04-14T07:35:05.432Z]      ⏭️  Semua jurnal untuk hari ini sudah selesai, dilewati tanpa memanggil API Quinos.
[2026-04-14T07:35:08.433Z] 
[172/1239] Memproses 2025-12-03 - MKG...
[2026-04-14T07:35:08.588Z]      ⏭️  Jurnal Penjualan sudah ada di Accurate.
[2026-04-14T07:35:08.859Z]      ⏭️  Jurnal Uang Masuk sudah ada di Accurate.
[2026-04-14T07:35:08.859Z]      ⏭️  Semua jurnal untuk hari ini sudah selesai, dilewati tanpa memanggil API Quinos.
[2026-04-14T07:35:11.859Z] 
[173/1239] Memproses 2025-12-04 - MKG...
[2026-04-14T07:35:12.082Z]      ⏭️  Jurnal Penjualan sudah ada di Accurate.
[2026-04-14T07:35:12.294Z]      ⏭️  Jurnal Uang Masuk sudah ada di Accurate.
[2026-04-14T07:35:12.295Z]      ⏭️  Semua jurnal untuk hari ini sudah selesai, dilewati tanpa memanggil API Quinos.
[2026-04-14T07:35:15.297Z] 
[174/1239] Memproses 2025-12-05 - MKG...
[2026-04-14T07:35:15.710Z]      ⏭️  Jurnal Penjualan sudah ada di Accurate.
[2026-04-14T07:35:15.858Z]      ⏭️  Jurnal Uang Masuk sudah ada di Accurate.
[2026-04-14T07:35:15.859Z]      ⏭️  Semua jurnal untuk hari ini sudah selesai, dilewati tanpa memanggil API Quinos.
[2026-04-14T07:35:18.861Z] 
[175/1239] Memproses 2025-12-06 - MKG...
[2026-04-14T07:35:19.021Z]      ⏭️  Jurnal Penjualan sudah ada di Accurate.
[2026-04-14T07:35:19.212Z]      ⏭️  Jurnal Uang Masuk sudah ada di Accurate.
[2026-04-14T07:35:19.212Z]      ⏭️  Semua jurnal untuk hari ini sudah selesai, dilewati tanpa memanggil API Quinos.
[2026-04-14T07:35:22.215Z] 
[176/1239] Memproses 2025-12-07 - MKG...
[2026-04-14T07:35:22.392Z]      ⏭️  Jurnal Penjualan sudah ada di Accurate.
[2026-04-14T07:35:22.645Z]      ⏭️  Jurnal Uang Masuk sudah ada di Accurate.
[2026-04-14T07:35:22.646Z]      ⏭️  Semua jurnal untuk hari ini sudah selesai, dilewati tanpa memanggil API Quinos.
[2026-04-14T07:35:25.647Z] 
[177/1239] Memproses 2025-12-08 - MKG...
[2026-04-14T07:35:25.811Z]      ⏭️  Jurnal Penjualan sudah ada di Accurate.
[2026-04-14T07:35:25.942Z]      ⏭️  Jurnal Uang Masuk sudah ada di Accurate.
[2026-04-14T07:35:25.942Z]      ⏭️  Semua jurnal untuk hari ini sudah selesai, dilewati tanpa memanggil API Quinos.
[2026-04-14T07:35:28.944Z] 
[178/1239] Memproses 2025-12-09 - MKG...
[2026-04-14T07:35:29.110Z]      ⏭️  Jurnal Penjualan sudah ada di Accurate.
[2026-04-14T07:35:29.431Z]      ⏭️  Jurnal Uang Masuk sudah ada di Accurate.
[2026-04-14T07:35:29.431Z]      ⏭️  Semua jurnal untuk hari ini sudah selesai, dilewati tanpa memanggil API Quinos.
[2026-04-14T07:35:32.433Z] 
[179/1239] Memproses 2025-12-10 - MKG...
[2026-04-14T07:35:32.684Z]      ⏭️  Jurnal Penjualan sudah ada di Accurate.
[2026-04-14T07:35:32.797Z]      ⏭️  Jurnal Uang Masuk sudah ada di Accurate.
[2026-04-14T07:35:32.798Z]      ⏭️  Semua jurnal untuk hari ini sudah selesai, dilewati tanpa memanggil API Quinos.
[2026-04-14T07:35:35.800Z] 
[180/1239] Memproses 2025-12-11 - MKG...
[2026-04-14T07:35:36.018Z]      ⏭️  Jurnal Penjualan sudah ada di Accurate.
[2026-04-14T07:35:36.197Z]      ⏭️  Jurnal Uang Masuk sudah ada di Accurate.
[2026-04-14T07:35:36.197Z]      ⏭️  Semua jurnal untuk hari ini sudah selesai, dilewati tanpa memanggil API Quinos.
[2026-04-14T07:35:36.197Z] 
════════════════════════════════════════════════════════════════════════
[2026-04-14T07:35:36.197Z] === LAPORAN PROGRES [180/1239 — 15%] ===
[2026-04-14T07:35:36.197Z] ────────────────────────────────────────────────────────────────────────
[2026-04-14T07:35:36.198Z]   Diproses  : 180 dari 1239 (15%)
[2026-04-14T07:35:36.198Z]   ✅ Sukses  : 7
[2026-04-14T07:35:36.198Z]   ⏭️  Dilewati: 172
[2026-04-14T07:35:36.198Z]   ❌ Error   : 1
[2026-04-14T07:35:36.198Z]        • Jurnal Tidak Seimbang: 1x
[2026-04-14T07:35:36.198Z] ────────────────────────────────────────────────────────────────────────
[2026-04-14T07:35:36.198Z]   Detail Error:
[2026-04-14T07:35:36.198Z]     [2025-09-05] MKG              | Penjualan    | Jurnal Tidak Seimbang
[2026-04-14T07:35:36.199Z] ════════════════════════════════════════════════════════════════════════

[2026-04-14T07:35:39.200Z] 
[181/1239] Memproses 2025-12-12 - MKG...
[2026-04-14T07:35:39.384Z]      ⏭️  Jurnal Penjualan sudah ada di Accurate.
[2026-04-14T07:35:39.570Z]      ⏭️  Jurnal Uang Masuk sudah ada di Accurate.
[2026-04-14T07:35:39.570Z]      ⏭️  Semua jurnal untuk hari ini sudah selesai, dilewati tanpa memanggil API Quinos.
[2026-04-14T07:35:42.572Z] 
[182/1239] Memproses 2025-12-13 - MKG...
[2026-04-14T07:35:42.719Z]      ⏭️  Jurnal Penjualan sudah ada di Accurate.
[2026-04-14T07:35:42.828Z]      ⏭️  Jurnal Uang Masuk sudah ada di Accurate.
[2026-04-14T07:35:42.828Z]      ⏭️  Semua jurnal untuk hari ini sudah selesai, dilewati tanpa memanggil API Quinos.
[2026-04-14T07:35:45.830Z] 
[183/1239] Memproses 2025-12-14 - MKG...
[2026-04-14T07:35:46.045Z]      ⏭️  Jurnal Penjualan sudah ada di Accurate.
[2026-04-14T07:35:46.167Z]      ⏭️  Jurnal Uang Masuk sudah ada di Accurate.
[2026-04-14T07:35:46.168Z]      ⏭️  Semua jurnal untuk hari ini sudah selesai, dilewati tanpa memanggil API Quinos.
[2026-04-14T07:35:49.171Z] 
[184/1239] Memproses 2025-12-15 - MKG...
[2026-04-14T07:35:49.398Z]      ⏭️  Jurnal Penjualan sudah ada di Accurate.
[2026-04-14T07:35:49.598Z]      ⏭️  Jurnal Uang Masuk sudah ada di Accurate.
[2026-04-14T07:35:49.598Z]      ⏭️  Semua jurnal untuk hari ini sudah selesai, dilewati tanpa memanggil API Quinos.
[2026-04-14T07:35:52.600Z] 
[185/1239] Memproses 2025-12-16 - MKG...
[2026-04-14T07:35:52.988Z]      ⏭️  Jurnal Penjualan sudah ada di Accurate.
[2026-04-14T07:35:53.231Z]      ⏭️  Jurnal Uang Masuk sudah ada di Accurate.
[2026-04-14T07:35:53.231Z]      ⏭️  Semua jurnal untuk hari ini sudah selesai, dilewati tanpa memanggil API Quinos.
[2026-04-14T07:35:56.232Z] 
[186/1239] Memproses 2025-12-17 - MKG...
[2026-04-14T07:35:56.469Z]      ⏭️  Jurnal Penjualan sudah ada di Accurate.
[2026-04-14T07:35:56.879Z]      ⏭️  Jurnal Uang Masuk sudah ada di Accurate.
[2026-04-14T07:35:56.879Z]      ⏭️  Semua jurnal untuk hari ini sudah selesai, dilewati tanpa memanggil API Quinos.
[2026-04-14T07:35:59.881Z] 
[187/1239] Memproses 2025-12-18 - MKG...
[2026-04-14T07:36:00.117Z]      ⏭️  Jurnal Penjualan sudah ada di Accurate.
[2026-04-14T07:36:00.272Z]      ⏭️  Jurnal Uang Masuk sudah ada di Accurate.
[2026-04-14T07:36:00.272Z]      ⏭️  Semua jurnal untuk hari ini sudah selesai, dilewati tanpa memanggil API Quinos.
[2026-04-14T07:36:03.274Z] 
[188/1239] Memproses 2025-12-19 - MKG...
[2026-04-14T07:36:03.447Z]      ⏭️  Jurnal Penjualan sudah ada di Accurate.
[2026-04-14T07:36:03.566Z]      ⏭️  Jurnal Uang Masuk sudah ada di Accurate.
[2026-04-14T07:36:03.566Z]      ⏭️  Semua jurnal untuk hari ini sudah selesai, dilewati tanpa memanggil API Quinos.
[2026-04-14T07:36:06.566Z] 
[189/1239] Memproses 2025-12-20 - MKG...
[2026-04-14T07:36:06.708Z]      ⏭️  Jurnal Penjualan sudah ada di Accurate.
[2026-04-14T07:36:06.872Z]      ⏭️  Jurnal Uang Masuk sudah ada di Accurate.
[2026-04-14T07:36:06.872Z]      ⏭️  Semua jurnal untuk hari ini sudah selesai, dilewati tanpa memanggil API Quinos.
[2026-04-14T07:36:09.874Z] 
[190/1239] Memproses 2025-12-21 - MKG...
[2026-04-14T07:36:14.688Z]      ⏭️  Jurnal Penjualan sudah ada di Accurate.
[2026-04-14T07:36:14.843Z]      ⏭️  Jurnal Uang Masuk sudah ada di Accurate.
[2026-04-14T07:36:14.843Z]      ⏭️  Semua jurnal untuk hari ini sudah selesai, dilewati tanpa memanggil API Quinos.
[2026-04-14T07:36:14.843Z] 
════════════════════════════════════════════════════════════════════════
[2026-04-14T07:36:14.843Z] === LAPORAN PROGRES [190/1239 — 15%] ===
[2026-04-14T07:36:14.843Z] ────────────────────────────────────────────────────────────────────────
[2026-04-14T07:36:14.843Z]   Diproses  : 190 dari 1239 (15%)
[2026-04-14T07:36:14.843Z]   ✅ Sukses  : 7
[2026-04-14T07:36:14.843Z]   ⏭️  Dilewati: 182
[2026-04-14T07:36:14.843Z]   ❌ Error   : 1
[2026-04-14T07:36:14.843Z]        • Jurnal Tidak Seimbang: 1x
[2026-04-14T07:36:14.843Z] ────────────────────────────────────────────────────────────────────────
[2026-04-14T07:36:14.843Z]   Detail Error:
[2026-04-14T07:36:14.843Z]     [2025-09-05] MKG              | Penjualan    | Jurnal Tidak Seimbang
[2026-04-14T07:36:14.843Z] ════════════════════════════════════════════════════════════════════════

[2026-04-14T07:36:17.844Z] 
[191/1239] Memproses 2025-12-22 - MKG...
[2026-04-14T07:36:18.051Z]      ⏭️  Jurnal Penjualan sudah ada di Accurate.
[2026-04-14T07:36:18.196Z]      ⏭️  Jurnal Uang Masuk sudah ada di Accurate.
[2026-04-14T07:36:18.197Z]      ⏭️  Semua jurnal untuk hari ini sudah selesai, dilewati tanpa memanggil API Quinos.
[2026-04-14T07:36:21.197Z] 
[192/1239] Memproses 2025-12-23 - MKG...
[2026-04-14T07:36:21.443Z]      ⏭️  Jurnal Penjualan sudah ada di Accurate.
[2026-04-14T07:36:21.569Z]      ⏭️  Jurnal Uang Masuk sudah ada di Accurate.
[2026-04-14T07:36:21.569Z]      ⏭️  Semua jurnal untuk hari ini sudah selesai, dilewati tanpa memanggil API Quinos.
[2026-04-14T07:36:24.571Z] 
[193/1239] Memproses 2025-12-24 - MKG...
[2026-04-14T07:36:24.721Z]      ⏭️  Jurnal Penjualan sudah ada di Accurate.
[2026-04-14T07:36:24.829Z]      ⏭️  Jurnal Uang Masuk sudah ada di Accurate.
[2026-04-14T07:36:24.829Z]      ⏭️  Semua jurnal untuk hari ini sudah selesai, dilewati tanpa memanggil API Quinos.
[2026-04-14T07:36:27.831Z] 
[194/1239] Memproses 2025-12-25 - MKG...
[2026-04-14T07:36:28.012Z]      ⏭️  Jurnal Penjualan sudah ada di Accurate.
[2026-04-14T07:36:28.177Z]      ⏭️  Jurnal Uang Masuk sudah ada di Accurate.
[2026-04-14T07:36:28.177Z]      ⏭️  Semua jurnal untuk hari ini sudah selesai, dilewati tanpa memanggil API Quinos.
[2026-04-14T07:36:31.178Z] 
[195/1239] Memproses 2025-12-26 - MKG...
[2026-04-14T07:36:31.336Z]      ⏭️  Jurnal Penjualan sudah ada di Accurate.
[2026-04-14T07:36:31.454Z]      ⏭️  Jurnal Uang Masuk sudah ada di Accurate.
[2026-04-14T07:36:31.455Z]      ⏭️  Semua jurnal untuk hari ini sudah selesai, dilewati tanpa memanggil API Quinos.
[2026-04-14T07:36:34.456Z] 
[196/1239] Memproses 2025-12-27 - MKG...
[2026-04-14T07:36:34.626Z]      ⏭️  Jurnal Penjualan sudah ada di Accurate.
[2026-04-14T07:36:34.894Z]      ⏭️  Jurnal Uang Masuk sudah ada di Accurate.
[2026-04-14T07:36:34.894Z]      ⏭️  Semua jurnal untuk hari ini sudah selesai, dilewati tanpa memanggil API Quinos.
[2026-04-14T07:36:37.896Z] 
[197/1239] Memproses 2025-12-28 - MKG...
[2026-04-14T07:36:38.057Z]      ⏭️  Jurnal Penjualan sudah ada di Accurate.
[2026-04-14T07:36:38.171Z]      ⏭️  Jurnal Uang Masuk sudah ada di Accurate.
[2026-04-14T07:36:38.171Z]      ⏭️  Semua jurnal untuk hari ini sudah selesai, dilewati tanpa memanggil API Quinos.
[2026-04-14T07:36:41.173Z] 
[198/1239] Memproses 2025-12-29 - MKG...
[2026-04-14T07:36:41.357Z]      ⏭️  Jurnal Penjualan sudah ada di Accurate.
[2026-04-14T07:36:41.484Z]      ⏭️  Jurnal Uang Masuk sudah ada di Accurate.
[2026-04-14T07:36:41.484Z]      ⏭️  Semua jurnal untuk hari ini sudah selesai, dilewati tanpa memanggil API Quinos.
[2026-04-14T07:36:44.485Z] 
[199/1239] Memproses 2025-12-30 - MKG...
[2026-04-14T07:36:44.642Z]      ⏭️  Jurnal Penjualan sudah ada di Accurate.
[2026-04-14T07:36:44.777Z]      ⏭️  Jurnal Uang Masuk sudah ada di Accurate.
[2026-04-14T07:36:44.777Z]      ⏭️  Semua jurnal untuk hari ini sudah selesai, dilewati tanpa memanggil API Quinos.
[2026-04-14T07:36:47.778Z] 
[200/1239] Memproses 2025-12-31 - MKG...
[2026-04-14T07:36:47.934Z]      ⏭️  Jurnal Penjualan sudah ada di Accurate.
[2026-04-14T07:36:48.056Z]      📡 Mengambil data dari Quinos...
[2026-04-14T07:36:57.703Z]      ✅ Jurnal Uang Masuk OK (tanggal 01/01/2026)
[2026-04-14T07:36:57.703Z] 
════════════════════════════════════════════════════════════════════════
[2026-04-14T07:36:57.703Z] === LAPORAN PROGRES [200/1239 — 16%] ===
[2026-04-14T07:36:57.703Z] ────────────────────────────────────────────────────────────────────────
[2026-04-14T07:36:57.703Z]   Diproses  : 200 dari 1239 (16%)
[2026-04-14T07:36:57.703Z]   ✅ Sukses  : 8
[2026-04-14T07:36:57.703Z]   ⏭️  Dilewati: 191
[2026-04-14T07:36:57.703Z]   ❌ Error   : 1
[2026-04-14T07:36:57.703Z]        • Jurnal Tidak Seimbang: 1x
[2026-04-14T07:36:57.703Z] ────────────────────────────────────────────────────────────────────────
[2026-04-14T07:36:57.703Z]   Detail Error:
[2026-04-14T07:36:57.703Z]     [2025-09-05] MKG              | Penjualan    | Jurnal Tidak Seimbang
[2026-04-14T07:36:57.705Z] ════════════════════════════════════════════════════════════════════════

[2026-04-14T07:37:00.707Z] 
[201/1239] Memproses 2026-01-01 - MKG...
[2026-04-14T07:37:00.855Z]      ⏭️  Jurnal Penjualan sudah ada di Accurate.
[2026-04-14T07:37:00.990Z]      📡 Mengambil data dari Quinos...
[2026-04-14T07:37:04.364Z]      ✅ Jurnal Uang Masuk OK (tanggal 02/01/2026)
[2026-04-14T07:37:07.365Z] 
[202/1239] Memproses 2026-01-02 - MKG...
[2026-04-14T07:37:07.569Z]      ⏭️  Jurnal Penjualan sudah ada di Accurate.
[2026-04-14T07:37:07.713Z]      ⏭️  Jurnal Uang Masuk sudah ada di Accurate.
[2026-04-14T07:37:07.714Z]      ⏭️  Semua jurnal untuk hari ini sudah selesai, dilewati tanpa memanggil API Quinos.
[2026-04-14T07:37:10.715Z] 
[203/1239] Memproses 2026-01-03 - MKG...
[2026-04-14T07:37:10.883Z]      ⏭️  Jurnal Penjualan sudah ada di Accurate.
[2026-04-14T07:37:11.097Z]      ⏭️  Jurnal Uang Masuk sudah ada di Accurate.
[2026-04-14T07:37:11.097Z]      ⏭️  Semua jurnal untuk hari ini sudah selesai, dilewati tanpa memanggil API Quinos.
[2026-04-14T07:37:14.099Z] 
[204/1239] Memproses 2026-01-04 - MKG...
[2026-04-14T07:37:14.272Z]      ⏭️  Jurnal Penjualan sudah ada di Accurate.
[2026-04-14T07:37:14.491Z]      ⏭️  Jurnal Uang Masuk sudah ada di Accurate.
[2026-04-14T07:37:14.492Z]      ⏭️  Semua jurnal untuk hari ini sudah selesai, dilewati tanpa memanggil API Quinos.
[2026-04-14T07:37:17.494Z] 
[205/1239] Memproses 2026-01-05 - MKG...
[2026-04-14T07:37:17.662Z]      ⏭️  Jurnal Penjualan sudah ada di Accurate.
[2026-04-14T07:37:17.777Z]      ⏭️  Jurnal Uang Masuk sudah ada di Accurate.
[2026-04-14T07:37:17.777Z]      ⏭️  Semua jurnal untuk hari ini sudah selesai, dilewati tanpa memanggil API Quinos.
[2026-04-14T07:37:20.778Z] 
[206/1239] Memproses 2026-01-06 - MKG...
[2026-04-14T07:37:21.020Z]      ⏭️  Jurnal Penjualan sudah ada di Accurate.
[2026-04-14T07:37:21.153Z]      ⏭️  Jurnal Uang Masuk sudah ada di Accurate.
[2026-04-14T07:37:21.153Z]      ⏭️  Semua jurnal untuk hari ini sudah selesai, dilewati tanpa memanggil API Quinos.
[2026-04-14T07:37:24.156Z] 
[207/1239] Memproses 2026-01-07 - MKG...
[2026-04-14T07:37:24.424Z]      ⏭️  Jurnal Penjualan sudah ada di Accurate.
[2026-04-14T07:37:24.558Z]      ⏭️  Jurnal Uang Masuk sudah ada di Accurate.
[2026-04-14T07:37:24.558Z]      ⏭️  Semua jurnal untuk hari ini sudah selesai, dilewati tanpa memanggil API Quinos.
[2026-04-14T07:37:27.559Z] 
[208/1239] Memproses 2026-01-08 - MKG...
[2026-04-14T07:37:27.716Z]      ⏭️  Jurnal Penjualan sudah ada di Accurate.
[2026-04-14T07:37:28.114Z]      ⏭️  Jurnal Uang Masuk sudah ada di Accurate.
[2026-04-14T07:37:28.114Z]      ⏭️  Semua jurnal untuk hari ini sudah selesai, dilewati tanpa memanggil API Quinos.
[2026-04-14T07:37:31.115Z] 
[209/1239] Memproses 2026-01-09 - MKG...
[2026-04-14T07:37:31.493Z]      ⏭️  Jurnal Penjualan sudah ada di Accurate.
[2026-04-14T07:37:31.739Z]      ⏭️  Jurnal Uang Masuk sudah ada di Accurate.
[2026-04-14T07:37:31.739Z]      ⏭️  Semua jurnal untuk hari ini sudah selesai, dilewati tanpa memanggil API Quinos.
[2026-04-14T07:37:34.742Z] 
[210/1239] Memproses 2026-01-10 - MKG...
[2026-04-14T07:37:34.880Z]      ⏭️  Jurnal Penjualan sudah ada di Accurate.
[2026-04-14T07:37:34.991Z]      ⏭️  Jurnal Uang Masuk sudah ada di Accurate.
[2026-04-14T07:37:34.991Z]      ⏭️  Semua jurnal untuk hari ini sudah selesai, dilewati tanpa memanggil API Quinos.
[2026-04-14T07:37:34.991Z] 
════════════════════════════════════════════════════════════════════════
[2026-04-14T07:37:34.991Z] === LAPORAN PROGRES [210/1239 — 17%] ===
[2026-04-14T07:37:34.992Z] ────────────────────────────────────────────────────────────────────────
[2026-04-14T07:37:34.992Z]   Diproses  : 210 dari 1239 (17%)
[2026-04-14T07:37:34.992Z]   ✅ Sukses  : 9
[2026-04-14T07:37:34.992Z]   ⏭️  Dilewati: 200
[2026-04-14T07:37:34.992Z]   ❌ Error   : 1
[2026-04-14T07:37:34.992Z]        • Jurnal Tidak Seimbang: 1x
[2026-04-14T07:37:34.992Z] ────────────────────────────────────────────────────────────────────────
[2026-04-14T07:37:34.992Z]   Detail Error:
[2026-04-14T07:37:34.992Z]     [2025-09-05] MKG              | Penjualan    | Jurnal Tidak Seimbang
[2026-04-14T07:37:34.992Z] ════════════════════════════════════════════════════════════════════════

[2026-04-14T07:37:37.995Z] 
[211/1239] Memproses 2026-01-11 - MKG...
[2026-04-14T07:37:38.166Z]      ⏭️  Jurnal Penjualan sudah ada di Accurate.
[2026-04-14T07:37:38.311Z]      ⏭️  Jurnal Uang Masuk sudah ada di Accurate.
[2026-04-14T07:37:38.311Z]      ⏭️  Semua jurnal untuk hari ini sudah selesai, dilewati tanpa memanggil API Quinos.
[2026-04-14T07:37:41.313Z] 
[212/1239] Memproses 2026-01-12 - MKG...
[2026-04-14T07:37:41.462Z]      ⏭️  Jurnal Penjualan sudah ada di Accurate.
[2026-04-14T07:37:41.704Z]      ⏭️  Jurnal Uang Masuk sudah ada di Accurate.
[2026-04-14T07:37:41.704Z]      ⏭️  Semua jurnal untuk hari ini sudah selesai, dilewati tanpa memanggil API Quinos.
[2026-04-14T07:37:44.706Z] 
[213/1239] Memproses 2026-01-13 - MKG...
[2026-04-14T07:37:44.924Z]      ⏭️  Jurnal Penjualan sudah ada di Accurate.
[2026-04-14T07:37:45.048Z]      ⏭️  Jurnal Uang Masuk sudah ada di Accurate.
[2026-04-14T07:37:45.048Z]      ⏭️  Semua jurnal untuk hari ini sudah selesai, dilewati tanpa memanggil API Quinos.
[2026-04-14T07:37:48.051Z] 
[214/1239] Memproses 2026-01-14 - MKG...
[2026-04-14T07:37:48.203Z]      ⏭️  Jurnal Penjualan sudah ada di Accurate.
[2026-04-14T07:37:48.344Z]      ⏭️  Jurnal Uang Masuk sudah ada di Accurate.
[2026-04-14T07:37:48.344Z]      ⏭️  Semua jurnal untuk hari ini sudah selesai, dilewati tanpa memanggil API Quinos.
[2026-04-14T07:37:51.346Z] 
[215/1239] Memproses 2026-01-15 - MKG...
[2026-04-14T07:37:51.563Z]      ⏭️  Jurnal Penjualan sudah ada di Accurate.
[2026-04-14T07:37:51.708Z]      ⏭️  Jurnal Uang Masuk sudah ada di Accurate.
[2026-04-14T07:37:51.709Z]      ⏭️  Semua jurnal untuk hari ini sudah selesai, dilewati tanpa memanggil API Quinos.
[2026-04-14T07:37:54.711Z] 
[216/1239] Memproses 2026-01-16 - MKG...
[2026-04-14T07:37:54.855Z]      ⏭️  Jurnal Penjualan sudah ada di Accurate.
[2026-04-14T07:37:55.105Z]      ⏭️  Jurnal Uang Masuk sudah ada di Accurate.
[2026-04-14T07:37:55.105Z]      ⏭️  Semua jurnal untuk hari ini sudah selesai, dilewati tanpa memanggil API Quinos.
[2026-04-14T07:37:58.106Z] 
[217/1239] Memproses 2026-01-17 - MKG...
[2026-04-14T07:37:58.296Z]      ⏭️  Jurnal Penjualan sudah ada di Accurate.
[2026-04-14T07:37:58.547Z]      ⏭️  Jurnal Uang Masuk sudah ada di Accurate.
[2026-04-14T07:37:58.547Z]      ⏭️  Semua jurnal untuk hari ini sudah selesai, dilewati tanpa memanggil API Quinos.
[2026-04-14T07:38:01.548Z] 
[218/1239] Memproses 2026-01-18 - MKG...
[2026-04-14T07:38:01.709Z]      ⏭️  Jurnal Penjualan sudah ada di Accurate.
[2026-04-14T07:38:01.824Z]      ⏭️  Jurnal Uang Masuk sudah ada di Accurate.
[2026-04-14T07:38:01.824Z]      ⏭️  Semua jurnal untuk hari ini sudah selesai, dilewati tanpa memanggil API Quinos.
[2026-04-14T07:38:04.826Z] 
[219/1239] Memproses 2026-01-19 - MKG...
[2026-04-14T07:38:05.018Z]      ⏭️  Jurnal Penjualan sudah ada di Accurate.
[2026-04-14T07:38:05.142Z]      ⏭️  Jurnal Uang Masuk sudah ada di Accurate.
[2026-04-14T07:38:05.142Z]      ⏭️  Semua jurnal untuk hari ini sudah selesai, dilewati tanpa memanggil API Quinos.
[2026-04-14T07:38:08.144Z] 
[220/1239] Memproses 2026-01-20 - MKG...
[2026-04-14T07:38:08.316Z]      ⏭️  Jurnal Penjualan sudah ada di Accurate.
[2026-04-14T07:38:08.425Z]      ⏭️  Jurnal Uang Masuk sudah ada di Accurate.
[2026-04-14T07:38:08.425Z]      ⏭️  Semua jurnal untuk hari ini sudah selesai, dilewati tanpa memanggil API Quinos.
[2026-04-14T07:38:08.425Z] 
════════════════════════════════════════════════════════════════════════
[2026-04-14T07:38:08.425Z] === LAPORAN PROGRES [220/1239 — 18%] ===
[2026-04-14T07:38:08.425Z] ────────────────────────────────────────────────────────────────────────
[2026-04-14T07:38:08.425Z]   Diproses  : 220 dari 1239 (18%)
[2026-04-14T07:38:08.425Z]   ✅ Sukses  : 9
[2026-04-14T07:38:08.425Z]   ⏭️  Dilewati: 210
[2026-04-14T07:38:08.425Z]   ❌ Error   : 1
[2026-04-14T07:38:08.425Z]        • Jurnal Tidak Seimbang: 1x
[2026-04-14T07:38:08.425Z] ────────────────────────────────────────────────────────────────────────
[2026-04-14T07:38:08.425Z]   Detail Error:
[2026-04-14T07:38:08.425Z]     [2025-09-05] MKG              | Penjualan    | Jurnal Tidak Seimbang
[2026-04-14T07:38:08.425Z] ════════════════════════════════════════════════════════════════════════

[2026-04-14T07:38:11.427Z] 
[221/1239] Memproses 2026-01-21 - MKG...
[2026-04-14T07:38:11.589Z]      ⏭️  Jurnal Penjualan sudah ada di Accurate.
[2026-04-14T07:38:11.748Z]      ⏭️  Jurnal Uang Masuk sudah ada di Accurate.
[2026-04-14T07:38:11.748Z]      ⏭️  Semua jurnal untuk hari ini sudah selesai, dilewati tanpa memanggil API Quinos.
[2026-04-14T07:38:14.751Z] 
[222/1239] Memproses 2026-01-22 - MKG...
[2026-04-14T07:38:14.923Z]      ⏭️  Jurnal Penjualan sudah ada di Accurate.
[2026-04-14T07:38:15.041Z]      ⏭️  Jurnal Uang Masuk sudah ada di Accurate.
[2026-04-14T07:38:15.041Z]      ⏭️  Semua jurnal untuk hari ini sudah selesai, dilewati tanpa memanggil API Quinos.
[2026-04-14T07:38:18.042Z] 
[223/1239] Memproses 2026-01-23 - MKG...
[2026-04-14T07:38:18.181Z]      ⏭️  Jurnal Penjualan sudah ada di Accurate.
[2026-04-14T07:38:18.313Z]      ⏭️  Jurnal Uang Masuk sudah ada di Accurate.
[2026-04-14T07:38:18.314Z]      ⏭️  Semua jurnal untuk hari ini sudah selesai, dilewati tanpa memanggil API Quinos.
[2026-04-14T07:38:21.315Z] 
[224/1239] Memproses 2026-01-24 - MKG...
[2026-04-14T07:38:21.457Z]      ⏭️  Jurnal Penjualan sudah ada di Accurate.
[2026-04-14T07:38:21.571Z]      ⏭️  Jurnal Uang Masuk sudah ada di Accurate.
[2026-04-14T07:38:21.571Z]      ⏭️  Semua jurnal untuk hari ini sudah selesai, dilewati tanpa memanggil API Quinos.
[2026-04-14T07:38:24.574Z] 
[225/1239] Memproses 2026-01-25 - MKG...
[2026-04-14T07:38:25.050Z]      ⏭️  Jurnal Penjualan sudah ada di Accurate.
[2026-04-14T07:38:25.171Z]      ⏭️  Jurnal Uang Masuk sudah ada di Accurate.
[2026-04-14T07:38:25.171Z]      ⏭️  Semua jurnal untuk hari ini sudah selesai, dilewati tanpa memanggil API Quinos.
[2026-04-14T07:38:28.174Z] 
[226/1239] Memproses 2026-01-26 - MKG...
[2026-04-14T07:38:28.417Z]      ⏭️  Jurnal Penjualan sudah ada di Accurate.
[2026-04-14T07:38:28.568Z]      ⏭️  Jurnal Uang Masuk sudah ada di Accurate.
[2026-04-14T07:38:28.568Z]      ⏭️  Semua jurnal untuk hari ini sudah selesai, dilewati tanpa memanggil API Quinos.
[2026-04-14T07:38:31.569Z] 
[227/1239] Memproses 2026-01-27 - MKG...
[2026-04-14T07:38:31.757Z]      ⏭️  Jurnal Penjualan sudah ada di Accurate.
[2026-04-14T07:38:31.981Z]      ⏭️  Jurnal Uang Masuk sudah ada di Accurate.
[2026-04-14T07:38:31.981Z]      ⏭️  Semua jurnal untuk hari ini sudah selesai, dilewati tanpa memanggil API Quinos.
[2026-04-14T07:38:34.982Z] 
[228/1239] Memproses 2026-01-28 - MKG...
[2026-04-14T07:38:35.289Z]      ⏭️  Jurnal Penjualan sudah ada di Accurate.
[2026-04-14T07:38:35.596Z]      ⏭️  Jurnal Uang Masuk sudah ada di Accurate.
[2026-04-14T07:38:35.596Z]      ⏭️  Semua jurnal untuk hari ini sudah selesai, dilewati tanpa memanggil API Quinos.
[2026-04-14T07:38:38.597Z] 
[229/1239] Memproses 2026-01-29 - MKG...
[2026-04-14T07:38:38.754Z]      ⏭️  Jurnal Penjualan sudah ada di Accurate.
[2026-04-14T07:38:38.982Z]      ⏭️  Jurnal Uang Masuk sudah ada di Accurate.
[2026-04-14T07:38:38.982Z]      ⏭️  Semua jurnal untuk hari ini sudah selesai, dilewati tanpa memanggil API Quinos.
[2026-04-14T07:38:41.983Z] 
[230/1239] Memproses 2026-01-30 - MKG...
[2026-04-14T07:38:42.141Z]      ⏭️  Jurnal Penjualan sudah ada di Accurate.
[2026-04-14T07:38:42.265Z]      ⏭️  Jurnal Uang Masuk sudah ada di Accurate.
[2026-04-14T07:38:42.266Z]      ⏭️  Semua jurnal untuk hari ini sudah selesai, dilewati tanpa memanggil API Quinos.
[2026-04-14T07:38:42.266Z] 
════════════════════════════════════════════════════════════════════════
[2026-04-14T07:38:42.266Z] === LAPORAN PROGRES [230/1239 — 19%] ===
[2026-04-14T07:38:42.266Z] ────────────────────────────────────────────────────────────────────────
[2026-04-14T07:38:42.266Z]   Diproses  : 230 dari 1239 (19%)
[2026-04-14T07:38:42.266Z]   ✅ Sukses  : 9
[2026-04-14T07:38:42.266Z]   ⏭️  Dilewati: 220
[2026-04-14T07:38:42.266Z]   ❌ Error   : 1
[2026-04-14T07:38:42.266Z]        • Jurnal Tidak Seimbang: 1x
[2026-04-14T07:38:42.266Z] ────────────────────────────────────────────────────────────────────────
[2026-04-14T07:38:42.266Z]   Detail Error:
[2026-04-14T07:38:42.266Z]     [2025-09-05] MKG              | Penjualan    | Jurnal Tidak Seimbang
[2026-04-14T07:38:42.266Z] ════════════════════════════════════════════════════════════════════════

[2026-04-14T07:38:45.268Z] 
[231/1239] Memproses 2026-01-31 - MKG...
[2026-04-14T07:38:45.426Z]      ⏭️  Jurnal Penjualan sudah ada di Accurate.
[2026-04-14T07:38:45.541Z]      ⏭️  Jurnal Uang Masuk sudah ada di Accurate.
[2026-04-14T07:38:45.542Z]      ⏭️  Semua jurnal untuk hari ini sudah selesai, dilewati tanpa memanggil API Quinos.
[2026-04-14T07:38:48.544Z] 
[232/1239] Memproses 2026-02-01 - MKG...
[2026-04-14T07:38:48.747Z]      ⏭️  Jurnal Penjualan sudah ada di Accurate.
[2026-04-14T07:38:48.905Z]      ⏭️  Jurnal Uang Masuk sudah ada di Accurate.
[2026-04-14T07:38:48.905Z]      ⏭️  Semua jurnal untuk hari ini sudah selesai, dilewati tanpa memanggil API Quinos.
[2026-04-14T07:38:51.907Z] 
[233/1239] Memproses 2026-02-02 - MKG...
[2026-04-14T07:38:52.162Z]      ⏭️  Jurnal Penjualan sudah ada di Accurate.
[2026-04-14T07:38:52.304Z]      ⏭️  Jurnal Uang Masuk sudah ada di Accurate.
[2026-04-14T07:38:52.304Z]      ⏭️  Semua jurnal untuk hari ini sudah selesai, dilewati tanpa memanggil API Quinos.
[2026-04-14T07:38:55.306Z] 
[234/1239] Memproses 2026-02-03 - MKG...
[2026-04-14T07:38:55.456Z]      ⏭️  Jurnal Penjualan sudah ada di Accurate.
[2026-04-14T07:38:55.702Z]      ⏭️  Jurnal Uang Masuk sudah ada di Accurate.
[2026-04-14T07:38:55.702Z]      ⏭️  Semua jurnal untuk hari ini sudah selesai, dilewati tanpa memanggil API Quinos.
[2026-04-14T07:38:58.703Z] 
[235/1239] Memproses 2026-02-04 - MKG...
[2026-04-14T07:38:58.869Z]      ⏭️  Jurnal Penjualan sudah ada di Accurate.
[2026-04-14T07:38:58.991Z]      ⏭️  Jurnal Uang Masuk sudah ada di Accurate.
[2026-04-14T07:38:58.991Z]      ⏭️  Semua jurnal untuk hari ini sudah selesai, dilewati tanpa memanggil API Quinos.
[2026-04-14T07:39:01.992Z] 
[236/1239] Memproses 2026-02-05 - MKG...
[2026-04-14T07:39:02.139Z]      ⏭️  Jurnal Penjualan sudah ada di Accurate.
[2026-04-14T07:39:02.326Z]      ⏭️  Jurnal Uang Masuk sudah ada di Accurate.
[2026-04-14T07:39:02.326Z]      ⏭️  Semua jurnal untuk hari ini sudah selesai, dilewati tanpa memanggil API Quinos.
[2026-04-14T07:39:05.329Z] 
[237/1239] Memproses 2026-02-06 - MKG...
[2026-04-14T07:39:05.572Z]      ⏭️  Jurnal Penjualan sudah ada di Accurate.
[2026-04-14T07:39:05.770Z]      ⏭️  Jurnal Uang Masuk sudah ada di Accurate.
[2026-04-14T07:39:05.770Z]      ⏭️  Semua jurnal untuk hari ini sudah selesai, dilewati tanpa memanggil API Quinos.
[2026-04-14T07:39:08.770Z] 
[238/1239] Memproses 2026-02-07 - MKG...
[2026-04-14T07:39:08.918Z]      ⏭️  Jurnal Penjualan sudah ada di Accurate.
[2026-04-14T07:39:09.071Z]      ⏭️  Jurnal Uang Masuk sudah ada di Accurate.
[2026-04-14T07:39:09.071Z]      ⏭️  Semua jurnal untuk hari ini sudah selesai, dilewati tanpa memanggil API Quinos.
[2026-04-14T07:39:12.074Z] 
[239/1239] Memproses 2026-02-08 - MKG...
[2026-04-14T07:39:12.261Z]      ⏭️  Jurnal Penjualan sudah ada di Accurate.
[2026-04-14T07:39:12.425Z]      ⏭️  Jurnal Uang Masuk sudah ada di Accurate.
[2026-04-14T07:39:12.425Z]      ⏭️  Semua jurnal untuk hari ini sudah selesai, dilewati tanpa memanggil API Quinos.
[2026-04-14T07:39:15.427Z] 
[240/1239] Memproses 2026-02-09 - MKG...
[2026-04-14T07:39:15.578Z]      ⏭️  Jurnal Penjualan sudah ada di Accurate.
[2026-04-14T07:39:15.704Z]      ⏭️  Jurnal Uang Masuk sudah ada di Accurate.
[2026-04-14T07:39:15.704Z]      ⏭️  Semua jurnal untuk hari ini sudah selesai, dilewati tanpa memanggil API Quinos.
[2026-04-14T07:39:15.704Z] 
════════════════════════════════════════════════════════════════════════
[2026-04-14T07:39:15.704Z] === LAPORAN PROGRES [240/1239 — 19%] ===
[2026-04-14T07:39:15.704Z] ────────────────────────────────────────────────────────────────────────
[2026-04-14T07:39:15.704Z]   Diproses  : 240 dari 1239 (19%)
[2026-04-14T07:39:15.704Z]   ✅ Sukses  : 9
[2026-04-14T07:39:15.704Z]   ⏭️  Dilewati: 230
[2026-04-14T07:39:15.704Z]   ❌ Error   : 1
[2026-04-14T07:39:15.704Z]        • Jurnal Tidak Seimbang: 1x
[2026-04-14T07:39:15.704Z] ────────────────────────────────────────────────────────────────────────
[2026-04-14T07:39:15.704Z]   Detail Error:
[2026-04-14T07:39:15.704Z]     [2025-09-05] MKG              | Penjualan    | Jurnal Tidak Seimbang
[2026-04-14T07:39:15.705Z] ════════════════════════════════════════════════════════════════════════

[2026-04-14T07:39:18.706Z] 
[241/1239] Memproses 2026-02-10 - MKG...
[2026-04-14T07:39:18.890Z]      ⏭️  Jurnal Penjualan sudah ada di Accurate.
[2026-04-14T07:39:19.005Z]      ⏭️  Jurnal Uang Masuk sudah ada di Accurate.
[2026-04-14T07:39:19.005Z]      ⏭️  Semua jurnal untuk hari ini sudah selesai, dilewati tanpa memanggil API Quinos.
[2026-04-14T07:39:22.007Z] 
[242/1239] Memproses 2026-02-11 - MKG...
[2026-04-14T07:39:22.171Z]      ⏭️  Jurnal Penjualan sudah ada di Accurate.
[2026-04-14T07:39:22.411Z]      ⏭️  Jurnal Uang Masuk sudah ada di Accurate.
[2026-04-14T07:39:22.411Z]      ⏭️  Semua jurnal untuk hari ini sudah selesai, dilewati tanpa memanggil API Quinos.
[2026-04-14T07:39:25.414Z] 
[243/1239] Memproses 2026-02-12 - MKG...
[2026-04-14T07:39:25.776Z]      ⏭️  Jurnal Penjualan sudah ada di Accurate.
[2026-04-14T07:39:25.968Z]      ⏭️  Jurnal Uang Masuk sudah ada di Accurate.
[2026-04-14T07:39:25.968Z]      ⏭️  Semua jurnal untuk hari ini sudah selesai, dilewati tanpa memanggil API Quinos.
[2026-04-14T07:39:28.971Z] 
[244/1239] Memproses 2026-02-13 - MKG...
[2026-04-14T07:39:29.205Z]      ⏭️  Jurnal Penjualan sudah ada di Accurate.
[2026-04-14T07:39:29.325Z]      ⏭️  Jurnal Uang Masuk sudah ada di Accurate.
[2026-04-14T07:39:29.325Z]      ⏭️  Semua jurnal untuk hari ini sudah selesai, dilewati tanpa memanggil API Quinos.
[2026-04-14T07:39:32.326Z] 
[245/1239] Memproses 2026-02-14 - MKG...
[2026-04-14T07:39:32.637Z]      ⏭️  Jurnal Penjualan sudah ada di Accurate.
[2026-04-14T07:39:32.750Z]      ⏭️  Jurnal Uang Masuk sudah ada di Accurate.
[2026-04-14T07:39:32.750Z]      ⏭️  Semua jurnal untuk hari ini sudah selesai, dilewati tanpa memanggil API Quinos.
[2026-04-14T07:39:35.752Z] 
[246/1239] Memproses 2026-02-15 - MKG...
[2026-04-14T07:39:35.907Z]      ⏭️  Jurnal Penjualan sudah ada di Accurate.
[2026-04-14T07:39:36.137Z]      ⏭️  Jurnal Uang Masuk sudah ada di Accurate.
[2026-04-14T07:39:36.137Z]      ⏭️  Semua jurnal untuk hari ini sudah selesai, dilewati tanpa memanggil API Quinos.
[2026-04-14T07:39:39.139Z] 
[247/1239] Memproses 2026-02-16 - MKG...
[2026-04-14T07:39:39.356Z]      ⏭️  Jurnal Penjualan sudah ada di Accurate.
[2026-04-14T07:39:39.492Z]      ⏭️  Jurnal Uang Masuk sudah ada di Accurate.
[2026-04-14T07:39:39.492Z]      ⏭️  Semua jurnal untuk hari ini sudah selesai, dilewati tanpa memanggil API Quinos.
[2026-04-14T07:39:42.494Z] 
[248/1239] Memproses 2026-02-17 - MKG...
[2026-04-14T07:39:42.728Z]      ⏭️  Jurnal Penjualan sudah ada di Accurate.
[2026-04-14T07:39:42.841Z]      ⏭️  Jurnal Uang Masuk sudah ada di Accurate.
[2026-04-14T07:39:42.841Z]      ⏭️  Semua jurnal untuk hari ini sudah selesai, dilewati tanpa memanggil API Quinos.
[2026-04-14T07:39:45.843Z] 
[249/1239] Memproses 2026-02-18 - MKG...
[2026-04-14T07:39:45.989Z]      ⏭️  Jurnal Penjualan sudah ada di Accurate.
[2026-04-14T07:39:46.116Z]      ⏭️  Jurnal Uang Masuk sudah ada di Accurate.
[2026-04-14T07:39:46.116Z]      ⏭️  Semua jurnal untuk hari ini sudah selesai, dilewati tanpa memanggil API Quinos.
[2026-04-14T07:39:49.118Z] 
[250/1239] Memproses 2026-02-19 - MKG...
[2026-04-14T07:39:49.261Z]      ⏭️  Jurnal Penjualan sudah ada di Accurate.
[2026-04-14T07:39:49.369Z]      ⏭️  Jurnal Uang Masuk sudah ada di Accurate.
[2026-04-14T07:39:49.369Z]      ⏭️  Semua jurnal untuk hari ini sudah selesai, dilewati tanpa memanggil API Quinos.
[2026-04-14T07:39:49.369Z] 
════════════════════════════════════════════════════════════════════════
[2026-04-14T07:39:49.369Z] === LAPORAN PROGRES [250/1239 — 20%] ===
[2026-04-14T07:39:49.369Z] ────────────────────────────────────────────────────────────────────────
[2026-04-14T07:39:49.369Z]   Diproses  : 250 dari 1239 (20%)
[2026-04-14T07:39:49.369Z]   ✅ Sukses  : 9
[2026-04-14T07:39:49.369Z]   ⏭️  Dilewati: 240
[2026-04-14T07:39:49.369Z]   ❌ Error   : 1
[2026-04-14T07:39:49.369Z]        • Jurnal Tidak Seimbang: 1x
[2026-04-14T07:39:49.369Z] ────────────────────────────────────────────────────────────────────────
[2026-04-14T07:39:49.369Z]   Detail Error:
[2026-04-14T07:39:49.370Z]     [2025-09-05] MKG              | Penjualan    | Jurnal Tidak Seimbang
[2026-04-14T07:39:49.370Z] ════════════════════════════════════════════════════════════════════════

[2026-04-14T07:39:52.372Z] 
[251/1239] Memproses 2026-02-20 - MKG...
[2026-04-14T07:39:52.512Z]      ⏭️  Jurnal Penjualan sudah ada di Accurate.
[2026-04-14T07:39:52.638Z]      ⏭️  Jurnal Uang Masuk sudah ada di Accurate.
[2026-04-14T07:39:52.639Z]      ⏭️  Semua jurnal untuk hari ini sudah selesai, dilewati tanpa memanggil API Quinos.
[2026-04-14T07:39:55.641Z] 
[252/1239] Memproses 2026-02-21 - MKG...
[2026-04-14T07:39:55.789Z]      ⏭️  Jurnal Penjualan sudah ada di Accurate.
[2026-04-14T07:39:56.000Z]      ⏭️  Jurnal Uang Masuk sudah ada di Accurate.
[2026-04-14T07:39:56.000Z]      ⏭️  Semua jurnal untuk hari ini sudah selesai, dilewati tanpa memanggil API Quinos.
[2026-04-14T07:39:59.002Z] 
[253/1239] Memproses 2026-02-22 - MKG...
[2026-04-14T07:39:59.210Z]      ⏭️  Jurnal Penjualan sudah ada di Accurate.
[2026-04-14T07:39:59.327Z]      ⏭️  Jurnal Uang Masuk sudah ada di Accurate.
[2026-04-14T07:39:59.328Z]      ⏭️  Semua jurnal untuk hari ini sudah selesai, dilewati tanpa memanggil API Quinos.
[2026-04-14T07:40:02.331Z] 
[254/1239] Memproses 2026-02-23 - MKG...
[2026-04-14T07:40:02.524Z]      ⏭️  Jurnal Penjualan sudah ada di Accurate.
[2026-04-14T07:40:02.672Z]      ⏭️  Jurnal Uang Masuk sudah ada di Accurate.
[2026-04-14T07:40:02.672Z]      ⏭️  Semua jurnal untuk hari ini sudah selesai, dilewati tanpa memanggil API Quinos.
[2026-04-14T07:40:05.675Z] 
[255/1239] Memproses 2026-02-24 - MKG...
[2026-04-14T07:40:05.858Z]      ⏭️  Jurnal Penjualan sudah ada di Accurate.
[2026-04-14T07:40:06.087Z]      ⏭️  Jurnal Uang Masuk sudah ada di Accurate.
[2026-04-14T07:40:06.087Z]      ⏭️  Semua jurnal untuk hari ini sudah selesai, dilewati tanpa memanggil API Quinos.
[2026-04-14T07:40:09.089Z] 
[256/1239] Memproses 2026-02-25 - MKG...
[2026-04-14T07:40:09.294Z]      ⏭️  Jurnal Penjualan sudah ada di Accurate.
[2026-04-14T07:40:09.430Z]      ⏭️  Jurnal Uang Masuk sudah ada di Accurate.
[2026-04-14T07:40:09.430Z]      ⏭️  Semua jurnal untuk hari ini sudah selesai, dilewati tanpa memanggil API Quinos.
[2026-04-14T07:40:12.432Z] 
[257/1239] Memproses 2026-02-26 - MKG...
[2026-04-14T07:40:12.599Z]      ⏭️  Jurnal Penjualan sudah ada di Accurate.
[2026-04-14T07:40:12.835Z]      ⏭️  Jurnal Uang Masuk sudah ada di Accurate.
[2026-04-14T07:40:12.835Z]      ⏭️  Semua jurnal untuk hari ini sudah selesai, dilewati tanpa memanggil API Quinos.
[2026-04-14T07:40:15.836Z] 
[258/1239] Memproses 2026-02-27 - MKG...
[2026-04-14T07:40:16.069Z]      ⏭️  Jurnal Penjualan sudah ada di Accurate.
[2026-04-14T07:40:16.206Z]      ⏭️  Jurnal Uang Masuk sudah ada di Accurate.
[2026-04-14T07:40:16.207Z]      ⏭️  Semua jurnal untuk hari ini sudah selesai, dilewati tanpa memanggil API Quinos.
[2026-04-14T07:40:19.209Z] 
[259/1239] Memproses 2026-02-28 - MKG...
[2026-04-14T07:40:19.341Z]      ⏭️  Jurnal Penjualan sudah ada di Accurate.
[2026-04-14T07:40:19.497Z]      ⏭️  Jurnal Uang Masuk sudah ada di Accurate.
[2026-04-14T07:40:19.498Z]      ⏭️  Semua jurnal untuk hari ini sudah selesai, dilewati tanpa memanggil API Quinos.
[2026-04-14T07:40:22.500Z] 
[260/1239] Memproses 2026-03-01 - MKG...
[2026-04-14T07:40:22.729Z]      ⏭️  Jurnal Penjualan sudah ada di Accurate.
[2026-04-14T07:40:22.871Z]      ⏭️  Jurnal Uang Masuk sudah ada di Accurate.
[2026-04-14T07:40:22.871Z]      ⏭️  Semua jurnal untuk hari ini sudah selesai, dilewati tanpa memanggil API Quinos.
[2026-04-14T07:40:22.872Z] 
════════════════════════════════════════════════════════════════════════
[2026-04-14T07:40:22.872Z] === LAPORAN PROGRES [260/1239 — 21%] ===
[2026-04-14T07:40:22.872Z] ────────────────────────────────────────────────────────────────────────
[2026-04-14T07:40:22.872Z]   Diproses  : 260 dari 1239 (21%)
[2026-04-14T07:40:22.872Z]   ✅ Sukses  : 9
[2026-04-14T07:40:22.872Z]   ⏭️  Dilewati: 250
[2026-04-14T07:40:22.872Z]   ❌ Error   : 1
[2026-04-14T07:40:22.872Z]        • Jurnal Tidak Seimbang: 1x
[2026-04-14T07:40:22.872Z] ────────────────────────────────────────────────────────────────────────
[2026-04-14T07:40:22.872Z]   Detail Error:
[2026-04-14T07:40:22.873Z]     [2025-09-05] MKG              | Penjualan    | Jurnal Tidak Seimbang
[2026-04-14T07:40:22.873Z] ════════════════════════════════════════════════════════════════════════

[2026-04-14T07:40:25.874Z] 
[261/1239] Memproses 2026-03-02 - MKG...
[2026-04-14T07:40:26.037Z]      ⏭️  Jurnal Penjualan sudah ada di Accurate.
[2026-04-14T07:40:26.178Z]      ⏭️  Jurnal Uang Masuk sudah ada di Accurate.
[2026-04-14T07:40:26.178Z]      ⏭️  Semua jurnal untuk hari ini sudah selesai, dilewati tanpa memanggil API Quinos.
[2026-04-14T07:40:29.181Z] 
[262/1239] Memproses 2026-03-03 - MKG...
[2026-04-14T07:40:29.436Z]      ⏭️  Jurnal Penjualan sudah ada di Accurate.
[2026-04-14T07:40:29.666Z]      ⏭️  Jurnal Uang Masuk sudah ada di Accurate.
[2026-04-14T07:40:29.666Z]      ⏭️  Semua jurnal untuk hari ini sudah selesai, dilewati tanpa memanggil API Quinos.
[2026-04-14T07:40:32.668Z] 
[263/1239] Memproses 2026-03-04 - MKG...
[2026-04-14T07:40:32.833Z]      ⏭️  Jurnal Penjualan sudah ada di Accurate.
[2026-04-14T07:40:33.011Z]      ⏭️  Jurnal Uang Masuk sudah ada di Accurate.
[2026-04-14T07:40:33.011Z]      ⏭️  Semua jurnal untuk hari ini sudah selesai, dilewati tanpa memanggil API Quinos.
[2026-04-14T07:40:36.012Z] 
[264/1239] Memproses 2026-03-05 - MKG...
[2026-04-14T07:40:36.248Z]      ⏭️  Jurnal Penjualan sudah ada di Accurate.
[2026-04-14T07:40:36.474Z]      ⏭️  Jurnal Uang Masuk sudah ada di Accurate.
[2026-04-14T07:40:36.474Z]      ⏭️  Semua jurnal untuk hari ini sudah selesai, dilewati tanpa memanggil API Quinos.
[2026-04-14T07:40:39.477Z] 
[265/1239] Memproses 2026-03-06 - MKG...
[2026-04-14T07:40:39.642Z]      ⏭️  Jurnal Penjualan sudah ada di Accurate.
[2026-04-14T07:40:39.838Z]      ⏭️  Jurnal Uang Masuk sudah ada di Accurate.
[2026-04-14T07:40:39.838Z]      ⏭️  Semua jurnal untuk hari ini sudah selesai, dilewati tanpa memanggil API Quinos.
[2026-04-14T07:40:42.839Z] 
[266/1239] Memproses 2026-03-07 - MKG...
[2026-04-14T07:40:43.006Z]      ⏭️  Jurnal Penjualan sudah ada di Accurate.
[2026-04-14T07:40:43.262Z]      ⏭️  Jurnal Uang Masuk sudah ada di Accurate.
[2026-04-14T07:40:43.263Z]      ⏭️  Semua jurnal untuk hari ini sudah selesai, dilewati tanpa memanggil API Quinos.
[2026-04-14T07:40:46.266Z] 
[267/1239] Memproses 2026-03-08 - MKG...
[2026-04-14T07:40:46.429Z]      ⏭️  Jurnal Penjualan sudah ada di Accurate.
[2026-04-14T07:40:46.566Z]      ⏭️  Jurnal Uang Masuk sudah ada di Accurate.
[2026-04-14T07:40:46.566Z]      ⏭️  Semua jurnal untuk hari ini sudah selesai, dilewati tanpa memanggil API Quinos.
[2026-04-14T07:40:49.569Z] 
[268/1239] Memproses 2026-03-09 - MKG...
[2026-04-14T07:40:49.948Z]      ⏭️  Jurnal Penjualan sudah ada di Accurate.
[2026-04-14T07:40:50.078Z]      ⏭️  Jurnal Uang Masuk sudah ada di Accurate.
[2026-04-14T07:40:50.078Z]      ⏭️  Semua jurnal untuk hari ini sudah selesai, dilewati tanpa memanggil API Quinos.
[2026-04-14T07:40:53.081Z] 
[269/1239] Memproses 2026-03-10 - MKG...
[2026-04-14T07:40:53.232Z]      ⏭️  Jurnal Penjualan sudah ada di Accurate.
[2026-04-14T07:40:53.367Z]      ⏭️  Jurnal Uang Masuk sudah ada di Accurate.
[2026-04-14T07:40:53.367Z]      ⏭️  Semua jurnal untuk hari ini sudah selesai, dilewati tanpa memanggil API Quinos.
[2026-04-14T07:40:56.368Z] 
[270/1239] Memproses 2026-03-11 - MKG...
[2026-04-14T07:40:56.550Z]      ⏭️  Jurnal Penjualan sudah ada di Accurate.
[2026-04-14T07:40:56.691Z]      ⏭️  Jurnal Uang Masuk sudah ada di Accurate.
[2026-04-14T07:40:56.691Z]      ⏭️  Semua jurnal untuk hari ini sudah selesai, dilewati tanpa memanggil API Quinos.
[2026-04-14T07:40:56.691Z] 
════════════════════════════════════════════════════════════════════════
[2026-04-14T07:40:56.691Z] === LAPORAN PROGRES [270/1239 — 22%] ===
[2026-04-14T07:40:56.691Z] ────────────────────────────────────────────────────────────────────────
[2026-04-14T07:40:56.691Z]   Diproses  : 270 dari 1239 (22%)
[2026-04-14T07:40:56.691Z]   ✅ Sukses  : 9
[2026-04-14T07:40:56.691Z]   ⏭️  Dilewati: 260
[2026-04-14T07:40:56.691Z]   ❌ Error   : 1
[2026-04-14T07:40:56.691Z]        • Jurnal Tidak Seimbang: 1x
[2026-04-14T07:40:56.691Z] ────────────────────────────────────────────────────────────────────────
[2026-04-14T07:40:56.691Z]   Detail Error:
[2026-04-14T07:40:56.691Z]     [2025-09-05] MKG              | Penjualan    | Jurnal Tidak Seimbang
[2026-04-14T07:40:56.692Z] ════════════════════════════════════════════════════════════════════════

[2026-04-14T07:40:59.693Z] 
[271/1239] Memproses 2026-03-12 - MKG...
[2026-04-14T07:40:59.868Z]      ⏭️  Jurnal Penjualan sudah ada di Accurate.
[2026-04-14T07:41:00.007Z]      ⏭️  Jurnal Uang Masuk sudah ada di Accurate.
[2026-04-14T07:41:00.008Z]      ⏭️  Semua jurnal untuk hari ini sudah selesai, dilewati tanpa memanggil API Quinos.
[2026-04-14T07:41:03.010Z] 
[272/1239] Memproses 2026-03-13 - MKG...
[2026-04-14T07:41:03.165Z]      ⏭️  Jurnal Penjualan sudah ada di Accurate.
[2026-04-14T07:41:03.306Z]      ⏭️  Jurnal Uang Masuk sudah ada di Accurate.
[2026-04-14T07:41:03.306Z]      ⏭️  Semua jurnal untuk hari ini sudah selesai, dilewati tanpa memanggil API Quinos.
[2026-04-14T07:41:06.309Z] 
[273/1239] Memproses 2026-03-14 - MKG...
[2026-04-14T07:41:06.467Z]      ⏭️  Jurnal Penjualan sudah ada di Accurate.
[2026-04-14T07:41:06.687Z]      ⏭️  Jurnal Uang Masuk sudah ada di Accurate.
[2026-04-14T07:41:06.687Z]      ⏭️  Semua jurnal untuk hari ini sudah selesai, dilewati tanpa memanggil API Quinos.
[2026-04-14T07:41:09.692Z] 
[274/1239] Memproses 2026-03-15 - MKG...
[2026-04-14T07:41:09.911Z]      ⏭️  Jurnal Penjualan sudah ada di Accurate.
[2026-04-14T07:41:10.032Z]      ⏭️  Jurnal Uang Masuk sudah ada di Accurate.
[2026-04-14T07:41:10.032Z]      ⏭️  Semua jurnal untuk hari ini sudah selesai, dilewati tanpa memanggil API Quinos.
[2026-04-14T07:41:13.037Z] 
[275/1239] Memproses 2026-03-16 - MKG...
[2026-04-14T07:41:13.192Z]      ⏭️  Jurnal Penjualan sudah ada di Accurate.
[2026-04-14T07:41:13.307Z]      ⏭️  Jurnal Uang Masuk sudah ada di Accurate.
[2026-04-14T07:41:13.307Z]      ⏭️  Semua jurnal untuk hari ini sudah selesai, dilewati tanpa memanggil API Quinos.
[2026-04-14T07:41:16.309Z] 
[276/1239] Memproses 2026-03-17 - MKG...
[2026-04-14T07:41:16.460Z]      ⏭️  Jurnal Penjualan sudah ada di Accurate.
[2026-04-14T07:41:16.597Z]      ⏭️  Jurnal Uang Masuk sudah ada di Accurate.
[2026-04-14T07:41:16.597Z]      ⏭️  Semua jurnal untuk hari ini sudah selesai, dilewati tanpa memanggil API Quinos.
[2026-04-14T07:41:19.599Z] 
[277/1239] Memproses 2026-03-18 - MKG...
[2026-04-14T07:41:19.730Z]      ⏭️  Jurnal Penjualan sudah ada di Accurate.
[2026-04-14T07:41:19.857Z]      ⏭️  Jurnal Uang Masuk sudah ada di Accurate.
[2026-04-14T07:41:19.858Z]      ⏭️  Semua jurnal untuk hari ini sudah selesai, dilewati tanpa memanggil API Quinos.
[2026-04-14T07:41:22.860Z] 
[278/1239] Memproses 2026-03-19 - MKG...
[2026-04-14T07:41:23.005Z]      ⏭️  Jurnal Penjualan sudah ada di Accurate.
[2026-04-14T07:41:23.152Z]      ⏭️  Jurnal Uang Masuk sudah ada di Accurate.
[2026-04-14T07:41:23.152Z]      ⏭️  Semua jurnal untuk hari ini sudah selesai, dilewati tanpa memanggil API Quinos.
[2026-04-14T07:41:26.155Z] 
[279/1239] Memproses 2026-03-20 - MKG...
[2026-04-14T07:41:26.329Z]      ⏭️  Jurnal Penjualan sudah ada di Accurate.
[2026-04-14T07:41:26.532Z]      ⏭️  Jurnal Uang Masuk sudah ada di Accurate.
[2026-04-14T07:41:26.532Z]      ⏭️  Semua jurnal untuk hari ini sudah selesai, dilewati tanpa memanggil API Quinos.
[2026-04-14T07:41:29.535Z] 
[280/1239] Memproses 2026-03-21 - MKG...
[2026-04-14T07:41:29.883Z]      ⏭️  Jurnal Penjualan sudah ada di Accurate.
[2026-04-14T07:41:30.004Z]      ⏭️  Jurnal Uang Masuk sudah ada di Accurate.
[2026-04-14T07:41:30.005Z]      ⏭️  Semua jurnal untuk hari ini sudah selesai, dilewati tanpa memanggil API Quinos.
[2026-04-14T07:41:30.005Z] 
════════════════════════════════════════════════════════════════════════
[2026-04-14T07:41:30.005Z] === LAPORAN PROGRES [280/1239 — 23%] ===
[2026-04-14T07:41:30.005Z] ────────────────────────────────────────────────────────────────────────
[2026-04-14T07:41:30.005Z]   Diproses  : 280 dari 1239 (23%)
[2026-04-14T07:41:30.005Z]   ✅ Sukses  : 9
[2026-04-14T07:41:30.005Z]   ⏭️  Dilewati: 270
[2026-04-14T07:41:30.005Z]   ❌ Error   : 1
[2026-04-14T07:41:30.005Z]        • Jurnal Tidak Seimbang: 1x
[2026-04-14T07:41:30.005Z] ────────────────────────────────────────────────────────────────────────
[2026-04-14T07:41:30.005Z]   Detail Error:
[2026-04-14T07:41:30.005Z]     [2025-09-05] MKG              | Penjualan    | Jurnal Tidak Seimbang
[2026-04-14T07:41:30.005Z] ════════════════════════════════════════════════════════════════════════

[2026-04-14T07:41:33.008Z] 
[281/1239] Memproses 2026-03-22 - MKG...
[2026-04-14T07:41:33.229Z]      ⏭️  Jurnal Penjualan sudah ada di Accurate.
[2026-04-14T07:41:33.431Z]      ⏭️  Jurnal Uang Masuk sudah ada di Accurate.
[2026-04-14T07:41:33.431Z]      ⏭️  Semua jurnal untuk hari ini sudah selesai, dilewati tanpa memanggil API Quinos.
[2026-04-14T07:41:36.433Z] 
[282/1239] Memproses 2026-03-23 - MKG...
[2026-04-14T07:41:36.677Z]      ⏭️  Jurnal Penjualan sudah ada di Accurate.
[2026-04-14T07:41:36.865Z]      ⏭️  Jurnal Uang Masuk sudah ada di Accurate.
[2026-04-14T07:41:36.866Z]      ⏭️  Semua jurnal untuk hari ini sudah selesai, dilewati tanpa memanggil API Quinos.
[2026-04-14T07:41:39.868Z] 
[283/1239] Memproses 2026-03-24 - MKG...
[2026-04-14T07:41:40.085Z]      ⏭️  Jurnal Penjualan sudah ada di Accurate.
[2026-04-14T07:41:40.230Z]      ⏭️  Jurnal Uang Masuk sudah ada di Accurate.
[2026-04-14T07:41:40.230Z]      ⏭️  Semua jurnal untuk hari ini sudah selesai, dilewati tanpa memanggil API Quinos.
[2026-04-14T07:41:43.232Z] 
[284/1239] Memproses 2026-03-25 - MKG...
[2026-04-14T07:41:43.388Z]      ⏭️  Jurnal Penjualan sudah ada di Accurate.
[2026-04-14T07:41:43.563Z]      ⏭️  Jurnal Uang Masuk sudah ada di Accurate.
[2026-04-14T07:41:43.563Z]      ⏭️  Semua jurnal untuk hari ini sudah selesai, dilewati tanpa memanggil API Quinos.
[2026-04-14T07:41:46.565Z] 
[285/1239] Memproses 2026-03-26 - MKG...
[2026-04-14T07:41:46.727Z]      ⏭️  Jurnal Penjualan sudah ada di Accurate.
[2026-04-14T07:41:46.861Z]      ⏭️  Jurnal Uang Masuk sudah ada di Accurate.
[2026-04-14T07:41:46.861Z]      ⏭️  Semua jurnal untuk hari ini sudah selesai, dilewati tanpa memanggil API Quinos.
[2026-04-14T07:41:49.864Z] 
[286/1239] Memproses 2026-03-27 - MKG...
[2026-04-14T07:41:50.098Z]      ⏭️  Jurnal Penjualan sudah ada di Accurate.
[2026-04-14T07:41:50.284Z]      ⏭️  Jurnal Uang Masuk sudah ada di Accurate.
[2026-04-14T07:41:50.284Z]      ⏭️  Semua jurnal untuk hari ini sudah selesai, dilewati tanpa memanggil API Quinos.
[2026-04-14T07:41:53.285Z] 
[287/1239] Memproses 2026-03-28 - MKG...
[2026-04-14T07:41:53.446Z]      ⏭️  Jurnal Penjualan sudah ada di Accurate.
[2026-04-14T07:41:53.595Z]      ⏭️  Jurnal Uang Masuk sudah ada di Accurate.
[2026-04-14T07:41:53.595Z]      ⏭️  Semua jurnal untuk hari ini sudah selesai, dilewati tanpa memanggil API Quinos.
[2026-04-14T07:41:56.597Z] 
[288/1239] Memproses 2026-03-29 - MKG...
[2026-04-14T07:41:56.737Z]      ⏭️  Jurnal Penjualan sudah ada di Accurate.
[2026-04-14T07:41:56.949Z]      ⏭️  Jurnal Uang Masuk sudah ada di Accurate.
[2026-04-14T07:41:56.949Z]      ⏭️  Semua jurnal untuk hari ini sudah selesai, dilewati tanpa memanggil API Quinos.
[2026-04-14T07:41:59.950Z] 
[289/1239] Memproses 2026-03-30 - MKG...
[2026-04-14T07:42:00.230Z]      ⏭️  Jurnal Penjualan sudah ada di Accurate.
[2026-04-14T07:42:00.383Z]      ⏭️  Jurnal Uang Masuk sudah ada di Accurate.
[2026-04-14T07:42:00.383Z]      ⏭️  Semua jurnal untuk hari ini sudah selesai, dilewati tanpa memanggil API Quinos.
[2026-04-14T07:42:03.385Z] 
[290/1239] Memproses 2026-03-31 - MKG...
[2026-04-14T07:42:03.705Z]      ⏭️  Jurnal Penjualan sudah ada di Accurate.
[2026-04-14T07:42:03.859Z]      ⏭️  Jurnal Uang Masuk sudah ada di Accurate.
[2026-04-14T07:42:03.859Z]      ⏭️  Semua jurnal untuk hari ini sudah selesai, dilewati tanpa memanggil API Quinos.
[2026-04-14T07:42:03.859Z] 
════════════════════════════════════════════════════════════════════════
[2026-04-14T07:42:03.859Z] === LAPORAN PROGRES [290/1239 — 23%] ===
[2026-04-14T07:42:03.859Z] ────────────────────────────────────────────────────────────────────────
[2026-04-14T07:42:03.859Z]   Diproses  : 290 dari 1239 (23%)
[2026-04-14T07:42:03.859Z]   ✅ Sukses  : 9
[2026-04-14T07:42:03.859Z]   ⏭️  Dilewati: 280
[2026-04-14T07:42:03.859Z]   ❌ Error   : 1
[2026-04-14T07:42:03.859Z]        • Jurnal Tidak Seimbang: 1x
[2026-04-14T07:42:03.859Z] ────────────────────────────────────────────────────────────────────────
[2026-04-14T07:42:03.859Z]   Detail Error:
[2026-04-14T07:42:03.859Z]     [2025-09-05] MKG              | Penjualan    | Jurnal Tidak Seimbang
[2026-04-14T07:42:03.859Z] ════════════════════════════════════════════════════════════════════════

[2026-04-14T07:42:06.862Z] 
[291/1239] Memproses 2026-04-01 - MKG...
[2026-04-14T07:42:07.159Z]      ⏭️  Jurnal Penjualan sudah ada di Accurate.
[2026-04-14T07:42:07.289Z]      ⏭️  Jurnal Uang Masuk sudah ada di Accurate.
[2026-04-14T07:42:07.289Z]      ⏭️  Semua jurnal untuk hari ini sudah selesai, dilewati tanpa memanggil API Quinos.
[2026-04-14T07:42:10.291Z] 
[292/1239] Memproses 2026-04-02 - MKG...
[2026-04-14T07:42:10.508Z]      ⏭️  Jurnal Penjualan sudah ada di Accurate.
[2026-04-14T07:42:10.722Z]      ⏭️  Jurnal Uang Masuk sudah ada di Accurate.
[2026-04-14T07:42:10.722Z]      ⏭️  Semua jurnal untuk hari ini sudah selesai, dilewati tanpa memanggil API Quinos.
[2026-04-14T07:42:13.726Z] 
[293/1239] Memproses 2026-04-03 - MKG...
[2026-04-14T07:42:13.883Z]      ⏭️  Jurnal Penjualan sudah ada di Accurate.
[2026-04-14T07:42:14.002Z]      ⏭️  Jurnal Uang Masuk sudah ada di Accurate.
[2026-04-14T07:42:14.002Z]      ⏭️  Semua jurnal untuk hari ini sudah selesai, dilewati tanpa memanggil API Quinos.
[2026-04-14T07:42:17.003Z] 
[294/1239] Memproses 2026-04-04 - MKG...
[2026-04-14T07:42:17.177Z]      ⏭️  Jurnal Penjualan sudah ada di Accurate.
[2026-04-14T07:42:17.329Z]      ⏭️  Jurnal Uang Masuk sudah ada di Accurate.
[2026-04-14T07:42:17.330Z]      ⏭️  Semua jurnal untuk hari ini sudah selesai, dilewati tanpa memanggil API Quinos.
[2026-04-14T07:42:20.332Z] 
[295/1239] Memproses 2026-04-05 - MKG...
[2026-04-14T07:42:20.572Z]      ⏭️  Jurnal Penjualan sudah ada di Accurate.
[2026-04-14T07:42:20.704Z]      ⏭️  Jurnal Uang Masuk sudah ada di Accurate.
[2026-04-14T07:42:20.704Z]      ⏭️  Semua jurnal untuk hari ini sudah selesai, dilewati tanpa memanggil API Quinos.
[2026-04-14T07:42:23.705Z] 
[296/1239] Memproses 2026-04-06 - MKG...
[2026-04-14T07:42:23.857Z]      ⏭️  Jurnal Penjualan sudah ada di Accurate.
[2026-04-14T07:42:24.086Z]      ⏭️  Jurnal Uang Masuk sudah ada di Accurate.
[2026-04-14T07:42:24.086Z]      ⏭️  Semua jurnal untuk hari ini sudah selesai, dilewati tanpa memanggil API Quinos.
[2026-04-14T07:42:27.089Z] 
[297/1239] Memproses 2026-04-07 - MKG...
[2026-04-14T07:42:27.229Z]      ⏭️  Jurnal Penjualan sudah ada di Accurate.
[2026-04-14T07:42:27.370Z]      ⏭️  Jurnal Uang Masuk sudah ada di Accurate.
[2026-04-14T07:42:27.371Z]      ⏭️  Semua jurnal untuk hari ini sudah selesai, dilewati tanpa memanggil API Quinos.
[2026-04-14T07:42:30.371Z] 
[298/1239] Memproses 2026-04-08 - MKG...
[2026-04-14T07:42:30.609Z]      ⏭️  Jurnal Penjualan sudah ada di Accurate.
[2026-04-14T07:42:35.420Z]      ⏭️  Jurnal Uang Masuk sudah ada di Accurate.
[2026-04-14T07:42:35.420Z]      ⏭️  Semua jurnal untuk hari ini sudah selesai, dilewati tanpa memanggil API Quinos.
[2026-04-14T07:42:38.427Z] 
[299/1239] Memproses 2026-04-09 - MKG...
[2026-04-14T07:42:38.646Z]      ⏭️  Jurnal Penjualan sudah ada di Accurate.
[2026-04-14T07:42:38.855Z]      ⏭️  Jurnal Uang Masuk sudah ada di Accurate.
[2026-04-14T07:42:38.855Z]      ⏭️  Semua jurnal untuk hari ini sudah selesai, dilewati tanpa memanggil API Quinos.
[2026-04-14T07:42:41.858Z] 
[300/1239] Memproses 2026-04-10 - MKG...
[2026-04-14T07:42:42.016Z]      ⏭️  Jurnal Penjualan sudah ada di Accurate.
[2026-04-14T07:42:42.125Z]      ⏭️  Jurnal Uang Masuk sudah ada di Accurate.
[2026-04-14T07:42:42.125Z]      ⏭️  Semua jurnal untuk hari ini sudah selesai, dilewati tanpa memanggil API Quinos.
[2026-04-14T07:42:42.127Z] 
════════════════════════════════════════════════════════════════════════
[2026-04-14T07:42:42.128Z] === LAPORAN PROGRES [300/1239 — 24%] ===
[2026-04-14T07:42:42.128Z] ────────────────────────────────────────────────────────────────────────
[2026-04-14T07:42:42.128Z]   Diproses  : 300 dari 1239 (24%)
[2026-04-14T07:42:42.128Z]   ✅ Sukses  : 9
[2026-04-14T07:42:42.128Z]   ⏭️  Dilewati: 290
[2026-04-14T07:42:42.128Z]   ❌ Error   : 1
[2026-04-14T07:42:42.128Z]        • Jurnal Tidak Seimbang: 1x
[2026-04-14T07:42:42.128Z] ────────────────────────────────────────────────────────────────────────
[2026-04-14T07:42:42.128Z]   Detail Error:
[2026-04-14T07:42:42.129Z]     [2025-09-05] MKG              | Penjualan    | Jurnal Tidak Seimbang
[2026-04-14T07:42:42.129Z] ════════════════════════════════════════════════════════════════════════

[2026-04-14T07:42:45.130Z] 
[301/1239] Memproses 2026-04-11 - MKG...
[2026-04-14T07:42:45.291Z]      ⏭️  Jurnal Penjualan sudah ada di Accurate.
[2026-04-14T07:42:45.515Z]      ⏭️  Jurnal Uang Masuk sudah ada di Accurate.
[2026-04-14T07:42:45.516Z]      ⏭️  Semua jurnal untuk hari ini sudah selesai, dilewati tanpa memanggil API Quinos.
[2026-04-14T07:42:48.518Z] 
[302/1239] Memproses 2026-04-12 - MKG...
[2026-04-14T07:42:48.707Z]      ⏭️  Jurnal Penjualan sudah ada di Accurate.
[2026-04-14T07:42:48.835Z]      ⏭️  Jurnal Uang Masuk sudah ada di Accurate.
[2026-04-14T07:42:48.835Z]      ⏭️  Semua jurnal untuk hari ini sudah selesai, dilewati tanpa memanggil API Quinos.
[2026-04-14T07:42:51.838Z] 
[303/1239] Memproses 2025-07-28 - SMS...
[2026-04-14T07:42:51.978Z]      ⏭️  Jurnal Penjualan sudah ada di Accurate.
[2026-04-14T07:42:52.152Z]      ⏭️  Jurnal Uang Masuk sudah ada di Accurate.
[2026-04-14T07:42:52.152Z]      ⏭️  Semua jurnal untuk hari ini sudah selesai, dilewati tanpa memanggil API Quinos.
[2026-04-14T07:42:55.155Z] 
[304/1239] Memproses 2025-07-29 - SMS...
[2026-04-14T07:42:55.396Z]      ⏭️  Jurnal Penjualan sudah ada di Accurate.
[2026-04-14T07:42:55.585Z]      ⏭️  Jurnal Uang Masuk sudah ada di Accurate.
[2026-04-14T07:42:55.585Z]      ⏭️  Semua jurnal untuk hari ini sudah selesai, dilewati tanpa memanggil API Quinos.
[2026-04-14T07:42:58.588Z] 
[305/1239] Memproses 2025-07-30 - SMS...
[2026-04-14T07:42:58.752Z]      ⏭️  Jurnal Penjualan sudah ada di Accurate.
[2026-04-14T07:42:59.178Z]      ⏭️  Jurnal Uang Masuk sudah ada di Accurate.
[2026-04-14T07:42:59.179Z]      ⏭️  Semua jurnal untuk hari ini sudah selesai, dilewati tanpa memanggil API Quinos.
[2026-04-14T07:43:02.181Z] 
[306/1239] Memproses 2025-07-31 - SMS...
[2026-04-14T07:43:02.380Z]      ⏭️  Jurnal Penjualan sudah ada di Accurate.
[2026-04-14T07:43:02.664Z]      ⏭️  Jurnal Uang Masuk sudah ada di Accurate.
[2026-04-14T07:43:02.664Z]      ⏭️  Semua jurnal untuk hari ini sudah selesai, dilewati tanpa memanggil API Quinos.
[2026-04-14T07:43:05.671Z] 
[307/1239] Memproses 2025-08-01 - SMS...
[2026-04-14T07:43:06.037Z]      ⏭️  Jurnal Penjualan sudah ada di Accurate.
[2026-04-14T07:43:06.447Z]      ⏭️  Jurnal Uang Masuk sudah ada di Accurate.
[2026-04-14T07:43:06.447Z]      ⏭️  Semua jurnal untuk hari ini sudah selesai, dilewati tanpa memanggil API Quinos.
[2026-04-14T07:43:09.449Z] 
[308/1239] Memproses 2025-08-02 - SMS...
[2026-04-14T07:43:09.614Z]      ⏭️  Jurnal Penjualan sudah ada di Accurate.
[2026-04-14T07:43:09.734Z]      ⏭️  Jurnal Uang Masuk sudah ada di Accurate.
[2026-04-14T07:43:09.734Z]      ⏭️  Semua jurnal untuk hari ini sudah selesai, dilewati tanpa memanggil API Quinos.
[2026-04-14T07:43:12.735Z] 
[309/1239] Memproses 2025-08-03 - SMS...
[2026-04-14T07:43:13.105Z]      ⏭️  Jurnal Penjualan sudah ada di Accurate.
[2026-04-14T07:43:13.368Z]      ⏭️  Jurnal Uang Masuk sudah ada di Accurate.
[2026-04-14T07:43:13.368Z]      ⏭️  Semua jurnal untuk hari ini sudah selesai, dilewati tanpa memanggil API Quinos.
[2026-04-14T07:43:16.369Z] 
[310/1239] Memproses 2025-08-04 - SMS...
[2026-04-14T07:43:16.586Z]      ⏭️  Jurnal Penjualan sudah ada di Accurate.
[2026-04-14T07:43:16.803Z]      ⏭️  Jurnal Uang Masuk sudah ada di Accurate.
[2026-04-14T07:43:16.803Z]      ⏭️  Semua jurnal untuk hari ini sudah selesai, dilewati tanpa memanggil API Quinos.
[2026-04-14T07:43:16.803Z] 
════════════════════════════════════════════════════════════════════════
[2026-04-14T07:43:16.803Z] === LAPORAN PROGRES [310/1239 — 25%] ===
[2026-04-14T07:43:16.803Z] ────────────────────────────────────────────────────────────────────────
[2026-04-14T07:43:16.803Z]   Diproses  : 310 dari 1239 (25%)
[2026-04-14T07:43:16.803Z]   ✅ Sukses  : 9
[2026-04-14T07:43:16.804Z]   ⏭️  Dilewati: 300
[2026-04-14T07:43:16.804Z]   ❌ Error   : 1
[2026-04-14T07:43:16.804Z]        • Jurnal Tidak Seimbang: 1x
[2026-04-14T07:43:16.804Z] ────────────────────────────────────────────────────────────────────────
[2026-04-14T07:43:16.804Z]   Detail Error:
[2026-04-14T07:43:16.805Z]     [2025-09-05] MKG              | Penjualan    | Jurnal Tidak Seimbang
[2026-04-14T07:43:16.805Z] ════════════════════════════════════════════════════════════════════════

[2026-04-14T07:43:19.806Z] 
[311/1239] Memproses 2025-08-05 - SMS...
[2026-04-14T07:43:19.994Z]      ⏭️  Jurnal Penjualan sudah ada di Accurate.
[2026-04-14T07:43:20.272Z]      ⏭️  Jurnal Uang Masuk sudah ada di Accurate.
[2026-04-14T07:43:20.272Z]      ⏭️  Semua jurnal untuk hari ini sudah selesai, dilewati tanpa memanggil API Quinos.
[2026-04-14T07:43:23.275Z] 
[312/1239] Memproses 2025-08-06 - SMS...
[2026-04-14T07:43:23.464Z]      ⏭️  Jurnal Penjualan sudah ada di Accurate.
[2026-04-14T07:43:23.584Z]      ⏭️  Jurnal Uang Masuk sudah ada di Accurate.
[2026-04-14T07:43:23.584Z]      ⏭️  Semua jurnal untuk hari ini sudah selesai, dilewati tanpa memanggil API Quinos.
[2026-04-14T07:43:26.586Z] 
[313/1239] Memproses 2025-08-07 - SMS...
[2026-04-14T07:43:26.758Z]      ⏭️  Jurnal Penjualan sudah ada di Accurate.
[2026-04-14T07:43:26.938Z]      ⏭️  Jurnal Uang Masuk sudah ada di Accurate.
[2026-04-14T07:43:26.938Z]      ⏭️  Semua jurnal untuk hari ini sudah selesai, dilewati tanpa memanggil API Quinos.
[2026-04-14T07:43:29.940Z] 
[314/1239] Memproses 2025-08-08 - SMS...
[2026-04-14T07:43:30.121Z]      ⏭️  Jurnal Penjualan sudah ada di Accurate.
[2026-04-14T07:43:30.384Z]      ⏭️  Jurnal Uang Masuk sudah ada di Accurate.
[2026-04-14T07:43:30.385Z]      ⏭️  Semua jurnal untuk hari ini sudah selesai, dilewati tanpa memanggil API Quinos.
[2026-04-14T07:43:33.388Z] 
[315/1239] Memproses 2025-08-09 - SMS...
[2026-04-14T07:43:33.686Z]      ⏭️  Jurnal Penjualan sudah ada di Accurate.
[2026-04-14T07:43:33.822Z]      ⏭️  Jurnal Uang Masuk sudah ada di Accurate.
[2026-04-14T07:43:33.822Z]      ⏭️  Semua jurnal untuk hari ini sudah selesai, dilewati tanpa memanggil API Quinos.
[2026-04-14T07:43:36.823Z] 
[316/1239] Memproses 2025-08-10 - SMS...
[2026-04-14T07:43:36.976Z]      ⏭️  Jurnal Penjualan sudah ada di Accurate.
[2026-04-14T07:43:37.174Z]      ⏭️  Jurnal Uang Masuk sudah ada di Accurate.
[2026-04-14T07:43:37.174Z]      ⏭️  Semua jurnal untuk hari ini sudah selesai, dilewati tanpa memanggil API Quinos.
[2026-04-14T07:43:40.176Z] 
[317/1239] Memproses 2025-08-11 - SMS...
[2026-04-14T07:43:40.405Z]      ⏭️  Jurnal Penjualan sudah ada di Accurate.
[2026-04-14T07:43:40.570Z]      ⏭️  Jurnal Uang Masuk sudah ada di Accurate.
[2026-04-14T07:43:40.570Z]      ⏭️  Semua jurnal untuk hari ini sudah selesai, dilewati tanpa memanggil API Quinos.
[2026-04-14T07:43:43.571Z] 
[318/1239] Memproses 2025-08-12 - SMS...
[2026-04-14T07:43:43.722Z]      ⏭️  Jurnal Penjualan sudah ada di Accurate.
[2026-04-14T07:43:43.861Z]      ⏭️  Jurnal Uang Masuk sudah ada di Accurate.
[2026-04-14T07:43:43.862Z]      ⏭️  Semua jurnal untuk hari ini sudah selesai, dilewati tanpa memanggil API Quinos.
[2026-04-14T07:43:46.864Z] 
[319/1239] Memproses 2025-08-13 - SMS...
[2026-04-14T07:43:47.110Z]      ⏭️  Jurnal Penjualan sudah ada di Accurate.
[2026-04-14T07:43:47.260Z]      ⏭️  Jurnal Uang Masuk sudah ada di Accurate.
[2026-04-14T07:43:47.261Z]      ⏭️  Semua jurnal untuk hari ini sudah selesai, dilewati tanpa memanggil API Quinos.
[2026-04-14T07:43:50.262Z] 
[320/1239] Memproses 2025-08-14 - SMS...
[2026-04-14T07:43:50.416Z]      ⏭️  Jurnal Penjualan sudah ada di Accurate.
[2026-04-14T07:43:50.604Z]      ⏭️  Jurnal Uang Masuk sudah ada di Accurate.
[2026-04-14T07:43:50.604Z]      ⏭️  Semua jurnal untuk hari ini sudah selesai, dilewati tanpa memanggil API Quinos.
[2026-04-14T07:43:50.604Z] 
════════════════════════════════════════════════════════════════════════
[2026-04-14T07:43:50.604Z] === LAPORAN PROGRES [320/1239 — 26%] ===
[2026-04-14T07:43:50.605Z] ────────────────────────────────────────────────────────────────────────
[2026-04-14T07:43:50.605Z]   Diproses  : 320 dari 1239 (26%)
[2026-04-14T07:43:50.605Z]   ✅ Sukses  : 9
[2026-04-14T07:43:50.605Z]   ⏭️  Dilewati: 310
[2026-04-14T07:43:50.605Z]   ❌ Error   : 1
[2026-04-14T07:43:50.605Z]        • Jurnal Tidak Seimbang: 1x
[2026-04-14T07:43:50.605Z] ────────────────────────────────────────────────────────────────────────
[2026-04-14T07:43:50.605Z]   Detail Error:
[2026-04-14T07:43:50.606Z]     [2025-09-05] MKG              | Penjualan    | Jurnal Tidak Seimbang
[2026-04-14T07:43:50.606Z] ════════════════════════════════════════════════════════════════════════

[2026-04-14T07:43:53.607Z] 
[321/1239] Memproses 2025-08-15 - SMS...
[2026-04-14T07:43:53.772Z]      ⏭️  Jurnal Penjualan sudah ada di Accurate.
[2026-04-14T07:43:53.907Z]      ⏭️  Jurnal Uang Masuk sudah ada di Accurate.
[2026-04-14T07:43:53.908Z]      ⏭️  Semua jurnal untuk hari ini sudah selesai, dilewati tanpa memanggil API Quinos.
[2026-04-14T07:43:56.909Z] 
[322/1239] Memproses 2025-08-16 - SMS...
[2026-04-14T07:43:57.060Z]      ⏭️  Jurnal Penjualan sudah ada di Accurate.
[2026-04-14T07:43:57.205Z]      ⏭️  Jurnal Uang Masuk sudah ada di Accurate.
[2026-04-14T07:43:57.205Z]      ⏭️  Semua jurnal untuk hari ini sudah selesai, dilewati tanpa memanggil API Quinos.
[2026-04-14T07:44:00.206Z] 
[323/1239] Memproses 2025-08-17 - SMS...
[2026-04-14T07:44:00.390Z]      ⏭️  Jurnal Penjualan sudah ada di Accurate.
[2026-04-14T07:44:00.505Z]      ⏭️  Jurnal Uang Masuk sudah ada di Accurate.
[2026-04-14T07:44:00.505Z]      ⏭️  Semua jurnal untuk hari ini sudah selesai, dilewati tanpa memanggil API Quinos.
[2026-04-14T07:44:03.507Z] 
[324/1239] Memproses 2025-08-18 - SMS...
[2026-04-14T07:44:03.649Z]      ⏭️  Jurnal Penjualan sudah ada di Accurate.
[2026-04-14T07:44:03.792Z]      ⏭️  Jurnal Uang Masuk sudah ada di Accurate.
[2026-04-14T07:44:03.792Z]      ⏭️  Semua jurnal untuk hari ini sudah selesai, dilewati tanpa memanggil API Quinos.
[2026-04-14T07:44:06.795Z] 
[325/1239] Memproses 2025-08-19 - SMS...
[2026-04-14T07:44:06.990Z]      ⏭️  Jurnal Penjualan sudah ada di Accurate.
[2026-04-14T07:44:07.121Z]      ⏭️  Jurnal Uang Masuk sudah ada di Accurate.
[2026-04-14T07:44:07.121Z]      ⏭️  Semua jurnal untuk hari ini sudah selesai, dilewati tanpa memanggil API Quinos.
[2026-04-14T07:44:10.122Z] 
[326/1239] Memproses 2025-08-20 - SMS...
[2026-04-14T07:44:10.305Z]      ⏭️  Jurnal Penjualan sudah ada di Accurate.
[2026-04-14T07:44:10.438Z]      ⏭️  Jurnal Uang Masuk sudah ada di Accurate.
[2026-04-14T07:44:10.438Z]      ⏭️  Semua jurnal untuk hari ini sudah selesai, dilewati tanpa memanggil API Quinos.
[2026-04-14T07:44:13.439Z] 
[327/1239] Memproses 2025-08-21 - SMS...
[2026-04-14T07:44:13.602Z]      ⏭️  Jurnal Penjualan sudah ada di Accurate.
[2026-04-14T07:44:13.731Z]      ⏭️  Jurnal Uang Masuk sudah ada di Accurate.
[2026-04-14T07:44:13.731Z]      ⏭️  Semua jurnal untuk hari ini sudah selesai, dilewati tanpa memanggil API Quinos.
[2026-04-14T07:44:16.732Z] 
[328/1239] Memproses 2025-08-22 - SMS...
[2026-04-14T07:44:16.883Z]      ⏭️  Jurnal Penjualan sudah ada di Accurate.
[2026-04-14T07:44:17.099Z]      ⏭️  Jurnal Uang Masuk sudah ada di Accurate.
[2026-04-14T07:44:17.099Z]      ⏭️  Semua jurnal untuk hari ini sudah selesai, dilewati tanpa memanggil API Quinos.
[2026-04-14T07:44:20.102Z] 
[329/1239] Memproses 2025-08-23 - SMS...
[2026-04-14T07:44:20.263Z]      ⏭️  Jurnal Penjualan sudah ada di Accurate.
[2026-04-14T07:44:20.478Z]      ⏭️  Jurnal Uang Masuk sudah ada di Accurate.
[2026-04-14T07:44:20.479Z]      ⏭️  Semua jurnal untuk hari ini sudah selesai, dilewati tanpa memanggil API Quinos.
[2026-04-14T07:44:23.480Z] 
[330/1239] Memproses 2025-08-24 - SMS...
[2026-04-14T07:44:23.659Z]      ⏭️  Jurnal Penjualan sudah ada di Accurate.
[2026-04-14T07:44:23.869Z]      ⏭️  Jurnal Uang Masuk sudah ada di Accurate.
[2026-04-14T07:44:23.869Z]      ⏭️  Semua jurnal untuk hari ini sudah selesai, dilewati tanpa memanggil API Quinos.
[2026-04-14T07:44:23.869Z] 
════════════════════════════════════════════════════════════════════════
[2026-04-14T07:44:23.869Z] === LAPORAN PROGRES [330/1239 — 27%] ===
[2026-04-14T07:44:23.869Z] ────────────────────────────────────────────────────────────────────────
[2026-04-14T07:44:23.869Z]   Diproses  : 330 dari 1239 (27%)
[2026-04-14T07:44:23.869Z]   ✅ Sukses  : 9
[2026-04-14T07:44:23.869Z]   ⏭️  Dilewati: 320
[2026-04-14T07:44:23.869Z]   ❌ Error   : 1
[2026-04-14T07:44:23.869Z]        • Jurnal Tidak Seimbang: 1x
[2026-04-14T07:44:23.869Z] ────────────────────────────────────────────────────────────────────────
[2026-04-14T07:44:23.869Z]   Detail Error:
[2026-04-14T07:44:23.869Z]     [2025-09-05] MKG              | Penjualan    | Jurnal Tidak Seimbang
[2026-04-14T07:44:23.870Z] ════════════════════════════════════════════════════════════════════════

[2026-04-14T07:44:26.873Z] 
[331/1239] Memproses 2025-08-25 - SMS...
[2026-04-14T07:44:27.117Z]      ⏭️  Jurnal Penjualan sudah ada di Accurate.
[2026-04-14T07:44:27.225Z]      ⏭️  Jurnal Uang Masuk sudah ada di Accurate.
[2026-04-14T07:44:27.225Z]      ⏭️  Semua jurnal untuk hari ini sudah selesai, dilewati tanpa memanggil API Quinos.
[2026-04-14T07:44:30.227Z] 
[332/1239] Memproses 2025-08-26 - SMS...
[2026-04-14T07:44:30.419Z]      ⏭️  Jurnal Penjualan sudah ada di Accurate.
[2026-04-14T07:44:30.556Z]      ⏭️  Jurnal Uang Masuk sudah ada di Accurate.
[2026-04-14T07:44:30.556Z]      ⏭️  Semua jurnal untuk hari ini sudah selesai, dilewati tanpa memanggil API Quinos.
[2026-04-14T07:44:33.558Z] 
[333/1239] Memproses 2025-08-27 - SMS...
[2026-04-14T07:44:33.835Z]      ⏭️  Jurnal Penjualan sudah ada di Accurate.
[2026-04-14T07:44:33.980Z]      ⏭️  Jurnal Uang Masuk sudah ada di Accurate.
[2026-04-14T07:44:33.980Z]      ⏭️  Semua jurnal untuk hari ini sudah selesai, dilewati tanpa memanggil API Quinos.
[2026-04-14T07:44:36.982Z] 
[334/1239] Memproses 2025-08-28 - SMS...
[2026-04-14T07:44:37.136Z]      ⏭️  Jurnal Penjualan sudah ada di Accurate.
[2026-04-14T07:44:37.257Z]      ⏭️  Jurnal Uang Masuk sudah ada di Accurate.
[2026-04-14T07:44:37.257Z]      ⏭️  Semua jurnal untuk hari ini sudah selesai, dilewati tanpa memanggil API Quinos.
[2026-04-14T07:44:40.259Z] 
[335/1239] Memproses 2025-08-29 - SMS...
[2026-04-14T07:44:40.441Z]      ⏭️  Jurnal Penjualan sudah ada di Accurate.
[2026-04-14T07:44:40.613Z]      ⏭️  Jurnal Uang Masuk sudah ada di Accurate.
[2026-04-14T07:44:40.613Z]      ⏭️  Semua jurnal untuk hari ini sudah selesai, dilewati tanpa memanggil API Quinos.
[2026-04-14T07:44:43.614Z] 
[336/1239] Memproses 2025-08-30 - SMS...
[2026-04-14T07:44:43.936Z]      ⏭️  Jurnal Penjualan sudah ada di Accurate.
[2026-04-14T07:44:44.148Z]      ⏭️  Jurnal Uang Masuk sudah ada di Accurate.
[2026-04-14T07:44:44.152Z]      ⏭️  Semua jurnal untuk hari ini sudah selesai, dilewati tanpa memanggil API Quinos.
[2026-04-14T07:44:47.152Z] 
[337/1239] Memproses 2025-08-31 - SMS...
[2026-04-14T07:44:47.288Z]      ⏭️  Jurnal Penjualan sudah ada di Accurate.
[2026-04-14T07:44:47.431Z]      ⏭️  Jurnal Uang Masuk sudah ada di Accurate.
[2026-04-14T07:44:47.432Z]      ⏭️  Semua jurnal untuk hari ini sudah selesai, dilewati tanpa memanggil API Quinos.
[2026-04-14T07:44:50.434Z] 
[338/1239] Memproses 2025-09-01 - SMS...
[2026-04-14T07:44:50.588Z]      ⏭️  Jurnal Penjualan sudah ada di Accurate.
[2026-04-14T07:44:50.720Z]      ⏭️  Jurnal Uang Masuk sudah ada di Accurate.
[2026-04-14T07:44:50.720Z]      ⏭️  Semua jurnal untuk hari ini sudah selesai, dilewati tanpa memanggil API Quinos.
[2026-04-14T07:44:53.722Z] 
[339/1239] Memproses 2025-09-02 - SMS...
[2026-04-14T07:44:53.952Z]      ⏭️  Jurnal Penjualan sudah ada di Accurate.
[2026-04-14T07:44:54.061Z]      ⏭️  Jurnal Uang Masuk sudah ada di Accurate.
[2026-04-14T07:44:54.061Z]      ⏭️  Semua jurnal untuk hari ini sudah selesai, dilewati tanpa memanggil API Quinos.
[2026-04-14T07:44:57.064Z] 
[340/1239] Memproses 2025-09-03 - SMS...
[2026-04-14T07:44:57.204Z]      ⏭️  Jurnal Penjualan sudah ada di Accurate.
[2026-04-14T07:44:57.324Z]      ⏭️  Jurnal Uang Masuk sudah ada di Accurate.
[2026-04-14T07:44:57.325Z]      ⏭️  Semua jurnal untuk hari ini sudah selesai, dilewati tanpa memanggil API Quinos.
[2026-04-14T07:44:57.325Z] 
════════════════════════════════════════════════════════════════════════
[2026-04-14T07:44:57.325Z] === LAPORAN PROGRES [340/1239 — 27%] ===
[2026-04-14T07:44:57.325Z] ────────────────────────────────────────────────────────────────────────
[2026-04-14T07:44:57.325Z]   Diproses  : 340 dari 1239 (27%)
[2026-04-14T07:44:57.325Z]   ✅ Sukses  : 9
[2026-04-14T07:44:57.325Z]   ⏭️  Dilewati: 330
[2026-04-14T07:44:57.325Z]   ❌ Error   : 1
[2026-04-14T07:44:57.325Z]        • Jurnal Tidak Seimbang: 1x
[2026-04-14T07:44:57.325Z] ────────────────────────────────────────────────────────────────────────
[2026-04-14T07:44:57.325Z]   Detail Error:
[2026-04-14T07:44:57.325Z]     [2025-09-05] MKG              | Penjualan    | Jurnal Tidak Seimbang
[2026-04-14T07:44:57.325Z] ════════════════════════════════════════════════════════════════════════

[2026-04-14T07:45:00.327Z] 
[341/1239] Memproses 2025-09-04 - SMS...
[2026-04-14T07:45:00.482Z]      ⏭️  Jurnal Penjualan sudah ada di Accurate.
[2026-04-14T07:45:00.640Z]      ⏭️  Jurnal Uang Masuk sudah ada di Accurate.
[2026-04-14T07:45:00.640Z]      ⏭️  Semua jurnal untuk hari ini sudah selesai, dilewati tanpa memanggil API Quinos.
[2026-04-14T07:45:03.642Z] 
[342/1239] Memproses 2025-09-05 - SMS...
[2026-04-14T07:45:04.007Z]      ⏭️  Jurnal Penjualan sudah ada di Accurate.
[2026-04-14T07:45:04.130Z]      ⏭️  Jurnal Uang Masuk sudah ada di Accurate.
[2026-04-14T07:45:04.130Z]      ⏭️  Semua jurnal untuk hari ini sudah selesai, dilewati tanpa memanggil API Quinos.
[2026-04-14T07:45:07.132Z] 
[343/1239] Memproses 2025-09-06 - SMS...
[2026-04-14T07:45:07.379Z]      ⏭️  Jurnal Penjualan sudah ada di Accurate.
[2026-04-14T07:45:07.492Z]      ⏭️  Jurnal Uang Masuk sudah ada di Accurate.
[2026-04-14T07:45:07.492Z]      ⏭️  Semua jurnal untuk hari ini sudah selesai, dilewati tanpa memanggil API Quinos.
[2026-04-14T07:45:10.494Z] 
[344/1239] Memproses 2025-09-07 - SMS...
[2026-04-14T07:45:10.658Z]      ⏭️  Jurnal Penjualan sudah ada di Accurate.
[2026-04-14T07:45:10.813Z]      ⏭️  Jurnal Uang Masuk sudah ada di Accurate.
[2026-04-14T07:45:10.813Z]      ⏭️  Semua jurnal untuk hari ini sudah selesai, dilewati tanpa memanggil API Quinos.
[2026-04-14T07:45:13.816Z] 
[345/1239] Memproses 2025-09-08 - SMS...
[2026-04-14T07:45:13.986Z]      ⏭️  Jurnal Penjualan sudah ada di Accurate.
[2026-04-14T07:45:14.348Z]      ⏭️  Jurnal Uang Masuk sudah ada di Accurate.
[2026-04-14T07:45:14.349Z]      ⏭️  Semua jurnal untuk hari ini sudah selesai, dilewati tanpa memanggil API Quinos.
[2026-04-14T07:45:17.350Z] 
[346/1239] Memproses 2025-09-09 - SMS...
[2026-04-14T07:45:17.573Z]      ⏭️  Jurnal Penjualan sudah ada di Accurate.
[2026-04-14T07:45:17.698Z]      ⏭️  Jurnal Uang Masuk sudah ada di Accurate.
[2026-04-14T07:45:17.698Z]      ⏭️  Semua jurnal untuk hari ini sudah selesai, dilewati tanpa memanggil API Quinos.
[2026-04-14T07:45:20.700Z] 
[347/1239] Memproses 2025-09-10 - SMS...
[2026-04-14T07:45:20.889Z]      ⏭️  Jurnal Penjualan sudah ada di Accurate.
[2026-04-14T07:45:21.031Z]      ⏭️  Jurnal Uang Masuk sudah ada di Accurate.
[2026-04-14T07:45:21.031Z]      ⏭️  Semua jurnal untuk hari ini sudah selesai, dilewati tanpa memanggil API Quinos.
[2026-04-14T07:45:24.034Z] 
[348/1239] Memproses 2025-09-11 - SMS...
[2026-04-14T07:45:24.228Z]      ⏭️  Jurnal Penjualan sudah ada di Accurate.
[2026-04-14T07:45:24.377Z]      ⏭️  Jurnal Uang Masuk sudah ada di Accurate.
[2026-04-14T07:45:24.377Z]      ⏭️  Semua jurnal untuk hari ini sudah selesai, dilewati tanpa memanggil API Quinos.
[2026-04-14T07:45:27.382Z] 
[349/1239] Memproses 2025-09-12 - SMS...
[2026-04-14T07:45:27.572Z]      ⏭️  Jurnal Penjualan sudah ada di Accurate.
[2026-04-14T07:45:27.744Z]      ⏭️  Jurnal Uang Masuk sudah ada di Accurate.
[2026-04-14T07:45:27.744Z]      ⏭️  Semua jurnal untuk hari ini sudah selesai, dilewati tanpa memanggil API Quinos.
[2026-04-14T07:45:30.746Z] 
[350/1239] Memproses 2025-09-13 - SMS...
[2026-04-14T07:45:30.899Z]      ⏭️  Jurnal Penjualan sudah ada di Accurate.
[2026-04-14T07:45:31.021Z]      ⏭️  Jurnal Uang Masuk sudah ada di Accurate.
[2026-04-14T07:45:31.021Z]      ⏭️  Semua jurnal untuk hari ini sudah selesai, dilewati tanpa memanggil API Quinos.
[2026-04-14T07:45:31.021Z] 
════════════════════════════════════════════════════════════════════════
[2026-04-14T07:45:31.021Z] === LAPORAN PROGRES [350/1239 — 28%] ===
[2026-04-14T07:45:31.021Z] ────────────────────────────────────────────────────────────────────────
[2026-04-14T07:45:31.021Z]   Diproses  : 350 dari 1239 (28%)
[2026-04-14T07:45:31.021Z]   ✅ Sukses  : 9
[2026-04-14T07:45:31.021Z]   ⏭️  Dilewati: 340
[2026-04-14T07:45:31.021Z]   ❌ Error   : 1
[2026-04-14T07:45:31.021Z]        • Jurnal Tidak Seimbang: 1x
[2026-04-14T07:45:31.021Z] ────────────────────────────────────────────────────────────────────────
[2026-04-14T07:45:31.021Z]   Detail Error:
[2026-04-14T07:45:31.021Z]     [2025-09-05] MKG              | Penjualan    | Jurnal Tidak Seimbang
[2026-04-14T07:45:31.022Z] ════════════════════════════════════════════════════════════════════════

[2026-04-14T07:45:34.023Z] 
[351/1239] Memproses 2025-09-14 - SMS...
[2026-04-14T07:45:34.211Z]      ⏭️  Jurnal Penjualan sudah ada di Accurate.
[2026-04-14T07:45:34.449Z]      ⏭️  Jurnal Uang Masuk sudah ada di Accurate.
[2026-04-14T07:45:34.449Z]      ⏭️  Semua jurnal untuk hari ini sudah selesai, dilewati tanpa memanggil API Quinos.
[2026-04-14T07:45:37.452Z] 
[352/1239] Memproses 2025-09-15 - SMS...
[2026-04-14T07:45:37.613Z]      ⏭️  Jurnal Penjualan sudah ada di Accurate.
[2026-04-14T07:45:37.753Z]      ⏭️  Jurnal Uang Masuk sudah ada di Accurate.
[2026-04-14T07:45:37.753Z]      ⏭️  Semua jurnal untuk hari ini sudah selesai, dilewati tanpa memanggil API Quinos.
[2026-04-14T07:45:40.755Z] 
[353/1239] Memproses 2025-09-16 - SMS...
[2026-04-14T07:45:40.987Z]      ⏭️  Jurnal Penjualan sudah ada di Accurate.
[2026-04-14T07:45:41.103Z]      ⏭️  Jurnal Uang Masuk sudah ada di Accurate.
[2026-04-14T07:45:41.103Z]      ⏭️  Semua jurnal untuk hari ini sudah selesai, dilewati tanpa memanggil API Quinos.
[2026-04-14T07:45:44.104Z] 
[354/1239] Memproses 2025-09-17 - SMS...
[2026-04-14T07:45:44.273Z]      ⏭️  Jurnal Penjualan sudah ada di Accurate.
[2026-04-14T07:45:44.393Z]      ⏭️  Jurnal Uang Masuk sudah ada di Accurate.
[2026-04-14T07:45:44.393Z]      ⏭️  Semua jurnal untuk hari ini sudah selesai, dilewati tanpa memanggil API Quinos.
[2026-04-14T07:45:47.395Z] 
[355/1239] Memproses 2025-09-18 - SMS...
[2026-04-14T07:45:47.634Z]      ⏭️  Jurnal Penjualan sudah ada di Accurate.
[2026-04-14T07:45:47.764Z]      ⏭️  Jurnal Uang Masuk sudah ada di Accurate.
[2026-04-14T07:45:47.764Z]      ⏭️  Semua jurnal untuk hari ini sudah selesai, dilewati tanpa memanggil API Quinos.
[2026-04-14T07:45:50.766Z] 
[356/1239] Memproses 2025-09-19 - SMS...
[2026-04-14T07:45:51.003Z]      📡 Mengambil data dari Quinos...
[2026-04-14T07:45:54.452Z] 
     🛑 [INVESTIGASI] KETIDAKSEIMBANGAN TERDETEKSI (> 15.000)
[2026-04-14T07:45:54.452Z]      Tanggal: 2025-09-19 | Toko: SMS
[2026-04-14T07:45:54.452Z]      Total Penjualan (POS Quinos): Rp 678.245
[2026-04-14T07:45:54.452Z]      Total Pembayaran (POS Quinos): Rp 508.145
[2026-04-14T07:45:54.452Z]      Selisih Jurnal: Rp 150.000
[2026-04-14T07:45:54.452Z]      --------------------------------------------------
[2026-04-14T07:45:54.452Z]      [ANALISA PEMBAYARAN VS BANK]
[2026-04-14T07:45:54.452Z]      - KREDIT BCA: POS (Rp 112.285) vs Bank (Rp 110.039) | Selisih: Rp 2.246
[2026-04-14T07:45:54.452Z]      - DEBIT BCA : POS (Rp 0) vs Bank (Rp 0) | Selisih: Rp 0
[2026-04-14T07:45:54.452Z]      - QRIS BCA  : POS (Rp 333.460) vs Bank (Rp 331.125,79) | Selisih: Rp 2.334,21
[2026-04-14T07:45:54.452Z]      --------------------------------------------------
[2026-04-14T07:45:54.452Z]      KESIMPULAN: Selisih Rp 150.000 ini terlalu besar untuk auto-balance.
[2026-04-14T07:45:54.452Z]      KEMUNGKINAN: Kasir salah input tipe pembayaran di Quinos, atau ada transaksi Quinos yang belum di-input (Under-reporting).

[2026-04-14T07:45:54.452Z] [ERROR]      ❌ Skipped: Jurnal Penjualan tidak seimbang (Selisih Rp 150.000). Harap cek rincian investigasi di atas.
[2026-04-14T07:45:57.741Z] 
[357/1239] Memproses 2025-09-20 - SMS...
[2026-04-14T07:45:58.039Z]      📡 Mengambil data dari Quinos...
[2026-04-14T07:46:00.849Z] 
     🛑 [DEBUG] RINCIAN JURNAL YANG TIDAK SEIMBANG (BREW - PENJUALAN STRADA SMS 20/09/2025)
      
[2026-04-14T07:57:01.682Z] ────────────────────────────────────────────────────────────
[2026-04-14T07:57:04.695Z] 
Menghubungkan ke Accurate...
[2026-04-14T07:57:06.637Z] ✅ Terhubung! Sesi: a06e43cd-cf3a-417e-a6ef-f90e75576f3f
[2026-04-14T07:57:06.638Z] Menghubungkan ke Quinos Cloud...
[2026-04-14T07:57:08.648Z] ✅ Login Quinos berhasil! Session siap digunakan.
[2026-04-14T07:57:08.648Z] 
[1/884] Memproses 2025-09-19 - SMS...
[2026-04-14T07:57:09.124Z]      📡 Mengambil data dari Quinos...
[2026-04-14T07:57:11.782Z] 
     🛑 [INVESTIGASI] KETIDAKSEIMBANGAN TERDETEKSI (> 15.000)
[2026-04-14T07:57:11.782Z]      Tanggal: 2025-09-19 | Toko: SMS
[2026-04-14T07:57:11.806Z]      Total Penjualan (POS Quinos): Rp 678.245
[2026-04-14T07:57:11.806Z]      Total Pembayaran (POS Quinos): Rp 508.145
[2026-04-14T07:57:11.806Z]      Selisih Jurnal: Rp 150.000
[2026-04-14T07:57:11.806Z]      --------------------------------------------------
[2026-04-14T07:57:11.806Z]      [ANALISA PEMBAYARAN VS BANK]
[2026-04-14T07:57:11.806Z]      - KREDIT BCA: POS (Rp 112.285) vs Bank (Rp 110.039) | Selisih: Rp 2.246
[2026-04-14T07:57:11.806Z]      - DEBIT BCA : POS (Rp 0) vs Bank (Rp 0) | Selisih: Rp 0
[2026-04-14T07:57:11.806Z]      - QRIS BCA  : POS (Rp 333.460) vs Bank (Rp 331.125,79) | Selisih: Rp 2.334,21
[2026-04-14T07:57:11.806Z]      --------------------------------------------------
[2026-04-14T07:57:11.806Z]      KESIMPULAN: Selisih Rp 150.000 ini terlalu besar untuk auto-balance.
[2026-04-14T07:57:11.806Z]      KEMUNGKINAN: Kasir salah input tipe pembayaran di Quinos, atau ada transaksi Quinos yang belum di-input (Under-reporting).

[2026-04-14T07:57:11.806Z] [ERROR]      ❌ Skipped: Jurnal Penjualan tidak seimbang (Selisih Rp 150.000). Harap cek rincian investigasi di atas.
[2026-04-14T07:57:14.896Z] 
[2/884] Memproses 2025-09-20 - SMS...
[2026-04-14T07:57:15.366Z]      📡 Mengambil data dari Quinos...
[2026-04-14T07:57:17.819Z] 
     🛑 [DEBUG] RINCIAN JURNAL YANG TIDAK SEIMBANG (BREW - PENJUALAN STRADA SMS 20/09/2025)
[2026-04-14T07:57:17.819Z]      Total Debit: 981415
[2026-04-14T07:57:17.819Z]      Total Credit: 1031415
[2026-04-14T07:57:17.819Z]      Selisih: 50000
[2026-04-14T07:57:17.819Z]      Baris Jurnal:
[2026-04-14T07:57:17.819Z]        - [DEBIT ] 1100.11: 42735
[2026-04-14T07:57:17.819Z]        - [DEBIT ] 1100.11: 938680
[2026-04-14T07:57:17.819Z]        - [CREDIT] 4000.01.09: 875000
[2026-04-14T07:57:17.819Z]        - [CREDIT] 4000.01.09: 18000
[2026-04-14T07:57:17.819Z]        - [CREDIT] 2002.04.06: 44650
[2026-04-14T07:57:17.819Z]        - [CREDIT] 2002.03.07: 93765
[2026-04-14T07:57:17.819Z] 
[2026-04-14T07:57:17.819Z] [ERROR]      ❌ ERROR: Jurnal tidak balance secara internal! D: 981415, C: 1031415 (Selisih: 50000)
[2026-04-14T07:57:20.821Z] 
[3/884] Memproses 2025-09-21 - SMS...
[2026-04-14T07:57:20.991Z]      ⏭️  Jurnal Penjualan sudah ada di Accurate.
[2026-04-14T07:57:21.210Z]      ⏭️  Jurnal Uang Masuk sudah ada di Accurate.
[2026-04-14T07:57:21.210Z]      ⏭️  Semua jurnal untuk hari ini sudah selesai, dilewati tanpa memanggil API Quinos.

[2026-04-14T08:01:40.057Z] 
Menghubungkan ke Accurate...
[2026-04-14T08:01:41.603Z] ✅ Terhubung! Sesi: a06e43cd-cf3a-417e-a6ef-f90e75576f3f
[2026-04-14T08:01:41.603Z] Menghubungkan ke Quinos Cloud...
[2026-04-14T08:01:43.799Z] ✅ Login Quinos berhasil! Session siap digunakan.
[2026-04-14T08:01:43.800Z] 
[1/884] Memproses 2025-09-19 - SMS...
[2026-04-14T08:01:44.163Z]      📡 Mengambil data dari Quinos...
[2026-04-14T08:01:46.817Z] 
     🛑 [INVESTIGASI] KETIDAKSEIMBANGAN TERDETEKSI (> 15.000)
[2026-04-14T08:01:46.817Z]      Tanggal: 2025-09-19 | Toko: SMS
[2026-04-14T08:01:46.844Z]      Total Penjualan (POS Quinos): Rp 678.245
[2026-04-14T08:01:46.844Z]      Total Pembayaran (POS Quinos): Rp 508.145
[2026-04-14T08:01:46.844Z]      Selisih Jurnal: Rp 150.000
[2026-04-14T08:01:46.844Z]      --------------------------------------------------
[2026-04-14T08:01:46.844Z]      [ANALISA PEMBAYARAN VS BANK]
[2026-04-14T08:01:46.844Z]      - KREDIT BCA: POS (Rp 112.285) vs Bank (Rp 110.039) | Selisih: Rp 2.246
[2026-04-14T08:01:46.844Z]      - DEBIT BCA : POS (Rp 0) vs Bank (Rp 0) | Selisih: Rp 0
[2026-04-14T08:01:46.844Z]      - QRIS BCA  : POS (Rp 333.460) vs Bank (Rp 331.125,79) | Selisih: Rp 2.334,21
[2026-04-14T08:01:46.844Z]      --------------------------------------------------
[2026-04-14T08:01:46.844Z]      KESIMPULAN: Selisih Rp 150.000 ini terlalu besar untuk auto-balance.
[2026-04-14T08:01:46.844Z]      KEMUNGKINAN: Kasir salah input tipe pembayaran di Quinos, atau ada transaksi Quinos yang belum di-input (Under-reporting).

[2026-04-14T08:01:46.844Z] [ERROR]      ❌ Skipped: Jurnal Penjualan tidak seimbang (Selisih Rp 150.000). Harap cek rincian investigasi di atas.
[2026-04-14T08:01:49.927Z] 
[2/884] Memproses 2025-09-20 - SMS...
[2026-04-14T08:01:50.214Z]      📡 Mengambil data dari Quinos...
[2026-04-14T08:01:53.236Z]      ✅ Jurnal Penjualan OK
[2026-04-14T08:01:53.683Z]      ✅ Jurnal Uang Masuk OK (tanggal 21/09/2025)
[2026-04-14T08:01:56.685Z] 
[3/884] Memproses 2025-09-21 - SMS...
[2026-04-14T08:01:56.847Z]      ⏭️  Jurnal Penjualan sudah ada di Accurate.
[2026-04-14T08:01:57.063Z]      ⏭️  Jurnal Uang Masuk sudah ada di Accurate.
[2026-04-14T08:01:57.064Z]      ⏭️  Semua jurnal untuk hari ini sudah selesai, dilewati tanpa memanggil API Quinos.
[2026-04-14T08:02:00.065Z] 
[4/884] Memproses 2025-09-22 - SMS...
[2026-04-14T08:02:00.249Z]      ⏭️  Jurnal Penjualan sudah ada di Accurate.
[2026-04-14T08:02:00.435Z]      ⏭️  Jurnal Uang Masuk sudah ada di Accurate.
[2026-04-14T08:02:00.435Z]      ⏭️  Semua jurnal untuk hari ini sudah selesai, dilewati tanpa memanggil API Quinos.
[2026-04-14T08:02:03.436Z] 
[5/884] Memproses 2025-09-23 - SMS...
[2026-04-14T08:02:03.822Z]      ⏭️  Jurnal Penjualan sudah ada di Accurate.
[2026-04-14T08:02:03.960Z]      ⏭️  Jurnal Uang Masuk sudah ada di Accurate.
[2026-04-14T08:02:03.960Z]      ⏭️  Semua jurnal untuk hari ini sudah selesai, dilewati tanpa memanggil API Quinos.
[2026-04-14T08:02:06.962Z] 
[6/884] Memproses 2025-09-24 - SMS...
[2026-04-14T08:02:07.347Z]      ⏭️  Jurnal Penjualan sudah ada di Accurate.
[2026-04-14T08:02:07.585Z]      ⏭️  Jurnal Uang Masuk sudah ada di Accurate.
[2026-04-14T08:02:07.586Z]      ⏭️  Semua jurnal untuk hari ini sudah selesai, dilewati tanpa memanggil API Quinos.
[2026-04-14T08:02:10.587Z] 
[7/884] Memproses 2025-09-25 - SMS...
[2026-04-14T08:02:11.021Z]      ⏭️  Jurnal Penjualan sudah ada di Accurate.
[2026-04-14T08:02:11.429Z]      ⏭️  Jurnal Uang Masuk sudah ada di Accurate.
[2026-04-14T08:02:11.430Z]      ⏭️  Semua jurnal untuk hari ini sudah selesai, dilewati tanpa memanggil API Quinos.
[2026-04-14T08:02:14.431Z] 
[8/884] Memproses 2025-09-26 - SMS...
[2026-04-14T08:02:14.576Z]      ⏭️  Jurnal Penjualan sudah ada di Accurate.
[2026-04-14T08:02:14.691Z]      ⏭️  Jurnal Uang Masuk sudah ada di Accurate.
[2026-04-14T08:02:14.691Z]      ⏭️  Semua jurnal untuk hari ini sudah selesai, dilewati tanpa memanggil API Quinos.
[2026-04-14T08:02:17.694Z] 
[9/884] Memproses 2025-09-27 - SMS...
[2026-04-14T08:02:22.767Z]      ⏭️  Jurnal Penjualan sudah ada di Accurate.
[2026-04-14T08:02:22.977Z]      ⏭️  Jurnal Uang Masuk sudah ada di Accurate.
[2026-04-14T08:02:22.977Z]      ⏭️  Semua jurnal untuk hari ini sudah selesai, dilewati tanpa memanggil API Quinos.
[2026-04-14T08:02:25.981Z] 
[10/884] Memproses 2025-09-28 - SMS...
[2026-04-14T08:02:26.211Z]      ⏭️  Jurnal Penjualan sudah ada di Accurate.
[2026-04-14T08:02:26.329Z]      ⏭️  Jurnal Uang Masuk sudah ada di Accurate.
[2026-04-14T08:02:26.329Z]      ⏭️  Semua jurnal untuk hari ini sudah selesai, dilewati tanpa memanggil API Quinos.
[2026-04-14T08:02:26.330Z] 
════════════════════════════════════════════════════════════════════════
[2026-04-14T08:02:26.330Z] === LAPORAN PROGRES [10/884 — 1%] ===
[2026-04-14T08:02:26.330Z] ────────────────────────────────────────────────────────────────────────
[2026-04-14T08:02:26.330Z]   Diproses  : 10 dari 884 (1%)
[2026-04-14T08:02:26.330Z]   ✅ Sukses  : 1
[2026-04-14T08:02:26.330Z]   ⏭️  Dilewati: 8
[2026-04-14T08:02:26.330Z]   ❌ Error   : 1
[2026-04-14T08:02:26.330Z]        • Jurnal Tidak Seimbang: 1x
[2026-04-14T08:02:26.330Z] ────────────────────────────────────────────────────────────────────────
[2026-04-14T08:02:26.331Z]   Detail Error:
[2026-04-14T08:02:26.331Z]     [2025-09-19] SMS              | Penjualan    | Jurnal Tidak Seimbang
[2026-04-14T08:02:26.331Z] ════════════════════════════════════════════════════════════════════════

[2026-04-14T08:02:29.332Z] 
[11/884] Memproses 2025-09-29 - SMS...
[2026-04-14T08:02:29.509Z]      ⏭️  Jurnal Penjualan sudah ada di Accurate.
[2026-04-14T08:02:29.620Z]      ⏭️  Jurnal Uang Masuk sudah ada di Accurate.
[2026-04-14T08:02:29.620Z]      ⏭️  Semua jurnal untuk hari ini sudah selesai, dilewati tanpa memanggil API Quinos.
[2026-04-14T08:02:32.622Z] 
[12/884] Memproses 2025-09-30 - SMS...
[2026-04-14T08:02:32.864Z]      ⏭️  Jurnal Penjualan sudah ada di Accurate.
[2026-04-14T08:02:32.976Z]      ⏭️  Jurnal Uang Masuk sudah ada di Accurate.
[2026-04-14T08:02:32.976Z]      ⏭️  Semua jurnal untuk hari ini sudah selesai, dilewati tanpa memanggil API Quinos.
[2026-04-14T08:02:35.979Z] 
[13/884] Memproses 2025-10-01 - SMS...
[2026-04-14T08:02:36.149Z]      ⏭️  Jurnal Penjualan sudah ada di Accurate.
[2026-04-14T08:02:36.318Z]      ⏭️  Jurnal Uang Masuk sudah ada di Accurate.
[2026-04-14T08:02:36.318Z]      ⏭️  Semua jurnal untuk hari ini sudah selesai, dilewati tanpa memanggil API Quinos.
[2026-04-14T08:02:39.321Z] 
[14/884] Memproses 2025-10-02 - SMS...
[2026-04-14T08:02:39.489Z]      ⏭️  Jurnal Penjualan sudah ada di Accurate.
[2026-04-14T08:02:39.607Z]      ⏭️  Jurnal Uang Masuk sudah ada di Accurate.
[2026-04-14T08:02:39.607Z]      ⏭️  Semua jurnal untuk hari ini sudah selesai, dilewati tanpa memanggil API Quinos.
[2026-04-14T08:02:42.610Z] 
[15/884] Memproses 2025-10-03 - SMS...
[2026-04-14T08:02:43.048Z]      ⏭️  Jurnal Penjualan sudah ada di Accurate.
[2026-04-14T08:02:43.293Z]      ⏭️  Jurnal Uang Masuk sudah ada di Accurate.
[2026-04-14T08:02:43.293Z]      ⏭️  Semua jurnal untuk hari ini sudah selesai, dilewati tanpa memanggil API Quinos.
[2026-04-14T08:02:46.296Z] 
[16/884] Memproses 2025-10-04 - SMS...
[2026-04-14T08:02:46.460Z]      ⏭️  Jurnal Penjualan sudah ada di Accurate.
[2026-04-14T08:02:47.343Z]      ⏭️  Jurnal Uang Masuk sudah ada di Accurate.
[2026-04-14T08:02:47.343Z]      ⏭️  Semua jurnal untuk hari ini sudah selesai, dilewati tanpa memanggil API Quinos.
[2026-04-14T08:02:50.345Z] 
[17/884] Memproses 2025-10-05 - SMS...
[2026-04-14T08:02:50.570Z]      ⏭️  Jurnal Penjualan sudah ada di Accurate.
[2026-04-14T08:02:50.703Z]      ⏭️  Jurnal Uang Masuk sudah ada di Accurate.
[2026-04-14T08:02:50.703Z]      ⏭️  Semua jurnal untuk hari ini sudah selesai, dilewati tanpa memanggil API Quinos.
[2026-04-14T08:02:53.705Z] 
[18/884] Memproses 2025-10-06 - SMS...
[2026-04-14T08:02:53.857Z]      ⏭️  Jurnal Penjualan sudah ada di Accurate.
[2026-04-14T08:02:54.084Z]      ⏭️  Jurnal Uang Masuk sudah ada di Accurate.
[2026-04-14T08:02:54.085Z]      ⏭️  Semua jurnal untuk hari ini sudah selesai, dilewati tanpa memanggil API Quinos.
[2026-04-14T08:02:57.087Z] 
[19/884] Memproses 2025-10-07 - SMS...
[2026-04-14T08:02:57.306Z]      ⏭️  Jurnal Penjualan sudah ada di Accurate.
[2026-04-14T08:02:57.447Z]      ⏭️  Jurnal Uang Masuk sudah ada di Accurate.
[2026-04-14T08:02:57.448Z]      ⏭️  Semua jurnal untuk hari ini sudah selesai, dilewati tanpa memanggil API Quinos.
[2026-04-14T08:03:00.449Z] 
[20/884] Memproses 2025-10-08 - SMS...
[2026-04-14T08:03:00.639Z]      ⏭️  Jurnal Penjualan sudah ada di Accurate.
[2026-04-14T08:03:00.766Z]      ⏭️  Jurnal Uang Masuk sudah ada di Accurate.
[2026-04-14T08:03:00.767Z]      ⏭️  Semua jurnal untuk hari ini sudah selesai, dilewati tanpa memanggil API Quinos.
[2026-04-14T08:03:00.767Z] 
════════════════════════════════════════════════════════════════════════
[2026-04-14T08:03:00.767Z] === LAPORAN PROGRES [20/884 — 2%] ===
[2026-04-14T08:03:00.767Z] ────────────────────────────────────────────────────────────────────────
[2026-04-14T08:03:00.767Z]   Diproses  : 20 dari 884 (2%)
[2026-04-14T08:03:00.767Z]   ✅ Sukses  : 1
[2026-04-14T08:03:00.767Z]   ⏭️  Dilewati: 18
[2026-04-14T08:03:00.767Z]   ❌ Error   : 1
[2026-04-14T08:03:00.767Z]        • Jurnal Tidak Seimbang: 1x
[2026-04-14T08:03:00.767Z] ────────────────────────────────────────────────────────────────────────
[2026-04-14T08:03:00.767Z]   Detail Error:
[2026-04-14T08:03:00.767Z]     [2025-09-19] SMS              | Penjualan    | Jurnal Tidak Seimbang
[2026-04-14T08:03:00.768Z] ════════════════════════════════════════════════════════════════════════

[2026-04-14T08:03:03.770Z] 
[21/884] Memproses 2025-10-09 - SMS...
[2026-04-14T08:03:03.945Z]      ⏭️  Jurnal Penjualan sudah ada di Accurate.
[2026-04-14T08:03:04.088Z]      ⏭️  Jurnal Uang Masuk sudah ada di Accurate.
[2026-04-14T08:03:04.088Z]      ⏭️  Semua jurnal untuk hari ini sudah selesai, dilewati tanpa memanggil API Quinos.
[2026-04-14T08:03:07.091Z] 
[22/884] Memproses 2025-10-10 - SMS...
[2026-04-14T08:03:07.259Z]      ⏭️  Jurnal Penjualan sudah ada di Accurate.
[2026-04-14T08:03:07.391Z]      ⏭️  Jurnal Uang Masuk sudah ada di Accurate.
[2026-04-14T08:03:07.391Z]      ⏭️  Semua jurnal untuk hari ini sudah selesai, dilewati tanpa memanggil API Quinos.
[2026-04-14T08:03:10.393Z] 
[23/884] Memproses 2025-10-11 - SMS...
[2026-04-14T08:03:11.100Z]      ⏭️  Jurnal Penjualan sudah ada di Accurate.
[2026-04-14T08:03:11.427Z]      ⏭️  Jurnal Uang Masuk sudah ada di Accurate.
[2026-04-14T08:03:11.427Z]      ⏭️  Semua jurnal untuk hari ini sudah selesai, dilewati tanpa memanggil API Quinos.
[2026-04-14T08:03:14.429Z] 
[24/884] Memproses 2025-10-12 - SMS...
[2026-04-14T08:03:14.584Z]      ⏭️  Jurnal Penjualan sudah ada di Accurate.
[2026-04-14T08:03:14.724Z]      ⏭️  Jurnal Uang Masuk sudah ada di Accurate.
[2026-04-14T08:03:14.724Z]      ⏭️  Semua jurnal untuk hari ini sudah selesai, dilewati tanpa memanggil API Quinos.
[2026-04-14T08:03:17.726Z] 
[25/884] Memproses 2025-10-13 - SMS...
[2026-04-14T08:03:18.197Z]      ⏭️  Jurnal Penjualan sudah ada di Accurate.
[2026-04-14T08:03:18.333Z]      ⏭️  Jurnal Uang Masuk sudah ada di Accurate.
[2026-04-14T08:03:18.333Z]      ⏭️  Semua jurnal untuk hari ini sudah selesai, dilewati tanpa memanggil API Quinos.
[2026-04-14T08:03:21.334Z] 
[26/884] Memproses 2025-10-14 - SMS...
[2026-04-14T08:03:21.490Z]      ⏭️  Jurnal Penjualan sudah ada di Accurate.
[2026-04-14T08:03:21.662Z]      ⏭️  Jurnal Uang Masuk sudah ada di Accurate.
[2026-04-14T08:03:21.662Z]      ⏭️  Semua jurnal untuk hari ini sudah selesai, dilewati tanpa memanggil API Quinos.
[2026-04-14T08:03:24.664Z] 
[27/884] Memproses 2025-10-15 - SMS...
[2026-04-14T08:03:24.829Z]      ⏭️  Jurnal Penjualan sudah ada di Accurate.
[2026-04-14T08:03:24.960Z]      ⏭️  Jurnal Uang Masuk sudah ada di Accurate.
[2026-04-14T08:03:24.960Z]      ⏭️  Semua jurnal untuk hari ini sudah selesai, dilewati tanpa memanggil API Quinos.
[2026-04-14T08:03:27.964Z] 
[28/884] Memproses 2025-10-16 - SMS...
[2026-04-14T08:03:28.221Z]      ⏭️  Jurnal Penjualan sudah ada di Accurate.
[2026-04-14T08:03:28.344Z]      ⏭️  Jurnal Uang Masuk sudah ada di Accurate.
[2026-04-14T08:03:28.344Z]      ⏭️  Semua jurnal untuk hari ini sudah selesai, dilewati tanpa memanggil API Quinos.
[2026-04-14T08:03:31.345Z] 
[29/884] Memproses 2025-10-17 - SMS...
[2026-04-14T08:03:31.684Z]      ⏭️  Jurnal Penjualan sudah ada di Accurate.
[2026-04-14T08:03:31.884Z]      ⏭️  Jurnal Uang Masuk sudah ada di Accurate.
[2026-04-14T08:03:31.884Z]      ⏭️  Semua jurnal untuk hari ini sudah selesai, dilewati tanpa memanggil API Quinos.
[2026-04-14T08:03:34.886Z] 
[30/884] Memproses 2025-10-18 - SMS...
[2026-04-14T08:03:35.062Z]      ⏭️  Jurnal Penjualan sudah ada di Accurate.
[2026-04-14T08:03:35.164Z]      ⏭️  Jurnal Uang Masuk sudah ada di Accurate.
[2026-04-14T08:03:35.164Z]      ⏭️  Semua jurnal untuk hari ini sudah selesai, dilewati tanpa memanggil API Quinos.
[2026-04-14T08:03:35.164Z] 
════════════════════════════════════════════════════════════════════════
[2026-04-14T08:03:35.165Z] === LAPORAN PROGRES [30/884 — 3%] ===
[2026-04-14T08:03:35.165Z] ────────────────────────────────────────────────────────────────────────
[2026-04-14T08:03:35.165Z]   Diproses  : 30 dari 884 (3%)
[2026-04-14T08:03:35.165Z]   ✅ Sukses  : 1
[2026-04-14T08:03:35.165Z]   ⏭️  Dilewati: 28
[2026-04-14T08:03:35.165Z]   ❌ Error   : 1
[2026-04-14T08:03:35.165Z]        • Jurnal Tidak Seimbang: 1x
[2026-04-14T08:03:35.165Z] ────────────────────────────────────────────────────────────────────────
[2026-04-14T08:03:35.165Z]   Detail Error:
[2026-04-14T08:03:35.165Z]     [2025-09-19] SMS              | Penjualan    | Jurnal Tidak Seimbang
[2026-04-14T08:03:35.165Z] ════════════════════════════════════════════════════════════════════════

[2026-04-14T08:03:38.168Z] 
[31/884] Memproses 2025-10-19 - SMS...
[2026-04-14T08:03:38.315Z]      ⏭️  Jurnal Penjualan sudah ada di Accurate.
[2026-04-14T08:03:38.482Z]      ⏭️  Jurnal Uang Masuk sudah ada di Accurate.
[2026-04-14T08:03:38.482Z]      ⏭️  Semua jurnal untuk hari ini sudah selesai, dilewati tanpa memanggil API Quinos.
[2026-04-14T08:03:41.485Z] 
[32/884] Memproses 2025-10-20 - SMS...
[2026-04-14T08:03:41.667Z]      ⏭️  Jurnal Penjualan sudah ada di Accurate.
[2026-04-14T08:03:41.894Z]      ⏭️  Jurnal Uang Masuk sudah ada di Accurate.
[2026-04-14T08:03:41.895Z]      ⏭️  Semua jurnal untuk hari ini sudah selesai, dilewati tanpa memanggil API Quinos.
[2026-04-14T08:03:44.896Z] 
[33/884] Memproses 2025-10-21 - SMS...
[2026-04-14T08:03:45.176Z]      ⏭️  Jurnal Penjualan sudah ada di Accurate.
[2026-04-14T08:03:45.314Z]      ⏭️  Jurnal Uang Masuk sudah ada di Accurate.
[2026-04-14T08:03:45.315Z]      ⏭️  Semua jurnal untuk hari ini sudah selesai, dilewati tanpa memanggil API Quinos.
[2026-04-14T08:03:48.315Z] 
[34/884] Memproses 2025-10-22 - SMS...
[2026-04-14T08:03:48.465Z]      ⏭️  Jurnal Penjualan sudah ada di Accurate.
[2026-04-14T08:03:48.680Z]      ⏭️  Jurnal Uang Masuk sudah ada di Accurate.
[2026-04-14T08:03:48.680Z]      ⏭️  Semua jurnal untuk hari ini sudah selesai, dilewati tanpa memanggil API Quinos.
[2026-04-14T08:03:51.682Z] 
[35/884] Memproses 2025-10-23 - SMS...
[2026-04-14T08:03:51.860Z]      ⏭️  Jurnal Penjualan sudah ada di Accurate.
[2026-04-14T08:03:51.998Z]      ⏭️  Jurnal Uang Masuk sudah ada di Accurate.
[2026-04-14T08:03:51.998Z]      ⏭️  Semua jurnal untuk hari ini sudah selesai, dilewati tanpa memanggil API Quinos.
[2026-04-14T08:03:55.002Z] 
[36/884] Memproses 2025-10-24 - SMS...
[2026-04-14T08:03:55.155Z]      ⏭️  Jurnal Penjualan sudah ada di Accurate.
[2026-04-14T08:03:55.282Z]      ⏭️  Jurnal Uang Masuk sudah ada di Accurate.
[2026-04-14T08:03:55.282Z]      ⏭️  Semua jurnal untuk hari ini sudah selesai, dilewati tanpa memanggil API Quinos.
[2026-04-14T08:03:58.284Z] 
[37/884] Memproses 2025-10-25 - SMS...
[2026-04-14T08:03:58.439Z]      ⏭️  Jurnal Penjualan sudah ada di Accurate.
[2026-04-14T08:03:58.634Z]      ⏭️  Jurnal Uang Masuk sudah ada di Accurate.
[2026-04-14T08:03:58.634Z]      ⏭️  Semua jurnal untuk hari ini sudah selesai, dilewati tanpa memanggil API Quinos.
[2026-04-14T08:04:01.636Z] 
[38/884] Memproses 2025-10-26 - SMS...
[2026-04-14T08:04:01.869Z]      ⏭️  Jurnal Penjualan sudah ada di Accurate.
[2026-04-14T08:04:01.985Z]      ⏭️  Jurnal Uang Masuk sudah ada di Accurate.
[2026-04-14T08:04:01.985Z]      ⏭️  Semua jurnal untuk hari ini sudah selesai, dilewati tanpa memanggil API Quinos.
[2026-04-14T08:04:04.987Z] 
[39/884] Memproses 2025-10-27 - SMS...
[2026-04-14T08:04:05.202Z]      ⏭️  Jurnal Penjualan sudah ada di Accurate.
[2026-04-14T08:04:05.400Z]      ⏭️  Jurnal Uang Masuk sudah ada di Accurate.
[2026-04-14T08:04:05.400Z]      ⏭️  Semua jurnal untuk hari ini sudah selesai, dilewati tanpa memanggil API Quinos.
[2026-04-14T08:04:08.402Z] 
[40/884] Memproses 2025-10-28 - SMS...
[2026-04-14T08:04:08.569Z]      ⏭️  Jurnal Penjualan sudah ada di Accurate.
[2026-04-14T08:04:08.695Z]      ⏭️  Jurnal Uang Masuk sudah ada di Accurate.
[2026-04-14T08:04:08.695Z]      ⏭️  Semua jurnal untuk hari ini sudah selesai, dilewati tanpa memanggil API Quinos.
[2026-04-14T08:04:08.695Z] 
════════════════════════════════════════════════════════════════════════
[2026-04-14T08:04:08.695Z] === LAPORAN PROGRES [40/884 — 5%] ===
[2026-04-14T08:04:08.695Z] ────────────────────────────────────────────────────────────────────────
[2026-04-14T08:04:08.695Z]   Diproses  : 40 dari 884 (5%)
[2026-04-14T08:04:08.695Z]   ✅ Sukses  : 1
[2026-04-14T08:04:08.695Z]   ⏭️  Dilewati: 38
[2026-04-14T08:04:08.695Z]   ❌ Error   : 1
[2026-04-14T08:04:08.695Z]        • Jurnal Tidak Seimbang: 1x
[2026-04-14T08:04:08.695Z] ────────────────────────────────────────────────────────────────────────
[2026-04-14T08:04:08.695Z]   Detail Error:
[2026-04-14T08:04:08.696Z]     [2025-09-19] SMS              | Penjualan    | Jurnal Tidak Seimbang
[2026-04-14T08:04:08.697Z] ════════════════════════════════════════════════════════════════════════

[2026-04-14T08:04:11.698Z] 
[41/884] Memproses 2025-10-29 - SMS...
[2026-04-14T08:04:11.868Z]      ⏭️  Jurnal Penjualan sudah ada di Accurate.
[2026-04-14T08:04:12.079Z]      ⏭️  Jurnal Uang Masuk sudah ada di Accurate.
[2026-04-14T08:04:12.080Z]      ⏭️  Semua jurnal untuk hari ini sudah selesai, dilewati tanpa memanggil API Quinos.
[2026-04-14T08:04:15.082Z] 
[42/884] Memproses 2025-10-30 - SMS...
[2026-04-14T08:04:15.332Z]      ⏭️  Jurnal Penjualan sudah ada di Accurate.
[2026-04-14T08:04:15.542Z]      ⏭️  Jurnal Uang Masuk sudah ada di Accurate.
[2026-04-14T08:04:15.542Z]      ⏭️  Semua jurnal untuk hari ini sudah selesai, dilewati tanpa memanggil API Quinos.
[2026-04-14T08:04:18.544Z] 
[43/884] Memproses 2025-10-31 - SMS...
[2026-04-14T08:04:18.726Z]      ⏭️  Jurnal Penjualan sudah ada di Accurate.
[2026-04-14T08:04:18.849Z]      ⏭️  Jurnal Uang Masuk sudah ada di Accurate.
[2026-04-14T08:04:18.849Z]      ⏭️  Semua jurnal untuk hari ini sudah selesai, dilewati tanpa memanggil API Quinos.
[2026-04-14T08:04:21.851Z] 
[44/884] Memproses 2025-11-01 - SMS...
[2026-04-14T08:04:22.082Z]      ⏭️  Jurnal Penjualan sudah ada di Accurate.
[2026-04-14T08:04:22.229Z]      ⏭️  Jurnal Uang Masuk sudah ada di Accurate.
[2026-04-14T08:04:22.229Z]      ⏭️  Semua jurnal untuk hari ini sudah selesai, dilewati tanpa memanggil API Quinos.
[2026-04-14T08:04:25.232Z] 
[45/884] Memproses 2025-11-02 - SMS...
[2026-04-14T08:04:26.003Z]      ⏭️  Jurnal Penjualan sudah ada di Accurate.
[2026-04-14T08:04:26.113Z]      ⏭️  Jurnal Uang Masuk sudah ada di Accurate.
[2026-04-14T08:04:26.113Z]      ⏭️  Semua jurnal untuk hari ini sudah selesai, dilewati tanpa memanggil API Quinos.
[2026-04-14T08:04:29.115Z] 
[46/884] Memproses 2025-11-03 - SMS...
[2026-04-14T08:04:29.270Z]      ⏭️  Jurnal Penjualan sudah ada di Accurate.
[2026-04-14T08:04:29.394Z]      ⏭️  Jurnal Uang Masuk sudah ada di Accurate.
[2026-04-14T08:04:29.395Z]      ⏭️  Semua jurnal untuk hari ini sudah selesai, dilewati tanpa memanggil API Quinos.
[2026-04-14T08:04:32.396Z] 
[47/884] Memproses 2025-11-04 - SMS...
[2026-04-14T08:04:32.531Z]      ⏭️  Jurnal Penjualan sudah ada di Accurate.
[2026-04-14T08:04:32.736Z]      ⏭️  Jurnal Uang Masuk sudah ada di Accurate.
[2026-04-14T08:04:32.736Z]      ⏭️  Semua jurnal untuk hari ini sudah selesai, dilewati tanpa memanggil API Quinos.
[2026-04-14T08:04:35.738Z] 
[48/884] Memproses 2025-11-05 - SMS...
[2026-04-14T08:04:35.975Z]      ⏭️  Jurnal Penjualan sudah ada di Accurate.
[2026-04-14T08:04:36.164Z]      ⏭️  Jurnal Uang Masuk sudah ada di Accurate.
[2026-04-14T08:04:36.164Z]      ⏭️  Semua jurnal untuk hari ini sudah selesai, dilewati tanpa memanggil API Quinos.
[2026-04-14T08:04:39.167Z] 
[49/884] Memproses 2025-11-06 - SMS...
[2026-04-14T08:04:39.404Z]      ⏭️  Jurnal Penjualan sudah ada di Accurate.
[2026-04-14T08:04:39.517Z]      ⏭️  Jurnal Uang Masuk sudah ada di Accurate.
[2026-04-14T08:04:39.517Z]      ⏭️  Semua jurnal untuk hari ini sudah selesai, dilewati tanpa memanggil API Quinos.
[2026-04-14T08:04:42.519Z] 
[50/884] Memproses 2025-11-07 - SMS...
[2026-04-14T08:04:42.672Z]      ⏭️  Jurnal Penjualan sudah ada di Accurate.
[2026-04-14T08:04:42.791Z]      ⏭️  Jurnal Uang Masuk sudah ada di Accurate.
[2026-04-14T08:04:42.792Z]      ⏭️  Semua jurnal untuk hari ini sudah selesai, dilewati tanpa memanggil API Quinos.
[2026-04-14T08:04:42.792Z] 
════════════════════════════════════════════════════════════════════════
[2026-04-14T08:04:42.792Z] === LAPORAN PROGRES [50/884 — 6%] ===
[2026-04-14T08:04:42.792Z] ────────────────────────────────────────────────────────────────────────
[2026-04-14T08:04:42.792Z]   Diproses  : 50 dari 884 (6%)
[2026-04-14T08:04:42.792Z]   ✅ Sukses  : 1
[2026-04-14T08:04:42.792Z]   ⏭️  Dilewati: 48
[2026-04-14T08:04:42.792Z]   ❌ Error   : 1
[2026-04-14T08:04:42.792Z]        • Jurnal Tidak Seimbang: 1x
[2026-04-14T08:04:42.792Z] ────────────────────────────────────────────────────────────────────────
[2026-04-14T08:04:42.792Z]   Detail Error:
[2026-04-14T08:04:42.792Z]     [2025-09-19] SMS              | Penjualan    | Jurnal Tidak Seimbang
[2026-04-14T08:04:42.793Z] ════════════════════════════════════════════════════════════════════════

[2026-04-14T08:04:45.794Z] 
[51/884] Memproses 2025-11-08 - SMS...
[2026-04-14T08:04:45.952Z]      ⏭️  Jurnal Penjualan sudah ada di Accurate.
[2026-04-14T08:04:46.148Z]      ⏭️  Jurnal Uang Masuk sudah ada di Accurate.
[2026-04-14T08:04:46.148Z]      ⏭️  Semua jurnal untuk hari ini sudah selesai, dilewati tanpa memanggil API Quinos.
[2026-04-14T08:04:49.151Z] 
[52/884] Memproses 2025-11-09 - SMS...
[2026-04-14T08:04:49.314Z]      ⏭️  Jurnal Penjualan sudah ada di Accurate.
[2026-04-14T08:04:49.427Z]      ⏭️  Jurnal Uang Masuk sudah ada di Accurate.
[2026-04-14T08:04:49.427Z]      ⏭️  Semua jurnal untuk hari ini sudah selesai, dilewati tanpa memanggil API Quinos.
[2026-04-14T08:04:52.429Z] 
[53/884] Memproses 2025-11-10 - SMS...
[2026-04-14T08:04:52.590Z]      ⏭️  Jurnal Penjualan sudah ada di Accurate.
[2026-04-14T08:04:52.751Z]      ⏭️  Jurnal Uang Masuk sudah ada di Accurate.
[2026-04-14T08:04:52.751Z]      ⏭️  Semua jurnal untuk hari ini sudah selesai, dilewati tanpa memanggil API Quinos.
[2026-04-14T08:04:55.752Z] 
[54/884] Memproses 2025-11-11 - SMS...
[2026-04-14T08:04:55.938Z]      ⏭️  Jurnal Penjualan sudah ada di Accurate.
[2026-04-14T08:04:56.074Z]      ⏭️  Jurnal Uang Masuk sudah ada di Accurate.
[2026-04-14T08:04:56.074Z]      ⏭️  Semua jurnal untuk hari ini sudah selesai, dilewati tanpa memanggil API Quinos.
[2026-04-14T08:04:59.076Z] 
[55/884] Memproses 2025-11-12 - SMS...
[2026-04-14T08:04:59.246Z]      ⏭️  Jurnal Penjualan sudah ada di Accurate.
[2026-04-14T08:04:59.388Z]      ⏭️  Jurnal Uang Masuk sudah ada di Accurate.
[2026-04-14T08:04:59.388Z]      ⏭️  Semua jurnal untuk hari ini sudah selesai, dilewati tanpa memanggil API Quinos.
[2026-04-14T08:05:02.389Z] 
[56/884] Memproses 2025-11-13 - SMS...
[2026-04-14T08:05:02.557Z]      ⏭️  Jurnal Penjualan sudah ada di Accurate.
[2026-04-14T08:05:02.676Z]      ⏭️  Jurnal Uang Masuk sudah ada di Accurate.
[2026-04-14T08:05:02.676Z]      ⏭️  Semua jurnal untuk hari ini sudah selesai, dilewati tanpa memanggil API Quinos.
[2026-04-14T08:05:05.679Z] 
[57/884] Memproses 2025-11-14 - SMS...
[2026-04-14T08:05:05.813Z]      ⏭️  Jurnal Penjualan sudah ada di Accurate.
[2026-04-14T08:05:05.943Z]      ⏭️  Jurnal Uang Masuk sudah ada di Accurate.
[2026-04-14T08:05:05.943Z]      ⏭️  Semua jurnal untuk hari ini sudah selesai, dilewati tanpa memanggil API Quinos.
[2026-04-14T08:05:08.944Z] 
[58/884] Memproses 2025-11-15 - SMS...
[2026-04-14T08:05:09.147Z]      ⏭️  Jurnal Penjualan sudah ada di Accurate.
[2026-04-14T08:05:09.381Z]      ⏭️  Jurnal Uang Masuk sudah ada di Accurate.
[2026-04-14T08:05:09.381Z]      ⏭️  Semua jurnal untuk hari ini sudah selesai, dilewati tanpa memanggil API Quinos.
[2026-04-14T08:05:12.382Z] 
[59/884] Memproses 2025-11-16 - SMS...
[2026-04-14T08:05:12.532Z]      ⏭️  Jurnal Penjualan sudah ada di Accurate.
[2026-04-14T08:05:12.640Z]      ⏭️  Jurnal Uang Masuk sudah ada di Accurate.
[2026-04-14T08:05:12.640Z]      ⏭️  Semua jurnal untuk hari ini sudah selesai, dilewati tanpa memanggil API Quinos.
[2026-04-14T08:05:15.641Z] 
[60/884] Memproses 2025-11-17 - SMS...
[2026-04-14T08:05:15.929Z]      ⏭️  Jurnal Penjualan sudah ada di Accurate.
[2026-04-14T08:05:16.081Z]      ⏭️  Jurnal Uang Masuk sudah ada di Accurate.
[2026-04-14T08:05:16.081Z]      ⏭️  Semua jurnal untuk hari ini sudah selesai, dilewati tanpa memanggil API Quinos.
[2026-04-14T08:05:16.081Z] 
════════════════════════════════════════════════════════════════════════
[2026-04-14T08:05:16.081Z] === LAPORAN PROGRES [60/884 — 7%] ===
[2026-04-14T08:05:16.081Z] ────────────────────────────────────────────────────────────────────────
[2026-04-14T08:05:16.081Z]   Diproses  : 60 dari 884 (7%)
[2026-04-14T08:05:16.081Z]   ✅ Sukses  : 1
[2026-04-14T08:05:16.081Z]   ⏭️  Dilewati: 58
[2026-04-14T08:05:16.081Z]   ❌ Error   : 1
[2026-04-14T08:05:16.081Z]        • Jurnal Tidak Seimbang: 1x
[2026-04-14T08:05:16.081Z] ────────────────────────────────────────────────────────────────────────
[2026-04-14T08:05:16.081Z]   Detail Error:
[2026-04-14T08:05:16.081Z]     [2025-09-19] SMS              | Penjualan    | Jurnal Tidak Seimbang
[2026-04-14T08:05:16.081Z] ════════════════════════════════════════════════════════════════════════

[2026-04-14T08:05:19.083Z] 
[61/884] Memproses 2025-11-18 - SMS...
[2026-04-14T08:05:19.319Z]      ⏭️  Jurnal Penjualan sudah ada di Accurate.
[2026-04-14T08:05:19.449Z]      ⏭️  Jurnal Uang Masuk sudah ada di Accurate.
[2026-04-14T08:05:19.449Z]      ⏭️  Semua jurnal untuk hari ini sudah selesai, dilewati tanpa memanggil API Quinos.
[2026-04-14T08:05:22.449Z] 
[62/884] Memproses 2025-11-19 - SMS...
[2026-04-14T08:05:22.692Z]      ⏭️  Jurnal Penjualan sudah ada di Accurate.
[2026-04-14T08:05:22.911Z]      ⏭️  Jurnal Uang Masuk sudah ada di Accurate.
[2026-04-14T08:05:22.911Z]      ⏭️  Semua jurnal untuk hari ini sudah selesai, dilewati tanpa memanggil API Quinos.
[2026-04-14T08:05:25.912Z] 
[63/884] Memproses 2025-11-20 - SMS...
[2026-04-14T08:05:26.068Z]      ⏭️  Jurnal Penjualan sudah ada di Accurate.
[2026-04-14T08:05:26.264Z]      ⏭️  Jurnal Uang Masuk sudah ada di Accurate.
[2026-04-14T08:05:26.264Z]      ⏭️  Semua jurnal untuk hari ini sudah selesai, dilewati tanpa memanggil API Quinos.
[2026-04-14T08:05:29.266Z] 
[64/884] Memproses 2025-11-21 - SMS...
[2026-04-14T08:05:29.427Z]      ⏭️  Jurnal Penjualan sudah ada di Accurate.
[2026-04-14T08:05:29.564Z]      ⏭️  Jurnal Uang Masuk sudah ada di Accurate.
[2026-04-14T08:05:29.564Z]      ⏭️  Semua jurnal untuk hari ini sudah selesai, dilewati tanpa memanggil API Quinos.
[2026-04-14T08:05:32.566Z] 
[65/884] Memproses 2025-11-22 - SMS...
[2026-04-14T08:05:32.717Z]      ⏭️  Jurnal Penjualan sudah ada di Accurate.
[2026-04-14T08:05:32.996Z]      ⏭️  Jurnal Uang Masuk sudah ada di Accurate.
[2026-04-14T08:05:32.997Z]      ⏭️  Semua jurnal untuk hari ini sudah selesai, dilewati tanpa memanggil API Quinos.
[2026-04-14T08:05:35.998Z] 
[66/884] Memproses 2025-11-23 - SMS...
[2026-04-14T08:05:36.231Z]      ⏭️  Jurnal Penjualan sudah ada di Accurate.
[2026-04-14T08:05:36.371Z]      ⏭️  Jurnal Uang Masuk sudah ada di Accurate.
[2026-04-14T08:05:36.371Z]      ⏭️  Semua jurnal untuk hari ini sudah selesai, dilewati tanpa memanggil API Quinos.
[2026-04-14T08:05:39.371Z] 
[67/884] Memproses 2025-11-24 - SMS...
[2026-04-14T08:05:39.522Z]      ⏭️  Jurnal Penjualan sudah ada di Accurate.
[2026-04-14T08:05:39.635Z]      ⏭️  Jurnal Uang Masuk sudah ada di Accurate.
[2026-04-14T08:05:39.635Z]      ⏭️  Semua jurnal untuk hari ini sudah selesai, dilewati tanpa memanggil API Quinos.


[1/884] Memproses 2025-09-19 - SMS...
[2026-04-14T08:07:10.107Z]      📡 Mengambil data dari Quinos...
[2026-04-14T08:07:13.175Z] 
     🛑 [INVESTIGASI] KETIDAKSEIMBANGAN TERDETEKSI (> 15.000)
[2026-04-14T08:07:13.175Z]      Tanggal: 2025-09-19 | Toko: SMS
[2026-04-14T08:07:13.202Z]      Total Penjualan (POS Quinos): Rp 678.245
[2026-04-14T08:07:13.202Z]      Total Pembayaran (POS Quinos): Rp 508.145
[2026-04-14T08:07:13.202Z]      Selisih Jurnal: Rp 150.000
[2026-04-14T08:07:13.202Z]      --------------------------------------------------
[2026-04-14T08:07:13.202Z]      [ANALISA PEMBAYARAN VS BANK]
[2026-04-14T08:07:13.202Z]      - KREDIT BCA: POS (Rp 112.285) vs Bank (Rp 110.039) | Selisih: Rp 2.246
[2026-04-14T08:07:13.202Z]      - DEBIT BCA : POS (Rp 0) vs Bank (Rp 0) | Selisih: Rp 0
[2026-04-14T08:07:13.202Z]      - QRIS BCA  : POS (Rp 333.460) vs Bank (Rp 331.125,79) | Selisih: Rp 2.334,21
[2026-04-14T08:07:13.202Z]      --------------------------------------------------
[2026-04-14T08:07:13.202Z]      [SEMUA DATA PEMBAYARAN DARI QUINOS]
[2026-04-14T08:07:13.202Z]      - qris                          : Rp 333.460
[2026-04-14T08:07:13.202Z]      - credit_bca                    : Rp 112.285
[2026-04-14T08:07:13.202Z]      - ovo                           : Rp 62.400
[2026-04-14T08:07:13.202Z]      --------------------------------------------------
[2026-04-14T08:07:13.202Z]      KESIMPULAN: Selisih Rp 150.000 ini terlalu besar untuk auto-balance.
[2026-04-14T08:07:13.202Z]      KEMUNGKINAN: Kasir salah input tipe pembayaran di Quinos, atau ada transaksi Quinos yang belum di-input (Under-reporting).

[2026-04-14T08:07:13.202Z] [ERROR]      ❌ Skipped: Jurnal Penjualan tidak seimbang (Selisih Rp 150.000). Harap cek rincian investigasi di atas.
[2026-04-14T08:07:16.296Z] 
[2/884] Memproses 2025-09-20 - SMS...
[2026-04-14T08:07:16.455Z]      ⏭️  Jurnal Penjualan sudah ada di Accurate.
[2026-04-14T08:07:16.689Z]      ⏭️  Jurnal Uang Masuk sudah ada di Accurate.
[2026-04-14T08:07:16.689Z]      ⏭️  Semua jurnal untuk hari ini sudah selesai, dilewati tanpa memanggil API Quinos.
[2026-04-14T08:07:19.691Z] 
[3/884] Memproses 2025-09-21 - SMS...
[2026-04-14T08:07:19.881Z]      ⏭️  Jurnal Penjualan sudah ada di Accurate.
[2026-04-14T08:07:19.997Z]      ⏭️  Jurnal Uang Masuk sudah ada di Accurate.
[2026-04-14T08:07:19.997Z]      ⏭️  Semua jurnal untuk hari ini sudah selesai, dilewati tanpa memanggil API Quinos.


[2026-04-14T08:11:11.882Z] 
Menghubungkan ke Accurate...
[2026-04-14T08:11:13.008Z] ✅ Terhubung! Sesi: a06e43cd-cf3a-417e-a6ef-f90e75576f3f
[2026-04-14T08:11:13.008Z] Menghubungkan ke Quinos Cloud...
[2026-04-14T08:11:15.356Z] ✅ Login Quinos berhasil! Session siap digunakan.
[2026-04-14T08:11:15.356Z] 
[1/884] Memproses 2025-09-19 - SMS...
[2026-04-14T08:11:15.764Z]      📡 Mengambil data dari Quinos...
[2026-04-14T08:11:18.767Z] 
     🛑 [INVESTIGASI] KETIDAKSEIMBANGAN TERDETEKSI (> 15.000)
[2026-04-14T08:11:18.768Z]      Tanggal: 2025-09-19 | Toko: SMS
[2026-04-14T08:11:18.794Z]      Total Penjualan (POS Quinos): Rp 678.245
[2026-04-14T08:11:18.794Z]      Total Pembayaran (POS Quinos): Rp 508.145
[2026-04-14T08:11:18.794Z]      Selisih Jurnal: Rp 150.000
[2026-04-14T08:11:18.794Z]      --------------------------------------------------
[2026-04-14T08:11:18.794Z]      [ANALISA PEMBAYARAN VS BANK]
[2026-04-14T08:11:18.794Z]      - KREDIT BCA: POS (Rp 112.285) vs Bank (Rp 110.039) | Selisih: Rp 2.246
[2026-04-14T08:11:18.794Z]      - DEBIT BCA : POS (Rp 0) vs Bank (Rp 0) | Selisih: Rp 0
[2026-04-14T08:11:18.794Z]      - QRIS BCA  : POS (Rp 333.460) vs Bank (Rp 331.125,79) | Selisih: Rp 2.334,21
[2026-04-14T08:11:18.794Z]      --------------------------------------------------
[2026-04-14T08:11:18.794Z]      [SEMUA KODE PEMBAYARAN RAW DARI QUINOS]
[2026-04-14T08:11:18.794Z]      - "QRIS                        " Rp      333.460  ✓ → payment_qris
[2026-04-14T08:11:18.794Z]      - "Workshop SMS Vou            " Rp      150.000  ❌ TIDAK TERTANGKAP — cek findPayment di quinos.ts!
[2026-04-14T08:11:18.794Z]      - "CREDIT BCA                  " Rp      112.285  ✓ → payment_credit_bca
[2026-04-14T08:11:18.794Z]      - "OVO                         " Rp       62.400  ✓ → payment_ovo
[2026-04-14T08:11:18.794Z]      --------------------------------------------------
[2026-04-14T08:11:18.794Z]      KESIMPULAN: Selisih Rp 150.000 ini terlalu besar untuk auto-balance.
[2026-04-14T08:11:18.794Z]      KEMUNGKINAN: Kasir salah input tipe pembayaran di Quinos, atau ada transaksi Quinos yang belum di-input (Under-reporting).

[2026-04-14T08:11:18.794Z] [ERROR]      ❌ Skipped: Jurnal Penjualan tidak seimbang (Selisih Rp 150.000). Harap cek rincian investigasi di atas.
[2026-04-14T08:11:21.944Z] 
[2/884] Memproses 2025-09-20 - SMS...
[2026-04-14T08:11:22.191Z]      ⏭️  Jurnal Penjualan sudah ada di Accurate.
[2026-04-14T08:11:22.302Z]      ⏭️  Jurnal Uang Masuk sudah ada di Accurate.
[2026-04-14T08:11:22.302Z]      ⏭️  Semua jurnal untuk hari ini sudah selesai, dilewati tanpa memanggil API Quinos.
[2026-04-14T08:11:25.303Z] 
[3/884] Memproses 2025-09-21 - SMS...
[2026-04-14T08:11:25.461Z]      ⏭️  Jurnal Penjualan sudah ada di Accurate.
[2026-04-14T08:11:25.661Z]      ⏭️  Jurnal Uang Masuk sudah ada di Accurate.
[2026-04-14T08:11:25.661Z]      ⏭️  Semua jurnal untuk hari ini sudah selesai, dilewati tanpa memanggil API Quinos.


Menghubungkan ke Accurate...
[2026-04-14T08:19:32.108Z] ✅ Terhubung! Sesi: a06e43cd-cf3a-417e-a6ef-f90e75576f3f
[2026-04-14T08:19:32.108Z] Menghubungkan ke Quinos Cloud...
[2026-04-14T08:19:34.567Z] ✅ Login Quinos berhasil! Session siap digunakan.
[2026-04-14T08:19:34.568Z] 
[1/884] Memproses 2025-09-19 - SMS...
[2026-04-14T08:19:34.919Z]      📡 Mengambil data dari Quinos...
[2026-04-14T08:19:38.017Z]      ✅ Jurnal Penjualan OK
[2026-04-14T08:19:38.335Z]      ✅ Jurnal Uang Masuk OK (tanggal 20/09/2025)
[2026-04-14T08:19:41.337Z] 
[2/884] Memproses 2025-09-20 - SMS...
[2026-04-14T08:19:41.485Z]      ⏭️  Jurnal Penjualan sudah ada di Accurate.
[2026-04-14T08:19:41.607Z]      ⏭️  Jurnal Uang Masuk sudah ada di Accurate.
[2026-04-14T08:19:41.608Z]      ⏭️  Semua jurnal untuk hari ini sudah selesai, dilewati tanpa memanggil API Quinos.
[2026-04-14T08:19:44.609Z] 
[3/884] Memproses 2025-09-21 - SMS...
[2026-04-14T08:19:44.906Z]      ⏭️  Jurnal Penjualan sudah ada di Accurate.
[2026-04-14T08:19:45.031Z]      ⏭️  Jurnal Uang Masuk sudah ada di Accurate.
[2026-04-14T08:19:45.032Z]      ⏭️  Semua jurnal untuk hari ini sudah selesai, dilewati tanpa memanggil API Quinos.
[2026-04-14T08:19:48.034Z] 
[4/884] Memproses 2025-09-22 - SMS...
[2026-04-14T08:19:48.195Z]      ⏭️  Jurnal Penjualan sudah ada di Accurate.
[2026-04-14T08:19:48.314Z]      ⏭️  Jurnal Uang Masuk sudah ada di Accurate.
[2026-04-14T08:19:48.315Z]      ⏭️  Semua jurnal untuk hari ini sudah selesai, dilewati tanpa memanggil API Quinos.
[2026-04-14T08:19:51.318Z] 
[5/884] Memproses 2025-09-23 - SMS...
[2026-04-14T08:19:51.539Z]      ⏭️  Jurnal Penjualan sudah ada di Accurate.
[2026-04-14T08:19:51.676Z]      ⏭️  Jurnal Uang Masuk sudah ada di Accurate.
[2026-04-14T08:19:51.676Z]      ⏭️  Semua jurnal untuk hari ini sudah selesai, dilewati tanpa memanggil API Quinos.
[2026-04-14T08:19:54.679Z] 
[6/884] Memproses 2025-09-24 - SMS...
[2026-04-14T08:19:54.834Z]      ⏭️  Jurnal Penjualan sudah ada di Accurate.
[2026-04-14T08:19:54.985Z]      ⏭️  Jurnal Uang Masuk sudah ada di Accurate.
[2026-04-14T08:19:54.986Z]      ⏭️  Semua jurnal untuk hari ini sudah selesai, dilewati tanpa memanggil API Quinos.
[2026-04-14T08:19:57.987Z] 
[7/884] Memproses 2025-09-25 - SMS...
[2026-04-14T08:19:58.511Z]      ⏭️  Jurnal Penjualan sudah ada di Accurate.
[2026-04-14T08:19:58.832Z]      ⏭️  Jurnal Uang Masuk sudah ada di Accurate.
[2026-04-14T08:19:58.832Z]      ⏭️  Semua jurnal untuk hari ini sudah selesai, dilewati tanpa memanggil API Quinos.
[2026-04-14T08:20:01.834Z] 
[8/884] Memproses 2025-09-26 - SMS...
[2026-04-14T08:20:02.214Z]      ⏭️  Jurnal Penjualan sudah ada di Accurate.
[2026-04-14T08:20:02.518Z]      ⏭️  Jurnal Uang Masuk sudah ada di Accurate.
[2026-04-14T08:20:02.519Z]      ⏭️  Semua jurnal untuk hari ini sudah selesai, dilewati tanpa memanggil API Quinos.
[2026-04-14T08:20:05.520Z] 
[9/884] Memproses 2025-09-27 - SMS...
[2026-04-14T08:20:05.676Z]      ⏭️  Jurnal Penjualan sudah ada di Accurate.
[2026-04-14T08:20:05.782Z]      ⏭️  Jurnal Uang Masuk sudah ada di Accurate.
[2026-04-14T08:20:05.782Z]      ⏭️  Semua jurnal untuk hari ini sudah selesai, dilewati tanpa memanggil API Quinos.
[2026-04-14T08:20:08.784Z] 
[10/884] Memproses 2025-09-28 - SMS...
[2026-04-14T08:20:08.944Z]      ⏭️  Jurnal Penjualan sudah ada di Accurate.
[2026-04-14T08:20:09.139Z]      ⏭️  Jurnal Uang Masuk sudah ada di Accurate.
[2026-04-14T08:20:09.140Z]      ⏭️  Semua jurnal untuk hari ini sudah selesai, dilewati tanpa memanggil API Quinos.
[2026-04-14T08:20:09.140Z] 
════════════════════════════════════════════════════════════════════════
[2026-04-14T08:20:09.140Z] === LAPORAN PROGRES [10/884 — 1%] ===
[2026-04-14T08:20:09.140Z] ────────────────────────────────────────────────────────────────────────
[2026-04-14T08:20:09.140Z]   Diproses  : 10 dari 884 (1%)
[2026-04-14T08:20:09.140Z]   ✅ Sukses  : 1
[2026-04-14T08:20:09.140Z]   ⏭️  Dilewati: 9
[2026-04-14T08:20:09.140Z]   ❌ Error   : 0
[2026-04-14T08:20:09.140Z] ════════════════════════════════════════════════════════════════════════

[2026-04-14T08:20:12.142Z] 
[11/884] Memproses 2025-09-29 - SMS...
[2026-04-14T08:20:12.293Z]      ⏭️  Jurnal Penjualan sudah ada di Accurate.
[2026-04-14T08:20:12.411Z]      ⏭️  Jurnal Uang Masuk sudah ada di Accurate.
[2026-04-14T08:20:12.411Z]      ⏭️  Semua jurnal untuk hari ini sudah selesai, dilewati tanpa memanggil API Quinos.
[2026-04-14T08:20:15.413Z] 
[12/884] Memproses 2025-09-30 - SMS...
[2026-04-14T08:20:15.610Z]      ⏭️  Jurnal Penjualan sudah ada di Accurate.
[2026-04-14T08:20:15.725Z]      ⏭️  Jurnal Uang Masuk sudah ada di Accurate.
[2026-04-14T08:20:15.725Z]      ⏭️  Semua jurnal untuk hari ini sudah selesai, dilewati tanpa memanggil API Quinos.
[2026-04-14T08:20:18.733Z] 
[13/884] Memproses 2025-10-01 - SMS...
[2026-04-14T08:20:18.968Z]      ⏭️  Jurnal Penjualan sudah ada di Accurate.
[2026-04-14T08:20:19.084Z]      ⏭️  Jurnal Uang Masuk sudah ada di Accurate.
[2026-04-14T08:20:19.085Z]      ⏭️  Semua jurnal untuk hari ini sudah selesai, dilewati tanpa memanggil API Quinos.
[2026-04-14T08:20:22.087Z] 
[14/884] Memproses 2025-10-02 - SMS...
[2026-04-14T08:20:22.238Z]      ⏭️  Jurnal Penjualan sudah ada di Accurate.
[2026-04-14T08:20:22.406Z]      ⏭️  Jurnal Uang Masuk sudah ada di Accurate.
[2026-04-14T08:20:22.406Z]      ⏭️  Semua jurnal untuk hari ini sudah selesai, dilewati tanpa memanggil API Quinos.
[2026-04-14T08:20:25.408Z] 
[15/884] Memproses 2025-10-03 - SMS...
[2026-04-14T08:20:25.559Z]      ⏭️  Jurnal Penjualan sudah ada di Accurate.
[2026-04-14T08:20:25.714Z]      ⏭️  Jurnal Uang Masuk sudah ada di Accurate.
[2026-04-14T08:20:25.714Z]      ⏭️  Semua jurnal untuk hari ini sudah selesai, dilewati tanpa memanggil API Quinos.
[2026-04-14T08:20:28.716Z] 
[16/884] Memproses 2025-10-04 - SMS...
[2026-04-14T08:20:29.149Z]      ⏭️  Jurnal Penjualan sudah ada di Accurate.
[2026-04-14T08:20:29.273Z]      ⏭️  Jurnal Uang Masuk sudah ada di Accurate.
[2026-04-14T08:20:29.273Z]      ⏭️  Semua jurnal untuk hari ini sudah selesai, dilewati tanpa memanggil API Quinos.
[2026-04-14T08:20:32.274Z] 
[17/884] Memproses 2025-10-05 - SMS...
[2026-04-14T08:20:32.464Z]      ⏭️  Jurnal Penjualan sudah ada di Accurate.
[2026-04-14T08:20:32.593Z]      ⏭️  Jurnal Uang Masuk sudah ada di Accurate.
[2026-04-14T08:20:32.593Z]      ⏭️  Semua jurnal untuk hari ini sudah selesai, dilewati tanpa memanggil API Quinos.
[2026-04-14T08:20:35.594Z] 
[18/884] Memproses 2025-10-06 - SMS...
[2026-04-14T08:20:35.765Z]      ⏭️  Jurnal Penjualan sudah ada di Accurate.
[2026-04-14T08:20:35.968Z]      ⏭️  Jurnal Uang Masuk sudah ada di Accurate.
[2026-04-14T08:20:35.969Z]      ⏭️  Semua jurnal untuk hari ini sudah selesai, dilewati tanpa memanggil API Quinos.
[2026-04-14T08:20:38.970Z] 
[19/884] Memproses 2025-10-07 - SMS...
[2026-04-14T08:20:39.143Z]      ⏭️  Jurnal Penjualan sudah ada di Accurate.
[2026-04-14T08:20:39.258Z]      ⏭️  Jurnal Uang Masuk sudah ada di Accurate.
[2026-04-14T08:20:39.258Z]      ⏭️  Semua jurnal untuk hari ini sudah selesai, dilewati tanpa memanggil API Quinos.
[2026-04-14T08:20:42.260Z] 
[20/884] Memproses 2025-10-08 - SMS...
[2026-04-14T08:20:42.443Z]      ⏭️  Jurnal Penjualan sudah ada di Accurate.
[2026-04-14T08:20:42.568Z]      ⏭️  Jurnal Uang Masuk sudah ada di Accurate.
[2026-04-14T08:20:42.568Z]      ⏭️  Semua jurnal untuk hari ini sudah selesai, dilewati tanpa memanggil API Quinos.
[2026-04-14T08:20:42.568Z] 
════════════════════════════════════════════════════════════════════════
[2026-04-14T08:20:42.568Z] === LAPORAN PROGRES [20/884 — 2%] ===
[2026-04-14T08:20:42.568Z] ────────────────────────────────────────────────────────────────────────
[2026-04-14T08:20:42.568Z]   Diproses  : 20 dari 884 (2%)
[2026-04-14T08:20:42.568Z]   ✅ Sukses  : 1
[2026-04-14T08:20:42.568Z]   ⏭️  Dilewati: 19
[2026-04-14T08:20:42.568Z]   ❌ Error   : 0
[2026-04-14T08:20:42.569Z] ════════════════════════════════════════════════════════════════════════

[2026-04-14T08:20:45.570Z] 
[21/884] Memproses 2025-10-09 - SMS...
[2026-04-14T08:20:45.730Z]      ⏭️  Jurnal Penjualan sudah ada di Accurate.
[2026-04-14T08:20:45.847Z]      ⏭️  Jurnal Uang Masuk sudah ada di Accurate.
[2026-04-14T08:20:45.847Z]      ⏭️  Semua jurnal untuk hari ini sudah selesai, dilewati tanpa memanggil API Quinos.
[2026-04-14T08:20:48.849Z] 
[22/884] Memproses 2025-10-10 - SMS...
[2026-04-14T08:20:49.025Z]      ⏭️  Jurnal Penjualan sudah ada di Accurate.
[2026-04-14T08:20:49.168Z]      ⏭️  Jurnal Uang Masuk sudah ada di Accurate.
[2026-04-14T08:20:49.168Z]      ⏭️  Semua jurnal untuk hari ini sudah selesai, dilewati tanpa memanggil API Quinos.
[2026-04-14T08:20:52.172Z] 
[23/884] Memproses 2025-10-11 - SMS...
[2026-04-14T08:20:52.437Z]      ⏭️  Jurnal Penjualan sudah ada di Accurate.
[2026-04-14T08:20:52.568Z]      ⏭️  Jurnal Uang Masuk sudah ada di Accurate.
[2026-04-14T08:20:52.568Z]      ⏭️  Semua jurnal untuk hari ini sudah selesai, dilewati tanpa memanggil API Quinos.
[2026-04-14T08:20:55.570Z] 
[24/884] Memproses 2025-10-12 - SMS...
[2026-04-14T08:20:55.804Z]      ⏭️  Jurnal Penjualan sudah ada di Accurate.
[2026-04-14T08:20:56.039Z]      ⏭️  Jurnal Uang Masuk sudah ada di Accurate.
[2026-04-14T08:20:56.040Z]      ⏭️  Semua jurnal untuk hari ini sudah selesai, dilewati tanpa memanggil API Quinos.
[2026-04-14T08:20:59.042Z] 
[25/884] Memproses 2025-10-13 - SMS...
[2026-04-14T08:20:59.196Z]      ⏭️  Jurnal Penjualan sudah ada di Accurate.
[2026-04-14T08:20:59.344Z]      ⏭️  Jurnal Uang Masuk sudah ada di Accurate.
[2026-04-14T08:20:59.344Z]      ⏭️  Semua jurnal untuk hari ini sudah selesai, dilewati tanpa memanggil API Quinos.
[2026-04-14T08:21:02.345Z] 
[26/884] Memproses 2025-10-14 - SMS...
[2026-04-14T08:21:02.497Z]      ⏭️  Jurnal Penjualan sudah ada di Accurate.
[2026-04-14T08:21:02.624Z]      ⏭️  Jurnal Uang Masuk sudah ada di Accurate.
[2026-04-14T08:21:02.624Z]      ⏭️  Semua jurnal untuk hari ini sudah selesai, dilewati tanpa memanggil API Quinos.
[2026-04-14T08:21:05.626Z] 
[27/884] Memproses 2025-10-15 - SMS...
[2026-04-14T08:21:05.845Z]      ⏭️  Jurnal Penjualan sudah ada di Accurate.
[2026-04-14T08:21:05.994Z]      ⏭️  Jurnal Uang Masuk sudah ada di Accurate.
[2026-04-14T08:21:05.994Z]      ⏭️  Semua jurnal untuk hari ini sudah selesai, dilewati tanpa memanggil API Quinos.
[2026-04-14T08:21:08.997Z] 
[28/884] Memproses 2025-10-16 - SMS...
[2026-04-14T08:21:09.284Z]      ⏭️  Jurnal Penjualan sudah ada di Accurate.
[2026-04-14T08:21:09.392Z]      ⏭️  Jurnal Uang Masuk sudah ada di Accurate.
[2026-04-14T08:21:09.392Z]      ⏭️  Semua jurnal untuk hari ini sudah selesai, dilewati tanpa memanggil API Quinos.
[2026-04-14T08:21:12.395Z] 
[29/884] Memproses 2025-10-17 - SMS...
[2026-04-14T08:21:12.640Z]      ⏭️  Jurnal Penjualan sudah ada di Accurate.
[2026-04-14T08:21:12.788Z]      ⏭️  Jurnal Uang Masuk sudah ada di Accurate.
[2026-04-14T08:21:12.788Z]      ⏭️  Semua jurnal untuk hari ini sudah selesai, dilewati tanpa memanggil API Quinos.
[2026-04-14T08:21:15.790Z] 
[30/884] Memproses 2025-10-18 - SMS...
[2026-04-14T08:21:15.935Z]      ⏭️  Jurnal Penjualan sudah ada di Accurate.
[2026-04-14T08:21:16.102Z]      ⏭️  Jurnal Uang Masuk sudah ada di Accurate.
[2026-04-14T08:21:16.102Z]      ⏭️  Semua jurnal untuk hari ini sudah selesai, dilewati tanpa memanggil API Quinos.
[2026-04-14T08:21:16.102Z] 
════════════════════════════════════════════════════════════════════════
[2026-04-14T08:21:16.102Z] === LAPORAN PROGRES [30/884 — 3%] ===
[2026-04-14T08:21:16.102Z] ────────────────────────────────────────────────────────────────────────
[2026-04-14T08:21:16.102Z]   Diproses  : 30 dari 884 (3%)
[2026-04-14T08:21:16.102Z]   ✅ Sukses  : 1
[2026-04-14T08:21:16.102Z]   ⏭️  Dilewati: 29
[2026-04-14T08:21:16.102Z]   ❌ Error   : 0
[2026-04-14T08:21:16.102Z] ════════════════════════════════════════════════════════════════════════

[2026-04-14T08:21:19.114Z] 
[31/884] Memproses 2025-10-19 - SMS...
[2026-04-14T08:21:19.279Z]      ⏭️  Jurnal Penjualan sudah ada di Accurate.
[2026-04-14T08:21:19.430Z]      ⏭️  Jurnal Uang Masuk sudah ada di Accurate.
[2026-04-14T08:21:19.430Z]      ⏭️  Semua jurnal untuk hari ini sudah selesai, dilewati tanpa memanggil API Quinos.
[2026-04-14T08:21:22.432Z] 
[32/884] Memproses 2025-10-20 - SMS...
[2026-04-14T08:21:22.674Z]      ⏭️  Jurnal Penjualan sudah ada di Accurate.
[2026-04-14T08:21:22.802Z]      ⏭️  Jurnal Uang Masuk sudah ada di Accurate.
[2026-04-14T08:21:22.802Z]      ⏭️  Semua jurnal untuk hari ini sudah selesai, dilewati tanpa memanggil API Quinos.
[2026-04-14T08:21:25.804Z] 
[33/884] Memproses 2025-10-21 - SMS...
[2026-04-14T08:21:26.002Z]      ⏭️  Jurnal Penjualan sudah ada di Accurate.
[2026-04-14T08:21:26.121Z]      ⏭️  Jurnal Uang Masuk sudah ada di Accurate.
[2026-04-14T08:21:26.121Z]      ⏭️  Semua jurnal untuk hari ini sudah selesai, dilewati tanpa memanggil API Quinos.
[2026-04-14T08:21:29.124Z] 
[34/884] Memproses 2025-10-22 - SMS...
[2026-04-14T08:21:29.322Z]      ⏭️  Jurnal Penjualan sudah ada di Accurate.
[2026-04-14T08:21:29.435Z]      ⏭️  Jurnal Uang Masuk sudah ada di Accurate.
[2026-04-14T08:21:29.435Z]      ⏭️  Semua jurnal untuk hari ini sudah selesai, dilewati tanpa memanggil API Quinos.
[2026-04-14T08:21:32.436Z] 
[35/884] Memproses 2025-10-23 - SMS...
[2026-04-14T08:21:32.662Z]      ⏭️  Jurnal Penjualan sudah ada di Accurate.
[2026-04-14T08:21:32.901Z]      ⏭️  Jurnal Uang Masuk sudah ada di Accurate.
[2026-04-14T08:21:32.901Z]      ⏭️  Semua jurnal untuk hari ini sudah selesai, dilewati tanpa memanggil API Quinos.
[2026-04-14T08:21:35.904Z] 
[36/884] Memproses 2025-10-24 - SMS...
[2026-04-14T08:21:36.123Z]      ⏭️  Jurnal Penjualan sudah ada di Accurate.
[2026-04-14T08:21:36.277Z]      ⏭️  Jurnal Uang Masuk sudah ada di Accurate.
[2026-04-14T08:21:36.277Z]      ⏭️  Semua jurnal untuk hari ini sudah selesai, dilewati tanpa memanggil API Quinos.
[2026-04-14T08:21:39.278Z] 
[37/884] Memproses 2025-10-25 - SMS...
[2026-04-14T08:21:39.435Z]      ⏭️  Jurnal Penjualan sudah ada di Accurate.
[2026-04-14T08:21:39.549Z]      ⏭️  Jurnal Uang Masuk sudah ada di Accurate.
[2026-04-14T08:21:39.550Z]      ⏭️  Semua jurnal untuk hari ini sudah selesai, dilewati tanpa memanggil API Quinos.
[2026-04-14T08:21:42.551Z] 
[38/884] Memproses 2025-10-26 - SMS...
[2026-04-14T08:21:42.730Z]      ⏭️  Jurnal Penjualan sudah ada di Accurate.
[2026-04-14T08:21:42.947Z]      ⏭️  Jurnal Uang Masuk sudah ada di Accurate.
[2026-04-14T08:21:42.947Z]      ⏭️  Semua jurnal untuk hari ini sudah selesai, dilewati tanpa memanggil API Quinos.
[2026-04-14T08:21:45.949Z] 
[39/884] Memproses 2025-10-27 - SMS...
[2026-04-14T08:21:46.254Z]      ⏭️  Jurnal Penjualan sudah ada di Accurate.
[2026-04-14T08:21:46.391Z]      ⏭️  Jurnal Uang Masuk sudah ada di Accurate.
[2026-04-14T08:21:46.391Z]      ⏭️  Semua jurnal untuk hari ini sudah selesai, dilewati tanpa memanggil API Quinos.
[2026-04-14T08:21:49.392Z] 
[40/884] Memproses 2025-10-28 - SMS...
[2026-04-14T08:21:49.754Z]      ⏭️  Jurnal Penjualan sudah ada di Accurate.
[2026-04-14T08:21:49.904Z]      ⏭️  Jurnal Uang Masuk sudah ada di Accurate.
[2026-04-14T08:21:49.904Z]      ⏭️  Semua jurnal untuk hari ini sudah selesai, dilewati tanpa memanggil API Quinos.
[2026-04-14T08:21:49.904Z] 
════════════════════════════════════════════════════════════════════════
[2026-04-14T08:21:49.904Z] === LAPORAN PROGRES [40/884 — 5%] ===
[2026-04-14T08:21:49.904Z] ────────────────────────────────────────────────────────────────────────
[2026-04-14T08:21:49.904Z]   Diproses  : 40 dari 884 (5%)
[2026-04-14T08:21:49.904Z]   ✅ Sukses  : 1
[2026-04-14T08:21:49.904Z]   ⏭️  Dilewati: 39
[2026-04-14T08:21:49.904Z]   ❌ Error   : 0
[2026-04-14T08:21:49.904Z] ════════════════════════════════════════════════════════════════════════

[2026-04-14T08:21:52.906Z] 
[41/884] Memproses 2025-10-29 - SMS...
[2026-04-14T08:21:53.067Z]      ⏭️  Jurnal Penjualan sudah ada di Accurate.
[2026-04-14T08:21:53.193Z]      ⏭️  Jurnal Uang Masuk sudah ada di Accurate.
[2026-04-14T08:21:53.194Z]      ⏭️  Semua jurnal untuk hari ini sudah selesai, dilewati tanpa memanggil API Quinos.
[2026-04-14T08:21:56.195Z] 
[42/884] Memproses 2025-10-30 - SMS...
[2026-04-14T08:21:56.385Z]      ⏭️  Jurnal Penjualan sudah ada di Accurate.
[2026-04-14T08:21:56.569Z]      ⏭️  Jurnal Uang Masuk sudah ada di Accurate.
[2026-04-14T08:21:56.569Z]      ⏭️  Semua jurnal untuk hari ini sudah selesai, dilewati tanpa memanggil API Quinos.
[2026-04-14T08:21:59.571Z] 
[43/884] Memproses 2025-10-31 - SMS...
[2026-04-14T08:22:00.084Z]      ⏭️  Jurnal Penjualan sudah ada di Accurate.
[2026-04-14T08:22:00.279Z]      ⏭️  Jurnal Uang Masuk sudah ada di Accurate.
[2026-04-14T08:22:00.280Z]      ⏭️  Semua jurnal untuk hari ini sudah selesai, dilewati tanpa memanggil API Quinos.
[2026-04-14T08:22:03.283Z] 
[44/884] Memproses 2025-11-01 - SMS...
[2026-04-14T08:22:03.678Z]      ⏭️  Jurnal Penjualan sudah ada di Accurate.
[2026-04-14T08:22:03.800Z]      ⏭️  Jurnal Uang Masuk sudah ada di Accurate.
[2026-04-14T08:22:03.801Z]      ⏭️  Semua jurnal untuk hari ini sudah selesai, dilewati tanpa memanggil API Quinos.
[2026-04-14T08:22:06.804Z] 
[45/884] Memproses 2025-11-02 - SMS...
[2026-04-14T08:22:07.063Z]      ⏭️  Jurnal Penjualan sudah ada di Accurate.
[2026-04-14T08:22:07.278Z]      ⏭️  Jurnal Uang Masuk sudah ada di Accurate.
[2026-04-14T08:22:07.279Z]      ⏭️  Semua jurnal untuk hari ini sudah selesai, dilewati tanpa memanggil API Quinos.
[2026-04-14T08:22:10.279Z] 
[46/884] Memproses 2025-11-03 - SMS...
[2026-04-14T08:22:10.426Z]      ⏭️  Jurnal Penjualan sudah ada di Accurate.
[2026-04-14T08:22:10.556Z]      ⏭️  Jurnal Uang Masuk sudah ada di Accurate.
[2026-04-14T08:22:10.556Z]      ⏭️  Semua jurnal untuk hari ini sudah selesai, dilewati tanpa memanggil API Quinos.
[2026-04-14T08:22:13.559Z] 
[47/884] Memproses 2025-11-04 - SMS...
[2026-04-14T08:22:13.714Z]      ⏭️  Jurnal Penjualan sudah ada di Accurate.
[2026-04-14T08:22:13.965Z]      ⏭️  Jurnal Uang Masuk sudah ada di Accurate.
[2026-04-14T08:22:13.966Z]      ⏭️  Semua jurnal untuk hari ini sudah selesai, dilewati tanpa memanggil API Quinos.
[2026-04-14T08:22:16.969Z] 
[48/884] Memproses 2025-11-05 - SMS...
[2026-04-14T08:22:17.184Z]      ⏭️  Jurnal Penjualan sudah ada di Accurate.
[2026-04-14T08:22:17.449Z]      ⏭️  Jurnal Uang Masuk sudah ada di Accurate.
[2026-04-14T08:22:17.449Z]      ⏭️  Semua jurnal untuk hari ini sudah selesai, dilewati tanpa memanggil API Quinos.
[2026-04-14T08:22:20.449Z] 
[49/884] Memproses 2025-11-06 - SMS...
[2026-04-14T08:22:20.699Z]      ⏭️  Jurnal Penjualan sudah ada di Accurate.
[2026-04-14T08:22:20.938Z]      ⏭️  Jurnal Uang Masuk sudah ada di Accurate.
[2026-04-14T08:22:20.938Z]      ⏭️  Semua jurnal untuk hari ini sudah selesai, dilewati tanpa memanggil API Quinos.
[2026-04-14T08:22:23.938Z] 
[50/884] Memproses 2025-11-07 - SMS...
[2026-04-14T08:22:24.088Z]      ⏭️  Jurnal Penjualan sudah ada di Accurate.
[2026-04-14T08:22:24.265Z]      ⏭️  Jurnal Uang Masuk sudah ada di Accurate.
[2026-04-14T08:22:24.266Z]      ⏭️  Semua jurnal untuk hari ini sudah selesai, dilewati tanpa memanggil API Quinos.
[2026-04-14T08:22:24.266Z] 
════════════════════════════════════════════════════════════════════════
[2026-04-14T08:22:24.266Z] === LAPORAN PROGRES [50/884 — 6%] ===
[2026-04-14T08:22:24.266Z] ────────────────────────────────────────────────────────────────────────
[2026-04-14T08:22:24.266Z]   Diproses  : 50 dari 884 (6%)
[2026-04-14T08:22:24.266Z]   ✅ Sukses  : 1
[2026-04-14T08:22:24.266Z]   ⏭️  Dilewati: 49
[2026-04-14T08:22:24.266Z]   ❌ Error   : 0
[2026-04-14T08:22:24.266Z] ════════════════════════════════════════════════════════════════════════

[2026-04-14T08:22:27.271Z] 
[51/884] Memproses 2025-11-08 - SMS...
[2026-04-14T08:22:27.423Z]      ⏭️  Jurnal Penjualan sudah ada di Accurate.
[2026-04-14T08:22:27.544Z]      ⏭️  Jurnal Uang Masuk sudah ada di Accurate.
[2026-04-14T08:22:27.544Z]      ⏭️  Semua jurnal untuk hari ini sudah selesai, dilewati tanpa memanggil API Quinos.
[2026-04-14T08:22:30.548Z] 
[52/884] Memproses 2025-11-09 - SMS...
[2026-04-14T08:22:30.753Z]      ⏭️  Jurnal Penjualan sudah ada di Accurate.
[2026-04-14T08:22:30.875Z]      ⏭️  Jurnal Uang Masuk sudah ada di Accurate.
[2026-04-14T08:22:30.875Z]      ⏭️  Semua jurnal untuk hari ini sudah selesai, dilewati tanpa memanggil API Quinos.
[2026-04-14T08:22:33.877Z] 
[53/884] Memproses 2025-11-10 - SMS...
[2026-04-14T08:22:34.125Z]      ⏭️  Jurnal Penjualan sudah ada di Accurate.
[2026-04-14T08:22:34.273Z]      ⏭️  Jurnal Uang Masuk sudah ada di Accurate.
[2026-04-14T08:22:34.273Z]      ⏭️  Semua jurnal untuk hari ini sudah selesai, dilewati tanpa memanggil API Quinos.
[2026-04-14T08:22:37.275Z] 
[54/884] Memproses 2025-11-11 - SMS...
[2026-04-14T08:22:37.434Z]      ⏭️  Jurnal Penjualan sudah ada di Accurate.
[2026-04-14T08:22:37.606Z]      ⏭️  Jurnal Uang Masuk sudah ada di Accurate.
[2026-04-14T08:22:37.607Z]      ⏭️  Semua jurnal untuk hari ini sudah selesai, dilewati tanpa memanggil API Quinos.
[2026-04-14T08:22:40.607Z] 
[55/884] Memproses 2025-11-12 - SMS...
[2026-04-14T08:22:40.935Z]      ⏭️  Jurnal Penjualan sudah ada di Accurate.
[2026-04-14T08:22:41.047Z]      ⏭️  Jurnal Uang Masuk sudah ada di Accurate.
[2026-04-14T08:22:41.047Z]      ⏭️  Semua jurnal untuk hari ini sudah selesai, dilewati tanpa memanggil API Quinos.
[2026-04-14T08:22:44.049Z] 
[56/884] Memproses 2025-11-13 - SMS...
[2026-04-14T08:22:44.298Z]      ⏭️  Jurnal Penjualan sudah ada di Accurate.
[2026-04-14T08:22:44.496Z]      ⏭️  Jurnal Uang Masuk sudah ada di Accurate.
[2026-04-14T08:22:44.496Z]      ⏭️  Semua jurnal untuk hari ini sudah selesai, dilewati tanpa memanggil API Quinos.
[2026-04-14T08:22:47.498Z] 
[57/884] Memproses 2025-11-14 - SMS...
[2026-04-14T08:22:47.725Z]      ⏭️  Jurnal Penjualan sudah ada di Accurate.
[2026-04-14T08:22:47.854Z]      ⏭️  Jurnal Uang Masuk sudah ada di Accurate.
[2026-04-14T08:22:47.854Z]      ⏭️  Semua jurnal untuk hari ini sudah selesai, dilewati tanpa memanggil API Quinos.
[2026-04-14T08:22:50.856Z] 
[58/884] Memproses 2025-11-15 - SMS...
[2026-04-14T08:22:51.041Z]      ⏭️  Jurnal Penjualan sudah ada di Accurate.
[2026-04-14T08:22:51.272Z]      ⏭️  Jurnal Uang Masuk sudah ada di Accurate.
[2026-04-14T08:22:51.272Z]      ⏭️  Semua jurnal untuk hari ini sudah selesai, dilewati tanpa memanggil API Quinos.
[2026-04-14T08:22:54.277Z] 
[59/884] Memproses 2025-11-16 - SMS...
[2026-04-14T08:22:54.484Z]      ⏭️  Jurnal Penjualan sudah ada di Accurate.
[2026-04-14T08:22:54.636Z]      ⏭️  Jurnal Uang Masuk sudah ada di Accurate.
[2026-04-14T08:22:54.637Z]      ⏭️  Semua jurnal untuk hari ini sudah selesai, dilewati tanpa memanggil API Quinos.
[2026-04-14T08:22:57.638Z] 
[60/884] Memproses 2025-11-17 - SMS...
[2026-04-14T08:22:57.885Z]      ⏭️  Jurnal Penjualan sudah ada di Accurate.
[2026-04-14T08:22:58.061Z]      ⏭️  Jurnal Uang Masuk sudah ada di Accurate.
[2026-04-14T08:22:58.061Z]      ⏭️  Semua jurnal untuk hari ini sudah selesai, dilewati tanpa memanggil API Quinos.
[2026-04-14T08:22:58.061Z] 
════════════════════════════════════════════════════════════════════════
[2026-04-14T08:22:58.061Z] === LAPORAN PROGRES [60/884 — 7%] ===
[2026-04-14T08:22:58.061Z] ────────────────────────────────────────────────────────────────────────
[2026-04-14T08:22:58.061Z]   Diproses  : 60 dari 884 (7%)
[2026-04-14T08:22:58.061Z]   ✅ Sukses  : 1
[2026-04-14T08:22:58.061Z]   ⏭️  Dilewati: 59
[2026-04-14T08:22:58.061Z]   ❌ Error   : 0
[2026-04-14T08:22:58.062Z] ════════════════════════════════════════════════════════════════════════

[2026-04-14T08:23:01.064Z] 
[61/884] Memproses 2025-11-18 - SMS...
[2026-04-14T08:23:01.215Z]      ⏭️  Jurnal Penjualan sudah ada di Accurate.
[2026-04-14T08:23:01.348Z]      ⏭️  Jurnal Uang Masuk sudah ada di Accurate.
[2026-04-14T08:23:01.348Z]      ⏭️  Semua jurnal untuk hari ini sudah selesai, dilewati tanpa memanggil API Quinos.
[2026-04-14T08:23:04.349Z] 
[62/884] Memproses 2025-11-19 - SMS...
[2026-04-14T08:23:04.507Z]      ⏭️  Jurnal Penjualan sudah ada di Accurate.
[2026-04-14T08:23:04.730Z]      ⏭️  Jurnal Uang Masuk sudah ada di Accurate.
[2026-04-14T08:23:04.730Z]      ⏭️  Semua jurnal untuk hari ini sudah selesai, dilewati tanpa memanggil API Quinos.
[2026-04-14T08:23:07.732Z] 
[63/884] Memproses 2025-11-20 - SMS...
[2026-04-14T08:23:07.895Z]      ⏭️  Jurnal Penjualan sudah ada di Accurate.
[2026-04-14T08:23:08.045Z]      ⏭️  Jurnal Uang Masuk sudah ada di Accurate.
[2026-04-14T08:23:08.045Z]      ⏭️  Semua jurnal untuk hari ini sudah selesai, dilewati tanpa memanggil API Quinos.
[2026-04-14T08:23:11.048Z] 
[64/884] Memproses 2025-11-21 - SMS...
[2026-04-14T08:23:11.218Z]      ⏭️  Jurnal Penjualan sudah ada di Accurate.
[2026-04-14T08:23:11.396Z]      ⏭️  Jurnal Uang Masuk sudah ada di Accurate.
[2026-04-14T08:23:11.396Z]      ⏭️  Semua jurnal untuk hari ini sudah selesai, dilewati tanpa memanggil API Quinos.
[2026-04-14T08:23:14.397Z] 
[65/884] Memproses 2025-11-22 - SMS...
[2026-04-14T08:23:14.728Z]      ⏭️  Jurnal Penjualan sudah ada di Accurate.
[2026-04-14T08:23:14.897Z]      ⏭️  Jurnal Uang Masuk sudah ada di Accurate.
[2026-04-14T08:23:14.897Z]      ⏭️  Semua jurnal untuk hari ini sudah selesai, dilewati tanpa memanggil API Quinos.
[2026-04-14T08:23:17.899Z] 
[66/884] Memproses 2025-11-23 - SMS...
[2026-04-14T08:23:18.140Z]      ⏭️  Jurnal Penjualan sudah ada di Accurate.
[2026-04-14T08:23:18.428Z]      ⏭️  Jurnal Uang Masuk sudah ada di Accurate.
[2026-04-14T08:23:18.428Z]      ⏭️  Semua jurnal untuk hari ini sudah selesai, dilewati tanpa memanggil API Quinos.
[2026-04-14T08:23:21.431Z] 
[67/884] Memproses 2025-11-24 - SMS...
[2026-04-14T08:23:21.692Z]      ⏭️  Jurnal Penjualan sudah ada di Accurate.
[2026-04-14T08:23:21.816Z]      ⏭️  Jurnal Uang Masuk sudah ada di Accurate.
[2026-04-14T08:23:21.816Z]      ⏭️  Semua jurnal untuk hari ini sudah selesai, dilewati tanpa memanggil API Quinos.
[2026-04-14T08:23:24.817Z] 
[68/884] Memproses 2025-11-25 - SMS...
[2026-04-14T08:23:24.984Z]      ⏭️  Jurnal Penjualan sudah ada di Accurate.
[2026-04-14T08:23:25.102Z]      📡 Mengambil data dari Quinos...
[2026-04-14T08:23:28.878Z]      ✅ Jurnal Uang Masuk OK (tanggal 26/11/2025)
[2026-04-14T08:23:31.878Z] 
[69/884] Memproses 2025-11-26 - SMS...
[2026-04-14T08:23:32.123Z]      ⏭️  Jurnal Penjualan sudah ada di Accurate.
[2026-04-14T08:23:32.256Z]      ⏭️  Jurnal Uang Masuk sudah ada di Accurate.
[2026-04-14T08:23:32.256Z]      ⏭️  Semua jurnal untuk hari ini sudah selesai, dilewati tanpa memanggil API Quinos.
[2026-04-14T08:23:35.258Z] 
[70/884] Memproses 2025-11-27 - SMS...
[2026-04-14T08:23:35.486Z]      ⏭️  Jurnal Penjualan sudah ada di Accurate.
[2026-04-14T08:23:35.601Z]      ⏭️  Jurnal Uang Masuk sudah ada di Accurate.
[2026-04-14T08:23:35.602Z]      ⏭️  Semua jurnal untuk hari ini sudah selesai, dilewati tanpa memanggil API Quinos.
[2026-04-14T08:23:35.602Z] 
════════════════════════════════════════════════════════════════════════
[2026-04-14T08:23:35.602Z] === LAPORAN PROGRES [70/884 — 8%] ===
[2026-04-14T08:23:35.602Z] ────────────────────────────────────────────────────────────────────────
[2026-04-14T08:23:35.602Z]   Diproses  : 70 dari 884 (8%)
[2026-04-14T08:23:35.602Z]   ✅ Sukses  : 2
[2026-04-14T08:23:35.602Z]   ⏭️  Dilewati: 68
[2026-04-14T08:23:35.602Z]   ❌ Error   : 0
[2026-04-14T08:23:35.602Z] ════════════════════════════════════════════════════════════════════════

[2026-04-14T08:23:38.604Z] 
[71/884] Memproses 2025-11-28 - SMS...
[2026-04-14T08:23:38.850Z]      ⏭️  Jurnal Penjualan sudah ada di Accurate.
[2026-04-14T08:23:39.054Z]      ⏭️  Jurnal Uang Masuk sudah ada di Accurate.
[2026-04-14T08:23:39.054Z]      ⏭️  Semua jurnal untuk hari ini sudah selesai, dilewati tanpa memanggil API Quinos.
[2026-04-14T08:23:42.056Z] 
[72/884] Memproses 2025-11-29 - SMS...
[2026-04-14T08:23:42.228Z]      ⏭️  Jurnal Penjualan sudah ada di Accurate.
[2026-04-14T08:23:42.452Z]      ⏭️  Jurnal Uang Masuk sudah ada di Accurate.
[2026-04-14T08:23:42.452Z]      ⏭️  Semua jurnal untuk hari ini sudah selesai, dilewati tanpa memanggil API Quinos.
[2026-04-14T08:23:45.453Z] 
[73/884] Memproses 2025-11-30 - SMS...
[2026-04-14T08:23:45.598Z]      ⏭️  Jurnal Penjualan sudah ada di Accurate.
[2026-04-14T08:23:45.729Z]      ⏭️  Jurnal Uang Masuk sudah ada di Accurate.
[2026-04-14T08:23:45.729Z]      ⏭️  Semua jurnal untuk hari ini sudah selesai, dilewati tanpa memanggil API Quinos.
[2026-04-14T08:23:48.731Z] 
[74/884] Memproses 2025-12-01 - SMS...
[2026-04-14T08:23:49.031Z]      ⏭️  Jurnal Penjualan sudah ada di Accurate.
[2026-04-14T08:23:49.222Z]      ⏭️  Jurnal Uang Masuk sudah ada di Accurate.
[2026-04-14T08:23:49.222Z]      ⏭️  Semua jurnal untuk hari ini sudah selesai, dilewati tanpa memanggil API Quinos.
[2026-04-14T08:23:52.225Z] 
[75/884] Memproses 2025-12-02 - SMS...
[2026-04-14T08:23:52.416Z]      ⏭️  Jurnal Penjualan sudah ada di Accurate.
[2026-04-14T08:23:52.556Z]      ⏭️  Jurnal Uang Masuk sudah ada di Accurate.
[2026-04-14T08:23:52.556Z]      ⏭️  Semua jurnal untuk hari ini sudah selesai, dilewati tanpa memanggil API Quinos.
[2026-04-14T08:23:55.559Z] 
[76/884] Memproses 2025-12-03 - SMS...
[2026-04-14T08:23:55.725Z]      ⏭️  Jurnal Penjualan sudah ada di Accurate.
[2026-04-14T08:23:55.923Z]      ⏭️  Jurnal Uang Masuk sudah ada di Accurate.
[2026-04-14T08:23:55.924Z]      ⏭️  Semua jurnal untuk hari ini sudah selesai, dilewati tanpa memanggil API Quinos.
[2026-04-14T08:23:58.925Z] 
[77/884] Memproses 2025-12-04 - SMS...
[2026-04-14T08:23:59.107Z]      ⏭️  Jurnal Penjualan sudah ada di Accurate.
[2026-04-14T08:23:59.218Z]      ⏭️  Jurnal Uang Masuk sudah ada di Accurate.
[2026-04-14T08:23:59.218Z]      ⏭️  Semua jurnal untuk hari ini sudah selesai, dilewati tanpa memanggil API Quinos.
[2026-04-14T08:24:02.221Z] 
[78/884] Memproses 2025-12-05 - SMS...
[2026-04-14T08:24:02.392Z]      ⏭️  Jurnal Penjualan sudah ada di Accurate.
[2026-04-14T08:24:02.601Z]      ⏭️  Jurnal Uang Masuk sudah ada di Accurate.
[2026-04-14T08:24:02.601Z]      ⏭️  Semua jurnal untuk hari ini sudah selesai, dilewati tanpa memanggil API Quinos.
[2026-04-14T08:24:05.602Z] 
[79/884] Memproses 2025-12-06 - SMS...
[2026-04-14T08:24:05.762Z]      ⏭️  Jurnal Penjualan sudah ada di Accurate.
[2026-04-14T08:24:05.963Z]      ⏭️  Jurnal Uang Masuk sudah ada di Accurate.
[2026-04-14T08:24:05.963Z]      ⏭️  Semua jurnal untuk hari ini sudah selesai, dilewati tanpa memanggil API Quinos.
[2026-04-14T08:24:08.965Z] 
[80/884] Memproses 2025-12-07 - SMS...
[2026-04-14T08:24:09.175Z]      ⏭️  Jurnal Penjualan sudah ada di Accurate.
[2026-04-14T08:24:09.362Z]      ⏭️  Jurnal Uang Masuk sudah ada di Accurate.
[2026-04-14T08:24:09.362Z]      ⏭️  Semua jurnal untuk hari ini sudah selesai, dilewati tanpa memanggil API Quinos.
[2026-04-14T08:24:09.362Z] 
════════════════════════════════════════════════════════════════════════
[2026-04-14T08:24:09.362Z] === LAPORAN PROGRES [80/884 — 9%] ===
[2026-04-14T08:24:09.362Z] ────────────────────────────────────────────────────────────────────────
[2026-04-14T08:24:09.362Z]   Diproses  : 80 dari 884 (9%)
[2026-04-14T08:24:09.362Z]   ✅ Sukses  : 2
[2026-04-14T08:24:09.362Z]   ⏭️  Dilewati: 78
[2026-04-14T08:24:09.362Z]   ❌ Error   : 0
[2026-04-14T08:24:09.362Z] ════════════════════════════════════════════════════════════════════════

[2026-04-14T08:24:12.364Z] 
[81/884] Memproses 2025-12-08 - SMS...
[2026-04-14T08:24:12.533Z]      ⏭️  Jurnal Penjualan sudah ada di Accurate.
[2026-04-14T08:24:12.761Z]      ⏭️  Jurnal Uang Masuk sudah ada di Accurate.
[2026-04-14T08:24:12.762Z]      ⏭️  Semua jurnal untuk hari ini sudah selesai, dilewati tanpa memanggil API Quinos.
[2026-04-14T08:24:15.762Z] 
[82/884] Memproses 2025-12-09 - SMS...
[2026-04-14T08:24:15.931Z]      ⏭️  Jurnal Penjualan sudah ada di Accurate.
[2026-04-14T08:24:16.070Z]      ⏭️  Jurnal Uang Masuk sudah ada di Accurate.
[2026-04-14T08:24:16.071Z]      ⏭️  Semua jurnal untuk hari ini sudah selesai, dilewati tanpa memanggil API Quinos.
[2026-04-14T08:24:19.072Z] 
[83/884] Memproses 2025-12-10 - SMS...
[2026-04-14T08:24:19.439Z]      ⏭️  Jurnal Penjualan sudah ada di Accurate.
[2026-04-14T08:24:19.606Z]      ⏭️  Jurnal Uang Masuk sudah ada di Accurate.
[2026-04-14T08:24:19.606Z]      ⏭️  Semua jurnal untuk hari ini sudah selesai, dilewati tanpa memanggil API Quinos.
[2026-04-14T08:24:22.608Z] 
[84/884] Memproses 2025-12-11 - SMS...
[2026-04-14T08:24:22.749Z]      ⏭️  Jurnal Penjualan sudah ada di Accurate.
[2026-04-14T08:24:22.961Z]      ⏭️  Jurnal Uang Masuk sudah ada di Accurate.
[2026-04-14T08:24:22.962Z]      ⏭️  Semua jurnal untuk hari ini sudah selesai, dilewati tanpa memanggil API Quinos.
[2026-04-14T08:24:25.962Z] 
[85/884] Memproses 2025-12-12 - SMS...
[2026-04-14T08:24:26.167Z]      ⏭️  Jurnal Penjualan sudah ada di Accurate.
[2026-04-14T08:24:26.371Z]      ⏭️  Jurnal Uang Masuk sudah ada di Accurate.
[2026-04-14T08:24:26.371Z]      ⏭️  Semua jurnal untuk hari ini sudah selesai, dilewati tanpa memanggil API Quinos.
[2026-04-14T08:24:29.372Z] 
[86/884] Memproses 2025-12-13 - SMS...
[2026-04-14T08:24:29.509Z]      ⏭️  Jurnal Penjualan sudah ada di Accurate.
[2026-04-14T08:24:29.657Z]      ⏭️  Jurnal Uang Masuk sudah ada di Accurate.
[2026-04-14T08:24:29.657Z]      ⏭️  Semua jurnal untuk hari ini sudah selesai, dilewati tanpa memanggil API Quinos.
[2026-04-14T08:24:32.659Z] 
[87/884] Memproses 2025-12-14 - SMS...
[2026-04-14T08:24:32.964Z]      ⏭️  Jurnal Penjualan sudah ada di Accurate.
[2026-04-14T08:24:33.134Z]      ⏭️  Jurnal Uang Masuk sudah ada di Accurate.
[2026-04-14T08:24:33.135Z]      ⏭️  Semua jurnal untuk hari ini sudah selesai, dilewati tanpa memanggil API Quinos.
[2026-04-14T08:24:36.137Z] 
[88/884] Memproses 2025-12-15 - SMS...
[2026-04-14T08:24:36.284Z]      ⏭️  Jurnal Penjualan sudah ada di Accurate.
[2026-04-14T08:24:36.398Z]      ⏭️  Jurnal Uang Masuk sudah ada di Accurate.
[2026-04-14T08:24:36.398Z]      ⏭️  Semua jurnal untuk hari ini sudah selesai, dilewati tanpa memanggil API Quinos.
[2026-04-14T08:24:39.401Z] 
[89/884] Memproses 2025-12-16 - SMS...
[2026-04-14T08:24:39.547Z]      ⏭️  Jurnal Penjualan sudah ada di Accurate.
[2026-04-14T08:24:39.654Z]      ⏭️  Jurnal Uang Masuk sudah ada di Accurate.
[2026-04-14T08:24:39.654Z]      ⏭️  Semua jurnal untuk hari ini sudah selesai, dilewati tanpa memanggil API Quinos.
[2026-04-14T08:24:42.657Z] 
[90/884] Memproses 2025-12-17 - SMS...
[2026-04-14T08:24:43.014Z]      ⏭️  Jurnal Penjualan sudah ada di Accurate.
[2026-04-14T08:24:43.280Z]      ⏭️  Jurnal Uang Masuk sudah ada di Accurate.
[2026-04-14T08:24:43.281Z]      ⏭️  Semua jurnal untuk hari ini sudah selesai, dilewati tanpa memanggil API Quinos.
[2026-04-14T08:24:43.281Z] 
════════════════════════════════════════════════════════════════════════
[2026-04-14T08:24:43.281Z] === LAPORAN PROGRES [90/884 — 10%] ===
[2026-04-14T08:24:43.281Z] ────────────────────────────────────────────────────────────────────────
[2026-04-14T08:24:43.281Z]   Diproses  : 90 dari 884 (10%)
[2026-04-14T08:24:43.281Z]   ✅ Sukses  : 2
[2026-04-14T08:24:43.281Z]   ⏭️  Dilewati: 88
[2026-04-14T08:24:43.281Z]   ❌ Error   : 0
[2026-04-14T08:24:43.281Z] ════════════════════════════════════════════════════════════════════════

[2026-04-14T08:24:46.283Z] 
[91/884] Memproses 2025-12-18 - SMS...
[2026-04-14T08:24:46.436Z]      ⏭️  Jurnal Penjualan sudah ada di Accurate.
[2026-04-14T08:24:51.265Z]      ⏭️  Jurnal Uang Masuk sudah ada di Accurate.
[2026-04-14T08:24:51.265Z]      ⏭️  Semua jurnal untuk hari ini sudah selesai, dilewati tanpa memanggil API Quinos.
[2026-04-14T08:24:54.267Z] 
[92/884] Memproses 2025-12-19 - SMS...
[2026-04-14T08:24:54.503Z]      ⏭️  Jurnal Penjualan sudah ada di Accurate.
[2026-04-14T08:24:54.620Z]      ⏭️  Jurnal Uang Masuk sudah ada di Accurate.
[2026-04-14T08:24:54.620Z]      ⏭️  Semua jurnal untuk hari ini sudah selesai, dilewati tanpa memanggil API Quinos.
[2026-04-14T08:24:57.622Z] 
[93/884] Memproses 2025-12-20 - SMS...
[2026-04-14T08:24:57.775Z]      ⏭️  Jurnal Penjualan sudah ada di Accurate.
[2026-04-14T08:24:57.907Z]      ⏭️  Jurnal Uang Masuk sudah ada di Accurate.
[2026-04-14T08:24:57.907Z]      ⏭️  Semua jurnal untuk hari ini sudah selesai, dilewati tanpa memanggil API Quinos.
[2026-04-14T08:25:00.911Z] 
[94/884] Memproses 2025-12-21 - SMS...
[2026-04-14T08:25:01.090Z]      ⏭️  Jurnal Penjualan sudah ada di Accurate.
[2026-04-14T08:25:01.286Z]      ⏭️  Jurnal Uang Masuk sudah ada di Accurate.
[2026-04-14T08:25:01.286Z]      ⏭️  Semua jurnal untuk hari ini sudah selesai, dilewati tanpa memanggil API Quinos.
[2026-04-14T08:25:04.288Z] 
[95/884] Memproses 2025-12-22 - SMS...
[2026-04-14T08:25:04.516Z]      ⏭️  Jurnal Penjualan sudah ada di Accurate.
[2026-04-14T08:25:04.643Z]      ⏭️  Jurnal Uang Masuk sudah ada di Accurate.
[2026-04-14T08:25:04.644Z]      ⏭️  Semua jurnal untuk hari ini sudah selesai, dilewati tanpa memanggil API Quinos.
[2026-04-14T08:25:07.647Z] 
[96/884] Memproses 2025-12-23 - SMS...
[2026-04-14T08:25:07.795Z]      ⏭️  Jurnal Penjualan sudah ada di Accurate.
[2026-04-14T08:25:07.914Z]      ⏭️  Jurnal Uang Masuk sudah ada di Accurate.
[2026-04-14T08:25:07.914Z]      ⏭️  Semua jurnal untuk hari ini sudah selesai, dilewati tanpa memanggil API Quinos.
[2026-04-14T08:25:10.918Z] 
[97/884] Memproses 2025-12-24 - SMS...
[2026-04-14T08:25:11.263Z]      ⏭️  Jurnal Penjualan sudah ada di Accurate.
[2026-04-14T08:25:11.503Z]      ⏭️  Jurnal Uang Masuk sudah ada di Accurate.
[2026-04-14T08:25:11.503Z]      ⏭️  Semua jurnal untuk hari ini sudah selesai, dilewati tanpa memanggil API Quinos.
[2026-04-14T08:25:14.505Z] 
[98/884] Memproses 2025-12-25 - SMS...
[2026-04-14T08:25:14.684Z]      ⏭️  Jurnal Penjualan sudah ada di Accurate.
[2026-04-14T08:25:14.870Z]      ⏭️  Jurnal Uang Masuk sudah ada di Accurate.
[2026-04-14T08:25:14.870Z]      ⏭️  Semua jurnal untuk hari ini sudah selesai, dilewati tanpa memanggil API Quinos.
[2026-04-14T08:25:17.872Z] 
[99/884] Memproses 2025-12-26 - SMS...
[2026-04-14T08:25:18.024Z]      ⏭️  Jurnal Penjualan sudah ada di Accurate.
[2026-04-14T08:25:18.430Z]      ⏭️  Jurnal Uang Masuk sudah ada di Accurate.
[2026-04-14T08:25:18.430Z]      ⏭️  Semua jurnal untuk hari ini sudah selesai, dilewati tanpa memanggil API Quinos.
[2026-04-14T08:25:21.433Z] 
[100/884] Memproses 2025-12-27 - SMS...
[2026-04-14T08:25:21.720Z]      ⏭️  Jurnal Penjualan sudah ada di Accurate.
[2026-04-14T08:25:21.863Z]      ⏭️  Jurnal Uang Masuk sudah ada di Accurate.
[2026-04-14T08:25:21.863Z]      ⏭️  Semua jurnal untuk hari ini sudah selesai, dilewati tanpa memanggil API Quinos.
[2026-04-14T08:25:21.863Z] 
════════════════════════════════════════════════════════════════════════
[2026-04-14T08:25:21.863Z] === LAPORAN PROGRES [100/884 — 11%] ===
[2026-04-14T08:25:21.863Z] ────────────────────────────────────────────────────────────────────────
[2026-04-14T08:25:21.863Z]   Diproses  : 100 dari 884 (11%)
[2026-04-14T08:25:21.863Z]   ✅ Sukses  : 2
[2026-04-14T08:25:21.864Z]   ⏭️  Dilewati: 98
[2026-04-14T08:25:21.864Z]   ❌ Error   : 0
[2026-04-14T08:25:21.864Z] ════════════════════════════════════════════════════════════════════════

[2026-04-14T08:25:24.865Z] 
[101/884] Memproses 2025-12-28 - SMS...
[2026-04-14T08:25:25.038Z]      ⏭️  Jurnal Penjualan sudah ada di Accurate.
[2026-04-14T08:25:25.186Z]      ⏭️  Jurnal Uang Masuk sudah ada di Accurate.
[2026-04-14T08:25:25.186Z]      ⏭️  Semua jurnal untuk hari ini sudah selesai, dilewati tanpa memanggil API Quinos.
[2026-04-14T08:25:28.189Z] 
[102/884] Memproses 2025-12-29 - SMS...
[2026-04-14T08:25:28.362Z]      ⏭️  Jurnal Penjualan sudah ada di Accurate.
[2026-04-14T08:25:28.512Z]      ⏭️  Jurnal Uang Masuk sudah ada di Accurate.
[2026-04-14T08:25:28.512Z]      ⏭️  Semua jurnal untuk hari ini sudah selesai, dilewati tanpa memanggil API Quinos.
[2026-04-14T08:25:31.513Z] 
[103/884] Memproses 2025-12-30 - SMS...
[2026-04-14T08:25:31.651Z]      ⏭️  Jurnal Penjualan sudah ada di Accurate.
[2026-04-14T08:25:31.772Z]      ⏭️  Jurnal Uang Masuk sudah ada di Accurate.
[2026-04-14T08:25:31.772Z]      ⏭️  Semua jurnal untuk hari ini sudah selesai, dilewati tanpa memanggil API Quinos.
[2026-04-14T08:25:34.775Z] 
[104/884] Memproses 2025-12-31 - SMS...
[2026-04-14T08:25:34.926Z]      ⏭️  Jurnal Penjualan sudah ada di Accurate.
[2026-04-14T08:25:35.080Z]      ⏭️  Jurnal Uang Masuk sudah ada di Accurate.
[2026-04-14T08:25:35.081Z]      ⏭️  Semua jurnal untuk hari ini sudah selesai, dilewati tanpa memanggil API Quinos.
[2026-04-14T08:25:38.082Z] 
[105/884] Memproses 2026-01-01 - SMS...
[2026-04-14T08:25:38.225Z]      ⏭️  Jurnal Penjualan sudah ada di Accurate.
[2026-04-14T08:25:38.433Z]      ⏭️  Jurnal Uang Masuk sudah ada di Accurate.
[2026-04-14T08:25:38.433Z]      ⏭️  Semua jurnal untuk hari ini sudah selesai, dilewati tanpa memanggil API Quinos.
[2026-04-14T08:25:41.436Z] 
[106/884] Memproses 2026-01-02 - SMS...
[2026-04-14T08:25:41.672Z]      ⏭️  Jurnal Penjualan sudah ada di Accurate.
[2026-04-14T08:25:41.783Z]      ⏭️  Jurnal Uang Masuk sudah ada di Accurate.
[2026-04-14T08:25:41.784Z]      ⏭️  Semua jurnal untuk hari ini sudah selesai, dilewati tanpa memanggil API Quinos.
[2026-04-14T08:25:44.786Z] 
[107/884] Memproses 2026-01-03 - SMS...
[2026-04-14T08:25:44.955Z]      ⏭️  Jurnal Penjualan sudah ada di Accurate.
[2026-04-14T08:25:45.158Z]      ⏭️  Jurnal Uang Masuk sudah ada di Accurate.
[2026-04-14T08:25:45.158Z]      ⏭️  Semua jurnal untuk hari ini sudah selesai, dilewati tanpa memanggil API Quinos.
[2026-04-14T08:25:48.160Z] 
[108/884] Memproses 2026-01-04 - SMS...
[2026-04-14T08:25:48.314Z]      ⏭️  Jurnal Penjualan sudah ada di Accurate.
[2026-04-14T08:25:48.505Z]      ⏭️  Jurnal Uang Masuk sudah ada di Accurate.
[2026-04-14T08:25:48.506Z]      ⏭️  Semua jurnal untuk hari ini sudah selesai, dilewati tanpa memanggil API Quinos.
[2026-04-14T08:25:51.507Z] 
[109/884] Memproses 2026-01-05 - SMS...
[2026-04-14T08:25:51.642Z]      ⏭️  Jurnal Penjualan sudah ada di Accurate.
[2026-04-14T08:25:51.891Z]      ⏭️  Jurnal Uang Masuk sudah ada di Accurate.
[2026-04-14T08:25:51.891Z]      ⏭️  Semua jurnal untuk hari ini sudah selesai, dilewati tanpa memanggil API Quinos.
[2026-04-14T08:25:54.892Z] 
[110/884] Memproses 2026-01-06 - SMS...
[2026-04-14T08:25:55.036Z]      ⏭️  Jurnal Penjualan sudah ada di Accurate.
[2026-04-14T08:25:55.157Z]      ⏭️  Jurnal Uang Masuk sudah ada di Accurate.
[2026-04-14T08:25:55.157Z]      ⏭️  Semua jurnal untuk hari ini sudah selesai, dilewati tanpa memanggil API Quinos.
[2026-04-14T08:25:55.157Z] 
════════════════════════════════════════════════════════════════════════
[2026-04-14T08:25:55.157Z] === LAPORAN PROGRES [110/884 — 12%] ===
[2026-04-14T08:25:55.157Z] ────────────────────────────────────────────────────────────────────────
[2026-04-14T08:25:55.157Z]   Diproses  : 110 dari 884 (12%)
[2026-04-14T08:25:55.157Z]   ✅ Sukses  : 2
[2026-04-14T08:25:55.157Z]   ⏭️  Dilewati: 108
[2026-04-14T08:25:55.157Z]   ❌ Error   : 0
[2026-04-14T08:25:55.157Z] ════════════════════════════════════════════════════════════════════════

[2026-04-14T08:25:58.157Z] 
[111/884] Memproses 2026-01-07 - SMS...
[2026-04-14T08:25:58.316Z]      ⏭️  Jurnal Penjualan sudah ada di Accurate.
[2026-04-14T08:25:58.445Z]      ⏭️  Jurnal Uang Masuk sudah ada di Accurate.
[2026-04-14T08:25:58.445Z]      ⏭️  Semua jurnal untuk hari ini sudah selesai, dilewati tanpa memanggil API Quinos.
[2026-04-14T08:26:01.447Z] 
[112/884] Memproses 2026-01-08 - SMS...
[2026-04-14T08:26:01.630Z]      ⏭️  Jurnal Penjualan sudah ada di Accurate.
[2026-04-14T08:26:01.769Z]      ⏭️  Jurnal Uang Masuk sudah ada di Accurate.
[2026-04-14T08:26:01.769Z]      ⏭️  Semua jurnal untuk hari ini sudah selesai, dilewati tanpa memanggil API Quinos.
[2026-04-14T08:26:04.771Z] 
[113/884] Memproses 2026-01-09 - SMS...
[2026-04-14T08:26:04.925Z]      ⏭️  Jurnal Penjualan sudah ada di Accurate.
[2026-04-14T08:26:05.056Z]      ⏭️  Jurnal Uang Masuk sudah ada di Accurate.
[2026-04-14T08:26:05.056Z]      ⏭️  Semua jurnal untuk hari ini sudah selesai, dilewati tanpa memanggil API Quinos.
[2026-04-14T08:26:08.059Z] 
[114/884] Memproses 2026-01-10 - SMS...
[2026-04-14T08:26:08.258Z]      ⏭️  Jurnal Penjualan sudah ada di Accurate.
[2026-04-14T08:26:08.389Z]      ⏭️  Jurnal Uang Masuk sudah ada di Accurate.
[2026-04-14T08:26:08.389Z]      ⏭️  Semua jurnal untuk hari ini sudah selesai, dilewati tanpa memanggil API Quinos.
[2026-04-14T08:26:11.391Z] 
[115/884] Memproses 2026-01-11 - SMS...
[2026-04-14T08:26:11.533Z]      ⏭️  Jurnal Penjualan sudah ada di Accurate.
[2026-04-14T08:26:11.659Z]      ⏭️  Jurnal Uang Masuk sudah ada di Accurate.
[2026-04-14T08:26:11.660Z]      ⏭️  Semua jurnal untuk hari ini sudah selesai, dilewati tanpa memanggil API Quinos.
[2026-04-14T08:26:14.662Z] 
[116/884] Memproses 2026-01-12 - SMS...
[2026-04-14T08:26:14.813Z]      ⏭️  Jurnal Penjualan sudah ada di Accurate.
[2026-04-14T08:26:14.956Z]      ⏭️  Jurnal Uang Masuk sudah ada di Accurate.
[2026-04-14T08:26:14.956Z]      ⏭️  Semua jurnal untuk hari ini sudah selesai, dilewati tanpa memanggil API Quinos.
[2026-04-14T08:26:17.959Z] 
[117/884] Memproses 2026-01-13 - SMS...
[2026-04-14T08:26:18.099Z]      ⏭️  Jurnal Penjualan sudah ada di Accurate.
[2026-04-14T08:26:18.283Z]      ⏭️  Jurnal Uang Masuk sudah ada di Accurate.
[2026-04-14T08:26:18.284Z]      ⏭️  Semua jurnal untuk hari ini sudah selesai, dilewati tanpa memanggil API Quinos.
[2026-04-14T08:26:21.286Z] 
[118/884] Memproses 2026-01-14 - SMS...
[2026-04-14T08:26:21.528Z]      ⏭️  Jurnal Penjualan sudah ada di Accurate.
[2026-04-14T08:26:21.642Z]      ⏭️  Jurnal Uang Masuk sudah ada di Accurate.
[2026-04-14T08:26:21.642Z]      ⏭️  Semua jurnal untuk hari ini sudah selesai, dilewati tanpa memanggil API Quinos.
[2026-04-14T08:26:24.644Z] 
[119/884] Memproses 2026-01-15 - SMS...
[2026-04-14T08:26:24.790Z]      ⏭️  Jurnal Penjualan sudah ada di Accurate.
[2026-04-14T08:26:24.930Z]      ⏭️  Jurnal Uang Masuk sudah ada di Accurate.
[2026-04-14T08:26:24.930Z]      ⏭️  Semua jurnal untuk hari ini sudah selesai, dilewati tanpa memanggil API Quinos.
[2026-04-14T08:26:27.932Z] 
[120/884] Memproses 2026-01-16 - SMS...
[2026-04-14T08:26:28.186Z]      ⏭️  Jurnal Penjualan sudah ada di Accurate.
[2026-04-14T08:26:28.314Z]      ⏭️  Jurnal Uang Masuk sudah ada di Accurate.
[2026-04-14T08:26:28.315Z]      ⏭️  Semua jurnal untuk hari ini sudah selesai, dilewati tanpa memanggil API Quinos.
[2026-04-14T08:26:28.315Z] 
════════════════════════════════════════════════════════════════════════
[2026-04-14T08:26:28.315Z] === LAPORAN PROGRES [120/884 — 14%] ===
[2026-04-14T08:26:28.315Z] ────────────────────────────────────────────────────────────────────────
[2026-04-14T08:26:28.315Z]   Diproses  : 120 dari 884 (14%)
[2026-04-14T08:26:28.315Z]   ✅ Sukses  : 2
[2026-04-14T08:26:28.315Z]   ⏭️  Dilewati: 118
[2026-04-14T08:26:28.315Z]   ❌ Error   : 0
[2026-04-14T08:26:28.315Z] ════════════════════════════════════════════════════════════════════════

[2026-04-14T08:26:31.315Z] 
[121/884] Memproses 2026-01-17 - SMS...
[2026-04-14T08:26:31.469Z]      ⏭️  Jurnal Penjualan sudah ada di Accurate.
[2026-04-14T08:26:31.592Z]      ⏭️  Jurnal Uang Masuk sudah ada di Accurate.
[2026-04-14T08:26:31.592Z]      ⏭️  Semua jurnal untuk hari ini sudah selesai, dilewati tanpa memanggil API Quinos.
[2026-04-14T08:26:34.594Z] 
[122/884] Memproses 2026-01-18 - SMS...
[2026-04-14T08:26:34.802Z]      ⏭️  Jurnal Penjualan sudah ada di Accurate.
[2026-04-14T08:26:34.909Z]      ⏭️  Jurnal Uang Masuk sudah ada di Accurate.
[2026-04-14T08:26:34.909Z]      ⏭️  Semua jurnal untuk hari ini sudah selesai, dilewati tanpa memanggil API Quinos.
[2026-04-14T08:26:37.916Z] 
[123/884] Memproses 2026-01-19 - SMS...
[2026-04-14T08:26:38.137Z]      ⏭️  Jurnal Penjualan sudah ada di Accurate.
[2026-04-14T08:26:38.259Z]      ⏭️  Jurnal Uang Masuk sudah ada di Accurate.
[2026-04-14T08:26:38.259Z]      ⏭️  Semua jurnal untuk hari ini sudah selesai, dilewati tanpa memanggil API Quinos.
[2026-04-14T08:26:41.267Z] 
[124/884] Memproses 2026-01-20 - SMS...
[2026-04-14T08:26:41.579Z]      ⏭️  Jurnal Penjualan sudah ada di Accurate.
[2026-04-14T08:26:41.719Z]      ⏭️  Jurnal Uang Masuk sudah ada di Accurate.
[2026-04-14T08:26:41.719Z]      ⏭️  Semua jurnal untuk hari ini sudah selesai, dilewati tanpa memanggil API Quinos.
[2026-04-14T08:26:44.721Z] 
[125/884] Memproses 2026-01-21 - SMS...
[2026-04-14T08:26:44.875Z]      ⏭️  Jurnal Penjualan sudah ada di Accurate.
[2026-04-14T08:26:45.080Z]      ⏭️  Jurnal Uang Masuk sudah ada di Accurate.
[2026-04-14T08:26:45.080Z]      ⏭️  Semua jurnal untuk hari ini sudah selesai, dilewati tanpa memanggil API Quinos.
[2026-04-14T08:26:48.084Z] 
[126/884] Memproses 2026-01-22 - SMS...
[2026-04-14T08:26:48.246Z]      ⏭️  Jurnal Penjualan sudah ada di Accurate.
[2026-04-14T08:26:48.389Z]      ⏭️  Jurnal Uang Masuk sudah ada di Accurate.
[2026-04-14T08:26:48.390Z]      ⏭️  Semua jurnal untuk hari ini sudah selesai, dilewati tanpa memanggil API Quinos.
[2026-04-14T08:26:51.393Z] 
[127/884] Memproses 2026-01-23 - SMS...
[2026-04-14T08:26:51.587Z]      ⏭️  Jurnal Penjualan sudah ada di Accurate.
[2026-04-14T08:26:51.709Z]      ⏭️  Jurnal Uang Masuk sudah ada di Accurate.
[2026-04-14T08:26:51.709Z]      ⏭️  Semua jurnal untuk hari ini sudah selesai, dilewati tanpa memanggil API Quinos.
[2026-04-14T08:26:54.713Z] 
[128/884] Memproses 2026-01-24 - SMS...
[2026-04-14T08:26:54.938Z]      ⏭️  Jurnal Penjualan sudah ada di Accurate.
[2026-04-14T08:26:55.077Z]      ⏭️  Jurnal Uang Masuk sudah ada di Accurate.
[2026-04-14T08:26:55.078Z]      ⏭️  Semua jurnal untuk hari ini sudah selesai, dilewati tanpa memanggil API Quinos.
[2026-04-14T08:26:58.079Z] 
[129/884] Memproses 2026-01-25 - SMS...
[2026-04-14T08:26:58.261Z]      ⏭️  Jurnal Penjualan sudah ada di Accurate.
[2026-04-14T08:26:58.383Z]      ⏭️  Jurnal Uang Masuk sudah ada di Accurate.
[2026-04-14T08:26:58.384Z]      ⏭️  Semua jurnal untuk hari ini sudah selesai, dilewati tanpa memanggil API Quinos.
[2026-04-14T08:27:01.386Z] 
[130/884] Memproses 2026-01-26 - SMS...
[2026-04-14T08:27:01.543Z]      ⏭️  Jurnal Penjualan sudah ada di Accurate.
[2026-04-14T08:27:01.664Z]      ⏭️  Jurnal Uang Masuk sudah ada di Accurate.
[2026-04-14T08:27:01.666Z]      ⏭️  Semua jurnal untuk hari ini sudah selesai, dilewati tanpa memanggil API Quinos.
[2026-04-14T08:27:01.666Z] 
════════════════════════════════════════════════════════════════════════
[2026-04-14T08:27:01.666Z] === LAPORAN PROGRES [130/884 — 15%] ===
[2026-04-14T08:27:01.666Z] ────────────────────────────────────────────────────────────────────────
[2026-04-14T08:27:01.666Z]   Diproses  : 130 dari 884 (15%)
[2026-04-14T08:27:01.666Z]   ✅ Sukses  : 2
[2026-04-14T08:27:01.666Z]   ⏭️  Dilewati: 128
[2026-04-14T08:27:01.666Z]   ❌ Error   : 0
[2026-04-14T08:27:01.666Z] ════════════════════════════════════════════════════════════════════════

[2026-04-14T08:27:04.667Z] 
[131/884] Memproses 2026-01-27 - SMS...
[2026-04-14T08:27:04.847Z]      ⏭️  Jurnal Penjualan sudah ada di Accurate.
[2026-04-14T08:27:04.978Z]      ⏭️  Jurnal Uang Masuk sudah ada di Accurate.
[2026-04-14T08:27:04.978Z]      ⏭️  Semua jurnal untuk hari ini sudah selesai, dilewati tanpa memanggil API Quinos.
[2026-04-14T08:27:07.979Z] 
[132/884] Memproses 2026-01-28 - SMS...
[2026-04-14T08:27:08.139Z]      ⏭️  Jurnal Penjualan sudah ada di Accurate.
[2026-04-14T08:27:08.271Z]      ⏭️  Jurnal Uang Masuk sudah ada di Accurate.
[2026-04-14T08:27:08.271Z]      ⏭️  Semua jurnal untuk hari ini sudah selesai, dilewati tanpa memanggil API Quinos.
[2026-04-14T08:27:11.271Z] 
[133/884] Memproses 2026-01-29 - SMS...
[2026-04-14T08:27:11.451Z]      ⏭️  Jurnal Penjualan sudah ada di Accurate.
[2026-04-14T08:27:11.647Z]      ⏭️  Jurnal Uang Masuk sudah ada di Accurate.
[2026-04-14T08:27:11.647Z]      ⏭️  Semua jurnal untuk hari ini sudah selesai, dilewati tanpa memanggil API Quinos.
[2026-04-14T08:27:14.650Z] 
[134/884] Memproses 2026-01-30 - SMS...
[2026-04-14T08:27:14.822Z]      ⏭️  Jurnal Penjualan sudah ada di Accurate.
[2026-04-14T08:27:14.952Z]      ⏭️  Jurnal Uang Masuk sudah ada di Accurate.
[2026-04-14T08:27:14.952Z]      ⏭️  Semua jurnal untuk hari ini sudah selesai, dilewati tanpa memanggil API Quinos.
[2026-04-14T08:27:17.954Z] 
[135/884] Memproses 2026-01-31 - SMS...
[2026-04-14T08:27:18.094Z]      ⏭️  Jurnal Penjualan sudah ada di Accurate.
[2026-04-14T08:27:18.226Z]      ⏭️  Jurnal Uang Masuk sudah ada di Accurate.
[2026-04-14T08:27:18.227Z]      ⏭️  Semua jurnal untuk hari ini sudah selesai, dilewati tanpa memanggil API Quinos.
[2026-04-14T08:27:21.230Z] 
[136/884] Memproses 2026-02-01 - SMS...
[2026-04-14T08:27:21.383Z]      ⏭️  Jurnal Penjualan sudah ada di Accurate.
[2026-04-14T08:27:21.582Z]      ⏭️  Jurnal Uang Masuk sudah ada di Accurate.
[2026-04-14T08:27:21.582Z]      ⏭️  Semua jurnal untuk hari ini sudah selesai, dilewati tanpa memanggil API Quinos.
[2026-04-14T08:27:24.584Z] 
[137/884] Memproses 2026-02-02 - SMS...
[2026-04-14T08:27:24.765Z]      ⏭️  Jurnal Penjualan sudah ada di Accurate.
[2026-04-14T08:27:24.914Z]      ⏭️  Jurnal Uang Masuk sudah ada di Accurate.
[2026-04-14T08:27:24.914Z]      ⏭️  Semua jurnal untuk hari ini sudah selesai, dilewati tanpa memanggil API Quinos.
[2026-04-14T08:27:27.915Z] 
[138/884] Memproses 2026-02-03 - SMS...
[2026-04-14T08:27:28.069Z]      ⏭️  Jurnal Penjualan sudah ada di Accurate.
[2026-04-14T08:27:28.284Z]      ⏭️  Jurnal Uang Masuk sudah ada di Accurate.
[2026-04-14T08:27:28.284Z]      ⏭️  Semua jurnal untuk hari ini sudah selesai, dilewati tanpa memanggil API Quinos.
[2026-04-14T08:27:31.287Z] 
[139/884] Memproses 2026-02-04 - SMS...
[2026-04-14T08:27:31.427Z]      ⏭️  Jurnal Penjualan sudah ada di Accurate.
[2026-04-14T08:27:31.580Z]      ⏭️  Jurnal Uang Masuk sudah ada di Accurate.
[2026-04-14T08:27:31.581Z]      ⏭️  Semua jurnal untuk hari ini sudah selesai, dilewati tanpa memanggil API Quinos.
[2026-04-14T08:27:34.582Z] 
[140/884] Memproses 2026-02-05 - SMS...
[2026-04-14T08:27:34.752Z]      ⏭️  Jurnal Penjualan sudah ada di Accurate.
[2026-04-14T08:27:34.988Z]      ⏭️  Jurnal Uang Masuk sudah ada di Accurate.
[2026-04-14T08:27:34.988Z]      ⏭️  Semua jurnal untuk hari ini sudah selesai, dilewati tanpa memanggil API Quinos.
[2026-04-14T08:27:34.988Z] 
════════════════════════════════════════════════════════════════════════
[2026-04-14T08:27:34.988Z] === LAPORAN PROGRES [140/884 — 16%] ===
[2026-04-14T08:27:34.988Z] ────────────────────────────────────────────────────────────────────────
[2026-04-14T08:27:34.988Z]   Diproses  : 140 dari 884 (16%)
[2026-04-14T08:27:34.988Z]   ✅ Sukses  : 2
[2026-04-14T08:27:34.988Z]   ⏭️  Dilewati: 138
[2026-04-14T08:27:34.988Z]   ❌ Error   : 0
[2026-04-14T08:27:34.988Z] ════════════════════════════════════════════════════════════════════════

[2026-04-14T08:27:37.988Z] 
[141/884] Memproses 2026-02-06 - SMS...
[2026-04-14T08:27:38.189Z]      ⏭️  Jurnal Penjualan sudah ada di Accurate.
[2026-04-14T08:27:38.322Z]      ⏭️  Jurnal Uang Masuk sudah ada di Accurate.
[2026-04-14T08:27:38.322Z]      ⏭️  Semua jurnal untuk hari ini sudah selesai, dilewati tanpa memanggil API Quinos.
[2026-04-14T08:27:41.325Z] 
[142/884] Memproses 2026-02-07 - SMS...
[2026-04-14T08:27:41.482Z]      ⏭️  Jurnal Penjualan sudah ada di Accurate.
[2026-04-14T08:27:41.592Z]      ⏭️  Jurnal Uang Masuk sudah ada di Accurate.
[2026-04-14T08:27:41.592Z]      ⏭️  Semua jurnal untuk hari ini sudah selesai, dilewati tanpa memanggil API Quinos.
[2026-04-14T08:27:44.594Z] 
[143/884] Memproses 2026-02-08 - SMS...
[2026-04-14T08:27:44.759Z]      ⏭️  Jurnal Penjualan sudah ada di Accurate.
[2026-04-14T08:27:44.888Z]      ⏭️  Jurnal Uang Masuk sudah ada di Accurate.
[2026-04-14T08:27:44.888Z]      ⏭️  Semua jurnal untuk hari ini sudah selesai, dilewati tanpa memanggil API Quinos.
[2026-04-14T08:27:47.889Z] 
[144/884] Memproses 2026-02-09 - SMS...
[2026-04-14T08:27:48.036Z]      ⏭️  Jurnal Penjualan sudah ada di Accurate.
[2026-04-14T08:27:48.180Z]      ⏭️  Jurnal Uang Masuk sudah ada di Accurate.
[2026-04-14T08:27:48.181Z]      ⏭️  Semua jurnal untuk hari ini sudah selesai, dilewati tanpa memanggil API Quinos.
[2026-04-14T08:27:51.182Z] 
[145/884] Memproses 2026-02-10 - SMS...
[2026-04-14T08:27:51.360Z]      ⏭️  Jurnal Penjualan sudah ada di Accurate.
[2026-04-14T08:27:51.527Z]      ⏭️  Jurnal Uang Masuk sudah ada di Accurate.
[2026-04-14T08:27:51.527Z]      ⏭️  Semua jurnal untuk hari ini sudah selesai, dilewati tanpa memanggil API Quinos.
[2026-04-14T08:27:54.528Z] 
[146/884] Memproses 2026-02-11 - SMS...
[2026-04-14T08:27:54.691Z]      ⏭️  Jurnal Penjualan sudah ada di Accurate.
[2026-04-14T08:27:54.817Z]      ⏭️  Jurnal Uang Masuk sudah ada di Accurate.
[2026-04-14T08:27:54.817Z]      ⏭️  Semua jurnal untuk hari ini sudah selesai, dilewati tanpa memanggil API Quinos.
[2026-04-14T08:27:57.819Z] 
[147/884] Memproses 2026-02-12 - SMS...
[2026-04-14T08:27:57.985Z]      ⏭️  Jurnal Penjualan sudah ada di Accurate.
[2026-04-14T08:27:58.103Z]      ⏭️  Jurnal Uang Masuk sudah ada di Accurate.
[2026-04-14T08:27:58.104Z]      ⏭️  Semua jurnal untuk hari ini sudah selesai, dilewati tanpa memanggil API Quinos.
[2026-04-14T08:28:01.105Z] 
[148/884] Memproses 2026-02-13 - SMS...
[2026-04-14T08:28:01.297Z]      ⏭️  Jurnal Penjualan sudah ada di Accurate.
[2026-04-14T08:28:01.429Z]      ⏭️  Jurnal Uang Masuk sudah ada di Accurate.
[2026-04-14T08:28:01.429Z]      ⏭️  Semua jurnal untuk hari ini sudah selesai, dilewati tanpa memanggil API Quinos.
[2026-04-14T08:28:04.429Z] 
[149/884] Memproses 2026-02-14 - SMS...
[2026-04-14T08:28:04.573Z]      ⏭️  Jurnal Penjualan sudah ada di Accurate.
[2026-04-14T08:28:04.691Z]      ⏭️  Jurnal Uang Masuk sudah ada di Accurate.
[2026-04-14T08:28:04.691Z]      ⏭️  Semua jurnal untuk hari ini sudah selesai, dilewati tanpa memanggil API Quinos.
[2026-04-14T08:28:07.692Z] 
[150/884] Memproses 2026-02-15 - SMS...
[2026-04-14T08:28:07.867Z]      ⏭️  Jurnal Penjualan sudah ada di Accurate.
[2026-04-14T08:28:08.014Z]      ⏭️  Jurnal Uang Masuk sudah ada di Accurate.
[2026-04-14T08:28:08.014Z]      ⏭️  Semua jurnal untuk hari ini sudah selesai, dilewati tanpa memanggil API Quinos.
[2026-04-14T08:28:08.014Z] 
════════════════════════════════════════════════════════════════════════
[2026-04-14T08:28:08.014Z] === LAPORAN PROGRES [150/884 — 17%] ===
[2026-04-14T08:28:08.014Z] ────────────────────────────────────────────────────────────────────────
[2026-04-14T08:28:08.014Z]   Diproses  : 150 dari 884 (17%)
[2026-04-14T08:28:08.014Z]   ✅ Sukses  : 2
[2026-04-14T08:28:08.014Z]   ⏭️  Dilewati: 148
[2026-04-14T08:28:08.014Z]   ❌ Error   : 0
[2026-04-14T08:28:08.014Z] ════════════════════════════════════════════════════════════════════════

[2026-04-14T08:28:11.016Z] 
[151/884] Memproses 2026-02-16 - SMS...
[2026-04-14T08:28:11.235Z]      ⏭️  Jurnal Penjualan sudah ada di Accurate.
[2026-04-14T08:28:11.378Z]      ⏭️  Jurnal Uang Masuk sudah ada di Accurate.
[2026-04-14T08:28:11.378Z]      ⏭️  Semua jurnal untuk hari ini sudah selesai, dilewati tanpa memanggil API Quinos.
[2026-04-14T08:28:14.379Z] 
[152/884] Memproses 2026-02-17 - SMS...
[2026-04-14T08:28:14.592Z]      ⏭️  Jurnal Penjualan sudah ada di Accurate.
[2026-04-14T08:28:14.796Z]      ⏭️  Jurnal Uang Masuk sudah ada di Accurate.
[2026-04-14T08:28:14.796Z]      ⏭️  Semua jurnal untuk hari ini sudah selesai, dilewati tanpa memanggil API Quinos.
[2026-04-14T08:28:17.799Z] 
[153/884] Memproses 2026-02-18 - SMS...
[2026-04-14T08:28:18.141Z]      ⏭️  Jurnal Penjualan sudah ada di Accurate.
[2026-04-14T08:28:18.346Z]      ⏭️  Jurnal Uang Masuk sudah ada di Accurate.
[2026-04-14T08:28:18.346Z]      ⏭️  Semua jurnal untuk hari ini sudah selesai, dilewati tanpa memanggil API Quinos.
[2026-04-14T08:28:21.351Z] 
[154/884] Memproses 2026-02-19 - SMS...
[2026-04-14T08:28:21.509Z]      ⏭️  Jurnal Penjualan sudah ada di Accurate.
[2026-04-14T08:28:21.642Z]      ⏭️  Jurnal Uang Masuk sudah ada di Accurate.
[2026-04-14T08:28:21.642Z]      ⏭️  Semua jurnal untuk hari ini sudah selesai, dilewati tanpa memanggil API Quinos.
[2026-04-14T08:28:24.643Z] 
[155/884] Memproses 2026-02-20 - SMS...
[2026-04-14T08:28:24.816Z]      ⏭️  Jurnal Penjualan sudah ada di Accurate.
[2026-04-14T08:28:24.940Z]      ⏭️  Jurnal Uang Masuk sudah ada di Accurate.
[2026-04-14T08:28:24.941Z]      ⏭️  Semua jurnal untuk hari ini sudah selesai, dilewati tanpa memanggil API Quinos.
[2026-04-14T08:28:27.943Z] 
[156/884] Memproses 2026-02-21 - SMS...
[2026-04-14T08:28:28.117Z]      ⏭️  Jurnal Penjualan sudah ada di Accurate.
[2026-04-14T08:28:28.258Z]      ⏭️  Jurnal Uang Masuk sudah ada di Accurate.
[2026-04-14T08:28:28.258Z]      ⏭️  Semua jurnal untuk hari ini sudah selesai, dilewati tanpa memanggil API Quinos.
[2026-04-14T08:28:31.259Z] 
[157/884] Memproses 2026-02-22 - SMS...
[2026-04-14T08:28:31.387Z]      ⏭️  Jurnal Penjualan sudah ada di Accurate.
[2026-04-14T08:28:31.762Z]      ⏭️  Jurnal Uang Masuk sudah ada di Accurate.
[2026-04-14T08:28:31.762Z]      ⏭️  Semua jurnal untuk hari ini sudah selesai, dilewati tanpa memanggil API Quinos.
[2026-04-14T08:28:34.763Z] 
[158/884] Memproses 2026-02-23 - SMS...
[2026-04-14T08:28:34.998Z]      ⏭️  Jurnal Penjualan sudah ada di Accurate.
[2026-04-14T08:28:35.141Z]      ⏭️  Jurnal Uang Masuk sudah ada di Accurate.
[2026-04-14T08:28:35.141Z]      ⏭️  Semua jurnal untuk hari ini sudah selesai, dilewati tanpa memanggil API Quinos.
[2026-04-14T08:28:38.141Z] 
[159/884] Memproses 2026-02-24 - SMS...
[2026-04-14T08:28:38.387Z]      ⏭️  Jurnal Penjualan sudah ada di Accurate.
[2026-04-14T08:28:38.494Z]      ⏭️  Jurnal Uang Masuk sudah ada di Accurate.
[2026-04-14T08:28:38.495Z]      ⏭️  Semua jurnal untuk hari ini sudah selesai, dilewati tanpa memanggil API Quinos.
[2026-04-14T08:28:41.495Z] 
[160/884] Memproses 2026-02-25 - SMS...
[2026-04-14T08:28:41.662Z]      ⏭️  Jurnal Penjualan sudah ada di Accurate.
[2026-04-14T08:28:41.778Z]      ⏭️  Jurnal Uang Masuk sudah ada di Accurate.
[2026-04-14T08:28:41.778Z]      ⏭️  Semua jurnal untuk hari ini sudah selesai, dilewati tanpa memanggil API Quinos.
[2026-04-14T08:28:41.778Z] 
════════════════════════════════════════════════════════════════════════
[2026-04-14T08:28:41.778Z] === LAPORAN PROGRES [160/884 — 18%] ===
[2026-04-14T08:28:41.778Z] ────────────────────────────────────────────────────────────────────────
[2026-04-14T08:28:41.778Z]   Diproses  : 160 dari 884 (18%)
[2026-04-14T08:28:41.778Z]   ✅ Sukses  : 2
[2026-04-14T08:28:41.778Z]   ⏭️  Dilewati: 158
[2026-04-14T08:28:41.778Z]   ❌ Error   : 0
[2026-04-14T08:28:41.778Z] ════════════════════════════════════════════════════════════════════════

[2026-04-14T08:28:44.780Z] 
[161/884] Memproses 2026-02-26 - SMS...
[2026-04-14T08:28:44.935Z]      ⏭️  Jurnal Penjualan sudah ada di Accurate.
[2026-04-14T08:28:45.128Z]      ⏭️  Jurnal Uang Masuk sudah ada di Accurate.
[2026-04-14T08:28:45.129Z]      ⏭️  Semua jurnal untuk hari ini sudah selesai, dilewati tanpa memanggil API Quinos.
[2026-04-14T08:28:48.130Z] 
[162/884] Memproses 2026-02-27 - SMS...
[2026-04-14T08:28:48.306Z]      ⏭️  Jurnal Penjualan sudah ada di Accurate.
[2026-04-14T08:28:48.429Z]      ⏭️  Jurnal Uang Masuk sudah ada di Accurate.
[2026-04-14T08:28:48.429Z]      ⏭️  Semua jurnal untuk hari ini sudah selesai, dilewati tanpa memanggil API Quinos.
[2026-04-14T08:28:51.430Z] 
[163/884] Memproses 2026-02-28 - SMS...
[2026-04-14T08:28:51.682Z]      ⏭️  Jurnal Penjualan sudah ada di Accurate.
[2026-04-14T08:28:51.812Z]      ⏭️  Jurnal Uang Masuk sudah ada di Accurate.
[2026-04-14T08:28:51.812Z]      ⏭️  Semua jurnal untuk hari ini sudah selesai, dilewati tanpa memanggil API Quinos.
[2026-04-14T08:28:54.814Z] 
[164/884] Memproses 2026-03-01 - SMS...
[2026-04-14T08:28:55.116Z]      ⏭️  Jurnal Penjualan sudah ada di Accurate.
[2026-04-14T08:28:55.220Z]      ⏭️  Jurnal Uang Masuk sudah ada di Accurate.
[2026-04-14T08:28:55.220Z]      ⏭️  Semua jurnal untuk hari ini sudah selesai, dilewati tanpa memanggil API Quinos.
[2026-04-14T08:28:58.222Z] 
[165/884] Memproses 2026-03-02 - SMS...
[2026-04-14T08:28:58.477Z]      ⏭️  Jurnal Penjualan sudah ada di Accurate.
[2026-04-14T08:28:58.599Z]      ⏭️  Jurnal Uang Masuk sudah ada di Accurate.
[2026-04-14T08:28:58.599Z]      ⏭️  Semua jurnal untuk hari ini sudah selesai, dilewati tanpa memanggil API Quinos.
[2026-04-14T08:29:01.600Z] 
[166/884] Memproses 2026-03-03 - SMS...
[2026-04-14T08:29:01.743Z]      ⏭️  Jurnal Penjualan sudah ada di Accurate.
[2026-04-14T08:29:01.966Z]      ⏭️  Jurnal Uang Masuk sudah ada di Accurate.
[2026-04-14T08:29:01.966Z]      ⏭️  Semua jurnal untuk hari ini sudah selesai, dilewati tanpa memanggil API Quinos.
[2026-04-14T08:29:04.967Z] 
[167/884] Memproses 2026-03-04 - SMS...
[2026-04-14T08:29:05.124Z]      ⏭️  Jurnal Penjualan sudah ada di Accurate.
[2026-04-14T08:29:05.361Z]      ⏭️  Jurnal Uang Masuk sudah ada di Accurate.
[2026-04-14T08:29:05.361Z]      ⏭️  Semua jurnal untuk hari ini sudah selesai, dilewati tanpa memanggil API Quinos.
[2026-04-14T08:29:08.363Z] 
[168/884] Memproses 2026-03-05 - SMS...
[2026-04-14T08:29:08.506Z]      ⏭️  Jurnal Penjualan sudah ada di Accurate.
[2026-04-14T08:29:08.682Z]      ⏭️  Jurnal Uang Masuk sudah ada di Accurate.
[2026-04-14T08:29:08.682Z]      ⏭️  Semua jurnal untuk hari ini sudah selesai, dilewati tanpa memanggil API Quinos.
[2026-04-14T08:29:11.684Z] 
[169/884] Memproses 2026-03-06 - SMS...
[2026-04-14T08:29:11.856Z]      ⏭️  Jurnal Penjualan sudah ada di Accurate.
[2026-04-14T08:29:11.979Z]      ⏭️  Jurnal Uang Masuk sudah ada di Accurate.
[2026-04-14T08:29:11.979Z]      ⏭️  Semua jurnal untuk hari ini sudah selesai, dilewati tanpa memanggil API Quinos.
[2026-04-14T08:29:14.983Z] 
[170/884] Memproses 2026-03-07 - SMS...
[2026-04-14T08:29:15.133Z]      ⏭️  Jurnal Penjualan sudah ada di Accurate.
[2026-04-14T08:29:15.259Z]      ⏭️  Jurnal Uang Masuk sudah ada di Accurate.
[2026-04-14T08:29:15.259Z]      ⏭️  Semua jurnal untuk hari ini sudah selesai, dilewati tanpa memanggil API Quinos.
[2026-04-14T08:29:15.259Z] 
════════════════════════════════════════════════════════════════════════
[2026-04-14T08:29:15.259Z] === LAPORAN PROGRES [170/884 — 19%] ===
[2026-04-14T08:29:15.259Z] ────────────────────────────────────────────────────────────────────────
[2026-04-14T08:29:15.259Z]   Diproses  : 170 dari 884 (19%)
[2026-04-14T08:29:15.259Z]   ✅ Sukses  : 2
[2026-04-14T08:29:15.259Z]   ⏭️  Dilewati: 168
[2026-04-14T08:29:15.259Z]   ❌ Error   : 0
[2026-04-14T08:29:15.259Z] ════════════════════════════════════════════════════════════════════════

[2026-04-14T08:29:18.262Z] 
[171/884] Memproses 2026-03-08 - SMS...
[2026-04-14T08:29:18.406Z]      ⏭️  Jurnal Penjualan sudah ada di Accurate.
[2026-04-14T08:29:18.530Z]      ⏭️  Jurnal Uang Masuk sudah ada di Accurate.
[2026-04-14T08:29:18.530Z]      ⏭️  Semua jurnal untuk hari ini sudah selesai, dilewati tanpa memanggil API Quinos.
[2026-04-14T08:29:21.532Z] 
[172/884] Memproses 2026-03-09 - SMS...
[2026-04-14T08:29:21.676Z]      ⏭️  Jurnal Penjualan sudah ada di Accurate.
[2026-04-14T08:29:21.778Z]      ⏭️  Jurnal Uang Masuk sudah ada di Accurate.
[2026-04-14T08:29:21.779Z]      ⏭️  Semua jurnal untuk hari ini sudah selesai, dilewati tanpa memanggil API Quinos.
[2026-04-14T08:29:24.781Z] 
[173/884] Memproses 2026-03-10 - SMS...
[2026-04-14T08:29:24.948Z]      ⏭️  Jurnal Penjualan sudah ada di Accurate.
[2026-04-14T08:29:25.121Z]      ⏭️  Jurnal Uang Masuk sudah ada di Accurate.
[2026-04-14T08:29:25.121Z]      ⏭️  Semua jurnal untuk hari ini sudah selesai, dilewati tanpa memanggil API Quinos.
[2026-04-14T08:29:28.123Z] 
[174/884] Memproses 2026-03-11 - SMS...
[2026-04-14T08:29:28.271Z]      ⏭️  Jurnal Penjualan sudah ada di Accurate.
[2026-04-14T08:29:28.397Z]      ⏭️  Jurnal Uang Masuk sudah ada di Accurate.
[2026-04-14T08:29:28.397Z]      ⏭️  Semua jurnal untuk hari ini sudah selesai, dilewati tanpa memanggil API Quinos.
[2026-04-14T08:29:31.403Z] 
[175/884] Memproses 2026-03-12 - SMS...
[2026-04-14T08:29:31.637Z]      ⏭️  Jurnal Penjualan sudah ada di Accurate.
[2026-04-14T08:29:31.774Z]      ⏭️  Jurnal Uang Masuk sudah ada di Accurate.
[2026-04-14T08:29:31.774Z]      ⏭️  Semua jurnal untuk hari ini sudah selesai, dilewati tanpa memanggil API Quinos.
[2026-04-14T08:29:34.775Z] 
[176/884] Memproses 2026-03-13 - SMS...
[2026-04-14T08:29:34.925Z]      ⏭️  Jurnal Penjualan sudah ada di Accurate.
[2026-04-14T08:29:35.029Z]      ⏭️  Jurnal Uang Masuk sudah ada di Accurate.
[2026-04-14T08:29:35.030Z]      ⏭️  Semua jurnal untuk hari ini sudah selesai, dilewati tanpa memanggil API Quinos.
[2026-04-14T08:29:38.031Z] 
[177/884] Memproses 2026-03-14 - SMS...
[2026-04-14T08:29:38.174Z]      ⏭️  Jurnal Penjualan sudah ada di Accurate.
[2026-04-14T08:29:38.284Z]      ⏭️  Jurnal Uang Masuk sudah ada di Accurate.
[2026-04-14T08:29:38.285Z]      ⏭️  Semua jurnal untuk hari ini sudah selesai, dilewati tanpa memanggil API Quinos.
[2026-04-14T08:29:41.286Z] 
[178/884] Memproses 2026-03-15 - SMS...
[2026-04-14T08:29:41.436Z]      ⏭️  Jurnal Penjualan sudah ada di Accurate.
[2026-04-14T08:29:41.664Z]      ⏭️  Jurnal Uang Masuk sudah ada di Accurate.
[2026-04-14T08:29:41.664Z]      ⏭️  Semua jurnal untuk hari ini sudah selesai, dilewati tanpa memanggil API Quinos.
[2026-04-14T08:29:44.666Z] 
[179/884] Memproses 2026-03-16 - SMS...
[2026-04-14T08:29:44.808Z]      ⏭️  Jurnal Penjualan sudah ada di Accurate.
[2026-04-14T08:29:44.990Z]      ⏭️  Jurnal Uang Masuk sudah ada di Accurate.
[2026-04-14T08:29:44.990Z]      ⏭️  Semua jurnal untuk hari ini sudah selesai, dilewati tanpa memanggil API Quinos.
[2026-04-14T08:29:47.992Z] 
[180/884] Memproses 2026-03-17 - SMS...
[2026-04-14T08:29:48.143Z]      ⏭️  Jurnal Penjualan sudah ada di Accurate.
[2026-04-14T08:29:48.260Z]      ⏭️  Jurnal Uang Masuk sudah ada di Accurate.
[2026-04-14T08:29:48.260Z]      ⏭️  Semua jurnal untuk hari ini sudah selesai, dilewati tanpa memanggil API Quinos.
[2026-04-14T08:29:48.260Z] 
════════════════════════════════════════════════════════════════════════
[2026-04-14T08:29:48.261Z] === LAPORAN PROGRES [180/884 — 20%] ===
[2026-04-14T08:29:48.261Z] ────────────────────────────────────────────────────────────────────────
[2026-04-14T08:29:48.261Z]   Diproses  : 180 dari 884 (20%)
[2026-04-14T08:29:48.261Z]   ✅ Sukses  : 2
[2026-04-14T08:29:48.261Z]   ⏭️  Dilewati: 178
[2026-04-14T08:29:48.261Z]   ❌ Error   : 0
[2026-04-14T08:29:48.261Z] ════════════════════════════════════════════════════════════════════════

[2026-04-14T08:29:51.263Z] 
[181/884] Memproses 2026-03-18 - SMS...
[2026-04-14T08:29:51.418Z]      ⏭️  Jurnal Penjualan sudah ada di Accurate.
[2026-04-14T08:29:51.546Z]      ⏭️  Jurnal Uang Masuk sudah ada di Accurate.
[2026-04-14T08:29:51.547Z]      ⏭️  Semua jurnal untuk hari ini sudah selesai, dilewati tanpa memanggil API Quinos.
[2026-04-14T08:29:54.548Z] 
[182/884] Memproses 2026-03-19 - SMS...
[2026-04-14T08:29:54.830Z]      ⏭️  Jurnal Penjualan sudah ada di Accurate.
[2026-04-14T08:29:55.013Z]      ⏭️  Jurnal Uang Masuk sudah ada di Accurate.
[2026-04-14T08:29:55.013Z]      ⏭️  Semua jurnal untuk hari ini sudah selesai, dilewati tanpa memanggil API Quinos.
[2026-04-14T08:29:58.016Z] 
[183/884] Memproses 2026-03-20 - SMS...
[2026-04-14T08:29:58.166Z]      ⏭️  Jurnal Penjualan sudah ada di Accurate.
[2026-04-14T08:29:58.283Z]      ⏭️  Jurnal Uang Masuk sudah ada di Accurate.
[2026-04-14T08:29:58.283Z]      ⏭️  Semua jurnal untuk hari ini sudah selesai, dilewati tanpa memanggil API Quinos.
[2026-04-14T08:30:01.285Z] 
[184/884] Memproses 2026-03-21 - SMS...
[2026-04-14T08:30:01.490Z]      ⏭️  Jurnal Penjualan sudah ada di Accurate.
[2026-04-14T08:30:01.619Z]      ⏭️  Jurnal Uang Masuk sudah ada di Accurate.
[2026-04-14T08:30:01.619Z]      ⏭️  Semua jurnal untuk hari ini sudah selesai, dilewati tanpa memanggil API Quinos.
[2026-04-14T08:30:04.620Z] 
[185/884] Memproses 2026-03-22 - SMS...
[2026-04-14T08:30:04.868Z]      ⏭️  Jurnal Penjualan sudah ada di Accurate.
[2026-04-14T08:30:04.975Z]      ⏭️  Jurnal Uang Masuk sudah ada di Accurate.
[2026-04-14T08:30:04.975Z]      ⏭️  Semua jurnal untuk hari ini sudah selesai, dilewati tanpa memanggil API Quinos.
[2026-04-14T08:30:07.978Z] 
[186/884] Memproses 2026-03-23 - SMS...
[2026-04-14T08:30:08.136Z]      ⏭️  Jurnal Penjualan sudah ada di Accurate.
[2026-04-14T08:30:08.275Z]      ⏭️  Jurnal Uang Masuk sudah ada di Accurate.
[2026-04-14T08:30:08.275Z]      ⏭️  Semua jurnal untuk hari ini sudah selesai, dilewati tanpa memanggil API Quinos.
[2026-04-14T08:30:11.277Z] 
[187/884] Memproses 2026-03-24 - SMS...
[2026-04-14T08:30:11.433Z]      ⏭️  Jurnal Penjualan sudah ada di Accurate.
[2026-04-14T08:30:11.567Z]      ⏭️  Jurnal Uang Masuk sudah ada di Accurate.
[2026-04-14T08:30:11.568Z]      ⏭️  Semua jurnal untuk hari ini sudah selesai, dilewati tanpa memanggil API Quinos.
[2026-04-14T08:30:14.569Z] 
[188/884] Memproses 2026-03-25 - SMS...
[2026-04-14T08:30:14.763Z]      ⏭️  Jurnal Penjualan sudah ada di Accurate.
[2026-04-14T08:30:14.870Z]      ⏭️  Jurnal Uang Masuk sudah ada di Accurate.
[2026-04-14T08:30:14.870Z]      ⏭️  Semua jurnal untuk hari ini sudah selesai, dilewati tanpa memanggil API Quinos.
[2026-04-14T08:30:17.872Z] 
[189/884] Memproses 2026-03-26 - SMS...
[2026-04-14T08:30:18.116Z]      ⏭️  Jurnal Penjualan sudah ada di Accurate.
[2026-04-14T08:30:18.330Z]      ⏭️  Jurnal Uang Masuk sudah ada di Accurate.
[2026-04-14T08:30:18.330Z]      ⏭️  Semua jurnal untuk hari ini sudah selesai, dilewati tanpa memanggil API Quinos.
[2026-04-14T08:30:21.331Z] 
[190/884] Memproses 2026-03-27 - SMS...
[2026-04-14T08:30:21.585Z]      ⏭️  Jurnal Penjualan sudah ada di Accurate.
[2026-04-14T08:30:21.729Z]      ⏭️  Jurnal Uang Masuk sudah ada di Accurate.
[2026-04-14T08:30:21.729Z]      ⏭️  Semua jurnal untuk hari ini sudah selesai, dilewati tanpa memanggil API Quinos.
[2026-04-14T08:30:21.729Z] 
════════════════════════════════════════════════════════════════════════
[2026-04-14T08:30:21.729Z] === LAPORAN PROGRES [190/884 — 21%] ===
[2026-04-14T08:30:21.729Z] ────────────────────────────────────────────────────────────────────────
[2026-04-14T08:30:21.730Z]   Diproses  : 190 dari 884 (21%)
[2026-04-14T08:30:21.730Z]   ✅ Sukses  : 2
[2026-04-14T08:30:21.730Z]   ⏭️  Dilewati: 188
[2026-04-14T08:30:21.730Z]   ❌ Error   : 0
[2026-04-14T08:30:21.730Z] ════════════════════════════════════════════════════════════════════════

[2026-04-14T08:30:24.731Z] 
[191/884] Memproses 2026-03-28 - SMS...
[2026-04-14T08:30:24.883Z]      ⏭️  Jurnal Penjualan sudah ada di Accurate.
[2026-04-14T08:30:25.000Z]      ⏭️  Jurnal Uang Masuk sudah ada di Accurate.
[2026-04-14T08:30:25.000Z]      ⏭️  Semua jurnal untuk hari ini sudah selesai, dilewati tanpa memanggil API Quinos.
[2026-04-14T08:30:28.003Z] 
[192/884] Memproses 2026-03-29 - SMS...
[2026-04-14T08:30:28.213Z]      ⏭️  Jurnal Penjualan sudah ada di Accurate.
[2026-04-14T08:30:28.325Z]      ⏭️  Jurnal Uang Masuk sudah ada di Accurate.
[2026-04-14T08:30:28.325Z]      ⏭️  Semua jurnal untuk hari ini sudah selesai, dilewati tanpa memanggil API Quinos.
[2026-04-14T08:30:31.326Z] 
[193/884] Memproses 2026-03-30 - SMS...
[2026-04-14T08:30:31.561Z]      ⏭️  Jurnal Penjualan sudah ada di Accurate.
[2026-04-14T08:30:31.710Z]      ⏭️  Jurnal Uang Masuk sudah ada di Accurate.
[2026-04-14T08:30:31.711Z]      ⏭️  Semua jurnal untuk hari ini sudah selesai, dilewati tanpa memanggil API Quinos.
[2026-04-14T08:30:34.711Z] 
[194/884] Memproses 2026-03-31 - SMS...
[2026-04-14T08:30:34.851Z]      ⏭️  Jurnal Penjualan sudah ada di Accurate.
[2026-04-14T08:30:34.969Z]      ⏭️  Jurnal Uang Masuk sudah ada di Accurate.
[2026-04-14T08:30:34.969Z]      ⏭️  Semua jurnal untuk hari ini sudah selesai, dilewati tanpa memanggil API Quinos.
[2026-04-14T08:30:37.970Z] 
[195/884] Memproses 2026-04-01 - SMS...
[2026-04-14T08:30:38.203Z]      ⏭️  Jurnal Penjualan sudah ada di Accurate.
[2026-04-14T08:30:38.314Z]      ⏭️  Jurnal Uang Masuk sudah ada di Accurate.
[2026-04-14T08:30:38.314Z]      ⏭️  Semua jurnal untuk hari ini sudah selesai, dilewati tanpa memanggil API Quinos.
[2026-04-14T08:30:41.315Z] 
[196/884] Memproses 2026-04-02 - SMS...
[2026-04-14T08:30:41.501Z]      ⏭️  Jurnal Penjualan sudah ada di Accurate.
[2026-04-14T08:30:41.696Z]      ⏭️  Jurnal Uang Masuk sudah ada di Accurate.
[2026-04-14T08:30:41.696Z]      ⏭️  Semua jurnal untuk hari ini sudah selesai, dilewati tanpa memanggil API Quinos.
[2026-04-14T08:30:44.697Z] 
[197/884] Memproses 2026-04-03 - SMS...
[2026-04-14T08:30:44.876Z]      ⏭️  Jurnal Penjualan sudah ada di Accurate.
[2026-04-14T08:30:44.997Z]      ⏭️  Jurnal Uang Masuk sudah ada di Accurate.
[2026-04-14T08:30:44.997Z]      ⏭️  Semua jurnal untuk hari ini sudah selesai, dilewati tanpa memanggil API Quinos.
[2026-04-14T08:30:47.999Z] 
[198/884] Memproses 2026-04-04 - SMS...
[2026-04-14T08:30:48.226Z]      ⏭️  Jurnal Penjualan sudah ada di Accurate.
[2026-04-14T08:30:48.341Z]      ⏭️  Jurnal Uang Masuk sudah ada di Accurate.
[2026-04-14T08:30:48.341Z]      ⏭️  Semua jurnal untuk hari ini sudah selesai, dilewati tanpa memanggil API Quinos.
[2026-04-14T08:30:51.342Z] 
[199/884] Memproses 2026-04-05 - SMS...
[2026-04-14T08:30:51.484Z]      ⏭️  Jurnal Penjualan sudah ada di Accurate.
[2026-04-14T08:30:51.687Z]      ⏭️  Jurnal Uang Masuk sudah ada di Accurate.
[2026-04-14T08:30:51.687Z]      ⏭️  Semua jurnal untuk hari ini sudah selesai, dilewati tanpa memanggil API Quinos.
[2026-04-14T08:30:54.689Z] 
[200/884] Memproses 2026-04-06 - SMS...
[2026-04-14T08:30:54.963Z]      ⏭️  Jurnal Penjualan sudah ada di Accurate.
[2026-04-14T08:30:55.108Z]      ⏭️  Jurnal Uang Masuk sudah ada di Accurate.
[2026-04-14T08:30:55.109Z]      ⏭️  Semua jurnal untuk hari ini sudah selesai, dilewati tanpa memanggil API Quinos.
[2026-04-14T08:30:55.109Z] 
════════════════════════════════════════════════════════════════════════
[2026-04-14T08:30:55.109Z] === LAPORAN PROGRES [200/884 — 23%] ===
[2026-04-14T08:30:55.109Z] ────────────────────────────────────────────────────────────────────────
[2026-04-14T08:30:55.109Z]   Diproses  : 200 dari 884 (23%)
[2026-04-14T08:30:55.109Z]   ✅ Sukses  : 2
[2026-04-14T08:30:55.109Z]   ⏭️  Dilewati: 198
[2026-04-14T08:30:55.109Z]   ❌ Error   : 0
[2026-04-14T08:30:55.109Z] ════════════════════════════════════════════════════════════════════════

[2026-04-14T08:30:58.111Z] 
[201/884] Memproses 2026-04-07 - SMS...
[2026-04-14T08:30:58.278Z]      ⏭️  Jurnal Penjualan sudah ada di Accurate.
[2026-04-14T08:30:58.613Z]      ⏭️  Jurnal Uang Masuk sudah ada di Accurate.
[2026-04-14T08:30:58.613Z]      ⏭️  Semua jurnal untuk hari ini sudah selesai, dilewati tanpa memanggil API Quinos.
[2026-04-14T08:31:01.615Z] 
[202/884] Memproses 2026-04-08 - SMS...
[2026-04-14T08:31:01.800Z]      ⏭️  Jurnal Penjualan sudah ada di Accurate.
[2026-04-14T08:31:01.913Z]      ⏭️  Jurnal Uang Masuk sudah ada di Accurate.
[2026-04-14T08:31:01.914Z]      ⏭️  Semua jurnal untuk hari ini sudah selesai, dilewati tanpa memanggil API Quinos.
[2026-04-14T08:31:04.916Z] 
[203/884] Memproses 2026-04-09 - SMS...
[2026-04-14T08:31:05.209Z]      ⏭️  Jurnal Penjualan sudah ada di Accurate.
[2026-04-14T08:31:05.363Z]      ⏭️  Jurnal Uang Masuk sudah ada di Accurate.
[2026-04-14T08:31:05.363Z]      ⏭️  Semua jurnal untuk hari ini sudah selesai, dilewati tanpa memanggil API Quinos.
[2026-04-14T08:31:08.366Z] 
[204/884] Memproses 2026-04-10 - SMS...
[2026-04-14T08:31:08.580Z]      ⏭️  Jurnal Penjualan sudah ada di Accurate.
[2026-04-14T08:31:08.720Z]      ⏭️  Jurnal Uang Masuk sudah ada di Accurate.
[2026-04-14T08:31:08.721Z]      ⏭️  Semua jurnal untuk hari ini sudah selesai, dilewati tanpa memanggil API Quinos.
[2026-04-14T08:31:11.722Z] 
[205/884] Memproses 2026-04-11 - SMS...
[2026-04-14T08:31:11.927Z]      ⏭️  Jurnal Penjualan sudah ada di Accurate.
[2026-04-14T08:31:12.067Z]      ⏭️  Jurnal Uang Masuk sudah ada di Accurate.
[2026-04-14T08:31:12.067Z]      ⏭️  Semua jurnal untuk hari ini sudah selesai, dilewati tanpa memanggil API Quinos.
[2026-04-14T08:31:15.070Z] 
[206/884] Memproses 2026-04-12 - SMS...
[2026-04-14T08:31:15.375Z]      ⏭️  Jurnal Penjualan sudah ada di Accurate.
[2026-04-14T08:31:15.608Z]      ⏭️  Jurnal Uang Masuk sudah ada di Accurate.
[2026-04-14T08:31:15.608Z]      ⏭️  Semua jurnal untuk hari ini sudah selesai, dilewati tanpa memanggil API Quinos.
[2026-04-14T08:31:18.610Z] 
[207/884] Memproses 2026-03-18 - SMB GOLD LOUNGE...
[2026-04-14T08:31:18.825Z]      ⏭️  Jurnal Penjualan sudah ada di Accurate.
[2026-04-14T08:31:19.070Z]      ⏭️  Jurnal Uang Masuk sudah ada di Accurate.
[2026-04-14T08:31:19.070Z]      ⏭️  Semua jurnal untuk hari ini sudah selesai, dilewati tanpa memanggil API Quinos.
[2026-04-14T08:31:22.077Z] 
[208/884] Memproses 2026-03-19 - SMB GOLD LOUNGE...
[2026-04-14T08:31:22.312Z]      ⏭️  Jurnal Penjualan sudah ada di Accurate.
[2026-04-14T08:31:22.474Z]      ⏭️  Jurnal Uang Masuk sudah ada di Accurate.
[2026-04-14T08:31:22.474Z]      ⏭️  Semua jurnal untuk hari ini sudah selesai, dilewati tanpa memanggil API Quinos.
[2026-04-14T08:31:25.476Z] 
[209/884] Memproses 2026-03-20 - SMB GOLD LOUNGE...
[2026-04-14T08:31:25.747Z]      ⏭️  Jurnal Penjualan sudah ada di Accurate.
[2026-04-14T08:31:25.931Z]      ⏭️  Jurnal Uang Masuk sudah ada di Accurate.
[2026-04-14T08:31:25.931Z]      ⏭️  Semua jurnal untuk hari ini sudah selesai, dilewati tanpa memanggil API Quinos.
[2026-04-14T08:31:28.933Z] 
[210/884] Memproses 2026-03-21 - SMB GOLD LOUNGE...
[2026-04-14T08:31:29.150Z]      ⏭️  Jurnal Penjualan sudah ada di Accurate.
[2026-04-14T08:31:29.300Z]      ⏭️  Jurnal Uang Masuk sudah ada di Accurate.
[2026-04-14T08:31:29.300Z]      ⏭️  Semua jurnal untuk hari ini sudah selesai, dilewati tanpa memanggil API Quinos.
[2026-04-14T08:31:29.301Z] 
════════════════════════════════════════════════════════════════════════
[2026-04-14T08:31:29.301Z] === LAPORAN PROGRES [210/884 — 24%] ===
[2026-04-14T08:31:29.301Z] ────────────────────────────────────────────────────────────────────────
[2026-04-14T08:31:29.301Z]   Diproses  : 210 dari 884 (24%)
[2026-04-14T08:31:29.301Z]   ✅ Sukses  : 2
[2026-04-14T08:31:29.301Z]   ⏭️  Dilewati: 208
[2026-04-14T08:31:29.301Z]   ❌ Error   : 0
[2026-04-14T08:31:29.301Z] ════════════════════════════════════════════════════════════════════════

[2026-04-14T08:31:32.302Z] 
[211/884] Memproses 2026-03-22 - SMB GOLD LOUNGE...
[2026-04-14T08:31:32.533Z]      ⏭️  Jurnal Penjualan sudah ada di Accurate.
[2026-04-14T08:31:32.796Z]      ⏭️  Jurnal Uang Masuk sudah ada di Accurate.
[2026-04-14T08:31:32.796Z]      ⏭️  Semua jurnal untuk hari ini sudah selesai, dilewati tanpa memanggil API Quinos.
[2026-04-14T08:31:35.798Z] 
[212/884] Memproses 2026-03-23 - SMB GOLD LOUNGE...
[2026-04-14T08:31:36.047Z]      ⏭️  Jurnal Penjualan sudah ada di Accurate.
[2026-04-14T08:31:36.197Z]      ⏭️  Jurnal Uang Masuk sudah ada di Accurate.
[2026-04-14T08:31:36.198Z]      ⏭️  Semua jurnal untuk hari ini sudah selesai, dilewati tanpa memanggil API Quinos.
[2026-04-14T08:31:39.199Z] 
[213/884] Memproses 2026-03-24 - SMB GOLD LOUNGE...
[2026-04-14T08:31:39.381Z]      ⏭️  Jurnal Penjualan sudah ada di Accurate.
[2026-04-14T08:31:39.547Z]      ⏭️  Jurnal Uang Masuk sudah ada di Accurate.
[2026-04-14T08:31:39.547Z]      ⏭️  Semua jurnal untuk hari ini sudah selesai, dilewati tanpa memanggil API Quinos.
[2026-04-14T08:31:42.549Z] 
[214/884] Memproses 2026-03-25 - SMB GOLD LOUNGE...
[2026-04-14T08:31:42.816Z]      ⏭️  Jurnal Penjualan sudah ada di Accurate.
[2026-04-14T08:31:42.990Z]      ⏭️  Jurnal Uang Masuk sudah ada di Accurate.
[2026-04-14T08:31:42.991Z]      ⏭️  Semua jurnal untuk hari ini sudah selesai, dilewati tanpa memanggil API Quinos.
[2026-04-14T08:31:45.993Z] 
[215/884] Memproses 2026-03-26 - SMB GOLD LOUNGE...
[2026-04-14T08:31:46.310Z]      ⏭️  Jurnal Penjualan sudah ada di Accurate.
[2026-04-14T08:31:46.463Z]      ⏭️  Jurnal Uang Masuk sudah ada di Accurate.
[2026-04-14T08:31:46.463Z]      ⏭️  Semua jurnal untuk hari ini sudah selesai, dilewati tanpa memanggil API Quinos.
[2026-04-14T08:31:49.465Z] 
[216/884] Memproses 2026-03-27 - SMB GOLD LOUNGE...
[2026-04-14T08:31:49.674Z]      ⏭️  Jurnal Penjualan sudah ada di Accurate.
[2026-04-14T08:31:49.817Z]      ⏭️  Jurnal Uang Masuk sudah ada di Accurate.
[2026-04-14T08:31:49.817Z]      ⏭️  Semua jurnal untuk hari ini sudah selesai, dilewati tanpa memanggil API Quinos.
[2026-04-14T08:31:52.818Z] 
[217/884] Memproses 2026-03-28 - SMB GOLD LOUNGE...
[2026-04-14T08:31:53.005Z]      ⏭️  Jurnal Penjualan sudah ada di Accurate.
[2026-04-14T08:31:53.137Z]      ⏭️  Jurnal Uang Masuk sudah ada di Accurate.
[2026-04-14T08:31:53.137Z]      ⏭️  Semua jurnal untuk hari ini sudah selesai, dilewati tanpa memanggil API Quinos.
[2026-04-14T08:31:56.140Z] 
[218/884] Memproses 2026-03-29 - SMB GOLD LOUNGE...
[2026-04-14T08:31:56.322Z]      ⏭️  Jurnal Penjualan sudah ada di Accurate.
[2026-04-14T08:31:56.447Z]      ⏭️  Jurnal Uang Masuk sudah ada di Accurate.
[2026-04-14T08:31:56.447Z]      ⏭️  Semua jurnal untuk hari ini sudah selesai, dilewati tanpa memanggil API Quinos.
[2026-04-14T08:31:59.448Z] 
[219/884] Memproses 2026-03-30 - SMB GOLD LOUNGE...
[2026-04-14T08:31:59.623Z]      ⏭️  Jurnal Penjualan sudah ada di Accurate.
[2026-04-14T08:31:59.750Z]      ⏭️  Jurnal Uang Masuk sudah ada di Accurate.
[2026-04-14T08:31:59.750Z]      ⏭️  Semua jurnal untuk hari ini sudah selesai, dilewati tanpa memanggil API Quinos.
[2026-04-14T08:32:02.752Z] 
[220/884] Memproses 2026-03-31 - SMB GOLD LOUNGE...
[2026-04-14T08:32:02.992Z]      ⏭️  Jurnal Penjualan sudah ada di Accurate.
[2026-04-14T08:32:03.150Z]      ⏭️  Jurnal Uang Masuk sudah ada di Accurate.
[2026-04-14T08:32:03.150Z]      ⏭️  Semua jurnal untuk hari ini sudah selesai, dilewati tanpa memanggil API Quinos.
[2026-04-14T08:32:03.150Z] 
════════════════════════════════════════════════════════════════════════
[2026-04-14T08:32:03.150Z] === LAPORAN PROGRES [220/884 — 25%] ===
[2026-04-14T08:32:03.150Z] ────────────────────────────────────────────────────────────────────────
[2026-04-14T08:32:03.150Z]   Diproses  : 220 dari 884 (25%)
[2026-04-14T08:32:03.150Z]   ✅ Sukses  : 2
[2026-04-14T08:32:03.150Z]   ⏭️  Dilewati: 218
[2026-04-14T08:32:03.150Z]   ❌ Error   : 0
[2026-04-14T08:32:03.150Z] ════════════════════════════════════════════════════════════════════════

[2026-04-14T08:32:06.152Z] 
[221/884] Memproses 2026-04-01 - SMB GOLD LOUNGE...
[2026-04-14T08:32:06.330Z]      ⏭️  Jurnal Penjualan sudah ada di Accurate.
[2026-04-14T08:32:06.457Z]      ⏭️  Jurnal Uang Masuk sudah ada di Accurate.
[2026-04-14T08:32:06.457Z]      ⏭️  Semua jurnal untuk hari ini sudah selesai, dilewati tanpa memanggil API Quinos.
[2026-04-14T08:32:09.459Z] 
[222/884] Memproses 2026-04-02 - SMB GOLD LOUNGE...
[2026-04-14T08:32:09.691Z]      ⏭️  Jurnal Penjualan sudah ada di Accurate.
[2026-04-14T08:32:09.958Z]      ⏭️  Jurnal Uang Masuk sudah ada di Accurate.
[2026-04-14T08:32:09.958Z]      ⏭️  Semua jurnal untuk hari ini sudah selesai, dilewati tanpa memanggil API Quinos.
[2026-04-14T08:32:12.959Z] 
[223/884] Memproses 2026-04-03 - SMB GOLD LOUNGE...
[2026-04-14T08:32:13.114Z]      ⏭️  Jurnal Penjualan sudah ada di Accurate.
[2026-04-14T08:32:13.245Z]      ⏭️  Jurnal Uang Masuk sudah ada di Accurate.
[2026-04-14T08:32:13.245Z]      ⏭️  Semua jurnal untuk hari ini sudah selesai, dilewati tanpa memanggil API Quinos.
[2026-04-14T08:32:16.246Z] 
[224/884] Memproses 2026-04-04 - SMB GOLD LOUNGE...
[2026-04-14T08:32:16.416Z]      ⏭️  Jurnal Penjualan sudah ada di Accurate.
[2026-04-14T08:32:16.603Z]      ⏭️  Jurnal Uang Masuk sudah ada di Accurate.
[2026-04-14T08:32:16.603Z]      ⏭️  Semua jurnal untuk hari ini sudah selesai, dilewati tanpa memanggil API Quinos.
[2026-04-14T08:32:19.604Z] 
[225/884] Memproses 2026-04-05 - SMB GOLD LOUNGE...
[2026-04-14T08:32:19.917Z]      ⏭️  Jurnal Penjualan sudah ada di Accurate.
[2026-04-14T08:32:20.035Z]      ⏭️  Jurnal Uang Masuk sudah ada di Accurate.
[2026-04-14T08:32:20.035Z]      ⏭️  Semua jurnal untuk hari ini sudah selesai, dilewati tanpa memanggil API Quinos.
[2026-04-14T08:32:23.036Z] 
[226/884] Memproses 2026-04-06 - SMB GOLD LOUNGE...
[2026-04-14T08:32:23.276Z]      ⏭️  Jurnal Penjualan sudah ada di Accurate.
[2026-04-14T08:32:23.399Z]      ⏭️  Jurnal Uang Masuk sudah ada di Accurate.
[2026-04-14T08:32:23.399Z]      ⏭️  Semua jurnal untuk hari ini sudah selesai, dilewati tanpa memanggil API Quinos.
[2026-04-14T08:32:26.402Z] 
[227/884] Memproses 2026-04-07 - SMB GOLD LOUNGE...
[2026-04-14T08:32:26.574Z]      ⏭️  Jurnal Penjualan sudah ada di Accurate.
[2026-04-14T08:32:26.710Z]      ⏭️  Jurnal Uang Masuk sudah ada di Accurate.
[2026-04-14T08:32:26.710Z]      ⏭️  Semua jurnal untuk hari ini sudah selesai, dilewati tanpa memanggil API Quinos.
[2026-04-14T08:32:29.713Z] 
[228/884] Memproses 2026-04-08 - SMB GOLD LOUNGE...
[2026-04-14T08:32:30.049Z]      ⏭️  Jurnal Penjualan sudah ada di Accurate.
[2026-04-14T08:32:30.188Z]      ⏭️  Jurnal Uang Masuk sudah ada di Accurate.
[2026-04-14T08:32:30.188Z]      ⏭️  Semua jurnal untuk hari ini sudah selesai, dilewati tanpa memanggil API Quinos.
[2026-04-14T08:32:33.190Z] 
[229/884] Memproses 2026-04-09 - SMB GOLD LOUNGE...
[2026-04-14T08:32:33.405Z]      ⏭️  Jurnal Penjualan sudah ada di Accurate.
[2026-04-14T08:32:33.532Z]      ⏭️  Jurnal Uang Masuk sudah ada di Accurate.
[2026-04-14T08:32:33.534Z]      ⏭️  Semua jurnal untuk hari ini sudah selesai, dilewati tanpa memanggil API Quinos.
[2026-04-14T08:32:36.536Z] 
[230/884] Memproses 2025-12-12 - BSD...
[2026-04-14T08:32:36.690Z]      ⏭️  Jurnal Penjualan sudah ada di Accurate.
[2026-04-14T08:32:36.891Z]      ⏭️  Jurnal Uang Masuk sudah ada di Accurate.
[2026-04-14T08:32:36.891Z]      ⏭️  Semua jurnal untuk hari ini sudah selesai, dilewati tanpa memanggil API Quinos.
[2026-04-14T08:32:36.891Z] 
════════════════════════════════════════════════════════════════════════
[2026-04-14T08:32:36.891Z] === LAPORAN PROGRES [230/884 — 26%] ===
[2026-04-14T08:32:36.891Z] ────────────────────────────────────────────────────────────────────────
[2026-04-14T08:32:36.891Z]   Diproses  : 230 dari 884 (26%)
[2026-04-14T08:32:36.891Z]   ✅ Sukses  : 2
[2026-04-14T08:32:36.891Z]   ⏭️  Dilewati: 228
[2026-04-14T08:32:36.891Z]   ❌ Error   : 0
[2026-04-14T08:32:36.891Z] ════════════════════════════════════════════════════════════════════════

[2026-04-14T08:32:39.893Z] 
[231/884] Memproses 2025-12-13 - BSD...
[2026-04-14T08:32:40.157Z]      📡 Mengambil data dari Quinos...
[2026-04-14T08:32:43.642Z] [ERROR]      ❌ ERROR: Data kosong (0) untuk tanggal ini. Tidak ada detail transaksi yang dapat dikirim (toko mungkin tutup).
[2026-04-14T08:32:46.643Z] 
[232/884] Memproses 2025-12-14 - BSD...
[2026-04-14T08:32:46.797Z]      ⏭️  Jurnal Penjualan sudah ada di Accurate.
[2026-04-14T08:32:46.938Z]      ⏭️  Jurnal Uang Masuk sudah ada di Accurate.
[2026-04-14T08:32:46.938Z]      ⏭️  Semua jurnal untuk hari ini sudah selesai, dilewati tanpa memanggil API Quinos.
[2026-04-14T08:32:49.939Z] 
[233/884] Memproses 2025-12-15 - BSD...
[2026-04-14T08:32:50.175Z]      ⏭️  Jurnal Penjualan sudah ada di Accurate.
[2026-04-14T08:32:50.378Z]      ⏭️  Jurnal Uang Masuk sudah ada di Accurate.
[2026-04-14T08:32:50.379Z]      ⏭️  Semua jurnal untuk hari ini sudah selesai, dilewati tanpa memanggil API Quinos.
[2026-04-14T08:32:53.378Z] 
[234/884] Memproses 2025-12-16 - BSD...
[2026-04-14T08:32:53.533Z]      ⏭️  Jurnal Penjualan sudah ada di Accurate.
[2026-04-14T08:32:53.694Z]      ⏭️  Jurnal Uang Masuk sudah ada di Accurate.
[2026-04-14T08:32:53.694Z]      ⏭️  Semua jurnal untuk hari ini sudah selesai, dilewati tanpa memanggil API Quinos.
[2026-04-14T08:32:56.695Z] 
[235/884] Memproses 2025-12-17 - BSD...
[2026-04-14T08:32:56.980Z]      ⏭️  Jurnal Penjualan sudah ada di Accurate.
[2026-04-14T08:32:57.159Z]      ⏭️  Jurnal Uang Masuk sudah ada di Accurate.
[2026-04-14T08:32:57.159Z]      ⏭️  Semua jurnal untuk hari ini sudah selesai, dilewati tanpa memanggil API Quinos.
[2026-04-14T08:33:00.160Z] 
[236/884] Memproses 2025-12-18 - BSD...
[2026-04-14T08:33:00.294Z]      ⏭️  Jurnal Penjualan sudah ada di Accurate.
[2026-04-14T08:33:00.426Z]      ⏭️  Jurnal Uang Masuk sudah ada di Accurate.
[2026-04-14T08:33:00.426Z]      ⏭️  Semua jurnal untuk hari ini sudah selesai, dilewati tanpa memanggil API Quinos.
[2026-04-14T08:33:03.428Z] 
[237/884] Memproses 2025-12-19 - BSD...
[2026-04-14T08:33:03.669Z]      ⏭️  Jurnal Penjualan sudah ada di Accurate.
[2026-04-14T08:33:03.823Z]      ⏭️  Jurnal Uang Masuk sudah ada di Accurate.
[2026-04-14T08:33:03.823Z]      ⏭️  Semua jurnal untuk hari ini sudah selesai, dilewati tanpa memanggil API Quinos.
[2026-04-14T08:33:06.823Z] 
[238/884] Memproses 2025-12-20 - BSD...
[2026-04-14T08:33:06.970Z]      ⏭️  Jurnal Penjualan sudah ada di Accurate.
[2026-04-14T08:33:07.088Z]      ⏭️  Jurnal Uang Masuk sudah ada di Accurate.
[2026-04-14T08:33:07.088Z]      ⏭️  Semua jurnal untuk hari ini sudah selesai, dilewati tanpa memanggil API Quinos.
[2026-04-14T08:33:10.088Z] 
[239/884] Memproses 2025-12-21 - BSD...
[2026-04-14T08:33:10.235Z]      ⏭️  Jurnal Penjualan sudah ada di Accurate.
[2026-04-14T08:33:10.423Z]      ⏭️  Jurnal Uang Masuk sudah ada di Accurate.
[2026-04-14T08:33:10.423Z]      ⏭️  Semua jurnal untuk hari ini sudah selesai, dilewati tanpa memanggil API Quinos.
[2026-04-14T08:33:13.424Z] 
[240/884] Memproses 2025-12-22 - BSD...
[2026-04-14T08:33:13.679Z]      ⏭️  Jurnal Penjualan sudah ada di Accurate.
[2026-04-14T08:33:13.910Z]      ⏭️  Jurnal Uang Masuk sudah ada di Accurate.
[2026-04-14T08:33:13.910Z]      ⏭️  Semua jurnal untuk hari ini sudah selesai, dilewati tanpa memanggil API Quinos.
[2026-04-14T08:33:13.910Z] 
════════════════════════════════════════════════════════════════════════
[2026-04-14T08:33:13.910Z] === LAPORAN PROGRES [240/884 — 27%] ===
[2026-04-14T08:33:13.910Z] ────────────────────────────────────────────────────────────────────────
[2026-04-14T08:33:13.910Z]   Diproses  : 240 dari 884 (27%)
[2026-04-14T08:33:13.910Z]   ✅ Sukses  : 2
[2026-04-14T08:33:13.910Z]   ⏭️  Dilewati: 237
[2026-04-14T08:33:13.910Z]   ❌ Error   : 1
[2026-04-14T08:33:13.910Z]        • Toko Tutup / Data Kosong: 1x
[2026-04-14T08:33:13.910Z] ────────────────────────────────────────────────────────────────────────
[2026-04-14T08:33:13.910Z]   Detail Error:
[2026-04-14T08:33:13.911Z]     [2025-12-13] BSD              | Penjualan    | Toko Tutup / Data Kosong
[2026-04-14T08:33:13.911Z] ════════════════════════════════════════════════════════════════════════

[2026-04-14T08:33:16.912Z] 
[241/884] Memproses 2025-12-23 - BSD...
[2026-04-14T08:33:17.072Z]      ⏭️  Jurnal Penjualan sudah ada di Accurate.
[2026-04-14T08:33:17.202Z]      ⏭️  Jurnal Uang Masuk sudah ada di Accurate.
[2026-04-14T08:33:17.203Z]      ⏭️  Semua jurnal untuk hari ini sudah selesai, dilewati tanpa memanggil API Quinos.
[2026-04-14T08:33:20.204Z] 
[242/884] Memproses 2025-12-24 - BSD...
[2026-04-14T08:33:20.343Z]      ⏭️  Jurnal Penjualan sudah ada di Accurate.
[2026-04-14T08:33:20.443Z]      ⏭️  Jurnal Uang Masuk sudah ada di Accurate.
[2026-04-14T08:33:20.443Z]      ⏭️  Semua jurnal untuk hari ini sudah selesai, dilewati tanpa memanggil API Quinos.
[2026-04-14T08:33:23.444Z] 
[243/884] Memproses 2025-12-25 - BSD...
[2026-04-14T08:33:23.608Z]      ⏭️  Jurnal Penjualan sudah ada di Accurate.
[2026-04-14T08:33:23.719Z]      ⏭️  Jurnal Uang Masuk sudah ada di Accurate.
[2026-04-14T08:33:23.720Z]      ⏭️  Semua jurnal untuk hari ini sudah selesai, dilewati tanpa memanggil API Quinos.
[2026-04-14T08:33:26.721Z] 
[244/884] Memproses 2025-12-26 - BSD...
[2026-04-14T08:33:26.887Z]      ⏭️  Jurnal Penjualan sudah ada di Accurate.
[2026-04-14T08:33:27.009Z]      ⏭️  Jurnal Uang Masuk sudah ada di Accurate.
[2026-04-14T08:33:27.009Z]      ⏭️  Semua jurnal untuk hari ini sudah selesai, dilewati tanpa memanggil API Quinos.
[2026-04-14T08:33:30.010Z] 
[245/884] Memproses 2025-12-27 - BSD...
[2026-04-14T08:33:30.184Z]      ⏭️  Jurnal Penjualan sudah ada di Accurate.
[2026-04-14T08:33:30.338Z]      ⏭️  Jurnal Uang Masuk sudah ada di Accurate.
[2026-04-14T08:33:30.338Z]      ⏭️  Semua jurnal untuk hari ini sudah selesai, dilewati tanpa memanggil API Quinos.
[2026-04-14T08:33:33.339Z] 
[246/884] Memproses 2025-12-28 - BSD...
[2026-04-14T08:33:33.482Z]      ⏭️  Jurnal Penjualan sudah ada di Accurate.
[2026-04-14T08:33:33.656Z]      ⏭️  Jurnal Uang Masuk sudah ada di Accurate.
[2026-04-14T08:33:33.657Z]      ⏭️  Semua jurnal untuk hari ini sudah selesai, dilewati tanpa memanggil API Quinos.
[2026-04-14T08:33:36.658Z] 
[247/884] Memproses 2025-12-29 - BSD...
[2026-04-14T08:33:36.852Z]      ⏭️  Jurnal Penjualan sudah ada di Accurate.
[2026-04-14T08:33:36.965Z]      ⏭️  Jurnal Uang Masuk sudah ada di Accurate.
[2026-04-14T08:33:36.966Z]      ⏭️  Semua jurnal untuk hari ini sudah selesai, dilewati tanpa memanggil API Quinos.
[2026-04-14T08:33:39.968Z] 
[248/884] Memproses 2025-12-30 - BSD...
[2026-04-14T08:33:40.200Z]      ⏭️  Jurnal Penjualan sudah ada di Accurate.
[2026-04-14T08:33:40.315Z]      ⏭️  Jurnal Uang Masuk sudah ada di Accurate.
[2026-04-14T08:33:40.315Z]      ⏭️  Semua jurnal untuk hari ini sudah selesai, dilewati tanpa memanggil API Quinos.
[2026-04-14T08:33:43.317Z] 
[249/884] Memproses 2025-12-31 - BSD...
[2026-04-14T08:33:43.503Z]      ⏭️  Jurnal Penjualan sudah ada di Accurate.
[2026-04-14T08:33:43.638Z]      ⏭️  Jurnal Uang Masuk sudah ada di Accurate.
[2026-04-14T08:33:43.638Z]      ⏭️  Semua jurnal untuk hari ini sudah selesai, dilewati tanpa memanggil API Quinos.
[2026-04-14T08:33:46.642Z] 
[250/884] Memproses 2026-01-01 - BSD...
[2026-04-14T08:33:46.890Z]      ⏭️  Jurnal Penjualan sudah ada di Accurate.
[2026-04-14T08:33:47.005Z]      ⏭️  Jurnal Uang Masuk sudah ada di Accurate.
[2026-04-14T08:33:47.005Z]      ⏭️  Semua jurnal untuk hari ini sudah selesai, dilewati tanpa memanggil API Quinos.
[2026-04-14T08:33:47.006Z] 
════════════════════════════════════════════════════════════════════════
[2026-04-14T08:33:47.006Z] === LAPORAN PROGRES [250/884 — 28%] ===
[2026-04-14T08:33:47.006Z] ────────────────────────────────────────────────────────────────────────
[2026-04-14T08:33:47.006Z]   Diproses  : 250 dari 884 (28%)
[2026-04-14T08:33:47.006Z]   ✅ Sukses  : 2
[2026-04-14T08:33:47.006Z]   ⏭️  Dilewati: 247
[2026-04-14T08:33:47.006Z]   ❌ Error   : 1
[2026-04-14T08:33:47.006Z]        • Toko Tutup / Data Kosong: 1x
[2026-04-14T08:33:47.006Z] ────────────────────────────────────────────────────────────────────────
[2026-04-14T08:33:47.006Z]   Detail Error:
[2026-04-14T08:33:47.007Z]     [2025-12-13] BSD              | Penjualan    | Toko Tutup / Data Kosong
[2026-04-14T08:33:47.007Z] ════════════════════════════════════════════════════════════════════════

[2026-04-14T08:33:50.011Z] 
[251/884] Memproses 2026-01-02 - BSD...
[2026-04-14T08:33:50.149Z]      ⏭️  Jurnal Penjualan sudah ada di Accurate.
[2026-04-14T08:33:50.345Z]      ⏭️  Jurnal Uang Masuk sudah ada di Accurate.
[2026-04-14T08:33:50.346Z]      ⏭️  Semua jurnal untuk hari ini sudah selesai, dilewati tanpa memanggil API Quinos.
[2026-04-14T08:33:53.347Z] 
[252/884] Memproses 2026-01-03 - BSD...
[2026-04-14T08:33:53.536Z]      ⏭️  Jurnal Penjualan sudah ada di Accurate.
[2026-04-14T08:33:53.665Z]      ⏭️  Jurnal Uang Masuk sudah ada di Accurate.
[2026-04-14T08:33:53.665Z]      ⏭️  Semua jurnal untuk hari ini sudah selesai, dilewati tanpa memanggil API Quinos.
[2026-04-14T08:33:56.667Z] 
[253/884] Memproses 2026-01-04 - BSD...
[2026-04-14T08:33:56.862Z]      ⏭️  Jurnal Penjualan sudah ada di Accurate.
[2026-04-14T08:33:57.065Z]      ⏭️  Jurnal Uang Masuk sudah ada di Accurate.
[2026-04-14T08:33:57.065Z]      ⏭️  Semua jurnal untuk hari ini sudah selesai, dilewati tanpa memanggil API Quinos.
[2026-04-14T08:34:00.066Z] 
[254/884] Memproses 2026-01-05 - BSD...
[2026-04-14T08:34:00.247Z]      ⏭️  Jurnal Penjualan sudah ada di Accurate.
[2026-04-14T08:34:00.386Z]      📡 Mengambil data dari Quinos...
[2026-04-14T08:34:03.730Z]      ✅ Jurnal Uang Masuk OK (tanggal 06/01/2026)
[2026-04-14T08:34:06.732Z] 
[255/884] Memproses 2026-01-06 - BSD...
[2026-04-14T08:34:06.991Z]      ⏭️  Jurnal Penjualan sudah ada di Accurate.
[2026-04-14T08:34:07.109Z]      ⏭️  Jurnal Uang Masuk sudah ada di Accurate.
[2026-04-14T08:34:07.110Z]      ⏭️  Semua jurnal untuk hari ini sudah selesai, dilewati tanpa memanggil API Quinos.
[2026-04-14T08:34:10.111Z] 
[256/884] Memproses 2026-01-07 - BSD...
[2026-04-14T08:34:10.351Z]      ⏭️  Jurnal Penjualan sudah ada di Accurate.
[2026-04-14T08:34:10.479Z]      ⏭️  Jurnal Uang Masuk sudah ada di Accurate.
[2026-04-14T08:34:10.479Z]      ⏭️  Semua jurnal untuk hari ini sudah selesai, dilewati tanpa memanggil API Quinos.
[2026-04-14T08:34:13.481Z] 
[257/884] Memproses 2026-01-08 - BSD...
[2026-04-14T08:34:13.652Z]      ⏭️  Jurnal Penjualan sudah ada di Accurate.
[2026-04-14T08:34:13.794Z]      ⏭️  Jurnal Uang Masuk sudah ada di Accurate.
[2026-04-14T08:34:13.794Z]      ⏭️  Semua jurnal untuk hari ini sudah selesai, dilewati tanpa memanggil API Quinos.
[2026-04-14T08:34:16.796Z] 
[258/884] Memproses 2026-01-09 - BSD...
[2026-04-14T08:34:17.013Z]      ⏭️  Jurnal Penjualan sudah ada di Accurate.
[2026-04-14T08:34:17.222Z]      ⏭️  Jurnal Uang Masuk sudah ada di Accurate.
[2026-04-14T08:34:17.223Z]      ⏭️  Semua jurnal untuk hari ini sudah selesai, dilewati tanpa memanggil API Quinos.
[2026-04-14T08:34:20.231Z] 
[259/884] Memproses 2026-01-10 - BSD...
[2026-04-14T08:34:20.477Z]      ⏭️  Jurnal Penjualan sudah ada di Accurate.
[2026-04-14T08:34:20.586Z]      ⏭️  Jurnal Uang Masuk sudah ada di Accurate.
[2026-04-14T08:34:20.586Z]      ⏭️  Semua jurnal untuk hari ini sudah selesai, dilewati tanpa memanggil API Quinos.
[2026-04-14T08:34:23.588Z] 
[260/884] Memproses 2026-01-11 - BSD...
[2026-04-14T08:34:23.742Z]      ⏭️  Jurnal Penjualan sudah ada di Accurate.
[2026-04-14T08:34:23.934Z]      ⏭️  Jurnal Uang Masuk sudah ada di Accurate.
[2026-04-14T08:34:23.934Z]      ⏭️  Semua jurnal untuk hari ini sudah selesai, dilewati tanpa memanggil API Quinos.
[2026-04-14T08:34:23.935Z] 
════════════════════════════════════════════════════════════════════════
[2026-04-14T08:34:23.935Z] === LAPORAN PROGRES [260/884 — 29%] ===
[2026-04-14T08:34:23.935Z] ────────────────────────────────────────────────────────────────────────
[2026-04-14T08:34:23.935Z]   Diproses  : 260 dari 884 (29%)
[2026-04-14T08:34:23.935Z]   ✅ Sukses  : 3
[2026-04-14T08:34:23.935Z]   ⏭️  Dilewati: 256
[2026-04-14T08:34:23.935Z]   ❌ Error   : 1
[2026-04-14T08:34:23.935Z]        • Toko Tutup / Data Kosong: 1x
[2026-04-14T08:34:23.935Z] ────────────────────────────────────────────────────────────────────────
[2026-04-14T08:34:23.935Z]   Detail Error:
[2026-04-14T08:34:23.935Z]     [2025-12-13] BSD              | Penjualan    | Toko Tutup / Data Kosong
[2026-04-14T08:34:23.935Z] ════════════════════════════════════════════════════════════════════════

[2026-04-14T08:34:26.937Z] 
[261/884] Memproses 2026-01-12 - BSD...
[2026-04-14T08:34:27.186Z]      ⏭️  Jurnal Penjualan sudah ada di Accurate.
[2026-04-14T08:34:27.337Z]      ⏭️  Jurnal Uang Masuk sudah ada di Accurate.
[2026-04-14T08:34:27.337Z]      ⏭️  Semua jurnal untuk hari ini sudah selesai, dilewati tanpa memanggil API Quinos.
[2026-04-14T08:34:30.337Z] 
[262/884] Memproses 2026-01-13 - BSD...
[2026-04-14T08:34:30.498Z]      ⏭️  Jurnal Penjualan sudah ada di Accurate.
[2026-04-14T08:34:30.701Z]      ⏭️  Jurnal Uang Masuk sudah ada di Accurate.
[2026-04-14T08:34:30.701Z]      ⏭️  Semua jurnal untuk hari ini sudah selesai, dilewati tanpa memanggil API Quinos.
[2026-04-14T08:34:33.702Z] 
[263/884] Memproses 2026-01-14 - BSD...
[2026-04-14T08:34:33.938Z]      ⏭️  Jurnal Penjualan sudah ada di Accurate.
[2026-04-14T08:34:34.067Z]      ⏭️  Jurnal Uang Masuk sudah ada di Accurate.
[2026-04-14T08:34:34.067Z]      ⏭️  Semua jurnal untuk hari ini sudah selesai, dilewati tanpa memanggil API Quinos.
[2026-04-14T08:34:37.070Z] 
[264/884] Memproses 2026-01-15 - BSD...
[2026-04-14T08:34:37.242Z]      ⏭️  Jurnal Penjualan sudah ada di Accurate.
[2026-04-14T08:34:37.391Z]      ⏭️  Jurnal Uang Masuk sudah ada di Accurate.
[2026-04-14T08:34:37.392Z]      ⏭️  Semua jurnal untuk hari ini sudah selesai, dilewati tanpa memanggil API Quinos.
[2026-04-14T08:34:40.393Z] 
[265/884] Memproses 2026-01-16 - BSD...
[2026-04-14T08:34:40.535Z]      ⏭️  Jurnal Penjualan sudah ada di Accurate.
[2026-04-14T08:34:40.648Z]      ⏭️  Jurnal Uang Masuk sudah ada di Accurate.
[2026-04-14T08:34:40.649Z]      ⏭️  Semua jurnal untuk hari ini sudah selesai, dilewati tanpa memanggil API Quinos.
[2026-04-14T08:34:43.649Z] 
[266/884] Memproses 2026-01-17 - BSD...
[2026-04-14T08:34:43.817Z]      ⏭️  Jurnal Penjualan sudah ada di Accurate.
[2026-04-14T08:34:44.010Z]      ⏭️  Jurnal Uang Masuk sudah ada di Accurate.
[2026-04-14T08:34:44.010Z]      ⏭️  Semua jurnal untuk hari ini sudah selesai, dilewati tanpa memanggil API Quinos.
[2026-04-14T08:34:47.013Z] 
[267/884] Memproses 2026-01-18 - BSD...
[2026-04-14T08:34:47.212Z]      ⏭️  Jurnal Penjualan sudah ada di Accurate.
[2026-04-14T08:34:47.320Z]      ⏭️  Jurnal Uang Masuk sudah ada di Accurate.
[2026-04-14T08:34:47.320Z]      ⏭️  Semua jurnal untuk hari ini sudah selesai, dilewati tanpa memanggil API Quinos.
[2026-04-14T08:34:50.322Z] 
[268/884] Memproses 2026-01-19 - BSD...
[2026-04-14T08:34:50.531Z]      ⏭️  Jurnal Penjualan sudah ada di Accurate.
[2026-04-14T08:34:50.654Z]      ⏭️  Jurnal Uang Masuk sudah ada di Accurate.
[2026-04-14T08:34:50.655Z]      ⏭️  Semua jurnal untuk hari ini sudah selesai, dilewati tanpa memanggil API Quinos.
[2026-04-14T08:34:53.658Z] 
[269/884] Memproses 2026-01-20 - BSD...
[2026-04-14T08:34:53.901Z]      ⏭️  Jurnal Penjualan sudah ada di Accurate.
[2026-04-14T08:34:54.146Z]      ⏭️  Jurnal Uang Masuk sudah ada di Accurate.
[2026-04-14T08:34:54.147Z]      ⏭️  Semua jurnal untuk hari ini sudah selesai, dilewati tanpa memanggil API Quinos.
[2026-04-14T08:34:57.149Z] 
[270/884] Memproses 2026-01-21 - BSD...
[2026-04-14T08:34:57.398Z]      ⏭️  Jurnal Penjualan sudah ada di Accurate.
[2026-04-14T08:34:57.588Z]      ⏭️  Jurnal Uang Masuk sudah ada di Accurate.
[2026-04-14T08:34:57.588Z]      ⏭️  Semua jurnal untuk hari ini sudah selesai, dilewati tanpa memanggil API Quinos.
[2026-04-14T08:34:57.588Z] 
════════════════════════════════════════════════════════════════════════
[2026-04-14T08:34:57.588Z] === LAPORAN PROGRES [270/884 — 31%] ===
[2026-04-14T08:34:57.588Z] ────────────────────────────────────────────────────────────────────────
[2026-04-14T08:34:57.588Z]   Diproses  : 270 dari 884 (31%)
[2026-04-14T08:34:57.588Z]   ✅ Sukses  : 3
[2026-04-14T08:34:57.588Z]   ⏭️  Dilewati: 266
[2026-04-14T08:34:57.588Z]   ❌ Error   : 1
[2026-04-14T08:34:57.588Z]        • Toko Tutup / Data Kosong: 1x
[2026-04-14T08:34:57.588Z] ────────────────────────────────────────────────────────────────────────
[2026-04-14T08:34:57.589Z]   Detail Error:
[2026-04-14T08:34:57.589Z]     [2025-12-13] BSD              | Penjualan    | Toko Tutup / Data Kosong
[2026-04-14T08:34:57.589Z] ════════════════════════════════════════════════════════════════════════

[2026-04-14T08:35:00.589Z] 
[271/884] Memproses 2026-01-22 - BSD...
[2026-04-14T08:35:00.763Z]      ⏭️  Jurnal Penjualan sudah ada di Accurate.
[2026-04-14T08:35:00.872Z]      ⏭️  Jurnal Uang Masuk sudah ada di Accurate.
[2026-04-14T08:35:00.872Z]      ⏭️  Semua jurnal untuk hari ini sudah selesai, dilewati tanpa memanggil API Quinos.
[2026-04-14T08:35:03.873Z] 
[272/884] Memproses 2026-01-23 - BSD...
[2026-04-14T08:35:04.031Z]      ⏭️  Jurnal Penjualan sudah ada di Accurate.
[2026-04-14T08:35:04.163Z]      ⏭️  Jurnal Uang Masuk sudah ada di Accurate.
[2026-04-14T08:35:04.163Z]      ⏭️  Semua jurnal untuk hari ini sudah selesai, dilewati tanpa memanggil API Quinos.
[2026-04-14T08:35:07.165Z] 
[273/884] Memproses 2026-01-24 - BSD...
[2026-04-14T08:35:07.330Z]      ⏭️  Jurnal Penjualan sudah ada di Accurate.
[2026-04-14T08:35:07.445Z]      ⏭️  Jurnal Uang Masuk sudah ada di Accurate.
[2026-04-14T08:35:07.445Z]      ⏭️  Semua jurnal untuk hari ini sudah selesai, dilewati tanpa memanggil API Quinos.
[2026-04-14T08:35:10.446Z] 
[274/884] Memproses 2026-01-25 - BSD...
[2026-04-14T08:35:10.629Z]      ⏭️  Jurnal Penjualan sudah ada di Accurate.
[2026-04-14T08:35:10.771Z]      ⏭️  Jurnal Uang Masuk sudah ada di Accurate.
[2026-04-14T08:35:10.771Z]      ⏭️  Semua jurnal untuk hari ini sudah selesai, dilewati tanpa memanggil API Quinos.
[2026-04-14T08:35:13.771Z] 
[275/884] Memproses 2026-01-26 - BSD...
[2026-04-14T08:35:13.955Z]      ⏭️  Jurnal Penjualan sudah ada di Accurate.
[2026-04-14T08:35:14.070Z]      ⏭️  Jurnal Uang Masuk sudah ada di Accurate.
[2026-04-14T08:35:14.070Z]      ⏭️  Semua jurnal untuk hari ini sudah selesai, dilewati tanpa memanggil API Quinos.
[2026-04-14T08:35:17.071Z] 
[276/884] Memproses 2026-01-27 - BSD...
[2026-04-14T08:35:17.302Z]      ⏭️  Jurnal Penjualan sudah ada di Accurate.
[2026-04-14T08:35:17.430Z]      ⏭️  Jurnal Uang Masuk sudah ada di Accurate.
[2026-04-14T08:35:17.430Z]      ⏭️  Semua jurnal untuk hari ini sudah selesai, dilewati tanpa memanggil API Quinos.
[2026-04-14T08:35:20.432Z] 
[277/884] Memproses 2026-01-28 - BSD...
[2026-04-14T08:35:20.611Z]      ⏭️  Jurnal Penjualan sudah ada di Accurate.
[2026-04-14T08:35:20.755Z]      ⏭️  Jurnal Uang Masuk sudah ada di Accurate.
[2026-04-14T08:35:20.755Z]      ⏭️  Semua jurnal untuk hari ini sudah selesai, dilewati tanpa memanggil API Quinos.
[2026-04-14T08:35:23.757Z] 
[278/884] Memproses 2026-01-29 - BSD...
[2026-04-14T08:35:24.009Z]      ⏭️  Jurnal Penjualan sudah ada di Accurate.
[2026-04-14T08:35:24.125Z]      ⏭️  Jurnal Uang Masuk sudah ada di Accurate.
[2026-04-14T08:35:24.125Z]      ⏭️  Semua jurnal untuk hari ini sudah selesai, dilewati tanpa memanggil API Quinos.
[2026-04-14T08:35:27.131Z] 
[279/884] Memproses 2026-01-30 - BSD...
[2026-04-14T08:35:27.406Z]      ⏭️  Jurnal Penjualan sudah ada di Accurate.
[2026-04-14T08:35:27.514Z]      📡 Mengambil data dari Quinos...
[2026-04-14T08:35:30.914Z]      ✅ Jurnal Uang Masuk OK (tanggal 31/01/2026)
[2026-04-14T08:35:33.916Z] 
[280/884] Memproses 2026-01-31 - BSD...
[2026-04-14T08:35:34.118Z]      ⏭️  Jurnal Penjualan sudah ada di Accurate.
[2026-04-14T08:35:34.371Z]      📡 Mengambil data dari Quinos...
[2026-04-14T08:35:37.571Z]      ✅ Jurnal Uang Masuk OK (tanggal 01/02/2026)
[2026-04-14T08:35:37.571Z] 
════════════════════════════════════════════════════════════════════════
[2026-04-14T08:35:37.571Z] === LAPORAN PROGRES [280/884 — 32%] ===
[2026-04-14T08:35:37.571Z] ────────────────────────────────────────────────────────────────────────
[2026-04-14T08:35:37.571Z]   Diproses  : 280 dari 884 (32%)
[2026-04-14T08:35:37.571Z]   ✅ Sukses  : 5
[2026-04-14T08:35:37.571Z]   ⏭️  Dilewati: 274
[2026-04-14T08:35:37.571Z]   ❌ Error   : 1
[2026-04-14T08:35:37.571Z]        • Toko Tutup / Data Kosong: 1x
[2026-04-14T08:35:37.571Z] ────────────────────────────────────────────────────────────────────────
[2026-04-14T08:35:37.571Z]   Detail Error:
[2026-04-14T08:35:37.571Z]     [2025-12-13] BSD              | Penjualan    | Toko Tutup / Data Kosong
[2026-04-14T08:35:37.573Z] ════════════════════════════════════════════════════════════════════════

[2026-04-14T08:35:40.575Z] 
[281/884] Memproses 2026-02-01 - BSD...
[2026-04-14T08:35:40.771Z]      ⏭️  Jurnal Penjualan sudah ada di Accurate.
[2026-04-14T08:35:40.899Z]      ⏭️  Jurnal Uang Masuk sudah ada di Accurate.
[2026-04-14T08:35:40.899Z]      ⏭️  Semua jurnal untuk hari ini sudah selesai, dilewati tanpa memanggil API Quinos.
[2026-04-14T08:35:43.901Z] 
[282/884] Memproses 2026-02-02 - BSD...
[2026-04-14T08:35:44.085Z]      ⏭️  Jurnal Penjualan sudah ada di Accurate.
[2026-04-14T08:35:44.242Z]      ⏭️  Jurnal Uang Masuk sudah ada di Accurate.
[2026-04-14T08:35:44.242Z]      ⏭️  Semua jurnal untuk hari ini sudah selesai, dilewati tanpa memanggil API Quinos.
[2026-04-14T08:35:47.246Z] 
[283/884] Memproses 2026-02-03 - BSD...
[2026-04-14T08:35:47.425Z]      ⏭️  Jurnal Penjualan sudah ada di Accurate.
[2026-04-14T08:35:47.643Z]      ⏭️  Jurnal Uang Masuk sudah ada di Accurate.
[2026-04-14T08:35:47.643Z]      ⏭️  Semua jurnal untuk hari ini sudah selesai, dilewati tanpa memanggil API Quinos.
[2026-04-14T08:35:50.645Z] 
[284/884] Memproses 2026-02-04 - BSD...
[2026-04-14T08:35:50.813Z]      ⏭️  Jurnal Penjualan sudah ada di Accurate.
[2026-04-14T08:35:50.925Z]      ⏭️  Jurnal Uang Masuk sudah ada di Accurate.
[2026-04-14T08:35:50.925Z]      ⏭️  Semua jurnal untuk hari ini sudah selesai, dilewati tanpa memanggil API Quinos.
[2026-04-14T08:35:53.927Z] 
[285/884] Memproses 2026-02-05 - BSD...
[2026-04-14T08:35:54.125Z]      ⏭️  Jurnal Penjualan sudah ada di Accurate.
[2026-04-14T08:35:54.247Z]      ⏭️  Jurnal Uang Masuk sudah ada di Accurate.
[2026-04-14T08:35:54.247Z]      ⏭️  Semua jurnal untuk hari ini sudah selesai, dilewati tanpa memanggil API Quinos.
[2026-04-14T08:35:57.251Z] 
[286/884] Memproses 2026-02-06 - BSD...
[2026-04-14T08:35:57.504Z]      ⏭️  Jurnal Penjualan sudah ada di Accurate.
[2026-04-14T08:35:57.709Z]      ⏭️  Jurnal Uang Masuk sudah ada di Accurate.
[2026-04-14T08:35:57.709Z]      ⏭️  Semua jurnal untuk hari ini sudah selesai, dilewati tanpa memanggil API Quinos.
[2026-04-14T08:36:00.711Z] 
[287/884] Memproses 2026-02-07 - BSD...
[2026-04-14T08:36:00.883Z]      ⏭️  Jurnal Penjualan sudah ada di Accurate.
[2026-04-14T08:36:01.102Z]      ⏭️  Jurnal Uang Masuk sudah ada di Accurate.
[2026-04-14T08:36:01.102Z]      ⏭️  Semua jurnal untuk hari ini sudah selesai, dilewati tanpa memanggil API Quinos.
[2026-04-14T08:36:04.103Z] 
[288/884] Memproses 2026-02-08 - BSD...
[2026-04-14T08:36:04.388Z]      ⏭️  Jurnal Penjualan sudah ada di Accurate.
[2026-04-14T08:36:04.512Z]      📡 Mengambil data dari Quinos...
[2026-04-14T08:36:07.652Z]      ✅ Jurnal Uang Masuk OK (tanggal 09/02/2026)
[2026-04-14T08:36:10.654Z] 
[289/884] Memproses 2026-02-09 - BSD...
[2026-04-14T08:36:10.859Z]      ⏭️  Jurnal Penjualan sudah ada di Accurate.
[2026-04-14T08:36:10.975Z]      ⏭️  Jurnal Uang Masuk sudah ada di Accurate.
[2026-04-14T08:36:10.975Z]      ⏭️  Semua jurnal untuk hari ini sudah selesai, dilewati tanpa memanggil API Quinos.
[2026-04-14T08:36:13.976Z] 
[290/884] Memproses 2026-02-10 - BSD...
[2026-04-14T08:36:14.125Z]      ⏭️  Jurnal Penjualan sudah ada di Accurate.
[2026-04-14T08:36:14.261Z]      ⏭️  Jurnal Uang Masuk sudah ada di Accurate.
[2026-04-14T08:36:14.261Z]      ⏭️  Semua jurnal untuk hari ini sudah selesai, dilewati tanpa memanggil API Quinos.
[2026-04-14T08:36:14.262Z] 
════════════════════════════════════════════════════════════════════════
[2026-04-14T08:36:14.262Z] === LAPORAN PROGRES [290/884 — 33%] ===
[2026-04-14T08:36:14.262Z] ────────────────────────────────────────────────────────────────────────
[2026-04-14T08:36:14.262Z]   Diproses  : 290 dari 884 (33%)
[2026-04-14T08:36:14.262Z]   ✅ Sukses  : 6
[2026-04-14T08:36:14.262Z]   ⏭️  Dilewati: 283
[2026-04-14T08:36:14.262Z]   ❌ Error   : 1
[2026-04-14T08:36:14.262Z]        • Toko Tutup / Data Kosong: 1x
[2026-04-14T08:36:14.262Z] ────────────────────────────────────────────────────────────────────────
[2026-04-14T08:36:14.262Z]   Detail Error:
[2026-04-14T08:36:14.262Z]     [2025-12-13] BSD              | Penjualan    | Toko Tutup / Data Kosong
[2026-04-14T08:36:14.262Z] ════════════════════════════════════════════════════════════════════════

[2026-04-14T08:36:17.264Z] 
[291/884] Memproses 2026-02-11 - BSD...
[2026-04-14T08:36:17.449Z]      ⏭️  Jurnal Penjualan sudah ada di Accurate.
[2026-04-14T08:36:17.578Z]      ⏭️  Jurnal Uang Masuk sudah ada di Accurate.
[2026-04-14T08:36:17.578Z]      ⏭️  Semua jurnal untuk hari ini sudah selesai, dilewati tanpa memanggil API Quinos.
[2026-04-14T08:36:20.580Z] 
[292/884] Memproses 2026-02-12 - BSD...
[2026-04-14T08:36:20.748Z]      ⏭️  Jurnal Penjualan sudah ada di Accurate.
[2026-04-14T08:36:20.890Z]      ⏭️  Jurnal Uang Masuk sudah ada di Accurate.
[2026-04-14T08:36:20.890Z]      ⏭️  Semua jurnal untuk hari ini sudah selesai, dilewati tanpa memanggil API Quinos.
[2026-04-14T08:36:23.892Z] 
[293/884] Memproses 2026-02-13 - BSD...
[2026-04-14T08:36:24.131Z]      ⏭️  Jurnal Penjualan sudah ada di Accurate.
[2026-04-14T08:36:24.324Z]      ⏭️  Jurnal Uang Masuk sudah ada di Accurate.
[2026-04-14T08:36:24.324Z]      ⏭️  Semua jurnal untuk hari ini sudah selesai, dilewati tanpa memanggil API Quinos.
[2026-04-14T08:36:27.325Z] 
[294/884] Memproses 2026-02-14 - BSD...
[2026-04-14T08:36:27.491Z]      ⏭️  Jurnal Penjualan sudah ada di Accurate.
[2026-04-14T08:36:27.694Z]      ⏭️  Jurnal Uang Masuk sudah ada di Accurate.
[2026-04-14T08:36:27.694Z]      ⏭️  Semua jurnal untuk hari ini sudah selesai, dilewati tanpa memanggil API Quinos.
[2026-04-14T08:36:30.696Z] 
[295/884] Memproses 2026-02-15 - BSD...
[2026-04-14T08:36:30.932Z]      ⏭️  Jurnal Penjualan sudah ada di Accurate.
[2026-04-14T08:36:31.105Z]      ⏭️  Jurnal Uang Masuk sudah ada di Accurate.
[2026-04-14T08:36:31.105Z]      ⏭️  Semua jurnal untuk hari ini sudah selesai, dilewati tanpa memanggil API Quinos.
[2026-04-14T08:36:34.107Z] 
[296/884] Memproses 2026-02-16 - BSD...
[2026-04-14T08:36:34.321Z]      ⏭️  Jurnal Penjualan sudah ada di Accurate.
[2026-04-14T08:36:34.453Z]      ⏭️  Jurnal Uang Masuk sudah ada di Accurate.
[2026-04-14T08:36:34.453Z]      ⏭️  Semua jurnal untuk hari ini sudah selesai, dilewati tanpa memanggil API Quinos.
[2026-04-14T08:36:37.455Z] 
[297/884] Memproses 2026-02-17 - BSD...
[2026-04-14T08:36:37.669Z]      ⏭️  Jurnal Penjualan sudah ada di Accurate.
[2026-04-14T08:36:37.787Z]      ⏭️  Jurnal Uang Masuk sudah ada di Accurate.
[2026-04-14T08:36:37.787Z]      ⏭️  Semua jurnal untuk hari ini sudah selesai, dilewati tanpa memanggil API Quinos.
[2026-04-14T08:36:40.795Z] 
[298/884] Memproses 2026-02-18 - BSD...
[2026-04-14T08:36:41.233Z]      ⏭️  Jurnal Penjualan sudah ada di Accurate.
[2026-04-14T08:36:41.448Z]      ⏭️  Jurnal Uang Masuk sudah ada di Accurate.
[2026-04-14T08:36:41.448Z]      ⏭️  Semua jurnal untuk hari ini sudah selesai, dilewati tanpa memanggil API Quinos.
[2026-04-14T08:36:44.450Z] 
[299/884] Memproses 2026-02-19 - BSD...
[2026-04-14T08:36:44.624Z]      ⏭️  Jurnal Penjualan sudah ada di Accurate.
[2026-04-14T08:36:44.845Z]      ⏭️  Jurnal Uang Masuk sudah ada di Accurate.
[2026-04-14T08:36:44.845Z]      ⏭️  Semua jurnal untuk hari ini sudah selesai, dilewati tanpa memanggil API Quinos.
[2026-04-14T08:36:47.848Z] 
[300/884] Memproses 2026-02-20 - BSD...
[2026-04-14T08:36:48.061Z]      ⏭️  Jurnal Penjualan sudah ada di Accurate.
[2026-04-14T08:36:48.213Z]      ⏭️  Jurnal Uang Masuk sudah ada di Accurate.
[2026-04-14T08:36:48.214Z]      ⏭️  Semua jurnal untuk hari ini sudah selesai, dilewati tanpa memanggil API Quinos.
[2026-04-14T08:36:48.214Z] 
════════════════════════════════════════════════════════════════════════
[2026-04-14T08:36:48.214Z] === LAPORAN PROGRES [300/884 — 34%] ===
[2026-04-14T08:36:48.214Z] ────────────────────────────────────────────────────────────────────────
[2026-04-14T08:36:48.214Z]   Diproses  : 300 dari 884 (34%)
[2026-04-14T08:36:48.214Z]   ✅ Sukses  : 6
[2026-04-14T08:36:48.214Z]   ⏭️  Dilewati: 293
[2026-04-14T08:36:48.214Z]   ❌ Error   : 1
[2026-04-14T08:36:48.214Z]        • Toko Tutup / Data Kosong: 1x
[2026-04-14T08:36:48.214Z] ────────────────────────────────────────────────────────────────────────
[2026-04-14T08:36:48.214Z]   Detail Error:
[2026-04-14T08:36:48.216Z]     [2025-12-13] BSD              | Penjualan    | Toko Tutup / Data Kosong
[2026-04-14T08:36:48.217Z] ════════════════════════════════════════════════════════════════════════

[2026-04-14T08:36:51.219Z] 
[301/884] Memproses 2026-02-21 - BSD...
[2026-04-14T08:36:51.363Z]      ⏭️  Jurnal Penjualan sudah ada di Accurate.
[2026-04-14T08:36:51.534Z]      ⏭️  Jurnal Uang Masuk sudah ada di Accurate.
[2026-04-14T08:36:51.534Z]      ⏭️  Semua jurnal untuk hari ini sudah selesai, dilewati tanpa memanggil API Quinos.
[2026-04-14T08:36:54.536Z] 
[302/884] Memproses 2026-02-22 - BSD...
[2026-04-14T08:36:54.684Z]      ⏭️  Jurnal Penjualan sudah ada di Accurate.
[2026-04-14T08:36:54.837Z]      ⏭️  Jurnal Uang Masuk sudah ada di Accurate.
[2026-04-14T08:36:54.837Z]      ⏭️  Semua jurnal untuk hari ini sudah selesai, dilewati tanpa memanggil API Quinos.
[2026-04-14T08:36:57.839Z] 
[303/884] Memproses 2026-02-23 - BSD...
[2026-04-14T08:36:57.984Z]      ⏭️  Jurnal Penjualan sudah ada di Accurate.
[2026-04-14T08:36:58.186Z]      ⏭️  Jurnal Uang Masuk sudah ada di Accurate.
[2026-04-14T08:36:58.186Z]      ⏭️  Semua jurnal untuk hari ini sudah selesai, dilewati tanpa memanggil API Quinos.
[2026-04-14T08:37:01.190Z] 
[304/884] Memproses 2026-02-24 - BSD...
[2026-04-14T08:37:01.329Z]      ⏭️  Jurnal Penjualan sudah ada di Accurate.
[2026-04-14T08:37:01.526Z]      ⏭️  Jurnal Uang Masuk sudah ada di Accurate.
[2026-04-14T08:37:01.526Z]      ⏭️  Semua jurnal untuk hari ini sudah selesai, dilewati tanpa memanggil API Quinos.
[2026-04-14T08:37:04.528Z] 
[305/884] Memproses 2026-02-25 - BSD...
[2026-04-14T08:37:04.692Z]      ⏭️  Jurnal Penjualan sudah ada di Accurate.
[2026-04-14T08:37:04.820Z]      ⏭️  Jurnal Uang Masuk sudah ada di Accurate.
[2026-04-14T08:37:04.820Z]      ⏭️  Semua jurnal untuk hari ini sudah selesai, dilewati tanpa memanggil API Quinos.
[2026-04-14T08:37:07.822Z] 
[306/884] Memproses 2026-02-26 - BSD...
[2026-04-14T08:37:08.000Z]      ⏭️  Jurnal Penjualan sudah ada di Accurate.
[2026-04-14T08:37:08.138Z]      ⏭️  Jurnal Uang Masuk sudah ada di Accurate.
[2026-04-14T08:37:08.138Z]      ⏭️  Semua jurnal untuk hari ini sudah selesai, dilewati tanpa memanggil API Quinos.
[2026-04-14T08:37:11.140Z] 
[307/884] Memproses 2026-02-27 - BSD...
[2026-04-14T08:37:11.335Z]      ⏭️  Jurnal Penjualan sudah ada di Accurate.
[2026-04-14T08:37:11.512Z]      ⏭️  Jurnal Uang Masuk sudah ada di Accurate.
[2026-04-14T08:37:11.512Z]      ⏭️  Semua jurnal untuk hari ini sudah selesai, dilewati tanpa memanggil API Quinos.
[2026-04-14T08:37:14.514Z] 
[308/884] Memproses 2026-02-28 - BSD...
[2026-04-14T08:37:14.817Z]      ⏭️  Jurnal Penjualan sudah ada di Accurate.
[2026-04-14T08:37:15.130Z]      ⏭️  Jurnal Uang Masuk sudah ada di Accurate.
[2026-04-14T08:37:15.130Z]      ⏭️  Semua jurnal untuk hari ini sudah selesai, dilewati tanpa memanggil API Quinos.
[2026-04-14T08:37:18.131Z] 
[309/884] Memproses 2026-03-01 - BSD...
[2026-04-14T08:37:18.504Z]      ⏭️  Jurnal Penjualan sudah ada di Accurate.
[2026-04-14T08:37:18.656Z]      ⏭️  Jurnal Uang Masuk sudah ada di Accurate.
[2026-04-14T08:37:18.657Z]      ⏭️  Semua jurnal untuk hari ini sudah selesai, dilewati tanpa memanggil API Quinos.
[2026-04-14T08:37:21.658Z] 
[310/884] Memproses 2026-03-02 - BSD...
[2026-04-14T08:37:21.874Z]      ⏭️  Jurnal Penjualan sudah ada di Accurate.
[2026-04-14T08:37:22.097Z]      ⏭️  Jurnal Uang Masuk sudah ada di Accurate.
[2026-04-14T08:37:22.097Z]      ⏭️  Semua jurnal untuk hari ini sudah selesai, dilewati tanpa memanggil API Quinos.
[2026-04-14T08:37:22.097Z] 
════════════════════════════════════════════════════════════════════════
[2026-04-14T08:37:22.097Z] === LAPORAN PROGRES [310/884 — 35%] ===
[2026-04-14T08:37:22.097Z] ────────────────────────────────────────────────────────────────────────
[2026-04-14T08:37:22.097Z]   Diproses  : 310 dari 884 (35%)
[2026-04-14T08:37:22.098Z]   ✅ Sukses  : 6
[2026-04-14T08:37:22.098Z]   ⏭️  Dilewati: 303
[2026-04-14T08:37:22.098Z]   ❌ Error   : 1
[2026-04-14T08:37:22.098Z]        • Toko Tutup / Data Kosong: 1x
[2026-04-14T08:37:22.098Z] ────────────────────────────────────────────────────────────────────────
[2026-04-14T08:37:22.098Z]   Detail Error:
[2026-04-14T08:37:22.098Z]     [2025-12-13] BSD              | Penjualan    | Toko Tutup / Data Kosong
[2026-04-14T08:37:22.098Z] ════════════════════════════════════════════════════════════════════════

[2026-04-14T08:37:25.100Z] 
[311/884] Memproses 2026-03-03 - BSD...
[2026-04-14T08:37:25.279Z]      ⏭️  Jurnal Penjualan sudah ada di Accurate.
[2026-04-14T08:37:25.418Z]      ⏭️  Jurnal Uang Masuk sudah ada di Accurate.
[2026-04-14T08:37:25.418Z]      ⏭️  Semua jurnal untuk hari ini sudah selesai, dilewati tanpa memanggil API Quinos.
[2026-04-14T08:37:28.428Z] 
[312/884] Memproses 2026-03-04 - BSD...
[2026-04-14T08:37:28.659Z]      ⏭️  Jurnal Penjualan sudah ada di Accurate.
[2026-04-14T08:37:29.174Z]      ⏭️  Jurnal Uang Masuk sudah ada di Accurate.
[2026-04-14T08:37:29.175Z]      ⏭️  Semua jurnal untuk hari ini sudah selesai, dilewati tanpa memanggil API Quinos.
[2026-04-14T08:37:32.176Z] 
[313/884] Memproses 2026-03-05 - BSD...
[2026-04-14T08:37:32.417Z]      ⏭️  Jurnal Penjualan sudah ada di Accurate.
[2026-04-14T08:37:32.655Z]      ⏭️  Jurnal Uang Masuk sudah ada di Accurate.
[2026-04-14T08:37:32.655Z]      ⏭️  Semua jurnal untuk hari ini sudah selesai, dilewati tanpa memanggil API Quinos.
[2026-04-14T08:37:35.657Z] 
[314/884] Memproses 2026-03-06 - BSD...
[2026-04-14T08:37:36.034Z]      ⏭️  Jurnal Penjualan sudah ada di Accurate.
[2026-04-14T08:37:36.325Z]      ⏭️  Jurnal Uang Masuk sudah ada di Accurate.
[2026-04-14T08:37:36.325Z]      ⏭️  Semua jurnal untuk hari ini sudah selesai, dilewati tanpa memanggil API Quinos.
[2026-04-14T08:37:39.327Z] 
[315/884] Memproses 2026-03-07 - BSD...
[2026-04-14T08:37:39.498Z]      ⏭️  Jurnal Penjualan sudah ada di Accurate.
[2026-04-14T08:37:39.624Z]      ⏭️  Jurnal Uang Masuk sudah ada di Accurate.
[2026-04-14T08:37:39.624Z]      ⏭️  Semua jurnal untuk hari ini sudah selesai, dilewati tanpa memanggil API Quinos.
[2026-04-14T08:37:42.626Z] 
[316/884] Memproses 2026-03-08 - BSD...
[2026-04-14T08:37:42.790Z]      ⏭️  Jurnal Penjualan sudah ada di Accurate.
[2026-04-14T08:37:43.141Z]      ⏭️  Jurnal Uang Masuk sudah ada di Accurate.
[2026-04-14T08:37:43.142Z]      ⏭️  Semua jurnal untuk hari ini sudah selesai, dilewati tanpa memanggil API Quinos.
[2026-04-14T08:37:46.143Z] 
[317/884] Memproses 2026-03-09 - BSD...
[2026-04-14T08:37:46.415Z]      ⏭️  Jurnal Penjualan sudah ada di Accurate.
[2026-04-14T08:37:46.593Z]      ⏭️  Jurnal Uang Masuk sudah ada di Accurate.
[2026-04-14T08:37:46.594Z]      ⏭️  Semua jurnal untuk hari ini sudah selesai, dilewati tanpa memanggil API Quinos.
[2026-04-14T08:37:49.595Z] 
[318/884] Memproses 2026-03-10 - BSD...
[2026-04-14T08:37:49.769Z]      ⏭️  Jurnal Penjualan sudah ada di Accurate.
[2026-04-14T08:37:49.951Z]      ⏭️  Jurnal Uang Masuk sudah ada di Accurate.
[2026-04-14T08:37:49.951Z]      ⏭️  Semua jurnal untuk hari ini sudah selesai, dilewati tanpa memanggil API Quinos.
[2026-04-14T08:37:52.952Z] 
[319/884] Memproses 2026-03-11 - BSD...
[2026-04-14T08:37:53.264Z]      ⏭️  Jurnal Penjualan sudah ada di Accurate.
[2026-04-14T08:37:53.626Z]      ⏭️  Jurnal Uang Masuk sudah ada di Accurate.
[2026-04-14T08:37:53.626Z]      ⏭️  Semua jurnal untuk hari ini sudah selesai, dilewati tanpa memanggil API Quinos.
[2026-04-14T08:37:56.627Z] 
[320/884] Memproses 2026-03-12 - BSD...
[2026-04-14T08:37:56.894Z]      ⏭️  Jurnal Penjualan sudah ada di Accurate.
[2026-04-14T08:37:57.051Z]      ⏭️  Jurnal Uang Masuk sudah ada di Accurate.
[2026-04-14T08:37:57.051Z]      ⏭️  Semua jurnal untuk hari ini sudah selesai, dilewati tanpa memanggil API Quinos.
[2026-04-14T08:37:57.051Z] 
════════════════════════════════════════════════════════════════════════
[2026-04-14T08:37:57.051Z] === LAPORAN PROGRES [320/884 — 36%] ===
[2026-04-14T08:37:57.051Z] ────────────────────────────────────────────────────────────────────────
[2026-04-14T08:37:57.051Z]   Diproses  : 320 dari 884 (36%)
[2026-04-14T08:37:57.052Z]   ✅ Sukses  : 6
[2026-04-14T08:37:57.052Z]   ⏭️  Dilewati: 313
[2026-04-14T08:37:57.052Z]   ❌ Error   : 1
[2026-04-14T08:37:57.052Z]        • Toko Tutup / Data Kosong: 1x
[2026-04-14T08:37:57.052Z] ────────────────────────────────────────────────────────────────────────
[2026-04-14T08:37:57.052Z]   Detail Error:
[2026-04-14T08:37:57.052Z]     [2025-12-13] BSD              | Penjualan    | Toko Tutup / Data Kosong
[2026-04-14T08:37:57.052Z] ════════════════════════════════════════════════════════════════════════

[2026-04-14T08:38:00.053Z] 
[321/884] Memproses 2026-03-13 - BSD...
[2026-04-14T08:38:00.230Z]      ⏭️  Jurnal Penjualan sudah ada di Accurate.
[2026-04-14T08:38:00.443Z]      ⏭️  Jurnal Uang Masuk sudah ada di Accurate.
[2026-04-14T08:38:00.443Z]      ⏭️  Semua jurnal untuk hari ini sudah selesai, dilewati tanpa memanggil API Quinos.
[2026-04-14T08:38:03.445Z] 
[322/884] Memproses 2026-03-14 - BSD...
[2026-04-14T08:38:03.621Z]      ⏭️  Jurnal Penjualan sudah ada di Accurate.
[2026-04-14T08:38:03.736Z]      ⏭️  Jurnal Uang Masuk sudah ada di Accurate.
[2026-04-14T08:38:03.736Z]      ⏭️  Semua jurnal untuk hari ini sudah selesai, dilewati tanpa memanggil API Quinos.
[2026-04-14T08:38:06.738Z] 
[323/884] Memproses 2026-03-15 - BSD...
[2026-04-14T08:38:06.869Z]      ⏭️  Jurnal Penjualan sudah ada di Accurate.
[2026-04-14T08:38:07.058Z]      ⏭️  Jurnal Uang Masuk sudah ada di Accurate.
[2026-04-14T08:38:07.058Z]      ⏭️  Semua jurnal untuk hari ini sudah selesai, dilewati tanpa memanggil API Quinos.
[2026-04-14T08:38:10.060Z] 
[324/884] Memproses 2026-03-16 - BSD...
[2026-04-14T08:38:10.232Z]      ⏭️  Jurnal Penjualan sudah ada di Accurate.
[2026-04-14T08:38:10.364Z]      ⏭️  Jurnal Uang Masuk sudah ada di Accurate.
[2026-04-14T08:38:10.364Z]      ⏭️  Semua jurnal untuk hari ini sudah selesai, dilewati tanpa memanggil API Quinos.
[2026-04-14T08:38:13.366Z] 
[325/884] Memproses 2026-03-17 - BSD...
[2026-04-14T08:38:13.520Z]      ⏭️  Jurnal Penjualan sudah ada di Accurate.
[2026-04-14T08:38:13.712Z]      ⏭️  Jurnal Uang Masuk sudah ada di Accurate.
[2026-04-14T08:38:13.712Z]      ⏭️  Semua jurnal untuk hari ini sudah selesai, dilewati tanpa memanggil API Quinos.
[2026-04-14T08:38:16.714Z] 
[326/884] Memproses 2026-03-18 - BSD...
[2026-04-14T08:38:16.866Z]      ⏭️  Jurnal Penjualan sudah ada di Accurate.
[2026-04-14T08:38:17.093Z]      ⏭️  Jurnal Uang Masuk sudah ada di Accurate.
[2026-04-14T08:38:17.093Z]      ⏭️  Semua jurnal untuk hari ini sudah selesai, dilewati tanpa memanggil API Quinos.
[2026-04-14T08:38:20.094Z] 
[327/884] Memproses 2026-03-19 - BSD...
[2026-04-14T08:38:20.280Z]      ⏭️  Jurnal Penjualan sudah ada di Accurate.
[2026-04-14T08:38:20.424Z]      ⏭️  Jurnal Uang Masuk sudah ada di Accurate.
[2026-04-14T08:38:20.424Z]      ⏭️  Semua jurnal untuk hari ini sudah selesai, dilewati tanpa memanggil API Quinos.
[2026-04-14T08:38:23.426Z] 
[328/884] Memproses 2026-03-20 - BSD...
[2026-04-14T08:38:23.689Z]      ⏭️  Jurnal Penjualan sudah ada di Accurate.
[2026-04-14T08:38:23.865Z]      ⏭️  Jurnal Uang Masuk sudah ada di Accurate.
[2026-04-14T08:38:23.865Z]      ⏭️  Semua jurnal untuk hari ini sudah selesai, dilewati tanpa memanggil API Quinos.
[2026-04-14T08:38:26.867Z] 
[329/884] Memproses 2026-03-21 - BSD...
[2026-04-14T08:38:27.106Z]      ⏭️  Jurnal Penjualan sudah ada di Accurate.
[2026-04-14T08:38:27.228Z]      ⏭️  Jurnal Uang Masuk sudah ada di Accurate.
[2026-04-14T08:38:27.228Z]      ⏭️  Semua jurnal untuk hari ini sudah selesai, dilewati tanpa memanggil API Quinos.
[2026-04-14T08:38:30.230Z] 
[330/884] Memproses 2026-03-22 - BSD...
[2026-04-14T08:38:30.466Z]      ⏭️  Jurnal Penjualan sudah ada di Accurate.
[2026-04-14T08:38:30.602Z]      ⏭️  Jurnal Uang Masuk sudah ada di Accurate.
[2026-04-14T08:38:30.602Z]      ⏭️  Semua jurnal untuk hari ini sudah selesai, dilewati tanpa memanggil API Quinos.
[2026-04-14T08:38:30.602Z] 
════════════════════════════════════════════════════════════════════════
[2026-04-14T08:38:30.603Z] === LAPORAN PROGRES [330/884 — 37%] ===
[2026-04-14T08:38:30.603Z] ────────────────────────────────────────────────────────────────────────
[2026-04-14T08:38:30.603Z]   Diproses  : 330 dari 884 (37%)
[2026-04-14T08:38:30.603Z]   ✅ Sukses  : 6
[2026-04-14T08:38:30.603Z]   ⏭️  Dilewati: 323
[2026-04-14T08:38:30.603Z]   ❌ Error   : 1
[2026-04-14T08:38:30.603Z]        • Toko Tutup / Data Kosong: 1x
[2026-04-14T08:38:30.603Z] ────────────────────────────────────────────────────────────────────────
[2026-04-14T08:38:30.603Z]   Detail Error:
[2026-04-14T08:38:30.603Z]     [2025-12-13] BSD              | Penjualan    | Toko Tutup / Data Kosong
[2026-04-14T08:38:30.603Z] ════════════════════════════════════════════════════════════════════════

[2026-04-14T08:38:33.606Z] 
[331/884] Memproses 2026-03-23 - BSD...
[2026-04-14T08:38:33.756Z]      ⏭️  Jurnal Penjualan sudah ada di Accurate.
[2026-04-14T08:38:33.896Z]      ⏭️  Jurnal Uang Masuk sudah ada di Accurate.
[2026-04-14T08:38:33.897Z]      ⏭️  Semua jurnal untuk hari ini sudah selesai, dilewati tanpa memanggil API Quinos.
[2026-04-14T08:38:36.899Z] 
[332/884] Memproses 2026-03-24 - BSD...
[2026-04-14T08:38:37.160Z]      ⏭️  Jurnal Penjualan sudah ada di Accurate.
[2026-04-14T08:38:37.297Z]      ⏭️  Jurnal Uang Masuk sudah ada di Accurate.
[2026-04-14T08:38:37.297Z]      ⏭️  Semua jurnal untuk hari ini sudah selesai, dilewati tanpa memanggil API Quinos.
[2026-04-14T08:38:40.299Z] 
[333/884] Memproses 2026-03-25 - BSD...
[2026-04-14T08:38:40.453Z]      ⏭️  Jurnal Penjualan sudah ada di Accurate.
[2026-04-14T08:38:40.561Z]      ⏭️  Jurnal Uang Masuk sudah ada di Accurate.
[2026-04-14T08:38:40.562Z]      ⏭️  Semua jurnal untuk hari ini sudah selesai, dilewati tanpa memanggil API Quinos.
[2026-04-14T08:38:43.564Z] 
[334/884] Memproses 2026-03-26 - BSD...
[2026-04-14T08:38:43.747Z]      ⏭️  Jurnal Penjualan sudah ada di Accurate.
[2026-04-14T08:38:43.884Z]      ⏭️  Jurnal Uang Masuk sudah ada di Accurate.
[2026-04-14T08:38:43.885Z]      ⏭️  Semua jurnal untuk hari ini sudah selesai, dilewati tanpa memanggil API Quinos.
[2026-04-14T08:38:46.890Z] 
[335/884] Memproses 2026-03-27 - BSD...
[2026-04-14T08:38:47.057Z]      ⏭️  Jurnal Penjualan sudah ada di Accurate.
[2026-04-14T08:38:47.166Z]      📡 Mengambil data dari Quinos...
[2026-04-14T08:38:51.303Z]      ✅ Jurnal Uang Masuk OK (tanggal 28/03/2026)
[2026-04-14T08:38:54.305Z] 
[336/884] Memproses 2026-03-28 - BSD...
[2026-04-14T08:38:54.456Z]      ⏭️  Jurnal Penjualan sudah ada di Accurate.
[2026-04-14T08:38:54.593Z]      ⏭️  Jurnal Uang Masuk sudah ada di Accurate.
[2026-04-14T08:38:54.594Z]      ⏭️  Semua jurnal untuk hari ini sudah selesai, dilewati tanpa memanggil API Quinos.
[2026-04-14T08:38:57.595Z] 
[337/884] Memproses 2026-03-29 - BSD...
[2026-04-14T08:38:57.740Z]      ⏭️  Jurnal Penjualan sudah ada di Accurate.
[2026-04-14T08:38:57.856Z]      ⏭️  Jurnal Uang Masuk sudah ada di Accurate.
[2026-04-14T08:38:57.856Z]      ⏭️  Semua jurnal untuk hari ini sudah selesai, dilewati tanpa memanggil API Quinos.
[2026-04-14T08:39:00.857Z] 
[338/884] Memproses 2026-03-30 - BSD...
[2026-04-14T08:39:01.015Z]      ⏭️  Jurnal Penjualan sudah ada di Accurate.
[2026-04-14T08:39:01.131Z]      ⏭️  Jurnal Uang Masuk sudah ada di Accurate.
[2026-04-14T08:39:01.131Z]      ⏭️  Semua jurnal untuk hari ini sudah selesai, dilewati tanpa memanggil API Quinos.
[2026-04-14T08:39:04.134Z] 
[339/884] Memproses 2026-03-31 - BSD...
[2026-04-14T08:39:04.270Z]      ⏭️  Jurnal Penjualan sudah ada di Accurate.
[2026-04-14T08:39:04.464Z]      ⏭️  Jurnal Uang Masuk sudah ada di Accurate.
[2026-04-14T08:39:04.465Z]      ⏭️  Semua jurnal untuk hari ini sudah selesai, dilewati tanpa memanggil API Quinos.
[2026-04-14T08:39:07.466Z] 
[340/884] Memproses 2026-04-01 - BSD...
[2026-04-14T08:39:07.765Z]      ⏭️  Jurnal Penjualan sudah ada di Accurate.
[2026-04-14T08:39:07.973Z]      ⏭️  Jurnal Uang Masuk sudah ada di Accurate.
[2026-04-14T08:39:07.973Z]      ⏭️  Semua jurnal untuk hari ini sudah selesai, dilewati tanpa memanggil API Quinos.
[2026-04-14T08:39:07.973Z] 
════════════════════════════════════════════════════════════════════════
[2026-04-14T08:39:07.973Z] === LAPORAN PROGRES [340/884 — 38%] ===
[2026-04-14T08:39:07.973Z] ────────────────────────────────────────────────────────────────────────
[2026-04-14T08:39:07.973Z]   Diproses  : 340 dari 884 (38%)
[2026-04-14T08:39:07.973Z]   ✅ Sukses  : 7
[2026-04-14T08:39:07.973Z]   ⏭️  Dilewati: 332
[2026-04-14T08:39:07.973Z]   ❌ Error   : 1
[2026-04-14T08:39:07.973Z]        • Toko Tutup / Data Kosong: 1x
[2026-04-14T08:39:07.973Z] ────────────────────────────────────────────────────────────────────────
[2026-04-14T08:39:07.973Z]   Detail Error:
[2026-04-14T08:39:07.974Z]     [2025-12-13] BSD              | Penjualan    | Toko Tutup / Data Kosong
[2026-04-14T08:39:07.974Z] ════════════════════════════════════════════════════════════════════════

[2026-04-14T08:39:10.976Z] 
[341/884] Memproses 2026-04-02 - BSD...
[2026-04-14T08:39:11.212Z]      ⏭️  Jurnal Penjualan sudah ada di Accurate.
[2026-04-14T08:39:11.323Z]      ⏭️  Jurnal Uang Masuk sudah ada di Accurate.
[2026-04-14T08:39:11.323Z]      ⏭️  Semua jurnal untuk hari ini sudah selesai, dilewati tanpa memanggil API Quinos.
[2026-04-14T08:39:14.324Z] 
[342/884] Memproses 2026-04-03 - BSD...
[2026-04-14T08:39:14.472Z]      ⏭️  Jurnal Penjualan sudah ada di Accurate.
[2026-04-14T08:39:14.608Z]      ⏭️  Jurnal Uang Masuk sudah ada di Accurate.
[2026-04-14T08:39:14.609Z]      ⏭️  Semua jurnal untuk hari ini sudah selesai, dilewati tanpa memanggil API Quinos.
[2026-04-14T08:39:17.611Z] 
[343/884] Memproses 2026-04-04 - BSD...
[2026-04-14T08:39:17.826Z]      ⏭️  Jurnal Penjualan sudah ada di Accurate.
[2026-04-14T08:39:17.979Z]      ⏭️  Jurnal Uang Masuk sudah ada di Accurate.
[2026-04-14T08:39:17.979Z]      ⏭️  Semua jurnal untuk hari ini sudah selesai, dilewati tanpa memanggil API Quinos.
[2026-04-14T08:39:20.984Z] 
[344/884] Memproses 2026-04-05 - BSD...
[2026-04-14T08:39:21.129Z]      ⏭️  Jurnal Penjualan sudah ada di Accurate.
[2026-04-14T08:39:21.251Z]      ⏭️  Jurnal Uang Masuk sudah ada di Accurate.
[2026-04-14T08:39:21.251Z]      ⏭️  Semua jurnal untuk hari ini sudah selesai, dilewati tanpa memanggil API Quinos.
[2026-04-14T08:39:24.253Z] 
[345/884] Memproses 2026-04-06 - BSD...
[2026-04-14T08:39:24.407Z]      ⏭️  Jurnal Penjualan sudah ada di Accurate.
[2026-04-14T08:39:24.543Z]      ⏭️  Jurnal Uang Masuk sudah ada di Accurate.
[2026-04-14T08:39:24.543Z]      ⏭️  Semua jurnal untuk hari ini sudah selesai, dilewati tanpa memanggil API Quinos.
[2026-04-14T08:39:27.545Z] 
[346/884] Memproses 2026-04-07 - BSD...
[2026-04-14T08:39:27.713Z]      ⏭️  Jurnal Penjualan sudah ada di Accurate.
[2026-04-14T08:39:27.838Z]      ⏭️  Jurnal Uang Masuk sudah ada di Accurate.
[2026-04-14T08:39:27.838Z]      ⏭️  Semua jurnal untuk hari ini sudah selesai, dilewati tanpa memanggil API Quinos.
[2026-04-14T08:39:30.841Z] 
[347/884] Memproses 2026-04-08 - BSD...
[2026-04-14T08:39:30.991Z]      ⏭️  Jurnal Penjualan sudah ada di Accurate.
[2026-04-14T08:39:31.094Z]      ⏭️  Jurnal Uang Masuk sudah ada di Accurate.
[2026-04-14T08:39:31.094Z]      ⏭️  Semua jurnal untuk hari ini sudah selesai, dilewati tanpa memanggil API Quinos.
[2026-04-14T08:39:34.095Z] 
[348/884] Memproses 2026-04-09 - BSD...
[2026-04-14T08:39:34.303Z]      ⏭️  Jurnal Penjualan sudah ada di Accurate.
[2026-04-14T08:39:34.419Z]      ⏭️  Jurnal Uang Masuk sudah ada di Accurate.
[2026-04-14T08:39:34.419Z]      ⏭️  Semua jurnal untuk hari ini sudah selesai, dilewati tanpa memanggil API Quinos.
[2026-04-14T08:39:37.422Z] 
[349/884] Memproses 2026-04-10 - BSD...
[2026-04-14T08:39:37.583Z]      ⏭️  Jurnal Penjualan sudah ada di Accurate.
[2026-04-14T08:39:37.764Z]      ⏭️  Jurnal Uang Masuk sudah ada di Accurate.
[2026-04-14T08:39:37.764Z]      ⏭️  Semua jurnal untuk hari ini sudah selesai, dilewati tanpa memanggil API Quinos.
[2026-04-14T08:39:40.768Z] 
[350/884] Memproses 2026-04-11 - BSD...
[2026-04-14T08:39:40.945Z]      ⏭️  Jurnal Penjualan sudah ada di Accurate.
[2026-04-14T08:39:41.058Z]      ⏭️  Jurnal Uang Masuk sudah ada di Accurate.
[2026-04-14T08:39:41.058Z]      ⏭️  Semua jurnal untuk hari ini sudah selesai, dilewati tanpa memanggil API Quinos.
[2026-04-14T08:39:41.058Z] 
════════════════════════════════════════════════════════════════════════
[2026-04-14T08:39:41.058Z] === LAPORAN PROGRES [350/884 — 40%] ===
[2026-04-14T08:39:41.058Z] ────────────────────────────────────────────────────────────────────────
[2026-04-14T08:39:41.058Z]   Diproses  : 350 dari 884 (40%)
[2026-04-14T08:39:41.058Z]   ✅ Sukses  : 7
[2026-04-14T08:39:41.058Z]   ⏭️  Dilewati: 342
[2026-04-14T08:39:41.058Z]   ❌ Error   : 1
[2026-04-14T08:39:41.058Z]        • Toko Tutup / Data Kosong: 1x
[2026-04-14T08:39:41.058Z] ────────────────────────────────────────────────────────────────────────
[2026-04-14T08:39:41.058Z]   Detail Error:
[2026-04-14T08:39:41.059Z]     [2025-12-13] BSD              | Penjualan    | Toko Tutup / Data Kosong
[2026-04-14T08:39:41.059Z] ════════════════════════════════════════════════════════════════════════

[2026-04-14T08:39:44.062Z] 
[351/884] Memproses 2026-04-12 - BSD...
[2026-04-14T08:39:44.363Z]      ⏭️  Jurnal Penjualan sudah ada di Accurate.
[2026-04-14T08:39:44.515Z]      ⏭️  Jurnal Uang Masuk sudah ada di Accurate.
[2026-04-14T08:39:44.515Z]      ⏭️  Semua jurnal untuk hari ini sudah selesai, dilewati tanpa memanggil API Quinos.
[2026-04-14T08:39:47.518Z] 
[352/884] Memproses 2026-02-04 - SMB...
[2026-04-14T08:39:47.714Z]      ⏭️  Jurnal Penjualan sudah ada di Accurate.
[2026-04-14T08:39:47.837Z]      ⏭️  Jurnal Uang Masuk sudah ada di Accurate.
[2026-04-14T08:39:47.837Z]      ⏭️  Semua jurnal untuk hari ini sudah selesai, dilewati tanpa memanggil API Quinos.
[2026-04-14T08:39:50.840Z] 
[353/884] Memproses 2026-02-05 - SMB...
[2026-04-14T08:39:51.011Z]      ⏭️  Jurnal Penjualan sudah ada di Accurate.
[2026-04-14T08:39:51.131Z]      ⏭️  Jurnal Uang Masuk sudah ada di Accurate.
[2026-04-14T08:39:51.131Z]      ⏭️  Semua jurnal untuk hari ini sudah selesai, dilewati tanpa memanggil API Quinos.
[2026-04-14T08:39:54.133Z] 
[354/884] Memproses 2026-02-06 - SMB...
[2026-04-14T08:39:54.380Z]      ⏭️  Jurnal Penjualan sudah ada di Accurate.
[2026-04-14T08:39:54.503Z]      📡 Mengambil data dari Quinos...
[2026-04-14T08:39:58.161Z]      ✅ Jurnal Uang Masuk OK (tanggal 07/02/2026)
[2026-04-14T08:40:01.162Z] 
[355/884] Memproses 2026-02-07 - SMB...
[2026-04-14T08:40:01.580Z]      📡 Mengambil data dari Quinos...
[2026-04-14T08:40:04.701Z] 
     🛑 [INVESTIGASI] KETIDAKSEIMBANGAN TERDETEKSI (> 15.000)
[2026-04-14T08:40:04.701Z]      Tanggal: 2026-02-07 | Toko: SMB
[2026-04-14T08:40:04.725Z]      Total Penjualan (POS Quinos): Rp 49.722.006
[2026-04-14T08:40:04.725Z]      Total Pembayaran (POS Quinos): Rp 49.585.461
[2026-04-14T08:40:04.725Z]      Selisih Jurnal: Rp 45.045
[2026-04-14T08:40:04.725Z]      --------------------------------------------------
[2026-04-14T08:40:04.725Z]      [ANALISA PEMBAYARAN VS BANK]
[2026-04-14T08:40:04.725Z]      - KREDIT BCA: POS (Rp 3.384.580) vs Bank (Rp 3.361.307) | Selisih: Rp 23.273
[2026-04-14T08:40:04.725Z]      - DEBIT BCA : POS (Rp 4.459.455) vs Bank (Rp 4.590.506,41) | Selisih: Rp -131.051,41
[2026-04-14T08:40:04.725Z]      - QRIS BCA  : POS (Rp 41.502.996) vs Bank (Rp 41.053.024,09) | Selisih: Rp 449.971,91
[2026-04-14T08:40:04.725Z]      --------------------------------------------------
[2026-04-14T08:40:04.725Z]      [SEMUA KODE PEMBAYARAN RAW DARI QUINOS]
[2026-04-14T08:40:04.725Z]      - "QRIS                        " Rp   41.502.996  ✓ → payment_qris
[2026-04-14T08:40:04.725Z]      - "DEBIT                       " Rp    4.459.455  ✓ → payment_debit_bca
[2026-04-14T08:40:04.725Z]      - "CREDIT BCA                  " Rp    3.384.580  ✓ → payment_credit_bca
[2026-04-14T08:40:04.725Z]      - "CASH                        " Rp      130.630  ✓ → payment_cash
[2026-04-14T08:40:04.726Z]      - "GOBIZ                       " Rp      107.800  ✓ → payment_gobiz
[2026-04-14T08:40:04.726Z]      - "MASTER                      " Rp       45.045  ❌ TIDAK TERTANGKAP — cek findPayment di quinos.ts!
[2026-04-14T08:40:04.726Z]      --------------------------------------------------
[2026-04-14T08:40:04.726Z]      KESIMPULAN: Selisih Rp 45.045 ini terlalu besar untuk auto-balance.
[2026-04-14T08:40:04.726Z]      KEMUNGKINAN: Kasir salah input tipe pembayaran di Quinos, atau ada transaksi Quinos yang belum di-input (Under-reporting).

[2026-04-14T08:40:04.726Z] [ERROR]      ❌ Skipped: Jurnal Penjualan tidak seimbang (Selisih Rp 45.045). Harap cek rincian investigasi di atas.
[2026-04-14T08:40:07.977Z] 
[356/884] Memproses 2026-02-08 - SMB...
[2026-04-14T08:40:08.128Z]      ⏭️  Jurnal Penjualan sudah ada di Accurate.
[2026-04-14T08:40:08.256Z]      📡 Mengambil data dari Quinos...
[2026-04-14T08:40:11.720Z]      ✅ Jurnal Uang Masuk OK (tanggal 09/02/2026)
[2026-04-14T08:40:14.722Z] 
[357/884] Memproses 2026-02-09 - SMB...
[2026-04-14T08:40:14.922Z]      ⏭️  Jurnal Penjualan sudah ada di Accurate.
[2026-04-14T08:40:15.260Z]      ⏭️  Jurnal Uang Masuk sudah ada di Accurate.
[2026-04-14T08:40:15.260Z]      ⏭️  Semua jurnal untuk hari ini sudah selesai, dilewati tanpa memanggil API Quinos.
[2026-04-14T08:40:18.261Z] 
[358/884] Memproses 2026-02-10 - SMB...
[2026-04-14T08:40:18.430Z]      ⏭️  Jurnal Penjualan sudah ada di Accurate.
[2026-04-14T08:40:18.561Z]      ⏭️  Jurnal Uang Masuk sudah ada di Accurate.
[2026-04-14T08:40:18.561Z]      ⏭️  Semua jurnal untuk hari ini sudah selesai, dilewati tanpa memanggil API Quinos.
[2026-04-14T08:40:21.563Z] 
[359/884] Memproses 2026-02-11 - SMB...
[2026-04-14T08:40:21.713Z]      ⏭️  Jurnal Penjualan sudah ada di Accurate.
[2026-04-14T08:40:21.885Z]      📡 Mengambil data dari Quinos...
[2026-04-14T08:40:25.754Z]      ✅ Jurnal Uang Masuk OK (tanggal 12/02/2026)
[2026-04-14T08:40:28.755Z] 
[360/884] Memproses 2026-02-12 - SMB...
[2026-04-14T08:40:28.909Z]      ⏭️  Jurnal Penjualan sudah ada di Accurate.
[2026-04-14T08:40:29.067Z]      ⏭️  Jurnal Uang Masuk sudah ada di Accurate.
[2026-04-14T08:40:29.067Z]      ⏭️  Semua jurnal untuk hari ini sudah selesai, dilewati tanpa memanggil API Quinos.
[2026-04-14T08:40:29.067Z] 
════════════════════════════════════════════════════════════════════════
[2026-04-14T08:40:29.067Z] === LAPORAN PROGRES [360/884 — 41%] ===
[2026-04-14T08:40:29.067Z] ────────────────────────────────────────────────────────────────────────
[2026-04-14T08:40:29.067Z]   Diproses  : 360 dari 884 (41%)
[2026-04-14T08:40:29.067Z]   ✅ Sukses  : 10
[2026-04-14T08:40:29.067Z]   ⏭️  Dilewati: 348
[2026-04-14T08:40:29.067Z]   ❌ Error   : 2
[2026-04-14T08:40:29.068Z]        • Toko Tutup / Data Kosong: 1x
[2026-04-14T08:40:29.068Z]        • Jurnal Tidak Seimbang: 1x
[2026-04-14T08:40:29.068Z] ────────────────────────────────────────────────────────────────────────
[2026-04-14T08:40:29.068Z]   Detail Error:
[2026-04-14T08:40:29.068Z]     [2025-12-13] BSD              | Penjualan    | Toko Tutup / Data Kosong
[2026-04-14T08:40:29.068Z]     [2026-02-07] SMB              | Penjualan    | Jurnal Tidak Seimbang
[2026-04-14T08:40:29.068Z] ════════════════════════════════════════════════════════════════════════

[2026-04-14T08:40:32.071Z] 
[361/884] Memproses 2026-02-13 - SMB...
[2026-04-14T08:40:32.295Z]      ⏭️  Jurnal Penjualan sudah ada di Accurate.
[2026-04-14T08:40:32.447Z]      ⏭️  Jurnal Uang Masuk sudah ada di Accurate.
[2026-04-14T08:40:32.447Z]      ⏭️  Semua jurnal untuk hari ini sudah selesai, dilewati tanpa memanggil API Quinos.
[2026-04-14T08:40:35.449Z] 
[362/884] Memproses 2026-02-14 - SMB...
[2026-04-14T08:40:35.591Z]      ⏭️  Jurnal Penjualan sudah ada di Accurate.
[2026-04-14T08:40:35.787Z]      ⏭️  Jurnal Uang Masuk sudah ada di Accurate.
[2026-04-14T08:40:35.787Z]      ⏭️  Semua jurnal untuk hari ini sudah selesai, dilewati tanpa memanggil API Quinos.
[2026-04-14T08:40:38.788Z] 
[363/884] Memproses 2026-02-15 - SMB...
[2026-04-14T08:40:39.077Z]      📡 Mengambil data dari Quinos...
[2026-04-14T08:40:41.983Z] 
     🛑 [INVESTIGASI] KETIDAKSEIMBANGAN TERDETEKSI (> 15.000)
[2026-04-14T08:40:41.984Z]      Tanggal: 2026-02-15 | Toko: SMB
[2026-04-14T08:40:41.985Z]      Total Penjualan (POS Quinos): Rp 37.700.743
[2026-04-14T08:40:41.985Z]      Total Pembayaran (POS Quinos): Rp 38.108.743
[2026-04-14T08:40:41.985Z]      Selisih Jurnal: Rp 420.000
[2026-04-14T08:40:41.985Z]      --------------------------------------------------
[2026-04-14T08:40:41.985Z]      [ANALISA PEMBAYARAN VS BANK]
[2026-04-14T08:40:41.985Z]      - KREDIT BCA: POS (Rp 1.863.015) vs Bank (Rp 1.826.582) | Selisih: Rp 36.433
[2026-04-14T08:40:41.985Z]      - DEBIT BCA : POS (Rp 6.280.925) vs Bank (Rp 6.245.594,94) | Selisih: Rp 35.330,06
[2026-04-14T08:40:41.985Z]      - QRIS BCA  : POS (Rp 29.807.228) vs Bank (Rp 29.598.577,43) | Selisih: Rp 208.650,57
[2026-04-14T08:40:41.985Z]      --------------------------------------------------
[2026-04-14T08:40:41.985Z]      [SEMUA KODE PEMBAYARAN RAW DARI QUINOS]
[2026-04-14T08:40:41.985Z]      - "QRIS                        " Rp   29.807.228  ✓ → payment_qris
[2026-04-14T08:40:41.985Z]      - "DEBIT                       " Rp    6.280.925  ✓ → payment_debit_bca
[2026-04-14T08:40:41.985Z]      - "CREDIT BCA                  " Rp    1.863.015  ✓ → payment_credit_bca
[2026-04-14T08:40:41.985Z]      - "GOBIZ                       " Rp      105.600  ✓ → payment_gobiz
[2026-04-14T08:40:41.985Z]      - "CASH                        " Rp       51.975  ✓ → payment_cash
[2026-04-14T08:40:41.985Z]      --------------------------------------------------
[2026-04-14T08:40:41.985Z]      KESIMPULAN: Selisih Rp 420.000 ini terlalu besar untuk auto-balance.
[2026-04-14T08:40:41.986Z]      KEMUNGKINAN: Kasir salah input tipe pembayaran di Quinos, atau ada transaksi Quinos yang belum di-input (Under-reporting).

[2026-04-14T08:40:41.986Z] [ERROR]      ❌ Skipped: Jurnal Penjualan tidak seimbang (Selisih Rp 420.000). Harap cek rincian investigasi di atas.
[2026-04-14T08:40:45.388Z] 
[364/884] Memproses 2026-02-16 - SMB...
[2026-04-14T08:40:45.548Z]      ⏭️  Jurnal Penjualan sudah ada di Accurate.
[2026-04-14T08:40:45.666Z]      ⏭️  Jurnal Uang Masuk sudah ada di Accurate.
[2026-04-14T08:40:45.666Z]      ⏭️  Semua jurnal untuk hari ini sudah selesai, dilewati tanpa memanggil API Quinos.
[2026-04-14T08:40:48.668Z] 
[365/884] Memproses 2026-02-17 - SMB...
[2026-04-14T08:40:48.835Z]      ⏭️  Jurnal Penjualan sudah ada di Accurate.
[2026-04-14T08:40:48.980Z]      ⏭️  Jurnal Uang Masuk sudah ada di Accurate.
[2026-04-14T08:40:48.980Z]      ⏭️  Semua jurnal untuk hari ini sudah selesai, dilewati tanpa memanggil API Quinos.
[2026-04-14T08:40:51.982Z] 
[366/884] Memproses 2026-02-18 - SMB...
[2026-04-14T08:40:52.318Z]      ⏭️  Jurnal Penjualan sudah ada di Accurate.
[2026-04-14T08:40:52.540Z]      ⏭️  Jurnal Uang Masuk sudah ada di Accurate.
[2026-04-14T08:40:52.540Z]      ⏭️  Semua jurnal untuk hari ini sudah selesai, dilewati tanpa memanggil API Quinos.
[2026-04-14T08:40:55.542Z] 
[367/884] Memproses 2026-02-19 - SMB...
[2026-04-14T08:40:55.681Z]      ⏭️  Jurnal Penjualan sudah ada di Accurate.
[2026-04-14T08:40:55.802Z]      ⏭️  Jurnal Uang Masuk sudah ada di Accurate.
[2026-04-14T08:40:55.802Z]      ⏭️  Semua jurnal untuk hari ini sudah selesai, dilewati tanpa memanggil API Quinos.
[2026-04-14T08:40:58.804Z] 
[368/884] Memproses 2026-02-20 - SMB...
[2026-04-14T08:40:58.978Z]      ⏭️  Jurnal Penjualan sudah ada di Accurate.
[2026-04-14T08:40:59.092Z]      ⏭️  Jurnal Uang Masuk sudah ada di Accurate.
[2026-04-14T08:40:59.092Z]      ⏭️  Semua jurnal untuk hari ini sudah selesai, dilewati tanpa memanggil API Quinos.
[2026-04-14T08:41:02.094Z] 
[369/884] Memproses 2026-02-21 - SMB...
[2026-04-14T08:41:02.280Z]      ⏭️  Jurnal Penjualan sudah ada di Accurate.
[2026-04-14T08:41:02.490Z]      ⏭️  Jurnal Uang Masuk sudah ada di Accurate.
[2026-04-14T08:41:02.490Z]      ⏭️  Semua jurnal untuk hari ini sudah selesai, dilewati tanpa memanggil API Quinos.
[2026-04-14T08:41:05.492Z] 
[370/884] Memproses 2026-02-22 - SMB...
[2026-04-14T08:41:05.744Z]      ⏭️  Jurnal Penjualan sudah ada di Accurate.
[2026-04-14T08:41:05.850Z]      ⏭️  Jurnal Uang Masuk sudah ada di Accurate.
[2026-04-14T08:41:05.850Z]      ⏭️  Semua jurnal untuk hari ini sudah selesai, dilewati tanpa memanggil API Quinos.
[2026-04-14T08:41:05.851Z] 
════════════════════════════════════════════════════════════════════════
[2026-04-14T08:41:05.851Z] === LAPORAN PROGRES [370/884 — 42%] ===
[2026-04-14T08:41:05.851Z] ────────────────────────────────────────────────────────────────────────
[2026-04-14T08:41:05.851Z]   Diproses  : 370 dari 884 (42%)
[2026-04-14T08:41:05.851Z]   ✅ Sukses  : 10
[2026-04-14T08:41:05.851Z]   ⏭️  Dilewati: 357
[2026-04-14T08:41:05.851Z]   ❌ Error   : 3
[2026-04-14T08:41:05.851Z]        • Jurnal Tidak Seimbang: 2x
[2026-04-14T08:41:05.851Z]        • Toko Tutup / Data Kosong: 1x
[2026-04-14T08:41:05.851Z] ────────────────────────────────────────────────────────────────────────
[2026-04-14T08:41:05.851Z]   Detail Error:
[2026-04-14T08:41:05.851Z]     [2025-12-13] BSD              | Penjualan    | Toko Tutup / Data Kosong
[2026-04-14T08:41:05.851Z]     [2026-02-07] SMB              | Penjualan    | Jurnal Tidak Seimbang
[2026-04-14T08:41:05.851Z]     [2026-02-15] SMB              | Penjualan    | Jurnal Tidak Seimbang
[2026-04-14T08:41:05.851Z] ════════════════════════════════════════════════════════════════════════

[2026-04-14T08:41:08.851Z] 
[371/884] Memproses 2026-02-23 - SMB...
[2026-04-14T08:41:09.107Z]      ⏭️  Jurnal Penjualan sudah ada di Accurate.
[2026-04-14T08:41:09.272Z]      ⏭️  Jurnal Uang Masuk sudah ada di Accurate.
[2026-04-14T08:41:09.272Z]      ⏭️  Semua jurnal untuk hari ini sudah selesai, dilewati tanpa memanggil API Quinos.
[2026-04-14T08:41:12.273Z] 
[372/884] Memproses 2026-02-24 - SMB...
[2026-04-14T08:41:12.696Z]      ⏭️  Jurnal Penjualan sudah ada di Accurate.
[2026-04-14T08:41:12.897Z]      ⏭️  Jurnal Uang Masuk sudah ada di Accurate.
[2026-04-14T08:41:12.897Z]      ⏭️  Semua jurnal untuk hari ini sudah selesai, dilewati tanpa memanggil API Quinos.
[2026-04-14T08:41:15.899Z] 
[373/884] Memproses 2026-02-25 - SMB...
[2026-04-14T08:41:16.045Z]      ⏭️  Jurnal Penjualan sudah ada di Accurate.
[2026-04-14T08:41:16.219Z]      ⏭️  Jurnal Uang Masuk sudah ada di Accurate.
[2026-04-14T08:41:16.219Z]      ⏭️  Semua jurnal untuk hari ini sudah selesai, dilewati tanpa memanggil API Quinos.
[2026-04-14T08:41:19.220Z] 
[374/884] Memproses 2026-02-26 - SMB...
[2026-04-14T08:41:19.405Z]      ⏭️  Jurnal Penjualan sudah ada di Accurate.
[2026-04-14T08:41:19.522Z]      📡 Mengambil data dari Quinos...
[2026-04-14T08:41:22.497Z] 
     🛑 [DEBUG] RINCIAN JURNAL YANG TIDAK SEIMBANG (BREW - UANG MASUK STRADA SMB 26/02/2026)
[2026-04-14T08:41:22.497Z]      Total Debit: 10792006
[2026-04-14T08:41:22.497Z]      Total Credit: 10882006
[2026-04-14T08:41:22.497Z]      Selisih: 90000
[2026-04-14T08:41:22.497Z]      Baris Jurnal:
[2026-04-14T08:41:22.497Z]        - [DEBIT ] 1000.02.07: 10711325.39
[2026-04-14T08:41:22.497Z]        - [DEBIT ] 6000.01.08: 80680.61
[2026-04-14T08:41:22.497Z]        - [CREDIT] 1000.02.07: 90000
[2026-04-14T08:41:22.497Z]        - [CREDIT] 1100.14: 601755
[2026-04-14T08:41:22.497Z]        - [CREDIT] 1100.14: 1568490
[2026-04-14T08:41:22.497Z]        - [CREDIT] 1100.14: 8621761
[2026-04-14T08:41:22.497Z] 
[2026-04-14T08:41:22.498Z] [ERROR]      ❌ ERROR: Jurnal tidak balance secara internal! D: 10792006, C: 10882006 (Selisih: 90000)
[2026-04-14T08:41:25.500Z] 
[375/884] Memproses 2026-02-27 - SMB...
[2026-04-14T08:41:25.717Z]      ⏭️  Jurnal Penjualan sudah ada di Accurate.
[2026-04-14T08:41:25.837Z]      📡 Mengambil data dari Quinos...
[2026-04-14T08:41:28.789Z] 
     🛑 [DEBUG] RINCIAN JURNAL YANG TIDAK SEIMBANG (BREW - UANG MASUK STRADA SMB 27/02/2026)
[2026-04-14T08:41:28.789Z]      Total Debit: 16324845
[2026-04-14T08:41:28.789Z]      Total Credit: 16524845
[2026-04-14T08:41:28.789Z]      Selisih: 200000
[2026-04-14T08:41:28.789Z]      Baris Jurnal:
[2026-04-14T08:41:28.789Z]        - [DEBIT ] 1000.02.07: 16163500.36
[2026-04-14T08:41:28.789Z]        - [DEBIT ] 6000.01.08: 111783.64
[2026-04-14T08:41:28.789Z]        - [DEBIT ] 6000.01.36: 49561
[2026-04-14T08:41:28.789Z]        - [CREDIT] 1000.02.07: 200000
[2026-04-14T08:41:28.789Z]        - [CREDIT] 1100.14: 896280
[2026-04-14T08:41:28.789Z]        - [CREDIT] 1100.14: 3789555
[2026-04-14T08:41:28.789Z]        - [CREDIT] 1100.14: 11380510
[2026-04-14T08:41:28.789Z]        - [CREDIT] 1100.18: 258500
[2026-04-14T08:41:28.789Z] 
[2026-04-14T08:41:28.789Z] [ERROR]      ❌ ERROR: Jurnal tidak balance secara internal! D: 16324845, C: 16524845 (Selisih: 200000)
[2026-04-14T08:41:31.791Z] 
[376/884] Memproses 2026-02-28 - SMB...
[2026-04-14T08:41:32.154Z]      ⏭️  Jurnal Penjualan sudah ada di Accurate.
[2026-04-14T08:41:32.264Z]      📡 Mengambil data dari Quinos...
[2026-04-14T08:41:35.092Z] 
     🛑 [DEBUG] RINCIAN JURNAL YANG TIDAK SEIMBANG (BREW - UANG MASUK STRADA SMB 28/02/2026)
[2026-04-14T08:41:35.092Z]      Total Debit: 32646805
[2026-04-14T08:41:35.092Z]      Total Credit: 32896805
[2026-04-14T08:41:35.092Z]      Selisih: 250000
[2026-04-14T08:41:35.092Z]      Baris Jurnal:
[2026-04-14T08:41:35.092Z]        - [DEBIT ] 1000.02.07: 32324186.87
[2026-04-14T08:41:35.092Z]        - [DEBIT ] 1000.01.12: 28875
[2026-04-14T08:41:35.092Z]        - [DEBIT ] 6000.01.08: 243643.13
[2026-04-14T08:41:35.093Z]        - [DEBIT ] 6000.01.36: 50100
[2026-04-14T08:41:35.093Z]        - [CREDIT] 1000.01.12: 28875
[2026-04-14T08:41:35.093Z]        - [CREDIT] 1000.02.07: 250000
[2026-04-14T08:41:35.093Z]        - [CREDIT] 1100.14: 2227995
[2026-04-14T08:41:35.093Z]        - [CREDIT] 1100.14: 7401240
[2026-04-14T08:41:35.093Z]        - [CREDIT] 1100.14: 22739875
[2026-04-14T08:41:35.093Z]        - [CREDIT] 1100.24: 248820
[2026-04-14T08:41:35.093Z] 
[2026-04-14T08:41:35.093Z] [ERROR]      ❌ ERROR: Jurnal tidak balance secara internal! D: 32646805, C: 32896805 (Selisih: 250000)
[2026-04-14T08:41:38.095Z] 
[377/884] Memproses 2026-03-01 - SMB...
[2026-04-14T08:41:38.320Z]      ⏭️  Jurnal Penjualan sudah ada di Accurate.
[2026-04-14T08:41:38.454Z]      ⏭️  Jurnal Uang Masuk sudah ada di Accurate.
[2026-04-14T08:41:38.455Z]      ⏭️  Semua jurnal untuk hari ini sudah selesai, dilewati tanpa memanggil API Quinos.
[2026-04-14T08:41:41.458Z] 
[378/884] Memproses 2026-03-02 - SMB...
[2026-04-14T08:41:41.617Z]      ⏭️  Jurnal Penjualan sudah ada di Accurate.
[2026-04-14T08:41:41.863Z]      ⏭️  Jurnal Uang Masuk sudah ada di Accurate.
[2026-04-14T08:41:41.864Z]      ⏭️  Semua jurnal untuk hari ini sudah selesai, dilewati tanpa memanggil API Quinos.
[2026-04-14T08:41:44.864Z] 
[379/884] Memproses 2026-03-03 - SMB...
[2026-04-14T08:41:45.100Z]      ⏭️  Jurnal Penjualan sudah ada di Accurate.
[2026-04-14T08:41:45.239Z]      ⏭️  Jurnal Uang Masuk sudah ada di Accurate.
[2026-04-14T08:41:45.239Z]      ⏭️  Semua jurnal untuk hari ini sudah selesai, dilewati tanpa memanggil API Quinos.
[2026-04-14T08:41:48.247Z] 
[380/884] Memproses 2026-03-04 - SMB...
[2026-04-14T08:41:48.382Z]      ⏭️  Jurnal Penjualan sudah ada di Accurate.
[2026-04-14T08:41:48.494Z]      ⏭️  Jurnal Uang Masuk sudah ada di Accurate.
[2026-04-14T08:41:48.494Z]      ⏭️  Semua jurnal untuk hari ini sudah selesai, dilewati tanpa memanggil API Quinos.
[2026-04-14T08:41:48.495Z] 
════════════════════════════════════════════════════════════════════════
[2026-04-14T08:41:48.495Z] === LAPORAN PROGRES [380/884 — 43%] ===
[2026-04-14T08:41:48.495Z] ────────────────────────────────────────────────────────────────────────
[2026-04-14T08:41:48.495Z]   Diproses  : 380 dari 884 (43%)
[2026-04-14T08:41:48.495Z]   ✅ Sukses  : 10
[2026-04-14T08:41:48.495Z]   ⏭️  Dilewati: 364
[2026-04-14T08:41:48.495Z]   ❌ Error   : 6
[2026-04-14T08:41:48.495Z]        • Jurnal Tidak Seimbang: 5x
[2026-04-14T08:41:48.495Z]        • Toko Tutup / Data Kosong: 1x
[2026-04-14T08:41:48.496Z] ────────────────────────────────────────────────────────────────────────
[2026-04-14T08:41:48.496Z]   Detail Error:
[2026-04-14T08:41:48.496Z]     [2025-12-13] BSD              | Penjualan    | Toko Tutup / Data Kosong
[2026-04-14T08:41:48.496Z]     [2026-02-07] SMB              | Penjualan    | Jurnal Tidak Seimbang
[2026-04-14T08:41:48.496Z]     [2026-02-15] SMB              | Penjualan    | Jurnal Tidak Seimbang
[2026-04-14T08:41:48.496Z]     [2026-02-26] SMB              | Uang Masuk   | Jurnal Tidak Seimbang
[2026-04-14T08:41:48.496Z]     [2026-02-27] SMB              | Uang Masuk   | Jurnal Tidak Seimbang
[2026-04-14T08:41:48.496Z]     [2026-02-28] SMB              | Uang Masuk   | Jurnal Tidak Seimbang
[2026-04-14T08:41:48.496Z] ════════════════════════════════════════════════════════════════════════

[2026-04-14T08:41:51.497Z] 
[381/884] Memproses 2026-03-05 - SMB...
[2026-04-14T08:41:51.642Z]      ⏭️  Jurnal Penjualan sudah ada di Accurate.
[2026-04-14T08:41:51.765Z]      ⏭️  Jurnal Uang Masuk sudah ada di Accurate.
[2026-04-14T08:41:51.765Z]      ⏭️  Semua jurnal untuk hari ini sudah selesai, dilewati tanpa memanggil API Quinos.
[2026-04-14T08:41:54.767Z] 
[382/884] Memproses 2026-03-06 - SMB...
[2026-04-14T08:41:54.937Z]      ⏭️  Jurnal Penjualan sudah ada di Accurate.
[2026-04-14T08:41:55.117Z]      ⏭️  Jurnal Uang Masuk sudah ada di Accurate.
[2026-04-14T08:41:55.118Z]      ⏭️  Semua jurnal untuk hari ini sudah selesai, dilewati tanpa memanggil API Quinos.
[2026-04-14T08:41:58.119Z] 
[383/884] Memproses 2026-03-07 - SMB...
[2026-04-14T08:41:58.337Z]      ⏭️  Jurnal Penjualan sudah ada di Accurate.
[2026-04-14T08:41:58.447Z]      📡 Mengambil data dari Quinos...
[2026-04-14T08:42:01.312Z] 
     🛑 [DEBUG] RINCIAN JURNAL YANG TIDAK SEIMBANG (BREW - UANG MASUK STRADA SMB 07/03/2026)
[2026-04-14T08:42:01.313Z]      Total Debit: 32166377.62
[2026-04-14T08:42:01.313Z]      Total Credit: 32346377.62
[2026-04-14T08:42:01.313Z]      Selisih: 180000
[2026-04-14T08:42:01.313Z]      Baris Jurnal:
[2026-04-14T08:42:01.313Z]        - [DEBIT ] 1000.02.07: 32105277.62
[2026-04-14T08:42:01.313Z]        - [CREDIT] 6000.01.08: 68597.62
[2026-04-14T08:42:01.313Z]        - [DEBIT ] 6000.01.36: 61100
[2026-04-14T08:42:01.313Z]        - [CREDIT] 1000.02.07: 180000
[2026-04-14T08:42:01.313Z]        - [CREDIT] 1100.14: 1560405
[2026-04-14T08:42:01.313Z]        - [CREDIT] 1100.14: 3165855
[2026-04-14T08:42:01.313Z]        - [CREDIT] 1100.14: 27067700
[2026-04-14T08:42:01.313Z]        - [CREDIT] 1100.24: 303820
[2026-04-14T08:42:01.313Z] 
[2026-04-14T08:42:01.313Z] [ERROR]      ❌ ERROR: Jurnal tidak balance secara internal! D: 32166377.62, C: 32346377.62 (Selisih: 180000)
[2026-04-14T08:42:04.315Z] 
[384/884] Memproses 2026-03-08 - SMB...
[2026-04-14T08:42:04.447Z]      ⏭️  Jurnal Penjualan sudah ada di Accurate.
[2026-04-14T08:42:04.573Z]      ⏭️  Jurnal Uang Masuk sudah ada di Accurate.
[2026-04-14T08:42:04.573Z]      ⏭️  Semua jurnal untuk hari ini sudah selesai, dilewati tanpa memanggil API Quinos.
[2026-04-14T08:42:07.575Z] 
[385/884] Memproses 2026-03-09 - SMB...
[2026-04-14T08:42:07.724Z]      ⏭️  Jurnal Penjualan sudah ada di Accurate.
[2026-04-14T08:42:07.851Z]      ⏭️  Jurnal Uang Masuk sudah ada di Accurate.
[2026-04-14T08:42:07.851Z]      ⏭️  Semua jurnal untuk hari ini sudah selesai, dilewati tanpa memanggil API Quinos.
[2026-04-14T08:42:10.853Z] 
[386/884] Memproses 2026-03-10 - SMB...
[2026-04-14T08:42:11.029Z]      ⏭️  Jurnal Penjualan sudah ada di Accurate.
[2026-04-14T08:42:11.148Z]      ⏭️  Jurnal Uang Masuk sudah ada di Accurate.
[2026-04-14T08:42:11.148Z]      ⏭️  Semua jurnal untuk hari ini sudah selesai, dilewati tanpa memanggil API Quinos.
[2026-04-14T08:42:14.149Z] 
[387/884] Memproses 2026-03-11 - SMB...
[2026-04-14T08:42:14.304Z]      ⏭️  Jurnal Penjualan sudah ada di Accurate.
[2026-04-14T08:42:14.416Z]      📡 Mengambil data dari Quinos...
[2026-04-14T08:42:17.064Z] 
     🛑 [DEBUG] RINCIAN JURNAL YANG TIDAK SEIMBANG (BREW - UANG MASUK STRADA SMB 11/03/2026)
[2026-04-14T08:42:17.064Z]      Total Debit: 20487710
[2026-04-14T08:42:17.064Z]      Total Credit: 20847710
[2026-04-14T08:42:17.064Z]      Selisih: 360000
[2026-04-14T08:42:17.064Z]      Baris Jurnal:
[2026-04-14T08:42:17.064Z]        - [DEBIT ] 1000.02.07: 20113833.49
[2026-04-14T08:42:17.064Z]        - [DEBIT ] 1000.01.12: 192885
[2026-04-14T08:42:17.064Z]        - [DEBIT ] 6000.01.08: 160745.51
[2026-04-14T08:42:17.064Z]        - [DEBIT ] 6000.01.36: 20246
[2026-04-14T08:42:17.064Z]        - [CREDIT] 1000.01.12: 192885
[2026-04-14T08:42:17.065Z]        - [CREDIT] 1000.02.07: 360000
[2026-04-14T08:42:17.065Z]        - [CREDIT] 1100.14: 1784475
[2026-04-14T08:42:17.065Z]        - [CREDIT] 1100.14: 4972275
[2026-04-14T08:42:17.065Z]        - [CREDIT] 1100.14: 13432475
[2026-04-14T08:42:17.065Z]        - [CREDIT] 1100.18: 105600
[2026-04-14T08:42:17.065Z] 
[2026-04-14T08:42:17.065Z] [ERROR]      ❌ ERROR: Jurnal tidak balance secara internal! D: 20487710, C: 20847710 (Selisih: 360000)
[2026-04-14T08:42:20.066Z] 
[388/884] Memproses 2026-03-12 - SMB...
[2026-04-14T08:42:20.214Z]      ⏭️  Jurnal Penjualan sudah ada di Accurate.
[2026-04-14T08:42:20.346Z]      ⏭️  Jurnal Uang Masuk sudah ada di Accurate.
[2026-04-14T08:42:20.347Z]      ⏭️  Semua jurnal untuk hari ini sudah selesai, dilewati tanpa memanggil API Quinos.
[2026-04-14T08:42:23.349Z] 
[389/884] Memproses 2026-03-13 - SMB...
[2026-04-14T08:42:23.510Z]      ⏭️  Jurnal Penjualan sudah ada di Accurate.
[2026-04-14T08:42:23.670Z]      ⏭️  Jurnal Uang Masuk sudah ada di Accurate.
[2026-04-14T08:42:23.670Z]      ⏭️  Semua jurnal untuk hari ini sudah selesai, dilewati tanpa memanggil API Quinos.
[2026-04-14T08:42:26.671Z] 
[390/884] Memproses 2026-03-14 - SMB...
[2026-04-14T08:42:26.814Z]      ⏭️  Jurnal Penjualan sudah ada di Accurate.
[2026-04-14T08:42:26.988Z]      ⏭️  Jurnal Uang Masuk sudah ada di Accurate.
[2026-04-14T08:42:26.988Z]      ⏭️  Semua jurnal untuk hari ini sudah selesai, dilewati tanpa memanggil API Quinos.
[2026-04-14T08:42:26.989Z] 
════════════════════════════════════════════════════════════════════════
[2026-04-14T08:42:26.989Z] === LAPORAN PROGRES [390/884 — 44%] ===
[2026-04-14T08:42:26.989Z] ────────────────────────────────────────────────────────────────────────
[2026-04-14T08:42:26.989Z]   Diproses  : 390 dari 884 (44%)
[2026-04-14T08:42:26.989Z]   ✅ Sukses  : 10
[2026-04-14T08:42:26.989Z]   ⏭️  Dilewati: 372
[2026-04-14T08:42:26.989Z]   ❌ Error   : 8
[2026-04-14T08:42:26.989Z]        • Jurnal Tidak Seimbang: 7x
[2026-04-14T08:42:26.989Z]        • Toko Tutup / Data Kosong: 1x
[2026-04-14T08:42:26.989Z] ────────────────────────────────────────────────────────────────────────
[2026-04-14T08:42:26.989Z]   Detail Error:
[2026-04-14T08:42:26.989Z]     [2025-12-13] BSD              | Penjualan    | Toko Tutup / Data Kosong
[2026-04-14T08:42:26.989Z]     [2026-02-07] SMB              | Penjualan    | Jurnal Tidak Seimbang
[2026-04-14T08:42:26.989Z]     [2026-02-15] SMB              | Penjualan    | Jurnal Tidak Seimbang
[2026-04-14T08:42:26.989Z]     [2026-02-26] SMB              | Uang Masuk   | Jurnal Tidak Seimbang
[2026-04-14T08:42:26.989Z]     [2026-02-27] SMB              | Uang Masuk   | Jurnal Tidak Seimbang
[2026-04-14T08:42:26.989Z]     [2026-02-28] SMB              | Uang Masuk   | Jurnal Tidak Seimbang
[2026-04-14T08:42:26.989Z]     [2026-03-07] SMB              | Uang Masuk   | Jurnal Tidak Seimbang
[2026-04-14T08:42:26.989Z]     [2026-03-11] SMB              | Uang Masuk   | Jurnal Tidak Seimbang
[2026-04-14T08:42:26.989Z] ════════════════════════════════════════════════════════════════════════

[2026-04-14T08:42:29.990Z] 
[391/884] Memproses 2026-03-15 - SMB...
[2026-04-14T08:42:30.153Z]      ⏭️  Jurnal Penjualan sudah ada di Accurate.
[2026-04-14T08:42:30.256Z]      ⏭️  Jurnal Uang Masuk sudah ada di Accurate.
[2026-04-14T08:42:30.256Z]      ⏭️  Semua jurnal untuk hari ini sudah selesai, dilewati tanpa memanggil API Quinos.
[2026-04-14T08:42:33.258Z] 
[392/884] Memproses 2026-03-16 - SMB...
[2026-04-14T08:42:33.478Z]      ⏭️  Jurnal Penjualan sudah ada di Accurate.
[2026-04-14T08:42:33.618Z]      ⏭️  Jurnal Uang Masuk sudah ada di Accurate.
[2026-04-14T08:42:33.618Z]      ⏭️  Semua jurnal untuk hari ini sudah selesai, dilewati tanpa memanggil API Quinos.
[2026-04-14T08:42:36.621Z] 
[393/884] Memproses 2026-03-17 - SMB...
[2026-04-14T08:42:36.770Z]      ⏭️  Jurnal Penjualan sudah ada di Accurate.
[2026-04-14T08:42:36.957Z]      ⏭️  Jurnal Uang Masuk sudah ada di Accurate.
[2026-04-14T08:42:36.957Z]      ⏭️  Semua jurnal untuk hari ini sudah selesai, dilewati tanpa memanggil API Quinos.
[2026-04-14T08:42:39.960Z] 
[394/884] Memproses 2026-03-18 - SMB...
[2026-04-14T08:42:40.200Z]      ⏭️  Jurnal Penjualan sudah ada di Accurate.
[2026-04-14T08:42:40.340Z]      ⏭️  Jurnal Uang Masuk sudah ada di Accurate.
[2026-04-14T08:42:40.340Z]      ⏭️  Semua jurnal untuk hari ini sudah selesai, dilewati tanpa memanggil API Quinos.
[2026-04-14T08:42:43.341Z] 
[395/884] Memproses 2026-03-19 - SMB...
[2026-04-14T08:42:43.523Z]      ⏭️  Jurnal Penjualan sudah ada di Accurate.
[2026-04-14T08:42:43.757Z]      ⏭️  Jurnal Uang Masuk sudah ada di Accurate.
[2026-04-14T08:42:43.758Z]      ⏭️  Semua jurnal untuk hari ini sudah selesai, dilewati tanpa memanggil API Quinos.
[2026-04-14T08:42:46.760Z] 
[396/884] Memproses 2026-03-20 - SMB...
[2026-04-14T08:42:46.915Z]      ⏭️  Jurnal Penjualan sudah ada di Accurate.
[2026-04-14T08:42:47.046Z]      ⏭️  Jurnal Uang Masuk sudah ada di Accurate.
[2026-04-14T08:42:47.046Z]      ⏭️  Semua jurnal untuk hari ini sudah selesai, dilewati tanpa memanggil API Quinos.
[2026-04-14T08:42:50.048Z] 
[397/884] Memproses 2026-03-21 - SMB...
[2026-04-14T08:42:50.190Z]      ⏭️  Jurnal Penjualan sudah ada di Accurate.
[2026-04-14T08:42:50.416Z]      ⏭️  Jurnal Uang Masuk sudah ada di Accurate.
[2026-04-14T08:42:50.417Z]      ⏭️  Semua jurnal untuk hari ini sudah selesai, dilewati tanpa memanggil API Quinos.
[2026-04-14T08:42:53.418Z] 
[398/884] Memproses 2026-03-22 - SMB...
[2026-04-14T08:42:53.577Z]      ⏭️  Jurnal Penjualan sudah ada di Accurate.
[2026-04-14T08:42:53.757Z]      ⏭️  Jurnal Uang Masuk sudah ada di Accurate.
[2026-04-14T08:42:53.757Z]      ⏭️  Semua jurnal untuk hari ini sudah selesai, dilewati tanpa memanggil API Quinos.
[2026-04-14T08:42:56.759Z] 
[399/884] Memproses 2026-03-23 - SMB...
[2026-04-14T08:42:56.927Z]      ⏭️  Jurnal Penjualan sudah ada di Accurate.
[2026-04-14T08:42:57.068Z]      ⏭️  Jurnal Uang Masuk sudah ada di Accurate.
[2026-04-14T08:42:57.068Z]      ⏭️  Semua jurnal untuk hari ini sudah selesai, dilewati tanpa memanggil API Quinos.
[2026-04-14T08:43:00.070Z] 
[400/884] Memproses 2026-03-24 - SMB...
[2026-04-14T08:43:00.231Z]      ⏭️  Jurnal Penjualan sudah ada di Accurate.
[2026-04-14T08:43:00.358Z]      ⏭️  Jurnal Uang Masuk sudah ada di Accurate.
[2026-04-14T08:43:00.358Z]      ⏭️  Semua jurnal untuk hari ini sudah selesai, dilewati tanpa memanggil API Quinos.
[2026-04-14T08:43:00.358Z] 
════════════════════════════════════════════════════════════════════════
[2026-04-14T08:43:00.358Z] === LAPORAN PROGRES [400/884 — 45%] ===
[2026-04-14T08:43:00.358Z] ────────────────────────────────────────────────────────────────────────
[2026-04-14T08:43:00.358Z]   Diproses  : 400 dari 884 (45%)
[2026-04-14T08:43:00.358Z]   ✅ Sukses  : 10
[2026-04-14T08:43:00.358Z]   ⏭️  Dilewati: 382
[2026-04-14T08:43:00.358Z]   ❌ Error   : 8
[2026-04-14T08:43:00.359Z]        • Jurnal Tidak Seimbang: 7x
[2026-04-14T08:43:00.359Z]        • Toko Tutup / Data Kosong: 1x
[2026-04-14T08:43:00.359Z] ────────────────────────────────────────────────────────────────────────
[2026-04-14T08:43:00.359Z]   Detail Error:
[2026-04-14T08:43:00.359Z]     [2025-12-13] BSD              | Penjualan    | Toko Tutup / Data Kosong
[2026-04-14T08:43:00.359Z]     [2026-02-07] SMB              | Penjualan    | Jurnal Tidak Seimbang
[2026-04-14T08:43:00.359Z]     [2026-02-15] SMB              | Penjualan    | Jurnal Tidak Seimbang
[2026-04-14T08:43:00.359Z]     [2026-02-26] SMB              | Uang Masuk   | Jurnal Tidak Seimbang
[2026-04-14T08:43:00.359Z]     [2026-02-27] SMB              | Uang Masuk   | Jurnal Tidak Seimbang
[2026-04-14T08:43:00.359Z]     [2026-02-28] SMB              | Uang Masuk   | Jurnal Tidak Seimbang
[2026-04-14T08:43:00.359Z]     [2026-03-07] SMB              | Uang Masuk   | Jurnal Tidak Seimbang
[2026-04-14T08:43:00.359Z]     [2026-03-11] SMB              | Uang Masuk   | Jurnal Tidak Seimbang
[2026-04-14T08:43:00.359Z] ════════════════════════════════════════════════════════════════════════

[2026-04-14T08:43:03.362Z] 
[401/884] Memproses 2026-03-25 - SMB...
[2026-04-14T08:43:03.570Z]      ⏭️  Jurnal Penjualan sudah ada di Accurate.
[2026-04-14T08:43:03.697Z]      ⏭️  Jurnal Uang Masuk sudah ada di Accurate.
[2026-04-14T08:43:03.697Z]      ⏭️  Semua jurnal untuk hari ini sudah selesai, dilewati tanpa memanggil API Quinos.
[2026-04-14T08:43:06.697Z] 
[402/884] Memproses 2026-03-26 - SMB...
[2026-04-14T08:43:06.937Z]      ⏭️  Jurnal Penjualan sudah ada di Accurate.
[2026-04-14T08:43:07.121Z]      📡 Mengambil data dari Quinos...
[2026-04-14T08:43:10.791Z]      ✅ Jurnal Uang Masuk OK (tanggal 27/03/2026)
[2026-04-14T08:43:13.792Z] 
[403/884] Memproses 2026-03-27 - SMB...
[2026-04-14T08:43:13.977Z]      ⏭️  Jurnal Penjualan sudah ada di Accurate.
[2026-04-14T08:43:14.087Z]      📡 Mengambil data dari Quinos...
[2026-04-14T08:43:17.432Z]      ✅ Jurnal Uang Masuk OK (tanggal 28/03/2026)
[2026-04-14T08:43:20.433Z] 
[404/884] Memproses 2026-03-28 - SMB...
[2026-04-14T08:43:20.580Z]      ⏭️  Jurnal Penjualan sudah ada di Accurate.
[2026-04-14T08:43:20.721Z]      ⏭️  Jurnal Uang Masuk sudah ada di Accurate.
[2026-04-14T08:43:20.721Z]      ⏭️  Semua jurnal untuk hari ini sudah selesai, dilewati tanpa memanggil API Quinos.
[2026-04-14T08:43:23.723Z] 
[405/884] Memproses 2026-03-29 - SMB...
[2026-04-14T08:43:23.889Z]      ⏭️  Jurnal Penjualan sudah ada di Accurate.
[2026-04-14T08:43:24.026Z]      ⏭️  Jurnal Uang Masuk sudah ada di Accurate.
[2026-04-14T08:43:24.026Z]      ⏭️  Semua jurnal untuk hari ini sudah selesai, dilewati tanpa memanggil API Quinos.
[2026-04-14T08:43:27.027Z] 
[406/884] Memproses 2026-03-30 - SMB...
[2026-04-14T08:43:27.207Z]      ⏭️  Jurnal Penjualan sudah ada di Accurate.
[2026-04-14T08:43:27.568Z]      ⏭️  Jurnal Uang Masuk sudah ada di Accurate.
[2026-04-14T08:43:27.568Z]      ⏭️  Semua jurnal untuk hari ini sudah selesai, dilewati tanpa memanggil API Quinos.
[2026-04-14T08:43:30.571Z] 
[407/884] Memproses 2026-03-31 - SMB...
[2026-04-14T08:43:30.729Z]      ⏭️  Jurnal Penjualan sudah ada di Accurate.
[2026-04-14T08:43:30.848Z]      ⏭️  Jurnal Uang Masuk sudah ada di Accurate.
[2026-04-14T08:43:30.848Z]      ⏭️  Semua jurnal untuk hari ini sudah selesai, dilewati tanpa memanggil API Quinos.
[2026-04-14T08:43:33.849Z] 
[408/884] Memproses 2026-04-01 - SMB...
[2026-04-14T08:43:34.008Z]      ⏭️  Jurnal Penjualan sudah ada di Accurate.
[2026-04-14T08:43:34.142Z]      ⏭️  Jurnal Uang Masuk sudah ada di Accurate.
[2026-04-14T08:43:34.143Z]      ⏭️  Semua jurnal untuk hari ini sudah selesai, dilewati tanpa memanggil API Quinos.
[2026-04-14T08:43:37.144Z] 
[409/884] Memproses 2026-04-02 - SMB...
[2026-04-14T08:43:37.271Z]      ⏭️  Jurnal Penjualan sudah ada di Accurate.
[2026-04-14T08:43:37.378Z]      📡 Mengambil data dari Quinos...
[2026-04-14T08:43:40.676Z]      ✅ Jurnal Uang Masuk OK (tanggal 03/04/2026)
[2026-04-14T08:43:43.677Z] 
[410/884] Memproses 2026-04-03 - SMB...
[2026-04-14T08:43:43.820Z]      ⏭️  Jurnal Penjualan sudah ada di Accurate.
[2026-04-14T08:43:43.933Z]      ⏭️  Jurnal Uang Masuk sudah ada di Accurate.
[2026-04-14T08:43:43.933Z]      ⏭️  Semua jurnal untuk hari ini sudah selesai, dilewati tanpa memanggil API Quinos.
[2026-04-14T08:43:43.933Z] 
════════════════════════════════════════════════════════════════════════
[2026-04-14T08:43:43.933Z] === LAPORAN PROGRES [410/884 — 46%] ===
[2026-04-14T08:43:43.933Z] ────────────────────────────────────────────────────────────────────────
[2026-04-14T08:43:43.933Z]   Diproses  : 410 dari 884 (46%)
[2026-04-14T08:43:43.933Z]   ✅ Sukses  : 13
[2026-04-14T08:43:43.933Z]   ⏭️  Dilewati: 389
[2026-04-14T08:43:43.933Z]   ❌ Error   : 8
[2026-04-14T08:43:43.933Z]        • Jurnal Tidak Seimbang: 7x
[2026-04-14T08:43:43.933Z]        • Toko Tutup / Data Kosong: 1x
[2026-04-14T08:43:43.933Z] ────────────────────────────────────────────────────────────────────────
[2026-04-14T08:43:43.933Z]   Detail Error:
[2026-04-14T08:43:43.933Z]     [2025-12-13] BSD              | Penjualan    | Toko Tutup / Data Kosong
[2026-04-14T08:43:43.933Z]     [2026-02-07] SMB              | Penjualan    | Jurnal Tidak Seimbang
[2026-04-14T08:43:43.934Z]     [2026-02-15] SMB              | Penjualan    | Jurnal Tidak Seimbang
[2026-04-14T08:43:43.934Z]     [2026-02-26] SMB              | Uang Masuk   | Jurnal Tidak Seimbang
[2026-04-14T08:43:43.934Z]     [2026-02-27] SMB              | Uang Masuk   | Jurnal Tidak Seimbang
[2026-04-14T08:43:43.934Z]     [2026-02-28] SMB              | Uang Masuk   | Jurnal Tidak Seimbang
[2026-04-14T08:43:43.934Z]     [2026-03-07] SMB              | Uang Masuk   | Jurnal Tidak Seimbang
[2026-04-14T08:43:43.934Z]     [2026-03-11] SMB              | Uang Masuk   | Jurnal Tidak Seimbang
[2026-04-14T08:43:43.934Z] ════════════════════════════════════════════════════════════════════════

[2026-04-14T08:43:46.936Z] 
[411/884] Memproses 2026-04-04 - SMB...
[2026-04-14T08:43:47.091Z]      ⏭️  Jurnal Penjualan sudah ada di Accurate.
[2026-04-14T08:43:47.214Z]      ⏭️  Jurnal Uang Masuk sudah ada di Accurate.
[2026-04-14T08:43:47.214Z]      ⏭️  Semua jurnal untuk hari ini sudah selesai, dilewati tanpa memanggil API Quinos.
[2026-04-14T08:43:50.216Z] 
[412/884] Memproses 2026-04-05 - SMB...
[2026-04-14T08:43:50.449Z]      ⏭️  Jurnal Penjualan sudah ada di Accurate.
[2026-04-14T08:43:50.555Z]      ⏭️  Jurnal Uang Masuk sudah ada di Accurate.
[2026-04-14T08:43:50.555Z]      ⏭️  Semua jurnal untuk hari ini sudah selesai, dilewati tanpa memanggil API Quinos.
[2026-04-14T08:43:53.557Z] 
[413/884] Memproses 2026-04-06 - SMB...
[2026-04-14T08:43:53.695Z]      ⏭️  Jurnal Penjualan sudah ada di Accurate.
[2026-04-14T08:43:53.900Z]      ⏭️  Jurnal Uang Masuk sudah ada di Accurate.
[2026-04-14T08:43:53.900Z]      ⏭️  Semua jurnal untuk hari ini sudah selesai, dilewati tanpa memanggil API Quinos.
[2026-04-14T08:43:56.901Z] 
[414/884] Memproses 2026-04-07 - SMB...
[2026-04-14T08:43:57.043Z]      ⏭️  Jurnal Penjualan sudah ada di Accurate.
[2026-04-14T08:43:57.249Z]      ⏭️  Jurnal Uang Masuk sudah ada di Accurate.
[2026-04-14T08:43:57.251Z]      ⏭️  Semua jurnal untuk hari ini sudah selesai, dilewati tanpa memanggil API Quinos.
[2026-04-14T08:44:00.253Z] 
[415/884] Memproses 2026-04-08 - SMB...
[2026-04-14T08:44:00.394Z]      ⏭️  Jurnal Penjualan sudah ada di Accurate.
[2026-04-14T08:44:00.505Z]      ⏭️  Jurnal Uang Masuk sudah ada di Accurate.
[2026-04-14T08:44:00.505Z]      ⏭️  Semua jurnal untuk hari ini sudah selesai, dilewati tanpa memanggil API Quinos.
[2026-04-14T08:44:03.507Z] 
[416/884] Memproses 2026-04-09 - SMB...
[2026-04-14T08:44:03.656Z]      ⏭️  Jurnal Penjualan sudah ada di Accurate.
[2026-04-14T08:44:03.788Z]      ⏭️  Jurnal Uang Masuk sudah ada di Accurate.
[2026-04-14T08:44:03.789Z]      ⏭️  Semua jurnal untuk hari ini sudah selesai, dilewati tanpa memanggil API Quinos.
[2026-04-14T08:44:06.791Z] 
[417/884] Memproses 2026-04-10 - SMB...
[2026-04-14T08:44:06.954Z]      ⏭️  Jurnal Penjualan sudah ada di Accurate.
[2026-04-14T08:44:07.067Z]      📡 Mengambil data dari Quinos...
[2026-04-14T08:44:10.681Z]      ✅ Jurnal Uang Masuk OK (tanggal 11/04/2026)
[2026-04-14T08:44:13.682Z] 
[418/884] Memproses 2025-01-01 - LA.PIAZZA...
[2026-04-14T08:44:14.036Z]      📡 Mengambil data dari Quinos...
[2026-04-14T08:44:17.443Z]      ✅ Jurnal Penjualan OK
[2026-04-14T08:44:17.948Z]      ✅ Jurnal Uang Masuk OK (tanggal 02/01/2025)
[2026-04-14T08:44:20.949Z] 
[419/884] Memproses 2025-01-02 - LA.PIAZZA...
[2026-04-14T08:44:21.278Z]      📡 Mengambil data dari Quinos...
[2026-04-14T08:44:24.716Z]      ✅ Jurnal Penjualan OK
[2026-04-14T08:44:24.716Z] 
     🛑 [DEBUG] RINCIAN JURNAL YANG TIDAK SEIMBANG (BREW - UANG MASUK STRADA LA.PIAZZA 02/01/2025)
[2026-04-14T08:44:24.716Z]      Total Debit: 18552775
[2026-04-14T08:44:24.716Z]      Total Credit: 19792775
[2026-04-14T08:44:24.716Z]      Selisih: 1240000
[2026-04-14T08:44:24.716Z]      Baris Jurnal:
[2026-04-14T08:44:24.716Z]        - [DEBIT ] 1000.02.01: 18300263.58
[2026-04-14T08:44:24.716Z]        - [DEBIT ] 6000.01.08: 176511.42
[2026-04-14T08:44:24.716Z]        - [DEBIT ] 6000.01.36: 76000
[2026-04-14T08:44:24.716Z]        - [CREDIT] 1000.02.01: 1240000
[2026-04-14T08:44:24.716Z]        - [CREDIT] 1100.01: 4846340
[2026-04-14T08:44:24.716Z]        - [CREDIT] 1100.01: 4490340
[2026-04-14T08:44:24.716Z]        - [CREDIT] 1100.01: 8791595
[2026-04-14T08:44:24.716Z]        - [CREDIT] 1100.06: 149500
[2026-04-14T08:44:24.716Z]        - [CREDIT] 1100.21: 275000
[2026-04-14T08:44:24.716Z] 
[2026-04-14T08:44:24.717Z] [ERROR]      ❌ ERROR: Jurnal tidak balance secara internal! D: 18552775, C: 19792775 (Selisih: 1240000)
[2026-04-14T08:44:27.718Z] 
[420/884] Memproses 2025-01-03 - LA.PIAZZA...
[2026-04-14T08:44:28.012Z]      📡 Mengambil data dari Quinos...
[2026-04-14T08:44:31.518Z]      ✅ Jurnal Penjualan OK
[2026-04-14T08:44:32.077Z]      ✅ Jurnal Uang Masuk OK (tanggal 04/01/2025)
[2026-04-14T08:44:32.077Z] 
════════════════════════════════════════════════════════════════════════
[2026-04-14T08:44:32.077Z] === LAPORAN PROGRES [420/884 — 48%] ===
[2026-04-14T08:44:32.077Z] ────────────────────────────────────────────────────────────────────────
[2026-04-14T08:44:32.077Z]   Diproses  : 420 dari 884 (48%)
[2026-04-14T08:44:32.077Z]   ✅ Sukses  : 16
[2026-04-14T08:44:32.077Z]   ⏭️  Dilewati: 395
[2026-04-14T08:44:32.077Z]   ❌ Error   : 9
[2026-04-14T08:44:32.077Z]        • Jurnal Tidak Seimbang: 8x
[2026-04-14T08:44:32.077Z]        • Toko Tutup / Data Kosong: 1x
[2026-04-14T08:44:32.077Z] ────────────────────────────────────────────────────────────────────────
[2026-04-14T08:44:32.077Z]   Detail Error:
[2026-04-14T08:44:32.077Z]     [2025-12-13] BSD              | Penjualan    | Toko Tutup / Data Kosong
[2026-04-14T08:44:32.078Z]     [2026-02-07] SMB              | Penjualan    | Jurnal Tidak Seimbang
[2026-04-14T08:44:32.078Z]     [2026-02-15] SMB              | Penjualan    | Jurnal Tidak Seimbang
[2026-04-14T08:44:32.078Z]     [2026-02-26] SMB              | Uang Masuk   | Jurnal Tidak Seimbang
[2026-04-14T08:44:32.078Z]     [2026-02-27] SMB              | Uang Masuk   | Jurnal Tidak Seimbang
[2026-04-14T08:44:32.078Z]     [2026-02-28] SMB              | Uang Masuk   | Jurnal Tidak Seimbang
[2026-04-14T08:44:32.078Z]     [2026-03-07] SMB              | Uang Masuk   | Jurnal Tidak Seimbang
[2026-04-14T08:44:32.078Z]     [2026-03-11] SMB              | Uang Masuk   | Jurnal Tidak Seimbang
[2026-04-14T08:44:32.078Z]     [2025-01-02] LA.PIAZZA        | Uang Masuk   | Jurnal Tidak Seimbang
[2026-04-14T08:44:32.078Z] ════════════════════════════════════════════════════════════════════════

[2026-04-14T08:44:35.079Z] 
[421/884] Memproses 2025-01-04 - LA.PIAZZA...
[2026-04-14T08:44:35.329Z]      📡 Mengambil data dari Quinos...
[2026-04-14T08:44:38.744Z]      ✅ Jurnal Penjualan OK
[2026-04-14T08:44:39.286Z]      ✅ Jurnal Uang Masuk OK (tanggal 05/01/2025)
[2026-04-14T08:44:42.287Z] 
[422/884] Memproses 2025-01-05 - LA.PIAZZA...
[2026-04-14T08:44:42.620Z]      📡 Mengambil data dari Quinos...
[2026-04-14T08:44:45.716Z]      ✅ Jurnal Penjualan OK
[2026-04-14T08:44:46.074Z]      ✅ Jurnal Uang Masuk OK (tanggal 06/01/2025)
[2026-04-14T08:44:49.075Z] 
[423/884] Memproses 2025-01-06 - LA.PIAZZA...
[2026-04-14T08:44:49.382Z]      📡 Mengambil data dari Quinos...
[2026-04-14T08:44:52.572Z]      ✅ Jurnal Penjualan OK
[2026-04-14T08:44:53.076Z]      ✅ Jurnal Uang Masuk OK (tanggal 07/01/2025)
[2026-04-14T08:44:56.079Z] 
[424/884] Memproses 2025-01-07 - LA.PIAZZA...
[2026-04-14T08:44:56.402Z]      📡 Mengambil data dari Quinos...
[2026-04-14T08:44:59.945Z]      ✅ Jurnal Penjualan OK
[2026-04-14T08:44:59.945Z] 
     🛑 [DEBUG] RINCIAN JURNAL YANG TIDAK SEIMBANG (BREW - UANG MASUK STRADA LA.PIAZZA 07/01/2025)
[2026-04-14T08:44:59.945Z]      Total Debit: 10562500
[2026-04-14T08:44:59.945Z]      Total Credit: 10690500
[2026-04-14T08:44:59.945Z]      Selisih: 128000
[2026-04-14T08:44:59.945Z]      Baris Jurnal:
[2026-04-14T08:44:59.945Z]        - [DEBIT ] 1000.02.01: 10301495.95
[2026-04-14T08:44:59.945Z]        - [DEBIT ] 6000.01.08: 80404.05
[2026-04-14T08:44:59.945Z]        - [DEBIT ] 6000.01.36: 180600
[2026-04-14T08:44:59.945Z]        - [CREDIT] 1000.02.01: 128000
[2026-04-14T08:44:59.945Z]        - [CREDIT] 1100.01: 1738275
[2026-04-14T08:44:59.945Z]        - [CREDIT] 1100.01: 2627415
[2026-04-14T08:44:59.945Z]        - [CREDIT] 1100.01: 5286010
[2026-04-14T08:44:59.945Z]        - [CREDIT] 1100.06: 195800
[2026-04-14T08:44:59.945Z]        - [CREDIT] 1100.21: 715000
[2026-04-14T08:44:59.945Z] 
[2026-04-14T08:44:59.946Z] [ERROR]      ❌ ERROR: Jurnal tidak balance secara internal! D: 10562500, C: 10690500 (Selisih: 128000)
[2026-04-14T08:45:02.948Z] 
[425/884] Memproses 2025-01-08 - LA.PIAZZA...
[2026-04-14T08:45:03.294Z]      📡 Mengambil data dari Quinos...
[2026-04-14T08:45:06.598Z]      ✅ Jurnal Penjualan OK
[2026-04-14T08:45:06.996Z]      ✅ Jurnal Uang Masuk OK (tanggal 09/01/2025)
[2026-04-14T08:45:09.998Z] 
[426/884] Memproses 2025-01-09 - LA.PIAZZA...
[2026-04-14T08:45:10.329Z]      📡 Mengambil data dari Quinos...
[2026-04-14T08:45:13.595Z]      ✅ Jurnal Penjualan OK
[2026-04-14T08:45:14.065Z]      ✅ Jurnal Uang Masuk OK (tanggal 10/01/2025)
[2026-04-14T08:45:17.066Z] 
[427/884] Memproses 2025-01-10 - LA.PIAZZA...
[2026-04-14T08:45:17.409Z]      📡 Mengambil data dari Quinos...
[2026-04-14T08:45:20.934Z]      ✅ Jurnal Penjualan OK
[2026-04-14T08:45:21.342Z]      ✅ Jurnal Uang Masuk OK (tanggal 11/01/2025)
[2026-04-14T08:45:24.344Z] 
[428/884] Memproses 2025-01-11 - LA.PIAZZA...
[2026-04-14T08:45:24.593Z]      📡 Mengambil data dari Quinos...
[2026-04-14T08:45:28.430Z]      ✅ Jurnal Penjualan OK
[2026-04-14T08:45:28.756Z]      ✅ Jurnal Uang Masuk OK (tanggal 12/01/2025)
[2026-04-14T08:45:31.758Z] 
[429/884] Memproses 2025-01-12 - LA.PIAZZA...
[2026-04-14T08:45:32.012Z]      📡 Mengambil data dari Quinos...
[2026-04-14T08:45:35.194Z]      ✅ Jurnal Penjualan OK
[2026-04-14T08:45:35.195Z] 
     🛑 [DEBUG] RINCIAN JURNAL YANG TIDAK SEIMBANG (BREW - UANG MASUK STRADA LA.PIAZZA 12/01/2025)
[2026-04-14T08:45:35.195Z]      Total Debit: 27223485
[2026-04-14T08:45:35.195Z]      Total Credit: 27523485
[2026-04-14T08:45:35.195Z]      Selisih: 300000
[2026-04-14T08:45:35.195Z]      Baris Jurnal:
[2026-04-14T08:45:35.195Z]        - [DEBIT ] 1000.02.01: 26860540.06
[2026-04-14T08:45:35.195Z]        - [DEBIT ] 6000.01.08: 287104.94
[2026-04-14T08:45:35.195Z]        - [DEBIT ] 6000.01.36: 75840
[2026-04-14T08:45:35.195Z]        - [CREDIT] 1000.02.01: 300000
[2026-04-14T08:45:35.195Z]        - [CREDIT] 1100.01: 9614565
[2026-04-14T08:45:35.195Z]        - [CREDIT] 1100.01: 6430160
[2026-04-14T08:45:35.195Z]        - [CREDIT] 1100.01: 10789360
[2026-04-14T08:45:35.195Z]        - [CREDIT] 1100.06: 167200
[2026-04-14T08:45:35.195Z]        - [CREDIT] 1100.21: 222200
[2026-04-14T08:45:35.195Z] 
[2026-04-14T08:45:35.196Z] [ERROR]      ❌ ERROR: Jurnal tidak balance secara internal! D: 27223485, C: 27523485 (Selisih: 300000)
[2026-04-14T08:45:38.198Z] 
[430/884] Memproses 2025-01-13 - LA.PIAZZA...
[2026-04-14T08:45:38.593Z]      📡 Mengambil data dari Quinos...
[2026-04-14T08:45:42.025Z]      ✅ Jurnal Penjualan OK
[2026-04-14T08:45:42.338Z]      ✅ Jurnal Uang Masuk OK (tanggal 14/01/2025)
[2026-04-14T08:45:42.339Z] 
════════════════════════════════════════════════════════════════════════
[2026-04-14T08:45:42.339Z] === LAPORAN PROGRES [430/884 — 49%] ===
[2026-04-14T08:45:42.339Z] ────────────────────────────────────────────────────────────────────────
[2026-04-14T08:45:42.339Z]   Diproses  : 430 dari 884 (49%)
[2026-04-14T08:45:42.339Z]   ✅ Sukses  : 24
[2026-04-14T08:45:42.339Z]   ⏭️  Dilewati: 395
[2026-04-14T08:45:42.339Z]   ❌ Error   : 11
[2026-04-14T08:45:42.339Z]        • Jurnal Tidak Seimbang: 10x
[2026-04-14T08:45:42.339Z]        • Toko Tutup / Data Kosong: 1x
[2026-04-14T08:45:42.339Z] ────────────────────────────────────────────────────────────────────────
[2026-04-14T08:45:42.339Z]   Detail Error:
[2026-04-14T08:45:42.339Z]     [2025-12-13] BSD              | Penjualan    | Toko Tutup / Data Kosong
[2026-04-14T08:45:42.339Z]     [2026-02-07] SMB              | Penjualan    | Jurnal Tidak Seimbang
[2026-04-14T08:45:42.339Z]     [2026-02-15] SMB              | Penjualan    | Jurnal Tidak Seimbang
[2026-04-14T08:45:42.339Z]     [2026-02-26] SMB              | Uang Masuk   | Jurnal Tidak Seimbang
[2026-04-14T08:45:42.339Z]     [2026-02-27] SMB              | Uang Masuk   | Jurnal Tidak Seimbang
[2026-04-14T08:45:42.339Z]     [2026-02-28] SMB              | Uang Masuk   | Jurnal Tidak Seimbang
[2026-04-14T08:45:42.339Z]     [2026-03-07] SMB              | Uang Masuk   | Jurnal Tidak Seimbang
[2026-04-14T08:45:42.339Z]     [2026-03-11] SMB              | Uang Masuk   | Jurnal Tidak Seimbang
[2026-04-14T08:45:42.339Z]     [2025-01-02] LA.PIAZZA        | Uang Masuk   | Jurnal Tidak Seimbang
[2026-04-14T08:45:42.340Z]     [2025-01-07] LA.PIAZZA        | Uang Masuk   | Jurnal Tidak Seimbang
[2026-04-14T08:45:42.340Z]     [2025-01-12] LA.PIAZZA        | Uang Masuk   | Jurnal Tidak Seimbang
[2026-04-14T08:45:42.340Z] ════════════════════════════════════════════════════════════════════════

[2026-04-14T08:45:45.343Z] 
[431/884] Memproses 2025-01-14 - LA.PIAZZA...
[2026-04-14T08:45:45.608Z]      📡 Mengambil data dari Quinos...
[2026-04-14T08:45:49.195Z]      ✅ Jurnal Penjualan OK
[2026-04-14T08:45:49.800Z]      ✅ Jurnal Uang Masuk OK (tanggal 15/01/2025)
[2026-04-14T08:45:52.800Z] 
[432/884] Memproses 2025-01-15 - LA.PIAZZA...
[2026-04-14T08:45:53.060Z]      📡 Mengambil data dari Quinos...
[2026-04-14T08:45:56.575Z]      ✅ Jurnal Penjualan OK
[2026-04-14T08:45:57.383Z]      ✅ Jurnal Uang Masuk OK (tanggal 16/01/2025)
[2026-04-14T08:46:00.385Z] 
[433/884] Memproses 2025-01-16 - LA.PIAZZA...
[2026-04-14T08:46:00.672Z]      📡 Mengambil data dari Quinos...
[2026-04-14T08:46:03.995Z]      ✅ Jurnal Penjualan OK
[2026-04-14T08:46:04.544Z]      ✅ Jurnal Uang Masuk OK (tanggal 17/01/2025)
[2026-04-14T08:46:07.546Z] 
[434/884] Memproses 2025-01-17 - LA.PIAZZA...
[2026-04-14T08:46:07.916Z]      📡 Mengambil data dari Quinos...
[2026-04-14T08:46:11.626Z]      ✅ Jurnal Penjualan OK
[2026-04-14T08:46:12.120Z]      ✅ Jurnal Uang Masuk OK (tanggal 18/01/2025)
[2026-04-14T08:46:15.121Z] 
[435/884] Memproses 2025-01-18 - LA.PIAZZA...
[2026-04-14T08:46:15.431Z]      📡 Mengambil data dari Quinos...
[2026-04-14T08:46:18.794Z]      ✅ Jurnal Penjualan OK
[2026-04-14T08:46:19.294Z]      ✅ Jurnal Uang Masuk OK (tanggal 19/01/2025)
[2026-04-14T08:46:22.295Z] 
[436/884] Memproses 2025-01-19 - LA.PIAZZA...
[2026-04-14T08:46:22.674Z]      📡 Mengambil data dari Quinos...
[2026-04-14T08:46:26.376Z]      ✅ Jurnal Penjualan OK
[2026-04-14T08:46:26.872Z]      ✅ Jurnal Uang Masuk OK (tanggal 20/01/2025)
[2026-04-14T08:46:29.874Z] 
[437/884] Memproses 2025-01-20 - LA.PIAZZA...
[2026-04-14T08:46:30.176Z]      📡 Mengambil data dari Quinos...
[2026-04-14T08:46:33.365Z]      ✅ Jurnal Penjualan OK
[2026-04-14T08:46:33.366Z] 
     🛑 [DEBUG] RINCIAN JURNAL YANG TIDAK SEIMBANG (BREW - UANG MASUK STRADA LA.PIAZZA 20/01/2025)
[2026-04-14T08:46:33.366Z]      Total Debit: 5941535
[2026-04-14T08:46:33.366Z]      Total Credit: 6051535
[2026-04-14T08:46:33.366Z]      Selisih: 110000
[2026-04-14T08:46:33.366Z]      Baris Jurnal:
[2026-04-14T08:46:33.366Z]        - [DEBIT ] 1000.02.01: 5886739.25
[2026-04-14T08:46:33.366Z]        - [DEBIT ] 6000.01.08: 54795.75
[2026-04-14T08:46:33.366Z]        - [CREDIT] 1000.02.01: 110000
[2026-04-14T08:46:33.366Z]        - [CREDIT] 1100.01: 1474545
[2026-04-14T08:46:33.366Z]        - [CREDIT] 1100.01: 784260
[2026-04-14T08:46:33.366Z]        - [CREDIT] 1100.01: 3682730
[2026-04-14T08:46:33.366Z] 
[2026-04-14T08:46:33.366Z] [ERROR]      ❌ ERROR: Jurnal tidak balance secara internal! D: 5941535, C: 6051535 (Selisih: 110000)
[2026-04-14T08:46:36.368Z] 
[438/884] Memproses 2025-01-21 - LA.PIAZZA...
[2026-04-14T08:46:36.670Z]      📡 Mengambil data dari Quinos...
[2026-04-14T08:46:39.742Z]      ✅ Jurnal Penjualan OK
[2026-04-14T08:46:40.206Z]      ✅ Jurnal Uang Masuk OK (tanggal 22/01/2025)
[2026-04-14T08:46:43.207Z] 
[439/884] Memproses 2025-01-22 - LA.PIAZZA...
[2026-04-14T08:46:43.455Z]      📡 Mengambil data dari Quinos...
[2026-04-14T08:46:46.727Z]      ✅ Jurnal Penjualan OK
[2026-04-14T08:46:47.155Z]      ✅ Jurnal Uang Masuk OK (tanggal 23/01/2025)
[2026-04-14T08:46:50.157Z] 
[440/884] Memproses 2025-01-23 - LA.PIAZZA...
[2026-04-14T08:46:50.471Z]      📡 Mengambil data dari Quinos...
[2026-04-14T08:46:53.707Z]      ✅ Jurnal Penjualan OK
[2026-04-14T08:46:54.519Z]      ✅ Jurnal Uang Masuk OK (tanggal 24/01/2025)
[2026-04-14T08:46:54.519Z] 
════════════════════════════════════════════════════════════════════════
[2026-04-14T08:46:54.519Z] === LAPORAN PROGRES [440/884 — 50%] ===
[2026-04-14T08:46:54.519Z] ────────────────────────────────────────────────────────────────────────
[2026-04-14T08:46:54.519Z]   Diproses  : 440 dari 884 (50%)
[2026-04-14T08:46:54.519Z]   ✅ Sukses  : 33
[2026-04-14T08:46:54.519Z]   ⏭️  Dilewati: 395
[2026-04-14T08:46:54.520Z]   ❌ Error   : 12
[2026-04-14T08:46:54.520Z]        • Jurnal Tidak Seimbang: 11x
[2026-04-14T08:46:54.520Z]        • Toko Tutup / Data Kosong: 1x
[2026-04-14T08:46:54.520Z] ────────────────────────────────────────────────────────────────────────
[2026-04-14T08:46:54.520Z]   Detail Error:
[2026-04-14T08:46:54.520Z]     [2025-12-13] BSD              | Penjualan    | Toko Tutup / Data Kosong
[2026-04-14T08:46:54.520Z]     [2026-02-07] SMB              | Penjualan    | Jurnal Tidak Seimbang
[2026-04-14T08:46:54.520Z]     [2026-02-15] SMB              | Penjualan    | Jurnal Tidak Seimbang
[2026-04-14T08:46:54.520Z]     [2026-02-26] SMB              | Uang Masuk   | Jurnal Tidak Seimbang
[2026-04-14T08:46:54.520Z]     [2026-02-27] SMB              | Uang Masuk   | Jurnal Tidak Seimbang
[2026-04-14T08:46:54.520Z]     [2026-02-28] SMB              | Uang Masuk   | Jurnal Tidak Seimbang
[2026-04-14T08:46:54.520Z]     [2026-03-07] SMB              | Uang Masuk   | Jurnal Tidak Seimbang
[2026-04-14T08:46:54.520Z]     [2026-03-11] SMB              | Uang Masuk   | Jurnal Tidak Seimbang
[2026-04-14T08:46:54.520Z]     [2025-01-02] LA.PIAZZA        | Uang Masuk   | Jurnal Tidak Seimbang
[2026-04-14T08:46:54.520Z]     [2025-01-07] LA.PIAZZA        | Uang Masuk   | Jurnal Tidak Seimbang
[2026-04-14T08:46:54.520Z]     [2025-01-12] LA.PIAZZA        | Uang Masuk   | Jurnal Tidak Seimbang
[2026-04-14T08:46:54.520Z]     [2025-01-20] LA.PIAZZA        | Uang Masuk   | Jurnal Tidak Seimbang
[2026-04-14T08:46:54.520Z] ════════════════════════════════════════════════════════════════════════

[2026-04-14T08:46:57.521Z] 
[441/884] Memproses 2025-01-24 - LA.PIAZZA...
[2026-04-14T08:46:57.884Z]      📡 Mengambil data dari Quinos...
[2026-04-14T08:47:01.683Z]      ✅ Jurnal Penjualan OK
[2026-04-14T08:47:02.815Z]      ✅ Jurnal Uang Masuk OK (tanggal 25/01/2025)
[2026-04-14T08:47:05.816Z] 
[442/884] Memproses 2025-01-25 - LA.PIAZZA...
[2026-04-14T08:47:06.094Z]      📡 Mengambil data dari Quinos...
[2026-04-14T08:47:09.905Z]      ✅ Jurnal Penjualan OK
[2026-04-14T08:47:10.506Z]      ✅ Jurnal Uang Masuk OK (tanggal 26/01/2025)
[2026-04-14T08:47:13.507Z] 
[443/884] Memproses 2025-01-26 - LA.PIAZZA...
[2026-04-14T08:47:13.789Z]      📡 Mengambil data dari Quinos...
[2026-04-14T08:47:22.278Z]      ✅ Jurnal Penjualan OK
[2026-04-14T08:47:22.885Z]      ✅ Jurnal Uang Masuk OK (tanggal 27/01/2025)
[2026-04-14T08:47:25.886Z] 
[444/884] Memproses 2025-01-27 - LA.PIAZZA...
[2026-04-14T08:47:26.161Z]      📡 Mengambil data dari Quinos...
[2026-04-14T08:47:29.656Z]      ✅ Jurnal Penjualan OK
[2026-04-14T08:47:29.989Z]      ✅ Jurnal Uang Masuk OK (tanggal 28/01/2025)
[2026-04-14T08:47:32.991Z] 
[445/884] Memproses 2025-01-28 - LA.PIAZZA...
[2026-04-14T08:47:33.230Z]      📡 Mengambil data dari Quinos...
[2026-04-14T08:47:38.456Z]      ✅ Jurnal Penjualan OK
[2026-04-14T08:47:38.955Z]      ✅ Jurnal Uang Masuk OK (tanggal 29/01/2025)
[2026-04-14T08:47:41.955Z] 
[446/884] Memproses 2025-01-29 - LA.PIAZZA...
[2026-04-14T08:47:42.309Z]      📡 Mengambil data dari Quinos...
[2026-04-14T08:47:45.952Z]      ✅ Jurnal Penjualan OK
[2026-04-14T08:47:46.280Z]      ✅ Jurnal Uang Masuk OK (tanggal 30/01/2025)
[2026-04-14T08:47:49.281Z] 
[447/884] Memproses 2025-01-30 - LA.PIAZZA...
[2026-04-14T08:47:49.532Z]      📡 Mengambil data dari Quinos...
[2026-04-14T08:47:53.117Z]      ✅ Jurnal Penjualan OK
[2026-04-14T08:47:53.681Z]      ✅ Jurnal Uang Masuk OK (tanggal 31/01/2025)
[2026-04-14T08:47:56.682Z] 
[448/884] Memproses 2025-01-31 - LA.PIAZZA...
[2026-04-14T08:47:57.009Z]      📡 Mengambil data dari Quinos...
[2026-04-14T08:48:01.092Z]      ✅ Jurnal Penjualan OK
[2026-04-14T08:48:01.592Z]      ✅ Jurnal Uang Masuk OK (tanggal 01/02/2025)
[2026-04-14T08:48:04.594Z] 
[449/884] Memproses 2025-02-01 - LA.PIAZZA...
[2026-04-14T08:48:04.971Z]      📡 Mengambil data dari Quinos...
[2026-04-14T08:48:08.249Z]      ✅ Jurnal Penjualan OK
[2026-04-14T08:48:08.783Z]      ✅ Jurnal Uang Masuk OK (tanggal 02/02/2025)
[2026-04-14T08:48:11.784Z] 
[450/884] Memproses 2025-02-02 - LA.PIAZZA...
[2026-04-14T08:48:12.148Z]      📡 Mengambil data dari Quinos...
[2026-04-14T08:48:15.838Z]      ✅ Jurnal Penjualan OK
[2026-04-14T08:48:16.202Z]      ✅ Jurnal Uang Masuk OK (tanggal 03/02/2025)
[2026-04-14T08:48:16.202Z] 
════════════════════════════════════════════════════════════════════════
[2026-04-14T08:48:16.202Z] === LAPORAN PROGRES [450/884 — 51%] ===
[2026-04-14T08:48:16.202Z] ────────────────────────────────────────────────────────────────────────
[2026-04-14T08:48:16.202Z]   Diproses  : 450 dari 884 (51%)
[2026-04-14T08:48:16.202Z]   ✅ Sukses  : 43
[2026-04-14T08:48:16.202Z]   ⏭️  Dilewati: 395
[2026-04-14T08:48:16.202Z]   ❌ Error   : 12
[2026-04-14T08:48:16.203Z]        • Jurnal Tidak Seimbang: 11x
[2026-04-14T08:48:16.203Z]        • Toko Tutup / Data Kosong: 1x
[2026-04-14T08:48:16.203Z] ────────────────────────────────────────────────────────────────────────
[2026-04-14T08:48:16.203Z]   Detail Error:
[2026-04-14T08:48:16.203Z]     [2025-12-13] BSD              | Penjualan    | Toko Tutup / Data Kosong
[2026-04-14T08:48:16.203Z]     [2026-02-07] SMB              | Penjualan    | Jurnal Tidak Seimbang
[2026-04-14T08:48:16.203Z]     [2026-02-15] SMB              | Penjualan    | Jurnal Tidak Seimbang
[2026-04-14T08:48:16.203Z]     [2026-02-26] SMB              | Uang Masuk   | Jurnal Tidak Seimbang
[2026-04-14T08:48:16.203Z]     [2026-02-27] SMB              | Uang Masuk   | Jurnal Tidak Seimbang
[2026-04-14T08:48:16.203Z]     [2026-02-28] SMB              | Uang Masuk   | Jurnal Tidak Seimbang
[2026-04-14T08:48:16.203Z]     [2026-03-07] SMB              | Uang Masuk   | Jurnal Tidak Seimbang
[2026-04-14T08:48:16.203Z]     [2026-03-11] SMB              | Uang Masuk   | Jurnal Tidak Seimbang
[2026-04-14T08:48:16.203Z]     [2025-01-02] LA.PIAZZA        | Uang Masuk   | Jurnal Tidak Seimbang
[2026-04-14T08:48:16.203Z]     [2025-01-07] LA.PIAZZA        | Uang Masuk   | Jurnal Tidak Seimbang
[2026-04-14T08:48:16.203Z]     [2025-01-12] LA.PIAZZA        | Uang Masuk   | Jurnal Tidak Seimbang
[2026-04-14T08:48:16.203Z]     [2025-01-20] LA.PIAZZA        | Uang Masuk   | Jurnal Tidak Seimbang
[2026-04-14T08:48:16.203Z] ════════════════════════════════════════════════════════════════════════

[2026-04-14T08:48:19.204Z] 
[451/884] Memproses 2025-02-03 - LA.PIAZZA...
[2026-04-14T08:48:19.598Z]      📡 Mengambil data dari Quinos...
[2026-04-14T08:48:23.213Z]      ✅ Jurnal Penjualan OK
[2026-04-14T08:48:24.018Z]      ✅ Jurnal Uang Masuk OK (tanggal 04/02/2025)
[2026-04-14T08:48:27.021Z] 
[452/884] Memproses 2025-02-04 - LA.PIAZZA...
[2026-04-14T08:48:27.277Z]      📡 Mengambil data dari Quinos...
[2026-04-14T08:48:31.400Z]      ✅ Jurnal Penjualan OK
[2026-04-14T08:48:31.400Z] 
     🛑 [DEBUG] RINCIAN JURNAL YANG TIDAK SEIMBANG (BREW - UANG MASUK STRADA LA.PIAZZA 04/02/2025)
[2026-04-14T08:48:31.401Z]      Total Debit: 10961910
[2026-04-14T08:48:31.401Z]      Total Credit: 11241910
[2026-04-14T08:48:31.401Z]      Selisih: 280000
[2026-04-14T08:48:31.401Z]      Baris Jurnal:
[2026-04-14T08:48:31.401Z]        - [DEBIT ] 1000.02.01: 10850696.73
[2026-04-14T08:48:31.401Z]        - [DEBIT ] 6000.01.08: 85813.27
[2026-04-14T08:48:31.401Z]        - [DEBIT ] 6000.01.36: 25400
[2026-04-14T08:48:31.401Z]        - [CREDIT] 1000.02.01: 280000
[2026-04-14T08:48:31.401Z]        - [CREDIT] 1100.01: 2000460
[2026-04-14T08:48:31.401Z]        - [CREDIT] 1100.01: 4010405
[2026-04-14T08:48:31.401Z]        - [CREDIT] 1100.01: 4824545
[2026-04-14T08:48:31.401Z]        - [CREDIT] 1100.06: 49500
[2026-04-14T08:48:31.401Z]        - [CREDIT] 1100.21: 77000
[2026-04-14T08:48:31.401Z] 
[2026-04-14T08:48:31.401Z] [ERROR]      ❌ ERROR: Jurnal tidak balance secara internal! D: 10961910, C: 11241910 (Selisih: 280000)
[2026-04-14T08:48:34.403Z] 
[453/884] Memproses 2025-02-05 - LA.PIAZZA...
[2026-04-14T08:48:34.867Z]      📡 Mengambil data dari Quinos...
[2026-04-14T08:48:38.980Z]      ✅ Jurnal Penjualan OK
[2026-04-14T08:48:38.980Z] 
     🛑 [DEBUG] RINCIAN JURNAL YANG TIDAK SEIMBANG (BREW - UANG MASUK STRADA LA.PIAZZA 05/02/2025)
[2026-04-14T08:48:38.980Z]      Total Debit: 14154340
[2026-04-14T08:48:38.980Z]      Total Credit: 14264340
[2026-04-14T08:48:38.980Z]      Selisih: 110000
[2026-04-14T08:48:38.980Z]      Baris Jurnal:
[2026-04-14T08:48:38.980Z]        - [DEBIT ] 1000.02.01: 13974966.94
[2026-04-14T08:48:38.980Z]        - [DEBIT ] 6000.01.08: 126253.06
[2026-04-14T08:48:38.980Z]        - [DEBIT ] 6000.01.36: 53120
[2026-04-14T08:48:38.980Z]        - [CREDIT] 1000.02.01: 110000
[2026-04-14T08:48:38.980Z]        - [CREDIT] 1100.01: 2517565
[2026-04-14T08:48:38.980Z]        - [CREDIT] 1100.01: 2266110
[2026-04-14T08:48:38.980Z]        - [CREDIT] 1100.01: 9105565
[2026-04-14T08:48:38.980Z]        - [CREDIT] 1100.06: 49500
[2026-04-14T08:48:38.980Z]        - [CREDIT] 1100.21: 215600
[2026-04-14T08:48:38.980Z] 
[2026-04-14T08:48:38.980Z] [ERROR]      ❌ ERROR: Jurnal tidak balance secara internal! D: 14154340, C: 14264340 (Selisih: 110000)
[2026-04-14T08:48:41.983Z] 
[454/884] Memproses 2025-02-06 - LA.PIAZZA...
[2026-04-14T08:48:42.262Z]      📡 Mengambil data dari Quinos...
[2026-04-14T08:48:45.531Z]      ✅ Jurnal Penjualan OK
[2026-04-14T08:48:45.531Z] 
     🛑 [DEBUG] RINCIAN JURNAL YANG TIDAK SEIMBANG (BREW - UANG MASUK STRADA LA.PIAZZA 06/02/2025)
[2026-04-14T08:48:45.531Z]      Total Debit: 9533965
[2026-04-14T08:48:45.531Z]      Total Credit: 10056025
[2026-04-14T08:48:45.531Z]      Selisih: 522060
[2026-04-14T08:48:45.531Z]      Baris Jurnal:
[2026-04-14T08:48:45.531Z]        - [DEBIT ] 1000.02.01: 9360846.6
[2026-04-14T08:48:45.531Z]        - [DEBIT ] 6000.01.08: 98178.4
[2026-04-14T08:48:45.531Z]        - [DEBIT ] 6000.01.36: 74940
[2026-04-14T08:48:45.531Z]        - [CREDIT] 1000.02.01: 522060
[2026-04-14T08:48:45.531Z]        - [CREDIT] 1100.01: 3210160
[2026-04-14T08:48:45.531Z]        - [CREDIT] 1100.01: 1971585
[2026-04-14T08:48:45.531Z]        - [CREDIT] 1100.01: 3976020
[2026-04-14T08:48:45.531Z]        - [CREDIT] 1100.06: 71500
[2026-04-14T08:48:45.531Z]        - [CREDIT] 1100.21: 304700
[2026-04-14T08:48:45.531Z] 
[2026-04-14T08:48:45.532Z] [ERROR]      ❌ ERROR: Jurnal tidak balance secara internal! D: 9533965, C: 10056025 (Selisih: 522060)
[2026-04-14T08:48:48.534Z] 
[455/884] Memproses 2025-02-07 - LA.PIAZZA...
[2026-04-14T08:48:48.871Z]      📡 Mengambil data dari Quinos...
[2026-04-14T08:48:52.068Z]      ✅ Jurnal Penjualan OK
[2026-04-14T08:48:52.445Z]      ✅ Jurnal Uang Masuk OK (tanggal 08/02/2025)
[2026-04-14T08:48:55.447Z] 
[456/884] Memproses 2025-02-08 - LA.PIAZZA...
[2026-04-14T08:48:55.755Z]      📡 Mengambil data dari Quinos...
[2026-04-14T08:48:59.053Z]      ✅ Jurnal Penjualan OK
[2026-04-14T08:48:59.463Z]      ✅ Jurnal Uang Masuk OK (tanggal 09/02/2025)
[2026-04-14T08:49:02.466Z] 
[457/884] Memproses 2025-02-09 - LA.PIAZZA...


Menghubungkan ke Accurate...
[2026-04-14T08:55:11.680Z] ✅ Terhubung! Sesi: a06e43cd-cf3a-417e-a6ef-f90e75576f3f
[2026-04-14T08:55:11.680Z] Menghubungkan ke Quinos Cloud...
[2026-04-14T08:55:13.848Z] ✅ Login Quinos berhasil! Session siap digunakan.
[2026-04-14T08:55:13.848Z] 
[1/523] Memproses 2026-02-14 - SMB...
[2026-04-14T08:55:14.058Z]      ⏭️  Jurnal Penjualan sudah ada di Accurate.
[2026-04-14T08:55:14.270Z]      ⏭️  Jurnal Uang Masuk sudah ada di Accurate.
[2026-04-14T08:55:14.270Z]      ⏭️  Semua jurnal untuk hari ini sudah selesai, dilewati tanpa memanggil API Quinos.
[2026-04-14T08:55:17.272Z] 
[2/523] Memproses 2026-02-15 - SMB...
[2026-04-14T08:55:17.719Z]      📡 Mengambil data dari Quinos...
[2026-04-14T08:55:21.358Z]      ✅ Jurnal Penjualan OK
[2026-04-14T08:55:21.748Z]      ✅ Jurnal Uang Masuk OK (tanggal 16/02/2026)
[2026-04-14T08:55:24.752Z] 
[3/523] Memproses 2026-02-16 - SMB...
[2026-04-14T08:55:24.890Z]      ⏭️  Jurnal Penjualan sudah ada di Accurate.
[2026-04-14T08:55:25.016Z]      ⏭️  Jurnal Uang Masuk sudah ada di Accurate.
[2026-04-14T08:55:25.017Z]      ⏭️  Semua jurnal untuk hari ini sudah selesai, dilewati tanpa memanggil API Quinos.
[2026-04-14T08:55:28.019Z] 
[4/523] Memproses 2026-02-17 - SMB...
[2026-04-14T08:55:28.191Z]      ⏭️  Jurnal Penjualan sudah ada di Accurate.
[2026-04-14T08:55:28.433Z]      ⏭️  Jurnal Uang Masuk sudah ada di Accurate.
[2026-04-14T08:55:28.434Z]      ⏭️  Semua jurnal untuk hari ini sudah selesai, dilewati tanpa memanggil API Quinos.
[2026-04-14T08:55:31.436Z] 
[5/523] Memproses 2026-02-18 - SMB...
[2026-04-14T08:55:31.599Z]      ⏭️  Jurnal Penjualan sudah ada di Accurate.
[2026-04-14T08:55:31.726Z]      ⏭️  Jurnal Uang Masuk sudah ada di Accurate.
[2026-04-14T08:55:31.727Z]      ⏭️  Semua jurnal untuk hari ini sudah selesai, dilewati tanpa memanggil API Quinos.
[2026-04-14T08:55:34.730Z] 
[6/523] Memproses 2026-02-19 - SMB...
[2026-04-14T08:55:35.020Z]      ⏭️  Jurnal Penjualan sudah ada di Accurate.
[2026-04-14T08:55:35.133Z]      ⏭️  Jurnal Uang Masuk sudah ada di Accurate.
[2026-04-14T08:55:35.133Z]      ⏭️  Semua jurnal untuk hari ini sudah selesai, dilewati tanpa memanggil API Quinos.
[2026-04-14T08:55:38.135Z] 
[7/523] Memproses 2026-02-20 - SMB...
[2026-04-14T08:55:38.291Z]      ⏭️  Jurnal Penjualan sudah ada di Accurate.
[2026-04-14T08:55:38.503Z]      ⏭️  Jurnal Uang Masuk sudah ada di Accurate.
[2026-04-14T08:55:38.503Z]      ⏭️  Semua jurnal untuk hari ini sudah selesai, dilewati tanpa memanggil API Quinos.
[2026-04-14T08:55:41.508Z] 
[8/523] Memproses 2026-02-21 - SMB...
[2026-04-14T08:55:41.652Z]      ⏭️  Jurnal Penjualan sudah ada di Accurate.
[2026-04-14T08:55:41.898Z]      ⏭️  Jurnal Uang Masuk sudah ada di Accurate.
[2026-04-14T08:55:41.898Z]      ⏭️  Semua jurnal untuk hari ini sudah selesai, dilewati tanpa memanggil API Quinos.
[2026-04-14T08:55:44.900Z] 
[9/523] Memproses 2026-02-22 - SMB...
[2026-04-14T08:55:45.069Z]      ⏭️  Jurnal Penjualan sudah ada di Accurate.
[2026-04-14T08:55:45.231Z]      ⏭️  Jurnal Uang Masuk sudah ada di Accurate.
[2026-04-14T08:55:45.232Z]      ⏭️  Semua jurnal untuk hari ini sudah selesai, dilewati tanpa memanggil API Quinos.
[2026-04-14T08:55:48.234Z] 
[10/523] Memproses 2026-02-23 - SMB...
[2026-04-14T08:55:48.474Z]      ⏭️  Jurnal Penjualan sudah ada di Accurate.
[2026-04-14T08:55:48.590Z]      ⏭️  Jurnal Uang Masuk sudah ada di Accurate.
[2026-04-14T08:55:48.590Z]      ⏭️  Semua jurnal untuk hari ini sudah selesai, dilewati tanpa memanggil API Quinos.
[2026-04-14T08:55:48.591Z] 
════════════════════════════════════════════════════════════════════════
[2026-04-14T08:55:48.591Z] === LAPORAN PROGRES [10/523 — 2%] ===
[2026-04-14T08:55:48.591Z] ────────────────────────────────────────────────────────────────────────
[2026-04-14T08:55:48.591Z]   Diproses  : 10 dari 523 (2%)
[2026-04-14T08:55:48.591Z]   ✅ Sukses  : 1
[2026-04-14T08:55:48.591Z]   ⏭️  Dilewati: 9
[2026-04-14T08:55:48.591Z]   ❌ Error   : 0
[2026-04-14T08:55:48.591Z] ════════════════════════════════════════════════════════════════════════

[2026-04-14T08:55:51.593Z] 
[11/523] Memproses 2026-02-24 - SMB...
[2026-04-14T08:55:51.736Z]      ⏭️  Jurnal Penjualan sudah ada di Accurate.
[2026-04-14T08:55:51.849Z]      ⏭️  Jurnal Uang Masuk sudah ada di Accurate.
[2026-04-14T08:55:51.850Z]      ⏭️  Semua jurnal untuk hari ini sudah selesai, dilewati tanpa memanggil API Quinos.
[2026-04-14T08:55:54.852Z] 
[12/523] Memproses 2026-02-25 - SMB...
[2026-04-14T08:55:55.006Z]      ⏭️  Jurnal Penjualan sudah ada di Accurate.
[2026-04-14T08:55:55.123Z]      ⏭️  Jurnal Uang Masuk sudah ada di Accurate.
[2026-04-14T08:55:55.123Z]      ⏭️  Semua jurnal untuk hari ini sudah selesai, dilewati tanpa memanggil API Quinos.
[2026-04-14T08:55:58.125Z] 
[13/523] Memproses 2026-02-26 - SMB...
[2026-04-14T08:55:58.290Z]      ⏭️  Jurnal Penjualan sudah ada di Accurate.
[2026-04-14T08:55:58.396Z]      📡 Mengambil data dari Quinos...
[2026-04-14T08:56:01.632Z]      ✅ Jurnal Uang Masuk OK (tanggal 27/02/2026)
[2026-04-14T08:56:04.633Z] 
[14/523] Memproses 2026-02-27 - SMB...
[2026-04-14T08:56:04.795Z]      ⏭️  Jurnal Penjualan sudah ada di Accurate.
[2026-04-14T08:56:04.944Z]      📡 Mengambil data dari Quinos...
[2026-04-14T08:56:08.310Z]      ✅ Jurnal Uang Masuk OK (tanggal 28/02/2026)
[2026-04-14T08:56:11.312Z] 
[15/523] Memproses 2026-02-28 - SMB...
[2026-04-14T08:56:11.461Z]      ⏭️  Jurnal Penjualan sudah ada di Accurate.
[2026-04-14T08:56:11.596Z]      📡 Mengambil data dari Quinos...
[2026-04-14T08:56:14.570Z]      ✅ Jurnal Uang Masuk OK (tanggal 01/03/2026)
[2026-04-14T08:56:17.571Z] 
[16/523] Memproses 2026-03-01 - SMB...
[2026-04-14T08:56:17.722Z]      ⏭️  Jurnal Penjualan sudah ada di Accurate.
[2026-04-14T08:56:17.852Z]      ⏭️  Jurnal Uang Masuk sudah ada di Accurate.
[2026-04-14T08:56:17.852Z]      ⏭️  Semua jurnal untuk hari ini sudah selesai, dilewati tanpa memanggil API Quinos.
[2026-04-14T08:56:20.855Z] 
[17/523] Memproses 2026-03-02 - SMB...
[2026-04-14T08:56:21.034Z]      ⏭️  Jurnal Penjualan sudah ada di Accurate.
[2026-04-14T08:56:21.144Z]      ⏭️  Jurnal Uang Masuk sudah ada di Accurate.
[2026-04-14T08:56:21.145Z]      ⏭️  Semua jurnal untuk hari ini sudah selesai, dilewati tanpa memanggil API Quinos.
[2026-04-14T08:56:24.148Z] 
[18/523] Memproses 2026-03-03 - SMB...
[2026-04-14T08:56:24.298Z]      ⏭️  Jurnal Penjualan sudah ada di Accurate.
[2026-04-14T08:56:24.537Z]      ⏭️  Jurnal Uang Masuk sudah ada di Accurate.
[2026-04-14T08:56:24.537Z]      ⏭️  Semua jurnal untuk hari ini sudah selesai, dilewati tanpa memanggil API Quinos.
[2026-04-14T08:56:27.538Z] 
[19/523] Memproses 2026-03-04 - SMB...
[2026-04-14T08:56:27.683Z]      ⏭️  Jurnal Penjualan sudah ada di Accurate.
[2026-04-14T08:56:28.065Z]      ⏭️  Jurnal Uang Masuk sudah ada di Accurate.
[2026-04-14T08:56:28.065Z]      ⏭️  Semua jurnal untuk hari ini sudah selesai, dilewati tanpa memanggil API Quinos.
[2026-04-14T08:56:31.066Z] 
[20/523] Memproses 2026-03-05 - SMB...
[2026-04-14T08:56:31.250Z]      ⏭️  Jurnal Penjualan sudah ada di Accurate.
[2026-04-14T08:56:31.387Z]      ⏭️  Jurnal Uang Masuk sudah ada di Accurate.
[2026-04-14T08:56:31.388Z]      ⏭️  Semua jurnal untuk hari ini sudah selesai, dilewati tanpa memanggil API Quinos.
[2026-04-14T08:56:31.388Z] 
════════════════════════════════════════════════════════════════════════
[2026-04-14T08:56:31.388Z] === LAPORAN PROGRES [20/523 — 4%] ===
[2026-04-14T08:56:31.388Z] ────────────────────────────────────────────────────────────────────────
[2026-04-14T08:56:31.388Z]   Diproses  : 20 dari 523 (4%)
[2026-04-14T08:56:31.388Z]   ✅ Sukses  : 4
[2026-04-14T08:56:31.388Z]   ⏭️  Dilewati: 16
[2026-04-14T08:56:31.388Z]   ❌ Error   : 0
[2026-04-14T08:56:31.388Z] ════════════════════════════════════════════════════════════════════════

[2026-04-14T08:56:34.390Z] 
[21/523] Memproses 2026-03-06 - SMB...
[2026-04-14T08:56:34.560Z]      ⏭️  Jurnal Penjualan sudah ada di Accurate.
[2026-04-14T08:56:34.691Z]      ⏭️  Jurnal Uang Masuk sudah ada di Accurate.
[2026-04-14T08:56:34.692Z]      ⏭️  Semua jurnal untuk hari ini sudah selesai, dilewati tanpa memanggil API Quinos.
[2026-04-14T08:56:37.694Z] 
[22/523] Memproses 2026-03-07 - SMB...
[2026-04-14T08:56:37.946Z]      ⏭️  Jurnal Penjualan sudah ada di Accurate.
[2026-04-14T08:56:38.203Z]      📡 Mengambil data dari Quinos...
[2026-04-14T08:56:41.693Z]      ✅ Jurnal Uang Masuk OK (tanggal 08/03/2026)
[2026-04-14T08:56:44.696Z] 
[23/523] Memproses 2026-03-08 - SMB...
[2026-04-14T08:56:44.833Z]      ⏭️  Jurnal Penjualan sudah ada di Accurate.
[2026-04-14T08:56:45.050Z]      ⏭️  Jurnal Uang Masuk sudah ada di Accurate.
[2026-04-14T08:56:45.050Z]      ⏭️  Semua jurnal untuk hari ini sudah selesai, dilewati tanpa memanggil API Quinos.
[2026-04-14T08:56:48.056Z] 
[24/523] Memproses 2026-03-09 - SMB...
[2026-04-14T08:56:48.249Z]      ⏭️  Jurnal Penjualan sudah ada di Accurate.
[2026-04-14T08:56:48.381Z]      ⏭️  Jurnal Uang Masuk sudah ada di Accurate.
[2026-04-14T08:56:48.381Z]      ⏭️  Semua jurnal untuk hari ini sudah selesai, dilewati tanpa memanggil API Quinos.
[2026-04-14T08:56:51.383Z] 
[25/523] Memproses 2026-03-10 - SMB...
[2026-04-14T08:56:51.617Z]      ⏭️  Jurnal Penjualan sudah ada di Accurate.
[2026-04-14T08:56:51.824Z]      ⏭️  Jurnal Uang Masuk sudah ada di Accurate.
[2026-04-14T08:56:51.825Z]      ⏭️  Semua jurnal untuk hari ini sudah selesai, dilewati tanpa memanggil API Quinos.
[2026-04-14T08:56:54.826Z] 
[26/523] Memproses 2026-03-11 - SMB...
[2026-04-14T08:56:54.974Z]      ⏭️  Jurnal Penjualan sudah ada di Accurate.
[2026-04-14T08:56:55.079Z]      📡 Mengambil data dari Quinos...
[2026-04-14T08:56:58.484Z]      ✅ Jurnal Uang Masuk OK (tanggal 12/03/2026)
[2026-04-14T08:57:01.485Z] 
[27/523] Memproses 2026-03-12 - SMB...
[2026-04-14T08:57:01.632Z]      ⏭️  Jurnal Penjualan sudah ada di Accurate.
[2026-04-14T08:57:01.843Z]      ⏭️  Jurnal Uang Masuk sudah ada di Accurate.
[2026-04-14T08:57:01.844Z]      ⏭️  Semua jurnal untuk hari ini sudah selesai, dilewati tanpa memanggil API Quinos.
[2026-04-14T08:57:04.846Z] 
[28/523] Memproses 2026-03-13 - SMB...
[2026-04-14T08:57:05.078Z]      ⏭️  Jurnal Penjualan sudah ada di Accurate.
[2026-04-14T08:57:05.214Z]      ⏭️  Jurnal Uang Masuk sudah ada di Accurate.
[2026-04-14T08:57:05.214Z]      ⏭️  Semua jurnal untuk hari ini sudah selesai, dilewati tanpa memanggil API Quinos.
[2026-04-14T08:57:08.215Z] 
[29/523] Memproses 2026-03-14 - SMB...
[2026-04-14T08:57:08.419Z]      ⏭️  Jurnal Penjualan sudah ada di Accurate.
[2026-04-14T08:57:08.646Z]      ⏭️  Jurnal Uang Masuk sudah ada di Accurate.
[2026-04-14T08:57:08.646Z]      ⏭️  Semua jurnal untuk hari ini sudah selesai, dilewati tanpa memanggil API Quinos.
[2026-04-14T08:57:11.649Z] 
[30/523] Memproses 2026-03-15 - SMB...
[2026-04-14T08:57:11.861Z]      ⏭️  Jurnal Penjualan sudah ada di Accurate.
[2026-04-14T08:57:11.982Z]      ⏭️  Jurnal Uang Masuk sudah ada di Accurate.
[2026-04-14T08:57:11.982Z]      ⏭️  Semua jurnal untuk hari ini sudah selesai, dilewati tanpa memanggil API Quinos.
[2026-04-14T08:57:11.982Z] 
════════════════════════════════════════════════════════════════════════
[2026-04-14T08:57:11.982Z] === LAPORAN PROGRES [30/523 — 6%] ===
[2026-04-14T08:57:11.983Z] ────────────────────────────────────────────────────────────────────────
[2026-04-14T08:57:11.983Z]   Diproses  : 30 dari 523 (6%)
[2026-04-14T08:57:11.983Z]   ✅ Sukses  : 6
[2026-04-14T08:57:11.983Z]   ⏭️  Dilewati: 24
[2026-04-14T08:57:11.983Z]   ❌ Error   : 0
[2026-04-14T08:57:11.983Z] ════════════════════════════════════════════════════════════════════════

[2026-04-14T08:57:14.985Z] 
[31/523] Memproses 2026-03-16 - SMB...
[2026-04-14T08:57:15.121Z]      ⏭️  Jurnal Penjualan sudah ada di Accurate.
[2026-04-14T08:57:15.252Z]      ⏭️  Jurnal Uang Masuk sudah ada di Accurate.
[2026-04-14T08:57:15.252Z]      ⏭️  Semua jurnal untuk hari ini sudah selesai, dilewati tanpa memanggil API Quinos.
[2026-04-14T08:57:18.254Z] 
[32/523] Memproses 2026-03-17 - SMB...
[2026-04-14T08:57:18.430Z]      ⏭️  Jurnal Penjualan sudah ada di Accurate.
[2026-04-14T08:57:18.553Z]      ⏭️  Jurnal Uang Masuk sudah ada di Accurate.
[2026-04-14T08:57:18.554Z]      ⏭️  Semua jurnal untuk hari ini sudah selesai, dilewati tanpa memanggil API Quinos.
[2026-04-14T08:57:21.556Z] 
[33/523] Memproses 2026-03-18 - SMB...
[2026-04-14T08:57:21.691Z]      ⏭️  Jurnal Penjualan sudah ada di Accurate.
[2026-04-14T08:57:21.821Z]      ⏭️  Jurnal Uang Masuk sudah ada di Accurate.
[2026-04-14T08:57:21.821Z]      ⏭️  Semua jurnal untuk hari ini sudah selesai, dilewati tanpa memanggil API Quinos.
[2026-04-14T08:57:24.823Z] 
[34/523] Memproses 2026-03-19 - SMB...
[2026-04-14T08:57:25.102Z]      ⏭️  Jurnal Penjualan sudah ada di Accurate.
[2026-04-14T08:57:25.222Z]      ⏭️  Jurnal Uang Masuk sudah ada di Accurate.
[2026-04-14T08:57:25.222Z]      ⏭️  Semua jurnal untuk hari ini sudah selesai, dilewati tanpa memanggil API Quinos.
[2026-04-14T08:57:28.224Z] 
[35/523] Memproses 2026-03-20 - SMB...
[2026-04-14T08:57:28.577Z]      ⏭️  Jurnal Penjualan sudah ada di Accurate.
[2026-04-14T08:57:28.716Z]      ⏭️  Jurnal Uang Masuk sudah ada di Accurate.
[2026-04-14T08:57:28.717Z]      ⏭️  Semua jurnal untuk hari ini sudah selesai, dilewati tanpa memanggil API Quinos.
[2026-04-14T08:57:31.719Z] 
[36/523] Memproses 2026-03-21 - SMB...
[2026-04-14T08:57:31.866Z]      ⏭️  Jurnal Penjualan sudah ada di Accurate.
[2026-04-14T08:57:32.008Z]      ⏭️  Jurnal Uang Masuk sudah ada di Accurate.
[2026-04-14T08:57:32.008Z]      ⏭️  Semua jurnal untuk hari ini sudah selesai, dilewati tanpa memanggil API Quinos.
[2026-04-14T08:57:35.010Z] 
[37/523] Memproses 2026-03-22 - SMB...
[2026-04-14T08:57:35.167Z]      ⏭️  Jurnal Penjualan sudah ada di Accurate.
[2026-04-14T08:57:35.300Z]      ⏭️  Jurnal Uang Masuk sudah ada di Accurate.
[2026-04-14T08:57:35.301Z]      ⏭️  Semua jurnal untuk hari ini sudah selesai, dilewati tanpa memanggil API Quinos.
[2026-04-14T08:57:38.302Z] 
[38/523] Memproses 2026-03-23 - SMB...
[2026-04-14T08:57:38.551Z]      ⏭️  Jurnal Penjualan sudah ada di Accurate.
[2026-04-14T08:57:38.682Z]      ⏭️  Jurnal Uang Masuk sudah ada di Accurate.
[2026-04-14T08:57:38.683Z]      ⏭️  Semua jurnal untuk hari ini sudah selesai, dilewati tanpa memanggil API Quinos.
[2026-04-14T08:57:41.685Z] 
[39/523] Memproses 2026-03-24 - SMB...
[2026-04-14T08:57:41.849Z]      ⏭️  Jurnal Penjualan sudah ada di Accurate.
[2026-04-14T08:57:41.999Z]      ⏭️  Jurnal Uang Masuk sudah ada di Accurate.
[2026-04-14T08:57:41.999Z]      ⏭️  Semua jurnal untuk hari ini sudah selesai, dilewati tanpa memanggil API Quinos.
[2026-04-14T08:57:45.003Z] 
[40/523] Memproses 2026-03-25 - SMB...
[2026-04-14T08:57:45.151Z]      ⏭️  Jurnal Penjualan sudah ada di Accurate.
[2026-04-14T08:57:45.262Z]      ⏭️  Jurnal Uang Masuk sudah ada di Accurate.
[2026-04-14T08:57:45.262Z]      ⏭️  Semua jurnal untuk hari ini sudah selesai, dilewati tanpa memanggil API Quinos.
[2026-04-14T08:57:45.262Z] 
════════════════════════════════════════════════════════════════════════
[2026-04-14T08:57:45.262Z] === LAPORAN PROGRES [40/523 — 8%] ===
[2026-04-14T08:57:45.262Z] ────────────────────────────────────────────────────────────────────────
[2026-04-14T08:57:45.262Z]   Diproses  : 40 dari 523 (8%)
[2026-04-14T08:57:45.262Z]   ✅ Sukses  : 6
[2026-04-14T08:57:45.262Z]   ⏭️  Dilewati: 34
[2026-04-14T08:57:45.263Z]   ❌ Error   : 0
[2026-04-14T08:57:45.263Z] ════════════════════════════════════════════════════════════════════════

[2026-04-14T08:57:48.265Z] 
[41/523] Memproses 2026-03-26 - SMB...
[2026-04-14T08:57:48.463Z]      ⏭️  Jurnal Penjualan sudah ada di Accurate.
[2026-04-14T08:57:48.610Z]      ⏭️  Jurnal Uang Masuk sudah ada di Accurate.
[2026-04-14T08:57:48.610Z]      ⏭️  Semua jurnal untuk hari ini sudah selesai, dilewati tanpa memanggil API Quinos.
[2026-04-14T08:57:51.613Z] 
[42/523] Memproses 2026-03-27 - SMB...
[2026-04-14T08:57:51.792Z]      ⏭️  Jurnal Penjualan sudah ada di Accurate.
[2026-04-14T08:57:52.005Z]      ⏭️  Jurnal Uang Masuk sudah ada di Accurate.
[2026-04-14T08:57:52.005Z]      ⏭️  Semua jurnal untuk hari ini sudah selesai, dilewati tanpa memanggil API Quinos.
[2026-04-14T08:57:55.008Z] 
[43/523] Memproses 2026-03-28 - SMB...
[2026-04-14T08:57:55.195Z]      ⏭️  Jurnal Penjualan sudah ada di Accurate.
[2026-04-14T08:57:55.321Z]      ⏭️  Jurnal Uang Masuk sudah ada di Accurate.
[2026-04-14T08:57:55.321Z]      ⏭️  Semua jurnal untuk hari ini sudah selesai, dilewati tanpa memanggil API Quinos.
[2026-04-14T08:57:58.323Z] 
[44/523] Memproses 2026-03-29 - SMB...
[2026-04-14T08:57:58.492Z]      ⏭️  Jurnal Penjualan sudah ada di Accurate.
[2026-04-14T08:57:58.601Z]      ⏭️  Jurnal Uang Masuk sudah ada di Accurate.
[2026-04-14T08:57:58.601Z]      ⏭️  Semua jurnal untuk hari ini sudah selesai, dilewati tanpa memanggil API Quinos.
[2026-04-14T08:58:01.603Z] 
[45/523] Memproses 2026-03-30 - SMB...
[2026-04-14T08:58:01.850Z]      ⏭️  Jurnal Penjualan sudah ada di Accurate.
[2026-04-14T08:58:02.066Z]      ⏭️  Jurnal Uang Masuk sudah ada di Accurate.
[2026-04-14T08:58:02.066Z]      ⏭️  Semua jurnal untuk hari ini sudah selesai, dilewati tanpa memanggil API Quinos.
[2026-04-14T08:58:05.067Z] 
[46/523] Memproses 2026-03-31 - SMB...
[2026-04-14T08:58:05.253Z]      ⏭️  Jurnal Penjualan sudah ada di Accurate.
[2026-04-14T08:58:05.365Z]      ⏭️  Jurnal Uang Masuk sudah ada di Accurate.
[2026-04-14T08:58:05.365Z]      ⏭️  Semua jurnal untuk hari ini sudah selesai, dilewati tanpa memanggil API Quinos.
[2026-04-14T08:58:08.367Z] 
[47/523] Memproses 2026-04-01 - SMB...
[2026-04-14T08:58:08.515Z]      ⏭️  Jurnal Penjualan sudah ada di Accurate.
[2026-04-14T08:58:08.701Z]      ⏭️  Jurnal Uang Masuk sudah ada di Accurate.
[2026-04-14T08:58:08.702Z]      ⏭️  Semua jurnal untuk hari ini sudah selesai, dilewati tanpa memanggil API Quinos.
[2026-04-14T08:58:11.703Z] 
[48/523] Memproses 2026-04-02 - SMB...
[2026-04-14T08:58:12.001Z]      ⏭️  Jurnal Penjualan sudah ada di Accurate.
[2026-04-14T08:58:12.240Z]      ⏭️  Jurnal Uang Masuk sudah ada di Accurate.
[2026-04-14T08:58:12.240Z]      ⏭️  Semua jurnal untuk hari ini sudah selesai, dilewati tanpa memanggil API Quinos.
[2026-04-14T08:58:15.243Z] 
[49/523] Memproses 2026-04-03 - SMB...
[2026-04-14T08:58:15.478Z]      ⏭️  Jurnal Penjualan sudah ada di Accurate.
[2026-04-14T08:58:15.617Z]      ⏭️  Jurnal Uang Masuk sudah ada di Accurate.
[2026-04-14T08:58:15.617Z]      ⏭️  Semua jurnal untuk hari ini sudah selesai, dilewati tanpa memanggil API Quinos.
[2026-04-14T08:58:18.619Z] 
[50/523] Memproses 2026-04-04 - SMB...
[2026-04-14T08:58:18.835Z]      ⏭️  Jurnal Penjualan sudah ada di Accurate.
[2026-04-14T08:58:19.084Z]      ⏭️  Jurnal Uang Masuk sudah ada di Accurate.
[2026-04-14T08:58:19.084Z]      ⏭️  Semua jurnal untuk hari ini sudah selesai, dilewati tanpa memanggil API Quinos.
[2026-04-14T08:58:19.084Z] 
════════════════════════════════════════════════════════════════════════
[2026-04-14T08:58:19.084Z] === LAPORAN PROGRES [50/523 — 10%] ===
[2026-04-14T08:58:19.084Z] ────────────────────────────────────────────────────────────────────────
[2026-04-14T08:58:19.084Z]   Diproses  : 50 dari 523 (10%)
[2026-04-14T08:58:19.084Z]   ✅ Sukses  : 6
[2026-04-14T08:58:19.084Z]   ⏭️  Dilewati: 44
[2026-04-14T08:58:19.084Z]   ❌ Error   : 0
[2026-04-14T08:58:19.084Z] ════════════════════════════════════════════════════════════════════════

[2026-04-14T08:58:22.087Z] 
[51/523] Memproses 2026-04-05 - SMB...
[2026-04-14T08:58:22.240Z]      ⏭️  Jurnal Penjualan sudah ada di Accurate.
[2026-04-14T08:58:22.362Z]      ⏭️  Jurnal Uang Masuk sudah ada di Accurate.
[2026-04-14T08:58:22.362Z]      ⏭️  Semua jurnal untuk hari ini sudah selesai, dilewati tanpa memanggil API Quinos.
[2026-04-14T08:58:25.365Z] 
[52/523] Memproses 2026-04-06 - SMB...
[2026-04-14T08:58:25.563Z]      ⏭️  Jurnal Penjualan sudah ada di Accurate.
[2026-04-14T08:58:25.803Z]      ⏭️  Jurnal Uang Masuk sudah ada di Accurate.
[2026-04-14T08:58:25.803Z]      ⏭️  Semua jurnal untuk hari ini sudah selesai, dilewati tanpa memanggil API Quinos.
[2026-04-14T08:58:28.804Z] 
[53/523] Memproses 2026-04-07 - SMB...
[2026-04-14T08:58:28.951Z]      ⏭️  Jurnal Penjualan sudah ada di Accurate.
[2026-04-14T08:58:29.110Z]      ⏭️  Jurnal Uang Masuk sudah ada di Accurate.
[2026-04-14T08:58:29.110Z]      ⏭️  Semua jurnal untuk hari ini sudah selesai, dilewati tanpa memanggil API Quinos.
[2026-04-14T08:58:32.112Z] 
[54/523] Memproses 2026-04-08 - SMB...
[2026-04-14T08:58:32.355Z]      ⏭️  Jurnal Penjualan sudah ada di Accurate.
[2026-04-14T08:58:32.493Z]      ⏭️  Jurnal Uang Masuk sudah ada di Accurate.
[2026-04-14T08:58:32.493Z]      ⏭️  Semua jurnal untuk hari ini sudah selesai, dilewati tanpa memanggil API Quinos.
[2026-04-14T08:58:35.495Z] 
[55/523] Memproses 2026-04-09 - SMB...
[2026-04-14T08:58:35.643Z]      ⏭️  Jurnal Penjualan sudah ada di Accurate.
[2026-04-14T08:58:35.876Z]      ⏭️  Jurnal Uang Masuk sudah ada di Accurate.
[2026-04-14T08:58:35.877Z]      ⏭️  Semua jurnal untuk hari ini sudah selesai, dilewati tanpa memanggil API Quinos.
[2026-04-14T08:58:38.879Z] 
[56/523] Memproses 2026-04-10 - SMB...
[2026-04-14T08:58:39.027Z]      ⏭️  Jurnal Penjualan sudah ada di Accurate.
[2026-04-14T08:58:39.159Z]      ⏭️  Jurnal Uang Masuk sudah ada di Accurate.
[2026-04-14T08:58:39.159Z]      ⏭️  Semua jurnal untuk hari ini sudah selesai, dilewati tanpa memanggil API Quinos.
[2026-04-14T08:58:42.161Z] 
[57/523] Memproses 2025-01-01 - LA.PIAZZA...
[2026-04-14T08:58:42.320Z]      ⏭️  Jurnal Penjualan sudah ada di Accurate.
[2026-04-14T08:58:42.437Z]      ⏭️  Jurnal Uang Masuk sudah ada di Accurate.
[2026-04-14T08:58:42.437Z]      ⏭️  Semua jurnal untuk hari ini sudah selesai, dilewati tanpa memanggil API Quinos.
[2026-04-14T08:58:45.438Z] 
[58/523] Memproses 2025-01-02 - LA.PIAZZA...
[2026-04-14T08:58:45.579Z]      ⏭️  Jurnal Penjualan sudah ada di Accurate.
[2026-04-14T08:58:45.760Z]      📡 Mengambil data dari Quinos...
[2026-04-14T08:58:49.598Z]      ✅ Jurnal Uang Masuk OK (tanggal 03/01/2025)
[2026-04-14T08:58:52.602Z] 
[59/523] Memproses 2025-01-03 - LA.PIAZZA...
[2026-04-14T08:58:52.821Z]      ⏭️  Jurnal Penjualan sudah ada di Accurate.
[2026-04-14T08:58:52.928Z]      ⏭️  Jurnal Uang Masuk sudah ada di Accurate.
[2026-04-14T08:58:52.928Z]      ⏭️  Semua jurnal untuk hari ini sudah selesai, dilewati tanpa memanggil API Quinos.
[2026-04-14T08:58:55.930Z] 
[60/523] Memproses 2025-01-04 - LA.PIAZZA...
[2026-04-14T08:58:56.071Z]      ⏭️  Jurnal Penjualan sudah ada di Accurate.
[2026-04-14T08:58:56.271Z]      ⏭️  Jurnal Uang Masuk sudah ada di Accurate.
[2026-04-14T08:58:56.271Z]      ⏭️  Semua jurnal untuk hari ini sudah selesai, dilewati tanpa memanggil API Quinos.
[2026-04-14T08:58:56.272Z] 
════════════════════════════════════════════════════════════════════════
[2026-04-14T08:58:56.272Z] === LAPORAN PROGRES [60/523 — 11%] ===
[2026-04-14T08:58:56.272Z] ────────────────────────────────────────────────────────────────────────
[2026-04-14T08:58:56.272Z]   Diproses  : 60 dari 523 (11%)
[2026-04-14T08:58:56.272Z]   ✅ Sukses  : 7
[2026-04-14T08:58:56.272Z]   ⏭️  Dilewati: 53
[2026-04-14T08:58:56.272Z]   ❌ Error   : 0
[2026-04-14T08:58:56.272Z] ════════════════════════════════════════════════════════════════════════

[2026-04-14T08:58:59.274Z] 
[61/523] Memproses 2025-01-05 - LA.PIAZZA...
[2026-04-14T08:58:59.418Z]      ⏭️  Jurnal Penjualan sudah ada di Accurate.
[2026-04-14T08:58:59.541Z]      ⏭️  Jurnal Uang Masuk sudah ada di Accurate.
[2026-04-14T08:58:59.541Z]      ⏭️  Semua jurnal untuk hari ini sudah selesai, dilewati tanpa memanggil API Quinos.
[2026-04-14T08:59:02.541Z] 
[62/523] Memproses 2025-01-06 - LA.PIAZZA...
[2026-04-14T08:59:02.700Z]      ⏭️  Jurnal Penjualan sudah ada di Accurate.
[2026-04-14T08:59:02.811Z]      ⏭️  Jurnal Uang Masuk sudah ada di Accurate.
[2026-04-14T08:59:02.811Z]      ⏭️  Semua jurnal untuk hari ini sudah selesai, dilewati tanpa memanggil API Quinos.
[2026-04-14T08:59:05.813Z] 
[63/523] Memproses 2025-01-07 - LA.PIAZZA...
[2026-04-14T08:59:05.959Z]      ⏭️  Jurnal Penjualan sudah ada di Accurate.
[2026-04-14T08:59:06.166Z]      📡 Mengambil data dari Quinos...
[2026-04-14T08:59:09.374Z]      ✅ Jurnal Uang Masuk OK (tanggal 08/01/2025)
[2026-04-14T08:59:12.375Z] 
[64/523] Memproses 2025-01-08 - LA.PIAZZA...
[2026-04-14T08:59:12.546Z]      ⏭️  Jurnal Penjualan sudah ada di Accurate.
[2026-04-14T08:59:12.663Z]      ⏭️  Jurnal Uang Masuk sudah ada di Accurate.
[2026-04-14T08:59:12.663Z]      ⏭️  Semua jurnal untuk hari ini sudah selesai, dilewati tanpa memanggil API Quinos.
[2026-04-14T08:59:15.664Z] 
[65/523] Memproses 2025-01-09 - LA.PIAZZA...
[2026-04-14T08:59:15.843Z]      ⏭️  Jurnal Penjualan sudah ada di Accurate.
[2026-04-14T08:59:15.980Z]      ⏭️  Jurnal Uang Masuk sudah ada di Accurate.
[2026-04-14T08:59:15.981Z]      ⏭️  Semua jurnal untuk hari ini sudah selesai, dilewati tanpa memanggil API Quinos.
[2026-04-14T08:59:18.983Z] 
[66/523] Memproses 2025-01-10 - LA.PIAZZA...
[2026-04-14T08:59:19.161Z]      ⏭️  Jurnal Penjualan sudah ada di Accurate.
[2026-04-14T08:59:19.276Z]      ⏭️  Jurnal Uang Masuk sudah ada di Accurate.
[2026-04-14T08:59:19.277Z]      ⏭️  Semua jurnal untuk hari ini sudah selesai, dilewati tanpa memanggil API Quinos.
[2026-04-14T08:59:22.279Z] 
[67/523] Memproses 2025-01-11 - LA.PIAZZA...
[2026-04-14T08:59:22.657Z]      ⏭️  Jurnal Penjualan sudah ada di Accurate.
[2026-04-14T08:59:22.794Z]      ⏭️  Jurnal Uang Masuk sudah ada di Accurate.
[2026-04-14T08:59:22.794Z]      ⏭️  Semua jurnal untuk hari ini sudah selesai, dilewati tanpa memanggil API Quinos.
[2026-04-14T08:59:25.796Z] 
[68/523] Memproses 2025-01-12 - LA.PIAZZA...
[2026-04-14T08:59:26.083Z]      ⏭️  Jurnal Penjualan sudah ada di Accurate.
[2026-04-14T08:59:26.189Z]      📡 Mengambil data dari Quinos...
[2026-04-14T08:59:29.742Z]      ✅ Jurnal Uang Masuk OK (tanggal 13/01/2025)
[2026-04-14T08:59:32.745Z] 
[69/523] Memproses 2025-01-13 - LA.PIAZZA...
[2026-04-14T08:59:33.103Z]      ⏭️  Jurnal Penjualan sudah ada di Accurate.
[2026-04-14T08:59:33.231Z]      ⏭️  Jurnal Uang Masuk sudah ada di Accurate.
[2026-04-14T08:59:33.232Z]      ⏭️  Semua jurnal untuk hari ini sudah selesai, dilewati tanpa memanggil API Quinos.
[2026-04-14T08:59:36.234Z] 
[70/523] Memproses 2025-01-14 - LA.PIAZZA...
[2026-04-14T08:59:36.420Z]      ⏭️  Jurnal Penjualan sudah ada di Accurate.
[2026-04-14T08:59:36.546Z]      ⏭️  Jurnal Uang Masuk sudah ada di Accurate.
[2026-04-14T08:59:36.547Z]      ⏭️  Semua jurnal untuk hari ini sudah selesai, dilewati tanpa memanggil API Quinos.
[2026-04-14T08:59:36.547Z] 
════════════════════════════════════════════════════════════════════════
[2026-04-14T08:59:36.547Z] === LAPORAN PROGRES [70/523 — 13%] ===
[2026-04-14T08:59:36.547Z] ────────────────────────────────────────────────────────────────────────
[2026-04-14T08:59:36.547Z]   Diproses  : 70 dari 523 (13%)
[2026-04-14T08:59:36.547Z]   ✅ Sukses  : 9
[2026-04-14T08:59:36.547Z]   ⏭️  Dilewati: 61
[2026-04-14T08:59:36.547Z]   ❌ Error   : 0
[2026-04-14T08:59:36.547Z] ════════════════════════════════════════════════════════════════════════

[2026-04-14T08:59:39.548Z] 
[71/523] Memproses 2025-01-15 - LA.PIAZZA...
[2026-04-14T08:59:39.717Z]      ⏭️  Jurnal Penjualan sudah ada di Accurate.
[2026-04-14T08:59:39.843Z]      ⏭️  Jurnal Uang Masuk sudah ada di Accurate.
[2026-04-14T08:59:39.843Z]      ⏭️  Semua jurnal untuk hari ini sudah selesai, dilewati tanpa memanggil API Quinos.
[2026-04-14T08:59:42.845Z] 
[72/523] Memproses 2025-01-16 - LA.PIAZZA...
[2026-04-14T08:59:43.033Z]      ⏭️  Jurnal Penjualan sudah ada di Accurate.
[2026-04-14T08:59:43.194Z]      ⏭️  Jurnal Uang Masuk sudah ada di Accurate.
[2026-04-14T08:59:43.195Z]      ⏭️  Semua jurnal untuk hari ini sudah selesai, dilewati tanpa memanggil API Quinos.
[2026-04-14T08:59:46.196Z] 
[73/523] Memproses 2025-01-17 - LA.PIAZZA...
[2026-04-14T08:59:46.358Z]      ⏭️  Jurnal Penjualan sudah ada di Accurate.
[2026-04-14T08:59:46.503Z]      ⏭️  Jurnal Uang Masuk sudah ada di Accurate.
[2026-04-14T08:59:46.504Z]      ⏭️  Semua jurnal untuk hari ini sudah selesai, dilewati tanpa memanggil API Quinos.
[2026-04-14T08:59:49.506Z] 
[74/523] Memproses 2025-01-18 - LA.PIAZZA...
[2026-04-14T08:59:49.708Z]      ⏭️  Jurnal Penjualan sudah ada di Accurate.
[2026-04-14T08:59:49.940Z]      ⏭️  Jurnal Uang Masuk sudah ada di Accurate.
[2026-04-14T08:59:49.940Z]      ⏭️  Semua jurnal untuk hari ini sudah selesai, dilewati tanpa memanggil API Quinos.
[2026-04-14T08:59:52.943Z] 
[75/523] Memproses 2025-01-19 - LA.PIAZZA...
[2026-04-14T08:59:53.188Z]      ⏭️  Jurnal Penjualan sudah ada di Accurate.
[2026-04-14T08:59:53.402Z]      ⏭️  Jurnal Uang Masuk sudah ada di Accurate.
[2026-04-14T08:59:53.402Z]      ⏭️  Semua jurnal untuk hari ini sudah selesai, dilewati tanpa memanggil API Quinos.
[2026-04-14T08:59:56.405Z] 
[76/523] Memproses 2025-01-20 - LA.PIAZZA...
[2026-04-14T08:59:56.595Z]      ⏭️  Jurnal Penjualan sudah ada di Accurate.
[2026-04-14T08:59:56.748Z]      📡 Mengambil data dari Quinos...
[2026-04-14T09:00:00.168Z]      ✅ Jurnal Uang Masuk OK (tanggal 21/01/2025)
[2026-04-14T09:00:03.170Z] 
[77/523] Memproses 2025-01-21 - LA.PIAZZA...
[2026-04-14T09:00:03.391Z]      ⏭️  Jurnal Penjualan sudah ada di Accurate.
[2026-04-14T09:00:03.550Z]      ⏭️  Jurnal Uang Masuk sudah ada di Accurate.
[2026-04-14T09:00:03.550Z]      ⏭️  Semua jurnal untuk hari ini sudah selesai, dilewati tanpa memanggil API Quinos.
[2026-04-14T09:00:06.552Z] 
[78/523] Memproses 2025-01-22 - LA.PIAZZA...
[2026-04-14T09:00:06.707Z]      ⏭️  Jurnal Penjualan sudah ada di Accurate.
[2026-04-14T09:00:06.837Z]      ⏭️  Jurnal Uang Masuk sudah ada di Accurate.
[2026-04-14T09:00:06.837Z]      ⏭️  Semua jurnal untuk hari ini sudah selesai, dilewati tanpa memanggil API Quinos.
[2026-04-14T09:00:09.840Z] 
[79/523] Memproses 2025-01-23 - LA.PIAZZA...
[2026-04-14T09:00:10.007Z]      ⏭️  Jurnal Penjualan sudah ada di Accurate.
[2026-04-14T09:00:10.136Z]      ⏭️  Jurnal Uang Masuk sudah ada di Accurate.
[2026-04-14T09:00:10.137Z]      ⏭️  Semua jurnal untuk hari ini sudah selesai, dilewati tanpa memanggil API Quinos.
[2026-04-14T09:00:13.139Z] 
[80/523] Memproses 2025-01-24 - LA.PIAZZA...
[2026-04-14T09:00:13.363Z]      ⏭️  Jurnal Penjualan sudah ada di Accurate.
[2026-04-14T09:00:13.500Z]      ⏭️  Jurnal Uang Masuk sudah ada di Accurate.
[2026-04-14T09:00:13.501Z]      ⏭️  Semua jurnal untuk hari ini sudah selesai, dilewati tanpa memanggil API Quinos.
[2026-04-14T09:00:13.501Z] 
════════════════════════════════════════════════════════════════════════
[2026-04-14T09:00:13.501Z] === LAPORAN PROGRES [80/523 — 15%] ===
[2026-04-14T09:00:13.501Z] ────────────────────────────────────────────────────────────────────────
[2026-04-14T09:00:13.501Z]   Diproses  : 80 dari 523 (15%)
[2026-04-14T09:00:13.501Z]   ✅ Sukses  : 10
[2026-04-14T09:00:13.501Z]   ⏭️  Dilewati: 70
[2026-04-14T09:00:13.502Z]   ❌ Error   : 0
[2026-04-14T09:00:13.502Z] ════════════════════════════════════════════════════════════════════════

[2026-04-14T09:00:16.503Z] 
[81/523] Memproses 2025-01-25 - LA.PIAZZA...
[2026-04-14T09:00:16.734Z]      ⏭️  Jurnal Penjualan sudah ada di Accurate.
[2026-04-14T09:00:16.854Z]      ⏭️  Jurnal Uang Masuk sudah ada di Accurate.
[2026-04-14T09:00:16.854Z]      ⏭️  Semua jurnal untuk hari ini sudah selesai, dilewati tanpa memanggil API Quinos.
[2026-04-14T09:00:19.856Z] 
[82/523] Memproses 2025-01-26 - LA.PIAZZA...
[2026-04-14T09:00:20.026Z]      ⏭️  Jurnal Penjualan sudah ada di Accurate.
[2026-04-14T09:00:20.155Z]      ⏭️  Jurnal Uang Masuk sudah ada di Accurate.
[2026-04-14T09:00:20.155Z]      ⏭️  Semua jurnal untuk hari ini sudah selesai, dilewati tanpa memanggil API Quinos.
[2026-04-14T09:00:23.156Z] 
[83/523] Memproses 2025-01-27 - LA.PIAZZA...
[2026-04-14T09:00:23.329Z]      ⏭️  Jurnal Penjualan sudah ada di Accurate.
[2026-04-14T09:00:23.452Z]      ⏭️  Jurnal Uang Masuk sudah ada di Accurate.
[2026-04-14T09:00:23.452Z]      ⏭️  Semua jurnal untuk hari ini sudah selesai, dilewati tanpa memanggil API Quinos.
[2026-04-14T09:00:26.453Z] 
[84/523] Memproses 2025-01-28 - LA.PIAZZA...
[2026-04-14T09:00:26.688Z]      ⏭️  Jurnal Penjualan sudah ada di Accurate.
[2026-04-14T09:00:26.810Z]      ⏭️  Jurnal Uang Masuk sudah ada di Accurate.
[2026-04-14T09:00:26.811Z]      ⏭️  Semua jurnal untuk hari ini sudah selesai, dilewati tanpa memanggil API Quinos.
[2026-04-14T09:00:29.813Z] 
[85/523] Memproses 2025-01-29 - LA.PIAZZA...
[2026-04-14T09:00:29.963Z]      ⏭️  Jurnal Penjualan sudah ada di Accurate.
[2026-04-14T09:00:30.163Z]      ⏭️  Jurnal Uang Masuk sudah ada di Accurate.
[2026-04-14T09:00:30.164Z]      ⏭️  Semua jurnal untuk hari ini sudah selesai, dilewati tanpa memanggil API Quinos.
[2026-04-14T09:00:33.166Z] 
[86/523] Memproses 2025-01-30 - LA.PIAZZA...
[2026-04-14T09:00:33.372Z]      ⏭️  Jurnal Penjualan sudah ada di Accurate.
[2026-04-14T09:00:33.500Z]      ⏭️  Jurnal Uang Masuk sudah ada di Accurate.
[2026-04-14T09:00:33.501Z]      ⏭️  Semua jurnal untuk hari ini sudah selesai, dilewati tanpa memanggil API Quinos.
[2026-04-14T09:00:36.504Z] 
[87/523] Memproses 2025-01-31 - LA.PIAZZA...
[2026-04-14T09:00:37.002Z]      ⏭️  Jurnal Penjualan sudah ada di Accurate.
[2026-04-14T09:00:37.124Z]      ⏭️  Jurnal Uang Masuk sudah ada di Accurate.
[2026-04-14T09:00:37.125Z]      ⏭️  Semua jurnal untuk hari ini sudah selesai, dilewati tanpa memanggil API Quinos.
[2026-04-14T09:00:40.127Z] 
[88/523] Memproses 2025-02-01 - LA.PIAZZA...
[2026-04-14T09:00:40.342Z]      ⏭️  Jurnal Penjualan sudah ada di Accurate.
[2026-04-14T09:00:40.467Z]      ⏭️  Jurnal Uang Masuk sudah ada di Accurate.
[2026-04-14T09:00:40.467Z]      ⏭️  Semua jurnal untuk hari ini sudah selesai, dilewati tanpa memanggil API Quinos.
[2026-04-14T09:00:43.469Z] 
[89/523] Memproses 2025-02-02 - LA.PIAZZA...
[2026-04-14T09:00:43.714Z]      ⏭️  Jurnal Penjualan sudah ada di Accurate.
[2026-04-14T09:00:43.925Z]      ⏭️  Jurnal Uang Masuk sudah ada di Accurate.
[2026-04-14T09:00:43.925Z]      ⏭️  Semua jurnal untuk hari ini sudah selesai, dilewati tanpa memanggil API Quinos.
[2026-04-14T09:00:46.926Z] 
[90/523] Memproses 2025-02-03 - LA.PIAZZA...
[2026-04-14T09:00:47.108Z]      ⏭️  Jurnal Penjualan sudah ada di Accurate.
[2026-04-14T09:00:47.229Z]      ⏭️  Jurnal Uang Masuk sudah ada di Accurate.
[2026-04-14T09:00:47.229Z]      ⏭️  Semua jurnal untuk hari ini sudah selesai, dilewati tanpa memanggil API Quinos.
[2026-04-14T09:00:47.229Z] 
════════════════════════════════════════════════════════════════════════
[2026-04-14T09:00:47.229Z] === LAPORAN PROGRES [90/523 — 17%] ===
[2026-04-14T09:00:47.229Z] ────────────────────────────────────────────────────────────────────────
[2026-04-14T09:00:47.229Z]   Diproses  : 90 dari 523 (17%)
[2026-04-14T09:00:47.229Z]   ✅ Sukses  : 10
[2026-04-14T09:00:47.229Z]   ⏭️  Dilewati: 80
[2026-04-14T09:00:47.229Z]   ❌ Error   : 0
[2026-04-14T09:00:47.229Z] ════════════════════════════════════════════════════════════════════════

[2026-04-14T09:00:50.232Z] 
[91/523] Memproses 2025-02-04 - LA.PIAZZA...
[2026-04-14T09:00:50.448Z]      ⏭️  Jurnal Penjualan sudah ada di Accurate.
[2026-04-14T09:00:50.556Z]      📡 Mengambil data dari Quinos...
[2026-04-14T09:00:54.804Z]      ✅ Jurnal Uang Masuk OK (tanggal 05/02/2025)
[2026-04-14T09:00:57.807Z] 
[92/523] Memproses 2025-02-05 - LA.PIAZZA...
[2026-04-14T09:00:58.005Z]      ⏭️  Jurnal Penjualan sudah ada di Accurate.
[2026-04-14T09:00:58.140Z]      📡 Mengambil data dari Quinos...
[2026-04-14T09:01:01.697Z]      ✅ Jurnal Uang Masuk OK (tanggal 06/02/2025)
[2026-04-14T09:01:04.699Z] 
[93/523] Memproses 2025-02-06 - LA.PIAZZA...
[2026-04-14T09:01:04.937Z]      ⏭️  Jurnal Penjualan sudah ada di Accurate.
[2026-04-14T09:01:05.072Z]      📡 Mengambil data dari Quinos...
[2026-04-14T09:01:08.250Z]      ✅ Jurnal Uang Masuk OK (tanggal 07/02/2025)
[2026-04-14T09:01:11.251Z] 
[94/523] Memproses 2025-02-07 - LA.PIAZZA...
[2026-04-14T09:01:11.392Z]      ⏭️  Jurnal Penjualan sudah ada di Accurate.
[2026-04-14T09:01:11.561Z]      ⏭️  Jurnal Uang Masuk sudah ada di Accurate.
[2026-04-14T09:01:11.561Z]      ⏭️  Semua jurnal untuk hari ini sudah selesai, dilewati tanpa memanggil API Quinos.
[2026-04-14T09:01:14.565Z] 
[95/523] Memproses 2025-02-08 - LA.PIAZZA...
[2026-04-14T09:01:14.715Z]      ⏭️  Jurnal Penjualan sudah ada di Accurate.
[2026-04-14T09:01:14.854Z]      ⏭️  Jurnal Uang Masuk sudah ada di Accurate.
[2026-04-14T09:01:14.855Z]      ⏭️  Semua jurnal untuk hari ini sudah selesai, dilewati tanpa memanggil API Quinos.
[2026-04-14T09:01:17.858Z] 
[96/523] Memproses 2025-02-09 - LA.PIAZZA...
[2026-04-14T09:01:18.294Z]      📡 Mengambil data dari Quinos...
[2026-04-14T09:01:21.985Z]      ✅ Jurnal Penjualan OK
[2026-04-14T09:01:22.477Z]      ✅ Jurnal Uang Masuk OK (tanggal 10/02/2025)
[2026-04-14T09:01:25.479Z] 
[97/523] Memproses 2025-02-10 - LA.PIAZZA...
[2026-04-14T09:01:25.865Z]      📡 Mengambil data dari Quinos...
[2026-04-14T09:01:29.253Z]      ✅ Jurnal Penjualan OK
[2026-04-14T09:01:29.811Z]      ✅ Jurnal Uang Masuk OK (tanggal 11/02/2025)
[2026-04-14T09:01:32.812Z] 
[98/523] Memproses 2025-02-11 - LA.PIAZZA...
[2026-04-14T09:01:33.085Z]      📡 Mengambil data dari Quinos...
[2026-04-14T09:01:36.616Z]      ✅ Jurnal Penjualan OK
[2026-04-14T09:01:37.121Z]      ✅ Jurnal Uang Masuk OK (tanggal 12/02/2025)
[2026-04-14T09:01:40.123Z] 
[99/523] Memproses 2025-02-12 - LA.PIAZZA...
[2026-04-14T09:01:40.363Z]      📡 Mengambil data dari Quinos...
[2026-04-14T09:01:43.420Z]      ✅ Jurnal Penjualan OK
[2026-04-14T09:01:43.981Z]      ✅ Jurnal Uang Masuk OK (tanggal 13/02/2025)
[2026-04-14T09:01:46.983Z] 
[100/523] Memproses 2025-02-13 - LA.PIAZZA...
[2026-04-14T09:01:47.246Z]      📡 Mengambil data dari Quinos...
[2026-04-14T09:01:50.100Z]      ✅ Jurnal Penjualan OK
[2026-04-14T09:01:50.471Z]      ✅ Jurnal Uang Masuk OK (tanggal 14/02/2025)
[2026-04-14T09:01:50.472Z] 
════════════════════════════════════════════════════════════════════════
[2026-04-14T09:01:50.472Z] === LAPORAN PROGRES [100/523 — 19%] ===
[2026-04-14T09:01:50.472Z] ────────────────────────────────────────────────────────────────────────
[2026-04-14T09:01:50.472Z]   Diproses  : 100 dari 523 (19%)
[2026-04-14T09:01:50.472Z]   ✅ Sukses  : 18
[2026-04-14T09:01:50.472Z]   ⏭️  Dilewati: 82
[2026-04-14T09:01:50.472Z]   ❌ Error   : 0
[2026-04-14T09:01:50.472Z] ════════════════════════════════════════════════════════════════════════

[2026-04-14T09:01:53.473Z] 
[101/523] Memproses 2025-02-14 - LA.PIAZZA...
[2026-04-14T09:01:53.724Z]      📡 Mengambil data dari Quinos...
[2026-04-14T09:01:57.099Z]      ✅ Jurnal Penjualan OK
[2026-04-14T09:01:57.609Z]      ✅ Jurnal Uang Masuk OK (tanggal 15/02/2025)
[2026-04-14T09:02:00.611Z] 
[102/523] Memproses 2025-02-15 - LA.PIAZZA...
[2026-04-14T09:02:00.853Z]      📡 Mengambil data dari Quinos...
[2026-04-14T09:02:04.161Z]      ✅ Jurnal Penjualan OK
[2026-04-14T09:02:04.664Z]      ✅ Jurnal Uang Masuk OK (tanggal 16/02/2025)
[2026-04-14T09:02:07.667Z] 
[103/523] Memproses 2025-02-16 - LA.PIAZZA...
[2026-04-14T09:02:07.962Z]      📡 Mengambil data dari Quinos...
[2026-04-14T09:02:11.536Z]      ✅ Jurnal Penjualan OK
[2026-04-14T09:02:11.932Z]      ✅ Jurnal Uang Masuk OK (tanggal 17/02/2025)
[2026-04-14T09:02:14.933Z] 
[104/523] Memproses 2025-02-17 - LA.PIAZZA...
[2026-04-14T09:02:15.263Z]      📡 Mengambil data dari Quinos...
[2026-04-14T09:02:19.123Z]      ✅ Jurnal Penjualan OK
[2026-04-14T09:02:19.544Z]      ✅ Jurnal Uang Masuk OK (tanggal 18/02/2025)
[2026-04-14T09:02:22.547Z] 
[105/523] Memproses 2025-02-18 - LA.PIAZZA...
[2026-04-14T09:02:22.860Z]      📡 Mengambil data dari Quinos...
[2026-04-14T09:02:26.077Z]      ✅ Jurnal Penjualan OK
[2026-04-14T09:02:26.528Z]      ✅ Jurnal Uang Masuk OK (tanggal 19/02/2025)
[2026-04-14T09:02:29.529Z] 
[106/523] Memproses 2025-02-19 - LA.PIAZZA...
[2026-04-14T09:02:30.055Z]      📡 Mengambil data dari Quinos...
[2026-04-14T09:02:33.550Z]      ✅ Jurnal Penjualan OK
[2026-04-14T09:02:34.157Z]      ✅ Jurnal Uang Masuk OK (tanggal 20/02/2025)
[2026-04-14T09:02:37.159Z] 
[107/523] Memproses 2025-02-20 - LA.PIAZZA...
[2026-04-14T09:02:37.750Z]      📡 Mengambil data dari Quinos...
[2026-04-14T09:02:41.031Z]      ✅ Jurnal Penjualan OK
[2026-04-14T09:02:41.462Z]      ✅ Jurnal Uang Masuk OK (tanggal 21/02/2025)
[2026-04-14T09:02:44.463Z] 
[108/523] Memproses 2025-02-21 - LA.PIAZZA...
[2026-04-14T09:02:44.763Z]      📡 Mengambil data dari Quinos...
[2026-04-14T09:02:48.073Z]      ✅ Jurnal Penjualan OK
[2026-04-14T09:02:48.494Z]      ✅ Jurnal Uang Masuk OK (tanggal 22/02/2025)
[2026-04-14T09:02:51.496Z] 
[109/523] Memproses 2025-02-22 - LA.PIAZZA...
[2026-04-14T09:02:51.748Z]      📡 Mengambil data dari Quinos...
[2026-04-14T09:02:55.265Z]      ✅ Jurnal Penjualan OK
[2026-04-14T09:02:55.757Z]      ✅ Jurnal Uang Masuk OK (tanggal 23/02/2025)
[2026-04-14T09:02:58.758Z] 
[110/523] Memproses 2025-02-23 - LA.PIAZZA...
[2026-04-14T09:02:59.097Z]      📡 Mengambil data dari Quinos...
[2026-04-14T09:03:02.838Z]      ✅ Jurnal Penjualan OK
[2026-04-14T09:03:03.651Z]      ✅ Jurnal Uang Masuk OK (tanggal 24/02/2025)
[2026-04-14T09:03:03.652Z] 
════════════════════════════════════════════════════════════════════════
[2026-04-14T09:03:03.652Z] === LAPORAN PROGRES [110/523 — 21%] ===
[2026-04-14T09:03:03.652Z] ────────────────────────────────────────────────────────────────────────
[2026-04-14T09:03:03.652Z]   Diproses  : 110 dari 523 (21%)
[2026-04-14T09:03:03.652Z]   ✅ Sukses  : 28
[2026-04-14T09:03:03.652Z]   ⏭️  Dilewati: 82
[2026-04-14T09:03:03.652Z]   ❌ Error   : 0
[2026-04-14T09:03:03.652Z] ════════════════════════════════════════════════════════════════════════

[2026-04-14T09:03:06.655Z] 
[111/523] Memproses 2025-02-24 - LA.PIAZZA...
[2026-04-14T09:03:06.943Z]      📡 Mengambil data dari Quinos...
[2026-04-14T09:03:10.418Z]      ✅ Jurnal Penjualan OK
[2026-04-14T09:03:10.887Z]      ✅ Jurnal Uang Masuk OK (tanggal 25/02/2025)
[2026-04-14T09:03:13.888Z] 
[112/523] Memproses 2025-02-25 - LA.PIAZZA...
[2026-04-14T09:03:14.301Z]      📡 Mengambil data dari Quinos...
[2026-04-14T09:03:17.871Z]      ✅ Jurnal Penjualan OK
[2026-04-14T09:03:18.400Z]      ✅ Jurnal Uang Masuk OK (tanggal 26/02/2025)
[2026-04-14T09:03:21.402Z] 
[113/523] Memproses 2025-02-26 - LA.PIAZZA...
[2026-04-14T09:03:21.671Z]      📡 Mengambil data dari Quinos...
[2026-04-14T09:03:25.062Z]      ✅ Jurnal Penjualan OK
[2026-04-14T09:03:25.432Z]      ✅ Jurnal Uang Masuk OK (tanggal 27/02/2025)
[2026-04-14T09:03:28.434Z] 
[114/523] Memproses 2025-02-27 - LA.PIAZZA...
[2026-04-14T09:03:28.700Z]      📡 Mengambil data dari Quinos...
[2026-04-14T09:03:31.821Z]      ✅ Jurnal Penjualan OK
[2026-04-14T09:03:32.326Z]      ✅ Jurnal Uang Masuk OK (tanggal 28/02/2025)
[2026-04-14T09:03:35.329Z] 
[115/523] Memproses 2025-02-28 - LA.PIAZZA...
[2026-04-14T09:03:35.695Z]      📡 Mengambil data dari Quinos...
[2026-04-14T09:03:38.991Z]      ✅ Jurnal Penjualan OK
[2026-04-14T09:03:39.488Z]      ✅ Jurnal Uang Masuk OK (tanggal 01/03/2025)
[2026-04-14T09:03:42.489Z] 
[116/523] Memproses 2025-03-01 - LA.PIAZZA...
[2026-04-14T09:03:42.730Z]      📡 Mengambil data dari Quinos...
[2026-04-14T09:03:46.168Z]      ✅ Jurnal Penjualan OK
[2026-04-14T09:03:46.657Z]      ✅ Jurnal Uang Masuk OK (tanggal 02/03/2025)
[2026-04-14T09:03:49.658Z] 
[117/523] Memproses 2025-03-02 - LA.PIAZZA...
[2026-04-14T09:03:50.047Z]      📡 Mengambil data dari Quinos...
[2026-04-14T09:03:53.581Z]      ✅ Jurnal Penjualan OK
[2026-04-14T09:03:54.000Z]      ✅ Jurnal Uang Masuk OK (tanggal 03/03/2025)
[2026-04-14T09:03:57.002Z] 
[118/523] Memproses 2025-03-03 - LA.PIAZZA...
[2026-04-14T09:03:57.302Z]      📡 Mengambil data dari Quinos...
[2026-04-14T09:04:00.598Z]      ✅ Jurnal Penjualan OK
[2026-04-14T09:04:01.098Z]      ✅ Jurnal Uang Masuk OK (tanggal 04/03/2025)
[2026-04-14T09:04:04.099Z] 
[119/523] Memproses 2025-03-04 - LA.PIAZZA...
[2026-04-14T09:04:07.129Z]      📡 Mengambil data dari Quinos...
[2026-04-14T09:04:10.621Z]      ✅ Jurnal Penjualan OK
[2026-04-14T09:04:10.905Z]      ✅ Jurnal Uang Masuk OK (tanggal 05/03/2025)
[2026-04-14T09:04:13.907Z] 
[120/523] Memproses 2025-03-05 - LA.PIAZZA...
[2026-04-14T09:04:14.154Z]      📡 Mengambil data dari Quinos...
[2026-04-14T09:04:17.488Z]      ✅ Jurnal Penjualan OK
[2026-04-14T09:04:18.095Z]      ✅ Jurnal Uang Masuk OK (tanggal 06/03/2025)
[2026-04-14T09:04:18.095Z] 
════════════════════════════════════════════════════════════════════════
[2026-04-14T09:04:18.095Z] === LAPORAN PROGRES [120/523 — 23%] ===
[2026-04-14T09:04:18.095Z] ────────────────────────────────────────────────────────────────────────
[2026-04-14T09:04:18.095Z]   Diproses  : 120 dari 523 (23%)
[2026-04-14T09:04:18.095Z]   ✅ Sukses  : 38
[2026-04-14T09:04:18.095Z]   ⏭️  Dilewati: 82
[2026-04-14T09:04:18.095Z]   ❌ Error   : 0
[2026-04-14T09:04:18.095Z] ════════════════════════════════════════════════════════════════════════

[2026-04-14T09:04:21.096Z] 
[121/523] Memproses 2025-03-06 - LA.PIAZZA...
[2026-04-14T09:04:21.331Z]      📡 Mengambil data dari Quinos...
[2026-04-14T09:04:24.574Z]      ✅ Jurnal Penjualan OK
[2026-04-14T09:04:25.263Z]      ✅ Jurnal Uang Masuk OK (tanggal 07/03/2025)
[2026-04-14T09:04:28.264Z] 
[122/523] Memproses 2025-03-07 - LA.PIAZZA...
[2026-04-14T09:04:28.652Z]      📡 Mengambil data dari Quinos...
[2026-04-14T09:04:31.813Z]      ✅ Jurnal Penjualan OK
[2026-04-14T09:04:32.535Z]      ✅ Jurnal Uang Masuk OK (tanggal 08/03/2025)
[2026-04-14T09:04:35.537Z] 
[123/523] Memproses 2025-03-08 - LA.PIAZZA...
[2026-04-14T09:04:35.790Z]      📡 Mengambil data dari Quinos...
[2026-04-14T09:04:39.198Z]      ✅ Jurnal Penjualan OK
[2026-04-14T09:04:39.615Z]      ✅ Jurnal Uang Masuk OK (tanggal 09/03/2025)
[2026-04-14T09:04:42.617Z] 
[124/523] Memproses 2025-03-09 - LA.PIAZZA...
[2026-04-14T09:04:42.990Z]      📡 Mengambil data dari Quinos...
[2026-04-14T09:04:46.298Z]      ✅ Jurnal Penjualan OK
[2026-04-14T09:04:46.767Z]      ✅ Jurnal Uang Masuk OK (tanggal 10/03/2025)
[2026-04-14T09:04:49.768Z] 
[125/523] Memproses 2025-03-10 - LA.PIAZZA...
[2026-04-14T09:04:50.034Z]      📡 Mengambil data dari Quinos...
[2026-04-14T09:04:53.357Z]      ✅ Jurnal Penjualan OK
[2026-04-14T09:04:53.835Z]      ✅ Jurnal Uang Masuk OK (tanggal 11/03/2025)
[2026-04-14T09:04:56.837Z] 
[126/523] Memproses 2025-03-11 - LA.PIAZZA...
[2026-04-14T09:04:57.222Z]      📡 Mengambil data dari Quinos...
[2026-04-14T09:05:00.399Z]      ✅ Jurnal Penjualan OK
[2026-04-14T09:05:00.904Z]      ✅ Jurnal Uang Masuk OK (tanggal 12/03/2025)
[2026-04-14T09:05:03.905Z] 
[127/523] Memproses 2025-03-12 - LA.PIAZZA...
[2026-04-14T09:05:04.236Z]      📡 Mengambil data dari Quinos...
[2026-04-14T09:05:07.567Z]      ✅ Jurnal Penjualan OK
[2026-04-14T09:05:08.068Z]      ✅ Jurnal Uang Masuk OK (tanggal 13/03/2025)
[2026-04-14T09:05:11.070Z] 
[128/523] Memproses 2025-03-13 - LA.PIAZZA...
[2026-04-14T09:05:11.321Z]      📡 Mengambil data dari Quinos...
[2026-04-14T09:05:14.635Z]      ✅ Jurnal Penjualan OK
[2026-04-14T09:05:15.034Z]      ✅ Jurnal Uang Masuk OK (tanggal 14/03/2025)
[2026-04-14T09:05:18.036Z] 
[129/523] Memproses 2025-03-14 - LA.PIAZZA...
[2026-04-14T09:05:18.297Z]      📡 Mengambil data dari Quinos...
[2026-04-14T09:05:21.694Z]      ✅ Jurnal Penjualan OK
[2026-04-14T09:05:22.077Z]      ✅ Jurnal Uang Masuk OK (tanggal 15/03/2025)
[2026-04-14T09:05:25.079Z] 
[130/523] Memproses 2025-03-15 - LA.PIAZZA...
[2026-04-14T09:05:25.467Z]      📡 Mengambil data dari Quinos...
[2026-04-14T09:05:28.840Z]      ✅ Jurnal Penjualan OK
[2026-04-14T09:05:29.324Z]      ✅ Jurnal Uang Masuk OK (tanggal 16/03/2025)
[2026-04-14T09:05:29.324Z] 
════════════════════════════════════════════════════════════════════════
[2026-04-14T09:05:29.324Z] === LAPORAN PROGRES [130/523 — 25%] ===
[2026-04-14T09:05:29.324Z] ────────────────────────────────────────────────────────────────────────
[2026-04-14T09:05:29.324Z]   Diproses  : 130 dari 523 (25%)
[2026-04-14T09:05:29.324Z]   ✅ Sukses  : 48
[2026-04-14T09:05:29.324Z]   ⏭️  Dilewati: 82
[2026-04-14T09:05:29.324Z]   ❌ Error   : 0
[2026-04-14T09:05:29.324Z] ════════════════════════════════════════════════════════════════════════

[2026-04-14T09:05:32.325Z] 
[131/523] Memproses 2025-03-16 - LA.PIAZZA...
[2026-04-14T09:05:32.590Z]      📡 Mengambil data dari Quinos...
[2026-04-14T09:05:35.814Z]      ✅ Jurnal Penjualan OK
[2026-04-14T09:05:36.227Z]      ✅ Jurnal Uang Masuk OK (tanggal 17/03/2025)
[2026-04-14T09:05:39.228Z] 
[132/523] Memproses 2025-03-17 - LA.PIAZZA...
[2026-04-14T09:05:39.588Z]      📡 Mengambil data dari Quinos...
[2026-04-14T09:05:43.304Z]      ✅ Jurnal Penjualan OK
[2026-04-14T09:05:43.807Z]      ✅ Jurnal Uang Masuk OK (tanggal 18/03/2025)
[2026-04-14T09:05:46.810Z] 
[133/523] Memproses 2025-03-18 - LA.PIAZZA...
[2026-04-14T09:05:47.058Z]      📡 Mengambil data dari Quinos...
[2026-04-14T09:05:50.321Z]      ✅ Jurnal Penjualan OK
[2026-04-14T09:05:50.776Z]      ✅ Jurnal Uang Masuk OK (tanggal 19/03/2025)
[2026-04-14T09:05:53.778Z] 
[134/523] Memproses 2025-03-19 - LA.PIAZZA...
[2026-04-14T09:05:54.086Z]      📡 Mengambil data dari Quinos...
[2026-04-14T09:05:58.058Z]      ✅ Jurnal Penjualan OK
[2026-04-14T09:05:58.764Z]      ✅ Jurnal Uang Masuk OK (tanggal 20/03/2025)
[2026-04-14T09:06:01.766Z] 
[135/523] Memproses 2025-03-20 - LA.PIAZZA...
[2026-04-14T09:06:02.045Z]      📡 Mengambil data dari Quinos...


Menghubungkan ke Accurate...
[2026-04-14T09:16:05.381Z] ✅ Terhubung! Sesi: a06e43cd-cf3a-417e-a6ef-f90e75576f3f
[2026-04-14T09:16:05.381Z] Menghubungkan ke Quinos Cloud...
[2026-04-14T09:16:07.732Z] ✅ Login Quinos berhasil! Session siap digunakan.
[2026-04-14T09:16:07.732Z] 
[1/390] Memproses 2025-03-19 - LA.PIAZZA...
[2026-04-14T09:16:08.057Z]      ⏭️  Jurnal Penjualan sudah ada di Accurate.
[2026-04-14T09:16:08.163Z]      ⏭️  Jurnal Uang Masuk sudah ada di Accurate.
[2026-04-14T09:16:08.163Z]      ⏭️  Semua jurnal untuk hari ini sudah selesai, dilewati tanpa memanggil API Quinos.
[2026-04-14T09:16:11.165Z] 
[2/390] Memproses 2025-03-20 - LA.PIAZZA...
[2026-04-14T09:16:11.556Z]      📡 Mengambil data dari Quinos...
[2026-04-14T09:16:15.120Z]      ✅ Jurnal Penjualan OK
[2026-04-14T09:16:15.720Z]      ✅ Jurnal Uang Masuk OK (tanggal 21/03/2025)
[2026-04-14T09:16:18.722Z] 
[3/390] Memproses 2025-03-21 - LA.PIAZZA...
[2026-04-14T09:16:19.082Z]      📡 Mengambil data dari Quinos...
[2026-04-14T09:16:22.877Z]      ✅ Jurnal Penjualan OK
[2026-04-14T09:16:23.305Z]      ✅ Jurnal Uang Masuk OK (tanggal 22/03/2025)
[2026-04-14T09:16:26.308Z] 
[4/390] Memproses 2025-03-22 - LA.PIAZZA...
[2026-04-14T09:16:26.672Z]      📡 Mengambil data dari Quinos...
[2026-04-14T09:16:31.100Z]      ✅ Jurnal Penjualan OK
[2026-04-14T09:16:31.445Z]      ✅ Jurnal Uang Masuk OK (tanggal 23/03/2025)
[2026-04-14T09:16:34.447Z] 
[5/390] Memproses 2025-03-23 - LA.PIAZZA...
[2026-04-14T09:16:34.803Z]      📡 Mengambil data dari Quinos...
[2026-04-14T09:16:38.235Z]      ✅ Jurnal Penjualan OK
[2026-04-14T09:16:38.663Z]      ✅ Jurnal Uang Masuk OK (tanggal 24/03/2025)
[2026-04-14T09:16:41.666Z] 
[6/390] Memproses 2025-03-24 - LA.PIAZZA...
[2026-04-14T09:16:41.923Z]      📡 Mengambil data dari Quinos...
[2026-04-14T09:16:45.331Z]      ✅ Jurnal Penjualan OK
[2026-04-14T09:16:45.833Z]      ✅ Jurnal Uang Masuk OK (tanggal 25/03/2025)
[2026-04-14T09:16:48.833Z] 
[7/390] Memproses 2025-03-25 - LA.PIAZZA...
[2026-04-14T09:16:49.110Z]      📡 Mengambil data dari Quinos...
[2026-04-14T09:16:52.340Z]      ✅ Jurnal Penjualan OK
[2026-04-14T09:16:52.718Z]      ✅ Jurnal Uang Masuk OK (tanggal 26/03/2025)
[2026-04-14T09:16:55.720Z] 
[8/390] Memproses 2025-03-26 - LA.PIAZZA...
[2026-04-14T09:16:55.991Z]      📡 Mengambil data dari Quinos...
[2026-04-14T09:16:59.670Z]      ✅ Jurnal Penjualan OK
[2026-04-14T09:17:00.169Z]      ✅ Jurnal Uang Masuk OK (tanggal 27/03/2025)
[2026-04-14T09:17:03.171Z] 
[9/390] Memproses 2025-03-27 - LA.PIAZZA...
[2026-04-14T09:17:03.438Z]      📡 Mengambil data dari Quinos...
[2026-04-14T09:17:06.835Z]      ✅ Jurnal Penjualan OK
[2026-04-14T09:17:07.542Z]      ✅ Jurnal Uang Masuk OK (tanggal 28/03/2025)
[2026-04-14T09:17:10.543Z] 
[10/390] Memproses 2025-03-28 - LA.PIAZZA...
[2026-04-14T09:17:10.843Z]      📡 Mengambil data dari Quinos...
[2026-04-14T09:17:14.254Z]      ✅ Jurnal Penjualan OK
[2026-04-14T09:17:14.586Z]      ✅ Jurnal Uang Masuk OK (tanggal 29/03/2025)
[2026-04-14T09:17:14.586Z] 
════════════════════════════════════════════════════════════════════════
[2026-04-14T09:17:14.587Z] === LAPORAN PROGRES [10/390 — 3%] ===
[2026-04-14T09:17:14.587Z] ────────────────────────────────────────────────────────────────────────
[2026-04-14T09:17:14.587Z]   Diproses  : 10 dari 390 (3%)
[2026-04-14T09:17:14.587Z]   ✅ Sukses  : 9
[2026-04-14T09:17:14.587Z]   ⏭️  Dilewati: 1
[2026-04-14T09:17:14.587Z]   ❌ Error   : 0
[2026-04-14T09:17:14.587Z] ════════════════════════════════════════════════════════════════════════

[2026-04-14T09:17:17.589Z] 
[11/390] Memproses 2025-03-29 - LA.PIAZZA...
[2026-04-14T09:17:17.906Z]      📡 Mengambil data dari Quinos...
[2026-04-14T09:17:21.248Z]      ✅ Jurnal Penjualan OK
[2026-04-14T09:17:21.619Z]      ✅ Jurnal Uang Masuk OK (tanggal 30/03/2025)
[2026-04-14T09:17:24.621Z] 
[12/390] Memproses 2025-03-30 - LA.PIAZZA...
[2026-04-14T09:17:25.005Z]      📡 Mengambil data dari Quinos...
[2026-04-14T09:17:28.419Z]      ✅ Jurnal Penjualan OK
[2026-04-14T09:17:28.841Z]      ✅ Jurnal Uang Masuk OK (tanggal 31/03/2025)
[2026-04-14T09:17:31.844Z] 
[13/390] Memproses 2025-03-31 - LA.PIAZZA...
[2026-04-14T09:17:32.193Z]      📡 Mengambil data dari Quinos...
[2026-04-14T09:17:35.712Z]      ✅ Jurnal Penjualan OK
[2026-04-14T09:17:36.319Z]      ✅ Jurnal Uang Masuk OK (tanggal 01/04/2025)
[2026-04-14T09:17:39.320Z] 
[14/390] Memproses 2025-04-01 - LA.PIAZZA...
[2026-04-14T09:17:39.547Z]      📡 Mengambil data dari Quinos...
[2026-04-14T09:17:42.864Z]      ✅ Jurnal Penjualan OK
[2026-04-14T09:17:43.484Z]      ✅ Jurnal Uang Masuk OK (tanggal 02/04/2025)
[2026-04-14T09:17:46.484Z] 
[15/390] Memproses 2025-04-02 - LA.PIAZZA...
[2026-04-14T09:17:47.162Z]      📡 Mengambil data dari Quinos...
[2026-04-14T09:17:50.664Z]      ✅ Jurnal Penjualan OK
[2026-04-14T09:17:51.224Z]      ✅ Jurnal Uang Masuk OK (tanggal 03/04/2025)
[2026-04-14T09:17:54.226Z] 
[16/390] Memproses 2025-04-03 - LA.PIAZZA...
[2026-04-14T09:17:54.469Z]      📡 Mengambil data dari Quinos...
[2026-04-14T09:17:57.631Z]      ✅ Jurnal Penjualan OK
[2026-04-14T09:17:58.235Z]      ✅ Jurnal Uang Masuk OK (tanggal 04/04/2025)
[2026-04-14T09:18:01.237Z] 
[17/390] Memproses 2025-04-04 - LA.PIAZZA...
[2026-04-14T09:18:01.473Z]      📡 Mengambil data dari Quinos...
[2026-04-14T09:18:05.410Z]      ✅ Jurnal Penjualan OK
[2026-04-14T09:18:05.739Z]      ✅ Jurnal Uang Masuk OK (tanggal 05/04/2025)
[2026-04-14T09:18:08.740Z] 
[18/390] Memproses 2025-04-05 - LA.PIAZZA...
[2026-04-14T09:18:09.020Z]      📡 Mengambil data dari Quinos...
[2026-04-14T09:18:13.191Z]      ✅ Jurnal Penjualan OK
[2026-04-14T09:18:13.588Z]      ✅ Jurnal Uang Masuk OK (tanggal 06/04/2025)
[2026-04-14T09:18:16.592Z] 
[19/390] Memproses 2025-04-06 - LA.PIAZZA...
[2026-04-14T09:18:16.915Z]      📡 Mengambil data dari Quinos...
[2026-04-14T09:18:20.216Z]      ✅ Jurnal Penjualan OK
[2026-04-14T09:18:20.655Z]      ✅ Jurnal Uang Masuk OK (tanggal 07/04/2025)
[2026-04-14T09:18:23.658Z] 
[20/390] Memproses 2025-04-07 - LA.PIAZZA...
[2026-04-14T09:18:24.116Z]      📡 Mengambil data dari Quinos...
[2026-04-14T09:18:27.525Z]      ✅ Jurnal Penjualan OK
[2026-04-14T09:18:27.915Z]      ✅ Jurnal Uang Masuk OK (tanggal 08/04/2025)
[2026-04-14T09:18:27.915Z] 
════════════════════════════════════════════════════════════════════════
[2026-04-14T09:18:27.915Z] === LAPORAN PROGRES [20/390 — 5%] ===
[2026-04-14T09:18:27.915Z] ────────────────────────────────────────────────────────────────────────
[2026-04-14T09:18:27.915Z]   Diproses  : 20 dari 390 (5%)
[2026-04-14T09:18:27.915Z]   ✅ Sukses  : 19
[2026-04-14T09:18:27.915Z]   ⏭️  Dilewati: 1
[2026-04-14T09:18:27.916Z]   ❌ Error   : 0
[2026-04-14T09:18:27.916Z] ════════════════════════════════════════════════════════════════════════

[2026-04-14T09:18:30.918Z] 
[21/390] Memproses 2025-04-08 - LA.PIAZZA...
[2026-04-14T09:18:31.178Z]      📡 Mengambil data dari Quinos...
[2026-04-14T09:18:34.487Z]      ✅ Jurnal Penjualan OK
[2026-04-14T09:18:34.990Z]      ✅ Jurnal Uang Masuk OK (tanggal 09/04/2025)
[2026-04-14T09:18:37.991Z] 
[22/390] Memproses 2025-04-09 - LA.PIAZZA...
[2026-04-14T09:18:38.466Z]      📡 Mengambil data dari Quinos...
[2026-04-14T09:18:41.762Z]      ✅ Jurnal Penjualan OK
[2026-04-14T09:18:42.369Z]      ✅ Jurnal Uang Masuk OK (tanggal 10/04/2025)
[2026-04-14T09:18:45.374Z] 
[23/390] Memproses 2025-04-10 - LA.PIAZZA...
[2026-04-14T09:18:45.640Z]      📡 Mengambil data dari Quinos...
[2026-04-14T09:18:49.239Z]      ✅ Jurnal Penjualan OK
[2026-04-14T09:18:49.583Z]      ✅ Jurnal Uang Masuk OK (tanggal 11/04/2025)
[2026-04-14T09:18:52.585Z] 
[24/390] Memproses 2025-04-11 - LA.PIAZZA...
[2026-04-14T09:18:52.866Z]      📡 Mengambil data dari Quinos...
[2026-04-14T09:18:55.935Z]      ✅ Jurnal Penjualan OK
[2026-04-14T09:18:56.516Z]      ✅ Jurnal Uang Masuk OK (tanggal 12/04/2025)
[2026-04-14T09:18:59.517Z] 
[25/390] Memproses 2025-04-12 - LA.PIAZZA...
[2026-04-14T09:19:00.071Z]      📡 Mengambil data dari Quinos...
[2026-04-14T09:19:03.581Z]      ✅ Jurnal Penjualan OK
[2026-04-14T09:19:04.232Z]      ✅ Jurnal Uang Masuk OK (tanggal 13/04/2025)
[2026-04-14T09:19:07.235Z] 
[26/390] Memproses 2025-04-13 - LA.PIAZZA...
[2026-04-14T09:19:07.567Z]      📡 Mengambil data dari Quinos...
[2026-04-14T09:19:10.797Z]      ✅ Jurnal Penjualan OK
[2026-04-14T09:19:11.245Z]      ✅ Jurnal Uang Masuk OK (tanggal 14/04/2025)
[2026-04-14T09:19:14.248Z] 
[27/390] Memproses 2025-04-14 - LA.PIAZZA...
[2026-04-14T09:19:14.503Z]      📡 Mengambil data dari Quinos...
[2026-04-14T09:19:17.849Z]      ✅ Jurnal Penjualan OK
[2026-04-14T09:19:18.181Z]      ✅ Jurnal Uang Masuk OK (tanggal 15/04/2025)
[2026-04-14T09:19:21.183Z] 
[28/390] Memproses 2025-04-15 - LA.PIAZZA...
[2026-04-14T09:19:21.574Z]      📡 Mengambil data dari Quinos...
[2026-04-14T09:19:29.687Z]      ✅ Jurnal Penjualan OK
[2026-04-14T09:19:30.037Z]      ✅ Jurnal Uang Masuk OK (tanggal 16/04/2025)
[2026-04-14T09:19:33.041Z] 
[29/390] Memproses 2025-04-16 - LA.PIAZZA...
[2026-04-14T09:19:33.327Z]      📡 Mengambil data dari Quinos...
[2026-04-14T09:19:36.549Z]      ✅ Jurnal Penjualan OK
[2026-04-14T09:19:37.049Z]      ✅ Jurnal Uang Masuk OK (tanggal 17/04/2025)
[2026-04-14T09:19:40.053Z] 
[30/390] Memproses 2025-04-17 - LA.PIAZZA...
[2026-04-14T09:19:40.308Z]      📡 Mengambil data dari Quinos...
[2026-04-14T09:19:43.812Z]      ✅ Jurnal Penjualan OK
[2026-04-14T09:19:44.212Z]      ✅ Jurnal Uang Masuk OK (tanggal 18/04/2025)
[2026-04-14T09:19:44.212Z] 
════════════════════════════════════════════════════════════════════════
[2026-04-14T09:19:44.212Z] === LAPORAN PROGRES [30/390 — 8%] ===
[2026-04-14T09:19:44.212Z] ────────────────────────────────────────────────────────────────────────
[2026-04-14T09:19:44.212Z]   Diproses  : 30 dari 390 (8%)
[2026-04-14T09:19:44.212Z]   ✅ Sukses  : 29
[2026-04-14T09:19:44.212Z]   ⏭️  Dilewati: 1
[2026-04-14T09:19:44.212Z]   ❌ Error   : 0
[2026-04-14T09:19:44.213Z] ════════════════════════════════════════════════════════════════════════

[2026-04-14T09:19:47.214Z] 
[31/390] Memproses 2025-04-18 - LA.PIAZZA...
[2026-04-14T09:19:47.461Z]      📡 Mengambil data dari Quinos...
[2026-04-14T09:19:50.794Z]      ✅ Jurnal Penjualan OK
[2026-04-14T09:19:51.239Z]      ✅ Jurnal Uang Masuk OK (tanggal 19/04/2025)
[2026-04-14T09:19:54.240Z] 
[32/390] Memproses 2025-04-19 - LA.PIAZZA...
[2026-04-14T09:19:54.573Z]      📡 Mengambil data dari Quinos...
[2026-04-14T09:19:57.899Z] 
     🛑 [INVESTIGASI] KETIDAKSEIMBANGAN TERDETEKSI (> 15.000)
[2026-04-14T09:19:57.899Z]      Tanggal: 2025-04-19 | Toko: LA.PIAZZA
[2026-04-14T09:19:57.926Z]      Total Penjualan (POS Quinos): Rp 29.410.965
[2026-04-14T09:19:57.926Z]      Total Pembayaran (POS Quinos): Rp 28.541.200
[2026-04-14T09:19:57.926Z]      Selisih Jurnal: Rp 757.565
[2026-04-14T09:19:57.926Z]      --------------------------------------------------
[2026-04-14T09:19:57.926Z]      [ANALISA PEMBAYARAN VS BANK]
[2026-04-14T09:19:57.926Z]      - KREDIT BCA: POS (Rp 5.388.700) vs Bank (Rp 5.284.432) | Selisih: Rp 104.268
[2026-04-14T09:19:57.926Z]      - DEBIT BCA : POS (Rp 4.878.720) vs Bank (Rp 4.851.423,31) | Selisih: Rp 27.296,69
[2026-04-14T09:19:57.926Z]      - QRIS BCA  : POS (Rp 17.820.380) vs Bank (Rp 17.707.920,76) | Selisih: Rp 112.459,24
[2026-04-14T09:19:57.926Z]      --------------------------------------------------
[2026-04-14T09:19:57.926Z]      [SEMUA KODE PEMBAYARAN RAW DARI QUINOS]
[2026-04-14T09:19:57.926Z]      - "QRIS                        " Rp   17.820.380  ✓ → payment_qris
[2026-04-14T09:19:57.926Z]      - "CREDIT BCA                  " Rp    5.388.700  ✓ → payment_credit_bca
[2026-04-14T09:19:57.926Z]      - "DEBIT BCA                   " Rp    4.878.720  ✓ → payment_debit_bca
[2026-04-14T09:19:57.926Z]      - "Voucher Florist             " Rp      757.565  ❌ TIDAK TERTANGKAP — cek findPayment di quinos.ts!
[2026-04-14T09:19:57.926Z]      - "OVO                         " Rp      354.400  ✓ → payment_ovo
[2026-04-14T09:19:57.926Z]      - "GOBIZ                       " Rp       99.000  ✓ → payment_gobiz
[2026-04-14T09:19:57.926Z]      --------------------------------------------------
[2026-04-14T09:19:57.926Z]      KESIMPULAN: Selisih Rp 757.565 ini terlalu besar untuk auto-balance.
[2026-04-14T09:19:57.926Z]      KEMUNGKINAN: Kasir salah input tipe pembayaran di Quinos, atau ada transaksi Quinos yang belum di-input (Under-reporting).

[2026-04-14T09:19:57.927Z] [ERROR]      ❌ Skipped: Jurnal Penjualan tidak seimbang (Selisih Rp 757.565). Harap cek rincian investigasi di atas.
[2026-04-14T09:20:01.021Z] 
[33/390] Memproses 2025-04-20 - LA.PIAZZA...
[2026-04-14T09:20:01.383Z]      📡 Mengambil data dari Quinos...
[2026-04-14T09:20:04.806Z]      ✅ Jurnal Penjualan OK
[2026-04-14T09:20:05.106Z]      ✅ Jurnal Uang Masuk OK (tanggal 21/04/2025)
[2026-04-14T09:20:08.107Z] 
[34/390] Memproses 2025-04-21 - LA.PIAZZA...
[2026-04-14T09:20:08.513Z]      📡 Mengambil data dari Quinos...
[2026-04-14T09:20:11.970Z]      ✅ Jurnal Penjualan OK
[2026-04-14T09:20:12.278Z]      ✅ Jurnal Uang Masuk OK (tanggal 22/04/2025)
[2026-04-14T09:20:15.280Z] 
[35/390] Memproses 2025-04-22 - LA.PIAZZA...
[2026-04-14T09:20:15.634Z]      📡 Mengambil data dari Quinos...
[2026-04-14T09:20:19.060Z]      ✅ Jurnal Penjualan OK
[2026-04-14T09:20:19.749Z]      ✅ Jurnal Uang Masuk OK (tanggal 23/04/2025)
[2026-04-14T09:20:22.750Z] 
[36/390] Memproses 2025-04-23 - LA.PIAZZA...
[2026-04-14T09:20:23.100Z]      📡 Mengambil data dari Quinos...
[2026-04-14T09:20:26.616Z]      ✅ Jurnal Penjualan OK
[2026-04-14T09:20:27.000Z]      ✅ Jurnal Uang Masuk OK (tanggal 24/04/2025)
[2026-04-14T09:20:30.001Z] 
[37/390] Memproses 2025-04-24 - LA.PIAZZA...
[2026-04-14T09:20:30.325Z]      📡 Mengambil data dari Quinos...
[2026-04-14T09:20:33.684Z]      ✅ Jurnal Penjualan OK
[2026-04-14T09:20:34.394Z]      ✅ Jurnal Uang Masuk OK (tanggal 25/04/2025)
[2026-04-14T09:20:37.397Z] 
[38/390] Memproses 2025-04-25 - LA.PIAZZA...
[2026-04-14T09:20:37.637Z]      📡 Mengambil data dari Quinos...
[2026-04-14T09:20:41.266Z]      ✅ Jurnal Penjualan OK
[2026-04-14T09:20:41.668Z]      ✅ Jurnal Uang Masuk OK (tanggal 26/04/2025)
[2026-04-14T09:20:44.669Z] 
[39/390] Memproses 2025-04-26 - LA.PIAZZA...
[2026-04-14T09:20:44.945Z]      📡 Mengambil data dari Quinos...
[2026-04-14T09:20:48.147Z]      ✅ Jurnal Penjualan OK
[2026-04-14T09:20:48.836Z]      ✅ Jurnal Uang Masuk OK (tanggal 27/04/2025)
[2026-04-14T09:20:51.837Z] 
[40/390] Memproses 2025-04-27 - LA.PIAZZA...
[2026-04-14T09:20:52.144Z]      📡 Mengambil data dari Quinos...
[2026-04-14T09:20:55.355Z]      ✅ Jurnal Penjualan OK
[2026-04-14T09:20:55.735Z]      ✅ Jurnal Uang Masuk OK (tanggal 28/04/2025)
[2026-04-14T09:20:55.735Z] 
════════════════════════════════════════════════════════════════════════
[2026-04-14T09:20:55.735Z] === LAPORAN PROGRES [40/390 — 10%] ===
[2026-04-14T09:20:55.735Z] ────────────────────────────────────────────────────────────────────────
[2026-04-14T09:20:55.735Z]   Diproses  : 40 dari 390 (10%)
[2026-04-14T09:20:55.735Z]   ✅ Sukses  : 38
[2026-04-14T09:20:55.735Z]   ⏭️  Dilewati: 1
[2026-04-14T09:20:55.735Z]   ❌ Error   : 1
[2026-04-14T09:20:55.735Z]        • Jurnal Tidak Seimbang: 1x
[2026-04-14T09:20:55.736Z] ────────────────────────────────────────────────────────────────────────
[2026-04-14T09:20:55.736Z]   Detail Error:
[2026-04-14T09:20:55.736Z]     [2025-04-19] LA.PIAZZA        | Penjualan    | Jurnal Tidak Seimbang
[2026-04-14T09:20:55.736Z] ════════════════════════════════════════════════════════════════════════

[2026-04-14T09:20:58.738Z] 
[41/390] Memproses 2025-04-28 - LA.PIAZZA...
[2026-04-14T09:20:58.983Z]      📡 Mengambil data dari Quinos...
[2026-04-14T09:21:02.192Z]      ✅ Jurnal Penjualan OK
[2026-04-14T09:21:02.607Z]      ✅ Jurnal Uang Masuk OK (tanggal 29/04/2025)
[2026-04-14T09:21:05.610Z] 
[42/390] Memproses 2025-04-29 - LA.PIAZZA...
[2026-04-14T09:21:05.871Z]      📡 Mengambil data dari Quinos...
[2026-04-14T09:21:09.754Z]      ✅ Jurnal Penjualan OK
[2026-04-14T09:21:10.233Z]      ✅ Jurnal Uang Masuk OK (tanggal 30/04/2025)
[2026-04-14T09:21:13.235Z] 
[43/390] Memproses 2025-04-30 - LA.PIAZZA...
[2026-04-14T09:21:13.591Z]      📡 Mengambil data dari Quinos...
[2026-04-14T09:21:17.427Z]      ✅ Jurnal Penjualan OK
[2026-04-14T09:21:17.747Z]      ✅ Jurnal Uang Masuk OK (tanggal 01/05/2025)
[2026-04-14T09:21:20.749Z] 
[44/390] Memproses 2025-05-01 - LA.PIAZZA...
[2026-04-14T09:21:20.996Z]      📡 Mengambil data dari Quinos...
[2026-04-14T09:21:24.581Z]      ✅ Jurnal Penjualan OK
[2026-04-14T09:21:25.081Z]      ✅ Jurnal Uang Masuk OK (tanggal 02/05/2025)
[2026-04-14T09:21:28.082Z] 
[45/390] Memproses 2025-05-02 - LA.PIAZZA...
[2026-04-14T09:21:28.330Z]      📡 Mengambil data dari Quinos...
[2026-04-14T09:21:31.853Z]      ✅ Jurnal Penjualan OK
[2026-04-14T09:21:32.146Z]      ✅ Jurnal Uang Masuk OK (tanggal 03/05/2025)
[2026-04-14T09:21:35.148Z] 
[46/390] Memproses 2025-05-03 - LA.PIAZZA...
[2026-04-14T09:21:35.446Z]      📡 Mengambil data dari Quinos...
[2026-04-14T09:21:38.972Z]      ✅ Jurnal Penjualan OK
[2026-04-14T09:21:39.414Z]      ✅ Jurnal Uang Masuk OK (tanggal 04/05/2025)
[2026-04-14T09:21:42.416Z] 
[47/390] Memproses 2025-05-04 - LA.PIAZZA...
[2026-04-14T09:21:42.763Z]      📡 Mengambil data dari Quinos...
[2026-04-14T09:21:46.186Z]      ✅ Jurnal Penjualan OK
[2026-04-14T09:21:46.691Z]      ✅ Jurnal Uang Masuk OK (tanggal 05/05/2025)
[2026-04-14T09:21:49.691Z] 
[48/390] Memproses 2025-05-05 - LA.PIAZZA...
[2026-04-14T09:21:49.979Z]      📡 Mengambil data dari Quinos...
[2026-04-14T09:21:53.662Z]      ✅ Jurnal Penjualan OK
[2026-04-14T09:21:54.109Z]      ✅ Jurnal Uang Masuk OK (tanggal 06/05/2025)
[2026-04-14T09:21:57.113Z] 
[49/390] Memproses 2025-05-06 - LA.PIAZZA...
[2026-04-14T09:21:57.445Z]      📡 Mengambil data dari Quinos...
[2026-04-14T09:22:02.166Z]      ✅ Jurnal Penjualan OK
[2026-04-14T09:22:02.665Z]      ✅ Jurnal Uang Masuk OK (tanggal 07/05/2025)
[2026-04-14T09:22:05.667Z] 
[50/390] Memproses 2025-05-07 - LA.PIAZZA...
[2026-04-14T09:22:05.956Z]      📡 Mengambil data dari Quinos...
[2026-04-14T09:22:09.068Z]      ✅ Jurnal Penjualan OK
[2026-04-14T09:22:09.520Z]      ✅ Jurnal Uang Masuk OK (tanggal 08/05/2025)
[2026-04-14T09:22:09.520Z] 
════════════════════════════════════════════════════════════════════════
[2026-04-14T09:22:09.520Z] === LAPORAN PROGRES [50/390 — 13%] ===
[2026-04-14T09:22:09.520Z] ────────────────────────────────────────────────────────────────────────
[2026-04-14T09:22:09.520Z]   Diproses  : 50 dari 390 (13%)
[2026-04-14T09:22:09.520Z]   ✅ Sukses  : 48
[2026-04-14T09:22:09.520Z]   ⏭️  Dilewati: 1
[2026-04-14T09:22:09.520Z]   ❌ Error   : 1
[2026-04-14T09:22:09.520Z]        • Jurnal Tidak Seimbang: 1x
[2026-04-14T09:22:09.520Z] ────────────────────────────────────────────────────────────────────────
[2026-04-14T09:22:09.520Z]   Detail Error:
[2026-04-14T09:22:09.520Z]     [2025-04-19] LA.PIAZZA        | Penjualan    | Jurnal Tidak Seimbang
[2026-04-14T09:22:09.520Z] ════════════════════════════════════════════════════════════════════════

[2026-04-14T09:22:12.523Z] 
[51/390] Memproses 2025-05-08 - LA.PIAZZA...
[2026-04-14T09:22:12.763Z]      📡 Mengambil data dari Quinos...
[2026-04-14T09:22:17.248Z]      ✅ Jurnal Penjualan OK
[2026-04-14T09:22:18.027Z]      ✅ Jurnal Uang Masuk OK (tanggal 09/05/2025)
[2026-04-14T09:22:21.028Z] 
[52/390] Memproses 2025-05-09 - LA.PIAZZA...
[2026-04-14T09:22:21.385Z]      📡 Mengambil data dari Quinos...
[2026-04-14T09:22:24.560Z]      ✅ Jurnal Penjualan OK
[2026-04-14T09:22:25.090Z]      ✅ Jurnal Uang Masuk OK (tanggal 10/05/2025)
[2026-04-14T09:22:28.092Z] 
[53/390] Memproses 2025-05-10 - LA.PIAZZA...
[2026-04-14T09:22:28.328Z]      📡 Mengambil data dari Quinos...
[2026-04-14T09:22:31.541Z]      ✅ Jurnal Penjualan OK
[2026-04-14T09:22:31.948Z]      ✅ Jurnal Uang Masuk OK (tanggal 11/05/2025)
[2026-04-14T09:22:34.949Z] 
[54/390] Memproses 2025-05-11 - LA.PIAZZA...
[2026-04-14T09:22:35.254Z]      📡 Mengambil data dari Quinos...
[2026-04-14T09:22:38.517Z]      ✅ Jurnal Penjualan OK
[2026-04-14T09:22:41.277Z]      ✅ Jurnal Uang Masuk OK (tanggal 12/05/2025)
[2026-04-14T09:22:44.280Z] 
[55/390] Memproses 2025-05-12 - LA.PIAZZA...
[2026-04-14T09:22:44.567Z]      📡 Mengambil data dari Quinos...
[2026-04-14T09:22:47.934Z]      ✅ Jurnal Penjualan OK
[2026-04-14T09:22:48.442Z]      ✅ Jurnal Uang Masuk OK (tanggal 13/05/2025)
[2026-04-14T09:22:51.443Z] 
[56/390] Memproses 2025-05-13 - LA.PIAZZA...
[2026-04-14T09:22:51.687Z]      📡 Mengambil data dari Quinos...
[2026-04-14T09:22:55.029Z]      ✅ Jurnal Penjualan OK
[2026-04-14T09:22:55.501Z]      ✅ Jurnal Uang Masuk OK (tanggal 14/05/2025)
[2026-04-14T09:22:58.503Z] 
[57/390] Memproses 2025-05-14 - LA.PIAZZA...
[2026-04-14T09:22:58.813Z]      📡 Mengambil data dari Quinos...
[2026-04-14T09:23:02.064Z]      ✅ Jurnal Penjualan OK
[2026-04-14T09:23:02.579Z]      ✅ Jurnal Uang Masuk OK (tanggal 15/05/2025)
[2026-04-14T09:23:05.581Z] 
[58/390] Memproses 2025-05-15 - LA.PIAZZA...
[2026-04-14T09:23:05.834Z]      📡 Mengambil data dari Quinos...
[2026-04-14T09:23:09.338Z]      ✅ Jurnal Penjualan OK
[2026-04-14T09:23:09.837Z]      ✅ Jurnal Uang Masuk OK (tanggal 16/05/2025)
[2026-04-14T09:23:12.839Z] 
[59/390] Memproses 2025-05-16 - LA.PIAZZA...
[2026-04-14T09:23:13.131Z]      📡 Mengambil data dari Quinos...
[2026-04-14T09:23:16.504Z]      ✅ Jurnal Penjualan OK
[2026-04-14T09:23:16.978Z]      ✅ Jurnal Uang Masuk OK (tanggal 17/05/2025)
[2026-04-14T09:23:19.980Z] 
[60/390] Memproses 2025-05-17 - LA.PIAZZA...
[2026-04-14T09:23:20.595Z]      📡 Mengambil data dari Quinos...
[2026-04-14T09:23:24.186Z]      ✅ Jurnal Penjualan OK
[2026-04-14T09:23:24.587Z]      ✅ Jurnal Uang Masuk OK (tanggal 18/05/2025)
[2026-04-14T09:23:24.588Z] 
════════════════════════════════════════════════════════════════════════
[2026-04-14T09:23:24.588Z] === LAPORAN PROGRES [60/390 — 15%] ===
[2026-04-14T09:23:24.588Z] ────────────────────────────────────────────────────────────────────────
[2026-04-14T09:23:24.589Z]   Diproses  : 60 dari 390 (15%)
[2026-04-14T09:23:24.589Z]   ✅ Sukses  : 58
[2026-04-14T09:23:24.589Z]   ⏭️  Dilewati: 1
[2026-04-14T09:23:24.589Z]   ❌ Error   : 1
[2026-04-14T09:23:24.589Z]        • Jurnal Tidak Seimbang: 1x
[2026-04-14T09:23:24.590Z] ────────────────────────────────────────────────────────────────────────
[2026-04-14T09:23:24.590Z]   Detail Error:
[2026-04-14T09:23:24.590Z]     [2025-04-19] LA.PIAZZA        | Penjualan    | Jurnal Tidak Seimbang
[2026-04-14T09:23:24.590Z] ════════════════════════════════════════════════════════════════════════

[2026-04-14T09:23:27.591Z] 
[61/390] Memproses 2025-05-18 - LA.PIAZZA...
[2026-04-14T09:23:27.921Z]      📡 Mengambil data dari Quinos...
[2026-04-14T09:23:31.248Z]      ✅ Jurnal Penjualan OK
[2026-04-14T09:23:31.753Z]      ✅ Jurnal Uang Masuk OK (tanggal 19/05/2025)
[2026-04-14T09:23:34.758Z] 
[62/390] Memproses 2025-05-19 - LA.PIAZZA...
[2026-04-14T09:23:34.999Z]      📡 Mengambil data dari Quinos...
[2026-04-14T09:23:38.116Z]      ✅ Jurnal Penjualan OK
[2026-04-14T09:23:38.618Z]      ✅ Jurnal Uang Masuk OK (tanggal 20/05/2025)
[2026-04-14T09:23:41.620Z] 
[63/390] Memproses 2025-05-20 - LA.PIAZZA...
[2026-04-14T09:23:41.886Z]      📡 Mengambil data dari Quinos...
[2026-04-14T09:23:45.056Z]      ✅ Jurnal Penjualan OK
[2026-04-14T09:23:45.476Z]      ✅ Jurnal Uang Masuk OK (tanggal 21/05/2025)
[2026-04-14T09:23:48.477Z] 
[64/390] Memproses 2025-05-21 - LA.PIAZZA...
[2026-04-14T09:23:48.752Z]      📡 Mengambil data dari Quinos...
[2026-04-14T09:23:52.043Z]      ✅ Jurnal Penjualan OK
[2026-04-14T09:23:52.376Z]      ✅ Jurnal Uang Masuk OK (tanggal 22/05/2025)
[2026-04-14T09:23:55.378Z] 
[65/390] Memproses 2025-05-22 - LA.PIAZZA...
[2026-04-14T09:24:00.273Z]      📡 Mengambil data dari Quinos...
[2026-04-14T09:24:04.432Z]      ✅ Jurnal Penjualan OK
[2026-04-14T09:24:04.847Z]      ✅ Jurnal Uang Masuk OK (tanggal 23/05/2025)
[2026-04-14T09:24:07.850Z] 
[66/390] Memproses 2025-05-23 - LA.PIAZZA...
[2026-04-14T09:24:08.166Z]      📡 Mengambil data dari Quinos...
[2026-04-14T09:24:12.011Z]      ✅ Jurnal Penjualan OK
[2026-04-14T09:24:12.331Z]      ✅ Jurnal Uang Masuk OK (tanggal 24/05/2025)
[2026-04-14T09:24:15.332Z] 
[67/390] Memproses 2025-05-24 - LA.PIAZZA...
[2026-04-14T09:24:15.582Z]      📡 Mengambil data dari Quinos...
[2026-04-14T09:24:18.713Z] 
     🛑 [INVESTIGASI] KETIDAKSEIMBANGAN TERDETEKSI (> 15.000)
[2026-04-14T09:24:18.713Z]      Tanggal: 2025-05-24 | Toko: LA.PIAZZA
[2026-04-14T09:24:18.714Z]      Total Penjualan (POS Quinos): Rp 43.181.696,001
[2026-04-14T09:24:18.714Z]      Total Pembayaran (POS Quinos): Rp 42.801.851
[2026-04-14T09:24:18.714Z]      Selisih Jurnal: Rp 264.345,001
[2026-04-14T09:24:18.714Z]      --------------------------------------------------
[2026-04-14T09:24:18.714Z]      [ANALISA PEMBAYARAN VS BANK]
[2026-04-14T09:24:18.714Z]      - KREDIT BCA: POS (Rp 6.545.280) vs Bank (Rp 6.415.006) | Selisih: Rp 130.274
[2026-04-14T09:24:18.714Z]      - DEBIT BCA : POS (Rp 6.699.470) vs Bank (Rp 6.677.186,84) | Selisih: Rp 22.283,16
[2026-04-14T09:24:18.714Z]      - QRIS BCA  : POS (Rp 28.857.070) vs Bank (Rp 28.663.913,19) | Selisih: Rp 193.156,81
[2026-04-14T09:24:18.714Z]      --------------------------------------------------
[2026-04-14T09:24:18.714Z]      [SEMUA KODE PEMBAYARAN RAW DARI QUINOS]
[2026-04-14T09:24:18.714Z]      - "QRIS                        " Rp   28.857.070  ✓ → payment_qris
[2026-04-14T09:24:18.714Z]      - "DEBIT BCA                   " Rp    6.699.470  ✓ → payment_debit_bca
[2026-04-14T09:24:18.714Z]      - "CREDIT BCA                  " Rp    6.545.280  ✓ → payment_credit_bca
[2026-04-14T09:24:18.714Z]      - "Voucher Florist             " Rp      264.345  ❌ TIDAK TERTANGKAP — cek findPayment di quinos.ts!
[2026-04-14T09:24:18.714Z]      - "GOBIZ                       " Rp      211.706  ✓ → payment_gobiz
[2026-04-14T09:24:18.714Z]      - "CASH                        " Rp      204.435  ✓ → payment_cash
[2026-04-14T09:24:18.714Z]      - "Strada+ Gift Vou            " Rp      200.000  ✓ → payment_strada_gift_vou
[2026-04-14T09:24:18.714Z]      - "STRADA + REWARD             " Rp       83.890  ✓ → payment_strada_reward
[2026-04-14T09:24:18.714Z]      --------------------------------------------------
[2026-04-14T09:24:18.714Z]      KESIMPULAN: Selisih Rp 264.345,001 ini terlalu besar untuk auto-balance.
[2026-04-14T09:24:18.714Z]      KEMUNGKINAN: Kasir salah input tipe pembayaran di Quinos, atau ada transaksi Quinos yang belum di-input (Under-reporting).

[2026-04-14T09:24:18.714Z] [ERROR]      ❌ Skipped: Jurnal Penjualan tidak seimbang (Selisih Rp 264.345,001). Harap cek rincian investigasi di atas.
[2026-04-14T09:24:22.062Z] 
[68/390] Memproses 2025-05-25 - LA.PIAZZA...
[2026-04-14T09:24:22.366Z]      📡 Mengambil data dari Quinos...
[2026-04-14T09:24:25.581Z]      ✅ Jurnal Penjualan OK
[2026-04-14T09:24:30.843Z]      ✅ Jurnal Uang Masuk OK (tanggal 26/05/2025)
[2026-04-14T09:24:33.844Z] 
[69/390] Memproses 2025-05-26 - LA.PIAZZA...
[2026-04-14T09:24:34.176Z]      📡 Mengambil data dari Quinos...
[2026-04-14T09:24:37.712Z]      ✅ Jurnal Penjualan OK
[2026-04-14T09:24:38.109Z]      ✅ Jurnal Uang Masuk OK (tanggal 27/05/2025)
[2026-04-14T09:24:41.110Z] 
[70/390] Memproses 2025-05-27 - LA.PIAZZA...
[2026-04-14T09:24:41.409Z]      📡 Mengambil data dari Quinos...
[2026-04-14T09:24:44.359Z]      ✅ Jurnal Penjualan OK
[2026-04-14T09:24:44.686Z]      ✅ Jurnal Uang Masuk OK (tanggal 28/05/2025)
[2026-04-14T09:24:44.686Z] 
════════════════════════════════════════════════════════════════════════
[2026-04-14T09:24:44.686Z] === LAPORAN PROGRES [70/390 — 18%] ===
[2026-04-14T09:24:44.686Z] ────────────────────────────────────────────────────────────────────────
[2026-04-14T09:24:44.686Z]   Diproses  : 70 dari 390 (18%)
[2026-04-14T09:24:44.686Z]   ✅ Sukses  : 67
[2026-04-14T09:24:44.686Z]   ⏭️  Dilewati: 1
[2026-04-14T09:24:44.686Z]   ❌ Error   : 2
[2026-04-14T09:24:44.686Z]        • Jurnal Tidak Seimbang: 2x
[2026-04-14T09:24:44.686Z] ────────────────────────────────────────────────────────────────────────
[2026-04-14T09:24:44.686Z]   Detail Error:
[2026-04-14T09:24:44.686Z]     [2025-04-19] LA.PIAZZA        | Penjualan    | Jurnal Tidak Seimbang
[2026-04-14T09:24:44.686Z]     [2025-05-24] LA.PIAZZA        | Penjualan    | Jurnal Tidak Seimbang
[2026-04-14T09:24:44.688Z] ════════════════════════════════════════════════════════════════════════

[2026-04-14T09:24:47.689Z] 
[71/390] Memproses 2025-05-28 - LA.PIAZZA...
[2026-04-14T09:24:48.035Z]      📡 Mengambil data dari Quinos...
[2026-04-14T09:24:51.252Z]      ✅ Jurnal Penjualan OK
[2026-04-14T09:24:51.693Z]      ✅ Jurnal Uang Masuk OK (tanggal 29/05/2025)
[2026-04-14T09:24:54.695Z] 
[72/390] Memproses 2025-05-29 - LA.PIAZZA...
[2026-04-14T09:24:54.944Z]      📡 Mengambil data dari Quinos...
[2026-04-14T09:24:58.294Z]      ✅ Jurnal Penjualan OK
[2026-04-14T09:24:58.661Z]      ✅ Jurnal Uang Masuk OK (tanggal 30/05/2025)
[2026-04-14T09:25:01.662Z] 
[73/390] Memproses 2025-05-30 - LA.PIAZZA...
[2026-04-14T09:25:02.022Z]      📡 Mengambil data dari Quinos...
[2026-04-14T09:25:05.670Z]      ✅ Jurnal Penjualan OK
[2026-04-14T09:25:05.958Z]      ✅ Jurnal Uang Masuk OK (tanggal 31/05/2025)
[2026-04-14T09:25:08.960Z] 
[74/390] Memproses 2025-05-31 - LA.PIAZZA...
[2026-04-14T09:25:09.349Z]      📡 Mengambil data dari Quinos...
[2026-04-14T09:25:12.833Z]      ✅ Jurnal Penjualan OK
[2026-04-14T09:25:13.343Z]      ✅ Jurnal Uang Masuk OK (tanggal 01/06/2025)
[2026-04-14T09:25:16.344Z] 
[75/390] Memproses 2025-06-01 - LA.PIAZZA...
[2026-04-14T09:25:16.576Z]      📡 Mengambil data dari Quinos...
[2026-04-14T09:25:19.909Z]      ✅ Jurnal Penjualan OK
[2026-04-14T09:25:20.403Z]      ✅ Jurnal Uang Masuk OK (tanggal 02/06/2025)
[2026-04-14T09:25:23.404Z] 
[76/390] Memproses 2025-06-02 - LA.PIAZZA...
[2026-04-14T09:25:23.806Z]      📡 Mengambil data dari Quinos...
[2026-04-14T09:25:27.131Z]      ✅ Jurnal Penjualan OK
[2026-04-14T09:25:27.493Z]      ✅ Jurnal Uang Masuk OK (tanggal 03/06/2025)
[2026-04-14T09:25:30.496Z] 
[77/390] Memproses 2025-06-03 - LA.PIAZZA...
[2026-04-14T09:25:30.735Z]      📡 Mengambil data dari Quinos...
[2026-04-14T09:25:33.926Z]      ✅ Jurnal Penjualan OK
[2026-04-14T09:25:34.326Z]      ✅ Jurnal Uang Masuk OK (tanggal 04/06/2025)
[2026-04-14T09:25:37.328Z] 
[78/390] Memproses 2025-06-04 - LA.PIAZZA...
[2026-04-14T09:25:37.578Z]      📡 Mengambil data dari Quinos...
[2026-04-14T09:25:41.600Z]      ✅ Jurnal Penjualan OK
[2026-04-14T09:25:42.213Z]      ✅ Jurnal Uang Masuk OK (tanggal 05/06/2025)
[2026-04-14T09:25:45.215Z] 
[79/390] Memproses 2025-06-05 - LA.PIAZZA...
[2026-04-14T09:25:45.472Z]      📡 Mengambil data dari Quinos...
[2026-04-14T09:25:48.772Z]      ✅ Jurnal Penjualan OK
[2026-04-14T09:25:49.186Z]      ✅ Jurnal Uang Masuk OK (tanggal 06/06/2025)
[2026-04-14T09:25:52.189Z] 
[80/390] Memproses 2025-06-06 - LA.PIAZZA...
[2026-04-14T09:25:52.427Z]      📡 Mengambil data dari Quinos...
[2026-04-14T09:25:55.550Z]      ✅ Jurnal Penjualan OK
[2026-04-14T09:25:55.860Z]      ✅ Jurnal Uang Masuk OK (tanggal 07/06/2025)
[2026-04-14T09:25:55.861Z] 
════════════════════════════════════════════════════════════════════════
[2026-04-14T09:25:55.861Z] === LAPORAN PROGRES [80/390 — 21%] ===
[2026-04-14T09:25:55.861Z] ────────────────────────────────────────────────────────────────────────
[2026-04-14T09:25:55.861Z]   Diproses  : 80 dari 390 (21%)
[2026-04-14T09:25:55.861Z]   ✅ Sukses  : 77
[2026-04-14T09:25:55.861Z]   ⏭️  Dilewati: 1
[2026-04-14T09:25:55.861Z]   ❌ Error   : 2
[2026-04-14T09:25:55.861Z]        • Jurnal Tidak Seimbang: 2x
[2026-04-14T09:25:55.861Z] ────────────────────────────────────────────────────────────────────────
[2026-04-14T09:25:55.861Z]   Detail Error:
[2026-04-14T09:25:55.861Z]     [2025-04-19] LA.PIAZZA        | Penjualan    | Jurnal Tidak Seimbang
[2026-04-14T09:25:55.862Z]     [2025-05-24] LA.PIAZZA        | Penjualan    | Jurnal Tidak Seimbang
[2026-04-14T09:25:55.862Z] ════════════════════════════════════════════════════════════════════════

[2026-04-14T09:25:58.864Z] 
[81/390] Memproses 2025-06-07 - LA.PIAZZA...
[2026-04-14T09:25:59.132Z]      📡 Mengambil data dari Quinos...
[2026-04-14T09:26:02.498Z]      ✅ Jurnal Penjualan OK
[2026-04-14T09:26:03.104Z]      ✅ Jurnal Uang Masuk OK (tanggal 08/06/2025)
[2026-04-14T09:26:06.107Z] 
[82/390] Memproses 2025-06-08 - LA.PIAZZA...
[2026-04-14T09:26:06.385Z]      📡 Mengambil data dari Quinos...
[2026-04-14T09:26:10.322Z]      ✅ Jurnal Penjualan OK
[2026-04-14T09:26:10.662Z]      ✅ Jurnal Uang Masuk OK (tanggal 09/06/2025)
[2026-04-14T09:26:13.666Z] 
[83/390] Memproses 2025-06-09 - LA.PIAZZA...
[2026-04-14T09:26:13.901Z]      📡 Mengambil data dari Quinos...
[2026-04-14T09:26:17.241Z]      ✅ Jurnal Penjualan OK
[2026-04-14T09:26:17.848Z]      ✅ Jurnal Uang Masuk OK (tanggal 10/06/2025)
[2026-04-14T09:26:20.850Z] 
[84/390] Memproses 2025-06-10 - LA.PIAZZA...
[2026-04-14T09:26:21.159Z]      📡 Mengambil data dari Quinos...
[2026-04-14T09:26:24.424Z]      ✅ Jurnal Penjualan OK
[2026-04-14T09:26:24.729Z]      ✅ Jurnal Uang Masuk OK (tanggal 11/06/2025)
[2026-04-14T09:26:27.731Z] 
[85/390] Memproses 2025-06-11 - LA.PIAZZA...
[2026-04-14T09:26:27.987Z]      📡 Mengambil data dari Quinos...
[2026-04-14T09:26:31.315Z]      ✅ Jurnal Penjualan OK
[2026-04-14T09:26:31.660Z]      ✅ Jurnal Uang Masuk OK (tanggal 12/06/2025)
[2026-04-14T09:26:34.662Z] 
[86/390] Memproses 2025-06-12 - LA.PIAZZA...
[2026-04-14T09:26:34.896Z]      📡 Mengambil data dari Quinos...
[2026-04-14T09:26:38.335Z]      ✅ Jurnal Penjualan OK
[2026-04-14T09:26:38.738Z]      ✅ Jurnal Uang Masuk OK (tanggal 13/06/2025)
[2026-04-14T09:26:41.740Z] 
[87/390] Memproses 2025-06-13 - LA.PIAZZA...
[2026-04-14T09:26:42.072Z]      📡 Mengambil data dari Quinos...
[2026-04-14T09:26:45.507Z]      ✅ Jurnal Penjualan OK
[2026-04-14T09:26:45.913Z]      ✅ Jurnal Uang Masuk OK (tanggal 14/06/2025)
[2026-04-14T09:26:48.915Z] 
[88/390] Memproses 2025-06-14 - LA.PIAZZA...
[2026-04-14T09:26:49.157Z]      📡 Mengambil data dari Quinos...
[2026-04-14T09:26:52.576Z]      ✅ Jurnal Penjualan OK
[2026-04-14T09:26:53.188Z]      ✅ Jurnal Uang Masuk OK (tanggal 15/06/2025)
[2026-04-14T09:26:56.189Z] 
[89/390] Memproses 2025-06-15 - LA.PIAZZA...
[2026-04-14T09:26:56.680Z]      📡 Mengambil data dari Quinos...
[2026-04-14T09:26:59.939Z]      ✅ Jurnal Penjualan OK
[2026-04-14T09:27:00.246Z]      ✅ Jurnal Uang Masuk OK (tanggal 16/06/2025)
[2026-04-14T09:27:03.249Z] 
[90/390] Memproses 2025-06-16 - LA.PIAZZA...
[2026-04-14T09:27:03.620Z]      📡 Mengambil data dari Quinos...
[2026-04-14T09:27:06.927Z]      ✅ Jurnal Penjualan OK
[2026-04-14T09:27:07.411Z]      ✅ Jurnal Uang Masuk OK (tanggal 17/06/2025)
[2026-04-14T09:27:07.411Z] 
════════════════════════════════════════════════════════════════════════
[2026-04-14T09:27:07.411Z] === LAPORAN PROGRES [90/390 — 23%] ===
[2026-04-14T09:27:07.411Z] ────────────────────────────────────────────────────────────────────────
[2026-04-14T09:27:07.411Z]   Diproses  : 90 dari 390 (23%)
[2026-04-14T09:27:07.411Z]   ✅ Sukses  : 87
[2026-04-14T09:27:07.411Z]   ⏭️  Dilewati: 1
[2026-04-14T09:27:07.411Z]   ❌ Error   : 2
[2026-04-14T09:27:07.411Z]        • Jurnal Tidak Seimbang: 2x
[2026-04-14T09:27:07.412Z] ────────────────────────────────────────────────────────────────────────
[2026-04-14T09:27:07.412Z]   Detail Error:
[2026-04-14T09:27:07.412Z]     [2025-04-19] LA.PIAZZA        | Penjualan    | Jurnal Tidak Seimbang
[2026-04-14T09:27:07.415Z]     [2025-05-24] LA.PIAZZA        | Penjualan    | Jurnal Tidak Seimbang
[2026-04-14T09:27:07.415Z] ════════════════════════════════════════════════════════════════════════

[2026-04-14T09:27:10.416Z] 
[91/390] Memproses 2025-06-17 - LA.PIAZZA...
[2026-04-14T09:27:10.797Z]      📡 Mengambil data dari Quinos...
[2026-04-14T09:27:14.189Z]      ✅ Jurnal Penjualan OK
[2026-04-14T09:27:14.783Z]      ✅ Jurnal Uang Masuk OK (tanggal 18/06/2025)
[2026-04-14T09:27:17.785Z] 
[92/390] Memproses 2025-06-18 - LA.PIAZZA...
[2026-04-14T09:27:18.053Z]      📡 Mengambil data dari Quinos...
[2026-04-14T09:27:21.553Z]      ✅ Jurnal Penjualan OK
[2026-04-14T09:27:22.262Z]      ✅ Jurnal Uang Masuk OK (tanggal 19/06/2025)
[2026-04-14T09:27:25.264Z] 
[93/390] Memproses 2025-06-19 - LA.PIAZZA...
[2026-04-14T09:27:25.673Z]      📡 Mengambil data dari Quinos...
[2026-04-14T09:27:28.823Z]      ✅ Jurnal Penjualan OK
[2026-04-14T09:27:29.219Z]      ✅ Jurnal Uang Masuk OK (tanggal 20/06/2025)
[2026-04-14T09:27:32.220Z] 
[94/390] Memproses 2025-06-20 - LA.PIAZZA...
[2026-04-14T09:27:32.495Z]      📡 Mengambil data dari Quinos...
[2026-04-14T09:27:35.785Z]      ✅ Jurnal Penjualan OK
[2026-04-14T09:27:36.103Z]      ✅ Jurnal Uang Masuk OK (tanggal 21/06/2025)
[2026-04-14T09:27:39.106Z] 
[95/390] Memproses 2025-06-21 - LA.PIAZZA...
[2026-04-14T09:27:39.397Z]      📡 Mengambil data dari Quinos...
[2026-04-14T09:27:42.565Z]      ✅ Jurnal Penjualan OK
[2026-04-14T09:27:42.893Z]      ✅ Jurnal Uang Masuk OK (tanggal 22/06/2025)
[2026-04-14T09:27:45.895Z] 
[96/390] Memproses 2025-06-22 - LA.PIAZZA...
[2026-04-14T09:27:46.149Z]      📡 Mengambil data dari Quinos...
[2026-04-14T09:27:49.599Z]      ✅ Jurnal Penjualan OK
[2026-04-14T09:27:50.005Z]      ✅ Jurnal Uang Masuk OK (tanggal 23/06/2025)
[2026-04-14T09:27:53.008Z] 
[97/390] Memproses 2025-06-23 - LA.PIAZZA...
[2026-04-14T09:27:53.235Z]      📡 Mengambil data dari Quinos...
[2026-04-14T09:27:56.471Z]      ✅ Jurnal Penjualan OK
[2026-04-14T09:27:57.085Z]      ✅ Jurnal Uang Masuk OK (tanggal 24/06/2025)
[2026-04-14T09:28:00.087Z] 
[98/390] Memproses 2025-06-24 - LA.PIAZZA...
[2026-04-14T09:28:00.382Z]      📡 Mengambil data dari Quinos...
[2026-04-14T09:28:03.668Z]      ✅ Jurnal Penjualan OK
[2026-04-14T09:28:04.112Z]      ✅ Jurnal Uang Masuk OK (tanggal 25/06/2025)
[2026-04-14T09:28:07.114Z] 
[99/390] Memproses 2025-06-25 - LA.PIAZZA...
[2026-04-14T09:28:07.389Z]      📡 Mengambil data dari Quinos...
[2026-04-14T09:28:10.503Z]      ✅ Jurnal Penjualan OK
[2026-04-14T09:28:10.898Z]      ✅ Jurnal Uang Masuk OK (tanggal 26/06/2025)
[2026-04-14T09:28:13.899Z] 
[100/390] Memproses 2025-06-26 - LA.PIAZZA...
[2026-04-14T09:28:14.167Z]      📡 Mengambil data dari Quinos...
[2026-04-14T09:28:17.666Z]      ✅ Jurnal Penjualan OK
[2026-04-14T09:28:18.027Z]      ✅ Jurnal Uang Masuk OK (tanggal 27/06/2025)
[2026-04-14T09:28:18.028Z] 
════════════════════════════════════════════════════════════════════════
[2026-04-14T09:28:18.028Z] === LAPORAN PROGRES [100/390 — 26%] ===
[2026-04-14T09:28:18.028Z] ────────────────────────────────────────────────────────────────────────
[2026-04-14T09:28:18.028Z]   Diproses  : 100 dari 390 (26%)
[2026-04-14T09:28:18.028Z]   ✅ Sukses  : 97
[2026-04-14T09:28:18.028Z]   ⏭️  Dilewati: 1
[2026-04-14T09:28:18.028Z]   ❌ Error   : 2
[2026-04-14T09:28:18.028Z]        • Jurnal Tidak Seimbang: 2x
[2026-04-14T09:28:18.028Z] ────────────────────────────────────────────────────────────────────────
[2026-04-14T09:28:18.028Z]   Detail Error:
[2026-04-14T09:28:18.028Z]     [2025-04-19] LA.PIAZZA        | Penjualan    | Jurnal Tidak Seimbang
[2026-04-14T09:28:18.028Z]     [2025-05-24] LA.PIAZZA        | Penjualan    | Jurnal Tidak Seimbang
[2026-04-14T09:28:18.028Z] ════════════════════════════════════════════════════════════════════════

[2026-04-14T09:28:21.031Z] 
[101/390] Memproses 2025-06-27 - LA.PIAZZA...
[2026-04-14T09:28:21.473Z]      📡 Mengambil data dari Quinos...
[2026-04-14T09:28:24.939Z]      ✅ Jurnal Penjualan OK
[2026-04-14T09:28:25.452Z]      ✅ Jurnal Uang Masuk OK (tanggal 28/06/2025)
[2026-04-14T09:28:28.454Z] 
[102/390] Memproses 2025-06-28 - LA.PIAZZA...
[2026-04-14T09:28:28.747Z]      📡 Mengambil data dari Quinos...
[2026-04-14T09:28:32.190Z]      ✅ Jurnal Penjualan OK
[2026-04-14T09:28:32.631Z]      ✅ Jurnal Uang Masuk OK (tanggal 29/06/2025)
[2026-04-14T09:28:35.633Z] 
[103/390] Memproses 2025-06-29 - LA.PIAZZA...
[2026-04-14T09:28:35.893Z]      📡 Mengambil data dari Quinos...
[2026-04-14T09:28:40.098Z]      ✅ Jurnal Penjualan OK
[2026-04-14T09:28:40.506Z]      ✅ Jurnal Uang Masuk OK (tanggal 30/06/2025)
[2026-04-14T09:28:43.508Z] 
[104/390] Memproses 2025-06-30 - LA.PIAZZA...
[2026-04-14T09:28:43.888Z]      📡 Mengambil data dari Quinos...
[2026-04-14T09:28:47.490Z]      ✅ Jurnal Penjualan OK
[2026-04-14T09:28:47.865Z]      ✅ Jurnal Uang Masuk OK (tanggal 01/07/2025)
[2026-04-14T09:28:50.867Z] 
[105/390] Memproses 2025-07-01 - LA.PIAZZA...
[2026-04-14T09:28:51.115Z]      📡 Mengambil data dari Quinos...
[2026-04-14T09:28:54.634Z]      ✅ Jurnal Penjualan OK
[2026-04-14T09:28:54.995Z]      ✅ Jurnal Uang Masuk OK (tanggal 02/07/2025)
[2026-04-14T09:28:57.997Z] 
[106/390] Memproses 2025-07-02 - LA.PIAZZA...
[2026-04-14T09:28:58.256Z]      📡 Mengambil data dari Quinos...
[2026-04-14T09:29:01.755Z]      ✅ Jurnal Penjualan OK
[2026-04-14T09:29:02.298Z]      ✅ Jurnal Uang Masuk OK (tanggal 03/07/2025)
[2026-04-14T09:29:05.300Z] 
[107/390] Memproses 2025-07-03 - LA.PIAZZA...
[2026-04-14T09:29:05.538Z]      📡 Mengambil data dari Quinos...
[2026-04-14T09:29:08.973Z]      ✅ Jurnal Penjualan OK
[2026-04-14T09:29:09.420Z]      ✅ Jurnal Uang Masuk OK (tanggal 04/07/2025)
[2026-04-14T09:29:12.421Z] 
[108/390] Memproses 2025-07-04 - LA.PIAZZA...
[2026-04-14T09:29:12.727Z]      📡 Mengambil data dari Quinos...
[2026-04-14T09:29:16.301Z]      ✅ Jurnal Penjualan OK
[2026-04-14T09:29:16.858Z]      ✅ Jurnal Uang Masuk OK (tanggal 05/07/2025)
[2026-04-14T09:29:19.860Z] 
[109/390] Memproses 2025-07-05 - LA.PIAZZA...
[2026-04-14T09:29:20.205Z]      📡 Mengambil data dari Quinos...
[2026-04-14T09:29:23.615Z]      ✅ Jurnal Penjualan OK
[2026-04-14T09:29:24.111Z]      ✅ Jurnal Uang Masuk OK (tanggal 06/07/2025)
[2026-04-14T09:29:27.114Z] 
[110/390] Memproses 2025-07-06 - LA.PIAZZA...
[2026-04-14T09:29:27.407Z]      📡 Mengambil data dari Quinos...
[2026-04-14T09:29:30.246Z]      ⚖️ Auto-balancing applied: Pembulatan Rp 0.5
[2026-04-14T09:29:30.629Z]      ✅ Jurnal Penjualan OK
[2026-04-14T09:29:31.291Z]      ✅ Jurnal Uang Masuk OK (tanggal 07/07/2025)
[2026-04-14T09:29:31.291Z] 
════════════════════════════════════════════════════════════════════════
[2026-04-14T09:29:31.291Z] === LAPORAN PROGRES [110/390 — 28%] ===
[2026-04-14T09:29:31.291Z] ────────────────────────────────────────────────────────────────────────
[2026-04-14T09:29:31.291Z]   Diproses  : 110 dari 390 (28%)
[2026-04-14T09:29:31.291Z]   ✅ Sukses  : 107
[2026-04-14T09:29:31.291Z]   ⏭️  Dilewati: 1
[2026-04-14T09:29:31.291Z]   ❌ Error   : 2
[2026-04-14T09:29:31.291Z]        • Jurnal Tidak Seimbang: 2x
[2026-04-14T09:29:31.291Z] ────────────────────────────────────────────────────────────────────────
[2026-04-14T09:29:31.291Z]   Detail Error:
[2026-04-14T09:29:31.291Z]     [2025-04-19] LA.PIAZZA        | Penjualan    | Jurnal Tidak Seimbang
[2026-04-14T09:29:31.293Z]     [2025-05-24] LA.PIAZZA        | Penjualan    | Jurnal Tidak Seimbang
[2026-04-14T09:29:31.293Z] ════════════════════════════════════════════════════════════════════════

[2026-04-14T09:29:34.301Z] 
[111/390] Memproses 2025-07-07 - LA.PIAZZA...
[2026-04-14T09:29:34.614Z]      📡 Mengambil data dari Quinos...
[2026-04-14T09:29:38.412Z]      ✅ Jurnal Penjualan OK
[2026-04-14T09:29:38.710Z]      ✅ Jurnal Uang Masuk OK (tanggal 08/07/2025)
[2026-04-14T09:29:41.717Z] 
[112/390] Memproses 2025-07-08 - LA.PIAZZA...
[2026-04-14T09:29:42.053Z]      📡 Mengambil data dari Quinos...
[2026-04-14T09:29:44.665Z]      ⚖️ Auto-balancing applied: Pembulatan Rp 0.5
[2026-04-14T09:29:45.230Z]      ✅ Jurnal Penjualan OK
[2026-04-14T09:29:46.032Z]      ✅ Jurnal Uang Masuk OK (tanggal 09/07/2025)
[2026-04-14T09:29:49.033Z] 
[113/390] Memproses 2025-07-09 - LA.PIAZZA...
[2026-04-14T09:29:49.546Z]      📡 Mengambil data dari Quinos...
[2026-04-14T09:29:53.104Z]      ✅ Jurnal Penjualan OK
[2026-04-14T09:29:53.605Z]      ✅ Jurnal Uang Masuk OK (tanggal 10/07/2025)
[2026-04-14T09:29:56.607Z] 
[114/390] Memproses 2025-07-10 - LA.PIAZZA...
[2026-04-14T09:29:57.206Z]      📡 Mengambil data dari Quinos...
[2026-04-14T09:30:00.688Z]      ✅ Jurnal Penjualan OK
[2026-04-14T09:30:01.607Z]      ✅ Jurnal Uang Masuk OK (tanggal 11/07/2025)
[2026-04-14T09:30:04.609Z] 
[115/390] Memproses 2025-07-11 - LA.PIAZZA...
[2026-04-14T09:30:04.953Z]      📡 Mengambil data dari Quinos...
[2026-04-14T09:30:08.580Z]      ✅ Jurnal Penjualan OK
[2026-04-14T09:30:09.065Z]      ✅ Jurnal Uang Masuk OK (tanggal 12/07/2025)
[2026-04-14T09:30:12.068Z] 
[116/390] Memproses 2025-07-12 - LA.PIAZZA...
[2026-04-14T09:30:12.312Z]      📡 Mengambil data dari Quinos...
[2026-04-14T09:30:15.531Z]      ✅ Jurnal Penjualan OK
[2026-04-14T09:30:15.824Z]      ✅ Jurnal Uang Masuk OK (tanggal 13/07/2025)
[2026-04-14T09:30:18.827Z] 
[117/390] Memproses 2025-07-13 - LA.PIAZZA...
[2026-04-14T09:30:19.100Z]      📡 Mengambil data dari Quinos...
[2026-04-14T09:30:22.690Z]      ✅ Jurnal Penjualan OK
[2026-04-14T09:30:23.054Z]      ✅ Jurnal Uang Masuk OK (tanggal 14/07/2025)
[2026-04-14T09:30:26.057Z] 
[118/390] Memproses 2025-07-14 - LA.PIAZZA...
[2026-04-14T09:30:26.376Z]      📡 Mengambil data dari Quinos...
[2026-04-14T09:30:29.763Z]      ✅ Jurnal Penjualan OK
[2026-04-14T09:30:30.142Z]      ✅ Jurnal Uang Masuk OK (tanggal 15/07/2025)
[2026-04-14T09:30:33.145Z] 
[119/390] Memproses 2025-07-15 - LA.PIAZZA...
[2026-04-14T09:30:33.451Z]      📡 Mengambil data dari Quinos...
[2026-04-14T09:30:36.729Z]      ✅ Jurnal Penjualan OK
[2026-04-14T09:30:41.823Z]      ✅ Jurnal Uang Masuk OK (tanggal 16/07/2025)
[2026-04-14T09:30:44.824Z] 
[120/390] Memproses 2025-07-16 - LA.PIAZZA...
[2026-04-14T09:30:45.106Z]      📡 Mengambil data dari Quinos...
[2026-04-14T09:30:48.195Z]      ✅ Jurnal Penjualan OK
[2026-04-14T09:30:48.496Z]      ✅ Jurnal Uang Masuk OK (tanggal 17/07/2025)
[2026-04-14T09:30:48.496Z] 
════════════════════════════════════════════════════════════════════════
[2026-04-14T09:30:48.496Z] === LAPORAN PROGRES [120/390 — 31%] ===
[2026-04-14T09:30:48.496Z] ────────────────────────────────────────────────────────────────────────
[2026-04-14T09:30:48.496Z]   Diproses  : 120 dari 390 (31%)
[2026-04-14T09:30:48.496Z]   ✅ Sukses  : 117
[2026-04-14T09:30:48.496Z]   ⏭️  Dilewati: 1
[2026-04-14T09:30:48.496Z]   ❌ Error   : 2
[2026-04-14T09:30:48.496Z]        • Jurnal Tidak Seimbang: 2x
[2026-04-14T09:30:48.496Z] ────────────────────────────────────────────────────────────────────────
[2026-04-14T09:30:48.496Z]   Detail Error:
[2026-04-14T09:30:48.496Z]     [2025-04-19] LA.PIAZZA        | Penjualan    | Jurnal Tidak Seimbang
[2026-04-14T09:30:48.502Z]     [2025-05-24] LA.PIAZZA        | Penjualan    | Jurnal Tidak Seimbang
[2026-04-14T09:30:48.502Z] ════════════════════════════════════════════════════════════════════════

[2026-04-14T09:30:51.504Z] 
[121/390] Memproses 2025-07-17 - LA.PIAZZA...
[2026-04-14T09:30:51.805Z]      📡 Mengambil data dari Quinos...
[2026-04-14T09:30:55.042Z]      ✅ Jurnal Penjualan OK
[2026-04-14T09:30:55.662Z]      ✅ Jurnal Uang Masuk OK (tanggal 18/07/2025)
[2026-04-14T09:30:58.665Z] 
[122/390] Memproses 2025-07-18 - LA.PIAZZA...
[2026-04-14T09:30:58.949Z]      📡 Mengambil data dari Quinos...
[2026-04-14T09:31:02.432Z]      ✅ Jurnal Penjualan OK
[2026-04-14T09:31:03.137Z]      ✅ Jurnal Uang Masuk OK (tanggal 19/07/2025)
[2026-04-14T09:31:06.140Z] 
[123/390] Memproses 2025-07-19 - LA.PIAZZA...
[2026-04-14T09:31:06.513Z]      📡 Mengambil data dari Quinos...
[2026-04-14T09:31:10.104Z]      ✅ Jurnal Penjualan OK
[2026-04-14T09:31:10.715Z]      ✅ Jurnal Uang Masuk OK (tanggal 20/07/2025)
[2026-04-14T09:31:13.717Z] 
[124/390] Memproses 2025-07-20 - LA.PIAZZA...
[2026-04-14T09:31:14.023Z]      📡 Mengambil data dari Quinos...
[2026-04-14T09:31:17.586Z]      ✅ Jurnal Penjualan OK
[2026-04-14T09:31:18.093Z]      ✅ Jurnal Uang Masuk OK (tanggal 21/07/2025)
[2026-04-14T09:31:21.096Z] 
[125/390] Memproses 2025-07-21 - LA.PIAZZA...
[2026-04-14T09:31:21.562Z]      📡 Mengambil data dari Quinos...
[2026-04-14T09:31:25.119Z]      ✅ Jurnal Penjualan OK
[2026-04-14T09:31:25.665Z]      ✅ Jurnal Uang Masuk OK (tanggal 22/07/2025)
[2026-04-14T09:31:28.667Z] 
[126/390] Memproses 2025-07-22 - LA.PIAZZA...
[2026-04-14T09:31:29.066Z]      📡 Mengambil data dari Quinos...
[2026-04-14T09:31:32.128Z]      ✅ Jurnal Penjualan OK
[2026-04-14T09:31:32.506Z]      ✅ Jurnal Uang Masuk OK (tanggal 23/07/2025)
[2026-04-14T09:31:35.509Z] 
[127/390] Memproses 2025-07-23 - LA.PIAZZA...
[2026-04-14T09:31:35.797Z]      📡 Mengambil data dari Quinos...
[2026-04-14T09:31:39.202Z]      ✅ Jurnal Penjualan OK
[2026-04-14T09:31:39.690Z]      ✅ Jurnal Uang Masuk OK (tanggal 24/07/2025)
[2026-04-14T09:31:42.693Z] 
[128/390] Memproses 2025-07-24 - LA.PIAZZA...
[2026-04-14T09:31:42.977Z]      📡 Mengambil data dari Quinos...
[2026-04-14T09:31:46.121Z]      ✅ Jurnal Penjualan OK
[2026-04-14T09:31:46.558Z]      ✅ Jurnal Uang Masuk OK (tanggal 25/07/2025)
[2026-04-14T09:31:49.561Z] 
[129/390] Memproses 2025-07-25 - LA.PIAZZA...
[2026-04-14T09:31:49.911Z]      📡 Mengambil data dari Quinos...
[2026-04-14T09:31:53.326Z]      ✅ Jurnal Penjualan OK
[2026-04-14T09:31:53.727Z]      ✅ Jurnal Uang Masuk OK (tanggal 26/07/2025)
[2026-04-14T09:31:56.729Z] 
[130/390] Memproses 2025-07-26 - LA.PIAZZA...
[2026-04-14T09:31:56.969Z]      📡 Mengambil data dari Quinos...
[2026-04-14T09:32:00.548Z]      ✅ Jurnal Penjualan OK
[2026-04-14T09:32:01.098Z]      ✅ Jurnal Uang Masuk OK (tanggal 27/07/2025)
[2026-04-14T09:32:01.099Z] 
════════════════════════════════════════════════════════════════════════
[2026-04-14T09:32:01.099Z] === LAPORAN PROGRES [130/390 — 33%] ===
[2026-04-14T09:32:01.099Z] ────────────────────────────────────────────────────────────────────────
[2026-04-14T09:32:01.099Z]   Diproses  : 130 dari 390 (33%)
[2026-04-14T09:32:01.099Z]   ✅ Sukses  : 127
[2026-04-14T09:32:01.099Z]   ⏭️  Dilewati: 1
[2026-04-14T09:32:01.099Z]   ❌ Error   : 2
[2026-04-14T09:32:01.099Z]        • Jurnal Tidak Seimbang: 2x
[2026-04-14T09:32:01.099Z] ────────────────────────────────────────────────────────────────────────
[2026-04-14T09:32:01.099Z]   Detail Error:
[2026-04-14T09:32:01.099Z]     [2025-04-19] LA.PIAZZA        | Penjualan    | Jurnal Tidak Seimbang
[2026-04-14T09:32:01.099Z]     [2025-05-24] LA.PIAZZA        | Penjualan    | Jurnal Tidak Seimbang
[2026-04-14T09:32:01.099Z] ════════════════════════════════════════════════════════════════════════

[2026-04-14T09:32:04.105Z] 
[131/390] Memproses 2025-07-27 - LA.PIAZZA...
[2026-04-14T09:32:04.425Z]      📡 Mengambil data dari Quinos...
[2026-04-14T09:32:12.443Z]      ✅ Jurnal Penjualan OK
[2026-04-14T09:32:12.964Z]      ✅ Jurnal Uang Masuk OK (tanggal 28/07/2025)
[2026-04-14T09:32:15.965Z] 
[132/390] Memproses 2025-07-28 - LA.PIAZZA...
[2026-04-14T09:32:16.349Z]      📡 Mengambil data dari Quinos...
[2026-04-14T09:32:19.007Z]      ⚖️ Auto-balancing applied: Pembulatan Rp 0.5
[2026-04-14T09:32:19.456Z]      ✅ Jurnal Penjualan OK
[2026-04-14T09:32:19.857Z]      ✅ Jurnal Uang Masuk OK (tanggal 29/07/2025)
[2026-04-14T09:32:22.861Z] 
[133/390] Memproses 2025-07-29 - LA.PIAZZA...
[2026-04-14T09:32:23.187Z]      📡 Mengambil data dari Quinos...
[2026-04-14T09:32:26.232Z]      ✅ Jurnal Penjualan OK
[2026-04-14T09:32:26.523Z]      ✅ Jurnal Uang Masuk OK (tanggal 30/07/2025)
[2026-04-14T09:32:29.526Z] 
[134/390] Memproses 2025-07-30 - LA.PIAZZA...
[2026-04-14T09:32:29.841Z]      📡 Mengambil data dari Quinos...
[2026-04-14T09:32:33.164Z]      ✅ Jurnal Penjualan OK
[2026-04-14T09:32:33.673Z]      ✅ Jurnal Uang Masuk OK (tanggal 31/07/2025)
[2026-04-14T09:32:36.676Z] 
[135/390] Memproses 2025-07-31 - LA.PIAZZA...
[2026-04-14T09:32:37.072Z]      📡 Mengambil data dari Quinos...
[2026-04-14T09:32:40.418Z]      ✅ Jurnal Penjualan OK
[2026-04-14T09:32:40.933Z]      ✅ Jurnal Uang Masuk OK (tanggal 01/08/2025)
[2026-04-14T09:32:43.940Z] 
[136/390] Memproses 2025-08-01 - LA.PIAZZA...
[2026-04-14T09:32:44.254Z]      📡 Mengambil data dari Quinos...
[2026-04-14T09:32:47.795Z]      ✅ Jurnal Penjualan OK
[2026-04-14T09:32:48.148Z]      ✅ Jurnal Uang Masuk OK (tanggal 02/08/2025)
[2026-04-14T09:32:51.154Z] 
[137/390] Memproses 2025-08-02 - LA.PIAZZA...
[2026-04-14T09:32:51.454Z]      📡 Mengambil data dari Quinos...
[2026-04-14T09:32:54.767Z]      ✅ Jurnal Penjualan OK
[2026-04-14T09:32:55.077Z]      ✅ Jurnal Uang Masuk OK (tanggal 03/08/2025)
[2026-04-14T09:32:58.079Z] 
[138/390] Memproses 2025-08-03 - LA.PIAZZA...
[2026-04-14T09:32:58.321Z]      📡 Mengambil data dari Quinos...
[2026-04-14T09:33:01.634Z]      ✅ Jurnal Penjualan OK
[2026-04-14T09:33:01.935Z]      ✅ Jurnal Uang Masuk OK (tanggal 04/08/2025)
[2026-04-14T09:33:04.936Z] 
[139/390] Memproses 2025-08-04 - LA.PIAZZA...
[2026-04-14T09:33:05.194Z]      📡 Mengambil data dari Quinos...
[2026-04-14T09:33:08.285Z]      ✅ Jurnal Penjualan OK
[2026-04-14T09:33:08.682Z]      ✅ Jurnal Uang Masuk OK (tanggal 05/08/2025)
[2026-04-14T09:33:11.684Z] 
[140/390] Memproses 2025-08-05 - LA.PIAZZA...
[2026-04-14T09:33:11.957Z]      📡 Mengambil data dari Quinos...
[2026-04-14T09:33:15.254Z]      ✅ Jurnal Penjualan OK
[2026-04-14T09:33:15.548Z]      ✅ Jurnal Uang Masuk OK (tanggal 06/08/2025)
[2026-04-14T09:33:15.548Z] 
════════════════════════════════════════════════════════════════════════
[2026-04-14T09:33:15.548Z] === LAPORAN PROGRES [140/390 — 36%] ===
[2026-04-14T09:33:15.548Z] ────────────────────────────────────────────────────────────────────────
[2026-04-14T09:33:15.548Z]   Diproses  : 140 dari 390 (36%)
[2026-04-14T09:33:15.548Z]   ✅ Sukses  : 137
[2026-04-14T09:33:15.548Z]   ⏭️  Dilewati: 1
[2026-04-14T09:33:15.548Z]   ❌ Error   : 2
[2026-04-14T09:33:15.548Z]        • Jurnal Tidak Seimbang: 2x
[2026-04-14T09:33:15.548Z] ────────────────────────────────────────────────────────────────────────
[2026-04-14T09:33:15.548Z]   Detail Error:
[2026-04-14T09:33:15.548Z]     [2025-04-19] LA.PIAZZA        | Penjualan    | Jurnal Tidak Seimbang
[2026-04-14T09:33:15.548Z]     [2025-05-24] LA.PIAZZA        | Penjualan    | Jurnal Tidak Seimbang
[2026-04-14T09:33:15.548Z] ════════════════════════════════════════════════════════════════════════

[2026-04-14T09:33:18.549Z] 
[141/390] Memproses 2025-08-06 - LA.PIAZZA...
[2026-04-14T09:33:18.881Z]      📡 Mengambil data dari Quinos...
[2026-04-14T09:33:22.108Z]      ✅ Jurnal Penjualan OK
[2026-04-14T09:33:22.411Z]      ✅ Jurnal Uang Masuk OK (tanggal 07/08/2025)
[2026-04-14T09:33:25.413Z] 
[142/390] Memproses 2025-08-07 - LA.PIAZZA...
[2026-04-14T09:33:25.810Z]      📡 Mengambil data dari Quinos...
[2026-04-14T09:33:29.466Z]      ✅ Jurnal Penjualan OK
[2026-04-14T09:33:29.804Z]      ✅ Jurnal Uang Masuk OK (tanggal 08/08/2025)
[2026-04-14T09:33:32.807Z] 
[143/390] Memproses 2025-08-08 - LA.PIAZZA...
[2026-04-14T09:33:33.040Z]      📡 Mengambil data dari Quinos...
[2026-04-14T09:33:36.292Z]      ✅ Jurnal Penjualan OK
[2026-04-14T09:33:36.590Z]      ✅ Jurnal Uang Masuk OK (tanggal 09/08/2025)
[2026-04-14T09:33:39.592Z] 
[144/390] Memproses 2025-08-09 - LA.PIAZZA...
[2026-04-14T09:33:39.843Z]      📡 Mengambil data dari Quinos...
[2026-04-14T09:33:43.280Z]      ✅ Jurnal Penjualan OK
[2026-04-14T09:33:43.706Z]      ✅ Jurnal Uang Masuk OK (tanggal 10/08/2025)
[2026-04-14T09:33:46.708Z] 
[145/390] Memproses 2025-08-10 - LA.PIAZZA...
[2026-04-14T09:33:47.010Z]      📡 Mengambil data dari Quinos...
[2026-04-14T09:33:50.479Z]      ✅ Jurnal Penjualan OK
[2026-04-14T09:33:50.840Z]      ✅ Jurnal Uang Masuk OK (tanggal 11/08/2025)
[2026-04-14T09:33:53.841Z] 
[146/390] Memproses 2025-08-11 - LA.PIAZZA...
[2026-04-14T09:33:54.081Z]      📡 Mengambil data dari Quinos...
[2026-04-14T09:33:57.430Z]      ✅ Jurnal Penjualan OK
[2026-04-14T09:33:57.936Z]      ✅ Jurnal Uang Masuk OK (tanggal 12/08/2025)
[2026-04-14T09:34:00.938Z] 
[147/390] Memproses 2025-08-12 - LA.PIAZZA...
[2026-04-14T09:34:01.194Z]      📡 Mengambil data dari Quinos...
[2026-04-14T09:34:04.634Z]      ✅ Jurnal Penjualan OK
[2026-04-14T09:34:05.182Z]      ✅ Jurnal Uang Masuk OK (tanggal 13/08/2025)
[2026-04-14T09:34:08.184Z] 
[148/390] Memproses 2025-08-13 - LA.PIAZZA...
[2026-04-14T09:34:08.531Z]      📡 Mengambil data dari Quinos...
[2026-04-14T09:34:12.471Z] 
     🛑 [INVESTIGASI] KETIDAKSEIMBANGAN TERDETEKSI (> 15.000)
[2026-04-14T09:34:12.471Z]      Tanggal: 2025-08-13 | Toko: LA.PIAZZA
[2026-04-14T09:34:12.471Z]      Total Penjualan (POS Quinos): Rp 11.126.679,612
[2026-04-14T09:34:12.471Z]      Total Pembayaran (POS Quinos): Rp 11.384.890
[2026-04-14T09:34:12.471Z]      Selisih Jurnal: Rp 389.610,388
[2026-04-14T09:34:12.471Z]      --------------------------------------------------
[2026-04-14T09:34:12.471Z]      [ANALISA PEMBAYARAN VS BANK]
[2026-04-14T09:34:12.471Z]      - KREDIT BCA: POS (Rp 3.781.470) vs Bank (Rp 3.706.830) | Selisih: Rp 74.640
[2026-04-14T09:34:12.471Z]      - DEBIT BCA : POS (Rp 1.088.010) vs Bank (Rp 1.084.306,5) | Selisih: Rp 3.703,5
[2026-04-14T09:34:12.471Z]      - QRIS BCA  : POS (Rp 6.515.410) vs Bank (Rp 6.469.802,14) | Selisih: Rp 45.607,86
[2026-04-14T09:34:12.471Z]      --------------------------------------------------
[2026-04-14T09:34:12.471Z]      [SEMUA KODE PEMBAYARAN RAW DARI QUINOS]
[2026-04-14T09:34:12.471Z]      - "QRIS                        " Rp    6.515.410  ✓ → payment_qris
[2026-04-14T09:34:12.472Z]      - "CREDIT BCA                  " Rp    3.781.470  ✓ → payment_credit_bca
[2026-04-14T09:34:12.472Z]      - "DEBIT BCA                   " Rp    1.088.010  ✓ → payment_debit_bca
[2026-04-14T09:34:12.472Z]      --------------------------------------------------
[2026-04-14T09:34:12.472Z]      KESIMPULAN: Selisih Rp 389.610,388 ini terlalu besar untuk auto-balance.
[2026-04-14T09:34:12.472Z]      KEMUNGKINAN: Kasir salah input tipe pembayaran di Quinos, atau ada transaksi Quinos yang belum di-input (Under-reporting).

[2026-04-14T09:34:12.472Z] [ERROR]      ❌ Skipped: Jurnal Penjualan tidak seimbang (Selisih Rp 389.610,388). Harap cek rincian investigasi di atas.
[2026-04-14T09:34:15.741Z] 
[149/390] Memproses 2025-08-14 - LA.PIAZZA...
[2026-04-14T09:34:16.105Z]      📡 Mengambil data dari Quinos...
[2026-04-14T09:34:19.271Z]      ✅ Jurnal Penjualan OK
[2026-04-14T09:34:19.701Z]      ✅ Jurnal Uang Masuk OK (tanggal 15/08/2025)
[2026-04-14T09:34:22.702Z] 
[150/390] Memproses 2025-08-15 - LA.PIAZZA...
[2026-04-14T09:34:22.956Z]      📡 Mengambil data dari Quinos...
[2026-04-14T09:34:25.898Z] 
     🛑 [INVESTIGASI] KETIDAKSEIMBANGAN TERDETEKSI (> 15.000)
[2026-04-14T09:34:25.898Z]      Tanggal: 2025-08-15 | Toko: LA.PIAZZA
[2026-04-14T09:34:25.898Z]      Total Penjualan (POS Quinos): Rp 15.009.649,8
[2026-04-14T09:34:25.898Z]      Total Pembayaran (POS Quinos): Rp 15.127.055
[2026-04-14T09:34:25.898Z]      Selisih Jurnal: Rp 194.805,2
[2026-04-14T09:34:25.898Z]      --------------------------------------------------
[2026-04-14T09:34:25.898Z]      [ANALISA PEMBAYARAN VS BANK]
[2026-04-14T09:34:25.898Z]      - KREDIT BCA: POS (Rp 4.033.745) vs Bank (Rp 3.953.070) | Selisih: Rp 80.675
[2026-04-14T09:34:25.898Z]      - DEBIT BCA : POS (Rp 1.078.315) vs Bank (Rp 1.076.697,54) | Selisih: Rp 1.617,46
[2026-04-14T09:34:25.898Z]      - QRIS BCA  : POS (Rp 8.953.640) vs Bank (Rp 8.890.965,53) | Selisih: Rp 62.674,47
[2026-04-14T09:34:25.898Z]      --------------------------------------------------
[2026-04-14T09:34:25.898Z]      [SEMUA KODE PEMBAYARAN RAW DARI QUINOS]
[2026-04-14T09:34:25.898Z]      - "QRIS                        " Rp    8.953.640  ✓ → payment_qris
[2026-04-14T09:34:25.898Z]      - "CREDIT BCA                  " Rp    4.033.745  ✓ → payment_credit_bca
[2026-04-14T09:34:25.898Z]      - "DEBIT BCA                   " Rp    1.078.315  ✓ → payment_debit_bca
[2026-04-14T09:34:25.898Z]      - "TRANSFER                    " Rp      660.000  ✓ → payment_transfer
[2026-04-14T09:34:25.898Z]      - "STRADA + REWARD             " Rp      191.255  ✓ → payment_strada_reward
[2026-04-14T09:34:25.898Z]      - "OVO                         " Rp      113.300  ✓ → payment_ovo
[2026-04-14T09:34:25.899Z]      - "GOBIZ                       " Rp       96.800  ✓ → payment_gobiz
[2026-04-14T09:34:25.899Z]      --------------------------------------------------
[2026-04-14T09:34:25.899Z]      KESIMPULAN: Selisih Rp 194.805,2 ini terlalu besar untuk auto-balance.
[2026-04-14T09:34:25.899Z]      KEMUNGKINAN: Kasir salah input tipe pembayaran di Quinos, atau ada transaksi Quinos yang belum di-input (Under-reporting).

[2026-04-14T09:34:25.899Z] [ERROR]      ❌ Skipped: Jurnal Penjualan tidak seimbang (Selisih Rp 194.805,2). Harap cek rincian investigasi di atas.
[2026-04-14T09:34:26.003Z] 
════════════════════════════════════════════════════════════════════════
[2026-04-14T09:34:26.003Z] === LAPORAN PROGRES [150/390 — 38%] ===
[2026-04-14T09:34:26.003Z] ────────────────────────────────────────────────────────────────────────
[2026-04-14T09:34:26.003Z]   Diproses  : 150 dari 390 (38%)
[2026-04-14T09:34:26.003Z]   ✅ Sukses  : 145
[2026-04-14T09:34:26.003Z]   ⏭️  Dilewati: 1
[2026-04-14T09:34:26.003Z]   ❌ Error   : 4
[2026-04-14T09:34:26.003Z]        • Jurnal Tidak Seimbang: 4x
[2026-04-14T09:34:26.003Z] ────────────────────────────────────────────────────────────────────────
[2026-04-14T09:34:26.003Z]   Detail Error:
[2026-04-14T09:34:26.003Z]     [2025-04-19] LA.PIAZZA        | Penjualan    | Jurnal Tidak Seimbang
[2026-04-14T09:34:26.003Z]     [2025-05-24] LA.PIAZZA        | Penjualan    | Jurnal Tidak Seimbang
[2026-04-14T09:34:26.003Z]     [2025-08-13] LA.PIAZZA        | Penjualan    | Jurnal Tidak Seimbang
[2026-04-14T09:34:26.003Z]     [2025-08-15] LA.PIAZZA        | Penjualan    | Jurnal Tidak Seimbang
[2026-04-14T09:34:26.004Z] ════════════════════════════════════════════════════════════════════════

[2026-04-14T09:34:29.005Z] 
[151/390] Memproses 2025-08-16 - LA.PIAZZA...
[2026-04-14T09:34:29.504Z]      📡 Mengambil data dari Quinos...
[2026-04-14T09:34:32.178Z] 
     🛑 [INVESTIGASI] KETIDAKSEIMBANGAN TERDETEKSI (> 15.000)
[2026-04-14T09:34:32.178Z]      Tanggal: 2025-08-16 | Toko: LA.PIAZZA
[2026-04-14T09:34:32.178Z]      Total Penjualan (POS Quinos): Rp 20.503.664,604
[2026-04-14T09:34:32.178Z]      Total Pembayaran (POS Quinos): Rp 20.842.275
[2026-04-14T09:34:32.178Z]      Selisih Jurnal: Rp 389.610,396
[2026-04-14T09:34:32.178Z]      --------------------------------------------------
[2026-04-14T09:34:32.178Z]      [ANALISA PEMBAYARAN VS BANK]
[2026-04-14T09:34:32.178Z]      - KREDIT BCA: POS (Rp 5.118.505) vs Bank (Rp 5.016.938) | Selisih: Rp 101.567
[2026-04-14T09:34:32.178Z]      - DEBIT BCA : POS (Rp 2.976.090) vs Bank (Rp 2.962.384,63) | Selisih: Rp 13.705,37
[2026-04-14T09:34:32.178Z]      - QRIS BCA  : POS (Rp 12.625.580) vs Bank (Rp 12.537.200,95) | Selisih: Rp 88.379,05
[2026-04-14T09:34:32.178Z]      --------------------------------------------------
[2026-04-14T09:34:32.178Z]      [SEMUA KODE PEMBAYARAN RAW DARI QUINOS]
[2026-04-14T09:34:32.178Z]      - "QRIS                        " Rp   12.625.580  ✓ → payment_qris
[2026-04-14T09:34:32.178Z]      - "CREDIT BCA                  " Rp    5.118.505  ✓ → payment_credit_bca
[2026-04-14T09:34:32.179Z]      - "DEBIT BCA                   " Rp    2.976.090  ✓ → payment_debit_bca
[2026-04-14T09:34:32.179Z]      - "GOBIZ                       " Rp       66.000  ✓ → payment_gobiz
[2026-04-14T09:34:32.179Z]      - "OVO                         " Rp       56.100  ✓ → payment_ovo
[2026-04-14T09:34:32.179Z]      --------------------------------------------------
[2026-04-14T09:34:32.179Z]      KESIMPULAN: Selisih Rp 389.610,396 ini terlalu besar untuk auto-balance.
[2026-04-14T09:34:32.179Z]      KEMUNGKINAN: Kasir salah input tipe pembayaran di Quinos, atau ada transaksi Quinos yang belum di-input (Under-reporting).

[2026-04-14T09:34:32.179Z] [ERROR]      ❌ Skipped: Jurnal Penjualan tidak seimbang (Selisih Rp 389.610,396). Harap cek rincian investigasi di atas.
[2026-04-14T09:34:35.232Z] 
[152/390] Memproses 2025-08-17 - LA.PIAZZA...
[2026-04-14T09:34:35.526Z]      📡 Mengambil data dari Quinos...
[2026-04-14T09:34:38.496Z]      ⚖️ Auto-balancing applied: Pembulatan Rp 0.08
[2026-04-14T09:34:39.175Z]      ✅ Jurnal Penjualan OK
[2026-04-14T09:34:39.660Z]      ✅ Jurnal Uang Masuk OK (tanggal 18/08/2025)
[2026-04-14T09:34:42.662Z] 
[153/390] Memproses 2025-08-18 - LA.PIAZZA...
[2026-04-14T09:34:43.000Z]      📡 Mengambil data dari Quinos...
[2026-04-14T09:34:45.941Z]      ⚖️ Auto-balancing applied: Pembulatan Rp 0.46
[2026-04-14T09:34:45.941Z] 
     🛑 [DEBUG] RINCIAN JURNAL YANG TIDAK SEIMBANG (BREW - PENJUALAN STRADA LA.PIAZZA 18/08/2025)
[2026-04-14T09:34:45.941Z]      Total Debit: 17476315.45
[2026-04-14T09:34:45.941Z]      Total Credit: 17476315.46
[2026-04-14T09:34:45.941Z]      Selisih: 0.010000001639127731
[2026-04-14T09:34:45.941Z]      Baris Jurnal:
[2026-04-14T09:34:45.942Z]        - [DEBIT ] 1100.01: 4549065
[2026-04-14T09:34:45.942Z]        - [DEBIT ] 1100.01: 1826055
[2026-04-14T09:34:45.942Z]        - [DEBIT ] 1100.01: 10461950
[2026-04-14T09:34:45.942Z]        - [DEBIT ] 4000.96.04: 155050
[2026-04-14T09:34:45.942Z]        - [DEBIT ] 1100.21: 205300
[2026-04-14T09:34:45.942Z]        - [DEBIT ] 4000.96.01: 278895.45
[2026-04-14T09:34:45.942Z]        - [CREDIT] 4000.01.02: 10225636.36
[2026-04-14T09:34:45.942Z]        - [CREDIT] 4000.01.10: 65000
[2026-04-14T09:34:45.942Z]        - [CREDIT] 4000.01.01: 4055303.03
[2026-04-14T09:34:45.942Z]        - [CREDIT] 4000.01.16: 327000
[2026-04-14T09:34:45.942Z]        - [CREDIT] 4000.01.01: 297000
[2026-04-14T09:34:45.942Z]        - [CREDIT] 4000.01.13: 230000
[2026-04-14T09:34:45.942Z]        - [CREDIT] 2002.04.01: 735346.97
[2026-04-14T09:34:45.942Z]        - [CREDIT] 2002.03.02: 1541028.64
[2026-04-14T09:34:45.942Z]        - [CREDIT] 7200.02: 0.46
[2026-04-14T09:34:45.942Z] 
[2026-04-14T09:34:45.943Z] [ERROR]      ❌ ERROR: Jurnal tidak balance secara internal! D: 17476315.45, C: 17476315.46 (Selisih: 0.010000001639127731)
[2026-04-14T09:34:48.945Z] 
[154/390] Memproses 2025-08-19 - LA.PIAZZA...
[2026-04-14T09:34:49.230Z]      📡 Mengambil data dari Quinos...
[2026-04-14T09:34:52.462Z]      ✅ Jurnal Penjualan OK
[2026-04-14T09:34:52.881Z]      ✅ Jurnal Uang Masuk OK (tanggal 20/08/2025)
[2026-04-14T09:34:55.882Z] 
[155/390] Memproses 2025-08-20 - LA.PIAZZA...
[2026-04-14T09:34:56.163Z]      📡 Mengambil data dari Quinos...
[2026-04-14T09:34:58.821Z] 
     🛑 [INVESTIGASI] KETIDAKSEIMBANGAN TERDETEKSI (> 15.000)
[2026-04-14T09:34:58.821Z]      Tanggal: 2025-08-20 | Toko: LA.PIAZZA
[2026-04-14T09:34:58.821Z]      Total Penjualan (POS Quinos): Rp 15.709.279,806
[2026-04-14T09:34:58.821Z]      Total Pembayaran (POS Quinos): Rp 15.872.585
[2026-04-14T09:34:58.821Z]      Selisih Jurnal: Rp 194.805,194
[2026-04-14T09:34:58.821Z]      --------------------------------------------------
[2026-04-14T09:34:58.821Z]      [ANALISA PEMBAYARAN VS BANK]
[2026-04-14T09:34:58.821Z]      - KREDIT BCA: POS (Rp 4.920.605) vs Bank (Rp 4.822.126) | Selisih: Rp 98.479
[2026-04-14T09:34:58.821Z]      - DEBIT BCA : POS (Rp 1.572.290) vs Bank (Rp 1.561.652,57) | Selisih: Rp 10.637,43
[2026-04-14T09:34:58.822Z]      - QRIS BCA  : POS (Rp 8.551.285) vs Bank (Rp 8.491.177,77) | Selisih: Rp 60.107,23
[2026-04-14T09:34:58.822Z]      --------------------------------------------------
[2026-04-14T09:34:58.822Z]      [SEMUA KODE PEMBAYARAN RAW DARI QUINOS]
[2026-04-14T09:34:58.822Z]      - "QRIS                        " Rp    8.551.285  ✓ → payment_qris
[2026-04-14T09:34:58.822Z]      - "CREDIT BCA                  " Rp    4.920.605  ✓ → payment_credit_bca
[2026-04-14T09:34:58.822Z]      - "DEBIT BCA                   " Rp    1.572.290  ✓ → payment_debit_bca
[2026-04-14T09:34:58.822Z]      - "TRANSFER                    " Rp      500.000  ✓ → payment_transfer
[2026-04-14T09:34:58.822Z]      - "OVO                         " Rp      169.400  ✓ → payment_ovo
[2026-04-14T09:34:58.822Z]      - "GOBIZ                       " Rp      123.200  ✓ → payment_gobiz
[2026-04-14T09:34:58.822Z]      - "STRADA + REWARD             " Rp       35.805  ✓ → payment_strada_reward
[2026-04-14T09:34:58.822Z]      --------------------------------------------------
[2026-04-14T09:34:58.822Z]      KESIMPULAN: Selisih Rp 194.805,194 ini terlalu besar untuk auto-balance.
[2026-04-14T09:34:58.822Z]      KEMUNGKINAN: Kasir salah input tipe pembayaran di Quinos, atau ada transaksi Quinos yang belum di-input (Under-reporting).

[2026-04-14T09:34:58.822Z] [ERROR]      ❌ Skipped: Jurnal Penjualan tidak seimbang (Selisih Rp 194.805,194). Harap cek rincian investigasi di atas.
[2026-04-14T09:35:02.271Z] 
[156/390] Memproses 2025-08-21 - LA.PIAZZA...
[2026-04-14T09:35:02.509Z]      📡 Mengambil data dari Quinos...
[2026-04-14T09:35:05.809Z] 
     🛑 [DEBUG] ACCURATE REJECTED PAYLOAD (BREW - PENJUALAN STRADA LA.PIAZZA 21/08/2025)
[2026-04-14T09:35:05.809Z]      Total Debit Internal: 10788790
[2026-04-14T09:35:05.809Z]      Total Credit Internal: 10788789.99
[2026-04-14T09:35:05.809Z]      Baris Jurnal:
[2026-04-14T09:35:05.809Z]        - [DEBIT ] 1100.01: 2133135
[2026-04-14T09:35:05.810Z]        - [DEBIT ] 1100.01: 3270080
[2026-04-14T09:35:05.810Z]        - [DEBIT ] 1100.06: 94600
[2026-04-14T09:35:05.810Z]        - [DEBIT ] 1100.01: 4838775
[2026-04-14T09:35:05.810Z]        - [DEBIT ] 4000.96.04: 268350
[2026-04-14T09:35:05.810Z]        - [DEBIT ] 1100.21: 150700
[2026-04-14T09:35:05.810Z]        - [DEBIT ] 4000.96.01: 33150
[2026-04-14T09:35:05.810Z]        - [CREDIT] 4000.01.02: 5861030.3
[2026-04-14T09:35:05.810Z]        - [CREDIT] 4000.01.01: 3144212.12
[2026-04-14T09:35:05.810Z]        - [CREDIT] 4000.01.13: 400000
[2026-04-14T09:35:05.810Z]        - [CREDIT] 2002.04.01: 439112.12
[2026-04-14T09:35:05.810Z]        - [CREDIT] 2002.03.02: 944435.45
[2026-04-14T09:35:05.810Z] 
[2026-04-14T09:35:05.810Z] [ERROR]      ❌ ERROR: Accurate Reject: Jurnal yang anda masukkan tidak seimbang antara debit dengan kredit
[2026-04-14T09:35:08.813Z] 
[157/390] Memproses 2025-08-22 - LA.PIAZZA...
[2026-04-14T09:35:09.088Z]      📡 Mengambil data dari Quinos...
[2026-04-14T09:35:11.958Z] 
     🛑 [DEBUG] RINCIAN JURNAL YANG TIDAK SEIMBANG (BREW - PENJUALAN STRADA LA.PIAZZA 22/08/2025)
[2026-04-14T09:35:11.958Z]      Total Debit: 18571255
[2026-04-14T09:35:11.958Z]      Total Credit: 18571254.99
[2026-04-14T09:35:11.958Z]      Selisih: 0.010000001639127731
[2026-04-14T09:35:11.958Z]      Baris Jurnal:
[2026-04-14T09:35:11.958Z]        - [DEBIT ] 1100.01: 3752010
[2026-04-14T09:35:11.958Z]        - [DEBIT ] 1100.01: 3039995
[2026-04-14T09:35:11.958Z]        - [DEBIT ] 1100.06: 136400
[2026-04-14T09:35:11.958Z]        - [DEBIT ] 1100.01: 11309800
[2026-04-14T09:35:11.958Z]        - [DEBIT ] 4000.96.04: 53150
[2026-04-14T09:35:11.958Z]        - [DEBIT ] 1100.21: 201300
[2026-04-14T09:35:11.958Z]        - [DEBIT ] 4000.96.01: 78600
[2026-04-14T09:35:11.958Z]        - [CREDIT] 4000.01.02: 10078848.48
[2026-04-14T09:35:11.958Z]        - [CREDIT] 4000.01.10: 486000
[2026-04-14T09:35:11.958Z]        - [CREDIT] 4000.01.01: 4896000
[2026-04-14T09:35:11.958Z]        - [CREDIT] 4000.01.16: 400000
[2026-04-14T09:35:11.958Z]        - [CREDIT] 4000.01.01: 198000
[2026-04-14T09:35:11.958Z]        - [CREDIT] 4000.01.13: 110000
[2026-04-14T09:35:11.958Z]        - [CREDIT] 2002.04.01: 768292.42
[2026-04-14T09:35:11.958Z]        - [CREDIT] 2002.03.02: 1634114.09
[2026-04-14T09:35:11.958Z] 
[2026-04-14T09:35:11.958Z] [ERROR]      ❌ ERROR: Jurnal tidak balance secara internal! D: 18571255, C: 18571254.99 (Selisih: 0.010000001639127731)
[2026-04-14T09:35:14.960Z] 
[158/390] Memproses 2025-08-23 - LA.PIAZZA...
[2026-04-14T09:35:15.301Z]      📡 Mengambil data dari Quinos...
[2026-04-14T09:35:19.121Z]      ⚖️ Auto-balancing applied: Pembulatan Rp 0.02
[2026-04-14T09:35:19.121Z] 
     🛑 [DEBUG] RINCIAN JURNAL YANG TIDAK SEIMBANG (BREW - PENJUALAN STRADA LA.PIAZZA 23/08/2025)
[2026-04-14T09:35:19.122Z]      Total Debit: 28648540
[2026-04-14T09:35:19.122Z]      Total Credit: 28648540.01
[2026-04-14T09:35:19.122Z]      Selisih: 0.010000001639127731
[2026-04-14T09:35:19.122Z]      Baris Jurnal:
[2026-04-14T09:35:19.122Z]        - [DEBIT ] 4000.96.03: 50000
[2026-04-14T09:35:19.122Z]        - [DEBIT ] 2002.01.01: 200000
[2026-04-14T09:35:19.122Z]        - [DEBIT ] 1100.01: 3322715
[2026-04-14T09:35:19.122Z]        - [DEBIT ] 1100.01: 4782880
[2026-04-14T09:35:19.122Z]        - [DEBIT ] 1100.06: 83600
[2026-04-14T09:35:19.122Z]        - [DEBIT ] 1100.01: 19976145
[2026-04-14T09:35:19.122Z]        - [DEBIT ] 1100.21: 159100
[2026-04-14T09:35:19.122Z]        - [DEBIT ] 4000.96.01: 74100
[2026-04-14T09:35:19.122Z]        - [CREDIT] 4000.01.02: 17356727.26
[2026-04-14T09:35:19.122Z]        - [CREDIT] 4000.01.10: 796000
[2026-04-14T09:35:19.122Z]        - [CREDIT] 4000.01.01: 6226606.06
[2026-04-14T09:35:19.122Z]        - [CREDIT] 4000.01.16: 510000
[2026-04-14T09:35:19.122Z]        - [CREDIT] 4000.01.13: 50000
[2026-04-14T09:35:19.122Z]        - [CREDIT] 2002.04.01: 1193066.67
[2026-04-14T09:35:19.122Z]        - [CREDIT] 2002.03.02: 2516140
[2026-04-14T09:35:19.122Z]        - [CREDIT] 7200.02: 0.02
[2026-04-14T09:35:19.122Z] 
[2026-04-14T09:35:19.122Z] [ERROR]      ❌ ERROR: Jurnal tidak balance secara internal! D: 28648540, C: 28648540.01 (Selisih: 0.010000001639127731)
[2026-04-14T09:35:22.124Z] 
[159/390] Memproses 2025-08-24 - LA.PIAZZA...
[2026-04-14T09:35:22.385Z]      📡 Mengambil data dari Quinos...
[2026-04-14T09:35:25.267Z]      ⚖️ Auto-balancing applied: Pembulatan Rp 0.02
[2026-04-14T09:35:25.267Z] 
     🛑 [DEBUG] RINCIAN JURNAL YANG TIDAK SEIMBANG (BREW - PENJUALAN STRADA LA.PIAZZA 24/08/2025)
[2026-04-14T09:35:25.267Z]      Total Debit: 23055305
[2026-04-14T09:35:25.267Z]      Total Credit: 23055305.01
[2026-04-14T09:35:25.267Z]      Selisih: 0.010000001639127731
[2026-04-14T09:35:25.267Z]      Baris Jurnal:
[2026-04-14T09:35:25.267Z]        - [DEBIT ] 1100.01: 4872060
[2026-04-14T09:35:25.272Z]        - [DEBIT ] 1100.01: 4091135
[2026-04-14T09:35:25.272Z]        - [DEBIT ] 1100.06: 389400
[2026-04-14T09:35:25.272Z]        - [DEBIT ] 1100.01: 13546610
[2026-04-14T09:35:25.272Z]        - [DEBIT ] 1100.21: 38500
[2026-04-14T09:35:25.272Z]        - [DEBIT ] 4000.96.01: 117600
[2026-04-14T09:35:25.272Z]        - [CREDIT] 4000.01.02: 13433727.26
[2026-04-14T09:35:25.272Z]        - [CREDIT] 4000.01.10: 400000
[2026-04-14T09:35:25.272Z]        - [CREDIT] 4000.01.01: 5819909.09
[2026-04-14T09:35:25.272Z]        - [CREDIT] 4000.01.16: 250000
[2026-04-14T09:35:25.272Z]        - [CREDIT] 4000.01.13: 150000
[2026-04-14T09:35:25.272Z]        - [CREDIT] 2002.04.01: 955731.82
[2026-04-14T09:35:25.272Z]        - [CREDIT] 2002.03.02: 2045936.82
[2026-04-14T09:35:25.272Z]        - [CREDIT] 7200.02: 0.02
[2026-04-14T09:35:25.274Z] 
[2026-04-14T09:35:25.274Z] [ERROR]      ❌ ERROR: Jurnal tidak balance secara internal! D: 23055305, C: 23055305.01 (Selisih: 0.010000001639127731)
[2026-04-14T09:35:28.276Z] 
[160/390] Memproses 2025-08-25 - LA.PIAZZA...
[2026-04-14T09:35:28.513Z]      📡 Mengambil data dari Quinos...
[2026-04-14T09:35:31.631Z]      ✅ Jurnal Penjualan OK
[2026-04-14T09:35:32.147Z]      ✅ Jurnal Uang Masuk OK (tanggal 26/08/2025)
[2026-04-14T09:35:32.147Z] 
════════════════════════════════════════════════════════════════════════
[2026-04-14T09:35:32.147Z] === LAPORAN PROGRES [160/390 — 41%] ===
[2026-04-14T09:35:32.147Z] ────────────────────────────────────────────────────────────────────────
[2026-04-14T09:35:32.147Z]   Diproses  : 160 dari 390 (41%)
[2026-04-14T09:35:32.147Z]   ✅ Sukses  : 148
[2026-04-14T09:35:32.147Z]   ⏭️  Dilewati: 1
[2026-04-14T09:35:32.147Z]   ❌ Error   : 11
[2026-04-14T09:35:32.147Z]        • Jurnal Tidak Seimbang: 10x
[2026-04-14T09:35:32.147Z]        • Ditolak Accurate: 1x
[2026-04-14T09:35:32.147Z] ────────────────────────────────────────────────────────────────────────
[2026-04-14T09:35:32.147Z]   Detail Error:
[2026-04-14T09:35:32.147Z]     [2025-04-19] LA.PIAZZA        | Penjualan    | Jurnal Tidak Seimbang
[2026-04-14T09:35:32.147Z]     [2025-05-24] LA.PIAZZA        | Penjualan    | Jurnal Tidak Seimbang
[2026-04-14T09:35:32.147Z]     [2025-08-13] LA.PIAZZA        | Penjualan    | Jurnal Tidak Seimbang
[2026-04-14T09:35:32.147Z]     [2025-08-15] LA.PIAZZA        | Penjualan    | Jurnal Tidak Seimbang
[2026-04-14T09:35:32.147Z]     [2025-08-16] LA.PIAZZA        | Penjualan    | Jurnal Tidak Seimbang
[2026-04-14T09:35:32.148Z]     [2025-08-18] LA.PIAZZA        | Penjualan    | Jurnal Tidak Seimbang
[2026-04-14T09:35:32.148Z]     [2025-08-20] LA.PIAZZA        | Penjualan    | Jurnal Tidak Seimbang
[2026-04-14T09:35:32.148Z]     [2025-08-21] LA.PIAZZA        | Penjualan    | Ditolak Accurate
[2026-04-14T09:35:32.148Z]     [2025-08-22] LA.PIAZZA        | Penjualan    | Jurnal Tidak Seimbang
[2026-04-14T09:35:32.148Z]     [2025-08-23] LA.PIAZZA        | Penjualan    | Jurnal Tidak Seimbang
[2026-04-14T09:35:32.148Z]     [2025-08-24] LA.PIAZZA        | Penjualan    | Jurnal Tidak Seimbang
[2026-04-14T09:35:32.148Z] ════════════════════════════════════════════════════════════════════════

[2026-04-14T09:35:35.149Z] 
[161/390] Memproses 2025-08-26 - LA.PIAZZA...
[2026-04-14T09:35:35.478Z]      📡 Mengambil data dari Quinos...
[2026-04-14T09:35:38.205Z] 
     🛑 [INVESTIGASI] KETIDAKSEIMBANGAN TERDETEKSI (> 15.000)
[2026-04-14T09:35:38.205Z]      Tanggal: 2025-08-26 | Toko: LA.PIAZZA
[2026-04-14T09:35:38.205Z]      Total Penjualan (POS Quinos): Rp 12.416.854,609
[2026-04-14T09:35:38.205Z]      Total Pembayaran (POS Quinos): Rp 12.756.665
[2026-04-14T09:35:38.205Z]      Selisih Jurnal: Rp 389.610,391
[2026-04-14T09:35:38.205Z]      --------------------------------------------------
[2026-04-14T09:35:38.205Z]      [ANALISA PEMBAYARAN VS BANK]
[2026-04-14T09:35:38.205Z]      - KREDIT BCA: POS (Rp 4.246.685) vs Bank (Rp 4.162.130) | Selisih: Rp 84.555
[2026-04-14T09:35:38.205Z]      - DEBIT BCA : POS (Rp 1.628.340) vs Bank (Rp 1.622.414,07) | Selisih: Rp 5.925,93
[2026-04-14T09:35:38.205Z]      - QRIS BCA  : POS (Rp 6.290.240) vs Bank (Rp 6.246.208,34) | Selisih: Rp 44.031,66
[2026-04-14T09:35:38.205Z]      --------------------------------------------------
[2026-04-14T09:35:38.205Z]      [SEMUA KODE PEMBAYARAN RAW DARI QUINOS]
[2026-04-14T09:35:38.205Z]      - "QRIS                        " Rp    6.290.240  ✓ → payment_qris
[2026-04-14T09:35:38.205Z]      - "CREDIT BCA                  " Rp    4.246.685  ✓ → payment_credit_bca
[2026-04-14T09:35:38.205Z]      - "DEBIT BCA                   " Rp    1.628.340  ✓ → payment_debit_bca
[2026-04-14T09:35:38.205Z]      - "OVO                         " Rp      591.400  ✓ → payment_ovo
[2026-04-14T09:35:38.206Z]      --------------------------------------------------
[2026-04-14T09:35:38.206Z]      KESIMPULAN: Selisih Rp 389.610,391 ini terlalu besar untuk auto-balance.
[2026-04-14T09:35:38.206Z]      KEMUNGKINAN: Kasir salah input tipe pembayaran di Quinos, atau ada transaksi Quinos yang belum di-input (Under-reporting).

[2026-04-14T09:35:38.206Z] [ERROR]      ❌ Skipped: Jurnal Penjualan tidak seimbang (Selisih Rp 389.610,391). Harap cek rincian investigasi di atas.
[2026-04-14T09:35:41.323Z] 
[162/390] Memproses 2025-08-27 - LA.PIAZZA...
[2026-04-14T09:35:41.653Z]      📡 Mengambil data dari Quinos...
[2026-04-14T09:35:44.921Z]      ✅ Jurnal Penjualan OK
[2026-04-14T09:35:45.563Z]      ✅ Jurnal Uang Masuk OK (tanggal 28/08/2025)
[2026-04-14T09:35:48.564Z] 
[163/390] Memproses 2025-08-28 - LA.PIAZZA...
[2026-04-14T09:35:49.068Z]      📡 Mengambil data dari Quinos...
[2026-04-14T09:35:52.635Z]      ✅ Jurnal Penjualan OK
[2026-04-14T09:35:53.029Z]      ✅ Jurnal Uang Masuk OK (tanggal 29/08/2025)
[2026-04-14T09:35:56.031Z] 
[164/390] Memproses 2025-08-29 - LA.PIAZZA...
[2026-04-14T09:35:56.405Z]      📡 Mengambil data dari Quinos...
[2026-04-14T09:35:59.701Z]      ✅ Jurnal Penjualan OK
[2026-04-14T09:36:00.102Z]      ✅ Jurnal Uang Masuk OK (tanggal 30/08/2025)
[2026-04-14T09:36:03.103Z] 
[165/390] Memproses 2025-08-30 - LA.PIAZZA...
[2026-04-14T09:36:03.358Z]      📡 Mengambil data dari Quinos...
[2026-04-14T09:36:06.224Z]      ⚖️ Auto-balancing applied: Pembulatan Rp 0.01
[2026-04-14T09:36:06.893Z]      ✅ Jurnal Penjualan OK
[2026-04-14T09:36:07.372Z]      ✅ Jurnal Uang Masuk OK (tanggal 31/08/2025)
[2026-04-14T09:36:10.373Z] 
[166/390] Memproses 2025-08-31 - LA.PIAZZA...
[2026-04-14T09:36:10.656Z]      📡 Mengambil data dari Quinos...
[2026-04-14T09:36:14.490Z]      ✅ Jurnal Penjualan OK
[2026-04-14T09:36:14.952Z]      ✅ Jurnal Uang Masuk OK (tanggal 01/09/2025)
[2026-04-14T09:36:17.953Z] 
[167/390] Memproses 2025-09-01 - LA.PIAZZA...
[2026-04-14T09:36:18.197Z]      📡 Mengambil data dari Quinos...
[2026-04-14T09:36:21.404Z]      ✅ Jurnal Penjualan OK
[2026-04-14T09:36:21.913Z]      ✅ Jurnal Uang Masuk OK (tanggal 02/09/2025)
[2026-04-14T09:36:24.914Z] 
[168/390] Memproses 2025-09-02 - LA.PIAZZA...
[2026-04-14T09:36:25.221Z]      📡 Mengambil data dari Quinos...
[2026-04-14T09:36:28.639Z]      ✅ Jurnal Penjualan OK
[2026-04-14T09:36:29.185Z]      ✅ Jurnal Uang Masuk OK (tanggal 03/09/2025)
[2026-04-14T09:36:32.186Z] 
[169/390] Memproses 2025-09-03 - LA.PIAZZA...
[2026-04-14T09:36:32.423Z]      📡 Mengambil data dari Quinos...
[2026-04-14T09:36:35.470Z]      ✅ Jurnal Penjualan OK
[2026-04-14T09:36:35.860Z]      ✅ Jurnal Uang Masuk OK (tanggal 04/09/2025)
[2026-04-14T09:36:38.862Z] 
[170/390] Memproses 2025-09-04 - LA.PIAZZA...
[2026-04-14T09:36:39.176Z]      📡 Mengambil data dari Quinos...
[2026-04-14T09:36:41.952Z] 
     🛑 [DEBUG] RINCIAN JURNAL YANG TIDAK SEIMBANG (BREW - PENJUALAN STRADA LA.PIAZZA 04/09/2025)
[2026-04-14T09:36:41.952Z]      Total Debit: 21772720
[2026-04-14T09:36:41.952Z]      Total Credit: 21772719.99
[2026-04-14T09:36:41.952Z]      Selisih: 0.010000001639127731
[2026-04-14T09:36:41.952Z]      Baris Jurnal:
[2026-04-14T09:36:41.952Z]        - [DEBIT ] 1100.01: 2225165
[2026-04-14T09:36:41.952Z]        - [DEBIT ] 1100.01: 1662045
[2026-04-14T09:36:41.952Z]        - [DEBIT ] 1100.06: 338000
[2026-04-14T09:36:41.952Z]        - [DEBIT ] 1100.01: 16099305
[2026-04-14T09:36:41.952Z]        - [DEBIT ] 4000.96.04: 74805
[2026-04-14T09:36:41.952Z]        - [DEBIT ] 1100.21: 546700
[2026-04-14T09:36:41.952Z]        - [DEBIT ] 1000.02.01: 740000
[2026-04-14T09:36:41.952Z]        - [DEBIT ] 4000.96.01: 86700
[2026-04-14T09:36:41.952Z]        - [CREDIT] 4000.01.02: 9925727.27
[2026-04-14T09:36:41.952Z]        - [CREDIT] 4000.01.10: 959000
[2026-04-14T09:36:41.952Z]        - [CREDIT] 4000.01.01: 7921818.18
[2026-04-14T09:36:41.952Z]        - [CREDIT] 4000.01.16: 102000
[2026-04-14T09:36:41.952Z]        - [CREDIT] 4000.01.01: 99000
[2026-04-14T09:36:41.952Z]        - [CREDIT] 4000.01.13: 50000
[2026-04-14T09:36:41.952Z]        - [CREDIT] 2002.04.01: 861077.27
[2026-04-14T09:36:41.952Z]        - [CREDIT] 2002.03.02: 1854097.27
[2026-04-14T09:36:41.952Z] 
[2026-04-14T09:36:41.953Z] [ERROR]      ❌ ERROR: Jurnal tidak balance secara internal! D: 21772720, C: 21772719.99 (Selisih: 0.010000001639127731)
[2026-04-14T09:36:41.953Z] 
════════════════════════════════════════════════════════════════════════
[2026-04-14T09:36:41.953Z] === LAPORAN PROGRES [170/390 — 44%] ===
[2026-04-14T09:36:41.953Z] ────────────────────────────────────────────────────────────────────────
[2026-04-14T09:36:41.953Z]   Diproses  : 170 dari 390 (44%)
[2026-04-14T09:36:41.953Z]   ✅ Sukses  : 156
[2026-04-14T09:36:41.953Z]   ⏭️  Dilewati: 1
[2026-04-14T09:36:41.953Z]   ❌ Error   : 13
[2026-04-14T09:36:41.953Z]        • Jurnal Tidak Seimbang: 12x
[2026-04-14T09:36:41.953Z]        • Ditolak Accurate: 1x
[2026-04-14T09:36:41.953Z] ────────────────────────────────────────────────────────────────────────
[2026-04-14T09:36:41.953Z]   Detail Error:
[2026-04-14T09:36:41.953Z]     [2025-04-19] LA.PIAZZA        | Penjualan    | Jurnal Tidak Seimbang
[2026-04-14T09:36:41.953Z]     [2025-05-24] LA.PIAZZA        | Penjualan    | Jurnal Tidak Seimbang
[2026-04-14T09:36:41.953Z]     [2025-08-13] LA.PIAZZA        | Penjualan    | Jurnal Tidak Seimbang
[2026-04-14T09:36:41.953Z]     [2025-08-15] LA.PIAZZA        | Penjualan    | Jurnal Tidak Seimbang
[2026-04-14T09:36:41.953Z]     [2025-08-16] LA.PIAZZA        | Penjualan    | Jurnal Tidak Seimbang
[2026-04-14T09:36:41.953Z]     [2025-08-18] LA.PIAZZA        | Penjualan    | Jurnal Tidak Seimbang
[2026-04-14T09:36:41.953Z]     [2025-08-20] LA.PIAZZA        | Penjualan    | Jurnal Tidak Seimbang
[2026-04-14T09:36:41.953Z]     [2025-08-21] LA.PIAZZA        | Penjualan    | Ditolak Accurate
[2026-04-14T09:36:41.953Z]     [2025-08-22] LA.PIAZZA        | Penjualan    | Jurnal Tidak Seimbang
[2026-04-14T09:36:41.953Z]     [2025-08-23] LA.PIAZZA        | Penjualan    | Jurnal Tidak Seimbang
[2026-04-14T09:36:41.953Z]     [2025-08-24] LA.PIAZZA        | Penjualan    | Jurnal Tidak Seimbang
[2026-04-14T09:36:41.953Z]     [2025-08-26] LA.PIAZZA        | Penjualan    | Jurnal Tidak Seimbang
[2026-04-14T09:36:41.953Z]     [2025-09-04] LA.PIAZZA        | Penjualan    | Jurnal Tidak Seimbang
[2026-04-14T09:36:41.953Z] ════════════════════════════════════════════════════════════════════════

[2026-04-14T09:36:44.954Z] 
[171/390] Memproses 2025-09-05 - LA.PIAZZA...
[2026-04-14T09:36:45.262Z]      📡 Mengambil data dari Quinos...
[2026-04-14T09:36:48.360Z]      ✅ Jurnal Penjualan OK
[2026-04-14T09:36:49.152Z]      ✅ Jurnal Uang Masuk OK (tanggal 06/09/2025)
[2026-04-14T09:36:52.153Z] 
[172/390] Memproses 2025-09-06 - LA.PIAZZA...
[2026-04-14T09:36:52.562Z]      📡 Mengambil data dari Quinos...
[2026-04-14T09:36:55.374Z] 
     🛑 [DEBUG] RINCIAN JURNAL YANG TIDAK SEIMBANG (BREW - PENJUALAN STRADA LA.PIAZZA 06/09/2025)
[2026-04-14T09:36:55.374Z]      Total Debit: 19489070
[2026-04-14T09:36:55.374Z]      Total Credit: 19489069.99
[2026-04-14T09:36:55.374Z]      Selisih: 0.010000001639127731
[2026-04-14T09:36:55.374Z]      Baris Jurnal:
[2026-04-14T09:36:55.375Z]        - [DEBIT ] 1100.01: 4660300
[2026-04-14T09:36:55.375Z]        - [DEBIT ] 1100.01: 2273670
[2026-04-14T09:36:55.375Z]        - [DEBIT ] 1100.06: 49500
[2026-04-14T09:36:55.375Z]        - [DEBIT ] 1100.01: 12095605
[2026-04-14T09:36:55.375Z]        - [DEBIT ] 1100.21: 72600
[2026-04-14T09:36:55.375Z]        - [DEBIT ] 1000.01.01: 218295
[2026-04-14T09:36:55.375Z]        - [DEBIT ] 4000.96.01: 119100
[2026-04-14T09:36:55.375Z]        - [CREDIT] 4000.01.02: 11911757.57
[2026-04-14T09:36:55.375Z]        - [CREDIT] 4000.01.10: 348000
[2026-04-14T09:36:55.375Z]        - [CREDIT] 4000.01.01: 4239303.03
[2026-04-14T09:36:55.375Z]        - [CREDIT] 4000.01.16: 340000
[2026-04-14T09:36:55.375Z]        - [CREDIT] 4000.01.13: 100000
[2026-04-14T09:36:55.375Z]        - [CREDIT] 2002.04.01: 819003.03
[2026-04-14T09:36:55.375Z]        - [CREDIT] 2002.03.02: 1731006.36
[2026-04-14T09:36:55.375Z] 
[2026-04-14T09:36:55.375Z] [ERROR]      ❌ ERROR: Jurnal tidak balance secara internal! D: 19489070, C: 19489069.99 (Selisih: 0.010000001639127731)
[2026-04-14T09:36:58.377Z] 
[173/390] Memproses 2025-09-07 - LA.PIAZZA...
[2026-04-14T09:36:58.629Z]      📡 Mengambil data dari Quinos...
[2026-04-14T09:37:01.623Z] 
     🛑 [DEBUG] RINCIAN JURNAL YANG TIDAK SEIMBANG (BREW - PENJUALAN STRADA LA.PIAZZA 07/09/2025)
[2026-04-14T09:37:01.623Z]      Total Debit: 22748495
[2026-04-14T09:37:01.623Z]      Total Credit: 22748494.99
[2026-04-14T09:37:01.623Z]      Selisih: 0.010000001639127731
[2026-04-14T09:37:01.623Z]      Baris Jurnal:
[2026-04-14T09:37:01.623Z]        - [DEBIT ] 1100.01: 3693525
[2026-04-14T09:37:01.623Z]        - [DEBIT ] 1100.01: 3074755
[2026-04-14T09:37:01.623Z]        - [DEBIT ] 1100.06: 114400
[2026-04-14T09:37:01.623Z]        - [DEBIT ] 1100.01: 15653490
[2026-04-14T09:37:01.623Z]        - [DEBIT ] 4000.96.04: 40425
[2026-04-14T09:37:01.623Z]        - [DEBIT ] 4000.96.01: 171900
[2026-04-14T09:37:01.624Z]        - [CREDIT] 4000.01.02: 14235363.63
[2026-04-14T09:37:01.624Z]        - [CREDIT] 4000.01.10: 516000
[2026-04-14T09:37:01.624Z]        - [CREDIT] 4000.01.01: 4602212.12
[2026-04-14T09:37:01.624Z]        - [CREDIT] 4000.01.16: 373000
[2026-04-14T09:37:01.624Z]        - [CREDIT] 4000.01.13: 50000
[2026-04-14T09:37:01.624Z]        - [CREDIT] 2002.04.01: 955328.79
[2026-04-14T09:37:01.624Z]        - [CREDIT] 2002.03.02: 2016590.45
[2026-04-14T09:37:01.624Z] 
[2026-04-14T09:37:01.624Z] [ERROR]      ❌ ERROR: Jurnal tidak balance secara internal! D: 22748495, C: 22748494.99 (Selisih: 0.010000001639127731)
[2026-04-14T09:37:04.625Z] 
[174/390] Memproses 2025-09-08 - LA.PIAZZA...
[2026-04-14T09:37:05.187Z]      📡 Mengambil data dari Quinos...
[2026-04-14T09:37:08.520Z]      ✅ Jurnal Penjualan OK
[2026-04-14T09:37:08.848Z]      ✅ Jurnal Uang Masuk OK (tanggal 09/09/2025)
[2026-04-14T09:37:11.849Z] 
[175/390] Memproses 2025-09-09 - LA.PIAZZA...
[2026-04-14T09:37:12.231Z]      📡 Mengambil data dari Quinos...
[2026-04-14T09:37:16.093Z]      ✅ Jurnal Penjualan OK
[2026-04-14T09:37:16.419Z]      ✅ Jurnal Uang Masuk OK (tanggal 10/09/2025)
[2026-04-14T09:37:19.421Z] 
[176/390] Memproses 2025-09-10 - LA.PIAZZA...
[2026-04-14T09:37:19.724Z]      📡 Mengambil data dari Quinos...
[2026-04-14T09:37:22.707Z]      ✅ Jurnal Penjualan OK
[2026-04-14T09:37:23.075Z]      ✅ Jurnal Uang Masuk OK (tanggal 11/09/2025)
[2026-04-14T09:37:26.081Z] 
[177/390] Memproses 2025-09-11 - LA.PIAZZA...
[2026-04-14T09:37:26.447Z]      📡 Mengambil data dari Quinos...
[2026-04-14T09:37:30.012Z]      ✅ Jurnal Penjualan OK
[2026-04-14T09:37:30.618Z]      ✅ Jurnal Uang Masuk OK (tanggal 12/09/2025)
[2026-04-14T09:37:33.620Z] 
[178/390] Memproses 2025-09-12 - LA.PIAZZA...
[2026-04-14T09:37:33.860Z]      📡 Mengambil data dari Quinos...
[2026-04-14T09:37:37.050Z]      ✅ Jurnal Penjualan OK
[2026-04-14T09:37:37.476Z]      ✅ Jurnal Uang Masuk OK (tanggal 13/09/2025)
[2026-04-14T09:37:40.483Z] 
[179/390] Memproses 2025-09-13 - LA.PIAZZA...
[2026-04-14T09:37:40.826Z]      📡 Mengambil data dari Quinos...
[2026-04-14T09:37:43.605Z]      ⚖️ Auto-balancing applied: Pembulatan Rp 0.01
[2026-04-14T09:37:44.152Z]      ✅ Jurnal Penjualan OK
[2026-04-14T09:37:44.460Z]      ✅ Jurnal Uang Masuk OK (tanggal 14/09/2025)
[2026-04-14T09:37:47.461Z] 
[180/390] Memproses 2025-09-14 - LA.PIAZZA...
[2026-04-14T09:37:47.742Z]      📡 Mengambil data dari Quinos...
[2026-04-14T09:37:51.475Z]      ✅ Jurnal Penjualan OK
[2026-04-14T09:37:52.123Z]      ✅ Jurnal Uang Masuk OK (tanggal 15/09/2025)
[2026-04-14T09:37:52.123Z] 
════════════════════════════════════════════════════════════════════════
[2026-04-14T09:37:52.123Z] === LAPORAN PROGRES [180/390 — 46%] ===
[2026-04-14T09:37:52.123Z] ────────────────────────────────────────────────────────────────────────
[2026-04-14T09:37:52.123Z]   Diproses  : 180 dari 390 (46%)
[2026-04-14T09:37:52.123Z]   ✅ Sukses  : 164
[2026-04-14T09:37:52.123Z]   ⏭️  Dilewati: 1
[2026-04-14T09:37:52.123Z]   ❌ Error   : 15
[2026-04-14T09:37:52.123Z]        • Jurnal Tidak Seimbang: 14x
[2026-04-14T09:37:52.123Z]        • Ditolak Accurate: 1x
[2026-04-14T09:37:52.123Z] ────────────────────────────────────────────────────────────────────────
[2026-04-14T09:37:52.123Z]   Detail Error:
[2026-04-14T09:37:52.123Z]     [2025-04-19] LA.PIAZZA        | Penjualan    | Jurnal Tidak Seimbang
[2026-04-14T09:37:52.124Z]     [2025-05-24] LA.PIAZZA        | Penjualan    | Jurnal Tidak Seimbang
[2026-04-14T09:37:52.124Z]     [2025-08-13] LA.PIAZZA        | Penjualan    | Jurnal Tidak Seimbang
[2026-04-14T09:37:52.124Z]     [2025-08-15] LA.PIAZZA        | Penjualan    | Jurnal Tidak Seimbang
[2026-04-14T09:37:52.124Z]     [2025-08-16] LA.PIAZZA        | Penjualan    | Jurnal Tidak Seimbang
[2026-04-14T09:37:52.124Z]     [2025-08-18] LA.PIAZZA        | Penjualan    | Jurnal Tidak Seimbang
[2026-04-14T09:37:52.124Z]     [2025-08-20] LA.PIAZZA        | Penjualan    | Jurnal Tidak Seimbang
[2026-04-14T09:37:52.124Z]     [2025-08-21] LA.PIAZZA        | Penjualan    | Ditolak Accurate
[2026-04-14T09:37:52.124Z]     [2025-08-22] LA.PIAZZA        | Penjualan    | Jurnal Tidak Seimbang
[2026-04-14T09:37:52.124Z]     [2025-08-23] LA.PIAZZA        | Penjualan    | Jurnal Tidak Seimbang
[2026-04-14T09:37:52.124Z]     [2025-08-24] LA.PIAZZA        | Penjualan    | Jurnal Tidak Seimbang
[2026-04-14T09:37:52.124Z]     [2025-08-26] LA.PIAZZA        | Penjualan    | Jurnal Tidak Seimbang
[2026-04-14T09:37:52.124Z]     [2025-09-04] LA.PIAZZA        | Penjualan    | Jurnal Tidak Seimbang
[2026-04-14T09:37:52.124Z]     [2025-09-06] LA.PIAZZA        | Penjualan    | Jurnal Tidak Seimbang
[2026-04-14T09:37:52.124Z]     [2025-09-07] LA.PIAZZA        | Penjualan    | Jurnal Tidak Seimbang
[2026-04-14T09:37:52.124Z] ════════════════════════════════════════════════════════════════════════

[2026-04-14T09:37:55.125Z] 
[181/390] Memproses 2025-09-15 - LA.PIAZZA...
[2026-04-14T09:37:55.534Z]      📡 Mengambil data dari Quinos...
[2026-04-14T09:37:58.892Z]      ✅ Jurnal Penjualan OK
[2026-04-14T09:37:59.218Z]      ✅ Jurnal Uang Masuk OK (tanggal 16/09/2025)
[2026-04-14T09:38:02.221Z] 
[182/390] Memproses 2025-09-16 - LA.PIAZZA...
[2026-04-14T09:38:02.647Z]      📡 Mengambil data dari Quinos...
[2026-04-14T09:38:06.053Z]      ✅ Jurnal Penjualan OK
[2026-04-14T09:38:06.560Z]      ✅ Jurnal Uang Masuk OK (tanggal 17/09/2025)
[2026-04-14T09:38:09.562Z] 
[183/390] Memproses 2025-09-17 - LA.PIAZZA...
[2026-04-14T09:38:09.817Z]      📡 Mengambil data dari Quinos...
[2026-04-14T09:38:13.272Z]      ✅ Jurnal Penjualan OK
[2026-04-14T09:38:13.730Z]      ✅ Jurnal Uang Masuk OK (tanggal 18/09/2025)
[2026-04-14T09:38:16.730Z] 
[184/390] Memproses 2025-09-18 - LA.PIAZZA...
[2026-04-14T09:38:17.066Z]      📡 Mengambil data dari Quinos...
[2026-04-14T09:38:20.068Z]      ✅ Jurnal Penjualan OK
[2026-04-14T09:38:20.701Z]      ✅ Jurnal Uang Masuk OK (tanggal 19/09/2025)
[2026-04-14T09:38:23.703Z] 
[185/390] Memproses 2025-09-19 - LA.PIAZZA...
[2026-04-14T09:38:23.977Z]      📡 Mengambil data dari Quinos...
[2026-04-14T09:38:27.227Z] 
     🛑 [DEBUG] ACCURATE REJECTED PAYLOAD (BREW - PENJUALAN STRADA LA.PIAZZA 19/09/2025)
[2026-04-14T09:38:27.227Z]      Total Debit Internal: 15589590
[2026-04-14T09:38:27.227Z]      Total Credit Internal: 15589589.99
[2026-04-14T09:38:27.227Z]      Baris Jurnal:
[2026-04-14T09:38:27.227Z]        - [DEBIT ] 1100.01: 2374005
[2026-04-14T09:38:27.227Z]        - [DEBIT ] 1100.01: 2105585
[2026-04-14T09:38:27.227Z]        - [DEBIT ] 1100.06: 162800
[2026-04-14T09:38:27.227Z]        - [DEBIT ] 1100.01: 10850950
[2026-04-14T09:38:27.227Z]        - [DEBIT ] 4000.96.04: 14050
[2026-04-14T09:38:27.227Z]        - [DEBIT ] 4000.96.01: 82200
[2026-04-14T09:38:27.227Z]        - [CREDIT] 4000.01.02: 7460121.21
[2026-04-14T09:38:27.227Z]        - [CREDIT] 4000.01.10: 538000
[2026-04-14T09:38:27.227Z]        - [CREDIT] 4000.01.01: 5384606.06
[2026-04-14T09:38:27.228Z]        - [CREDIT] 4000.01.16: 194000
[2026-04-14T09:38:27.228Z]        - [CREDIT] 2002.04.01: 644536.36
[2026-04-14T09:38:27.228Z]        - [CREDIT] 2002.03.02: 1368326.36
[2026-04-14T09:38:27.228Z] 
[2026-04-14T09:38:27.228Z] [ERROR]      ❌ ERROR: Accurate Reject: Jurnal yang anda masukkan tidak seimbang antara debit dengan kredit
[2026-04-14T09:38:30.229Z] 
[186/390] Memproses 2025-09-20 - LA.PIAZZA...
[2026-04-14T09:38:30.655Z]      📡 Mengambil data dari Quinos...
[2026-04-14T09:38:33.525Z]      ✅ Jurnal Penjualan OK
[2026-04-14T09:38:33.914Z]      ✅ Jurnal Uang Masuk OK (tanggal 21/09/2025)
[2026-04-14T09:38:36.916Z] 
[187/390] Memproses 2025-09-21 - LA.PIAZZA...
[2026-04-14T09:38:37.180Z]      📡 Mengambil data dari Quinos...
[2026-04-14T09:38:39.684Z] 
     🛑 [INVESTIGASI] KETIDAKSEIMBANGAN TERDETEKSI (> 15.000)
[2026-04-14T09:38:39.684Z]      Tanggal: 2025-09-21 | Toko: LA.PIAZZA
[2026-04-14T09:38:39.684Z]      Total Penjualan (POS Quinos): Rp 30.301.307,486
[2026-04-14T09:38:39.684Z]      Total Pembayaran (POS Quinos): Rp 29.861.418
[2026-04-14T09:38:39.684Z]      Selisih Jurnal: Rp 343.889,486
[2026-04-14T09:38:39.684Z]      --------------------------------------------------
[2026-04-14T09:38:39.685Z]      [ANALISA PEMBAYARAN VS BANK]
[2026-04-14T09:38:39.685Z]      - KREDIT BCA: POS (Rp 8.060.585) vs Bank (Rp 7.900.500) | Selisih: Rp 160.085
[2026-04-14T09:38:39.685Z]      - DEBIT BCA : POS (Rp 5.119.793) vs Bank (Rp 5.085.685,56) | Selisih: Rp 34.107,44
[2026-04-14T09:38:39.685Z]      - QRIS BCA  : POS (Rp 15.683.895) vs Bank (Rp 15.574.107,75) | Selisih: Rp 109.787,25
[2026-04-14T09:38:39.685Z]      --------------------------------------------------
[2026-04-14T09:38:39.685Z]      [SEMUA KODE PEMBAYARAN RAW DARI QUINOS]
[2026-04-14T09:38:39.685Z]      - "QRIS                        " Rp   15.683.895  ✓ → payment_qris
[2026-04-14T09:38:39.685Z]      - "CREDIT BCA                  " Rp    8.060.585  ✓ → payment_credit_bca
[2026-04-14T09:38:39.685Z]      - "DEBIT BCA                   " Rp    5.119.793  ✓ → payment_debit_bca
[2026-04-14T09:38:39.685Z]      - "GOBIZ                       " Rp      473.000  ✓ → payment_gobiz
[2026-04-14T09:38:39.685Z]      - "Voucher Florist             " Rp      343.890  ❌ TIDAK TERTANGKAP — cek findPayment di quinos.ts!
[2026-04-14T09:38:39.685Z]      - "OVO                         " Rp      310.200  ✓ → payment_ovo
[2026-04-14T09:38:39.685Z]      - "STRADA + REWARD             " Rp      108.840  ✓ → payment_strada_reward
[2026-04-14T09:38:39.685Z]      - "CASH                        " Rp      105.105  ✓ → payment_cash
[2026-04-14T09:38:39.685Z]      --------------------------------------------------
[2026-04-14T09:38:39.685Z]      KESIMPULAN: Selisih Rp 343.889,486 ini terlalu besar untuk auto-balance.
[2026-04-14T09:38:39.685Z]      KEMUNGKINAN: Kasir salah input tipe pembayaran di Quinos, atau ada transaksi Quinos yang belum di-input (Under-reporting).

[2026-04-14T09:38:39.685Z] [ERROR]      ❌ Skipped: Jurnal Penjualan tidak seimbang (Selisih Rp 343.889,486). Harap cek rincian investigasi di atas.
[2026-04-14T09:38:42.830Z] 
[188/390] Memproses 2025-09-22 - LA.PIAZZA...
[2026-04-14T09:38:43.153Z]      📡 Mengambil data dari Quinos...
[2026-04-14T09:38:46.182Z]      ✅ Jurnal Penjualan OK
[2026-04-14T09:38:46.597Z]      ✅ Jurnal Uang Masuk OK (tanggal 23/09/2025)
[2026-04-14T09:38:49.598Z] 
[189/390] Memproses 2025-09-23 - LA.PIAZZA...
[2026-04-14T09:38:49.878Z]      📡 Mengambil data dari Quinos...
[2026-04-14T09:38:53.074Z]      ✅ Jurnal Penjualan OK
[2026-04-14T09:38:53.565Z]      ✅ Jurnal Uang Masuk OK (tanggal 24/09/2025)
[2026-04-14T09:38:56.567Z] 
[190/390] Memproses 2025-09-24 - LA.PIAZZA...
[2026-04-14T09:38:56.852Z]      📡 Mengambil data dari Quinos...
[2026-04-14T09:39:00.013Z] 
     🛑 [DEBUG] ACCURATE REJECTED PAYLOAD (BREW - PENJUALAN STRADA LA.PIAZZA 24/09/2025)
[2026-04-14T09:39:00.013Z]      Total Debit Internal: 7422865
[2026-04-14T09:39:00.013Z]      Total Credit Internal: 7422864.99
[2026-04-14T09:39:00.013Z]      Baris Jurnal:
[2026-04-14T09:39:00.013Z]        - [DEBIT ] 1100.01: 1856055
[2026-04-14T09:39:00.013Z]        - [DEBIT ] 1100.01: 679140
[2026-04-14T09:39:00.013Z]        - [DEBIT ] 1100.06: 188100
[2026-04-14T09:39:00.013Z]        - [DEBIT ] 1100.01: 4261130
[2026-04-14T09:39:00.013Z]        - [DEBIT ] 4000.96.04: 55440
[2026-04-14T09:39:00.014Z]        - [DEBIT ] 1100.21: 337700
[2026-04-14T09:39:00.014Z]        - [DEBIT ] 4000.96.01: 45300
[2026-04-14T09:39:00.014Z]        - [CREDIT] 4000.01.02: 3984303.03
[2026-04-14T09:39:00.014Z]        - [CREDIT] 4000.01.10: 140000
[2026-04-14T09:39:00.014Z]        - [CREDIT] 4000.01.01: 2255606.06
[2026-04-14T09:39:00.014Z]        - [CREDIT] 4000.01.16: 93000
[2026-04-14T09:39:00.014Z]        - [CREDIT] 2002.04.01: 292745.45
[2026-04-14T09:39:00.014Z]        - [CREDIT] 2002.03.02: 657210.45
[2026-04-14T09:39:00.014Z] 
[2026-04-14T09:39:00.014Z] [ERROR]      ❌ ERROR: Accurate Reject: Jurnal yang anda masukkan tidak seimbang antara debit dengan kredit
[2026-04-14T09:39:00.014Z] 
════════════════════════════════════════════════════════════════════════
[2026-04-14T09:39:00.014Z] === LAPORAN PROGRES [190/390 — 49%] ===
[2026-04-14T09:39:00.014Z] ────────────────────────────────────────────────────────────────────────
[2026-04-14T09:39:00.014Z]   Diproses  : 190 dari 390 (49%)
[2026-04-14T09:39:00.014Z]   ✅ Sukses  : 171
[2026-04-14T09:39:00.014Z]   ⏭️  Dilewati: 1
[2026-04-14T09:39:00.015Z]   ❌ Error   : 18
[2026-04-14T09:39:00.015Z]        • Jurnal Tidak Seimbang: 15x
[2026-04-14T09:39:00.015Z]        • Ditolak Accurate: 3x
[2026-04-14T09:39:00.015Z] ────────────────────────────────────────────────────────────────────────
[2026-04-14T09:39:00.015Z]   Detail Error:
[2026-04-14T09:39:00.015Z]     [2025-04-19] LA.PIAZZA        | Penjualan    | Jurnal Tidak Seimbang
[2026-04-14T09:39:00.015Z]     [2025-05-24] LA.PIAZZA        | Penjualan    | Jurnal Tidak Seimbang
[2026-04-14T09:39:00.015Z]     [2025-08-13] LA.PIAZZA        | Penjualan    | Jurnal Tidak Seimbang
[2026-04-14T09:39:00.016Z]     [2025-08-15] LA.PIAZZA        | Penjualan    | Jurnal Tidak Seimbang
[2026-04-14T09:39:00.016Z]     [2025-08-16] LA.PIAZZA        | Penjualan    | Jurnal Tidak Seimbang
[2026-04-14T09:39:00.016Z]     [2025-08-18] LA.PIAZZA        | Penjualan    | Jurnal Tidak Seimbang
[2026-04-14T09:39:00.016Z]     [2025-08-20] LA.PIAZZA        | Penjualan    | Jurnal Tidak Seimbang
[2026-04-14T09:39:00.016Z]     [2025-08-21] LA.PIAZZA        | Penjualan    | Ditolak Accurate
[2026-04-14T09:39:00.016Z]     [2025-08-22] LA.PIAZZA        | Penjualan    | Jurnal Tidak Seimbang
[2026-04-14T09:39:00.016Z]     [2025-08-23] LA.PIAZZA        | Penjualan    | Jurnal Tidak Seimbang
[2026-04-14T09:39:00.016Z]     [2025-08-24] LA.PIAZZA        | Penjualan    | Jurnal Tidak Seimbang
[2026-04-14T09:39:00.016Z]     [2025-08-26] LA.PIAZZA        | Penjualan    | Jurnal Tidak Seimbang
[2026-04-14T09:39:00.016Z]     [2025-09-04] LA.PIAZZA        | Penjualan    | Jurnal Tidak Seimbang
[2026-04-14T09:39:00.016Z]     [2025-09-06] LA.PIAZZA        | Penjualan    | Jurnal Tidak Seimbang
[2026-04-14T09:39:00.016Z]     [2025-09-07] LA.PIAZZA        | Penjualan    | Jurnal Tidak Seimbang
[2026-04-14T09:39:00.016Z]     [2025-09-19] LA.PIAZZA        | Penjualan    | Ditolak Accurate
[2026-04-14T09:39:00.016Z]     [2025-09-21] LA.PIAZZA        | Penjualan    | Jurnal Tidak Seimbang
[2026-04-14T09:39:00.016Z]     [2025-09-24] LA.PIAZZA        | Penjualan    | Ditolak Accurate
[2026-04-14T09:39:00.016Z] ════════════════════════════════════════════════════════════════════════

[2026-04-14T09:39:03.017Z] 
[191/390] Memproses 2025-09-25 - LA.PIAZZA...
[2026-04-14T09:39:03.282Z]      📡 Mengambil data dari Quinos...
[2026-04-14T09:39:05.905Z]      ⚖️ Auto-balancing applied: Pembulatan Rp 0.27
[2026-04-14T09:39:06.270Z]      ✅ Jurnal Penjualan OK
[2026-04-14T09:39:06.873Z]      ✅ Jurnal Uang Masuk OK (tanggal 26/09/2025)
[2026-04-14T09:39:09.877Z] 
[192/390] Memproses 2025-09-26 - LA.PIAZZA...
[2026-04-14T09:39:10.371Z]      📡 Mengambil data dari Quinos...


Menghubungkan ke Accurate...
[2026-04-14T09:41:44.672Z] ✅ Terhubung! Sesi: a06e43cd-cf3a-417e-a6ef-f90e75576f3f
[2026-04-14T09:41:44.672Z] Menghubungkan ke Quinos Cloud...
[2026-04-14T09:41:47.125Z] ✅ Login Quinos berhasil! Session siap digunakan.
[2026-04-14T09:41:47.125Z] 
[1/360] Memproses 2025-04-18 - LA.PIAZZA...
[2026-04-14T09:41:47.349Z]      ⏭️  Jurnal Penjualan sudah ada di Accurate.
[2026-04-14T09:41:47.514Z]      ⏭️  Jurnal Uang Masuk sudah ada di Accurate.
[2026-04-14T09:41:47.514Z]      ⏭️  Semua jurnal untuk hari ini sudah selesai, dilewati tanpa memanggil API Quinos.
[2026-04-14T09:41:50.516Z] 
[2/360] Memproses 2025-04-19 - LA.PIAZZA...
[2026-04-14T09:41:50.770Z]      📡 Mengambil data dari Quinos...
[2026-04-14T09:41:54.166Z] 
     🛑 [INVESTIGASI] KETIDAKSEIMBANGAN TERDETEKSI (> 15.000)
[2026-04-14T09:41:54.166Z]      Tanggal: 2025-04-19 | Toko: LA.PIAZZA
[2026-04-14T09:41:54.193Z]      Total Penjualan (POS Quinos): Rp 29.410.965
[2026-04-14T09:41:54.193Z]      Total Pembayaran (POS Quinos): Rp 28.541.200
[2026-04-14T09:41:54.193Z]      Selisih Jurnal: Rp 757.565
[2026-04-14T09:41:54.193Z]      --------------------------------------------------
[2026-04-14T09:41:54.193Z]      [ANALISA PEMBAYARAN VS BANK]
[2026-04-14T09:41:54.193Z]      - KREDIT BCA: POS (Rp 5.388.700) vs Bank (Rp 5.284.432) | Selisih: Rp 104.268
[2026-04-14T09:41:54.193Z]      - DEBIT BCA : POS (Rp 4.878.720) vs Bank (Rp 4.851.423,31) | Selisih: Rp 27.296,69
[2026-04-14T09:41:54.193Z]      - QRIS BCA  : POS (Rp 17.820.380) vs Bank (Rp 17.707.920,76) | Selisih: Rp 112.459,24
[2026-04-14T09:41:54.193Z]      --------------------------------------------------
[2026-04-14T09:41:54.193Z]      [SEMUA KODE PEMBAYARAN RAW DARI QUINOS]
[2026-04-14T09:41:54.193Z]      - "QRIS                        " Rp   17.820.380  ✓ → payment_qris
[2026-04-14T09:41:54.193Z]      - "CREDIT BCA                  " Rp    5.388.700  ✓ → payment_credit_bca
[2026-04-14T09:41:54.193Z]      - "DEBIT BCA                   " Rp    4.878.720  ✓ → payment_debit_bca
[2026-04-14T09:41:54.193Z]      - "Voucher Florist             " Rp      757.565  ❌ TIDAK TERTANGKAP — cek findPayment di quinos.ts!
[2026-04-14T09:41:54.193Z]      - "OVO                         " Rp      354.400  ✓ → payment_ovo
[2026-04-14T09:41:54.193Z]      - "GOBIZ                       " Rp       99.000  ✓ → payment_gobiz
[2026-04-14T09:41:54.193Z]      --------------------------------------------------
[2026-04-14T09:41:54.193Z]      KESIMPULAN: Selisih Rp 757.565 ini terlalu besar untuk auto-balance.
[2026-04-14T09:41:54.193Z]      KEMUNGKINAN: Kasir salah input tipe pembayaran di Quinos, atau ada transaksi Quinos yang belum di-input (Under-reporting).

[2026-04-14T09:41:54.194Z] [ERROR]      ❌ Skipped: Jurnal Penjualan tidak seimbang (Selisih Rp 757.565). Harap cek rincian investigasi di atas.
[2026-04-14T09:41:57.303Z] 
[3/360] Memproses 2025-04-20 - LA.PIAZZA...
[2026-04-14T09:41:57.542Z]      ⏭️  Jurnal Penjualan sudah ada di Accurate.
[2026-04-14T09:41:57.668Z]      ⏭️  Jurnal Uang Masuk sudah ada di Accurate.
[2026-04-14T09:41:57.668Z]      ⏭️  Semua jurnal untuk hari ini sudah selesai, dilewati tanpa memanggil API Quinos.
[2026-04-14T09:42:00.669Z] 
[4/360] Memproses 2025-04-21 - LA.PIAZZA...
[2026-04-14T09:42:00.811Z]      ⏭️  Jurnal Penjualan sudah ada di Accurate.
[2026-04-14T09:42:00.926Z]      ⏭️  Jurnal Uang Masuk sudah ada di Accurate.
[2026-04-14T09:42:00.926Z]      ⏭️  Semua jurnal untuk hari ini sudah selesai, dilewati tanpa memanggil API Quinos.


Menghubungkan ke Accurate...
[2026-04-14T09:44:09.774Z] ✅ Terhubung! Sesi: a06e43cd-cf3a-417e-a6ef-f90e75576f3f
[2026-04-14T09:44:09.774Z] Menghubungkan ke Quinos Cloud...
[2026-04-14T09:44:11.934Z] ✅ Login Quinos berhasil! Session siap digunakan.
[2026-04-14T09:44:11.935Z] 
[1/360] Memproses 2025-04-18 - LA.PIAZZA...
[2026-04-14T09:44:12.100Z]      ⏭️  Jurnal Penjualan sudah ada di Accurate.
[2026-04-14T09:44:12.233Z]      ⏭️  Jurnal Uang Masuk sudah ada di Accurate.
[2026-04-14T09:44:12.233Z]      ⏭️  Semua jurnal untuk hari ini sudah selesai, dilewati tanpa memanggil API Quinos.
[2026-04-14T09:44:15.240Z] 
[2/360] Memproses 2025-04-19 - LA.PIAZZA...
[2026-04-14T09:44:15.561Z]      📡 Mengambil data dari Quinos...
[2026-04-14T09:44:18.398Z] 
     🛑 [INVESTIGASI] KETIDAKSEIMBANGAN TERDETEKSI (> 15.000)
[2026-04-14T09:44:18.398Z]      Tanggal: 2025-04-19 | Toko: LA.PIAZZA
[2026-04-14T09:44:18.425Z]      Total Penjualan (POS Quinos): Rp 29.410.965
[2026-04-14T09:44:18.425Z]      Total Pembayaran (POS Quinos): Rp 28.541.200
[2026-04-14T09:44:18.425Z]      Selisih Jurnal: Rp 757.565
[2026-04-14T09:44:18.425Z]      --------------------------------------------------
[2026-04-14T09:44:18.425Z]      [ANALISA PEMBAYARAN VS BANK]
[2026-04-14T09:44:18.425Z]      - KREDIT BCA: POS (Rp 5.388.700) vs Bank (Rp 5.284.432) | Selisih: Rp 104.268
[2026-04-14T09:44:18.425Z]      - DEBIT BCA : POS (Rp 4.878.720) vs Bank (Rp 4.851.423,31) | Selisih: Rp 27.296,69
[2026-04-14T09:44:18.425Z]      - QRIS BCA  : POS (Rp 17.820.380) vs Bank (Rp 17.707.920,76) | Selisih: Rp 112.459,24
[2026-04-14T09:44:18.425Z]      --------------------------------------------------
[2026-04-14T09:44:18.425Z]      [SEMUA KODE PEMBAYARAN RAW DARI QUINOS]
[2026-04-14T09:44:18.425Z]      - "QRIS                        " Rp   17.820.380  ✓ → payment_qris
[2026-04-14T09:44:18.425Z]      - "CREDIT BCA                  " Rp    5.388.700  ✓ → payment_credit_bca
[2026-04-14T09:44:18.425Z]      - "DEBIT BCA                   " Rp    4.878.720  ✓ → payment_debit_bca
[2026-04-14T09:44:18.426Z]      - "Voucher Florist             " Rp      757.565  ❌ TIDAK TERTANGKAP — cek findPayment di quinos.ts!
[2026-04-14T09:44:18.426Z]      - "OVO                         " Rp      354.400  ✓ → payment_ovo
[2026-04-14T09:44:18.426Z]      - "GOBIZ                       " Rp       99.000  ✓ → payment_gobiz
[2026-04-14T09:44:18.426Z]      --------------------------------------------------
[2026-04-14T09:44:18.426Z]      KESIMPULAN: Selisih Rp 757.565 ini terlalu besar untuk auto-balance.
[2026-04-14T09:44:18.426Z]      KEMUNGKINAN: Kasir salah input tipe pembayaran di Quinos, atau ada transaksi Quinos yang belum di-input (Under-reporting).

[2026-04-14T09:44:18.426Z] [ERROR]      ❌ Skipped: Jurnal Penjualan tidak seimbang (Selisih Rp 757.565). Harap cek rincian investigasi di atas.
[2026-04-14T09:44:21.515Z] 
[3/360] Memproses 2025-04-20 - LA.PIAZZA...
[2026-04-14T09:44:21.661Z]      ⏭️  Jurnal Penjualan sudah ada di Accurate.
[2026-04-14T09:44:22.061Z]      ⏭️  Jurnal Uang Masuk sudah ada di Accurate.
[2026-04-14T09:44:22.062Z]      ⏭️  Semua jurnal untuk hari ini sudah selesai, dilewati tanpa memanggil API Quinos.
[2026-04-14T09:44:25.063Z] 
[4/360] Memproses 2025-04-21 - LA.PIAZZA...
[2026-04-14T09:44:25.249Z]      ⏭️  Jurnal Penjualan sudah ada di Accurate.
[2026-04-14T09:44:25.379Z]      ⏭️  Jurnal Uang Masuk sudah ada di Accurate.
[2026-04-14T09:44:25.379Z]      ⏭️  Semua jurnal untuk hari ini sudah selesai, dilewati tanpa memanggil API Quinos.
[2026-04-14T09:44:28.383Z] 
[5/360] Memproses 2025-04-22 - LA.PIAZZA...
[2026-04-14T09:44:28.542Z]      ⏭️  Jurnal Penjualan sudah ada di Accurate.
[2026-04-14T09:44:28.729Z]      ⏭️  Jurnal Uang Masuk sudah ada di Accurate.
[2026-04-14T09:44:28.730Z]      ⏭️  Semua jurnal untuk hari ini sudah selesai, dilewati tanpa memanggil API Quinos.
[2026-04-14T09:44:31.731Z] 
[6/360] Memproses 2025-04-23 - LA.PIAZZA...
[2026-04-14T09:44:31.892Z]      ⏭️  Jurnal Penjualan sudah ada di Accurate.
[2026-04-14T09:44:32.004Z]      ⏭️  Jurnal Uang Masuk sudah ada di Accurate.
[2026-04-14T09:44:32.004Z]      ⏭️  Semua jurnal untuk hari ini sudah selesai, dilewati tanpa memanggil API Quinos.
[2026-04-14T09:44:35.007Z] 
[7/360] Memproses 2025-04-24 - LA.PIAZZA...
[2026-04-14T09:44:35.152Z]      ⏭️  Jurnal Penjualan sudah ada di Accurate.
[2026-04-14T09:44:35.319Z]      ⏭️  Jurnal Uang Masuk sudah ada di Accurate.
[2026-04-14T09:44:35.319Z]      ⏭️  Semua jurnal untuk hari ini sudah selesai, dilewati tanpa memanggil API Quinos.
[2026-04-14T09:44:38.320Z] 
[8/360] Memproses 2025-04-25 - LA.PIAZZA...
[2026-04-14T09:44:38.530Z]      ⏭️  Jurnal Penjualan sudah ada di Accurate.
[2026-04-14T09:44:38.650Z]      ⏭️  Jurnal Uang Masuk sudah ada di Accurate.
[2026-04-14T09:44:38.651Z]      ⏭️  Semua jurnal untuk hari ini sudah selesai, dilewati tanpa memanggil API Quinos.
[2026-04-14T09:44:41.652Z] 
[9/360] Memproses 2025-04-26 - LA.PIAZZA...
[2026-04-14T09:44:41.859Z]      ⏭️  Jurnal Penjualan sudah ada di Accurate.
[2026-04-14T09:44:42.021Z]      ⏭️  Jurnal Uang Masuk sudah ada di Accurate.
[2026-04-14T09:44:42.021Z]      ⏭️  Semua jurnal untuk hari ini sudah selesai, dilewati tanpa memanggil API Quinos.
[2026-04-14T09:44:45.024Z] 
[10/360] Memproses 2025-04-27 - LA.PIAZZA...
[2026-04-14T09:44:45.178Z]      ⏭️  Jurnal Penjualan sudah ada di Accurate.
[2026-04-14T09:44:45.300Z]      ⏭️  Jurnal Uang Masuk sudah ada di Accurate.
[2026-04-14T09:44:45.300Z]      ⏭️  Semua jurnal untuk hari ini sudah selesai, dilewati tanpa memanggil API Quinos.
[2026-04-14T09:44:45.302Z] 
════════════════════════════════════════════════════════════════════════
[2026-04-14T09:44:45.302Z] === LAPORAN PROGRES [10/360 — 3%] ===
[2026-04-14T09:44:45.302Z] ────────────────────────────────────────────────────────────────────────
[2026-04-14T09:44:45.302Z]   Diproses  : 10 dari 360 (3%)
[2026-04-14T09:44:45.302Z]   ✅ Sukses  : 0
[2026-04-14T09:44:45.302Z]   ⏭️  Dilewati: 9
[2026-04-14T09:44:45.302Z]   ❌ Error   : 1
[2026-04-14T09:44:45.302Z]        • Jurnal Tidak Seimbang: 1x
[2026-04-14T09:44:45.302Z] ────────────────────────────────────────────────────────────────────────
[2026-04-14T09:44:45.302Z]   Detail Error:
[2026-04-14T09:44:45.302Z]     [2025-04-19] LA.PIAZZA        | Penjualan    | Jurnal Tidak Seimbang
[2026-04-14T09:44:45.302Z] ════════════════════════════════════════════════════════════════════════

[2026-04-14T09:44:48.305Z] 
[11/360] Memproses 2025-04-28 - LA.PIAZZA...
[2026-04-14T09:44:48.550Z]      ⏭️  Jurnal Penjualan sudah ada di Accurate.
[2026-04-14T09:44:48.664Z]      ⏭️  Jurnal Uang Masuk sudah ada di Accurate.
[2026-04-14T09:44:48.665Z]      ⏭️  Semua jurnal untuk hari ini sudah selesai, dilewati tanpa memanggil API Quinos.
[2026-04-14T09:44:51.666Z] 
[12/360] Memproses 2025-04-29 - LA.PIAZZA...
[2026-04-14T09:44:51.895Z]      ⏭️  Jurnal Penjualan sudah ada di Accurate.
[2026-04-14T09:44:52.022Z]      ⏭️  Jurnal Uang Masuk sudah ada di Accurate.
[2026-04-14T09:44:52.022Z]      ⏭️  Semua jurnal untuk hari ini sudah selesai, dilewati tanpa memanggil API Quinos.
[2026-04-14T09:44:55.024Z] 
[13/360] Memproses 2025-04-30 - LA.PIAZZA...
[2026-04-14T09:44:55.298Z]      ⏭️  Jurnal Penjualan sudah ada di Accurate.
[2026-04-14T09:44:55.426Z]      ⏭️  Jurnal Uang Masuk sudah ada di Accurate.
[2026-04-14T09:44:55.426Z]      ⏭️  Semua jurnal untuk hari ini sudah selesai, dilewati tanpa memanggil API Quinos.
[2026-04-14T09:44:58.428Z] 
[14/360] Memproses 2025-05-01 - LA.PIAZZA...
[2026-04-14T09:44:58.592Z]      ⏭️  Jurnal Penjualan sudah ada di Accurate.
[2026-04-14T09:44:58.731Z]      ⏭️  Jurnal Uang Masuk sudah ada di Accurate.
[2026-04-14T09:44:58.731Z]      ⏭️  Semua jurnal untuk hari ini sudah selesai, dilewati tanpa memanggil API Quinos.
[2026-04-14T09:45:01.732Z] 
[15/360] Memproses 2025-05-02 - LA.PIAZZA...
[2026-04-14T09:45:01.902Z]      ⏭️  Jurnal Penjualan sudah ada di Accurate.
[2026-04-14T09:45:02.028Z]      ⏭️  Jurnal Uang Masuk sudah ada di Accurate.
[2026-04-14T09:45:02.028Z]      ⏭️  Semua jurnal untuk hari ini sudah selesai, dilewati tanpa memanggil API Quinos.
[2026-04-14T09:45:05.035Z] 
[16/360] Memproses 2025-05-03 - LA.PIAZZA...
[2026-04-14T09:45:05.215Z]      ⏭️  Jurnal Penjualan sudah ada di Accurate.
[2026-04-14T09:45:05.330Z]      ⏭️  Jurnal Uang Masuk sudah ada di Accurate.
[2026-04-14T09:45:05.330Z]      ⏭️  Semua jurnal untuk hari ini sudah selesai, dilewati tanpa memanggil API Quinos.
[2026-04-14T09:45:08.332Z] 
[17/360] Memproses 2025-05-04 - LA.PIAZZA...
[2026-04-14T09:45:08.477Z]      ⏭️  Jurnal Penjualan sudah ada di Accurate.
[2026-04-14T09:45:08.595Z]      ⏭️  Jurnal Uang Masuk sudah ada di Accurate.
[2026-04-14T09:45:08.595Z]      ⏭️  Semua jurnal untuk hari ini sudah selesai, dilewati tanpa memanggil API Quinos.
[2026-04-14T09:45:11.598Z] 
[18/360] Memproses 2025-05-05 - LA.PIAZZA...
[2026-04-14T09:45:11.773Z]      ⏭️  Jurnal Penjualan sudah ada di Accurate.
[2026-04-14T09:45:11.977Z]      ⏭️  Jurnal Uang Masuk sudah ada di Accurate.
[2026-04-14T09:45:11.977Z]      ⏭️  Semua jurnal untuk hari ini sudah selesai, dilewati tanpa memanggil API Quinos.
[2026-04-14T09:45:14.979Z] 
[19/360] Memproses 2025-05-06 - LA.PIAZZA...
[2026-04-14T09:45:15.149Z]      ⏭️  Jurnal Penjualan sudah ada di Accurate.
[2026-04-14T09:45:15.337Z]      ⏭️  Jurnal Uang Masuk sudah ada di Accurate.
[2026-04-14T09:45:15.337Z]      ⏭️  Semua jurnal untuk hari ini sudah selesai, dilewati tanpa memanggil API Quinos.
[2026-04-14T09:45:18.339Z] 
[20/360] Memproses 2025-05-07 - LA.PIAZZA...
[2026-04-14T09:45:18.516Z]      ⏭️  Jurnal Penjualan sudah ada di Accurate.
[2026-04-14T09:45:18.638Z]      ⏭️  Jurnal Uang Masuk sudah ada di Accurate.
[2026-04-14T09:45:18.638Z]      ⏭️  Semua jurnal untuk hari ini sudah selesai, dilewati tanpa memanggil API Quinos.
[2026-04-14T09:45:18.638Z] 
════════════════════════════════════════════════════════════════════════
[2026-04-14T09:45:18.638Z] === LAPORAN PROGRES [20/360 — 6%] ===
[2026-04-14T09:45:18.639Z] ────────────────────────────────────────────────────────────────────────
[2026-04-14T09:45:18.639Z]   Diproses  : 20 dari 360 (6%)
[2026-04-14T09:45:18.639Z]   ✅ Sukses  : 0
[2026-04-14T09:45:18.639Z]   ⏭️  Dilewati: 19
[2026-04-14T09:45:18.639Z]   ❌ Error   : 1
[2026-04-14T09:45:18.639Z]        • Jurnal Tidak Seimbang: 1x
[2026-04-14T09:45:18.639Z] ────────────────────────────────────────────────────────────────────────
[2026-04-14T09:45:18.639Z]   Detail Error:
[2026-04-14T09:45:18.639Z]     [2025-04-19] LA.PIAZZA        | Penjualan    | Jurnal Tidak Seimbang
[2026-04-14T09:45:18.639Z] ════════════════════════════════════════════════════════════════════════

[2026-04-14T09:45:21.642Z] 
[21/360] Memproses 2025-05-08 - LA.PIAZZA...
[2026-04-14T09:45:21.824Z]      ⏭️  Jurnal Penjualan sudah ada di Accurate.
[2026-04-14T09:45:22.060Z]      ⏭️  Jurnal Uang Masuk sudah ada di Accurate.
[2026-04-14T09:45:22.062Z]      ⏭️  Semua jurnal untuk hari ini sudah selesai, dilewati tanpa memanggil API Quinos.
[2026-04-14T09:45:25.063Z] 
[22/360] Memproses 2025-05-09 - LA.PIAZZA...
[2026-04-14T09:45:25.269Z]      ⏭️  Jurnal Penjualan sudah ada di Accurate.
[2026-04-14T09:45:25.398Z]      ⏭️  Jurnal Uang Masuk sudah ada di Accurate.
[2026-04-14T09:45:25.399Z]      ⏭️  Semua jurnal untuk hari ini sudah selesai, dilewati tanpa memanggil API Quinos.
[2026-04-14T09:45:28.400Z] 
[23/360] Memproses 2025-05-10 - LA.PIAZZA...
[2026-04-14T09:45:28.595Z]      ⏭️  Jurnal Penjualan sudah ada di Accurate.
[2026-04-14T09:45:28.717Z]      ⏭️  Jurnal Uang Masuk sudah ada di Accurate.
[2026-04-14T09:45:28.717Z]      ⏭️  Semua jurnal untuk hari ini sudah selesai, dilewati tanpa memanggil API Quinos.
[2026-04-14T09:45:31.719Z] 
[24/360] Memproses 2025-05-11 - LA.PIAZZA...
[2026-04-14T09:45:31.972Z]      ⏭️  Jurnal Penjualan sudah ada di Accurate.
[2026-04-14T09:45:32.097Z]      ⏭️  Jurnal Uang Masuk sudah ada di Accurate.
[2026-04-14T09:45:32.097Z]      ⏭️  Semua jurnal untuk hari ini sudah selesai, dilewati tanpa memanggil API Quinos.
[2026-04-14T09:45:35.099Z] 
[25/360] Memproses 2025-05-12 - LA.PIAZZA...
[2026-04-14T09:45:35.265Z]      ⏭️  Jurnal Penjualan sudah ada di Accurate.
[2026-04-14T09:45:35.405Z]      ⏭️  Jurnal Uang Masuk sudah ada di Accurate.
[2026-04-14T09:45:35.406Z]      ⏭️  Semua jurnal untuk hari ini sudah selesai, dilewati tanpa memanggil API Quinos.
[2026-04-14T09:45:38.407Z] 
[26/360] Memproses 2025-05-13 - LA.PIAZZA...
[2026-04-14T09:45:38.577Z]      ⏭️  Jurnal Penjualan sudah ada di Accurate.
[2026-04-14T09:45:38.696Z]      ⏭️  Jurnal Uang Masuk sudah ada di Accurate.
[2026-04-14T09:45:38.697Z]      ⏭️  Semua jurnal untuk hari ini sudah selesai, dilewati tanpa memanggil API Quinos.
[2026-04-14T09:45:41.698Z] 
[27/360] Memproses 2025-05-14 - LA.PIAZZA...
[2026-04-14T09:45:41.866Z]      ⏭️  Jurnal Penjualan sudah ada di Accurate.
[2026-04-14T09:45:41.997Z]      ⏭️  Jurnal Uang Masuk sudah ada di Accurate.
[2026-04-14T09:45:41.997Z]      ⏭️  Semua jurnal untuk hari ini sudah selesai, dilewati tanpa memanggil API Quinos.
[2026-04-14T09:45:44.999Z] 
[28/360] Memproses 2025-05-15 - LA.PIAZZA...
[2026-04-14T09:45:45.175Z]      ⏭️  Jurnal Penjualan sudah ada di Accurate.
[2026-04-14T09:45:45.404Z]      ⏭️  Jurnal Uang Masuk sudah ada di Accurate.
[2026-04-14T09:45:45.404Z]      ⏭️  Semua jurnal untuk hari ini sudah selesai, dilewati tanpa memanggil API Quinos.
[2026-04-14T09:45:48.406Z] 
[29/360] Memproses 2025-05-16 - LA.PIAZZA...
[2026-04-14T09:45:48.577Z]      ⏭️  Jurnal Penjualan sudah ada di Accurate.
[2026-04-14T09:45:48.699Z]      ⏭️  Jurnal Uang Masuk sudah ada di Accurate.
[2026-04-14T09:45:48.699Z]      ⏭️  Semua jurnal untuk hari ini sudah selesai, dilewati tanpa memanggil API Quinos.
[2026-04-14T09:45:51.701Z] 
[30/360] Memproses 2025-05-17 - LA.PIAZZA...
[2026-04-14T09:45:52.073Z]      ⏭️  Jurnal Penjualan sudah ada di Accurate.
[2026-04-14T09:45:52.232Z]      ⏭️  Jurnal Uang Masuk sudah ada di Accurate.
[2026-04-14T09:45:52.232Z]      ⏭️  Semua jurnal untuk hari ini sudah selesai, dilewati tanpa memanggil API Quinos.
[2026-04-14T09:45:52.232Z] 
════════════════════════════════════════════════════════════════════════
[2026-04-14T09:45:52.232Z] === LAPORAN PROGRES [30/360 — 8%] ===
[2026-04-14T09:45:52.233Z] ────────────────────────────────────────────────────────────────────────
[2026-04-14T09:45:52.233Z]   Diproses  : 30 dari 360 (8%)
[2026-04-14T09:45:52.233Z]   ✅ Sukses  : 0
[2026-04-14T09:45:52.233Z]   ⏭️  Dilewati: 29
[2026-04-14T09:45:52.233Z]   ❌ Error   : 1
[2026-04-14T09:45:52.233Z]        • Jurnal Tidak Seimbang: 1x
[2026-04-14T09:45:52.233Z] ────────────────────────────────────────────────────────────────────────
[2026-04-14T09:45:52.233Z]   Detail Error:
[2026-04-14T09:45:52.234Z]     [2025-04-19] LA.PIAZZA        | Penjualan    | Jurnal Tidak Seimbang
[2026-04-14T09:45:52.234Z] ════════════════════════════════════════════════════════════════════════

[2026-04-14T09:45:55.236Z] 
[31/360] Memproses 2025-05-18 - LA.PIAZZA...
[2026-04-14T09:45:55.413Z]      ⏭️  Jurnal Penjualan sudah ada di Accurate.
[2026-04-14T09:45:55.613Z]      ⏭️  Jurnal Uang Masuk sudah ada di Accurate.
[2026-04-14T09:45:55.613Z]      ⏭️  Semua jurnal untuk hari ini sudah selesai, dilewati tanpa memanggil API Quinos.
[2026-04-14T09:45:58.615Z] 
[32/360] Memproses 2025-05-19 - LA.PIAZZA...
[2026-04-14T09:45:58.804Z]      ⏭️  Jurnal Penjualan sudah ada di Accurate.
[2026-04-14T09:45:59.107Z]      ⏭️  Jurnal Uang Masuk sudah ada di Accurate.
[2026-04-14T09:45:59.107Z]      ⏭️  Semua jurnal untuk hari ini sudah selesai, dilewati tanpa memanggil API Quinos.
[2026-04-14T09:46:02.107Z] 
[33/360] Memproses 2025-05-20 - LA.PIAZZA...
[2026-04-14T09:46:02.289Z]      ⏭️  Jurnal Penjualan sudah ada di Accurate.
[2026-04-14T09:46:02.413Z]      ⏭️  Jurnal Uang Masuk sudah ada di Accurate.
[2026-04-14T09:46:02.413Z]      ⏭️  Semua jurnal untuk hari ini sudah selesai, dilewati tanpa memanggil API Quinos.
[2026-04-14T09:46:05.415Z] 
[34/360] Memproses 2025-05-21 - LA.PIAZZA...
[2026-04-14T09:46:05.595Z]      ⏭️  Jurnal Penjualan sudah ada di Accurate.
[2026-04-14T09:46:05.731Z]      ⏭️  Jurnal Uang Masuk sudah ada di Accurate.
[2026-04-14T09:46:05.731Z]      ⏭️  Semua jurnal untuk hari ini sudah selesai, dilewati tanpa memanggil API Quinos.
[2026-04-14T09:46:08.732Z] 
[35/360] Memproses 2025-05-22 - LA.PIAZZA...
[2026-04-14T09:46:08.902Z]      ⏭️  Jurnal Penjualan sudah ada di Accurate.
[2026-04-14T09:46:09.044Z]      ⏭️  Jurnal Uang Masuk sudah ada di Accurate.
[2026-04-14T09:46:09.044Z]      ⏭️  Semua jurnal untuk hari ini sudah selesai, dilewati tanpa memanggil API Quinos.
[2026-04-14T09:46:12.046Z] 
[36/360] Memproses 2025-05-23 - LA.PIAZZA...
[2026-04-14T09:46:12.254Z]      ⏭️  Jurnal Penjualan sudah ada di Accurate.
[2026-04-14T09:46:12.411Z]      ⏭️  Jurnal Uang Masuk sudah ada di Accurate.
[2026-04-14T09:46:12.411Z]      ⏭️  Semua jurnal untuk hari ini sudah selesai, dilewati tanpa memanggil API Quinos.
[2026-04-14T09:46:15.413Z] 
[37/360] Memproses 2025-05-24 - LA.PIAZZA...
[2026-04-14T09:46:15.708Z]      📡 Mengambil data dari Quinos...
[2026-04-14T09:46:18.941Z] 
     🛑 [INVESTIGASI] KETIDAKSEIMBANGAN TERDETEKSI (> 15.000)
[2026-04-14T09:46:18.942Z]      Tanggal: 2025-05-24 | Toko: LA.PIAZZA
[2026-04-14T09:46:18.942Z]      Total Penjualan (POS Quinos): Rp 43.181.696,001
[2026-04-14T09:46:18.943Z]      Total Pembayaran (POS Quinos): Rp 42.801.851
[2026-04-14T09:46:18.943Z]      Selisih Jurnal: Rp 264.345,001
[2026-04-14T09:46:18.943Z]      --------------------------------------------------
[2026-04-14T09:46:18.943Z]      [ANALISA PEMBAYARAN VS BANK]
[2026-04-14T09:46:18.943Z]      - KREDIT BCA: POS (Rp 6.545.280) vs Bank (Rp 6.415.006) | Selisih: Rp 130.274
[2026-04-14T09:46:18.943Z]      - DEBIT BCA : POS (Rp 6.699.470) vs Bank (Rp 6.677.186,84) | Selisih: Rp 22.283,16
[2026-04-14T09:46:18.943Z]      - QRIS BCA  : POS (Rp 28.857.070) vs Bank (Rp 28.663.913,19) | Selisih: Rp 193.156,81
[2026-04-14T09:46:18.943Z]      --------------------------------------------------
[2026-04-14T09:46:18.943Z]      [SEMUA KODE PEMBAYARAN RAW DARI QUINOS]
[2026-04-14T09:46:18.943Z]      - "QRIS                        " Rp   28.857.070  ✓ → payment_qris
[2026-04-14T09:46:18.943Z]      - "DEBIT BCA                   " Rp    6.699.470  ✓ → payment_debit_bca
[2026-04-14T09:46:18.943Z]      - "CREDIT BCA                  " Rp    6.545.280  ✓ → payment_credit_bca
[2026-04-14T09:46:18.943Z]      - "Voucher Florist             " Rp      264.345  ❌ TIDAK TERTANGKAP — cek findPayment di quinos.ts!
[2026-04-14T09:46:18.943Z]      - "GOBIZ                       " Rp      211.706  ✓ → payment_gobiz
[2026-04-14T09:46:18.943Z]      - "CASH                        " Rp      204.435  ✓ → payment_cash
[2026-04-14T09:46:18.943Z]      - "Strada+ Gift Vou            " Rp      200.000  ✓ → payment_strada_gift_vou
[2026-04-14T09:46:18.943Z]      - "STRADA + REWARD             " Rp       83.890  ✓ → payment_strada_reward
[2026-04-14T09:46:18.943Z]      --------------------------------------------------
[2026-04-14T09:46:18.943Z]      KESIMPULAN: Selisih Rp 264.345,001 ini terlalu besar untuk auto-balance.
[2026-04-14T09:46:18.943Z]      KEMUNGKINAN: Kasir salah input tipe pembayaran di Quinos, atau ada transaksi Quinos yang belum di-input (Under-reporting).

[2026-04-14T09:46:18.943Z] [ERROR]      ❌ Skipped: Jurnal Penjualan tidak seimbang (Selisih Rp 264.345,001). Harap cek rincian investigasi di atas.
[2026-04-14T09:46:22.068Z] 
[38/360] Memproses 2025-05-25 - LA.PIAZZA...
[2026-04-14T09:46:22.243Z]      ⏭️  Jurnal Penjualan sudah ada di Accurate.
[2026-04-14T09:46:22.380Z]      ⏭️  Jurnal Uang Masuk sudah ada di Accurate.
[2026-04-14T09:46:22.380Z]      ⏭️  Semua jurnal untuk hari ini sudah selesai, dilewati tanpa memanggil API Quinos.
[2026-04-14T09:46:25.381Z] 
[39/360] Memproses 2025-05-26 - LA.PIAZZA...
[2026-04-14T09:46:25.862Z]      ⏭️  Jurnal Penjualan sudah ada di Accurate.
[2026-04-14T09:46:26.030Z]      ⏭️  Jurnal Uang Masuk sudah ada di Accurate.
[2026-04-14T09:46:26.031Z]      ⏭️  Semua jurnal untuk hari ini sudah selesai, dilewati tanpa memanggil API Quinos.
[2026-04-14T09:46:29.033Z] 
[40/360] Memproses 2025-05-27 - LA.PIAZZA...
[2026-04-14T09:46:29.238Z]      ⏭️  Jurnal Penjualan sudah ada di Accurate.
[2026-04-14T09:46:29.343Z]      ⏭️  Jurnal Uang Masuk sudah ada di Accurate.
[2026-04-14T09:46:29.343Z]      ⏭️  Semua jurnal untuk hari ini sudah selesai, dilewati tanpa memanggil API Quinos.
[2026-04-14T09:46:29.343Z] 
════════════════════════════════════════════════════════════════════════
[2026-04-14T09:46:29.343Z] === LAPORAN PROGRES [40/360 — 11%] ===
[2026-04-14T09:46:29.343Z] ────────────────────────────────────────────────────────────────────────
[2026-04-14T09:46:29.343Z]   Diproses  : 40 dari 360 (11%)
[2026-04-14T09:46:29.344Z]   ✅ Sukses  : 0
[2026-04-14T09:46:29.344Z]   ⏭️  Dilewati: 38
[2026-04-14T09:46:29.344Z]   ❌ Error   : 2
[2026-04-14T09:46:29.344Z]        • Jurnal Tidak Seimbang: 2x
[2026-04-14T09:46:29.344Z] ────────────────────────────────────────────────────────────────────────
[2026-04-14T09:46:29.344Z]   Detail Error:
[2026-04-14T09:46:29.344Z]     [2025-04-19] LA.PIAZZA        | Penjualan    | Jurnal Tidak Seimbang
[2026-04-14T09:46:29.344Z]     [2025-05-24] LA.PIAZZA        | Penjualan    | Jurnal Tidak Seimbang
[2026-04-14T09:46:29.344Z] ════════════════════════════════════════════════════════════════════════

[2026-04-14T09:46:32.346Z] 
[41/360] Memproses 2025-05-28 - LA.PIAZZA...
[2026-04-14T09:46:32.599Z]      ⏭️  Jurnal Penjualan sudah ada di Accurate.
[2026-04-14T09:46:32.798Z]      ⏭️  Jurnal Uang Masuk sudah ada di Accurate.
[2026-04-14T09:46:32.799Z]      ⏭️  Semua jurnal untuk hari ini sudah selesai, dilewati tanpa memanggil API Quinos.
[2026-04-14T09:46:35.803Z] 
[42/360] Memproses 2025-05-29 - LA.PIAZZA...
[2026-04-14T09:46:35.974Z]      ⏭️  Jurnal Penjualan sudah ada di Accurate.
[2026-04-14T09:46:36.118Z]      ⏭️  Jurnal Uang Masuk sudah ada di Accurate.
[2026-04-14T09:46:36.118Z]      ⏭️  Semua jurnal untuk hari ini sudah selesai, dilewati tanpa memanggil API Quinos.
[2026-04-14T09:46:39.120Z] 
[43/360] Memproses 2025-05-30 - LA.PIAZZA...
[2026-04-14T09:46:39.292Z]      ⏭️  Jurnal Penjualan sudah ada di Accurate.
[2026-04-14T09:46:39.414Z]      ⏭️  Jurnal Uang Masuk sudah ada di Accurate.
[2026-04-14T09:46:39.414Z]      ⏭️  Semua jurnal untuk hari ini sudah selesai, dilewati tanpa memanggil API Quinos.
[2026-04-14T09:46:42.416Z] 
[44/360] Memproses 2025-05-31 - LA.PIAZZA...
[2026-04-14T09:46:42.562Z]      ⏭️  Jurnal Penjualan sudah ada di Accurate.
[2026-04-14T09:46:42.687Z]      ⏭️  Jurnal Uang Masuk sudah ada di Accurate.
[2026-04-14T09:46:42.687Z]      ⏭️  Semua jurnal untuk hari ini sudah selesai, dilewati tanpa memanggil API Quinos.
[2026-04-14T09:46:45.689Z] 
[45/360] Memproses 2025-06-01 - LA.PIAZZA...
[2026-04-14T09:46:45.882Z]      ⏭️  Jurnal Penjualan sudah ada di Accurate.
[2026-04-14T09:46:46.001Z]      ⏭️  Jurnal Uang Masuk sudah ada di Accurate.
[2026-04-14T09:46:46.002Z]      ⏭️  Semua jurnal untuk hari ini sudah selesai, dilewati tanpa memanggil API Quinos.
[2026-04-14T09:46:49.003Z] 
[46/360] Memproses 2025-06-02 - LA.PIAZZA...
[2026-04-14T09:46:49.281Z]      ⏭️  Jurnal Penjualan sudah ada di Accurate.
[2026-04-14T09:46:49.397Z]      ⏭️  Jurnal Uang Masuk sudah ada di Accurate.
[2026-04-14T09:46:49.398Z]      ⏭️  Semua jurnal untuk hari ini sudah selesai, dilewati tanpa memanggil API Quinos.
[2026-04-14T09:46:52.399Z] 
[47/360] Memproses 2025-06-03 - LA.PIAZZA...
[2026-04-14T09:46:52.561Z]      ⏭️  Jurnal Penjualan sudah ada di Accurate.
[2026-04-14T09:46:52.685Z]      ⏭️  Jurnal Uang Masuk sudah ada di Accurate.
[2026-04-14T09:46:52.685Z]      ⏭️  Semua jurnal untuk hari ini sudah selesai, dilewati tanpa memanggil API Quinos.
[2026-04-14T09:46:55.687Z] 
[48/360] Memproses 2025-06-04 - LA.PIAZZA...
[2026-04-14T09:46:55.914Z]      ⏭️  Jurnal Penjualan sudah ada di Accurate.
[2026-04-14T09:46:56.027Z]      ⏭️  Jurnal Uang Masuk sudah ada di Accurate.
[2026-04-14T09:46:56.027Z]      ⏭️  Semua jurnal untuk hari ini sudah selesai, dilewati tanpa memanggil API Quinos.
[2026-04-14T09:46:59.029Z] 
[49/360] Memproses 2025-06-05 - LA.PIAZZA...
[2026-04-14T09:46:59.193Z]      ⏭️  Jurnal Penjualan sudah ada di Accurate.
[2026-04-14T09:46:59.321Z]      ⏭️  Jurnal Uang Masuk sudah ada di Accurate.
[2026-04-14T09:46:59.321Z]      ⏭️  Semua jurnal untuk hari ini sudah selesai, dilewati tanpa memanggil API Quinos.
[2026-04-14T09:47:02.323Z] 
[50/360] Memproses 2025-06-06 - LA.PIAZZA...
[2026-04-14T09:47:02.515Z]      ⏭️  Jurnal Penjualan sudah ada di Accurate.
[2026-04-14T09:47:02.723Z]      ⏭️  Jurnal Uang Masuk sudah ada di Accurate.
[2026-04-14T09:47:02.723Z]      ⏭️  Semua jurnal untuk hari ini sudah selesai, dilewati tanpa memanggil API Quinos.
[2026-04-14T09:47:02.723Z] 
════════════════════════════════════════════════════════════════════════
[2026-04-14T09:47:02.723Z] === LAPORAN PROGRES [50/360 — 14%] ===
[2026-04-14T09:47:02.723Z] ────────────────────────────────────────────────────────────────────────
[2026-04-14T09:47:02.723Z]   Diproses  : 50 dari 360 (14%)
[2026-04-14T09:47:02.723Z]   ✅ Sukses  : 0
[2026-04-14T09:47:02.723Z]   ⏭️  Dilewati: 48
[2026-04-14T09:47:02.724Z]   ❌ Error   : 2
[2026-04-14T09:47:02.724Z]        • Jurnal Tidak Seimbang: 2x
[2026-04-14T09:47:02.724Z] ────────────────────────────────────────────────────────────────────────
[2026-04-14T09:47:02.724Z]   Detail Error:
[2026-04-14T09:47:02.724Z]     [2025-04-19] LA.PIAZZA        | Penjualan    | Jurnal Tidak Seimbang
[2026-04-14T09:47:02.724Z]     [2025-05-24] LA.PIAZZA        | Penjualan    | Jurnal Tidak Seimbang
[2026-04-14T09:47:02.724Z] ════════════════════════════════════════════════════════════════════════

[2026-04-14T09:47:05.725Z] 
[51/360] Memproses 2025-06-07 - LA.PIAZZA...
[2026-04-14T09:47:05.969Z]      ⏭️  Jurnal Penjualan sudah ada di Accurate.
[2026-04-14T09:47:06.094Z]      ⏭️  Jurnal Uang Masuk sudah ada di Accurate.
[2026-04-14T09:47:06.094Z]      ⏭️  Semua jurnal untuk hari ini sudah selesai, dilewati tanpa memanggil API Quinos.
[2026-04-14T09:47:09.096Z] 
[52/360] Memproses 2025-06-08 - LA.PIAZZA...
[2026-04-14T09:47:09.243Z]      ⏭️  Jurnal Penjualan sudah ada di Accurate.
[2026-04-14T09:47:09.355Z]      ⏭️  Jurnal Uang Masuk sudah ada di Accurate.
[2026-04-14T09:47:09.355Z]      ⏭️  Semua jurnal untuk hari ini sudah selesai, dilewati tanpa memanggil API Quinos.
[2026-04-14T09:47:12.357Z] 
[53/360] Memproses 2025-06-09 - LA.PIAZZA...
[2026-04-14T09:47:12.516Z]      ⏭️  Jurnal Penjualan sudah ada di Accurate.
[2026-04-14T09:47:12.721Z]      ⏭️  Jurnal Uang Masuk sudah ada di Accurate.
[2026-04-14T09:47:12.722Z]      ⏭️  Semua jurnal untuk hari ini sudah selesai, dilewati tanpa memanggil API Quinos.
[2026-04-14T09:47:15.728Z] 
[54/360] Memproses 2025-06-10 - LA.PIAZZA...
[2026-04-14T09:47:15.892Z]      ⏭️  Jurnal Penjualan sudah ada di Accurate.
[2026-04-14T09:47:16.028Z]      ⏭️  Jurnal Uang Masuk sudah ada di Accurate.
[2026-04-14T09:47:16.028Z]      ⏭️  Semua jurnal untuk hari ini sudah selesai, dilewati tanpa memanggil API Quinos.
[2026-04-14T09:47:19.031Z] 
[55/360] Memproses 2025-06-11 - LA.PIAZZA...
[2026-04-14T09:47:19.174Z]      ⏭️  Jurnal Penjualan sudah ada di Accurate.
[2026-04-14T09:47:19.293Z]      ⏭️  Jurnal Uang Masuk sudah ada di Accurate.
[2026-04-14T09:47:19.293Z]      ⏭️  Semua jurnal untuk hari ini sudah selesai, dilewati tanpa memanggil API Quinos.
[2026-04-14T09:47:22.295Z] 
[56/360] Memproses 2025-06-12 - LA.PIAZZA...
[2026-04-14T09:47:22.473Z]      ⏭️  Jurnal Penjualan sudah ada di Accurate.
[2026-04-14T09:47:22.593Z]      ⏭️  Jurnal Uang Masuk sudah ada di Accurate.
[2026-04-14T09:47:22.593Z]      ⏭️  Semua jurnal untuk hari ini sudah selesai, dilewati tanpa memanggil API Quinos.
[2026-04-14T09:47:25.594Z] 
[57/360] Memproses 2025-06-13 - LA.PIAZZA...
[2026-04-14T09:47:25.790Z]      ⏭️  Jurnal Penjualan sudah ada di Accurate.
[2026-04-14T09:47:25.896Z]      ⏭️  Jurnal Uang Masuk sudah ada di Accurate.
[2026-04-14T09:47:25.897Z]      ⏭️  Semua jurnal untuk hari ini sudah selesai, dilewati tanpa memanggil API Quinos.
[2026-04-14T09:47:28.898Z] 
[58/360] Memproses 2025-06-14 - LA.PIAZZA...
[2026-04-14T09:47:29.038Z]      ⏭️  Jurnal Penjualan sudah ada di Accurate.
[2026-04-14T09:47:29.181Z]      ⏭️  Jurnal Uang Masuk sudah ada di Accurate.
[2026-04-14T09:47:29.181Z]      ⏭️  Semua jurnal untuk hari ini sudah selesai, dilewati tanpa memanggil API Quinos.
[2026-04-14T09:47:32.182Z] 
[59/360] Memproses 2025-06-15 - LA.PIAZZA...
[2026-04-14T09:47:32.384Z]      ⏭️  Jurnal Penjualan sudah ada di Accurate.
[2026-04-14T09:47:32.502Z]      ⏭️  Jurnal Uang Masuk sudah ada di Accurate.
[2026-04-14T09:47:32.503Z]      ⏭️  Semua jurnal untuk hari ini sudah selesai, dilewati tanpa memanggil API Quinos.


Menghubungkan ke Accurate...
[2026-04-14T09:51:41.156Z] ✅ Terhubung! Sesi: a06e43cd-cf3a-417e-a6ef-f90e75576f3f
[2026-04-14T09:51:41.156Z] Menghubungkan ke Quinos Cloud...
[2026-04-14T09:51:43.510Z] ✅ Login Quinos berhasil! Session siap digunakan.
[2026-04-14T09:51:43.510Z] 
[1/360] Memproses 2025-04-18 - LA.PIAZZA...
[2026-04-14T09:51:43.728Z]      ⏭️  Jurnal Penjualan sudah ada di Accurate.
[2026-04-14T09:51:43.877Z]      ⏭️  Jurnal Uang Masuk sudah ada di Accurate.
[2026-04-14T09:51:43.877Z]      ⏭️  Semua jurnal untuk hari ini sudah selesai, dilewati tanpa memanggil API Quinos.
[2026-04-14T09:51:46.880Z] 
[2/360] Memproses 2025-04-19 - LA.PIAZZA...
[2026-04-14T09:51:47.549Z]      📡 Mengambil data dari Quinos...
[2026-04-14T09:51:52.132Z]      ✅ Jurnal Penjualan OK
[2026-04-14T09:51:52.542Z]      ✅ Jurnal Uang Masuk OK (tanggal 20/04/2025)
[2026-04-14T09:51:55.543Z] 
[3/360] Memproses 2025-04-20 - LA.PIAZZA...
[2026-04-14T09:51:55.697Z]      ⏭️  Jurnal Penjualan sudah ada di Accurate.
[2026-04-14T09:51:55.825Z]      ⏭️  Jurnal Uang Masuk sudah ada di Accurate.
[2026-04-14T09:51:55.825Z]      ⏭️  Semua jurnal untuk hari ini sudah selesai, dilewati tanpa memanggil API Quinos.
[2026-04-14T09:51:58.827Z] 
[4/360] Memproses 2025-04-21 - LA.PIAZZA...
[2026-04-14T09:51:58.988Z]      ⏭️  Jurnal Penjualan sudah ada di Accurate.
[2026-04-14T09:51:59.099Z]      ⏭️  Jurnal Uang Masuk sudah ada di Accurate.
[2026-04-14T09:51:59.100Z]      ⏭️  Semua jurnal untuk hari ini sudah selesai, dilewati tanpa memanggil API Quinos.
[2026-04-14T09:52:02.102Z] 
[5/360] Memproses 2025-04-22 - LA.PIAZZA...
[2026-04-14T09:52:02.363Z]      ⏭️  Jurnal Penjualan sudah ada di Accurate.
[2026-04-14T09:52:02.658Z]      ⏭️  Jurnal Uang Masuk sudah ada di Accurate.
[2026-04-14T09:52:02.658Z]      ⏭️  Semua jurnal untuk hari ini sudah selesai, dilewati tanpa memanggil API Quinos.
[2026-04-14T09:52:05.660Z] 
[6/360] Memproses 2025-04-23 - LA.PIAZZA...
[2026-04-14T09:52:05.818Z]      ⏭️  Jurnal Penjualan sudah ada di Accurate.
[2026-04-14T09:52:05.929Z]      ⏭️  Jurnal Uang Masuk sudah ada di Accurate.
[2026-04-14T09:52:05.929Z]      ⏭️  Semua jurnal untuk hari ini sudah selesai, dilewati tanpa memanggil API Quinos.
[2026-04-14T09:52:08.932Z] 
[7/360] Memproses 2025-04-24 - LA.PIAZZA...
[2026-04-14T09:52:09.075Z]      ⏭️  Jurnal Penjualan sudah ada di Accurate.
[2026-04-14T09:52:09.209Z]      ⏭️  Jurnal Uang Masuk sudah ada di Accurate.
[2026-04-14T09:52:09.209Z]      ⏭️  Semua jurnal untuk hari ini sudah selesai, dilewati tanpa memanggil API Quinos.
[2026-04-14T09:52:12.211Z] 
[8/360] Memproses 2025-04-25 - LA.PIAZZA...
[2026-04-14T09:52:12.353Z]      ⏭️  Jurnal Penjualan sudah ada di Accurate.
[2026-04-14T09:52:12.466Z]      ⏭️  Jurnal Uang Masuk sudah ada di Accurate.
[2026-04-14T09:52:12.466Z]      ⏭️  Semua jurnal untuk hari ini sudah selesai, dilewati tanpa memanggil API Quinos.
[2026-04-14T09:52:15.467Z] 
[9/360] Memproses 2025-04-26 - LA.PIAZZA...
[2026-04-14T09:52:15.632Z]      ⏭️  Jurnal Penjualan sudah ada di Accurate.
[2026-04-14T09:52:15.759Z]      ⏭️  Jurnal Uang Masuk sudah ada di Accurate.
[2026-04-14T09:52:15.759Z]      ⏭️  Semua jurnal untuk hari ini sudah selesai, dilewati tanpa memanggil API Quinos.
[2026-04-14T09:52:18.761Z] 
[10/360] Memproses 2025-04-27 - LA.PIAZZA...
[2026-04-14T09:52:18.926Z]      ⏭️  Jurnal Penjualan sudah ada di Accurate.
[2026-04-14T09:52:19.071Z]      ⏭️  Jurnal Uang Masuk sudah ada di Accurate.
[2026-04-14T09:52:19.071Z]      ⏭️  Semua jurnal untuk hari ini sudah selesai, dilewati tanpa memanggil API Quinos.
[2026-04-14T09:52:19.072Z] 
════════════════════════════════════════════════════════════════════════
[2026-04-14T09:52:19.072Z] === LAPORAN PROGRES [10/360 — 3%] ===
[2026-04-14T09:52:19.072Z] ────────────────────────────────────────────────────────────────────────
[2026-04-14T09:52:19.072Z]   Diproses  : 10 dari 360 (3%)
[2026-04-14T09:52:19.072Z]   ✅ Sukses  : 1
[2026-04-14T09:52:19.072Z]   ⏭️  Dilewati: 9
[2026-04-14T09:52:19.072Z]   ❌ Error   : 0
[2026-04-14T09:52:19.072Z] ════════════════════════════════════════════════════════════════════════

[2026-04-14T09:52:22.075Z] 
[11/360] Memproses 2025-04-28 - LA.PIAZZA...
[2026-04-14T09:52:22.379Z]      ⏭️  Jurnal Penjualan sudah ada di Accurate.
[2026-04-14T09:52:22.495Z]      ⏭️  Jurnal Uang Masuk sudah ada di Accurate.
[2026-04-14T09:52:22.495Z]      ⏭️  Semua jurnal untuk hari ini sudah selesai, dilewati tanpa memanggil API Quinos.
[2026-04-14T09:52:25.496Z] 
[12/360] Memproses 2025-04-29 - LA.PIAZZA...
[2026-04-14T09:52:25.652Z]      ⏭️  Jurnal Penjualan sudah ada di Accurate.
[2026-04-14T09:52:25.847Z]      ⏭️  Jurnal Uang Masuk sudah ada di Accurate.
[2026-04-14T09:52:25.847Z]      ⏭️  Semua jurnal untuk hari ini sudah selesai, dilewati tanpa memanggil API Quinos.
[2026-04-14T09:52:28.848Z] 
[13/360] Memproses 2025-04-30 - LA.PIAZZA...
[2026-04-14T09:52:29.072Z]      ⏭️  Jurnal Penjualan sudah ada di Accurate.
[2026-04-14T09:52:29.196Z]      ⏭️  Jurnal Uang Masuk sudah ada di Accurate.
[2026-04-14T09:52:29.196Z]      ⏭️  Semua jurnal untuk hari ini sudah selesai, dilewati tanpa memanggil API Quinos.
[2026-04-14T09:52:32.197Z] 
[14/360] Memproses 2025-05-01 - LA.PIAZZA...
[2026-04-14T09:52:32.427Z]      ⏭️  Jurnal Penjualan sudah ada di Accurate.
[2026-04-14T09:52:32.642Z]      ⏭️  Jurnal Uang Masuk sudah ada di Accurate.
[2026-04-14T09:52:32.643Z]      ⏭️  Semua jurnal untuk hari ini sudah selesai, dilewati tanpa memanggil API Quinos.
[2026-04-14T09:52:35.645Z] 
[15/360] Memproses 2025-05-02 - LA.PIAZZA...
[2026-04-14T09:52:35.806Z]      ⏭️  Jurnal Penjualan sudah ada di Accurate.
[2026-04-14T09:52:35.934Z]      ⏭️  Jurnal Uang Masuk sudah ada di Accurate.
[2026-04-14T09:52:35.934Z]      ⏭️  Semua jurnal untuk hari ini sudah selesai, dilewati tanpa memanggil API Quinos.
[2026-04-14T09:52:38.937Z] 
[16/360] Memproses 2025-05-03 - LA.PIAZZA...
[2026-04-14T09:52:39.089Z]      ⏭️  Jurnal Penjualan sudah ada di Accurate.
[2026-04-14T09:52:39.209Z]      ⏭️  Jurnal Uang Masuk sudah ada di Accurate.
[2026-04-14T09:52:39.209Z]      ⏭️  Semua jurnal untuk hari ini sudah selesai, dilewati tanpa memanggil API Quinos.
[2026-04-14T09:52:42.211Z] 
[17/360] Memproses 2025-05-04 - LA.PIAZZA...
[2026-04-14T09:52:42.355Z]      ⏭️  Jurnal Penjualan sudah ada di Accurate.
[2026-04-14T09:52:42.470Z]      ⏭️  Jurnal Uang Masuk sudah ada di Accurate.
[2026-04-14T09:52:42.470Z]      ⏭️  Semua jurnal untuk hari ini sudah selesai, dilewati tanpa memanggil API Quinos.
[2026-04-14T09:52:45.472Z] 
[18/360] Memproses 2025-05-05 - LA.PIAZZA...
[2026-04-14T09:52:45.630Z]      ⏭️  Jurnal Penjualan sudah ada di Accurate.
[2026-04-14T09:52:45.784Z]      ⏭️  Jurnal Uang Masuk sudah ada di Accurate.
[2026-04-14T09:52:45.784Z]      ⏭️  Semua jurnal untuk hari ini sudah selesai, dilewati tanpa memanggil API Quinos.
[2026-04-14T09:52:48.785Z] 
[19/360] Memproses 2025-05-06 - LA.PIAZZA...
[2026-04-14T09:52:48.920Z]      ⏭️  Jurnal Penjualan sudah ada di Accurate.
[2026-04-14T09:52:49.027Z]      ⏭️  Jurnal Uang Masuk sudah ada di Accurate.
[2026-04-14T09:52:49.027Z]      ⏭️  Semua jurnal untuk hari ini sudah selesai, dilewati tanpa memanggil API Quinos.
[2026-04-14T09:52:52.030Z] 
[20/360] Memproses 2025-05-07 - LA.PIAZZA...
[2026-04-14T09:52:52.366Z]      ⏭️  Jurnal Penjualan sudah ada di Accurate.
[2026-04-14T09:52:52.567Z]      ⏭️  Jurnal Uang Masuk sudah ada di Accurate.
[2026-04-14T09:52:52.567Z]      ⏭️  Semua jurnal untuk hari ini sudah selesai, dilewati tanpa memanggil API Quinos.
[2026-04-14T09:52:52.568Z] 
════════════════════════════════════════════════════════════════════════
[2026-04-14T09:52:52.568Z] === LAPORAN PROGRES [20/360 — 6%] ===
[2026-04-14T09:52:52.568Z] ────────────────────────────────────────────────────────────────────────
[2026-04-14T09:52:52.568Z]   Diproses  : 20 dari 360 (6%)
[2026-04-14T09:52:52.568Z]   ✅ Sukses  : 1
[2026-04-14T09:52:52.568Z]   ⏭️  Dilewati: 19
[2026-04-14T09:52:52.568Z]   ❌ Error   : 0
[2026-04-14T09:52:52.568Z] ════════════════════════════════════════════════════════════════════════

[2026-04-14T09:52:55.569Z] 
[21/360] Memproses 2025-05-08 - LA.PIAZZA...
[2026-04-14T09:52:55.725Z]      ⏭️  Jurnal Penjualan sudah ada di Accurate.
[2026-04-14T09:52:55.840Z]      ⏭️  Jurnal Uang Masuk sudah ada di Accurate.
[2026-04-14T09:52:55.840Z]      ⏭️  Semua jurnal untuk hari ini sudah selesai, dilewati tanpa memanggil API Quinos.
[2026-04-14T09:52:58.843Z] 
[22/360] Memproses 2025-05-09 - LA.PIAZZA...
[2026-04-14T09:52:59.187Z]      ⏭️  Jurnal Penjualan sudah ada di Accurate.
[2026-04-14T09:52:59.305Z]      ⏭️  Jurnal Uang Masuk sudah ada di Accurate.
[2026-04-14T09:52:59.305Z]      ⏭️  Semua jurnal untuk hari ini sudah selesai, dilewati tanpa memanggil API Quinos.
[2026-04-14T09:53:02.306Z] 
[23/360] Memproses 2025-05-10 - LA.PIAZZA...
[2026-04-14T09:53:02.460Z]      ⏭️  Jurnal Penjualan sudah ada di Accurate.
[2026-04-14T09:53:02.586Z]      ⏭️  Jurnal Uang Masuk sudah ada di Accurate.
[2026-04-14T09:53:02.587Z]      ⏭️  Semua jurnal untuk hari ini sudah selesai, dilewati tanpa memanggil API Quinos.
[2026-04-14T09:53:05.589Z] 
[24/360] Memproses 2025-05-11 - LA.PIAZZA...
[2026-04-14T09:53:05.752Z]      ⏭️  Jurnal Penjualan sudah ada di Accurate.
[2026-04-14T09:53:05.871Z]      ⏭️  Jurnal Uang Masuk sudah ada di Accurate.
[2026-04-14T09:53:05.872Z]      ⏭️  Semua jurnal untuk hari ini sudah selesai, dilewati tanpa memanggil API Quinos.
[2026-04-14T09:53:08.874Z] 
[25/360] Memproses 2025-05-12 - LA.PIAZZA...
[2026-04-14T09:53:09.013Z]      ⏭️  Jurnal Penjualan sudah ada di Accurate.
[2026-04-14T09:53:09.152Z]      ⏭️  Jurnal Uang Masuk sudah ada di Accurate.
[2026-04-14T09:53:09.152Z]      ⏭️  Semua jurnal untuk hari ini sudah selesai, dilewati tanpa memanggil API Quinos.
[2026-04-14T09:53:12.154Z] 
[26/360] Memproses 2025-05-13 - LA.PIAZZA...
[2026-04-14T09:53:12.445Z]      ⏭️  Jurnal Penjualan sudah ada di Accurate.
[2026-04-14T09:53:12.691Z]      ⏭️  Jurnal Uang Masuk sudah ada di Accurate.
[2026-04-14T09:53:12.691Z]      ⏭️  Semua jurnal untuk hari ini sudah selesai, dilewati tanpa memanggil API Quinos.
[2026-04-14T09:53:15.693Z] 
[27/360] Memproses 2025-05-14 - LA.PIAZZA...
[2026-04-14T09:53:15.844Z]      ⏭️  Jurnal Penjualan sudah ada di Accurate.
[2026-04-14T09:53:15.968Z]      ⏭️  Jurnal Uang Masuk sudah ada di Accurate.
[2026-04-14T09:53:15.968Z]      ⏭️  Semua jurnal untuk hari ini sudah selesai, dilewati tanpa memanggil API Quinos.
[2026-04-14T09:53:18.970Z] 
[28/360] Memproses 2025-05-15 - LA.PIAZZA...
[2026-04-14T09:53:19.129Z]      ⏭️  Jurnal Penjualan sudah ada di Accurate.
[2026-04-14T09:53:19.243Z]      ⏭️  Jurnal Uang Masuk sudah ada di Accurate.
[2026-04-14T09:53:19.243Z]      ⏭️  Semua jurnal untuk hari ini sudah selesai, dilewati tanpa memanggil API Quinos.
[2026-04-14T09:53:22.245Z] 
[29/360] Memproses 2025-05-16 - LA.PIAZZA...
[2026-04-14T09:53:22.431Z]      ⏭️  Jurnal Penjualan sudah ada di Accurate.
[2026-04-14T09:53:22.571Z]      ⏭️  Jurnal Uang Masuk sudah ada di Accurate.
[2026-04-14T09:53:22.571Z]      ⏭️  Semua jurnal untuk hari ini sudah selesai, dilewati tanpa memanggil API Quinos.
[2026-04-14T09:53:25.573Z] 
[30/360] Memproses 2025-05-17 - LA.PIAZZA...
[2026-04-14T09:53:25.753Z]      ⏭️  Jurnal Penjualan sudah ada di Accurate.
[2026-04-14T09:53:25.954Z]      ⏭️  Jurnal Uang Masuk sudah ada di Accurate.
[2026-04-14T09:53:25.954Z]      ⏭️  Semua jurnal untuk hari ini sudah selesai, dilewati tanpa memanggil API Quinos.
[2026-04-14T09:53:25.955Z] 
════════════════════════════════════════════════════════════════════════
[2026-04-14T09:53:25.955Z] === LAPORAN PROGRES [30/360 — 8%] ===
[2026-04-14T09:53:25.955Z] ────────────────────────────────────────────────────────────────────────
[2026-04-14T09:53:25.955Z]   Diproses  : 30 dari 360 (8%)
[2026-04-14T09:53:25.955Z]   ✅ Sukses  : 1
[2026-04-14T09:53:25.955Z]   ⏭️  Dilewati: 29
[2026-04-14T09:53:25.955Z]   ❌ Error   : 0
[2026-04-14T09:53:25.955Z] ════════════════════════════════════════════════════════════════════════

[2026-04-14T09:53:28.957Z] 
[31/360] Memproses 2025-05-18 - LA.PIAZZA...
[2026-04-14T09:53:29.106Z]      ⏭️  Jurnal Penjualan sudah ada di Accurate.
[2026-04-14T09:53:29.279Z]      ⏭️  Jurnal Uang Masuk sudah ada di Accurate.
[2026-04-14T09:53:29.280Z]      ⏭️  Semua jurnal untuk hari ini sudah selesai, dilewati tanpa memanggil API Quinos.
[2026-04-14T09:53:32.281Z] 
[32/360] Memproses 2025-05-19 - LA.PIAZZA...
[2026-04-14T09:53:32.448Z]      ⏭️  Jurnal Penjualan sudah ada di Accurate.
[2026-04-14T09:53:32.590Z]      ⏭️  Jurnal Uang Masuk sudah ada di Accurate.
[2026-04-14T09:53:32.591Z]      ⏭️  Semua jurnal untuk hari ini sudah selesai, dilewati tanpa memanggil API Quinos.
[2026-04-14T09:53:35.592Z] 
[33/360] Memproses 2025-05-20 - LA.PIAZZA...
[2026-04-14T09:53:35.824Z]      ⏭️  Jurnal Penjualan sudah ada di Accurate.
[2026-04-14T09:53:35.943Z]      ⏭️  Jurnal Uang Masuk sudah ada di Accurate.
[2026-04-14T09:53:35.943Z]      ⏭️  Semua jurnal untuk hari ini sudah selesai, dilewati tanpa memanggil API Quinos.
[2026-04-14T09:53:38.945Z] 
[34/360] Memproses 2025-05-21 - LA.PIAZZA...
[2026-04-14T09:53:39.187Z]      ⏭️  Jurnal Penjualan sudah ada di Accurate.
[2026-04-14T09:53:44.141Z]      ⏭️  Jurnal Uang Masuk sudah ada di Accurate.
[2026-04-14T09:53:44.141Z]      ⏭️  Semua jurnal untuk hari ini sudah selesai, dilewati tanpa memanggil API Quinos.
[2026-04-14T09:53:47.144Z] 
[35/360] Memproses 2025-05-22 - LA.PIAZZA...
[2026-04-14T09:53:47.299Z]      ⏭️  Jurnal Penjualan sudah ada di Accurate.
[2026-04-14T09:53:47.424Z]      ⏭️  Jurnal Uang Masuk sudah ada di Accurate.
[2026-04-14T09:53:47.424Z]      ⏭️  Semua jurnal untuk hari ini sudah selesai, dilewati tanpa memanggil API Quinos.
[2026-04-14T09:53:50.427Z] 
[36/360] Memproses 2025-05-23 - LA.PIAZZA...
[2026-04-14T09:53:50.573Z]      ⏭️  Jurnal Penjualan sudah ada di Accurate.
[2026-04-14T09:53:50.685Z]      ⏭️  Jurnal Uang Masuk sudah ada di Accurate.
[2026-04-14T09:53:50.685Z]      ⏭️  Semua jurnal untuk hari ini sudah selesai, dilewati tanpa memanggil API Quinos.
[2026-04-14T09:53:53.687Z] 
[37/360] Memproses 2025-05-24 - LA.PIAZZA...
[2026-04-14T09:53:53.948Z]      📡 Mengambil data dari Quinos...
[2026-04-14T09:53:57.984Z]      ✅ Jurnal Penjualan OK
[2026-04-14T09:53:58.485Z]      ✅ Jurnal Uang Masuk OK (tanggal 25/05/2025)
[2026-04-14T09:54:01.486Z] 
[38/360] Memproses 2025-05-25 - LA.PIAZZA...
[2026-04-14T09:54:01.666Z]      ⏭️  Jurnal Penjualan sudah ada di Accurate.
[2026-04-14T09:54:01.840Z]      ⏭️  Jurnal Uang Masuk sudah ada di Accurate.
[2026-04-14T09:54:01.840Z]      ⏭️  Semua jurnal untuk hari ini sudah selesai, dilewati tanpa memanggil API Quinos.
[2026-04-14T09:54:04.843Z] 
[39/360] Memproses 2025-05-26 - LA.PIAZZA...
[2026-04-14T09:54:04.996Z]      ⏭️  Jurnal Penjualan sudah ada di Accurate.
[2026-04-14T09:54:05.130Z]      ⏭️  Jurnal Uang Masuk sudah ada di Accurate.
[2026-04-14T09:54:05.130Z]      ⏭️  Semua jurnal untuk hari ini sudah selesai, dilewati tanpa memanggil API Quinos.
[2026-04-14T09:54:08.132Z] 
[40/360] Memproses 2025-05-27 - LA.PIAZZA...
[2026-04-14T09:54:08.380Z]      ⏭️  Jurnal Penjualan sudah ada di Accurate.
[2026-04-14T09:54:08.490Z]      ⏭️  Jurnal Uang Masuk sudah ada di Accurate.
[2026-04-14T09:54:08.490Z]      ⏭️  Semua jurnal untuk hari ini sudah selesai, dilewati tanpa memanggil API Quinos.
[2026-04-14T09:54:08.490Z] 
════════════════════════════════════════════════════════════════════════
[2026-04-14T09:54:08.490Z] === LAPORAN PROGRES [40/360 — 11%] ===
[2026-04-14T09:54:08.490Z] ────────────────────────────────────────────────────────────────────────
[2026-04-14T09:54:08.490Z]   Diproses  : 40 dari 360 (11%)
[2026-04-14T09:54:08.490Z]   ✅ Sukses  : 2
[2026-04-14T09:54:08.490Z]   ⏭️  Dilewati: 38
[2026-04-14T09:54:08.490Z]   ❌ Error   : 0
[2026-04-14T09:54:08.491Z] ════════════════════════════════════════════════════════════════════════

[2026-04-14T09:54:11.493Z] 
[41/360] Memproses 2025-05-28 - LA.PIAZZA...
[2026-04-14T09:54:11.690Z]      ⏭️  Jurnal Penjualan sudah ada di Accurate.
[2026-04-14T09:54:11.829Z]      ⏭️  Jurnal Uang Masuk sudah ada di Accurate.
[2026-04-14T09:54:11.830Z]      ⏭️  Semua jurnal untuk hari ini sudah selesai, dilewati tanpa memanggil API Quinos.
[2026-04-14T09:54:14.831Z] 
[42/360] Memproses 2025-05-29 - LA.PIAZZA...
[2026-04-14T09:54:15.016Z]      ⏭️  Jurnal Penjualan sudah ada di Accurate.
[2026-04-14T09:54:15.145Z]      ⏭️  Jurnal Uang Masuk sudah ada di Accurate.
[2026-04-14T09:54:15.145Z]      ⏭️  Semua jurnal untuk hari ini sudah selesai, dilewati tanpa memanggil API Quinos.
[2026-04-14T09:54:18.146Z] 
[43/360] Memproses 2025-05-30 - LA.PIAZZA...
[2026-04-14T09:54:18.319Z]      ⏭️  Jurnal Penjualan sudah ada di Accurate.
[2026-04-14T09:54:18.452Z]      ⏭️  Jurnal Uang Masuk sudah ada di Accurate.
[2026-04-14T09:54:18.452Z]      ⏭️  Semua jurnal untuk hari ini sudah selesai, dilewati tanpa memanggil API Quinos.
[2026-04-14T09:54:21.453Z] 
[44/360] Memproses 2025-05-31 - LA.PIAZZA...
[2026-04-14T09:54:21.760Z]      ⏭️  Jurnal Penjualan sudah ada di Accurate.
[2026-04-14T09:54:21.885Z]      ⏭️  Jurnal Uang Masuk sudah ada di Accurate.
[2026-04-14T09:54:21.885Z]      ⏭️  Semua jurnal untuk hari ini sudah selesai, dilewati tanpa memanggil API Quinos.
[2026-04-14T09:54:24.887Z] 
[45/360] Memproses 2025-06-01 - LA.PIAZZA...
[2026-04-14T09:54:25.101Z]      ⏭️  Jurnal Penjualan sudah ada di Accurate.
[2026-04-14T09:54:25.229Z]      ⏭️  Jurnal Uang Masuk sudah ada di Accurate.
[2026-04-14T09:54:25.229Z]      ⏭️  Semua jurnal untuk hari ini sudah selesai, dilewati tanpa memanggil API Quinos.
[2026-04-14T09:54:28.231Z] 
[46/360] Memproses 2025-06-02 - LA.PIAZZA...
[2026-04-14T09:54:28.420Z]      ⏭️  Jurnal Penjualan sudah ada di Accurate.
[2026-04-14T09:54:28.537Z]      ⏭️  Jurnal Uang Masuk sudah ada di Accurate.
[2026-04-14T09:54:28.537Z]      ⏭️  Semua jurnal untuk hari ini sudah selesai, dilewati tanpa memanggil API Quinos.
[2026-04-14T09:54:31.539Z] 
[47/360] Memproses 2025-06-03 - LA.PIAZZA...
[2026-04-14T09:54:31.704Z]      ⏭️  Jurnal Penjualan sudah ada di Accurate.
[2026-04-14T09:54:31.834Z]      ⏭️  Jurnal Uang Masuk sudah ada di Accurate.
[2026-04-14T09:54:31.834Z]      ⏭️  Semua jurnal untuk hari ini sudah selesai, dilewati tanpa memanggil API Quinos.
[2026-04-14T09:54:34.835Z] 
[48/360] Memproses 2025-06-04 - LA.PIAZZA...
[2026-04-14T09:54:35.009Z]      ⏭️  Jurnal Penjualan sudah ada di Accurate.
[2026-04-14T09:54:35.129Z]      ⏭️  Jurnal Uang Masuk sudah ada di Accurate.
[2026-04-14T09:54:35.129Z]      ⏭️  Semua jurnal untuk hari ini sudah selesai, dilewati tanpa memanggil API Quinos.
[2026-04-14T09:54:38.131Z] 
[49/360] Memproses 2025-06-05 - LA.PIAZZA...
[2026-04-14T09:54:38.318Z]      ⏭️  Jurnal Penjualan sudah ada di Accurate.
[2026-04-14T09:54:38.435Z]      ⏭️  Jurnal Uang Masuk sudah ada di Accurate.
[2026-04-14T09:54:38.435Z]      ⏭️  Semua jurnal untuk hari ini sudah selesai, dilewati tanpa memanggil API Quinos.
[2026-04-14T09:54:41.437Z] 
[50/360] Memproses 2025-06-06 - LA.PIAZZA...
[2026-04-14T09:54:41.744Z]      ⏭️  Jurnal Penjualan sudah ada di Accurate.
[2026-04-14T09:54:41.895Z]      ⏭️  Jurnal Uang Masuk sudah ada di Accurate.
[2026-04-14T09:54:41.895Z]      ⏭️  Semua jurnal untuk hari ini sudah selesai, dilewati tanpa memanggil API Quinos.
[2026-04-14T09:54:41.895Z] 
════════════════════════════════════════════════════════════════════════
[2026-04-14T09:54:41.895Z] === LAPORAN PROGRES [50/360 — 14%] ===
[2026-04-14T09:54:41.895Z] ────────────────────────────────────────────────────────────────────────
[2026-04-14T09:54:41.895Z]   Diproses  : 50 dari 360 (14%)
[2026-04-14T09:54:41.895Z]   ✅ Sukses  : 2
[2026-04-14T09:54:41.895Z]   ⏭️  Dilewati: 48
[2026-04-14T09:54:41.895Z]   ❌ Error   : 0
[2026-04-14T09:54:41.896Z] ════════════════════════════════════════════════════════════════════════

[2026-04-14T09:54:44.898Z] 
[51/360] Memproses 2025-06-07 - LA.PIAZZA...
[2026-04-14T09:54:45.173Z]      ⏭️  Jurnal Penjualan sudah ada di Accurate.
[2026-04-14T09:54:45.304Z]      ⏭️  Jurnal Uang Masuk sudah ada di Accurate.
[2026-04-14T09:54:45.304Z]      ⏭️  Semua jurnal untuk hari ini sudah selesai, dilewati tanpa memanggil API Quinos.
[2026-04-14T09:54:48.305Z] 
[52/360] Memproses 2025-06-08 - LA.PIAZZA...
[2026-04-14T09:54:48.511Z]      ⏭️  Jurnal Penjualan sudah ada di Accurate.
[2026-04-14T09:54:48.680Z]      ⏭️  Jurnal Uang Masuk sudah ada di Accurate.
[2026-04-14T09:54:48.680Z]      ⏭️  Semua jurnal untuk hari ini sudah selesai, dilewati tanpa memanggil API Quinos.
[2026-04-14T09:54:51.681Z] 
[53/360] Memproses 2025-06-09 - LA.PIAZZA...
[2026-04-14T09:54:51.945Z]      ⏭️  Jurnal Penjualan sudah ada di Accurate.
[2026-04-14T09:54:52.076Z]      ⏭️  Jurnal Uang Masuk sudah ada di Accurate.
[2026-04-14T09:54:52.077Z]      ⏭️  Semua jurnal untuk hari ini sudah selesai, dilewati tanpa memanggil API Quinos.
[2026-04-14T09:54:55.078Z] 
[54/360] Memproses 2025-06-10 - LA.PIAZZA...
[2026-04-14T09:54:55.252Z]      ⏭️  Jurnal Penjualan sudah ada di Accurate.
[2026-04-14T09:54:55.376Z]      ⏭️  Jurnal Uang Masuk sudah ada di Accurate.
[2026-04-14T09:54:55.376Z]      ⏭️  Semua jurnal untuk hari ini sudah selesai, dilewati tanpa memanggil API Quinos.
[2026-04-14T09:54:58.378Z] 
[55/360] Memproses 2025-06-11 - LA.PIAZZA...
[2026-04-14T09:54:58.555Z]      ⏭️  Jurnal Penjualan sudah ada di Accurate.
[2026-04-14T09:54:58.706Z]      ⏭️  Jurnal Uang Masuk sudah ada di Accurate.
[2026-04-14T09:54:58.706Z]      ⏭️  Semua jurnal untuk hari ini sudah selesai, dilewati tanpa memanggil API Quinos.
[2026-04-14T09:55:01.708Z] 
[56/360] Memproses 2025-06-12 - LA.PIAZZA...
[2026-04-14T09:55:06.576Z]      ⏭️  Jurnal Penjualan sudah ada di Accurate.
[2026-04-14T09:55:06.721Z]      ⏭️  Jurnal Uang Masuk sudah ada di Accurate.
[2026-04-14T09:55:06.721Z]      ⏭️  Semua jurnal untuk hari ini sudah selesai, dilewati tanpa memanggil API Quinos.
[2026-04-14T09:55:09.723Z] 
[57/360] Memproses 2025-06-13 - LA.PIAZZA...
[2026-04-14T09:55:09.866Z]      ⏭️  Jurnal Penjualan sudah ada di Accurate.
[2026-04-14T09:55:10.003Z]      ⏭️  Jurnal Uang Masuk sudah ada di Accurate.
[2026-04-14T09:55:10.003Z]      ⏭️  Semua jurnal untuk hari ini sudah selesai, dilewati tanpa memanggil API Quinos.
[2026-04-14T09:55:13.005Z] 
[58/360] Memproses 2025-06-14 - LA.PIAZZA...
[2026-04-14T09:55:13.161Z]      ⏭️  Jurnal Penjualan sudah ada di Accurate.
[2026-04-14T09:55:13.332Z]      ⏭️  Jurnal Uang Masuk sudah ada di Accurate.
[2026-04-14T09:55:13.332Z]      ⏭️  Semua jurnal untuk hari ini sudah selesai, dilewati tanpa memanggil API Quinos.
[2026-04-14T09:55:16.335Z] 
[59/360] Memproses 2025-06-15 - LA.PIAZZA...
[2026-04-14T09:55:16.721Z]      ⏭️  Jurnal Penjualan sudah ada di Accurate.
[2026-04-14T09:55:16.937Z]      ⏭️  Jurnal Uang Masuk sudah ada di Accurate.
[2026-04-14T09:55:16.937Z]      ⏭️  Semua jurnal untuk hari ini sudah selesai, dilewati tanpa memanggil API Quinos.
[2026-04-14T09:55:19.938Z] 
[60/360] Memproses 2025-06-16 - LA.PIAZZA...
[2026-04-14T09:55:20.130Z]      ⏭️  Jurnal Penjualan sudah ada di Accurate.
[2026-04-14T09:55:20.246Z]      ⏭️  Jurnal Uang Masuk sudah ada di Accurate.
[2026-04-14T09:55:20.246Z]      ⏭️  Semua jurnal untuk hari ini sudah selesai, dilewati tanpa memanggil API Quinos.
[2026-04-14T09:55:20.246Z] 
════════════════════════════════════════════════════════════════════════
[2026-04-14T09:55:20.246Z] === LAPORAN PROGRES [60/360 — 17%] ===
[2026-04-14T09:55:20.246Z] ────────────────────────────────────────────────────────────────────────
[2026-04-14T09:55:20.246Z]   Diproses  : 60 dari 360 (17%)
[2026-04-14T09:55:20.246Z]   ✅ Sukses  : 2
[2026-04-14T09:55:20.246Z]   ⏭️  Dilewati: 58
[2026-04-14T09:55:20.246Z]   ❌ Error   : 0
[2026-04-14T09:55:20.246Z] ════════════════════════════════════════════════════════════════════════

[2026-04-14T09:55:23.249Z] 
[61/360] Memproses 2025-06-17 - LA.PIAZZA...
[2026-04-14T09:55:23.443Z]      ⏭️  Jurnal Penjualan sudah ada di Accurate.
[2026-04-14T09:55:23.586Z]      ⏭️  Jurnal Uang Masuk sudah ada di Accurate.
[2026-04-14T09:55:23.586Z]      ⏭️  Semua jurnal untuk hari ini sudah selesai, dilewati tanpa memanggil API Quinos.
[2026-04-14T09:55:26.587Z] 
[62/360] Memproses 2025-06-18 - LA.PIAZZA...
[2026-04-14T09:55:27.273Z]      ⏭️  Jurnal Penjualan sudah ada di Accurate.
[2026-04-14T09:55:27.416Z]      ⏭️  Jurnal Uang Masuk sudah ada di Accurate.
[2026-04-14T09:55:27.416Z]      ⏭️  Semua jurnal untuk hari ini sudah selesai, dilewati tanpa memanggil API Quinos.
[2026-04-14T09:55:30.417Z] 
[63/360] Memproses 2025-06-19 - LA.PIAZZA...
[2026-04-14T09:55:30.975Z]      ⏭️  Jurnal Penjualan sudah ada di Accurate.
[2026-04-14T09:55:31.105Z]      ⏭️  Jurnal Uang Masuk sudah ada di Accurate.
[2026-04-14T09:55:31.105Z]      ⏭️  Semua jurnal untuk hari ini sudah selesai, dilewati tanpa memanggil API Quinos.
[2026-04-14T09:55:34.107Z] 
[64/360] Memproses 2025-06-20 - LA.PIAZZA...
[2026-04-14T09:55:34.343Z]      ⏭️  Jurnal Penjualan sudah ada di Accurate.
[2026-04-14T09:55:34.487Z]      ⏭️  Jurnal Uang Masuk sudah ada di Accurate.
[2026-04-14T09:55:34.487Z]      ⏭️  Semua jurnal untuk hari ini sudah selesai, dilewati tanpa memanggil API Quinos.
[2026-04-14T09:55:37.489Z] 
[65/360] Memproses 2025-06-21 - LA.PIAZZA...
[2026-04-14T09:55:37.672Z]      ⏭️  Jurnal Penjualan sudah ada di Accurate.
[2026-04-14T09:55:37.802Z]      ⏭️  Jurnal Uang Masuk sudah ada di Accurate.
[2026-04-14T09:55:37.803Z]      ⏭️  Semua jurnal untuk hari ini sudah selesai, dilewati tanpa memanggil API Quinos.
[2026-04-14T09:55:40.805Z] 
[66/360] Memproses 2025-06-22 - LA.PIAZZA...
[2026-04-14T09:55:41.100Z]      ⏭️  Jurnal Penjualan sudah ada di Accurate.
[2026-04-14T09:55:41.240Z]      ⏭️  Jurnal Uang Masuk sudah ada di Accurate.
[2026-04-14T09:55:41.240Z]      ⏭️  Semua jurnal untuk hari ini sudah selesai, dilewati tanpa memanggil API Quinos.
[2026-04-14T09:55:44.247Z] 
[67/360] Memproses 2025-06-23 - LA.PIAZZA...
[2026-04-14T09:55:44.410Z]      ⏭️  Jurnal Penjualan sudah ada di Accurate.
[2026-04-14T09:55:44.527Z]      ⏭️  Jurnal Uang Masuk sudah ada di Accurate.
[2026-04-14T09:55:44.527Z]      ⏭️  Semua jurnal untuk hari ini sudah selesai, dilewati tanpa memanggil API Quinos.
[2026-04-14T09:55:47.529Z] 
[68/360] Memproses 2025-06-24 - LA.PIAZZA...
[2026-04-14T09:55:47.688Z]      ⏭️  Jurnal Penjualan sudah ada di Accurate.
[2026-04-14T09:55:47.805Z]      ⏭️  Jurnal Uang Masuk sudah ada di Accurate.
[2026-04-14T09:55:47.805Z]      ⏭️  Semua jurnal untuk hari ini sudah selesai, dilewati tanpa memanggil API Quinos.
[2026-04-14T09:55:50.807Z] 
[69/360] Memproses 2025-06-25 - LA.PIAZZA...
[2026-04-14T09:55:51.000Z]      ⏭️  Jurnal Penjualan sudah ada di Accurate.
[2026-04-14T09:55:51.122Z]      ⏭️  Jurnal Uang Masuk sudah ada di Accurate.
[2026-04-14T09:55:51.122Z]      ⏭️  Semua jurnal untuk hari ini sudah selesai, dilewati tanpa memanggil API Quinos.
[2026-04-14T09:55:54.124Z] 
[70/360] Memproses 2025-06-26 - LA.PIAZZA...
[2026-04-14T09:55:54.279Z]      ⏭️  Jurnal Penjualan sudah ada di Accurate.
[2026-04-14T09:55:54.407Z]      ⏭️  Jurnal Uang Masuk sudah ada di Accurate.
[2026-04-14T09:55:54.407Z]      ⏭️  Semua jurnal untuk hari ini sudah selesai, dilewati tanpa memanggil API Quinos.
[2026-04-14T09:55:54.407Z] 
════════════════════════════════════════════════════════════════════════
[2026-04-14T09:55:54.407Z] === LAPORAN PROGRES [70/360 — 19%] ===
[2026-04-14T09:55:54.407Z] ────────────────────────────────────────────────────────────────────────
[2026-04-14T09:55:54.407Z]   Diproses  : 70 dari 360 (19%)
[2026-04-14T09:55:54.408Z]   ✅ Sukses  : 2
[2026-04-14T09:55:54.408Z]   ⏭️  Dilewati: 68
[2026-04-14T09:55:54.408Z]   ❌ Error   : 0
[2026-04-14T09:55:54.408Z] ════════════════════════════════════════════════════════════════════════

[2026-04-14T09:55:57.413Z] 
[71/360] Memproses 2025-06-27 - LA.PIAZZA...
[2026-04-14T09:55:57.656Z]      ⏭️  Jurnal Penjualan sudah ada di Accurate.
[2026-04-14T09:55:57.772Z]      ⏭️  Jurnal Uang Masuk sudah ada di Accurate.
[2026-04-14T09:55:57.773Z]      ⏭️  Semua jurnal untuk hari ini sudah selesai, dilewati tanpa memanggil API Quinos.
[2026-04-14T09:56:00.775Z] 
[72/360] Memproses 2025-06-28 - LA.PIAZZA...
[2026-04-14T09:56:00.952Z]      ⏭️  Jurnal Penjualan sudah ada di Accurate.
[2026-04-14T09:56:01.099Z]      ⏭️  Jurnal Uang Masuk sudah ada di Accurate.
[2026-04-14T09:56:01.099Z]      ⏭️  Semua jurnal untuk hari ini sudah selesai, dilewati tanpa memanggil API Quinos.
[2026-04-14T09:56:04.102Z] 
[73/360] Memproses 2025-06-29 - LA.PIAZZA...
[2026-04-14T09:56:04.277Z]      ⏭️  Jurnal Penjualan sudah ada di Accurate.
[2026-04-14T09:56:04.399Z]      ⏭️  Jurnal Uang Masuk sudah ada di Accurate.
[2026-04-14T09:56:04.399Z]      ⏭️  Semua jurnal untuk hari ini sudah selesai, dilewati tanpa memanggil API Quinos.
[2026-04-14T09:56:07.402Z] 
[74/360] Memproses 2025-06-30 - LA.PIAZZA...
[2026-04-14T09:56:07.666Z]      ⏭️  Jurnal Penjualan sudah ada di Accurate.
[2026-04-14T09:56:07.832Z]      ⏭️  Jurnal Uang Masuk sudah ada di Accurate.
[2026-04-14T09:56:07.832Z]      ⏭️  Semua jurnal untuk hari ini sudah selesai, dilewati tanpa memanggil API Quinos.
[2026-04-14T09:56:10.835Z] 
[75/360] Memproses 2025-07-01 - LA.PIAZZA...
[2026-04-14T09:56:11.175Z]      ⏭️  Jurnal Penjualan sudah ada di Accurate.
[2026-04-14T09:56:11.345Z]      ⏭️  Jurnal Uang Masuk sudah ada di Accurate.
[2026-04-14T09:56:11.346Z]      ⏭️  Semua jurnal untuk hari ini sudah selesai, dilewati tanpa memanggil API Quinos.
[2026-04-14T09:56:14.348Z] 
[76/360] Memproses 2025-07-02 - LA.PIAZZA...
[2026-04-14T09:56:14.690Z]      ⏭️  Jurnal Penjualan sudah ada di Accurate.
[2026-04-14T09:56:14.833Z]      ⏭️  Jurnal Uang Masuk sudah ada di Accurate.
[2026-04-14T09:56:14.833Z]      ⏭️  Semua jurnal untuk hari ini sudah selesai, dilewati tanpa memanggil API Quinos.
[2026-04-14T09:56:17.835Z] 
[77/360] Memproses 2025-07-03 - LA.PIAZZA...
[2026-04-14T09:56:18.014Z]      ⏭️  Jurnal Penjualan sudah ada di Accurate.
[2026-04-14T09:56:18.121Z]      ⏭️  Jurnal Uang Masuk sudah ada di Accurate.
[2026-04-14T09:56:18.121Z]      ⏭️  Semua jurnal untuk hari ini sudah selesai, dilewati tanpa memanggil API Quinos.
[2026-04-14T09:56:21.124Z] 
[78/360] Memproses 2025-07-04 - LA.PIAZZA...
[2026-04-14T09:56:21.267Z]      ⏭️  Jurnal Penjualan sudah ada di Accurate.
[2026-04-14T09:56:21.378Z]      ⏭️  Jurnal Uang Masuk sudah ada di Accurate.
[2026-04-14T09:56:21.378Z]      ⏭️  Semua jurnal untuk hari ini sudah selesai, dilewati tanpa memanggil API Quinos.
[2026-04-14T09:56:24.379Z] 
[79/360] Memproses 2025-07-05 - LA.PIAZZA...
[2026-04-14T09:56:24.551Z]      ⏭️  Jurnal Penjualan sudah ada di Accurate.
[2026-04-14T09:56:24.737Z]      ⏭️  Jurnal Uang Masuk sudah ada di Accurate.
[2026-04-14T09:56:24.737Z]      ⏭️  Semua jurnal untuk hari ini sudah selesai, dilewati tanpa memanggil API Quinos.
[2026-04-14T09:56:27.738Z] 
[80/360] Memproses 2025-07-06 - LA.PIAZZA...
[2026-04-14T09:56:27.901Z]      ⏭️  Jurnal Penjualan sudah ada di Accurate.
[2026-04-14T09:56:28.031Z]      ⏭️  Jurnal Uang Masuk sudah ada di Accurate.
[2026-04-14T09:56:28.032Z]      ⏭️  Semua jurnal untuk hari ini sudah selesai, dilewati tanpa memanggil API Quinos.
[2026-04-14T09:56:28.032Z] 
════════════════════════════════════════════════════════════════════════
[2026-04-14T09:56:28.032Z] === LAPORAN PROGRES [80/360 — 22%] ===
[2026-04-14T09:56:28.032Z] ────────────────────────────────────────────────────────────────────────
[2026-04-14T09:56:28.032Z]   Diproses  : 80 dari 360 (22%)
[2026-04-14T09:56:28.032Z]   ✅ Sukses  : 2
[2026-04-14T09:56:28.032Z]   ⏭️  Dilewati: 78
[2026-04-14T09:56:28.033Z]   ❌ Error   : 0
[2026-04-14T09:56:28.033Z] ════════════════════════════════════════════════════════════════════════

[2026-04-14T09:56:31.035Z] 
[81/360] Memproses 2025-07-07 - LA.PIAZZA...
[2026-04-14T09:56:31.186Z]      ⏭️  Jurnal Penjualan sudah ada di Accurate.
[2026-04-14T09:56:31.399Z]      ⏭️  Jurnal Uang Masuk sudah ada di Accurate.
[2026-04-14T09:56:31.399Z]      ⏭️  Semua jurnal untuk hari ini sudah selesai, dilewati tanpa memanggil API Quinos.
[2026-04-14T09:56:34.401Z] 
[82/360] Memproses 2025-07-08 - LA.PIAZZA...
[2026-04-14T09:56:34.540Z]      ⏭️  Jurnal Penjualan sudah ada di Accurate.
[2026-04-14T09:56:34.663Z]      ⏭️  Jurnal Uang Masuk sudah ada di Accurate.
[2026-04-14T09:56:34.663Z]      ⏭️  Semua jurnal untuk hari ini sudah selesai, dilewati tanpa memanggil API Quinos.
[2026-04-14T09:56:37.664Z] 
[83/360] Memproses 2025-07-09 - LA.PIAZZA...
[2026-04-14T09:56:37.811Z]      ⏭️  Jurnal Penjualan sudah ada di Accurate.
[2026-04-14T09:56:37.941Z]      ⏭️  Jurnal Uang Masuk sudah ada di Accurate.
[2026-04-14T09:56:37.941Z]      ⏭️  Semua jurnal untuk hari ini sudah selesai, dilewati tanpa memanggil API Quinos.
[2026-04-14T09:56:40.944Z] 
[84/360] Memproses 2025-07-10 - LA.PIAZZA...
[2026-04-14T09:56:41.414Z]      ⏭️  Jurnal Penjualan sudah ada di Accurate.
[2026-04-14T09:56:41.532Z]      ⏭️  Jurnal Uang Masuk sudah ada di Accurate.
[2026-04-14T09:56:41.532Z]      ⏭️  Semua jurnal untuk hari ini sudah selesai, dilewati tanpa memanggil API Quinos.
[2026-04-14T09:56:44.534Z] 
[85/360] Memproses 2025-07-11 - LA.PIAZZA...
[2026-04-14T09:56:44.689Z]      ⏭️  Jurnal Penjualan sudah ada di Accurate.
[2026-04-14T09:56:44.933Z]      ⏭️  Jurnal Uang Masuk sudah ada di Accurate.
[2026-04-14T09:56:44.934Z]      ⏭️  Semua jurnal untuk hari ini sudah selesai, dilewati tanpa memanggil API Quinos.
[2026-04-14T09:56:47.935Z] 
[86/360] Memproses 2025-07-12 - LA.PIAZZA...
[2026-04-14T09:56:48.170Z]      ⏭️  Jurnal Penjualan sudah ada di Accurate.
[2026-04-14T09:56:48.296Z]      ⏭️  Jurnal Uang Masuk sudah ada di Accurate.
[2026-04-14T09:56:48.297Z]      ⏭️  Semua jurnal untuk hari ini sudah selesai, dilewati tanpa memanggil API Quinos.
[2026-04-14T09:56:51.299Z] 
[87/360] Memproses 2025-07-13 - LA.PIAZZA...
[2026-04-14T09:56:51.476Z]      ⏭️  Jurnal Penjualan sudah ada di Accurate.
[2026-04-14T09:56:51.686Z]      ⏭️  Jurnal Uang Masuk sudah ada di Accurate.
[2026-04-14T09:56:51.686Z]      ⏭️  Semua jurnal untuk hari ini sudah selesai, dilewati tanpa memanggil API Quinos.
[2026-04-14T09:56:54.687Z] 
[88/360] Memproses 2025-07-14 - LA.PIAZZA...
[2026-04-14T09:56:54.837Z]      ⏭️  Jurnal Penjualan sudah ada di Accurate.
[2026-04-14T09:56:54.971Z]      ⏭️  Jurnal Uang Masuk sudah ada di Accurate.
[2026-04-14T09:56:54.971Z]      ⏭️  Semua jurnal untuk hari ini sudah selesai, dilewati tanpa memanggil API Quinos.
[2026-04-14T09:56:57.972Z] 
[89/360] Memproses 2025-07-15 - LA.PIAZZA...
[2026-04-14T09:56:58.208Z]      ⏭️  Jurnal Penjualan sudah ada di Accurate.
[2026-04-14T09:56:58.320Z]      ⏭️  Jurnal Uang Masuk sudah ada di Accurate.
[2026-04-14T09:56:58.320Z]      ⏭️  Semua jurnal untuk hari ini sudah selesai, dilewati tanpa memanggil API Quinos.
[2026-04-14T09:57:01.321Z] 
[90/360] Memproses 2025-07-16 - LA.PIAZZA...
[2026-04-14T09:57:01.479Z]      ⏭️  Jurnal Penjualan sudah ada di Accurate.
[2026-04-14T09:57:01.689Z]      ⏭️  Jurnal Uang Masuk sudah ada di Accurate.
[2026-04-14T09:57:01.689Z]      ⏭️  Semua jurnal untuk hari ini sudah selesai, dilewati tanpa memanggil API Quinos.
[2026-04-14T09:57:01.689Z] 
════════════════════════════════════════════════════════════════════════
[2026-04-14T09:57:01.689Z] === LAPORAN PROGRES [90/360 — 25%] ===
[2026-04-14T09:57:01.689Z] ────────────────────────────────────────────────────────────────────────
[2026-04-14T09:57:01.689Z]   Diproses  : 90 dari 360 (25%)
[2026-04-14T09:57:01.689Z]   ✅ Sukses  : 2
[2026-04-14T09:57:01.689Z]   ⏭️  Dilewati: 88
[2026-04-14T09:57:01.689Z]   ❌ Error   : 0
[2026-04-14T09:57:01.689Z] ════════════════════════════════════════════════════════════════════════

[2026-04-14T09:57:04.691Z] 
[91/360] Memproses 2025-07-17 - LA.PIAZZA...
[2026-04-14T09:57:05.065Z]      ⏭️  Jurnal Penjualan sudah ada di Accurate.
[2026-04-14T09:57:05.258Z]      ⏭️  Jurnal Uang Masuk sudah ada di Accurate.
[2026-04-14T09:57:05.258Z]      ⏭️  Semua jurnal untuk hari ini sudah selesai, dilewati tanpa memanggil API Quinos.
[2026-04-14T09:57:08.263Z] 
[92/360] Memproses 2025-07-18 - LA.PIAZZA...
[2026-04-14T09:57:08.409Z]      ⏭️  Jurnal Penjualan sudah ada di Accurate.
[2026-04-14T09:57:08.518Z]      ⏭️  Jurnal Uang Masuk sudah ada di Accurate.
[2026-04-14T09:57:08.518Z]      ⏭️  Semua jurnal untuk hari ini sudah selesai, dilewati tanpa memanggil API Quinos.
[2026-04-14T09:57:11.520Z] 
[93/360] Memproses 2025-07-19 - LA.PIAZZA...
[2026-04-14T09:57:11.819Z]      ⏭️  Jurnal Penjualan sudah ada di Accurate.
[2026-04-14T09:57:12.007Z]      ⏭️  Jurnal Uang Masuk sudah ada di Accurate.
[2026-04-14T09:57:12.008Z]      ⏭️  Semua jurnal untuk hari ini sudah selesai, dilewati tanpa memanggil API Quinos.
[2026-04-14T09:57:15.009Z] 
[94/360] Memproses 2025-07-20 - LA.PIAZZA...
[2026-04-14T09:57:15.173Z]      ⏭️  Jurnal Penjualan sudah ada di Accurate.
[2026-04-14T09:57:15.285Z]      ⏭️  Jurnal Uang Masuk sudah ada di Accurate.
[2026-04-14T09:57:15.285Z]      ⏭️  Semua jurnal untuk hari ini sudah selesai, dilewati tanpa memanggil API Quinos.
[2026-04-14T09:57:18.288Z] 
[95/360] Memproses 2025-07-21 - LA.PIAZZA...
[2026-04-14T09:57:18.435Z]      ⏭️  Jurnal Penjualan sudah ada di Accurate.
[2026-04-14T09:57:18.559Z]      ⏭️  Jurnal Uang Masuk sudah ada di Accurate.
[2026-04-14T09:57:18.559Z]      ⏭️  Semua jurnal untuk hari ini sudah selesai, dilewati tanpa memanggil API Quinos.
[2026-04-14T09:57:21.560Z] 
[96/360] Memproses 2025-07-22 - LA.PIAZZA...
[2026-04-14T09:57:21.716Z]      ⏭️  Jurnal Penjualan sudah ada di Accurate.
[2026-04-14T09:57:21.825Z]      ⏭️  Jurnal Uang Masuk sudah ada di Accurate.
[2026-04-14T09:57:21.826Z]      ⏭️  Semua jurnal untuk hari ini sudah selesai, dilewati tanpa memanggil API Quinos.
[2026-04-14T09:57:24.827Z] 
[97/360] Memproses 2025-07-23 - LA.PIAZZA...
[2026-04-14T09:57:25.081Z]      ⏭️  Jurnal Penjualan sudah ada di Accurate.
[2026-04-14T09:57:25.210Z]      ⏭️  Jurnal Uang Masuk sudah ada di Accurate.
[2026-04-14T09:57:25.210Z]      ⏭️  Semua jurnal untuk hari ini sudah selesai, dilewati tanpa memanggil API Quinos.
[2026-04-14T09:57:28.212Z] 
[98/360] Memproses 2025-07-24 - LA.PIAZZA...
[2026-04-14T09:57:28.493Z]      ⏭️  Jurnal Penjualan sudah ada di Accurate.
[2026-04-14T09:57:28.656Z]      ⏭️  Jurnal Uang Masuk sudah ada di Accurate.
[2026-04-14T09:57:28.657Z]      ⏭️  Semua jurnal untuk hari ini sudah selesai, dilewati tanpa memanggil API Quinos.
[2026-04-14T09:57:31.659Z] 
[99/360] Memproses 2025-07-25 - LA.PIAZZA...
[2026-04-14T09:57:31.808Z]      ⏭️  Jurnal Penjualan sudah ada di Accurate.
[2026-04-14T09:57:32.032Z]      ⏭️  Jurnal Uang Masuk sudah ada di Accurate.
[2026-04-14T09:57:32.032Z]      ⏭️  Semua jurnal untuk hari ini sudah selesai, dilewati tanpa memanggil API Quinos.
[2026-04-14T09:57:35.034Z] 
[100/360] Memproses 2025-07-26 - LA.PIAZZA...
[2026-04-14T09:57:35.194Z]      ⏭️  Jurnal Penjualan sudah ada di Accurate.
[2026-04-14T09:57:35.327Z]      ⏭️  Jurnal Uang Masuk sudah ada di Accurate.
[2026-04-14T09:57:35.328Z]      ⏭️  Semua jurnal untuk hari ini sudah selesai, dilewati tanpa memanggil API Quinos.
[2026-04-14T09:57:35.328Z] 
════════════════════════════════════════════════════════════════════════
[2026-04-14T09:57:35.328Z] === LAPORAN PROGRES [100/360 — 28%] ===
[2026-04-14T09:57:35.328Z] ────────────────────────────────────────────────────────────────────────
[2026-04-14T09:57:35.328Z]   Diproses  : 100 dari 360 (28%)
[2026-04-14T09:57:35.328Z]   ✅ Sukses  : 2
[2026-04-14T09:57:35.328Z]   ⏭️  Dilewati: 98
[2026-04-14T09:57:35.328Z]   ❌ Error   : 0
[2026-04-14T09:57:35.328Z] ════════════════════════════════════════════════════════════════════════

[2026-04-14T09:57:38.330Z] 
[101/360] Memproses 2025-07-27 - LA.PIAZZA...
[2026-04-14T09:57:38.473Z]      ⏭️  Jurnal Penjualan sudah ada di Accurate.
[2026-04-14T09:57:38.600Z]      ⏭️  Jurnal Uang Masuk sudah ada di Accurate.
[2026-04-14T09:57:38.600Z]      ⏭️  Semua jurnal untuk hari ini sudah selesai, dilewati tanpa memanggil API Quinos.
[2026-04-14T09:57:41.602Z] 
[102/360] Memproses 2025-07-28 - LA.PIAZZA...
[2026-04-14T09:57:41.757Z]      ⏭️  Jurnal Penjualan sudah ada di Accurate.
[2026-04-14T09:57:41.872Z]      ⏭️  Jurnal Uang Masuk sudah ada di Accurate.
[2026-04-14T09:57:41.872Z]      ⏭️  Semua jurnal untuk hari ini sudah selesai, dilewati tanpa memanggil API Quinos.
[2026-04-14T09:57:44.874Z] 
[103/360] Memproses 2025-07-29 - LA.PIAZZA...
[2026-04-14T09:57:45.093Z]      ⏭️  Jurnal Penjualan sudah ada di Accurate.
[2026-04-14T09:57:45.211Z]      ⏭️  Jurnal Uang Masuk sudah ada di Accurate.
[2026-04-14T09:57:45.212Z]      ⏭️  Semua jurnal untuk hari ini sudah selesai, dilewati tanpa memanggil API Quinos.
[2026-04-14T09:57:48.213Z] 
[104/360] Memproses 2025-07-30 - LA.PIAZZA...
[2026-04-14T09:57:48.356Z]      ⏭️  Jurnal Penjualan sudah ada di Accurate.
[2026-04-14T09:57:48.474Z]      ⏭️  Jurnal Uang Masuk sudah ada di Accurate.
[2026-04-14T09:57:48.474Z]      ⏭️  Semua jurnal untuk hari ini sudah selesai, dilewati tanpa memanggil API Quinos.
[2026-04-14T09:57:51.476Z] 
[105/360] Memproses 2025-07-31 - LA.PIAZZA...
[2026-04-14T09:57:51.663Z]      ⏭️  Jurnal Penjualan sudah ada di Accurate.
[2026-04-14T09:57:51.787Z]      ⏭️  Jurnal Uang Masuk sudah ada di Accurate.
[2026-04-14T09:57:51.788Z]      ⏭️  Semua jurnal untuk hari ini sudah selesai, dilewati tanpa memanggil API Quinos.
[2026-04-14T09:57:54.790Z] 
[106/360] Memproses 2025-08-01 - LA.PIAZZA...
[2026-04-14T09:57:54.941Z]      ⏭️  Jurnal Penjualan sudah ada di Accurate.
[2026-04-14T09:57:55.074Z]      ⏭️  Jurnal Uang Masuk sudah ada di Accurate.
[2026-04-14T09:57:55.074Z]      ⏭️  Semua jurnal untuk hari ini sudah selesai, dilewati tanpa memanggil API Quinos.
[2026-04-14T09:57:58.076Z] 
[107/360] Memproses 2025-08-02 - LA.PIAZZA...
[2026-04-14T09:57:58.541Z]      ⏭️  Jurnal Penjualan sudah ada di Accurate.
[2026-04-14T09:57:58.996Z]      ⏭️  Jurnal Uang Masuk sudah ada di Accurate.
[2026-04-14T09:57:58.997Z]      ⏭️  Semua jurnal untuk hari ini sudah selesai, dilewati tanpa memanggil API Quinos.
[2026-04-14T09:58:01.998Z] 
[108/360] Memproses 2025-08-03 - LA.PIAZZA...
[2026-04-14T09:58:02.143Z]      ⏭️  Jurnal Penjualan sudah ada di Accurate.
[2026-04-14T09:58:02.453Z]      ⏭️  Jurnal Uang Masuk sudah ada di Accurate.
[2026-04-14T09:58:02.453Z]      ⏭️  Semua jurnal untuk hari ini sudah selesai, dilewati tanpa memanggil API Quinos.
[2026-04-14T09:58:05.453Z] 
[109/360] Memproses 2025-08-04 - LA.PIAZZA...
[2026-04-14T09:58:05.806Z]      ⏭️  Jurnal Penjualan sudah ada di Accurate.
[2026-04-14T09:58:05.995Z]      ⏭️  Jurnal Uang Masuk sudah ada di Accurate.
[2026-04-14T09:58:05.996Z]      ⏭️  Semua jurnal untuk hari ini sudah selesai, dilewati tanpa memanggil API Quinos.
[2026-04-14T09:58:08.998Z] 
[110/360] Memproses 2025-08-05 - LA.PIAZZA...
[2026-04-14T09:58:09.299Z]      ⏭️  Jurnal Penjualan sudah ada di Accurate.
[2026-04-14T09:58:09.416Z]      ⏭️  Jurnal Uang Masuk sudah ada di Accurate.
[2026-04-14T09:58:09.416Z]      ⏭️  Semua jurnal untuk hari ini sudah selesai, dilewati tanpa memanggil API Quinos.
[2026-04-14T09:58:09.416Z] 
════════════════════════════════════════════════════════════════════════
[2026-04-14T09:58:09.416Z] === LAPORAN PROGRES [110/360 — 31%] ===
[2026-04-14T09:58:09.416Z] ────────────────────────────────────────────────────────────────────────
[2026-04-14T09:58:09.416Z]   Diproses  : 110 dari 360 (31%)
[2026-04-14T09:58:09.416Z]   ✅ Sukses  : 2
[2026-04-14T09:58:09.416Z]   ⏭️  Dilewati: 108
[2026-04-14T09:58:09.416Z]   ❌ Error   : 0
[2026-04-14T09:58:09.416Z] ════════════════════════════════════════════════════════════════════════

[2026-04-14T09:58:12.419Z] 
[111/360] Memproses 2025-08-06 - LA.PIAZZA...
[2026-04-14T09:58:12.582Z]      ⏭️  Jurnal Penjualan sudah ada di Accurate.
[2026-04-14T09:58:12.695Z]      ⏭️  Jurnal Uang Masuk sudah ada di Accurate.
[2026-04-14T09:58:12.695Z]      ⏭️  Semua jurnal untuk hari ini sudah selesai, dilewati tanpa memanggil API Quinos.
[2026-04-14T09:58:15.698Z] 
[112/360] Memproses 2025-08-07 - LA.PIAZZA...
[2026-04-14T09:58:15.901Z]      ⏭️  Jurnal Penjualan sudah ada di Accurate.
[2026-04-14T09:58:16.036Z]      ⏭️  Jurnal Uang Masuk sudah ada di Accurate.
[2026-04-14T09:58:16.036Z]      ⏭️  Semua jurnal untuk hari ini sudah selesai, dilewati tanpa memanggil API Quinos.
[2026-04-14T09:58:19.038Z] 
[113/360] Memproses 2025-08-08 - LA.PIAZZA...
[2026-04-14T09:58:19.172Z]      ⏭️  Jurnal Penjualan sudah ada di Accurate.
[2026-04-14T09:58:19.297Z]      ⏭️  Jurnal Uang Masuk sudah ada di Accurate.
[2026-04-14T09:58:19.297Z]      ⏭️  Semua jurnal untuk hari ini sudah selesai, dilewati tanpa memanggil API Quinos.
[2026-04-14T09:58:22.300Z] 
[114/360] Memproses 2025-08-09 - LA.PIAZZA...
[2026-04-14T09:58:22.488Z]      ⏭️  Jurnal Penjualan sudah ada di Accurate.
[2026-04-14T09:58:22.607Z]      ⏭️  Jurnal Uang Masuk sudah ada di Accurate.
[2026-04-14T09:58:22.607Z]      ⏭️  Semua jurnal untuk hari ini sudah selesai, dilewati tanpa memanggil API Quinos.
[2026-04-14T09:58:25.608Z] 
[115/360] Memproses 2025-08-10 - LA.PIAZZA...
[2026-04-14T09:58:25.757Z]      ⏭️  Jurnal Penjualan sudah ada di Accurate.
[2026-04-14T09:58:25.894Z]      ⏭️  Jurnal Uang Masuk sudah ada di Accurate.
[2026-04-14T09:58:25.894Z]      ⏭️  Semua jurnal untuk hari ini sudah selesai, dilewati tanpa memanggil API Quinos.
[2026-04-14T09:58:28.897Z] 
[116/360] Memproses 2025-08-11 - LA.PIAZZA...
[2026-04-14T09:58:29.131Z]      ⏭️  Jurnal Penjualan sudah ada di Accurate.
[2026-04-14T09:58:29.237Z]      ⏭️  Jurnal Uang Masuk sudah ada di Accurate.
[2026-04-14T09:58:29.237Z]      ⏭️  Semua jurnal untuk hari ini sudah selesai, dilewati tanpa memanggil API Quinos.
[2026-04-14T09:58:32.240Z] 
[117/360] Memproses 2025-08-12 - LA.PIAZZA...
[2026-04-14T09:58:32.380Z]      ⏭️  Jurnal Penjualan sudah ada di Accurate.
[2026-04-14T09:58:32.517Z]      ⏭️  Jurnal Uang Masuk sudah ada di Accurate.
[2026-04-14T09:58:32.518Z]      ⏭️  Semua jurnal untuk hari ini sudah selesai, dilewati tanpa memanggil API Quinos.
[2026-04-14T09:58:35.521Z] 
[118/360] Memproses 2025-08-13 - LA.PIAZZA...
[2026-04-14T09:58:35.868Z]      📡 Mengambil data dari Quinos...
[2026-04-14T09:58:39.222Z]      ⚖️ Auto-balancing applied: Pembulatan Rp 0.01
[2026-04-14T09:58:39.650Z]      ✅ Jurnal Penjualan OK
[2026-04-14T09:58:40.082Z]      ✅ Jurnal Uang Masuk OK (tanggal 14/08/2025)
[2026-04-14T09:58:43.085Z] 
[119/360] Memproses 2025-08-14 - LA.PIAZZA...
[2026-04-14T09:58:43.325Z]      ⏭️  Jurnal Penjualan sudah ada di Accurate.
[2026-04-14T09:58:43.442Z]      ⏭️  Jurnal Uang Masuk sudah ada di Accurate.
[2026-04-14T09:58:43.442Z]      ⏭️  Semua jurnal untuk hari ini sudah selesai, dilewati tanpa memanggil API Quinos.
[2026-04-14T09:58:46.444Z] 
[120/360] Memproses 2025-08-15 - LA.PIAZZA...
[2026-04-14T09:58:46.683Z]      📡 Mengambil data dari Quinos...
[2026-04-14T09:58:49.755Z]      ✅ Jurnal Penjualan OK
[2026-04-14T09:58:50.195Z]      ✅ Jurnal Uang Masuk OK (tanggal 16/08/2025)
[2026-04-14T09:58:50.195Z] 
════════════════════════════════════════════════════════════════════════
[2026-04-14T09:58:50.195Z] === LAPORAN PROGRES [120/360 — 33%] ===
[2026-04-14T09:58:50.195Z] ────────────────────────────────────────────────────────────────────────
[2026-04-14T09:58:50.195Z]   Diproses  : 120 dari 360 (33%)
[2026-04-14T09:58:50.195Z]   ✅ Sukses  : 4
[2026-04-14T09:58:50.195Z]   ⏭️  Dilewati: 116
[2026-04-14T09:58:50.195Z]   ❌ Error   : 0
[2026-04-14T09:58:50.196Z] ════════════════════════════════════════════════════════════════════════

[2026-04-14T09:58:53.198Z] 
[121/360] Memproses 2025-08-16 - LA.PIAZZA...
[2026-04-14T09:58:53.453Z]      📡 Mengambil data dari Quinos...
[2026-04-14T09:58:56.599Z]      ✅ Jurnal Penjualan OK
[2026-04-14T09:58:57.200Z]      ✅ Jurnal Uang Masuk OK (tanggal 17/08/2025)
[2026-04-14T09:59:00.203Z] 
[122/360] Memproses 2025-08-17 - LA.PIAZZA...
[2026-04-14T09:59:00.383Z]      ⏭️  Jurnal Penjualan sudah ada di Accurate.
[2026-04-14T09:59:00.526Z]      ⏭️  Jurnal Uang Masuk sudah ada di Accurate.
[2026-04-14T09:59:00.526Z]      ⏭️  Semua jurnal untuk hari ini sudah selesai, dilewati tanpa memanggil API Quinos.
[2026-04-14T09:59:03.529Z] 
[123/360] Memproses 2025-08-18 - LA.PIAZZA...
[2026-04-14T09:59:03.808Z]      📡 Mengambil data dari Quinos...
[2026-04-14T09:59:06.778Z]      ⚖️ Auto-balancing applied: Pembulatan Rp 0.46
[2026-04-14T09:59:07.323Z] 
     🛑 [DEBUG] ACCURATE REJECTED PAYLOAD (BREW - PENJUALAN STRADA LA.PIAZZA 18/08/2025)
[2026-04-14T09:59:07.324Z]      Total Debit Internal: 17476315
[2026-04-14T09:59:07.324Z]      Total Credit Internal: 17476315
[2026-04-14T09:59:07.324Z]      Baris Jurnal:
[2026-04-14T09:59:07.324Z]        - [DEBIT ] 1100.01: 4549065
[2026-04-14T09:59:07.324Z]        - [DEBIT ] 1100.01: 1826055
[2026-04-14T09:59:07.324Z]        - [DEBIT ] 1100.01: 10461950
[2026-04-14T09:59:07.324Z]        - [DEBIT ] 4000.96.04: 155050
[2026-04-14T09:59:07.324Z]        - [DEBIT ] 1100.21: 205300
[2026-04-14T09:59:07.324Z]        - [DEBIT ] 4000.96.01: 278895.45
[2026-04-14T09:59:07.324Z]        - [CREDIT] 4000.01.02: 10225636.36
[2026-04-14T09:59:07.324Z]        - [CREDIT] 4000.01.10: 65000
[2026-04-14T09:59:07.324Z]        - [CREDIT] 4000.01.01: 4055303.03
[2026-04-14T09:59:07.324Z]        - [CREDIT] 4000.01.16: 327000
[2026-04-14T09:59:07.325Z]        - [CREDIT] 4000.01.01: 297000
[2026-04-14T09:59:07.325Z]        - [CREDIT] 4000.01.13: 230000
[2026-04-14T09:59:07.325Z]        - [CREDIT] 2002.04.01: 735346.97
[2026-04-14T09:59:07.325Z]        - [CREDIT] 2002.03.02: 1541028.64
[2026-04-14T09:59:07.325Z]        - [CREDIT] 7200.02: 0.46
[2026-04-14T09:59:07.325Z] 
[2026-04-14T09:59:07.326Z] [ERROR]      ❌ ERROR: Accurate Reject: Jurnal yang anda masukkan tidak seimbang antara debit dengan kredit
[2026-04-14T09:59:10.329Z] 
[124/360] Memproses 2025-08-19 - LA.PIAZZA...
[2026-04-14T09:59:10.504Z]      ⏭️  Jurnal Penjualan sudah ada di Accurate.
[2026-04-14T09:59:10.622Z]      ⏭️  Jurnal Uang Masuk sudah ada di Accurate.
[2026-04-14T09:59:10.622Z]      ⏭️  Semua jurnal untuk hari ini sudah selesai, dilewati tanpa memanggil API Quinos.
[2026-04-14T09:59:13.626Z] 
[125/360] Memproses 2025-08-20 - LA.PIAZZA...
[2026-04-14T09:59:14.049Z]      📡 Mengambil data dari Quinos...
[2026-04-14T09:59:18.077Z] 
     🛑 [DEBUG] ACCURATE REJECTED PAYLOAD (BREW - PENJUALAN STRADA LA.PIAZZA 20/08/2025)
[2026-04-14T09:59:18.077Z]      Total Debit Internal: 15904085
[2026-04-14T09:59:18.077Z]      Total Credit Internal: 15904085
[2026-04-14T09:59:18.077Z]      Baris Jurnal:
[2026-04-14T09:59:18.078Z]        - [DEBIT ] 1100.01: 4920605
[2026-04-14T09:59:18.078Z]        - [DEBIT ] 1100.01: 1572290
[2026-04-14T09:59:18.078Z]        - [DEBIT ] 1100.06: 123200
[2026-04-14T09:59:18.078Z]        - [DEBIT ] 1100.01: 8551285
[2026-04-14T09:59:18.078Z]        - [DEBIT ] 4000.96.04: 35805
[2026-04-14T09:59:18.078Z]        - [DEBIT ] 1100.21: 169400
[2026-04-14T09:59:18.078Z]        - [DEBIT ] 1000.02.01: 500000
[2026-04-14T09:59:18.078Z]        - [DEBIT ] 4000.96.01: 31500
[2026-04-14T09:59:18.078Z]        - [CREDIT] 4000.01.02: 7903805.2
[2026-04-14T09:59:18.078Z]        - [CREDIT] 4000.01.10: 1326000
[2026-04-14T09:59:18.078Z]        - [CREDIT] 4000.01.01: 4031000
[2026-04-14T09:59:18.078Z]        - [CREDIT] 4000.01.16: 316000
[2026-04-14T09:59:18.078Z]        - [CREDIT] 4000.01.01: 297000
[2026-04-14T09:59:18.078Z]        - [CREDIT] 4000.01.13: 100000
[2026-04-14T09:59:18.078Z]        - [CREDIT] 2002.04.01: 614090.26
[2026-04-14T09:59:18.078Z]        - [CREDIT] 2002.03.02: 1316189.55
[2026-04-14T09:59:18.078Z] 
[2026-04-14T09:59:18.078Z] [ERROR]      ❌ ERROR: Accurate Reject: Jurnal yang anda masukkan tidak seimbang antara debit dengan kredit
[2026-04-14T09:59:21.081Z] 
[126/360] Memproses 2025-08-21 - LA.PIAZZA...
[2026-04-14T09:59:21.336Z]      📡 Mengambil data dari Quinos...
[2026-04-14T09:59:24.441Z] 
     🛑 [DEBUG] ACCURATE REJECTED PAYLOAD (BREW - PENJUALAN STRADA LA.PIAZZA 21/08/2025)
[2026-04-14T09:59:24.442Z]      Total Debit Internal: 10788790
[2026-04-14T09:59:24.442Z]      Total Credit Internal: 10788790
[2026-04-14T09:59:24.442Z]      Baris Jurnal:
[2026-04-14T09:59:24.442Z]        - [DEBIT ] 1100.01: 2133135
[2026-04-14T09:59:24.442Z]        - [DEBIT ] 1100.01: 3270080
[2026-04-14T09:59:24.442Z]        - [DEBIT ] 1100.06: 94600
[2026-04-14T09:59:24.442Z]        - [DEBIT ] 1100.01: 4838775
[2026-04-14T09:59:24.442Z]        - [DEBIT ] 4000.96.04: 268350
[2026-04-14T09:59:24.442Z]        - [DEBIT ] 1100.21: 150700
[2026-04-14T09:59:24.442Z]        - [DEBIT ] 4000.96.01: 33150
[2026-04-14T09:59:24.442Z]        - [CREDIT] 4000.01.02: 5861030.3
[2026-04-14T09:59:24.442Z]        - [CREDIT] 4000.01.01: 3144212.12
[2026-04-14T09:59:24.442Z]        - [CREDIT] 4000.01.13: 400000
[2026-04-14T09:59:24.442Z]        - [CREDIT] 2002.04.01: 439112.12
[2026-04-14T09:59:24.442Z]        - [CREDIT] 2002.03.02: 944435.45
[2026-04-14T09:59:24.442Z] 
[2026-04-14T09:59:24.442Z] [ERROR]      ❌ ERROR: Accurate Reject: Jurnal yang anda masukkan tidak seimbang antara debit dengan kredit
[2026-04-14T09:59:27.443Z] 
[127/360] Memproses 2025-08-22 - LA.PIAZZA...
[2026-04-14T09:59:27.708Z]      📡 Mengambil data dari Quinos...
[2026-04-14T09:59:31.181Z] 
     🛑 [DEBUG] ACCURATE REJECTED PAYLOAD (BREW - PENJUALAN STRADA LA.PIAZZA 22/08/2025)
[2026-04-14T09:59:31.181Z]      Total Debit Internal: 18571255
[2026-04-14T09:59:31.181Z]      Total Credit Internal: 18571255
[2026-04-14T09:59:31.181Z]      Baris Jurnal:
[2026-04-14T09:59:31.181Z]        - [DEBIT ] 1100.01: 3752010
[2026-04-14T09:59:31.181Z]        - [DEBIT ] 1100.01: 3039995
[2026-04-14T09:59:31.181Z]        - [DEBIT ] 1100.06: 136400
[2026-04-14T09:59:31.181Z]        - [DEBIT ] 1100.01: 11309800
[2026-04-14T09:59:31.181Z]        - [DEBIT ] 4000.96.04: 53150
[2026-04-14T09:59:31.182Z]        - [DEBIT ] 1100.21: 201300
[2026-04-14T09:59:31.182Z]        - [DEBIT ] 4000.96.01: 78600
[2026-04-14T09:59:31.182Z]        - [CREDIT] 4000.01.02: 10078848.48
[2026-04-14T09:59:31.182Z]        - [CREDIT] 4000.01.10: 486000
[2026-04-14T09:59:31.182Z]        - [CREDIT] 4000.01.01: 4896000
[2026-04-14T09:59:31.182Z]        - [CREDIT] 4000.01.16: 400000
[2026-04-14T09:59:31.182Z]        - [CREDIT] 4000.01.01: 198000
[2026-04-14T09:59:31.182Z]        - [CREDIT] 4000.01.13: 110000
[2026-04-14T09:59:31.182Z]        - [CREDIT] 2002.04.01: 768292.42
[2026-04-14T09:59:31.182Z]        - [CREDIT] 2002.03.02: 1634114.09
[2026-04-14T09:59:31.182Z] 
[2026-04-14T09:59:31.182Z] [ERROR]      ❌ ERROR: Accurate Reject: Jurnal yang anda masukkan tidak seimbang antara debit dengan kredit
[2026-04-14T09:59:34.185Z] 
[128/360] Memproses 2025-08-23 - LA.PIAZZA...
[2026-04-14T09:59:34.440Z]      📡 Mengambil data dari Quinos...
[2026-04-14T09:59:37.199Z]      ⚖️ Auto-balancing applied: Pembulatan Rp 0.02
[2026-04-14T09:59:37.512Z] 
     🛑 [DEBUG] ACCURATE REJECTED PAYLOAD (BREW - PENJUALAN STRADA LA.PIAZZA 23/08/2025)
[2026-04-14T09:59:37.512Z]      Total Debit Internal: 28648540
[2026-04-14T09:59:37.512Z]      Total Credit Internal: 28648540
[2026-04-14T09:59:37.512Z]      Baris Jurnal:
[2026-04-14T09:59:37.512Z]        - [DEBIT ] 4000.96.03: 50000
[2026-04-14T09:59:37.512Z]        - [DEBIT ] 2002.01.01: 200000
[2026-04-14T09:59:37.512Z]        - [DEBIT ] 1100.01: 3322715
[2026-04-14T09:59:37.512Z]        - [DEBIT ] 1100.01: 4782880
[2026-04-14T09:59:37.512Z]        - [DEBIT ] 1100.06: 83600
[2026-04-14T09:59:37.512Z]        - [DEBIT ] 1100.01: 19976145
[2026-04-14T09:59:37.512Z]        - [DEBIT ] 1100.21: 159100
[2026-04-14T09:59:37.512Z]        - [DEBIT ] 4000.96.01: 74100
[2026-04-14T09:59:37.512Z]        - [CREDIT] 4000.01.02: 17356727.26
[2026-04-14T09:59:37.512Z]        - [CREDIT] 4000.01.10: 796000
[2026-04-14T09:59:37.512Z]        - [CREDIT] 4000.01.01: 6226606.06
[2026-04-14T09:59:37.512Z]        - [CREDIT] 4000.01.16: 510000
[2026-04-14T09:59:37.512Z]        - [CREDIT] 4000.01.13: 50000
[2026-04-14T09:59:37.512Z]        - [CREDIT] 2002.04.01: 1193066.67
[2026-04-14T09:59:37.512Z]        - [CREDIT] 2002.03.02: 2516140
[2026-04-14T09:59:37.512Z]        - [CREDIT] 7200.02: 0.02
[2026-04-14T09:59:37.512Z] 
[2026-04-14T09:59:37.513Z] [ERROR]      ❌ ERROR: Accurate Reject: Jurnal yang anda masukkan tidak seimbang antara debit dengan kredit
[2026-04-14T09:59:40.515Z] 
[129/360] Memproses 2025-08-24 - LA.PIAZZA...
[2026-04-14T09:59:40.916Z]      📡 Mengambil data dari Quinos...
[2026-04-14T09:59:43.665Z]      ⚖️ Auto-balancing applied: Pembulatan Rp 0.02
[2026-04-14T09:59:44.002Z] 
     🛑 [DEBUG] ACCURATE REJECTED PAYLOAD (BREW - PENJUALAN STRADA LA.PIAZZA 24/08/2025)
[2026-04-14T09:59:44.003Z]      Total Debit Internal: 23055305
[2026-04-14T09:59:44.003Z]      Total Credit Internal: 23055305
[2026-04-14T09:59:44.003Z]      Baris Jurnal:
[2026-04-14T09:59:44.003Z]        - [DEBIT ] 1100.01: 4872060
[2026-04-14T09:59:44.003Z]        - [DEBIT ] 1100.01: 4091135
[2026-04-14T09:59:44.003Z]        - [DEBIT ] 1100.06: 389400
[2026-04-14T09:59:44.003Z]        - [DEBIT ] 1100.01: 13546610
[2026-04-14T09:59:44.003Z]        - [DEBIT ] 1100.21: 38500
[2026-04-14T09:59:44.003Z]        - [DEBIT ] 4000.96.01: 117600
[2026-04-14T09:59:44.003Z]        - [CREDIT] 4000.01.02: 13433727.26
[2026-04-14T09:59:44.003Z]        - [CREDIT] 4000.01.10: 400000
[2026-04-14T09:59:44.003Z]        - [CREDIT] 4000.01.01: 5819909.09
[2026-04-14T09:59:44.003Z]        - [CREDIT] 4000.01.16: 250000
[2026-04-14T09:59:44.003Z]        - [CREDIT] 4000.01.13: 150000
[2026-04-14T09:59:44.003Z]        - [CREDIT] 2002.04.01: 955731.82
[2026-04-14T09:59:44.003Z]        - [CREDIT] 2002.03.02: 2045936.82
[2026-04-14T09:59:44.003Z]        - [CREDIT] 7200.02: 0.02
[2026-04-14T09:59:44.003Z] 
[2026-04-14T09:59:44.004Z] [ERROR]      ❌ ERROR: Accurate Reject: Jurnal yang anda masukkan tidak seimbang antara debit dengan kredit
[2026-04-14T09:59:47.006Z] 
[130/360] Memproses 2025-08-25 - LA.PIAZZA...
[2026-04-14T09:59:47.205Z]      ⏭️  Jurnal Penjualan sudah ada di Accurate.
[2026-04-14T09:59:47.346Z]      ⏭️  Jurnal Uang Masuk sudah ada di Accurate.
[2026-04-14T09:59:47.347Z]      ⏭️  Semua jurnal untuk hari ini sudah selesai, dilewati tanpa memanggil API Quinos.
[2026-04-14T09:59:47.347Z] 
════════════════════════════════════════════════════════════════════════
[2026-04-14T09:59:47.347Z] === LAPORAN PROGRES [130/360 — 36%] ===
[2026-04-14T09:59:47.347Z] ────────────────────────────────────────────────────────────────────────
[2026-04-14T09:59:47.347Z]   Diproses  : 130 dari 360 (36%)
[2026-04-14T09:59:47.347Z]   ✅ Sukses  : 5
[2026-04-14T09:59:47.347Z]   ⏭️  Dilewati: 119
[2026-04-14T09:59:47.347Z]   ❌ Error   : 6
[2026-04-14T09:59:47.347Z]        • Ditolak Accurate: 6x
[2026-04-14T09:59:47.347Z] ────────────────────────────────────────────────────────────────────────
[2026-04-14T09:59:47.347Z]   Detail Error:
[2026-04-14T09:59:47.347Z]     [2025-08-18] LA.PIAZZA        | Penjualan    | Ditolak Accurate
[2026-04-14T09:59:47.347Z]     [2025-08-20] LA.PIAZZA        | Penjualan    | Ditolak Accurate
[2026-04-14T09:59:47.348Z]     [2025-08-21] LA.PIAZZA        | Penjualan    | Ditolak Accurate
[2026-04-14T09:59:47.348Z]     [2025-08-22] LA.PIAZZA        | Penjualan    | Ditolak Accurate
[2026-04-14T09:59:47.348Z]     [2025-08-23] LA.PIAZZA        | Penjualan    | Ditolak Accurate
[2026-04-14T09:59:47.348Z]     [2025-08-24] LA.PIAZZA        | Penjualan    | Ditolak Accurate
[2026-04-14T09:59:47.348Z] ════════════════════════════════════════════════════════════════════════

[2026-04-14T09:59:50.348Z] 
[131/360] Memproses 2025-08-26 - LA.PIAZZA...
[2026-04-14T09:59:50.652Z]      📡 Mengambil data dari Quinos...
[2026-04-14T09:59:53.804Z] 
     🛑 [DEBUG] ACCURATE REJECTED PAYLOAD (BREW - PENJUALAN STRADA LA.PIAZZA 26/08/2025)
[2026-04-14T09:59:53.804Z]      Total Debit Internal: 12806465
[2026-04-14T09:59:53.804Z]      Total Credit Internal: 12806465
[2026-04-14T09:59:53.804Z]      Baris Jurnal:
[2026-04-14T09:59:53.804Z]        - [DEBIT ] 1100.01: 4246685
[2026-04-14T09:59:53.804Z]        - [DEBIT ] 1100.01: 1628340
[2026-04-14T09:59:53.804Z]        - [DEBIT ] 1100.01: 6290240
[2026-04-14T09:59:53.804Z]        - [DEBIT ] 1100.21: 591400
[2026-04-14T09:59:53.804Z]        - [DEBIT ] 4000.96.01: 49800
[2026-04-14T09:59:53.804Z]        - [CREDIT] 4000.01.02: 6983731.61
[2026-04-14T09:59:53.804Z]        - [CREDIT] 4000.01.10: 486000
[2026-04-14T09:59:53.804Z]        - [CREDIT] 4000.01.01: 3687303.03
[2026-04-14T09:59:53.804Z]        - [CREDIT] 4000.01.16: 33000
[2026-04-14T09:59:53.804Z]        - [CREDIT] 2002.04.01: 507751.73
[2026-04-14T09:59:53.804Z]        - [CREDIT] 2002.03.02: 1108678.64
[2026-04-14T09:59:53.804Z] 
[2026-04-14T09:59:53.805Z] [ERROR]      ❌ ERROR: Accurate Reject: Jurnal yang anda masukkan tidak seimbang antara debit dengan kredit
[2026-04-14T09:59:56.808Z] 
[132/360] Memproses 2025-08-27 - LA.PIAZZA...
[2026-04-14T09:59:57.086Z]      ⏭️  Jurnal Penjualan sudah ada di Accurate.
[2026-04-14T09:59:57.201Z]      ⏭️  Jurnal Uang Masuk sudah ada di Accurate.
[2026-04-14T09:59:57.202Z]      ⏭️  Semua jurnal untuk hari ini sudah selesai, dilewati tanpa memanggil API Quinos.
[2026-04-14T10:00:00.204Z] 
[133/360] Memproses 2025-08-28 - LA.PIAZZA...
[2026-04-14T10:00:00.357Z]      ⏭️  Jurnal Penjualan sudah ada di Accurate.
[2026-04-14T10:00:00.473Z]      ⏭️  Jurnal Uang Masuk sudah ada di Accurate.
[2026-04-14T10:00:00.473Z]      ⏭️  Semua jurnal untuk hari ini sudah selesai, dilewati tanpa memanggil API Quinos.
[2026-04-14T10:00:03.476Z] 
[134/360] Memproses 2025-08-29 - LA.PIAZZA...
[2026-04-14T10:00:03.743Z]      ⏭️  Jurnal Penjualan sudah ada di Accurate.
[2026-04-14T10:00:03.902Z]      ⏭️  Jurnal Uang Masuk sudah ada di Accurate.
[2026-04-14T10:00:03.902Z]      ⏭️  Semua jurnal untuk hari ini sudah selesai, dilewati tanpa memanggil API Quinos.
[2026-04-14T10:00:06.904Z] 
[135/360] Memproses 2025-08-30 - LA.PIAZZA...
[2026-04-14T10:00:07.047Z]      ⏭️  Jurnal Penjualan sudah ada di Accurate.
[2026-04-14T10:00:07.237Z]      ⏭️  Jurnal Uang Masuk sudah ada di Accurate.
[2026-04-14T10:00:07.237Z]      ⏭️  Semua jurnal untuk hari ini sudah selesai, dilewati tanpa memanggil API Quinos.
[2026-04-14T10:00:10.240Z] 
[136/360] Memproses 2025-08-31 - LA.PIAZZA...
[2026-04-14T10:00:10.385Z]      ⏭️  Jurnal Penjualan sudah ada di Accurate.
[2026-04-14T10:00:10.497Z]      ⏭️  Jurnal Uang Masuk sudah ada di Accurate.
[2026-04-14T10:00:10.497Z]      ⏭️  Semua jurnal untuk hari ini sudah selesai, dilewati tanpa memanggil API Quinos.
[2026-04-14T10:00:13.500Z] 
[137/360] Memproses 2025-09-01 - LA.PIAZZA...
[2026-04-14T10:00:13.760Z]      ⏭️  Jurnal Penjualan sudah ada di Accurate.
[2026-04-14T10:00:13.911Z]      ⏭️  Jurnal Uang Masuk sudah ada di Accurate.
[2026-04-14T10:00:13.911Z]      ⏭️  Semua jurnal untuk hari ini sudah selesai, dilewati tanpa memanggil API Quinos.
[2026-04-14T10:00:16.914Z] 
[138/360] Memproses 2025-09-02 - LA.PIAZZA...
[2026-04-14T10:00:17.084Z]      ⏭️  Jurnal Penjualan sudah ada di Accurate.
[2026-04-14T10:00:17.302Z]      ⏭️  Jurnal Uang Masuk sudah ada di Accurate.
[2026-04-14T10:00:17.302Z]      ⏭️  Semua jurnal untuk hari ini sudah selesai, dilewati tanpa memanggil API Quinos.
[2026-04-14T10:00:20.306Z] 
[139/360] Memproses 2025-09-03 - LA.PIAZZA...
[2026-04-14T10:00:20.477Z]      ⏭️  Jurnal Penjualan sudah ada di Accurate.
[2026-04-14T10:00:20.620Z]      ⏭️  Jurnal Uang Masuk sudah ada di Accurate.
[2026-04-14T10:00:20.620Z]      ⏭️  Semua jurnal untuk hari ini sudah selesai, dilewati tanpa memanggil API Quinos.
[2026-04-14T10:00:23.623Z] 
[140/360] Memproses 2025-09-04 - LA.PIAZZA...
[2026-04-14T10:00:23.873Z]      📡 Mengambil data dari Quinos...
[2026-04-14T10:00:27.164Z] 
     🛑 [DEBUG] ACCURATE REJECTED PAYLOAD (BREW - PENJUALAN STRADA LA.PIAZZA 04/09/2025)
[2026-04-14T10:00:27.164Z]      Total Debit Internal: 21772720
[2026-04-14T10:00:27.164Z]      Total Credit Internal: 21772720
[2026-04-14T10:00:27.164Z]      Baris Jurnal:
[2026-04-14T10:00:27.164Z]        - [DEBIT ] 1100.01: 2225165
[2026-04-14T10:00:27.164Z]        - [DEBIT ] 1100.01: 1662045
[2026-04-14T10:00:27.164Z]        - [DEBIT ] 1100.06: 338000
[2026-04-14T10:00:27.164Z]        - [DEBIT ] 1100.01: 16099305
[2026-04-14T10:00:27.164Z]        - [DEBIT ] 4000.96.04: 74805
[2026-04-14T10:00:27.164Z]        - [DEBIT ] 1100.21: 546700
[2026-04-14T10:00:27.164Z]        - [DEBIT ] 1000.02.01: 740000
[2026-04-14T10:00:27.164Z]        - [DEBIT ] 4000.96.01: 86700
[2026-04-14T10:00:27.164Z]        - [CREDIT] 4000.01.02: 9925727.27
[2026-04-14T10:00:27.164Z]        - [CREDIT] 4000.01.10: 959000
[2026-04-14T10:00:27.164Z]        - [CREDIT] 4000.01.01: 7921818.18
[2026-04-14T10:00:27.164Z]        - [CREDIT] 4000.01.16: 102000
[2026-04-14T10:00:27.164Z]        - [CREDIT] 4000.01.01: 99000
[2026-04-14T10:00:27.164Z]        - [CREDIT] 4000.01.13: 50000
[2026-04-14T10:00:27.164Z]        - [CREDIT] 2002.04.01: 861077.27
[2026-04-14T10:00:27.164Z]        - [CREDIT] 2002.03.02: 1854097.27
[2026-04-14T10:00:27.164Z] 
[2026-04-14T10:00:27.164Z] [ERROR]      ❌ ERROR: Accurate Reject: Jurnal yang anda masukkan tidak seimbang antara debit dengan kredit
[2026-04-14T10:00:27.166Z] 
════════════════════════════════════════════════════════════════════════
[2026-04-14T10:00:27.166Z] === LAPORAN PROGRES [140/360 — 39%] ===
[2026-04-14T10:00:27.166Z] ────────────────────────────────────────────────────────────────────────
[2026-04-14T10:00:27.166Z]   Diproses  : 140 dari 360 (39%)
[2026-04-14T10:00:27.166Z]   ✅ Sukses  : 5
[2026-04-14T10:00:27.166Z]   ⏭️  Dilewati: 127
[2026-04-14T10:00:27.166Z]   ❌ Error   : 8
[2026-04-14T10:00:27.166Z]        • Ditolak Accurate: 8x
[2026-04-14T10:00:27.166Z] ────────────────────────────────────────────────────────────────────────
[2026-04-14T10:00:27.166Z]   Detail Error:
[2026-04-14T10:00:27.166Z]     [2025-08-18] LA.PIAZZA        | Penjualan    | Ditolak Accurate
[2026-04-14T10:00:27.166Z]     [2025-08-20] LA.PIAZZA        | Penjualan    | Ditolak Accurate
[2026-04-14T10:00:27.166Z]     [2025-08-21] LA.PIAZZA        | Penjualan    | Ditolak Accurate
[2026-04-14T10:00:27.166Z]     [2025-08-22] LA.PIAZZA        | Penjualan    | Ditolak Accurate
[2026-04-14T10:00:27.166Z]     [2025-08-23] LA.PIAZZA        | Penjualan    | Ditolak Accurate
[2026-04-14T10:00:27.166Z]     [2025-08-24] LA.PIAZZA        | Penjualan    | Ditolak Accurate
[2026-04-14T10:00:27.166Z]     [2025-08-26] LA.PIAZZA        | Penjualan    | Ditolak Accurate
[2026-04-14T10:00:27.166Z]     [2025-09-04] LA.PIAZZA        | Penjualan    | Ditolak Accurate
[2026-04-14T10:00:27.166Z] ════════════════════════════════════════════════════════════════════════

[2026-04-14T10:00:30.169Z] 
[141/360] Memproses 2025-09-05 - LA.PIAZZA...
[2026-04-14T10:00:30.433Z]      ⏭️  Jurnal Penjualan sudah ada di Accurate.
[2026-04-14T10:00:30.772Z]      ⏭️  Jurnal Uang Masuk sudah ada di Accurate.
[2026-04-14T10:00:30.773Z]      ⏭️  Semua jurnal untuk hari ini sudah selesai, dilewati tanpa memanggil API Quinos.
[2026-04-14T10:00:33.776Z] 
[142/360] Memproses 2025-09-06 - LA.PIAZZA...
[2026-04-14T10:00:34.362Z]      📡 Mengambil data dari Quinos...
[2026-04-14T10:00:37.908Z] 
     🛑 [DEBUG] ACCURATE REJECTED PAYLOAD (BREW - PENJUALAN STRADA LA.PIAZZA 06/09/2025)
[2026-04-14T10:00:37.909Z]      Total Debit Internal: 19489070
[2026-04-14T10:00:37.909Z]      Total Credit Internal: 19489070
[2026-04-14T10:00:37.909Z]      Baris Jurnal:
[2026-04-14T10:00:37.909Z]        - [DEBIT ] 1100.01: 4660300
[2026-04-14T10:00:37.909Z]        - [DEBIT ] 1100.01: 2273670
[2026-04-14T10:00:37.909Z]        - [DEBIT ] 1100.06: 49500
[2026-04-14T10:00:37.909Z]        - [DEBIT ] 1100.01: 12095605
[2026-04-14T10:00:37.909Z]        - [DEBIT ] 1100.21: 72600
[2026-04-14T10:00:37.909Z]        - [DEBIT ] 1000.01.01: 218295
[2026-04-14T10:00:37.909Z]        - [DEBIT ] 4000.96.01: 119100
[2026-04-14T10:00:37.909Z]        - [CREDIT] 4000.01.02: 11911757.57
[2026-04-14T10:00:37.909Z]        - [CREDIT] 4000.01.10: 348000
[2026-04-14T10:00:37.909Z]        - [CREDIT] 4000.01.01: 4239303.03
[2026-04-14T10:00:37.909Z]        - [CREDIT] 4000.01.16: 340000
[2026-04-14T10:00:37.909Z]        - [CREDIT] 4000.01.13: 100000
[2026-04-14T10:00:37.909Z]        - [CREDIT] 2002.04.01: 819003.03
[2026-04-14T10:00:37.909Z]        - [CREDIT] 2002.03.02: 1731006.36
[2026-04-14T10:00:37.909Z] 
[2026-04-14T10:00:37.910Z] [ERROR]      ❌ ERROR: Accurate Reject: Jurnal yang anda masukkan tidak seimbang antara debit dengan kredit
[2026-04-14T10:00:40.912Z] 
[143/360] Memproses 2025-09-07 - LA.PIAZZA...
[2026-04-14T10:00:41.307Z]      📡 Mengambil data dari Quinos...
[2026-04-14T10:00:45.237Z] 
     🛑 [DEBUG] ACCURATE REJECTED PAYLOAD (BREW - PENJUALAN STRADA LA.PIAZZA 07/09/2025)
[2026-04-14T10:00:45.237Z]      Total Debit Internal: 22748495
[2026-04-14T10:00:45.237Z]      Total Credit Internal: 22748495
[2026-04-14T10:00:45.237Z]      Baris Jurnal:
[2026-04-14T10:00:45.237Z]        - [DEBIT ] 1100.01: 3693525
[2026-04-14T10:00:45.237Z]        - [DEBIT ] 1100.01: 3074755
[2026-04-14T10:00:45.237Z]        - [DEBIT ] 1100.06: 114400
[2026-04-14T10:00:45.237Z]        - [DEBIT ] 1100.01: 15653490
[2026-04-14T10:00:45.237Z]        - [DEBIT ] 4000.96.04: 40425
[2026-04-14T10:00:45.237Z]        - [DEBIT ] 4000.96.01: 171900
[2026-04-14T10:00:45.237Z]        - [CREDIT] 4000.01.02: 14235363.63
[2026-04-14T10:00:45.237Z]        - [CREDIT] 4000.01.10: 516000
[2026-04-14T10:00:45.237Z]        - [CREDIT] 4000.01.01: 4602212.12
[2026-04-14T10:00:45.238Z]        - [CREDIT] 4000.01.16: 373000
[2026-04-14T10:00:45.238Z]        - [CREDIT] 4000.01.13: 50000
[2026-04-14T10:00:45.238Z]        - [CREDIT] 2002.04.01: 955328.79
[2026-04-14T10:00:45.238Z]        - [CREDIT] 2002.03.02: 2016590.45
[2026-04-14T10:00:45.238Z] 
[2026-04-14T10:00:45.244Z] [ERROR]      ❌ ERROR: Accurate Reject: Jurnal yang anda masukkan tidak seimbang antara debit dengan kredit
[2026-04-14T10:00:48.251Z] 
[144/360] Memproses 2025-09-08 - LA.PIAZZA...
[2026-04-14T10:00:48.544Z]      ⏭️  Jurnal Penjualan sudah ada di Accurate.
[2026-04-14T10:00:48.772Z]      ⏭️  Jurnal Uang Masuk sudah ada di Accurate.
[2026-04-14T10:00:48.772Z]      ⏭️  Semua jurnal untuk hari ini sudah selesai, dilewati tanpa memanggil API Quinos.
[2026-04-14T10:00:51.775Z] 
[145/360] Memproses 2025-09-09 - LA.PIAZZA...
[2026-04-14T10:00:51.920Z]      ⏭️  Jurnal Penjualan sudah ada di Accurate.
[2026-04-14T10:00:52.042Z]      ⏭️  Jurnal Uang Masuk sudah ada di Accurate.
[2026-04-14T10:00:52.042Z]      ⏭️  Semua jurnal untuk hari ini sudah selesai, dilewati tanpa memanggil API Quinos.
[2026-04-14T10:00:55.048Z] 
[146/360] Memproses 2025-09-10 - LA.PIAZZA...
[2026-04-14T10:00:55.342Z]      ⏭️  Jurnal Penjualan sudah ada di Accurate.
[2026-04-14T10:00:55.685Z]      ⏭️  Jurnal Uang Masuk sudah ada di Accurate.
[2026-04-14T10:00:55.686Z]      ⏭️  Semua jurnal untuk hari ini sudah selesai, dilewati tanpa memanggil API Quinos.
[2026-04-14T10:00:58.687Z] 
[147/360] Memproses 2025-09-11 - LA.PIAZZA...
[2026-04-14T10:00:58.885Z]      ⏭️  Jurnal Penjualan sudah ada di Accurate.
[2026-04-14T10:00:59.014Z]      ⏭️  Jurnal Uang Masuk sudah ada di Accurate.
[2026-04-14T10:00:59.014Z]      ⏭️  Semua jurnal untuk hari ini sudah selesai, dilewati tanpa memanggil API Quinos.
[2026-04-14T10:01:02.017Z] 
[148/360] Memproses 2025-09-12 - LA.PIAZZA...
[2026-04-14T10:01:02.234Z]      ⏭️  Jurnal Penjualan sudah ada di Accurate.
[2026-04-14T10:01:02.433Z]      ⏭️  Jurnal Uang Masuk sudah ada di Accurate.
[2026-04-14T10:01:02.433Z]      ⏭️  Semua jurnal untuk hari ini sudah selesai, dilewati tanpa memanggil API Quinos.
[2026-04-14T10:01:05.434Z] 
[149/360] Memproses 2025-09-13 - LA.PIAZZA...
[2026-04-14T10:01:05.580Z]      ⏭️  Jurnal Penjualan sudah ada di Accurate.
[2026-04-14T10:01:05.732Z]      ⏭️  Jurnal Uang Masuk sudah ada di Accurate.
[2026-04-14T10:01:05.732Z]      ⏭️  Semua jurnal untuk hari ini sudah selesai, dilewati tanpa memanggil API Quinos.
[2026-04-14T10:01:08.735Z] 
[150/360] Memproses 2025-09-14 - LA.PIAZZA...
[2026-04-14T10:01:09.004Z]      ⏭️  Jurnal Penjualan sudah ada di Accurate.
[2026-04-14T10:01:09.133Z]      ⏭️  Jurnal Uang Masuk sudah ada di Accurate.
[2026-04-14T10:01:09.133Z]      ⏭️  Semua jurnal untuk hari ini sudah selesai, dilewati tanpa memanggil API Quinos.
[2026-04-14T10:01:09.133Z] 
════════════════════════════════════════════════════════════════════════
[2026-04-14T10:01:09.133Z] === LAPORAN PROGRES [150/360 — 42%] ===
[2026-04-14T10:01:09.133Z] ────────────────────────────────────────────────────────────────────────
[2026-04-14T10:01:09.133Z]   Diproses  : 150 dari 360 (42%)
[2026-04-14T10:01:09.133Z]   ✅ Sukses  : 5
[2026-04-14T10:01:09.133Z]   ⏭️  Dilewati: 135
[2026-04-14T10:01:09.133Z]   ❌ Error   : 10
[2026-04-14T10:01:09.133Z]        • Ditolak Accurate: 10x
[2026-04-14T10:01:09.133Z] ────────────────────────────────────────────────────────────────────────
[2026-04-14T10:01:09.134Z]   Detail Error:
[2026-04-14T10:01:09.134Z]     [2025-08-18] LA.PIAZZA        | Penjualan    | Ditolak Accurate
[2026-04-14T10:01:09.134Z]     [2025-08-20] LA.PIAZZA        | Penjualan    | Ditolak Accurate
[2026-04-14T10:01:09.134Z]     [2025-08-21] LA.PIAZZA        | Penjualan    | Ditolak Accurate
[2026-04-14T10:01:09.134Z]     [2025-08-22] LA.PIAZZA        | Penjualan    | Ditolak Accurate
[2026-04-14T10:01:09.134Z]     [2025-08-23] LA.PIAZZA        | Penjualan    | Ditolak Accurate
[2026-04-14T10:01:09.134Z]     [2025-08-24] LA.PIAZZA        | Penjualan    | Ditolak Accurate
[2026-04-14T10:01:09.134Z]     [2025-08-26] LA.PIAZZA        | Penjualan    | Ditolak Accurate
[2026-04-14T10:01:09.134Z]     [2025-09-04] LA.PIAZZA        | Penjualan    | Ditolak Accurate
[2026-04-14T10:01:09.134Z]     [2025-09-06] LA.PIAZZA        | Penjualan    | Ditolak Accurate
[2026-04-14T10:01:09.134Z]     [2025-09-07] LA.PIAZZA        | Penjualan    | Ditolak Accurate
[2026-04-14T10:01:09.134Z] ════════════════════════════════════════════════════════════════════════

[2026-04-14T10:01:12.138Z] 
[151/360] Memproses 2025-09-15 - LA.PIAZZA...
[2026-04-14T10:01:12.277Z]      ⏭️  Jurnal Penjualan sudah ada di Accurate.
[2026-04-14T10:01:12.394Z]      ⏭️  Jurnal Uang Masuk sudah ada di Accurate.
[2026-04-14T10:01:12.394Z]      ⏭️  Semua jurnal untuk hari ini sudah selesai, dilewati tanpa memanggil API Quinos.
[2026-04-14T10:01:15.397Z] 
[152/360] Memproses 2025-09-16 - LA.PIAZZA...
[2026-04-14T10:01:15.588Z]      ⏭️  Jurnal Penjualan sudah ada di Accurate.
[2026-04-14T10:01:15.719Z]      ⏭️  Jurnal Uang Masuk sudah ada di Accurate.
[2026-04-14T10:01:15.719Z]      ⏭️  Semua jurnal untuk hari ini sudah selesai, dilewati tanpa memanggil API Quinos.
[2026-04-14T10:01:18.722Z] 
[153/360] Memproses 2025-09-17 - LA.PIAZZA...
[2026-04-14T10:01:18.971Z]      ⏭️  Jurnal Penjualan sudah ada di Accurate.
[2026-04-14T10:01:19.109Z]      ⏭️  Jurnal Uang Masuk sudah ada di Accurate.
[2026-04-14T10:01:19.109Z]      ⏭️  Semua jurnal untuk hari ini sudah selesai, dilewati tanpa memanggil API Quinos.
[2026-04-14T10:01:22.112Z] 
[154/360] Memproses 2025-09-18 - LA.PIAZZA...
[2026-04-14T10:01:22.249Z]      ⏭️  Jurnal Penjualan sudah ada di Accurate.
[2026-04-14T10:01:22.369Z]      ⏭️  Jurnal Uang Masuk sudah ada di Accurate.
[2026-04-14T10:01:22.369Z]      ⏭️  Semua jurnal untuk hari ini sudah selesai, dilewati tanpa memanggil API Quinos.
[2026-04-14T10:01:25.372Z] 
[155/360] Memproses 2025-09-19 - LA.PIAZZA...
[2026-04-14T10:01:25.654Z]      📡 Mengambil data dari Quinos...
[2026-04-14T10:01:28.698Z] 
     🛑 [DEBUG] ACCURATE REJECTED PAYLOAD (BREW - PENJUALAN STRADA LA.PIAZZA 19/09/2025)
[2026-04-14T10:01:28.698Z]      Total Debit Internal: 15589590
[2026-04-14T10:01:28.698Z]      Total Credit Internal: 15589590
[2026-04-14T10:01:28.698Z]      Baris Jurnal:
[2026-04-14T10:01:28.698Z]        - [DEBIT ] 1100.01: 2374005
[2026-04-14T10:01:28.698Z]        - [DEBIT ] 1100.01: 2105585
[2026-04-14T10:01:28.698Z]        - [DEBIT ] 1100.06: 162800
[2026-04-14T10:01:28.698Z]        - [DEBIT ] 1100.01: 10850950
[2026-04-14T10:01:28.698Z]        - [DEBIT ] 4000.96.04: 14050
[2026-04-14T10:01:28.698Z]        - [DEBIT ] 4000.96.01: 82200
[2026-04-14T10:01:28.699Z]        - [CREDIT] 4000.01.02: 7460121.21
[2026-04-14T10:01:28.699Z]        - [CREDIT] 4000.01.10: 538000
[2026-04-14T10:01:28.699Z]        - [CREDIT] 4000.01.01: 5384606.06
[2026-04-14T10:01:28.699Z]        - [CREDIT] 4000.01.16: 194000
[2026-04-14T10:01:28.699Z]        - [CREDIT] 2002.04.01: 644536.36
[2026-04-14T10:01:28.699Z]        - [CREDIT] 2002.03.02: 1368326.36
[2026-04-14T10:01:28.699Z] 
[2026-04-14T10:01:28.699Z] [ERROR]      ❌ ERROR: Accurate Reject: Jurnal yang anda masukkan tidak seimbang antara debit dengan kredit
[2026-04-14T10:01:31.702Z] 
[156/360] Memproses 2025-09-20 - LA.PIAZZA...
[2026-04-14T10:01:31.978Z]      ⏭️  Jurnal Penjualan sudah ada di Accurate.
[2026-04-14T10:01:32.088Z]      ⏭️  Jurnal Uang Masuk sudah ada di Accurate.
[2026-04-14T10:01:32.088Z]      ⏭️  Semua jurnal untuk hari ini sudah selesai, dilewati tanpa memanggil API Quinos.
[2026-04-14T10:01:35.090Z] 
[157/360] Memproses 2025-09-21 - LA.PIAZZA...
[2026-04-14T10:01:35.458Z]      📡 Mengambil data dari Quinos...
[2026-04-14T10:01:38.610Z]      ⚖️ Auto-balancing applied: Pembulatan Rp 0.51
[2026-04-14T10:01:38.921Z] 
     🛑 [DEBUG] ACCURATE REJECTED PAYLOAD (BREW - PENJUALAN STRADA LA.PIAZZA 21/09/2025)
[2026-04-14T10:01:38.921Z]      Total Debit Internal: 30301308
[2026-04-14T10:01:38.921Z]      Total Credit Internal: 30301308
[2026-04-14T10:01:38.921Z]      Baris Jurnal:
[2026-04-14T10:01:38.921Z]        - [DEBIT ] 4000.96.14: 343890
[2026-04-14T10:01:38.921Z]        - [DEBIT ] 1100.01: 8060585
[2026-04-14T10:01:38.921Z]        - [DEBIT ] 1100.01: 5119793
[2026-04-14T10:01:38.921Z]        - [DEBIT ] 1100.06: 473000
[2026-04-14T10:01:38.921Z]        - [DEBIT ] 1100.01: 15683895
[2026-04-14T10:01:38.921Z]        - [DEBIT ] 4000.96.04: 108840
[2026-04-14T10:01:38.921Z]        - [DEBIT ] 1100.21: 310200
[2026-04-14T10:01:38.921Z]        - [DEBIT ] 1000.01.01: 105105
[2026-04-14T10:01:38.921Z]        - [DEBIT ] 4000.96.01: 96000
[2026-04-14T10:01:38.921Z]        - [CREDIT] 4000.01.02: 18440515.14
[2026-04-14T10:01:38.921Z]        - [CREDIT] 4000.01.10: 448000
[2026-04-14T10:01:38.921Z]        - [CREDIT] 4000.01.01: 6699409.09
[2026-04-14T10:01:38.921Z]        - [CREDIT] 4000.01.16: 444000
[2026-04-14T10:01:38.921Z]        - [CREDIT] 4000.01.01: 297000
[2026-04-14T10:01:38.921Z]        - [CREDIT] 2002.04.01: 1258446.21
[2026-04-14T10:01:38.921Z]        - [CREDIT] 2002.03.02: 2713937.04
[2026-04-14T10:01:38.921Z]        - [CREDIT] 7200.02: 0.51
[2026-04-14T10:01:38.921Z] 
[2026-04-14T10:01:38.922Z] [ERROR]      ❌ ERROR: Accurate Reject: Jurnal yang anda masukkan tidak seimbang antara debit dengan kredit
[2026-04-14T10:01:41.924Z] 
[158/360] Memproses 2025-09-22 - LA.PIAZZA...
[2026-04-14T10:01:42.288Z]      ⏭️  Jurnal Penjualan sudah ada di Accurate.
[2026-04-14T10:01:42.469Z]      ⏭️  Jurnal Uang Masuk sudah ada di Accurate.
[2026-04-14T10:01:42.469Z]      ⏭️  Semua jurnal untuk hari ini sudah selesai, dilewati tanpa memanggil API Quinos.
[2026-04-14T10:01:45.472Z] 
[159/360] Memproses 2025-09-23 - LA.PIAZZA...
[2026-04-14T10:01:45.659Z]      ⏭️  Jurnal Penjualan sudah ada di Accurate.
[2026-04-14T10:01:45.787Z]      ⏭️  Jurnal Uang Masuk sudah ada di Accurate.
[2026-04-14T10:01:45.787Z]      ⏭️  Semua jurnal untuk hari ini sudah selesai, dilewati tanpa memanggil API Quinos.
[2026-04-14T10:01:48.790Z] 
[160/360] Memproses 2025-09-24 - LA.PIAZZA...
[2026-04-14T10:01:49.211Z]      📡 Mengambil data dari Quinos...
[2026-04-14T10:01:52.826Z] 
     🛑 [DEBUG] ACCURATE REJECTED PAYLOAD (BREW - PENJUALAN STRADA LA.PIAZZA 24/09/2025)
[2026-04-14T10:01:52.826Z]      Total Debit Internal: 7422865
[2026-04-14T10:01:52.826Z]      Total Credit Internal: 7422865
[2026-04-14T10:01:52.826Z]      Baris Jurnal:
[2026-04-14T10:01:52.827Z]        - [DEBIT ] 1100.01: 1856055
[2026-04-14T10:01:52.827Z]        - [DEBIT ] 1100.01: 679140
[2026-04-14T10:01:52.827Z]        - [DEBIT ] 1100.06: 188100
[2026-04-14T10:01:52.827Z]        - [DEBIT ] 1100.01: 4261130
[2026-04-14T10:01:52.827Z]        - [DEBIT ] 4000.96.04: 55440
[2026-04-14T10:01:52.827Z]        - [DEBIT ] 1100.21: 337700
[2026-04-14T10:01:52.827Z]        - [DEBIT ] 4000.96.01: 45300
[2026-04-14T10:01:52.827Z]        - [CREDIT] 4000.01.02: 3984303.03
[2026-04-14T10:01:52.827Z]        - [CREDIT] 4000.01.10: 140000
[2026-04-14T10:01:52.827Z]        - [CREDIT] 4000.01.01: 2255606.06
[2026-04-14T10:01:52.827Z]        - [CREDIT] 4000.01.16: 93000
[2026-04-14T10:01:52.827Z]        - [CREDIT] 2002.04.01: 292745.45
[2026-04-14T10:01:52.827Z]        - [CREDIT] 2002.03.02: 657210.45
[2026-04-14T10:01:52.827Z] 
[2026-04-14T10:01:52.827Z] [ERROR]      ❌ ERROR: Accurate Reject: Jurnal yang anda masukkan tidak seimbang antara debit dengan kredit
[2026-04-14T10:01:52.827Z] 
════════════════════════════════════════════════════════════════════════
[2026-04-14T10:01:52.827Z] === LAPORAN PROGRES [160/360 — 44%] ===
[2026-04-14T10:01:52.828Z] ────────────────────────────────────────────────────────────────────────
[2026-04-14T10:01:52.828Z]   Diproses  : 160 dari 360 (44%)
[2026-04-14T10:01:52.828Z]   ✅ Sukses  : 5
[2026-04-14T10:01:52.828Z]   ⏭️  Dilewati: 142
[2026-04-14T10:01:52.828Z]   ❌ Error   : 13
[2026-04-14T10:01:52.828Z]        • Ditolak Accurate: 13x
[2026-04-14T10:01:52.828Z] ────────────────────────────────────────────────────────────────────────
[2026-04-14T10:01:52.828Z]   Detail Error:
[2026-04-14T10:01:52.828Z]     [2025-08-18] LA.PIAZZA        | Penjualan    | Ditolak Accurate
[2026-04-14T10:01:52.828Z]     [2025-08-20] LA.PIAZZA        | Penjualan    | Ditolak Accurate
[2026-04-14T10:01:52.828Z]     [2025-08-21] LA.PIAZZA        | Penjualan    | Ditolak Accurate
[2026-04-14T10:01:52.828Z]     [2025-08-22] LA.PIAZZA        | Penjualan    | Ditolak Accurate
[2026-04-14T10:01:52.828Z]     [2025-08-23] LA.PIAZZA        | Penjualan    | Ditolak Accurate
[2026-04-14T10:01:52.828Z]     [2025-08-24] LA.PIAZZA        | Penjualan    | Ditolak Accurate
[2026-04-14T10:01:52.828Z]     [2025-08-26] LA.PIAZZA        | Penjualan    | Ditolak Accurate
[2026-04-14T10:01:52.828Z]     [2025-09-04] LA.PIAZZA        | Penjualan    | Ditolak Accurate
[2026-04-14T10:01:52.828Z]     [2025-09-06] LA.PIAZZA        | Penjualan    | Ditolak Accurate
[2026-04-14T10:01:52.828Z]     [2025-09-07] LA.PIAZZA        | Penjualan    | Ditolak Accurate
[2026-04-14T10:01:52.828Z]     [2025-09-19] LA.PIAZZA        | Penjualan    | Ditolak Accurate
[2026-04-14T10:01:52.828Z]     [2025-09-21] LA.PIAZZA        | Penjualan    | Ditolak Accurate
[2026-04-14T10:01:52.828Z]     [2025-09-24] LA.PIAZZA        | Penjualan    | Ditolak Accurate
[2026-04-14T10:01:52.828Z] ════════════════════════════════════════════════════════════════════════

[2026-04-14T10:01:55.831Z] 
[161/360] Memproses 2025-09-25 - LA.PIAZZA...
[2026-04-14T10:01:56.046Z]      ⏭️  Jurnal Penjualan sudah ada di Accurate.
[2026-04-14T10:01:56.164Z]      ⏭️  Jurnal Uang Masuk sudah ada di Accurate.
[2026-04-14T10:01:56.164Z]      ⏭️  Semua jurnal untuk hari ini sudah selesai, dilewati tanpa memanggil API Quinos.
[2026-04-14T10:01:59.167Z] 
[162/360] Memproses 2025-09-26 - LA.PIAZZA...
[2026-04-14T10:01:59.576Z]      📡 Mengambil data dari Quinos...
[2026-04-14T10:02:02.970Z] 
     🛑 [DEBUG] ACCURATE REJECTED PAYLOAD (BREW - PENJUALAN STRADA LA.PIAZZA 26/09/2025)
[2026-04-14T10:02:02.970Z]      Total Debit Internal: 15696950
[2026-04-14T10:02:02.970Z]      Total Credit Internal: 15696950
[2026-04-14T10:02:02.970Z]      Baris Jurnal:
[2026-04-14T10:02:02.970Z]        - [DEBIT ] 1100.01: 5664120
[2026-04-14T10:02:02.970Z]        - [DEBIT ] 1100.01: 2725650
[2026-04-14T10:02:02.970Z]        - [DEBIT ] 1100.06: 80300
[2026-04-14T10:02:02.970Z]        - [DEBIT ] 1100.01: 7015605
[2026-04-14T10:02:02.970Z]        - [DEBIT ] 4000.96.04: 86625
[2026-04-14T10:02:02.970Z]        - [DEBIT ] 4000.96.01: 124650
[2026-04-14T10:02:02.970Z]        - [CREDIT] 4000.01.02: 8368909.09
[2026-04-14T10:02:02.970Z]        - [CREDIT] 4000.01.01: 5104000
[2026-04-14T10:02:02.970Z]        - [CREDIT] 4000.01.16: 121000
[2026-04-14T10:02:02.970Z]        - [CREDIT] 2002.04.01: 676045.45
[2026-04-14T10:02:02.970Z]        - [CREDIT] 2002.03.02: 1426995.45
[2026-04-14T10:02:02.970Z] 
[2026-04-14T10:02:02.971Z] [ERROR]      ❌ ERROR: Accurate Reject: Jurnal yang anda masukkan tidak seimbang antara debit dengan kredit
[2026-04-14T10:02:05.973Z] 
[163/360] Memproses 2025-09-27 - LA.PIAZZA...
[2026-04-14T10:02:06.422Z]      📡 Mengambil data dari Quinos...
[2026-04-14T10:02:09.156Z]      ⚖️ Auto-balancing applied: Pembulatan Rp 0.01
[2026-04-14T10:02:09.593Z] 
     🛑 [DEBUG] ACCURATE REJECTED PAYLOAD (BREW - PENJUALAN STRADA LA.PIAZZA 27/09/2025)
[2026-04-14T10:02:09.593Z]      Total Debit Internal: 20920965
[2026-04-14T10:02:09.593Z]      Total Credit Internal: 20920965
[2026-04-14T10:02:09.593Z]      Baris Jurnal:
[2026-04-14T10:02:09.593Z]        - [DEBIT ] 4000.96.03: 150000
[2026-04-14T10:02:09.593Z]        - [DEBIT ] 1100.01: 3775875
[2026-04-14T10:02:09.593Z]        - [DEBIT ] 1100.01: 2660955
[2026-04-14T10:02:09.593Z]        - [DEBIT ] 1100.06: 187000
[2026-04-14T10:02:09.593Z]        - [DEBIT ] 1100.01: 13654555
[2026-04-14T10:02:09.593Z]        - [DEBIT ] 1100.21: 211900
[2026-04-14T10:02:09.593Z]        - [DEBIT ] 1000.01.01: 110880
[2026-04-14T10:02:09.593Z]        - [DEBIT ] 4000.96.01: 169800
[2026-04-14T10:02:09.593Z]        - [CREDIT] 4000.01.02: 12998424.23
[2026-04-14T10:02:09.593Z]        - [CREDIT] 4000.01.10: 220000
[2026-04-14T10:02:09.593Z]        - [CREDIT] 4000.01.01: 4301303.03
[2026-04-14T10:02:09.593Z]        - [CREDIT] 4000.01.16: 693000
[2026-04-14T10:02:09.593Z]        - [CREDIT] 2002.04.01: 880936.36
[2026-04-14T10:02:09.593Z]        - [CREDIT] 2002.03.02: 1827301.36
[2026-04-14T10:02:09.593Z]        - [CREDIT] 7200.02: 0.01
[2026-04-14T10:02:09.593Z] 
[2026-04-14T10:02:09.594Z] [ERROR]      ❌ ERROR: Accurate Reject: Jurnal yang anda masukkan tidak seimbang antara debit dengan kredit
[2026-04-14T10:02:12.595Z] 
[164/360] Memproses 2025-09-28 - LA.PIAZZA...
[2026-04-14T10:02:12.863Z]      📡 Mengambil data dari Quinos...
[2026-04-14T10:02:15.578Z]      ⚖️ Auto-balancing applied: Pembulatan Rp 0.02
[2026-04-14T10:02:16.065Z]      ✅ Jurnal Penjualan OK
[2026-04-14T10:02:16.423Z]      ✅ Jurnal Uang Masuk OK (tanggal 29/09/2025)
[2026-04-14T10:02:19.426Z] 
[165/360] Memproses 2025-09-29 - LA.PIAZZA...
[2026-04-14T10:02:19.723Z]      📡 Mengambil data dari Quinos...
[2026-04-14T10:02:22.830Z]      ✅ Jurnal Penjualan OK
[2026-04-14T10:02:23.126Z]      ✅ Jurnal Uang Masuk OK (tanggal 30/09/2025)
[2026-04-14T10:02:26.128Z] 
[166/360] Memproses 2025-09-30 - LA.PIAZZA...
[2026-04-14T10:02:26.423Z]      📡 Mengambil data dari Quinos...
[2026-04-14T10:02:29.251Z]      ⚖️ Auto-balancing applied: Pembulatan Rp 0.01
[2026-04-14T10:02:29.687Z]      ✅ Jurnal Penjualan OK
[2026-04-14T10:02:30.046Z]      ✅ Jurnal Uang Masuk OK (tanggal 01/10/2025)
[2026-04-14T10:02:33.048Z] 
[167/360] Memproses 2025-10-01 - LA.PIAZZA...
[2026-04-14T10:02:33.284Z]      📡 Mengambil data dari Quinos...
[2026-04-14T10:02:36.265Z]      ⚖️ Auto-balancing applied: Pembulatan Rp 0.46
[2026-04-14T10:02:36.794Z]      ✅ Jurnal Penjualan OK
[2026-04-14T10:02:37.102Z]      ✅ Jurnal Uang Masuk OK (tanggal 02/10/2025)
[2026-04-14T10:02:40.104Z] 
[168/360] Memproses 2025-10-02 - LA.PIAZZA...
[2026-04-14T10:02:40.395Z]      📡 Mengambil data dari Quinos...
[2026-04-14T10:02:43.330Z] 
     🛑 [DEBUG] ACCURATE REJECTED PAYLOAD (BREW - PENJUALAN STRADA LA.PIAZZA 02/10/2025)
[2026-04-14T10:02:43.330Z]      Total Debit Internal: 13884265
[2026-04-14T10:02:43.330Z]      Total Credit Internal: 13884265
[2026-04-14T10:02:43.331Z]      Baris Jurnal:
[2026-04-14T10:02:43.331Z]        - [DEBIT ] 2002.01.01: 100000
[2026-04-14T10:02:43.331Z]        - [DEBIT ] 1100.01: 2794760
[2026-04-14T10:02:43.331Z]        - [DEBIT ] 1100.01: 1503140
[2026-04-14T10:02:43.331Z]        - [DEBIT ] 1100.06: 75900
[2026-04-14T10:02:43.331Z]        - [DEBIT ] 1100.01: 8946500
[2026-04-14T10:02:43.331Z]        - [DEBIT ] 4000.96.04: 49665
[2026-04-14T10:02:43.331Z]        - [DEBIT ] 1100.21: 292200
[2026-04-14T10:02:43.331Z]        - [DEBIT ] 4000.96.01: 122100
[2026-04-14T10:02:43.331Z]        - [CREDIT] 4000.01.02: 6975000
[2026-04-14T10:02:43.331Z]        - [CREDIT] 4000.01.10: 772000
[2026-04-14T10:02:43.331Z]        - [CREDIT] 4000.01.01: 4338909.09
[2026-04-14T10:02:43.331Z]        - [CREDIT] 4000.01.16: 66000
[2026-04-14T10:02:43.331Z]        - [CREDIT] 2002.04.01: 551695.45
[2026-04-14T10:02:43.331Z]        - [CREDIT] 2002.03.02: 1180660.45
[2026-04-14T10:02:43.331Z] 
[2026-04-14T10:02:43.331Z] [ERROR]      ❌ ERROR: Accurate Reject: Jurnal yang anda masukkan tidak seimbang antara debit dengan kredit
[2026-04-14T10:02:46.333Z] 
[169/360] Memproses 2025-10-03 - LA.PIAZZA...
[2026-04-14T10:02:46.728Z]      📡 Mengambil data dari Quinos...
[2026-04-14T10:02:49.751Z]      ✅ Jurnal Penjualan OK
[2026-04-14T10:02:50.049Z]      ✅ Jurnal Uang Masuk OK (tanggal 04/10/2025)
[2026-04-14T10:02:53.052Z] 
[170/360] Memproses 2025-10-04 - LA.PIAZZA...
[2026-04-14T10:02:53.293Z]      📡 Mengambil data dari Quinos...
[2026-04-14T10:02:56.719Z]      ✅ Jurnal Penjualan OK
[2026-04-14T10:02:57.121Z]      ✅ Jurnal Uang Masuk OK (tanggal 05/10/2025)
[2026-04-14T10:02:57.121Z] 
════════════════════════════════════════════════════════════════════════
[2026-04-14T10:02:57.121Z] === LAPORAN PROGRES [170/360 — 47%] ===
[2026-04-14T10:02:57.121Z] ────────────────────────────────────────────────────────────────────────
[2026-04-14T10:02:57.121Z]   Diproses  : 170 dari 360 (47%)
[2026-04-14T10:02:57.121Z]   ✅ Sukses  : 11
[2026-04-14T10:02:57.121Z]   ⏭️  Dilewati: 143
[2026-04-14T10:02:57.121Z]   ❌ Error   : 16
[2026-04-14T10:02:57.121Z]        • Ditolak Accurate: 16x
[2026-04-14T10:02:57.121Z] ────────────────────────────────────────────────────────────────────────
[2026-04-14T10:02:57.121Z]   Detail Error:
[2026-04-14T10:02:57.121Z]     [2025-08-18] LA.PIAZZA        | Penjualan    | Ditolak Accurate
[2026-04-14T10:02:57.122Z]     [2025-08-20] LA.PIAZZA        | Penjualan    | Ditolak Accurate
[2026-04-14T10:02:57.122Z]     [2025-08-21] LA.PIAZZA        | Penjualan    | Ditolak Accurate
[2026-04-14T10:02:57.122Z]     [2025-08-22] LA.PIAZZA        | Penjualan    | Ditolak Accurate
[2026-04-14T10:02:57.122Z]     [2025-08-23] LA.PIAZZA        | Penjualan    | Ditolak Accurate
[2026-04-14T10:02:57.122Z]     [2025-08-24] LA.PIAZZA        | Penjualan    | Ditolak Accurate
[2026-04-14T10:02:57.122Z]     [2025-08-26] LA.PIAZZA        | Penjualan    | Ditolak Accurate
[2026-04-14T10:02:57.122Z]     [2025-09-04] LA.PIAZZA        | Penjualan    | Ditolak Accurate
[2026-04-14T10:02:57.122Z]     [2025-09-06] LA.PIAZZA        | Penjualan    | Ditolak Accurate
[2026-04-14T10:02:57.122Z]     [2025-09-07] LA.PIAZZA        | Penjualan    | Ditolak Accurate
[2026-04-14T10:02:57.122Z]     [2025-09-19] LA.PIAZZA        | Penjualan    | Ditolak Accurate
[2026-04-14T10:02:57.122Z]     [2025-09-21] LA.PIAZZA        | Penjualan    | Ditolak Accurate
[2026-04-14T10:02:57.122Z]     [2025-09-24] LA.PIAZZA        | Penjualan    | Ditolak Accurate
[2026-04-14T10:02:57.122Z]     [2025-09-26] LA.PIAZZA        | Penjualan    | Ditolak Accurate
[2026-04-14T10:02:57.122Z]     [2025-09-27] LA.PIAZZA        | Penjualan    | Ditolak Accurate
[2026-04-14T10:02:57.122Z]     [2025-10-02] LA.PIAZZA        | Penjualan    | Ditolak Accurate
[2026-04-14T10:02:57.122Z] ════════════════════════════════════════════════════════════════════════

[2026-04-14T10:03:00.125Z] 
[171/360] Memproses 2025-10-05 - LA.PIAZZA...
[2026-04-14T10:03:00.369Z]      📡 Mengambil data dari Quinos...
[2026-04-14T10:03:03.733Z]      ✅ Jurnal Penjualan OK
[2026-04-14T10:03:04.149Z]      ✅ Jurnal Uang Masuk OK (tanggal 06/10/2025)
[2026-04-14T10:03:07.152Z] 
[172/360] Memproses 2025-10-06 - LA.PIAZZA...
[2026-04-14T10:03:07.410Z]      📡 Mengambil data dari Quinos...
[2026-04-14T10:03:10.866Z]      ✅ Jurnal Penjualan OK
[2026-04-14T10:03:11.263Z]      ✅ Jurnal Uang Masuk OK (tanggal 07/10/2025)
[2026-04-14T10:03:14.265Z] 
[173/360] Memproses 2025-10-07 - LA.PIAZZA...
[2026-04-14T10:03:14.508Z]      📡 Mengambil data dari Quinos...
[2026-04-14T10:03:17.619Z]      ✅ Jurnal Penjualan OK
[2026-04-14T10:03:17.943Z]      ✅ Jurnal Uang Masuk OK (tanggal 08/10/2025)
[2026-04-14T10:03:20.947Z] 
[174/360] Memproses 2025-10-08 - LA.PIAZZA...
[2026-04-14T10:03:21.225Z]      📡 Mengambil data dari Quinos...
[2026-04-14T10:03:24.936Z]      ✅ Jurnal Penjualan OK
[2026-04-14T10:03:25.218Z]      ✅ Jurnal Uang Masuk OK (tanggal 09/10/2025)
[2026-04-14T10:03:28.220Z] 
[175/360] Memproses 2025-10-09 - LA.PIAZZA...
[2026-04-14T10:03:28.470Z]      📡 Mengambil data dari Quinos...
[2026-04-14T10:03:31.946Z]      ✅ Jurnal Penjualan OK
[2026-04-14T10:03:32.243Z]      ✅ Jurnal Uang Masuk OK (tanggal 10/10/2025)
[2026-04-14T10:03:35.244Z] 
[176/360] Memproses 2025-10-10 - LA.PIAZZA...
[2026-04-14T10:03:35.487Z]      📡 Mengambil data dari Quinos...

Menghubungkan ke Accurate...
[2026-04-14T10:07:34.472Z] ✅ Terhubung! Sesi: a06e43cd-cf3a-417e-a6ef-f90e75576f3f
[2026-04-14T10:07:34.472Z] Menghubungkan ke Quinos Cloud...
[2026-04-14T10:07:36.582Z] ✅ Login Quinos berhasil! Session siap digunakan.
[2026-04-14T10:07:36.582Z] 
[1/239] Memproses 2025-08-17 - LA.PIAZZA...
[2026-04-14T10:07:37.004Z]      ⏭️  Jurnal Penjualan sudah ada di Accurate.
[2026-04-14T10:07:37.241Z]      ⏭️  Jurnal Uang Masuk sudah ada di Accurate.
[2026-04-14T10:07:37.241Z]      ⏭️  Semua jurnal untuk hari ini sudah selesai, dilewati tanpa memanggil API Quinos.
[2026-04-14T10:07:40.246Z] 
[2/239] Memproses 2025-08-18 - LA.PIAZZA...
[2026-04-14T10:07:40.508Z]      📡 Mengambil data dari Quinos...
[2026-04-14T10:07:43.353Z]      ⚖️ Auto-balancing applied: Pembulatan Rp 0.46
[2026-04-14T10:07:43.718Z]      ✅ Jurnal Penjualan OK
[2026-04-14T10:07:44.020Z]      ✅ Jurnal Uang Masuk OK (tanggal 19/08/2025)
[2026-04-14T10:07:47.023Z] 
[3/239] Memproses 2025-08-19 - LA.PIAZZA...
[2026-04-14T10:07:47.184Z]      ⏭️  Jurnal Penjualan sudah ada di Accurate.
[2026-04-14T10:07:47.296Z]      ⏭️  Jurnal Uang Masuk sudah ada di Accurate.
[2026-04-14T10:07:47.296Z]      ⏭️  Semua jurnal untuk hari ini sudah selesai, dilewati tanpa memanggil API Quinos.
[2026-04-14T10:07:50.298Z] 
[4/239] Memproses 2025-08-20 - LA.PIAZZA...
[2026-04-14T10:07:50.570Z]      📡 Mengambil data dari Quinos...
[2026-04-14T10:07:53.688Z]      ✅ Jurnal Penjualan OK
[2026-04-14T10:07:54.186Z]      ✅ Jurnal Uang Masuk OK (tanggal 21/08/2025)
[2026-04-14T10:07:57.188Z] 
[5/239] Memproses 2025-08-21 - LA.PIAZZA...
[2026-04-14T10:07:57.438Z]      📡 Mengambil data dari Quinos...
[2026-04-14T10:08:00.603Z] 
     🛑 [DEBUG] ACCURATE REJECTED PAYLOAD (BREW - PENJUALAN STRADA LA.PIAZZA 21/08/2025)
[2026-04-14T10:08:00.603Z]      Total Debit Internal: 10788790 (exact: 10788790)
[2026-04-14T10:08:00.603Z]      Total Credit Internal: 10788789 (exact: 10788789)
[2026-04-14T10:08:00.603Z]      Selisih Exact: 1
[2026-04-14T10:08:00.603Z]      Baris Jurnal:
[2026-04-14T10:08:00.603Z]        - [DEBIT ] 1100.01: 2133135
[2026-04-14T10:08:00.603Z]        - [DEBIT ] 1100.01: 3270080
[2026-04-14T10:08:00.603Z]        - [DEBIT ] 1100.06: 94600
[2026-04-14T10:08:00.603Z]        - [DEBIT ] 1100.01: 4838775
[2026-04-14T10:08:00.603Z]        - [DEBIT ] 4000.96.04: 268350
[2026-04-14T10:08:00.603Z]        - [DEBIT ] 1100.21: 150700
[2026-04-14T10:08:00.603Z]        - [DEBIT ] 4000.96.01: 33150
[2026-04-14T10:08:00.603Z]        - [CREDIT] 4000.01.02: 5861030
[2026-04-14T10:08:00.603Z]        - [CREDIT] 4000.01.01: 3144212
[2026-04-14T10:08:00.603Z]        - [CREDIT] 4000.01.13: 400000
[2026-04-14T10:08:00.603Z]        - [CREDIT] 2002.04.01: 439112
[2026-04-14T10:08:00.604Z]        - [CREDIT] 2002.03.02: 944435
[2026-04-14T10:08:00.604Z] 
[2026-04-14T10:08:00.604Z] [ERROR]      ❌ ERROR: Accurate Reject: Jurnal yang anda masukkan tidak seimbang antara debit dengan kredit
[2026-04-14T10:08:03.606Z] 
[6/239] Memproses 2025-08-22 - LA.PIAZZA...
[2026-04-14T10:08:03.899Z]      📡 Mengambil data dari Quinos...
[2026-04-14T10:08:07.077Z] 
     🛑 [DEBUG] ACCURATE REJECTED PAYLOAD (BREW - PENJUALAN STRADA LA.PIAZZA 22/08/2025)
[2026-04-14T10:08:07.078Z]      Total Debit Internal: 18571255 (exact: 18571255)
[2026-04-14T10:08:07.078Z]      Total Credit Internal: 18571254 (exact: 18571254)
[2026-04-14T10:08:07.078Z]      Selisih Exact: 1
[2026-04-14T10:08:07.078Z]      Baris Jurnal:
[2026-04-14T10:08:07.078Z]        - [DEBIT ] 1100.01: 3752010
[2026-04-14T10:08:07.078Z]        - [DEBIT ] 1100.01: 3039995
[2026-04-14T10:08:07.078Z]        - [DEBIT ] 1100.06: 136400
[2026-04-14T10:08:07.078Z]        - [DEBIT ] 1100.01: 11309800
[2026-04-14T10:08:07.078Z]        - [DEBIT ] 4000.96.04: 53150
[2026-04-14T10:08:07.078Z]        - [DEBIT ] 1100.21: 201300
[2026-04-14T10:08:07.078Z]        - [DEBIT ] 4000.96.01: 78600
[2026-04-14T10:08:07.078Z]        - [CREDIT] 4000.01.02: 10078848
[2026-04-14T10:08:07.078Z]        - [CREDIT] 4000.01.10: 486000
[2026-04-14T10:08:07.078Z]        - [CREDIT] 4000.01.01: 4896000
[2026-04-14T10:08:07.078Z]        - [CREDIT] 4000.01.16: 400000
[2026-04-14T10:08:07.078Z]        - [CREDIT] 4000.01.01: 198000
[2026-04-14T10:08:07.078Z]        - [CREDIT] 4000.01.13: 110000
[2026-04-14T10:08:07.078Z]        - [CREDIT] 2002.04.01: 768292
[2026-04-14T10:08:07.078Z]        - [CREDIT] 2002.03.02: 1634114
[2026-04-14T10:08:07.078Z] 
[2026-04-14T10:08:07.078Z] [ERROR]      ❌ ERROR: Accurate Reject: Jurnal yang anda masukkan tidak seimbang antara debit dengan kredit
[2026-04-14T10:08:10.080Z] 
[7/239] Memproses 2025-08-23 - LA.PIAZZA...
[2026-04-14T10:08:10.359Z]      📡 Mengambil data dari Quinos...
[2026-04-14T10:08:13.199Z]      ⚖️ Auto-balancing applied: Pembulatan Rp 0.02
[2026-04-14T10:08:13.649Z]      ✅ Jurnal Penjualan OK
[2026-04-14T10:08:13.987Z]      ✅ Jurnal Uang Masuk OK (tanggal 24/08/2025)
[2026-04-14T10:08:16.989Z] 
[8/239] Memproses 2025-08-24 - LA.PIAZZA...
[2026-04-14T10:08:17.245Z]      📡 Mengambil data dari Quinos...

 
Menghubungkan ke Accurate...
[2026-04-14T10:09:51.236Z] ✅ Terhubung! Sesi: a06e43cd-cf3a-417e-a6ef-f90e75576f3f
[2026-04-14T10:09:51.236Z] Menghubungkan ke Quinos Cloud...
[2026-04-14T10:09:53.389Z] ✅ Login Quinos berhasil! Session siap digunakan.
[2026-04-14T10:09:53.389Z] 
[1/239] Memproses 2025-08-17 - LA.PIAZZA...
[2026-04-14T10:09:53.544Z]      ⏭️  Jurnal Penjualan sudah ada di Accurate.
[2026-04-14T10:09:53.654Z]      ⏭️  Jurnal Uang Masuk sudah ada di Accurate.
[2026-04-14T10:09:53.654Z]      ⏭️  Semua jurnal untuk hari ini sudah selesai, dilewati tanpa memanggil API Quinos.
[2026-04-14T10:09:56.656Z] 
[2/239] Memproses 2025-08-18 - LA.PIAZZA...
[2026-04-14T10:09:56.903Z]      ⏭️  Jurnal Penjualan sudah ada di Accurate.
[2026-04-14T10:09:57.032Z]      ⏭️  Jurnal Uang Masuk sudah ada di Accurate.
[2026-04-14T10:09:57.032Z]      ⏭️  Semua jurnal untuk hari ini sudah selesai, dilewati tanpa memanggil API Quinos.
[2026-04-14T10:10:00.033Z] 
[3/239] Memproses 2025-08-19 - LA.PIAZZA...
[2026-04-14T10:10:00.186Z]      ⏭️  Jurnal Penjualan sudah ada di Accurate.
[2026-04-14T10:10:00.302Z]      ⏭️  Jurnal Uang Masuk sudah ada di Accurate.
[2026-04-14T10:10:00.303Z]      ⏭️  Semua jurnal untuk hari ini sudah selesai, dilewati tanpa memanggil API Quinos.
[2026-04-14T10:10:03.306Z] 
[4/239] Memproses 2025-08-20 - LA.PIAZZA...
[2026-04-14T10:10:03.465Z]      ⏭️  Jurnal Penjualan sudah ada di Accurate.
[2026-04-14T10:10:03.583Z]      ⏭️  Jurnal Uang Masuk sudah ada di Accurate.
[2026-04-14T10:10:03.583Z]      ⏭️  Semua jurnal untuk hari ini sudah selesai, dilewati tanpa memanggil API Quinos.
[2026-04-14T10:10:06.584Z] 
[5/239] Memproses 2025-08-21 - LA.PIAZZA...
[2026-04-14T10:10:06.868Z]      📡 Mengambil data dari Quinos...
[2026-04-14T10:10:09.986Z]      ✅ Jurnal Penjualan OK
[2026-04-14T10:10:10.388Z]      ✅ Jurnal Uang Masuk OK (tanggal 22/08/2025)
[2026-04-14T10:10:13.390Z] 
[6/239] Memproses 2025-08-22 - LA.PIAZZA...
[2026-04-14T10:10:13.652Z]      📡 Mengambil data dari Quinos...
[2026-04-14T10:10:16.536Z]      ✅ Jurnal Penjualan OK
[2026-04-14T10:10:21.663Z]      ✅ Jurnal Uang Masuk OK (tanggal 23/08/2025)
[2026-04-14T10:10:24.665Z] 
[7/239] Memproses 2025-08-23 - LA.PIAZZA...
[2026-04-14T10:10:25.121Z]      ⏭️  Jurnal Penjualan sudah ada di Accurate.
[2026-04-14T10:10:25.239Z]      ⏭️  Jurnal Uang Masuk sudah ada di Accurate.
[2026-04-14T10:10:25.239Z]      ⏭️  Semua jurnal untuk hari ini sudah selesai, dilewati tanpa memanggil API Quinos.
[2026-04-14T10:10:28.242Z] 
[8/239] Memproses 2025-08-24 - LA.PIAZZA...
[2026-04-14T10:10:28.518Z]      📡 Mengambil data dari Quinos...
[2026-04-14T10:10:31.074Z]      ⚖️ Auto-balancing applied: Pembulatan Rp 0.02
[2026-04-14T10:10:31.449Z]      ✅ Jurnal Penjualan OK
[2026-04-14T10:10:31.751Z]      ✅ Jurnal Uang Masuk OK (tanggal 25/08/2025)
[2026-04-14T10:10:34.752Z] 
[9/239] Memproses 2025-08-25 - LA.PIAZZA...
[2026-04-14T10:10:34.922Z]      ⏭️  Jurnal Penjualan sudah ada di Accurate.
[2026-04-14T10:10:35.193Z]      ⏭️  Jurnal Uang Masuk sudah ada di Accurate.
[2026-04-14T10:10:35.193Z]      ⏭️  Semua jurnal untuk hari ini sudah selesai, dilewati tanpa memanggil API Quinos.
[2026-04-14T10:10:38.195Z] 
[10/239] Memproses 2025-08-26 - LA.PIAZZA...
[2026-04-14T10:10:38.542Z]      📡 Mengambil data dari Quinos...
[2026-04-14T10:10:41.895Z]      ✅ Jurnal Penjualan OK
[2026-04-14T10:10:42.397Z]      ✅ Jurnal Uang Masuk OK (tanggal 27/08/2025)
[2026-04-14T10:10:42.399Z] 
════════════════════════════════════════════════════════════════════════
[2026-04-14T10:10:42.399Z] === LAPORAN PROGRES [10/239 — 4%] ===
[2026-04-14T10:10:42.399Z] ────────────────────────────────────────────────────────────────────────
[2026-04-14T10:10:42.399Z]   Diproses  : 10 dari 239 (4%)
[2026-04-14T10:10:42.399Z]   ✅ Sukses  : 4
[2026-04-14T10:10:42.399Z]   ⏭️  Dilewati: 6
[2026-04-14T10:10:42.399Z]   ❌ Error   : 0
[2026-04-14T10:10:42.399Z] ════════════════════════════════════════════════════════════════════════

[2026-04-14T10:10:45.401Z] 
[11/239] Memproses 2025-08-27 - LA.PIAZZA...
[2026-04-14T10:10:45.655Z]      ⏭️  Jurnal Penjualan sudah ada di Accurate.
[2026-04-14T10:10:45.765Z]      ⏭️  Jurnal Uang Masuk sudah ada di Accurate.
[2026-04-14T10:10:45.765Z]      ⏭️  Semua jurnal untuk hari ini sudah selesai, dilewati tanpa memanggil API Quinos.
[2026-04-14T10:10:48.767Z] 
[12/239] Memproses 2025-08-28 - LA.PIAZZA...
[2026-04-14T10:10:48.942Z]      ⏭️  Jurnal Penjualan sudah ada di Accurate.
[2026-04-14T10:10:49.100Z]      ⏭️  Jurnal Uang Masuk sudah ada di Accurate.
[2026-04-14T10:10:49.100Z]      ⏭️  Semua jurnal untuk hari ini sudah selesai, dilewati tanpa memanggil API Quinos.
[2026-04-14T10:10:52.101Z] 
[13/239] Memproses 2025-08-29 - LA.PIAZZA...
[2026-04-14T10:10:52.239Z]      ⏭️  Jurnal Penjualan sudah ada di Accurate.
[2026-04-14T10:10:52.498Z]      ⏭️  Jurnal Uang Masuk sudah ada di Accurate.
[2026-04-14T10:10:52.499Z]      ⏭️  Semua jurnal untuk hari ini sudah selesai, dilewati tanpa memanggil API Quinos.
[2026-04-14T10:10:55.500Z] 
[14/239] Memproses 2025-08-30 - LA.PIAZZA...
[2026-04-14T10:10:56.216Z]      ⏭️  Jurnal Penjualan sudah ada di Accurate.
[2026-04-14T10:10:56.321Z]      ⏭️  Jurnal Uang Masuk sudah ada di Accurate.
[2026-04-14T10:10:56.322Z]      ⏭️  Semua jurnal untuk hari ini sudah selesai, dilewati tanpa memanggil API Quinos.
[2026-04-14T10:10:59.324Z] 
[15/239] Memproses 2025-08-31 - LA.PIAZZA...
[2026-04-14T10:10:59.692Z]      ⏭️  Jurnal Penjualan sudah ada di Accurate.
[2026-04-14T10:10:59.804Z]      ⏭️  Jurnal Uang Masuk sudah ada di Accurate.
[2026-04-14T10:10:59.805Z]      ⏭️  Semua jurnal untuk hari ini sudah selesai, dilewati tanpa memanggil API Quinos.
[2026-04-14T10:11:02.806Z] 
[16/239] Memproses 2025-09-01 - LA.PIAZZA...
[2026-04-14T10:11:02.966Z]      ⏭️  Jurnal Penjualan sudah ada di Accurate.
[2026-04-14T10:11:03.075Z]      ⏭️  Jurnal Uang Masuk sudah ada di Accurate.
[2026-04-14T10:11:03.075Z]      ⏭️  Semua jurnal untuk hari ini sudah selesai, dilewati tanpa memanggil API Quinos.
[2026-04-14T10:11:06.077Z] 
[17/239] Memproses 2025-09-02 - LA.PIAZZA...
[2026-04-14T10:11:06.217Z]      ⏭️  Jurnal Penjualan sudah ada di Accurate.
[2026-04-14T10:11:06.330Z]      ⏭️  Jurnal Uang Masuk sudah ada di Accurate.
[2026-04-14T10:11:06.330Z]      ⏭️  Semua jurnal untuk hari ini sudah selesai, dilewati tanpa memanggil API Quinos.
[2026-04-14T10:11:09.331Z] 
[18/239] Memproses 2025-09-03 - LA.PIAZZA...
[2026-04-14T10:11:09.509Z]      ⏭️  Jurnal Penjualan sudah ada di Accurate.
[2026-04-14T10:11:09.654Z]      ⏭️  Jurnal Uang Masuk sudah ada di Accurate.
[2026-04-14T10:11:09.655Z]      ⏭️  Semua jurnal untuk hari ini sudah selesai, dilewati tanpa memanggil API Quinos.
[2026-04-14T10:11:12.657Z] 
[19/239] Memproses 2025-09-04 - LA.PIAZZA...
[2026-04-14T10:11:13.070Z]      📡 Mengambil data dari Quinos...
[2026-04-14T10:11:16.187Z]      ✅ Jurnal Penjualan OK
[2026-04-14T10:11:16.486Z]      ✅ Jurnal Uang Masuk OK (tanggal 05/09/2025)
[2026-04-14T10:11:19.490Z] 
[20/239] Memproses 2025-09-05 - LA.PIAZZA...
[2026-04-14T10:11:19.734Z]      ⏭️  Jurnal Penjualan sudah ada di Accurate.
[2026-04-14T10:11:19.835Z]      ⏭️  Jurnal Uang Masuk sudah ada di Accurate.
[2026-04-14T10:11:19.835Z]      ⏭️  Semua jurnal untuk hari ini sudah selesai, dilewati tanpa memanggil API Quinos.
[2026-04-14T10:11:19.835Z] 
════════════════════════════════════════════════════════════════════════
[2026-04-14T10:11:19.835Z] === LAPORAN PROGRES [20/239 — 8%] ===
[2026-04-14T10:11:19.835Z] ────────────────────────────────────────────────────────────────────────
[2026-04-14T10:11:19.835Z]   Diproses  : 20 dari 239 (8%)
[2026-04-14T10:11:19.835Z]   ✅ Sukses  : 5
[2026-04-14T10:11:19.835Z]   ⏭️  Dilewati: 15
[2026-04-14T10:11:19.835Z]   ❌ Error   : 0
[2026-04-14T10:11:19.835Z] ════════════════════════════════════════════════════════════════════════

[2026-04-14T10:11:22.837Z] 
[21/239] Memproses 2025-09-06 - LA.PIAZZA...
[2026-04-14T10:11:23.588Z]      📡 Mengambil data dari Quinos...
[2026-04-14T10:11:26.499Z]      ✅ Jurnal Penjualan OK
[2026-04-14T10:11:26.964Z]      ✅ Jurnal Uang Masuk OK (tanggal 07/09/2025)
[2026-04-14T10:11:29.966Z] 
[22/239] Memproses 2025-09-07 - LA.PIAZZA...
[2026-04-14T10:11:30.260Z]      📡 Mengambil data dari Quinos...
[2026-04-14T10:11:33.215Z]      ✅ Jurnal Penjualan OK
[2026-04-14T10:11:33.504Z]      ✅ Jurnal Uang Masuk OK (tanggal 08/09/2025)
[2026-04-14T10:11:36.506Z] 
[23/239] Memproses 2025-09-08 - LA.PIAZZA...
[2026-04-14T10:11:36.642Z]      ⏭️  Jurnal Penjualan sudah ada di Accurate.
[2026-04-14T10:11:36.743Z]      ⏭️  Jurnal Uang Masuk sudah ada di Accurate.
[2026-04-14T10:11:36.743Z]      ⏭️  Semua jurnal untuk hari ini sudah selesai, dilewati tanpa memanggil API Quinos.
[2026-04-14T10:11:39.745Z] 
[24/239] Memproses 2025-09-09 - LA.PIAZZA...
[2026-04-14T10:11:39.936Z]      ⏭️  Jurnal Penjualan sudah ada di Accurate.
[2026-04-14T10:11:40.059Z]      ⏭️  Jurnal Uang Masuk sudah ada di Accurate.
[2026-04-14T10:11:40.059Z]      ⏭️  Semua jurnal untuk hari ini sudah selesai, dilewati tanpa memanggil API Quinos.
[2026-04-14T10:11:43.061Z] 
[25/239] Memproses 2025-09-10 - LA.PIAZZA...
[2026-04-14T10:11:43.273Z]      ⏭️  Jurnal Penjualan sudah ada di Accurate.
[2026-04-14T10:11:43.424Z]      ⏭️  Jurnal Uang Masuk sudah ada di Accurate.
[2026-04-14T10:11:43.425Z]      ⏭️  Semua jurnal untuk hari ini sudah selesai, dilewati tanpa memanggil API Quinos.
[2026-04-14T10:11:46.425Z] 
[26/239] Memproses 2025-09-11 - LA.PIAZZA...
[2026-04-14T10:11:46.629Z]      ⏭️  Jurnal Penjualan sudah ada di Accurate.
[2026-04-14T10:11:46.754Z]      ⏭️  Jurnal Uang Masuk sudah ada di Accurate.
[2026-04-14T10:11:46.754Z]      ⏭️  Semua jurnal untuk hari ini sudah selesai, dilewati tanpa memanggil API Quinos.
[2026-04-14T10:11:49.756Z] 
[27/239] Memproses 2025-09-12 - LA.PIAZZA...
[2026-04-14T10:11:49.904Z]      ⏭️  Jurnal Penjualan sudah ada di Accurate.
[2026-04-14T10:11:50.015Z]      ⏭️  Jurnal Uang Masuk sudah ada di Accurate.
[2026-04-14T10:11:50.015Z]      ⏭️  Semua jurnal untuk hari ini sudah selesai, dilewati tanpa memanggil API Quinos.
[2026-04-14T10:11:53.015Z] 
[28/239] Memproses 2025-09-13 - LA.PIAZZA...
[2026-04-14T10:11:53.145Z]      ⏭️  Jurnal Penjualan sudah ada di Accurate.
[2026-04-14T10:11:53.257Z]      ⏭️  Jurnal Uang Masuk sudah ada di Accurate.
[2026-04-14T10:11:53.257Z]      ⏭️  Semua jurnal untuk hari ini sudah selesai, dilewati tanpa memanggil API Quinos.
[2026-04-14T10:11:56.259Z] 
[29/239] Memproses 2025-09-14 - LA.PIAZZA...
[2026-04-14T10:11:56.394Z]      ⏭️  Jurnal Penjualan sudah ada di Accurate.
[2026-04-14T10:11:56.588Z]      ⏭️  Jurnal Uang Masuk sudah ada di Accurate.
[2026-04-14T10:11:56.588Z]      ⏭️  Semua jurnal untuk hari ini sudah selesai, dilewati tanpa memanggil API Quinos.
[2026-04-14T10:11:59.590Z] 
[30/239] Memproses 2025-09-15 - LA.PIAZZA...
[2026-04-14T10:11:59.730Z]      ⏭️  Jurnal Penjualan sudah ada di Accurate.
[2026-04-14T10:11:59.837Z]      ⏭️  Jurnal Uang Masuk sudah ada di Accurate.
[2026-04-14T10:11:59.837Z]      ⏭️  Semua jurnal untuk hari ini sudah selesai, dilewati tanpa memanggil API Quinos.
[2026-04-14T10:11:59.837Z] 
════════════════════════════════════════════════════════════════════════
[2026-04-14T10:11:59.837Z] === LAPORAN PROGRES [30/239 — 13%] ===
[2026-04-14T10:11:59.837Z] ────────────────────────────────────────────────────────────────────────
[2026-04-14T10:11:59.837Z]   Diproses  : 30 dari 239 (13%)
[2026-04-14T10:11:59.837Z]   ✅ Sukses  : 7
[2026-04-14T10:11:59.837Z]   ⏭️  Dilewati: 23
[2026-04-14T10:11:59.837Z]   ❌ Error   : 0
[2026-04-14T10:11:59.837Z] ════════════════════════════════════════════════════════════════════════

[2026-04-14T10:12:02.838Z] 
[31/239] Memproses 2025-09-16 - LA.PIAZZA...
[2026-04-14T10:12:02.988Z]      ⏭️  Jurnal Penjualan sudah ada di Accurate.
[2026-04-14T10:12:03.100Z]      ⏭️  Jurnal Uang Masuk sudah ada di Accurate.
[2026-04-14T10:12:03.101Z]      ⏭️  Semua jurnal untuk hari ini sudah selesai, dilewati tanpa memanggil API Quinos.
[2026-04-14T10:12:06.103Z] 
[32/239] Memproses 2025-09-17 - LA.PIAZZA...
[2026-04-14T10:12:06.292Z]      ⏭️  Jurnal Penjualan sudah ada di Accurate.
[2026-04-14T10:12:06.401Z]      ⏭️  Jurnal Uang Masuk sudah ada di Accurate.
[2026-04-14T10:12:06.402Z]      ⏭️  Semua jurnal untuk hari ini sudah selesai, dilewati tanpa memanggil API Quinos.
[2026-04-14T10:12:09.403Z] 
[33/239] Memproses 2025-09-18 - LA.PIAZZA...
[2026-04-14T10:12:09.550Z]      ⏭️  Jurnal Penjualan sudah ada di Accurate.
[2026-04-14T10:12:09.668Z]      ⏭️  Jurnal Uang Masuk sudah ada di Accurate.
[2026-04-14T10:12:09.668Z]      ⏭️  Semua jurnal untuk hari ini sudah selesai, dilewati tanpa memanggil API Quinos.
[2026-04-14T10:12:12.670Z] 
[34/239] Memproses 2025-09-19 - LA.PIAZZA...
[2026-04-14T10:12:12.930Z]      📡 Mengambil data dari Quinos...
[2026-04-14T10:12:15.808Z]      ✅ Jurnal Penjualan OK
[2026-04-14T10:12:16.104Z]      ✅ Jurnal Uang Masuk OK (tanggal 20/09/2025)
[2026-04-14T10:12:19.105Z] 
[35/239] Memproses 2025-09-20 - LA.PIAZZA...
[2026-04-14T10:12:19.252Z]      ⏭️  Jurnal Penjualan sudah ada di Accurate.
[2026-04-14T10:12:19.379Z]      ⏭️  Jurnal Uang Masuk sudah ada di Accurate.
[2026-04-14T10:12:19.379Z]      ⏭️  Semua jurnal untuk hari ini sudah selesai, dilewati tanpa memanggil API Quinos.
[2026-04-14T10:12:22.381Z] 
[36/239] Memproses 2025-09-21 - LA.PIAZZA...
[2026-04-14T10:12:22.702Z]      📡 Mengambil data dari Quinos...
[2026-04-14T10:12:28.105Z]      ⚖️ Auto-balancing applied: Pembulatan Rp 0.51
[2026-04-14T10:12:28.635Z]      ✅ Jurnal Penjualan OK
[2026-04-14T10:12:29.100Z]      ✅ Jurnal Uang Masuk OK (tanggal 22/09/2025)
[2026-04-14T10:12:32.102Z] 
[37/239] Memproses 2025-09-22 - LA.PIAZZA...
[2026-04-14T10:12:32.288Z]      ⏭️  Jurnal Penjualan sudah ada di Accurate.
[2026-04-14T10:12:32.394Z]      ⏭️  Jurnal Uang Masuk sudah ada di Accurate.
[2026-04-14T10:12:32.394Z]      ⏭️  Semua jurnal untuk hari ini sudah selesai, dilewati tanpa memanggil API Quinos.
[2026-04-14T10:12:35.396Z] 
[38/239] Memproses 2025-09-23 - LA.PIAZZA...
[2026-04-14T10:12:35.520Z]      ⏭️  Jurnal Penjualan sudah ada di Accurate.
[2026-04-14T10:12:35.637Z]      ⏭️  Jurnal Uang Masuk sudah ada di Accurate.
[2026-04-14T10:12:35.637Z]      ⏭️  Semua jurnal untuk hari ini sudah selesai, dilewati tanpa memanggil API Quinos.
[2026-04-14T10:12:38.640Z] 
[39/239] Memproses 2025-09-24 - LA.PIAZZA...
[2026-04-14T10:12:38.876Z]      📡 Mengambil data dari Quinos...
[2026-04-14T10:12:42.010Z]      ✅ Jurnal Penjualan OK
[2026-04-14T10:12:42.316Z]      ✅ Jurnal Uang Masuk OK (tanggal 25/09/2025)
[2026-04-14T10:12:45.319Z] 
[40/239] Memproses 2025-09-25 - LA.PIAZZA...
[2026-04-14T10:12:45.454Z]      ⏭️  Jurnal Penjualan sudah ada di Accurate.
[2026-04-14T10:12:45.554Z]      ⏭️  Jurnal Uang Masuk sudah ada di Accurate.
[2026-04-14T10:12:45.554Z]      ⏭️  Semua jurnal untuk hari ini sudah selesai, dilewati tanpa memanggil API Quinos.
[2026-04-14T10:12:45.555Z] 
════════════════════════════════════════════════════════════════════════
[2026-04-14T10:12:45.555Z] === LAPORAN PROGRES [40/239 — 17%] ===
[2026-04-14T10:12:45.555Z] ────────────────────────────────────────────────────────────────────────
[2026-04-14T10:12:45.555Z]   Diproses  : 40 dari 239 (17%)
[2026-04-14T10:12:45.555Z]   ✅ Sukses  : 10
[2026-04-14T10:12:45.555Z]   ⏭️  Dilewati: 30
[2026-04-14T10:12:45.555Z]   ❌ Error   : 0
[2026-04-14T10:12:45.555Z] ════════════════════════════════════════════════════════════════════════

[2026-04-14T10:12:48.556Z] 
[41/239] Memproses 2025-09-26 - LA.PIAZZA...
[2026-04-14T10:12:48.788Z]      📡 Mengambil data dari Quinos...
[2026-04-14T10:12:51.627Z]      ✅ Jurnal Penjualan OK
[2026-04-14T10:12:51.995Z]      ✅ Jurnal Uang Masuk OK (tanggal 27/09/2025)
[2026-04-14T10:12:54.998Z] 
[42/239] Memproses 2025-09-27 - LA.PIAZZA...
[2026-04-14T10:12:55.492Z]      📡 Mengambil data dari Quinos...
[2026-04-14T10:12:58.107Z]      ⚖️ Auto-balancing applied: Pembulatan Rp 0.01
[2026-04-14T10:12:58.440Z]      ✅ Jurnal Penjualan OK
[2026-04-14T10:12:58.814Z]      ✅ Jurnal Uang Masuk OK (tanggal 28/09/2025)
[2026-04-14T10:13:01.816Z] 
[43/239] Memproses 2025-09-28 - LA.PIAZZA...
[2026-04-14T10:13:02.016Z]      ⏭️  Jurnal Penjualan sudah ada di Accurate.
[2026-04-14T10:13:02.156Z]      ⏭️  Jurnal Uang Masuk sudah ada di Accurate.
[2026-04-14T10:13:02.157Z]      ⏭️  Semua jurnal untuk hari ini sudah selesai, dilewati tanpa memanggil API Quinos.
[2026-04-14T10:13:05.158Z] 
[44/239] Memproses 2025-09-29 - LA.PIAZZA...
[2026-04-14T10:13:05.355Z]      ⏭️  Jurnal Penjualan sudah ada di Accurate.
[2026-04-14T10:13:05.469Z]      ⏭️  Jurnal Uang Masuk sudah ada di Accurate.
[2026-04-14T10:13:05.469Z]      ⏭️  Semua jurnal untuk hari ini sudah selesai, dilewati tanpa memanggil API Quinos.
[2026-04-14T10:13:08.472Z] 
[45/239] Memproses 2025-09-30 - LA.PIAZZA...
[2026-04-14T10:13:08.691Z]      ⏭️  Jurnal Penjualan sudah ada di Accurate.
[2026-04-14T10:13:08.848Z]      ⏭️  Jurnal Uang Masuk sudah ada di Accurate.
[2026-04-14T10:13:08.848Z]      ⏭️  Semua jurnal untuk hari ini sudah selesai, dilewati tanpa memanggil API Quinos.
[2026-04-14T10:13:11.850Z] 
[46/239] Memproses 2025-10-01 - LA.PIAZZA...
[2026-04-14T10:13:11.993Z]      ⏭️  Jurnal Penjualan sudah ada di Accurate.
[2026-04-14T10:13:12.249Z]      ⏭️  Jurnal Uang Masuk sudah ada di Accurate.
[2026-04-14T10:13:12.249Z]      ⏭️  Semua jurnal untuk hari ini sudah selesai, dilewati tanpa memanggil API Quinos.
[2026-04-14T10:13:15.252Z] 
[47/239] Memproses 2025-10-02 - LA.PIAZZA...
[2026-04-14T10:13:15.475Z]      📡 Mengambil data dari Quinos...
[2026-04-14T10:13:18.643Z]      ✅ Jurnal Penjualan OK
[2026-04-14T10:13:19.109Z]      ✅ Jurnal Uang Masuk OK (tanggal 03/10/2025)
[2026-04-14T10:13:22.109Z] 
[48/239] Memproses 2025-10-03 - LA.PIAZZA...
[2026-04-14T10:13:22.248Z]      ⏭️  Jurnal Penjualan sudah ada di Accurate.
[2026-04-14T10:13:22.355Z]      ⏭️  Jurnal Uang Masuk sudah ada di Accurate.
[2026-04-14T10:13:22.356Z]      ⏭️  Semua jurnal untuk hari ini sudah selesai, dilewati tanpa memanggil API Quinos.
[2026-04-14T10:13:25.356Z] 
[49/239] Memproses 2025-10-04 - LA.PIAZZA...
[2026-04-14T10:13:25.547Z]      ⏭️  Jurnal Penjualan sudah ada di Accurate.
[2026-04-14T10:13:25.656Z]      ⏭️  Jurnal Uang Masuk sudah ada di Accurate.
[2026-04-14T10:13:25.657Z]      ⏭️  Semua jurnal untuk hari ini sudah selesai, dilewati tanpa memanggil API Quinos.
[2026-04-14T10:13:28.659Z] 
[50/239] Memproses 2025-10-05 - LA.PIAZZA...
[2026-04-14T10:13:28.802Z]      ⏭️  Jurnal Penjualan sudah ada di Accurate.
[2026-04-14T10:13:28.963Z]      ⏭️  Jurnal Uang Masuk sudah ada di Accurate.
[2026-04-14T10:13:28.963Z]      ⏭️  Semua jurnal untuk hari ini sudah selesai, dilewati tanpa memanggil API Quinos.
[2026-04-14T10:13:28.963Z] 
════════════════════════════════════════════════════════════════════════
[2026-04-14T10:13:28.963Z] === LAPORAN PROGRES [50/239 — 21%] ===
[2026-04-14T10:13:28.964Z] ────────────────────────────────────────────────────────────────────────
[2026-04-14T10:13:28.964Z]   Diproses  : 50 dari 239 (21%)
[2026-04-14T10:13:28.964Z]   ✅ Sukses  : 13
[2026-04-14T10:13:28.964Z]   ⏭️  Dilewati: 37
[2026-04-14T10:13:28.964Z]   ❌ Error   : 0
[2026-04-14T10:13:28.964Z] ════════════════════════════════════════════════════════════════════════

[2026-04-14T10:13:31.964Z] 
[51/239] Memproses 2025-10-06 - LA.PIAZZA...
[2026-04-14T10:13:32.096Z]      ⏭️  Jurnal Penjualan sudah ada di Accurate.
[2026-04-14T10:13:32.197Z]      ⏭️  Jurnal Uang Masuk sudah ada di Accurate.
[2026-04-14T10:13:32.197Z]      ⏭️  Semua jurnal untuk hari ini sudah selesai, dilewati tanpa memanggil API Quinos.
[2026-04-14T10:13:35.197Z] 
[52/239] Memproses 2025-10-07 - LA.PIAZZA...
[2026-04-14T10:13:35.346Z]      ⏭️  Jurnal Penjualan sudah ada di Accurate.
[2026-04-14T10:13:35.463Z]      ⏭️  Jurnal Uang Masuk sudah ada di Accurate.
[2026-04-14T10:13:35.463Z]      ⏭️  Semua jurnal untuk hari ini sudah selesai, dilewati tanpa memanggil API Quinos.
[2026-04-14T10:13:38.465Z] 
[53/239] Memproses 2025-10-08 - LA.PIAZZA...
[2026-04-14T10:13:38.604Z]      ⏭️  Jurnal Penjualan sudah ada di Accurate.
[2026-04-14T10:13:38.712Z]      ⏭️  Jurnal Uang Masuk sudah ada di Accurate.
[2026-04-14T10:13:38.712Z]      ⏭️  Semua jurnal untuk hari ini sudah selesai, dilewati tanpa memanggil API Quinos.
[2026-04-14T10:13:41.717Z] 
[54/239] Memproses 2025-10-09 - LA.PIAZZA...
[2026-04-14T10:13:41.877Z]      ⏭️  Jurnal Penjualan sudah ada di Accurate.
[2026-04-14T10:13:41.978Z]      ⏭️  Jurnal Uang Masuk sudah ada di Accurate.
[2026-04-14T10:13:41.978Z]      ⏭️  Semua jurnal untuk hari ini sudah selesai, dilewati tanpa memanggil API Quinos.
[2026-04-14T10:13:44.980Z] 
[55/239] Memproses 2025-10-10 - LA.PIAZZA...
[2026-04-14T10:13:45.232Z]      📡 Mengambil data dari Quinos...
[2026-04-14T10:13:48.297Z]      ✅ Jurnal Penjualan OK
[2026-04-14T10:13:48.692Z]      ✅ Jurnal Uang Masuk OK (tanggal 11/10/2025)
[2026-04-14T10:13:51.693Z] 
[56/239] Memproses 2025-10-11 - LA.PIAZZA...
[2026-04-14T10:13:51.943Z]      📡 Mengambil data dari Quinos...
[2026-04-14T10:13:55.485Z]      ✅ Jurnal Penjualan OK
[2026-04-14T10:13:55.788Z]      ✅ Jurnal Uang Masuk OK (tanggal 12/10/2025)
[2026-04-14T10:13:58.794Z] 
[57/239] Memproses 2025-10-12 - LA.PIAZZA...
[2026-04-14T10:13:59.052Z]      📡 Mengambil data dari Quinos...
[2026-04-14T10:14:02.454Z]      ✅ Jurnal Penjualan OK
[2026-04-14T10:14:02.946Z]      ✅ Jurnal Uang Masuk OK (tanggal 13/10/2025)
[2026-04-14T10:14:05.948Z] 
[58/239] Memproses 2025-10-13 - LA.PIAZZA...
[2026-04-14T10:14:06.269Z]      📡 Mengambil data dari Quinos...
[2026-04-14T10:14:09.498Z]      ✅ Jurnal Penjualan OK
[2026-04-14T10:14:09.837Z]      ✅ Jurnal Uang Masuk OK (tanggal 14/10/2025)
[2026-04-14T10:14:12.839Z] 
[59/239] Memproses 2025-10-14 - LA.PIAZZA...
[2026-04-14T10:14:13.150Z]      📡 Mengambil data dari Quinos...
[2026-04-14T10:14:16.518Z]      ✅ Jurnal Penjualan OK
[2026-04-14T10:14:16.853Z]      ✅ Jurnal Uang Masuk OK (tanggal 15/10/2025)
[2026-04-14T10:14:19.855Z] 
[60/239] Memproses 2025-10-15 - LA.PIAZZA...
[2026-04-14T10:14:20.154Z]      📡 Mengambil data dari Quinos...
[2026-04-14T10:14:23.845Z]      ✅ Jurnal Penjualan OK
[2026-04-14T10:14:24.233Z]      ✅ Jurnal Uang Masuk OK (tanggal 16/10/2025)
[2026-04-14T10:14:24.233Z] 
════════════════════════════════════════════════════════════════════════
[2026-04-14T10:14:24.234Z] === LAPORAN PROGRES [60/239 — 25%] ===
[2026-04-14T10:14:24.234Z] ────────────────────────────────────────────────────────────────────────
[2026-04-14T10:14:24.234Z]   Diproses  : 60 dari 239 (25%)
[2026-04-14T10:14:24.234Z]   ✅ Sukses  : 19
[2026-04-14T10:14:24.234Z]   ⏭️  Dilewati: 41
[2026-04-14T10:14:24.234Z]   ❌ Error   : 0
[2026-04-14T10:14:24.234Z] ════════════════════════════════════════════════════════════════════════

[2026-04-14T10:14:27.236Z] 
[61/239] Memproses 2025-10-16 - LA.PIAZZA...
[2026-04-14T10:14:27.575Z]      📡 Mengambil data dari Quinos...
[2026-04-14T10:14:31.961Z]      ✅ Jurnal Penjualan OK
[2026-04-14T10:14:32.457Z]      ✅ Jurnal Uang Masuk OK (tanggal 17/10/2025)
[2026-04-14T10:14:35.458Z] 
[62/239] Memproses 2025-10-17 - LA.PIAZZA...
[2026-04-14T10:14:35.815Z]      📡 Mengambil data dari Quinos...
[2026-04-14T10:14:40.672Z]      ✅ Jurnal Penjualan OK
[2026-04-14T10:14:41.538Z]      ✅ Jurnal Uang Masuk OK (tanggal 18/10/2025)
[2026-04-14T10:14:44.539Z] 
[63/239] Memproses 2025-10-18 - LA.PIAZZA...
[2026-04-14T10:14:44.942Z]      📡 Mengambil data dari Quinos...
[2026-04-14T10:14:48.866Z]      ✅ Jurnal Penjualan OK
[2026-04-14T10:14:49.342Z]      ✅ Jurnal Uang Masuk OK (tanggal 19/10/2025)
[2026-04-14T10:14:52.344Z] 
[64/239] Memproses 2025-10-19 - LA.PIAZZA...
[2026-04-14T10:14:52.693Z]      📡 Mengambil data dari Quinos...
[2026-04-14T10:14:55.984Z]      ✅ Jurnal Penjualan OK
[2026-04-14T10:14:56.270Z]      ✅ Jurnal Uang Masuk OK (tanggal 20/10/2025)
[2026-04-14T10:14:59.272Z] 
[65/239] Memproses 2025-10-20 - LA.PIAZZA...
[2026-04-14T10:14:59.513Z]      📡 Mengambil data dari Quinos...
[2026-04-14T10:15:02.557Z]      ✅ Jurnal Penjualan OK
[2026-04-14T10:15:02.863Z]      ✅ Jurnal Uang Masuk OK (tanggal 21/10/2025)
[2026-04-14T10:15:05.864Z] 
[66/239] Memproses 2025-10-21 - LA.PIAZZA...
[2026-04-14T10:15:06.318Z]      📡 Mengambil data dari Quinos...
[2026-04-14T10:15:10.229Z]      ✅ Jurnal Penjualan OK
[2026-04-14T10:15:10.552Z]      ✅ Jurnal Uang Masuk OK (tanggal 22/10/2025)
[2026-04-14T10:15:13.554Z] 
[67/239] Memproses 2025-10-22 - LA.PIAZZA...
[2026-04-14T10:15:13.803Z]      📡 Mengambil data dari Quinos...
[2026-04-14T10:15:16.867Z]      ✅ Jurnal Penjualan OK
[2026-04-14T10:15:17.129Z]      ✅ Jurnal Uang Masuk OK (tanggal 23/10/2025)
[2026-04-14T10:15:20.131Z] 
[68/239] Memproses 2025-10-23 - LA.PIAZZA...
[2026-04-14T10:15:20.479Z]      📡 Mengambil data dari Quinos...
[2026-04-14T10:15:23.521Z]      ✅ Jurnal Penjualan OK
[2026-04-14T10:15:24.141Z]      ✅ Jurnal Uang Masuk OK (tanggal 24/10/2025)
[2026-04-14T10:15:27.150Z] 
[69/239] Memproses 2025-10-24 - LA.PIAZZA...
[2026-04-14T10:15:27.420Z]      📡 Mengambil data dari Quinos...
[2026-04-14T10:15:30.647Z]      ✅ Jurnal Penjualan OK
[2026-04-14T10:15:31.205Z]      ✅ Jurnal Uang Masuk OK (tanggal 25/10/2025)
[2026-04-14T10:15:34.206Z] 
[70/239] Memproses 2025-10-25 - LA.PIAZZA...
[2026-04-14T10:15:34.514Z]      📡 Mengambil data dari Quinos...
[2026-04-14T10:15:37.972Z]      ✅ Jurnal Penjualan OK
[2026-04-14T10:15:38.273Z]      ✅ Jurnal Uang Masuk OK (tanggal 26/10/2025)
[2026-04-14T10:15:38.276Z] 
════════════════════════════════════════════════════════════════════════
[2026-04-14T10:15:38.276Z] === LAPORAN PROGRES [70/239 — 29%] ===
[2026-04-14T10:15:38.276Z] ────────────────────────────────────────────────────────────────────────
[2026-04-14T10:15:38.276Z]   Diproses  : 70 dari 239 (29%)
[2026-04-14T10:15:38.276Z]   ✅ Sukses  : 29
[2026-04-14T10:15:38.276Z]   ⏭️  Dilewati: 41
[2026-04-14T10:15:38.276Z]   ❌ Error   : 0
[2026-04-14T10:15:38.276Z] ════════════════════════════════════════════════════════════════════════

[2026-04-14T10:15:41.278Z] 
[71/239] Memproses 2025-10-26 - LA.PIAZZA...
[2026-04-14T10:15:41.542Z]      📡 Mengambil data dari Quinos...
[2026-04-14T10:15:44.382Z]      ⚖️ Auto-balancing applied: Pembulatan Rp 0.5
[2026-04-14T10:15:44.843Z]      ✅ Jurnal Penjualan OK
[2026-04-14T10:15:45.124Z]      ✅ Jurnal Uang Masuk OK (tanggal 27/10/2025)
[2026-04-14T10:15:48.126Z] 
[72/239] Memproses 2025-10-27 - LA.PIAZZA...
[2026-04-14T10:15:48.367Z]      📡 Mengambil data dari Quinos...
[2026-04-14T10:15:51.597Z]      ✅ Jurnal Penjualan OK
[2026-04-14T10:15:51.980Z]      ✅ Jurnal Uang Masuk OK (tanggal 28/10/2025)
[2026-04-14T10:15:54.982Z] 
[73/239] Memproses 2025-10-28 - LA.PIAZZA...
[2026-04-14T10:15:55.282Z]      📡 Mengambil data dari Quinos...
[2026-04-14T10:15:59.235Z]      ✅ Jurnal Penjualan OK
[2026-04-14T10:15:59.826Z]      ✅ Jurnal Uang Masuk OK (tanggal 29/10/2025)
[2026-04-14T10:16:02.827Z] 
[74/239] Memproses 2025-10-29 - LA.PIAZZA...
[2026-04-14T10:16:03.350Z]      📡 Mengambil data dari Quinos...
[2026-04-14T10:16:07.300Z]      ✅ Jurnal Penjualan OK
[2026-04-14T10:16:07.636Z]      ✅ Jurnal Uang Masuk OK (tanggal 30/10/2025)
[2026-04-14T10:16:10.637Z] 
[75/239] Memproses 2025-10-30 - LA.PIAZZA...
[2026-04-14T10:16:11.352Z]      📡 Mengambil data dari Quinos...
[2026-04-14T10:16:16.674Z]      ✅ Jurnal Penjualan OK
[2026-04-14T10:16:17.022Z]      ✅ Jurnal Uang Masuk OK (tanggal 31/10/2025)
[2026-04-14T10:16:20.023Z] 
[76/239] Memproses 2025-10-31 - LA.PIAZZA...
[2026-04-14T10:16:20.335Z]      📡 Mengambil data dari Quinos...
[2026-04-14T10:16:25.726Z]      ✅ Jurnal Penjualan OK
[2026-04-14T10:16:26.526Z]      ✅ Jurnal Uang Masuk OK (tanggal 01/11/2025)
[2026-04-14T10:16:29.528Z] 
[77/239] Memproses 2025-11-01 - LA.PIAZZA...
[2026-04-14T10:16:29.974Z]      📡 Mengambil data dari Quinos...
[2026-04-14T10:16:34.749Z]      ✅ Jurnal Penjualan OK
[2026-04-14T10:16:35.292Z]      ✅ Jurnal Uang Masuk OK (tanggal 02/11/2025)
[2026-04-14T10:16:38.294Z] 
[78/239] Memproses 2025-11-02 - LA.PIAZZA...
[2026-04-14T10:16:38.559Z]      📡 Mengambil data dari Quinos...
[2026-04-14T10:16:42.258Z]      ✅ Jurnal Penjualan OK
[2026-04-14T10:16:42.549Z]      ✅ Jurnal Uang Masuk OK (tanggal 03/11/2025)
[2026-04-14T10:16:45.551Z] 
[79/239] Memproses 2025-11-03 - LA.PIAZZA...
[2026-04-14T10:16:45.812Z]      📡 Mengambil data dari Quinos...
[2026-04-14T10:16:48.885Z]      ✅ Jurnal Penjualan OK
[2026-04-14T10:16:49.339Z]      ✅ Jurnal Uang Masuk OK (tanggal 04/11/2025)
[2026-04-14T10:16:52.339Z] 
[80/239] Memproses 2025-11-04 - LA.PIAZZA...
[2026-04-14T10:16:52.972Z]      📡 Mengambil data dari Quinos...
[2026-04-14T10:16:56.431Z]      ✅ Jurnal Penjualan OK
[2026-04-14T10:16:56.776Z]      ✅ Jurnal Uang Masuk OK (tanggal 05/11/2025)
[2026-04-14T10:16:56.776Z] 
════════════════════════════════════════════════════════════════════════
[2026-04-14T10:16:56.776Z] === LAPORAN PROGRES [80/239 — 33%] ===
[2026-04-14T10:16:56.776Z] ────────────────────────────────────────────────────────────────────────
[2026-04-14T10:16:56.776Z]   Diproses  : 80 dari 239 (33%)
[2026-04-14T10:16:56.776Z]   ✅ Sukses  : 39
[2026-04-14T10:16:56.776Z]   ⏭️  Dilewati: 41
[2026-04-14T10:16:56.776Z]   ❌ Error   : 0
[2026-04-14T10:16:56.776Z] ════════════════════════════════════════════════════════════════════════

[2026-04-14T10:16:59.778Z] 
[81/239] Memproses 2025-11-05 - LA.PIAZZA...
[2026-04-14T10:17:00.088Z]      📡 Mengambil data dari Quinos...
[2026-04-14T10:17:02.603Z]      ⚖️ Auto-balancing applied: Pembulatan Rp 0.5
[2026-04-14T10:17:02.979Z]      ✅ Jurnal Penjualan OK
[2026-04-14T10:17:03.310Z]      ✅ Jurnal Uang Masuk OK (tanggal 06/11/2025)
[2026-04-14T10:17:06.311Z] 
[82/239] Memproses 2025-11-06 - LA.PIAZZA...
[2026-04-14T10:17:07.098Z]      📡 Mengambil data dari Quinos...
[2026-04-14T10:17:12.081Z]      ✅ Jurnal Penjualan OK
[2026-04-14T10:17:12.451Z]      ✅ Jurnal Uang Masuk OK (tanggal 07/11/2025)
[2026-04-14T10:17:15.453Z] 
[83/239] Memproses 2025-11-07 - LA.PIAZZA...
[2026-04-14T10:17:16.469Z]      📡 Mengambil data dari Quinos...
[2026-04-14T10:17:19.912Z]      ✅ Jurnal Penjualan OK
[2026-04-14T10:17:20.186Z]      ✅ Jurnal Uang Masuk OK (tanggal 08/11/2025)
[2026-04-14T10:17:23.188Z] 
[84/239] Memproses 2025-11-08 - LA.PIAZZA...
[2026-04-14T10:17:23.520Z]      📡 Mengambil data dari Quinos...
[2026-04-14T10:17:27.769Z]      ✅ Jurnal Penjualan OK
[2026-04-14T10:17:28.177Z]      ✅ Jurnal Uang Masuk OK (tanggal 09/11/2025)
[2026-04-14T10:17:31.180Z] 
[85/239] Memproses 2025-11-09 - LA.PIAZZA...
[2026-04-14T10:17:31.444Z]      📡 Mengambil data dari Quinos...
[2026-04-14T10:17:34.472Z]      ✅ Jurnal Penjualan OK
[2026-04-14T10:17:34.903Z]      ✅ Jurnal Uang Masuk OK (tanggal 10/11/2025)
[2026-04-14T10:17:37.905Z] 
[86/239] Memproses 2025-11-10 - LA.PIAZZA...
[2026-04-14T10:17:38.149Z]      📡 Mengambil data dari Quinos...
[2026-04-14T10:17:41.771Z]      ✅ Jurnal Penjualan OK
[2026-04-14T10:17:42.276Z]      ✅ Jurnal Uang Masuk OK (tanggal 11/11/2025)
[2026-04-14T10:17:45.280Z] 
[87/239] Memproses 2025-11-11 - LA.PIAZZA...
[2026-04-14T10:17:45.577Z]      📡 Mengambil data dari Quinos...
[2026-04-14T10:17:48.940Z]      ✅ Jurnal Penjualan OK
[2026-04-14T10:17:49.205Z]      ✅ Jurnal Uang Masuk OK (tanggal 12/11/2025)
[2026-04-14T10:17:52.206Z] 
[88/239] Memproses 2025-11-12 - LA.PIAZZA...
[2026-04-14T10:17:52.431Z]      📡 Mengambil data dari Quinos...
[2026-04-14T10:17:55.510Z]      ✅ Jurnal Penjualan OK
[2026-04-14T10:17:55.803Z]      ✅ Jurnal Uang Masuk OK (tanggal 13/11/2025)
[2026-04-14T10:17:58.804Z] 
[89/239] Memproses 2025-11-13 - LA.PIAZZA...
[2026-04-14T10:17:59.220Z]      📡 Mengambil data dari Quinos...
[2026-04-14T10:18:03.895Z]      ✅ Jurnal Penjualan OK
[2026-04-14T10:18:04.293Z]      ✅ Jurnal Uang Masuk OK (tanggal 14/11/2025)
[2026-04-14T10:18:07.295Z] 
[90/239] Memproses 2025-11-14 - LA.PIAZZA...
[2026-04-14T10:18:07.669Z]      📡 Mengambil data dari Quinos...
[2026-04-14T10:18:11.468Z]      ✅ Jurnal Penjualan OK
[2026-04-14T10:18:11.914Z]      ✅ Jurnal Uang Masuk OK (tanggal 15/11/2025)
[2026-04-14T10:18:11.914Z] 
════════════════════════════════════════════════════════════════════════
[2026-04-14T10:18:11.914Z] === LAPORAN PROGRES [90/239 — 38%] ===
[2026-04-14T10:18:11.914Z] ────────────────────────────────────────────────────────────────────────
[2026-04-14T10:18:11.914Z]   Diproses  : 90 dari 239 (38%)
[2026-04-14T10:18:11.914Z]   ✅ Sukses  : 49
[2026-04-14T10:18:11.914Z]   ⏭️  Dilewati: 41
[2026-04-14T10:18:11.914Z]   ❌ Error   : 0
[2026-04-14T10:18:11.914Z] ════════════════════════════════════════════════════════════════════════

[2026-04-14T10:18:14.915Z] 
[91/239] Memproses 2025-11-15 - LA.PIAZZA...
[2026-04-14T10:18:15.329Z]      📡 Mengambil data dari Quinos...
[2026-04-14T10:18:19.394Z]      ✅ Jurnal Penjualan OK
[2026-04-14T10:18:19.732Z]      ✅ Jurnal Uang Masuk OK (tanggal 16/11/2025)
[2026-04-14T10:18:22.733Z] 
[92/239] Memproses 2025-11-16 - LA.PIAZZA...
[2026-04-14T10:18:23.049Z]      📡 Mengambil data dari Quinos...
[2026-04-14T10:18:26.321Z]      ✅ Jurnal Penjualan OK
[2026-04-14T10:18:26.603Z]      ✅ Jurnal Uang Masuk OK (tanggal 17/11/2025)
[2026-04-14T10:18:29.604Z] 
[93/239] Memproses 2025-11-17 - LA.PIAZZA...
[2026-04-14T10:18:29.847Z]      📡 Mengambil data dari Quinos...
[2026-04-14T10:18:32.985Z]      ✅ Jurnal Penjualan OK
[2026-04-14T10:18:33.311Z]      ✅ Jurnal Uang Masuk OK (tanggal 18/11/2025)
[2026-04-14T10:18:36.312Z] 
[94/239] Memproses 2025-11-18 - LA.PIAZZA...
[2026-04-14T10:18:36.548Z]      📡 Mengambil data dari Quinos...
[2026-04-14T10:18:40.108Z]      ✅ Jurnal Penjualan OK
[2026-04-14T10:18:40.536Z]      ✅ Jurnal Uang Masuk OK (tanggal 19/11/2025)
[2026-04-14T10:18:43.536Z] 
[95/239] Memproses 2025-11-19 - LA.PIAZZA...
[2026-04-14T10:18:43.765Z]      📡 Mengambil data dari Quinos...
[2026-04-14T10:18:47.005Z]      ✅ Jurnal Penjualan OK
[2026-04-14T10:18:47.400Z]      ✅ Jurnal Uang Masuk OK (tanggal 20/11/2025)
[2026-04-14T10:18:50.401Z] 
[96/239] Memproses 2025-11-20 - LA.PIAZZA...
[2026-04-14T10:18:50.709Z]      📡 Mengambil data dari Quinos...
[2026-04-14T10:18:53.967Z]      ✅ Jurnal Penjualan OK
[2026-04-14T10:18:54.260Z]      ✅ Jurnal Uang Masuk OK (tanggal 21/11/2025)
[2026-04-14T10:18:57.262Z] 
[97/239] Memproses 2025-11-21 - LA.PIAZZA...
[2026-04-14T10:18:57.569Z]      📡 Mengambil data dari Quinos...
[2026-04-14T10:19:00.753Z]      ✅ Jurnal Penjualan OK
[2026-04-14T10:19:01.030Z]      ✅ Jurnal Uang Masuk OK (tanggal 22/11/2025)
[2026-04-14T10:19:04.032Z] 
[98/239] Memproses 2025-11-22 - LA.PIAZZA...
[2026-04-14T10:19:04.341Z]      📡 Mengambil data dari Quinos...
[2026-04-14T10:19:07.485Z]      ✅ Jurnal Penjualan OK
[2026-04-14T10:19:07.831Z]      ✅ Jurnal Uang Masuk OK (tanggal 23/11/2025)
[2026-04-14T10:19:10.833Z] 
[99/239] Memproses 2025-11-23 - LA.PIAZZA...
[2026-04-14T10:19:11.464Z]      📡 Mengambil data dari Quinos...
[2026-04-14T10:19:14.699Z]      ✅ Jurnal Penjualan OK
[2026-04-14T10:19:14.982Z]      ✅ Jurnal Uang Masuk OK (tanggal 24/11/2025)
[2026-04-14T10:19:17.986Z] 
[100/239] Memproses 2025-11-24 - LA.PIAZZA...
[2026-04-14T10:19:18.233Z]      📡 Mengambil data dari Quinos...
[2026-04-14T10:19:21.604Z]      ✅ Jurnal Penjualan OK
[2026-04-14T10:19:21.891Z]      ✅ Jurnal Uang Masuk OK (tanggal 25/11/2025)
[2026-04-14T10:19:21.891Z] 
════════════════════════════════════════════════════════════════════════
[2026-04-14T10:19:21.891Z] === LAPORAN PROGRES [100/239 — 42%] ===
[2026-04-14T10:19:21.891Z] ────────────────────────────────────────────────────────────────────────
[2026-04-14T10:19:21.891Z]   Diproses  : 100 dari 239 (42%)
[2026-04-14T10:19:21.891Z]   ✅ Sukses  : 59
[2026-04-14T10:19:21.891Z]   ⏭️  Dilewati: 41
[2026-04-14T10:19:21.891Z]   ❌ Error   : 0
[2026-04-14T10:19:21.891Z] ════════════════════════════════════════════════════════════════════════

[2026-04-14T10:19:24.892Z] 
[101/239] Memproses 2025-11-25 - LA.PIAZZA...
[2026-04-14T10:19:25.183Z]      📡 Mengambil data dari Quinos...
[2026-04-14T10:19:28.512Z]      ✅ Jurnal Penjualan OK
[2026-04-14T10:19:28.859Z]      ✅ Jurnal Uang Masuk OK (tanggal 26/11/2025)
[2026-04-14T10:19:31.860Z] 
[102/239] Memproses 2025-11-26 - LA.PIAZZA...
[2026-04-14T10:19:32.091Z]      📡 Mengambil data dari Quinos...
[2026-04-14T10:19:35.121Z]      ✅ Jurnal Penjualan OK
[2026-04-14T10:19:35.462Z]      ✅ Jurnal Uang Masuk OK (tanggal 27/11/2025)
[2026-04-14T10:19:38.466Z] 
[103/239] Memproses 2025-11-27 - LA.PIAZZA...
[2026-04-14T10:19:38.768Z]      📡 Mengambil data dari Quinos...
[2026-04-14T10:19:41.724Z]      ✅ Jurnal Penjualan OK
[2026-04-14T10:19:42.001Z]      ✅ Jurnal Uang Masuk OK (tanggal 28/11/2025)
[2026-04-14T10:19:45.002Z] 
[104/239] Memproses 2025-11-28 - LA.PIAZZA...
[2026-04-14T10:19:45.253Z]      📡 Mengambil data dari Quinos...
[2026-04-14T10:19:48.327Z]      ✅ Jurnal Penjualan OK
[2026-04-14T10:19:48.612Z]      ✅ Jurnal Uang Masuk OK (tanggal 29/11/2025)
[2026-04-14T10:19:51.613Z] 
[105/239] Memproses 2025-11-29 - LA.PIAZZA...
[2026-04-14T10:19:51.915Z]      📡 Mengambil data dari Quinos...
[2026-04-14T10:19:55.311Z]      ✅ Jurnal Penjualan OK
[2026-04-14T10:19:55.672Z]      ✅ Jurnal Uang Masuk OK (tanggal 30/11/2025)
[2026-04-14T10:19:58.673Z] 
[106/239] Memproses 2025-11-30 - LA.PIAZZA...
[2026-04-14T10:19:58.917Z]      📡 Mengambil data dari Quinos...
[2026-04-14T10:20:01.804Z]      ⚖️ Auto-balancing applied: Pembulatan Rp 0.5
[2026-04-14T10:20:02.137Z]      ✅ Jurnal Penjualan OK
[2026-04-14T10:20:02.452Z]      ✅ Jurnal Uang Masuk OK (tanggal 01/12/2025)
[2026-04-14T10:20:05.452Z] 
[107/239] Memproses 2025-12-01 - LA.PIAZZA...
[2026-04-14T10:20:05.680Z]      📡 Mengambil data dari Quinos...
[2026-04-14T10:20:08.928Z]      ✅ Jurnal Penjualan OK
[2026-04-14T10:20:09.332Z]      ✅ Jurnal Uang Masuk OK (tanggal 02/12/2025)
[2026-04-14T10:20:12.334Z] 
[108/239] Memproses 2025-12-02 - LA.PIAZZA...
[2026-04-14T10:20:12.570Z]      📡 Mengambil data dari Quinos...
[2026-04-14T10:20:15.614Z]      ✅ Jurnal Penjualan OK
[2026-04-14T10:20:15.983Z]      ✅ Jurnal Uang Masuk OK (tanggal 03/12/2025)
[2026-04-14T10:20:18.985Z] 
[109/239] Memproses 2025-12-03 - LA.PIAZZA...
[2026-04-14T10:20:19.323Z]      📡 Mengambil data dari Quinos...
[2026-04-14T10:20:22.525Z]      ✅ Jurnal Penjualan OK
[2026-04-14T10:20:22.790Z]      ✅ Jurnal Uang Masuk OK (tanggal 04/12/2025)
[2026-04-14T10:20:25.792Z] 
[110/239] Memproses 2025-12-04 - LA.PIAZZA...
[2026-04-14T10:20:26.053Z]      📡 Mengambil data dari Quinos...
[2026-04-14T10:20:29.362Z]      ✅ Jurnal Penjualan OK
[2026-04-14T10:20:29.807Z]      ✅ Jurnal Uang Masuk OK (tanggal 05/12/2025)
[2026-04-14T10:20:29.807Z] 
════════════════════════════════════════════════════════════════════════
[2026-04-14T10:20:29.808Z] === LAPORAN PROGRES [110/239 — 46%] ===
[2026-04-14T10:20:29.808Z] ────────────────────────────────────────────────────────────────────────
[2026-04-14T10:20:29.808Z]   Diproses  : 110 dari 239 (46%)
[2026-04-14T10:20:29.808Z]   ✅ Sukses  : 69
[2026-04-14T10:20:29.808Z]   ⏭️  Dilewati: 41
[2026-04-14T10:20:29.808Z]   ❌ Error   : 0
[2026-04-14T10:20:29.808Z] ════════════════════════════════════════════════════════════════════════

[2026-04-14T10:20:32.809Z] 
[111/239] Memproses 2025-12-05 - LA.PIAZZA...
[2026-04-14T10:20:33.162Z]      📡 Mengambil data dari Quinos...
[2026-04-14T10:20:35.932Z]      ⚖️ Auto-balancing applied: Pembulatan Rp 0.5
[2026-04-14T10:20:36.474Z]      ✅ Jurnal Penjualan OK
[2026-04-14T10:20:36.864Z]      ✅ Jurnal Uang Masuk OK (tanggal 06/12/2025)
[2026-04-14T10:20:39.866Z] 
[112/239] Memproses 2025-12-06 - LA.PIAZZA...
[2026-04-14T10:20:40.207Z]      📡 Mengambil data dari Quinos...
[2026-04-14T10:20:43.679Z]      ✅ Jurnal Penjualan OK
[2026-04-14T10:20:43.989Z]      ✅ Jurnal Uang Masuk OK (tanggal 07/12/2025)
[2026-04-14T10:20:46.990Z] 
[113/239] Memproses 2025-12-07 - LA.PIAZZA...
[2026-04-14T10:20:47.236Z]      📡 Mengambil data dari Quinos...
[2026-04-14T10:20:50.613Z]      ✅ Jurnal Penjualan OK
[2026-04-14T10:20:51.008Z]      ✅ Jurnal Uang Masuk OK (tanggal 08/12/2025)
[2026-04-14T10:20:54.010Z] 
[114/239] Memproses 2025-12-08 - LA.PIAZZA...
[2026-04-14T10:20:54.248Z]      📡 Mengambil data dari Quinos...
[2026-04-14T10:20:57.699Z]      ✅ Jurnal Penjualan OK
[2026-04-14T10:20:58.171Z]      ✅ Jurnal Uang Masuk OK (tanggal 09/12/2025)
[2026-04-14T10:21:01.171Z] 
[115/239] Memproses 2025-12-09 - LA.PIAZZA...
[2026-04-14T10:21:01.413Z]      📡 Mengambil data dari Quinos...
[2026-04-14T10:21:04.408Z]      ✅ Jurnal Penjualan OK
[2026-04-14T10:21:04.846Z]      ✅ Jurnal Uang Masuk OK (tanggal 10/12/2025)
[2026-04-14T10:21:07.848Z] 
[116/239] Memproses 2025-12-10 - LA.PIAZZA...
[2026-04-14T10:21:08.142Z]      📡 Mengambil data dari Quinos...
[2026-04-14T10:21:11.619Z]      ✅ Jurnal Penjualan OK
[2026-04-14T10:21:12.022Z]      ✅ Jurnal Uang Masuk OK (tanggal 11/12/2025)
[2026-04-14T10:21:15.024Z] 
[117/239] Memproses 2025-12-11 - LA.PIAZZA...
[2026-04-14T10:21:15.327Z]      📡 Mengambil data dari Quinos...
[2026-04-14T10:21:19.256Z]      ✅ Jurnal Penjualan OK
[2026-04-14T10:21:19.531Z]      ✅ Jurnal Uang Masuk OK (tanggal 12/12/2025)
[2026-04-14T10:21:22.533Z] 
[118/239] Memproses 2025-12-12 - LA.PIAZZA...
[2026-04-14T10:21:23.024Z]      📡 Mengambil data dari Quinos...
[2026-04-14T10:21:27.510Z]      ✅ Jurnal Penjualan OK
[2026-04-14T10:21:27.870Z]      ✅ Jurnal Uang Masuk OK (tanggal 13/12/2025)
[2026-04-14T10:21:30.871Z] 
[119/239] Memproses 2025-12-13 - LA.PIAZZA...
[2026-04-14T10:21:31.136Z]      📡 Mengambil data dari Quinos...
[2026-04-14T10:21:34.792Z]      ✅ Jurnal Penjualan OK
[2026-04-14T10:21:35.149Z]      ✅ Jurnal Uang Masuk OK (tanggal 14/12/2025)
[2026-04-14T10:21:38.151Z] 
[120/239] Memproses 2025-12-14 - LA.PIAZZA...
[2026-04-14T10:21:38.408Z]      📡 Mengambil data dari Quinos...
[2026-04-14T10:21:41.915Z]      ✅ Jurnal Penjualan OK
[2026-04-14T10:21:42.355Z]      ✅ Jurnal Uang Masuk OK (tanggal 15/12/2025)
[2026-04-14T10:21:42.355Z] 
════════════════════════════════════════════════════════════════════════
[2026-04-14T10:21:42.355Z] === LAPORAN PROGRES [120/239 — 50%] ===
[2026-04-14T10:21:42.355Z] ────────────────────────────────────────────────────────────────────────
[2026-04-14T10:21:42.355Z]   Diproses  : 120 dari 239 (50%)
[2026-04-14T10:21:42.355Z]   ✅ Sukses  : 79
[2026-04-14T10:21:42.355Z]   ⏭️  Dilewati: 41
[2026-04-14T10:21:42.355Z]   ❌ Error   : 0
[2026-04-14T10:21:42.355Z] ════════════════════════════════════════════════════════════════════════

[2026-04-14T10:21:45.357Z] 
[121/239] Memproses 2025-12-15 - LA.PIAZZA...
[2026-04-14T10:21:45.595Z]      📡 Mengambil data dari Quinos...
[2026-04-14T10:21:48.642Z]      ✅ Jurnal Penjualan OK
[2026-04-14T10:21:49.120Z]      ✅ Jurnal Uang Masuk OK (tanggal 16/12/2025)
[2026-04-14T10:21:52.121Z] 
[122/239] Memproses 2025-12-16 - LA.PIAZZA...
[2026-04-14T10:21:52.350Z]      📡 Mengambil data dari Quinos...
[2026-04-14T10:21:55.636Z]      ✅ Jurnal Penjualan OK
[2026-04-14T10:21:55.933Z]      ✅ Jurnal Uang Masuk OK (tanggal 17/12/2025)
[2026-04-14T10:21:58.935Z] 
[123/239] Memproses 2025-12-17 - LA.PIAZZA...
[2026-04-14T10:21:59.196Z]      📡 Mengambil data dari Quinos...
[2026-04-14T10:22:02.600Z]      ✅ Jurnal Penjualan OK
[2026-04-14T10:22:02.878Z]      ✅ Jurnal Uang Masuk OK (tanggal 18/12/2025)
[2026-04-14T10:22:05.879Z] 
[124/239] Memproses 2025-12-18 - LA.PIAZZA...
[2026-04-14T10:22:06.106Z]      📡 Mengambil data dari Quinos...
[2026-04-14T10:22:09.408Z]      ✅ Jurnal Penjualan OK
[2026-04-14T10:22:09.773Z]      ✅ Jurnal Uang Masuk OK (tanggal 19/12/2025)
[2026-04-14T10:22:12.774Z] 
[125/239] Memproses 2025-12-19 - LA.PIAZZA...
[2026-04-14T10:22:13.031Z]      📡 Mengambil data dari Quinos...
[2026-04-14T10:22:16.518Z]      ✅ Jurnal Penjualan OK
[2026-04-14T10:22:16.916Z]      ✅ Jurnal Uang Masuk OK (tanggal 20/12/2025)
[2026-04-14T10:22:19.918Z] 
[126/239] Memproses 2025-12-20 - LA.PIAZZA...
[2026-04-14T10:22:20.177Z]      📡 Mengambil data dari Quinos...
[2026-04-14T10:22:23.704Z]      ✅ Jurnal Penjualan OK
[2026-04-14T10:22:23.977Z]      ✅ Jurnal Uang Masuk OK (tanggal 21/12/2025)
[2026-04-14T10:22:26.980Z] 
[127/239] Memproses 2025-12-21 - LA.PIAZZA...
[2026-04-14T10:22:27.241Z]      📡 Mengambil data dari Quinos...
[2026-04-14T10:22:30.417Z]      ✅ Jurnal Penjualan OK
[2026-04-14T10:22:30.680Z]      ✅ Jurnal Uang Masuk OK (tanggal 22/12/2025)
[2026-04-14T10:22:33.682Z] 
[128/239] Memproses 2025-12-22 - LA.PIAZZA...
[2026-04-14T10:22:33.911Z]      📡 Mengambil data dari Quinos...
[2026-04-14T10:22:37.391Z]      ✅ Jurnal Penjualan OK
[2026-04-14T10:22:38.102Z]      ✅ Jurnal Uang Masuk OK (tanggal 23/12/2025)
[2026-04-14T10:22:41.104Z] 
[129/239] Memproses 2025-12-23 - LA.PIAZZA...
[2026-04-14T10:22:41.762Z]      📡 Mengambil data dari Quinos...
[2026-04-14T10:22:46.434Z]      ✅ Jurnal Penjualan OK
[2026-04-14T10:22:46.692Z]      ✅ Jurnal Uang Masuk OK (tanggal 24/12/2025)
[2026-04-14T10:22:49.694Z] 
[130/239] Memproses 2025-12-24 - LA.PIAZZA...
[2026-04-14T10:22:49.954Z]      📡 Mengambil data dari Quinos...
[2026-04-14T10:22:53.399Z]      ✅ Jurnal Penjualan OK
[2026-04-14T10:22:53.893Z]      ✅ Jurnal Uang Masuk OK (tanggal 25/12/2025)
[2026-04-14T10:22:53.893Z] 
════════════════════════════════════════════════════════════════════════
[2026-04-14T10:22:53.893Z] === LAPORAN PROGRES [130/239 — 54%] ===
[2026-04-14T10:22:53.893Z] ────────────────────────────────────────────────────────────────────────
[2026-04-14T10:22:53.893Z]   Diproses  : 130 dari 239 (54%)
[2026-04-14T10:22:53.893Z]   ✅ Sukses  : 89
[2026-04-14T10:22:53.893Z]   ⏭️  Dilewati: 41
[2026-04-14T10:22:53.893Z]   ❌ Error   : 0
[2026-04-14T10:22:53.893Z] ════════════════════════════════════════════════════════════════════════

[2026-04-14T10:22:56.894Z] 
[131/239] Memproses 2025-12-25 - LA.PIAZZA...
[2026-04-14T10:22:57.321Z]      📡 Mengambil data dari Quinos...
[2026-04-14T10:23:00.487Z]      ✅ Jurnal Penjualan OK
[2026-04-14T10:23:00.758Z]      ✅ Jurnal Uang Masuk OK (tanggal 26/12/2025)
[2026-04-14T10:23:03.760Z] 
[132/239] Memproses 2025-12-26 - LA.PIAZZA...
[2026-04-14T10:23:04.234Z]      📡 Mengambil data dari Quinos...
[2026-04-14T10:23:08.339Z]      ✅ Jurnal Penjualan OK
[2026-04-14T10:23:08.679Z]      ✅ Jurnal Uang Masuk OK (tanggal 27/12/2025)
[2026-04-14T10:23:11.680Z] 
[133/239] Memproses 2025-12-27 - LA.PIAZZA...
[2026-04-14T10:23:11.950Z]      📡 Mengambil data dari Quinos...
[2026-04-14T10:23:15.128Z]      ✅ Jurnal Penjualan OK
[2026-04-14T10:23:15.406Z]      ✅ Jurnal Uang Masuk OK (tanggal 28/12/2025)
[2026-04-14T10:23:18.407Z] 
[134/239] Memproses 2025-12-28 - LA.PIAZZA...
[2026-04-14T10:23:18.719Z]      📡 Mengambil data dari Quinos...
[2026-04-14T10:23:22.118Z]      ✅ Jurnal Penjualan OK
[2026-04-14T10:23:22.393Z]      ✅ Jurnal Uang Masuk OK (tanggal 29/12/2025)
[2026-04-14T10:23:25.396Z] 
[135/239] Memproses 2025-12-29 - LA.PIAZZA...
[2026-04-14T10:23:25.630Z]      📡 Mengambil data dari Quinos...
[2026-04-14T10:23:28.774Z]      ✅ Jurnal Penjualan OK
[2026-04-14T10:23:29.067Z]      ✅ Jurnal Uang Masuk OK (tanggal 30/12/2025)
[2026-04-14T10:23:32.068Z] 
[136/239] Memproses 2025-12-30 - LA.PIAZZA...
[2026-04-14T10:23:32.385Z]      📡 Mengambil data dari Quinos...
[2026-04-14T10:23:35.372Z]      ✅ Jurnal Penjualan OK
[2026-04-14T10:23:35.807Z]      ✅ Jurnal Uang Masuk OK (tanggal 31/12/2025)
[2026-04-14T10:23:38.809Z] 
[137/239] Memproses 2025-12-31 - LA.PIAZZA...
[2026-04-14T10:23:39.103Z]      📡 Mengambil data dari Quinos...
[2026-04-14T10:23:42.444Z]      ✅ Jurnal Penjualan OK
[2026-04-14T10:23:42.764Z]      ✅ Jurnal Uang Masuk OK (tanggal 01/01/2026)
[2026-04-14T10:23:45.765Z] 
[138/239] Memproses 2026-01-01 - LA.PIAZZA...
[2026-04-14T10:23:46.092Z]      📡 Mengambil data dari Quinos...
[2026-04-14T10:23:49.241Z]      ✅ Jurnal Penjualan OK
[2026-04-14T10:23:49.565Z]      ✅ Jurnal Uang Masuk OK (tanggal 02/01/2026)
[2026-04-14T10:23:52.566Z] 
[139/239] Memproses 2026-01-02 - LA.PIAZZA...
[2026-04-14T10:23:52.820Z]      📡 Mengambil data dari Quinos...
[2026-04-14T10:23:55.773Z]      ✅ Jurnal Penjualan OK
[2026-04-14T10:23:56.057Z]      ✅ Jurnal Uang Masuk OK (tanggal 03/01/2026)
[2026-04-14T10:23:59.058Z] 
[140/239] Memproses 2026-01-03 - LA.PIAZZA...
[2026-04-14T10:23:59.319Z]      📡 Mengambil data dari Quinos...
[2026-04-14T10:24:02.606Z]      ✅ Jurnal Penjualan OK
[2026-04-14T10:24:03.025Z]      ✅ Jurnal Uang Masuk OK (tanggal 04/01/2026)
[2026-04-14T10:24:03.025Z] 
════════════════════════════════════════════════════════════════════════
[2026-04-14T10:24:03.025Z] === LAPORAN PROGRES [140/239 — 59%] ===
[2026-04-14T10:24:03.025Z] ────────────────────────────────────────────────────────────────────────
[2026-04-14T10:24:03.025Z]   Diproses  : 140 dari 239 (59%)
[2026-04-14T10:24:03.025Z]   ✅ Sukses  : 99
[2026-04-14T10:24:03.025Z]   ⏭️  Dilewati: 41
[2026-04-14T10:24:03.025Z]   ❌ Error   : 0
[2026-04-14T10:24:03.025Z] ════════════════════════════════════════════════════════════════════════

[2026-04-14T10:24:06.027Z] 
[141/239] Memproses 2026-01-04 - LA.PIAZZA...
[2026-04-14T10:24:06.258Z]      📡 Mengambil data dari Quinos...
[2026-04-14T10:24:09.699Z]      ✅ Jurnal Penjualan OK
[2026-04-14T10:24:09.970Z]      ✅ Jurnal Uang Masuk OK (tanggal 05/01/2026)
[2026-04-14T10:24:12.971Z] 
[142/239] Memproses 2026-01-05 - LA.PIAZZA...
[2026-04-14T10:24:13.203Z]      📡 Mengambil data dari Quinos...
[2026-04-14T10:24:16.431Z]      ✅ Jurnal Penjualan OK
[2026-04-14T10:24:16.715Z]      ✅ Jurnal Uang Masuk OK (tanggal 06/01/2026)
[2026-04-14T10:24:19.716Z] 
[143/239] Memproses 2026-01-06 - LA.PIAZZA...
[2026-04-14T10:24:19.961Z]      📡 Mengambil data dari Quinos...
[2026-04-14T10:24:23.100Z]      ✅ Jurnal Penjualan OK
[2026-04-14T10:24:23.587Z]      ✅ Jurnal Uang Masuk OK (tanggal 07/01/2026)
[2026-04-14T10:24:26.589Z] 
[144/239] Memproses 2026-01-07 - LA.PIAZZA...
[2026-04-14T10:24:26.877Z]      📡 Mengambil data dari Quinos...
[2026-04-14T10:24:29.920Z]      ✅ Jurnal Penjualan OK
[2026-04-14T10:24:30.404Z]      ✅ Jurnal Uang Masuk OK (tanggal 08/01/2026)
[2026-04-14T10:24:33.406Z] 
[145/239] Memproses 2026-01-08 - LA.PIAZZA...
[2026-04-14T10:24:33.640Z]      📡 Mengambil data dari Quinos...
[2026-04-14T10:24:36.600Z]      ✅ Jurnal Penjualan OK
[2026-04-14T10:24:36.975Z]      ✅ Jurnal Uang Masuk OK (tanggal 09/01/2026)
[2026-04-14T10:24:39.976Z] 
[146/239] Memproses 2026-01-09 - LA.PIAZZA...
[2026-04-14T10:24:40.215Z]      📡 Mengambil data dari Quinos...
[2026-04-14T10:24:43.461Z]      ✅ Jurnal Penjualan OK
[2026-04-14T10:24:43.828Z]      ✅ Jurnal Uang Masuk OK (tanggal 10/01/2026)
[2026-04-14T10:24:46.830Z] 
[147/239] Memproses 2026-01-10 - LA.PIAZZA...
[2026-04-14T10:24:47.146Z]      📡 Mengambil data dari Quinos...
[2026-04-14T10:24:50.320Z]      ✅ Jurnal Penjualan OK
[2026-04-14T10:24:50.836Z]      ✅ Jurnal Uang Masuk OK (tanggal 11/01/2026)
[2026-04-14T10:24:53.836Z] 
[148/239] Memproses 2026-01-11 - LA.PIAZZA...
[2026-04-14T10:24:54.077Z]      📡 Mengambil data dari Quinos...
[2026-04-14T10:24:57.720Z]      ✅ Jurnal Penjualan OK
[2026-04-14T10:24:58.008Z]      ✅ Jurnal Uang Masuk OK (tanggal 12/01/2026)
[2026-04-14T10:25:01.008Z] 
[149/239] Memproses 2026-01-12 - LA.PIAZZA...
[2026-04-14T10:25:01.260Z]      📡 Mengambil data dari Quinos...
[2026-04-14T10:25:04.403Z]      ✅ Jurnal Penjualan OK
[2026-04-14T10:25:04.795Z]      ✅ Jurnal Uang Masuk OK (tanggal 13/01/2026)
[2026-04-14T10:25:07.796Z] 
[150/239] Memproses 2026-01-13 - LA.PIAZZA...
[2026-04-14T10:25:08.069Z]      📡 Mengambil data dari Quinos...
[2026-04-14T10:25:11.288Z]      ✅ Jurnal Penjualan OK
[2026-04-14T10:25:11.634Z]      ✅ Jurnal Uang Masuk OK (tanggal 14/01/2026)
[2026-04-14T10:25:11.636Z] 
════════════════════════════════════════════════════════════════════════
[2026-04-14T10:25:11.636Z] === LAPORAN PROGRES [150/239 — 63%] ===
[2026-04-14T10:25:11.636Z] ────────────────────────────────────────────────────────────────────────
[2026-04-14T10:25:11.636Z]   Diproses  : 150 dari 239 (63%)
[2026-04-14T10:25:11.636Z]   ✅ Sukses  : 109
[2026-04-14T10:25:11.636Z]   ⏭️  Dilewati: 41
[2026-04-14T10:25:11.636Z]   ❌ Error   : 0
[2026-04-14T10:25:11.636Z] ════════════════════════════════════════════════════════════════════════

[2026-04-14T10:25:14.638Z] 
[151/239] Memproses 2026-01-14 - LA.PIAZZA...
[2026-04-14T10:25:14.856Z]      📡 Mengambil data dari Quinos...
[2026-04-14T10:25:17.716Z]      ✅ Jurnal Penjualan OK
[2026-04-14T10:25:18.169Z]      ✅ Jurnal Uang Masuk OK (tanggal 15/01/2026)
[2026-04-14T10:25:21.170Z] 
[152/239] Memproses 2026-01-15 - LA.PIAZZA...
[2026-04-14T10:25:21.409Z]      📡 Mengambil data dari Quinos...
[2026-04-14T10:25:24.327Z]      ✅ Jurnal Penjualan OK
[2026-04-14T10:25:24.717Z]      ✅ Jurnal Uang Masuk OK (tanggal 16/01/2026)
[2026-04-14T10:25:27.719Z] 
[153/239] Memproses 2026-01-16 - LA.PIAZZA...
[2026-04-14T10:25:27.952Z]      📡 Mengambil data dari Quinos...
[2026-04-14T10:25:31.061Z]      ✅ Jurnal Penjualan OK
[2026-04-14T10:25:31.691Z]      ✅ Jurnal Uang Masuk OK (tanggal 17/01/2026)
[2026-04-14T10:25:34.692Z] 
[154/239] Memproses 2026-01-17 - LA.PIAZZA...
[2026-04-14T10:25:34.927Z]      📡 Mengambil data dari Quinos...
[2026-04-14T10:25:38.074Z]      ✅ Jurnal Penjualan OK
[2026-04-14T10:25:38.504Z]      ✅ Jurnal Uang Masuk OK (tanggal 18/01/2026)
[2026-04-14T10:25:41.505Z] 
[155/239] Memproses 2026-01-18 - LA.PIAZZA...
[2026-04-14T10:25:41.763Z]      📡 Mengambil data dari Quinos...
[2026-04-14T10:25:45.163Z]      ✅ Jurnal Penjualan OK
[2026-04-14T10:25:45.438Z]      ✅ Jurnal Uang Masuk OK (tanggal 19/01/2026)
[2026-04-14T10:25:48.439Z] 
[156/239] Memproses 2026-01-19 - LA.PIAZZA...
[2026-04-14T10:25:48.668Z]      📡 Mengambil data dari Quinos...
[2026-04-14T10:25:51.682Z]      ✅ Jurnal Penjualan OK
[2026-04-14T10:25:52.168Z]      ✅ Jurnal Uang Masuk OK (tanggal 20/01/2026)
[2026-04-14T10:25:55.170Z] 
[157/239] Memproses 2026-01-20 - LA.PIAZZA...
[2026-04-14T10:25:55.477Z]      📡 Mengambil data dari Quinos...
[2026-04-14T10:25:58.527Z]      ✅ Jurnal Penjualan OK
[2026-04-14T10:25:58.831Z]      ✅ Jurnal Uang Masuk OK (tanggal 21/01/2026)
[2026-04-14T10:26:01.831Z] 
[158/239] Memproses 2026-01-21 - LA.PIAZZA...
[2026-04-14T10:26:02.074Z]      📡 Mengambil data dari Quinos...
[2026-04-14T10:26:05.488Z]      ✅ Jurnal Penjualan OK
[2026-04-14T10:26:05.791Z]      ✅ Jurnal Uang Masuk OK (tanggal 22/01/2026)
[2026-04-14T10:26:08.792Z] 
[159/239] Memproses 2026-01-22 - LA.PIAZZA...
[2026-04-14T10:26:09.031Z]      📡 Mengambil data dari Quinos...
[2026-04-14T10:26:12.265Z]      ✅ Jurnal Penjualan OK
[2026-04-14T10:26:12.564Z]      ✅ Jurnal Uang Masuk OK (tanggal 23/01/2026)
[2026-04-14T10:26:15.566Z] 
[160/239] Memproses 2026-01-23 - LA.PIAZZA...
[2026-04-14T10:26:15.919Z]      📡 Mengambil data dari Quinos...
[2026-04-14T10:26:19.159Z]      ✅ Jurnal Penjualan OK
[2026-04-14T10:26:19.509Z]      ✅ Jurnal Uang Masuk OK (tanggal 24/01/2026)
[2026-04-14T10:26:19.509Z] 
════════════════════════════════════════════════════════════════════════
[2026-04-14T10:26:19.509Z] === LAPORAN PROGRES [160/239 — 67%] ===
[2026-04-14T10:26:19.509Z] ────────────────────────────────────────────────────────────────────────
[2026-04-14T10:26:19.510Z]   Diproses  : 160 dari 239 (67%)
[2026-04-14T10:26:19.510Z]   ✅ Sukses  : 119
[2026-04-14T10:26:19.510Z]   ⏭️  Dilewati: 41
[2026-04-14T10:26:19.510Z]   ❌ Error   : 0
[2026-04-14T10:26:19.510Z] ════════════════════════════════════════════════════════════════════════

[2026-04-14T10:26:22.511Z] 
[161/239] Memproses 2026-01-24 - LA.PIAZZA...
[2026-04-14T10:26:22.744Z]      📡 Mengambil data dari Quinos...
[2026-04-14T10:26:25.910Z]      ✅ Jurnal Penjualan OK
[2026-04-14T10:26:26.269Z]      ✅ Jurnal Uang Masuk OK (tanggal 25/01/2026)
[2026-04-14T10:26:29.270Z] 
[162/239] Memproses 2026-01-25 - LA.PIAZZA...
[2026-04-14T10:26:29.499Z]      📡 Mengambil data dari Quinos...
[2026-04-14T10:26:32.723Z]      ✅ Jurnal Penjualan OK
[2026-04-14T10:26:33.169Z]      ✅ Jurnal Uang Masuk OK (tanggal 26/01/2026)
[2026-04-14T10:26:36.171Z] 
[163/239] Memproses 2026-01-26 - LA.PIAZZA...
[2026-04-14T10:26:36.436Z]      📡 Mengambil data dari Quinos...
[2026-04-14T10:26:39.642Z]      ✅ Jurnal Penjualan OK
[2026-04-14T10:26:40.092Z]      ✅ Jurnal Uang Masuk OK (tanggal 27/01/2026)
[2026-04-14T10:26:43.092Z] 
[164/239] Memproses 2026-01-27 - LA.PIAZZA...
[2026-04-14T10:26:43.311Z]      📡 Mengambil data dari Quinos...
[2026-04-14T10:26:46.363Z]      ✅ Jurnal Penjualan OK
[2026-04-14T10:26:46.651Z]      ✅ Jurnal Uang Masuk OK (tanggal 28/01/2026)
[2026-04-14T10:26:49.653Z] 
[165/239] Memproses 2026-01-28 - LA.PIAZZA...
[2026-04-14T10:26:49.883Z]      📡 Mengambil data dari Quinos...
[2026-04-14T10:26:52.898Z]      ✅ Jurnal Penjualan OK
[2026-04-14T10:26:53.177Z]      ✅ Jurnal Uang Masuk OK (tanggal 29/01/2026)
[2026-04-14T10:26:56.179Z] 
[166/239] Memproses 2026-01-29 - LA.PIAZZA...
[2026-04-14T10:26:56.446Z]      📡 Mengambil data dari Quinos...
[2026-04-14T10:26:59.534Z]      ✅ Jurnal Penjualan OK
[2026-04-14T10:26:59.854Z]      ✅ Jurnal Uang Masuk OK (tanggal 30/01/2026)
[2026-04-14T10:27:02.856Z] 
[167/239] Memproses 2026-01-30 - LA.PIAZZA...
[2026-04-14T10:27:03.134Z]      📡 Mengambil data dari Quinos...
[2026-04-14T10:27:06.197Z]      ✅ Jurnal Penjualan OK
[2026-04-14T10:27:06.717Z]      ✅ Jurnal Uang Masuk OK (tanggal 31/01/2026)
[2026-04-14T10:27:09.719Z] 
[168/239] Memproses 2026-01-31 - LA.PIAZZA...
[2026-04-14T10:27:09.936Z]      📡 Mengambil data dari Quinos...
[2026-04-14T10:27:13.036Z]      ✅ Jurnal Penjualan OK
[2026-04-14T10:27:13.333Z]      ✅ Jurnal Uang Masuk OK (tanggal 01/02/2026)
[2026-04-14T10:27:16.335Z] 
[169/239] Memproses 2026-02-01 - LA.PIAZZA...
[2026-04-14T10:27:16.637Z]      📡 Mengambil data dari Quinos...
[2026-04-14T10:27:19.805Z]      ✅ Jurnal Penjualan OK
[2026-04-14T10:27:20.105Z]      ✅ Jurnal Uang Masuk OK (tanggal 02/02/2026)
[2026-04-14T10:27:23.107Z] 
[170/239] Memproses 2026-02-02 - LA.PIAZZA...
[2026-04-14T10:27:23.445Z]      📡 Mengambil data dari Quinos...
[2026-04-14T10:27:26.593Z]      ✅ Jurnal Penjualan OK
[2026-04-14T10:27:26.975Z]      ✅ Jurnal Uang Masuk OK (tanggal 03/02/2026)
[2026-04-14T10:27:26.976Z] 
════════════════════════════════════════════════════════════════════════
[2026-04-14T10:27:26.976Z] === LAPORAN PROGRES [170/239 — 71%] ===
[2026-04-14T10:27:26.976Z] ────────────────────────────────────────────────────────────────────────
[2026-04-14T10:27:26.976Z]   Diproses  : 170 dari 239 (71%)
[2026-04-14T10:27:26.976Z]   ✅ Sukses  : 129
[2026-04-14T10:27:26.976Z]   ⏭️  Dilewati: 41
[2026-04-14T10:27:26.976Z]   ❌ Error   : 0
[2026-04-14T10:27:26.976Z] ════════════════════════════════════════════════════════════════════════

[2026-04-14T10:27:29.977Z] 
[171/239] Memproses 2026-02-03 - LA.PIAZZA...
[2026-04-14T10:27:30.267Z]      📡 Mengambil data dari Quinos...
[2026-04-14T10:27:33.371Z]      ✅ Jurnal Penjualan OK
[2026-04-14T10:27:33.707Z]      ✅ Jurnal Uang Masuk OK (tanggal 04/02/2026)
[2026-04-14T10:27:36.709Z] 
[172/239] Memproses 2026-02-04 - LA.PIAZZA...
[2026-04-14T10:27:36.949Z]      📡 Mengambil data dari Quinos...
[2026-04-14T10:27:39.844Z]      ✅ Jurnal Penjualan OK
[2026-04-14T10:27:40.132Z]      ✅ Jurnal Uang Masuk OK (tanggal 05/02/2026)
[2026-04-14T10:27:43.134Z] 
[173/239] Memproses 2026-02-05 - LA.PIAZZA...
[2026-04-14T10:27:43.386Z]      📡 Mengambil data dari Quinos...
[2026-04-14T10:27:46.716Z]      ✅ Jurnal Penjualan OK
[2026-04-14T10:27:47.011Z]      ✅ Jurnal Uang Masuk OK (tanggal 06/02/2026)
[2026-04-14T10:27:50.013Z] 
[174/239] Memproses 2026-02-06 - LA.PIAZZA...
[2026-04-14T10:27:50.232Z]      📡 Mengambil data dari Quinos...
[2026-04-14T10:27:53.307Z]      ✅ Jurnal Penjualan OK
[2026-04-14T10:27:53.770Z]      ✅ Jurnal Uang Masuk OK (tanggal 07/02/2026)
[2026-04-14T10:27:56.770Z] 
[175/239] Memproses 2026-02-07 - LA.PIAZZA...
[2026-04-14T10:27:56.997Z]      📡 Mengambil data dari Quinos...
[2026-04-14T10:28:00.177Z]      ✅ Jurnal Penjualan OK
[2026-04-14T10:28:00.464Z]      ✅ Jurnal Uang Masuk OK (tanggal 08/02/2026)
[2026-04-14T10:28:03.466Z] 
[176/239] Memproses 2026-02-08 - LA.PIAZZA...
[2026-04-14T10:28:03.714Z]      📡 Mengambil data dari Quinos...
[2026-04-14T10:28:07.039Z]      ✅ Jurnal Penjualan OK
[2026-04-14T10:28:07.296Z]      ✅ Jurnal Uang Masuk OK (tanggal 09/02/2026)
[2026-04-14T10:28:10.298Z] 
[177/239] Memproses 2026-02-09 - LA.PIAZZA...
[2026-04-14T10:28:11.537Z]      📡 Mengambil data dari Quinos...
[2026-04-14T10:28:14.828Z]      ✅ Jurnal Penjualan OK
[2026-04-14T10:28:15.106Z]      ✅ Jurnal Uang Masuk OK (tanggal 10/02/2026)
[2026-04-14T10:28:18.107Z] 
[178/239] Memproses 2026-02-10 - LA.PIAZZA...
[2026-04-14T10:28:18.351Z]      📡 Mengambil data dari Quinos...
[2026-04-14T10:28:21.582Z]      ✅ Jurnal Penjualan OK
[2026-04-14T10:28:21.969Z]      ✅ Jurnal Uang Masuk OK (tanggal 11/02/2026)
[2026-04-14T10:28:24.971Z] 
[179/239] Memproses 2026-02-11 - LA.PIAZZA...
[2026-04-14T10:28:25.201Z]      📡 Mengambil data dari Quinos...
[2026-04-14T10:28:28.636Z]      ✅ Jurnal Penjualan OK
[2026-04-14T10:28:28.946Z]      ✅ Jurnal Uang Masuk OK (tanggal 12/02/2026)
[2026-04-14T10:28:31.948Z] 
[180/239] Memproses 2026-02-12 - LA.PIAZZA...
[2026-04-14T10:28:32.325Z]      📡 Mengambil data dari Quinos...
[2026-04-14T10:28:35.543Z]      ✅ Jurnal Penjualan OK
[2026-04-14T10:28:36.013Z]      ✅ Jurnal Uang Masuk OK (tanggal 13/02/2026)
[2026-04-14T10:28:36.013Z] 
════════════════════════════════════════════════════════════════════════
[2026-04-14T10:28:36.013Z] === LAPORAN PROGRES [180/239 — 75%] ===
[2026-04-14T10:28:36.013Z] ────────────────────────────────────────────────────────────────────────
[2026-04-14T10:28:36.013Z]   Diproses  : 180 dari 239 (75%)
[2026-04-14T10:28:36.013Z]   ✅ Sukses  : 139
[2026-04-14T10:28:36.013Z]   ⏭️  Dilewati: 41
[2026-04-14T10:28:36.013Z]   ❌ Error   : 0
[2026-04-14T10:28:36.014Z] ════════════════════════════════════════════════════════════════════════

[2026-04-14T10:28:39.015Z] 
[181/239] Memproses 2026-02-13 - LA.PIAZZA...
[2026-04-14T10:28:39.287Z]      📡 Mengambil data dari Quinos...
[2026-04-14T10:28:42.483Z]      ✅ Jurnal Penjualan OK
[2026-04-14T10:28:42.776Z]      ✅ Jurnal Uang Masuk OK (tanggal 14/02/2026)
[2026-04-14T10:28:45.777Z] 
[182/239] Memproses 2026-02-14 - LA.PIAZZA...
[2026-04-14T10:28:46.071Z]      📡 Mengambil data dari Quinos...
[2026-04-14T10:28:49.522Z]      ✅ Jurnal Penjualan OK
[2026-04-14T10:28:50.017Z]      ✅ Jurnal Uang Masuk OK (tanggal 15/02/2026)
[2026-04-14T10:28:53.019Z] 
[183/239] Memproses 2026-02-15 - LA.PIAZZA...
[2026-04-14T10:28:53.383Z]      📡 Mengambil data dari Quinos...
[2026-04-14T10:28:57.993Z]      ✅ Jurnal Penjualan OK
[2026-04-14T10:28:58.271Z]      ✅ Jurnal Uang Masuk OK (tanggal 16/02/2026)
[2026-04-14T10:29:01.271Z] 
[184/239] Memproses 2026-02-16 - LA.PIAZZA...
[2026-04-14T10:29:01.503Z]      📡 Mengambil data dari Quinos...
[2026-04-14T10:29:05.003Z]      ✅ Jurnal Penjualan OK
[2026-04-14T10:29:05.293Z]      ✅ Jurnal Uang Masuk OK (tanggal 17/02/2026)
[2026-04-14T10:29:08.295Z] 
[185/239] Memproses 2026-02-17 - LA.PIAZZA...
[2026-04-14T10:29:08.551Z]      📡 Mengambil data dari Quinos...
[2026-04-14T10:29:11.891Z]      ✅ Jurnal Penjualan OK
[2026-04-14T10:29:12.189Z]      ✅ Jurnal Uang Masuk OK (tanggal 18/02/2026)
[2026-04-14T10:29:15.191Z] 
[186/239] Memproses 2026-02-18 - LA.PIAZZA...
[2026-04-14T10:29:15.438Z]      📡 Mengambil data dari Quinos...
[2026-04-14T10:29:18.618Z]      ✅ Jurnal Penjualan OK
[2026-04-14T10:29:18.914Z]      ✅ Jurnal Uang Masuk OK (tanggal 19/02/2026)
[2026-04-14T10:29:21.916Z] 
[187/239] Memproses 2026-02-19 - LA.PIAZZA...
[2026-04-14T10:29:22.251Z]      📡 Mengambil data dari Quinos...
[2026-04-14T10:29:25.390Z]      ✅ Jurnal Penjualan OK
[2026-04-14T10:29:25.869Z]      ✅ Jurnal Uang Masuk OK (tanggal 20/02/2026)
[2026-04-14T10:29:28.871Z] 
[188/239] Memproses 2026-02-20 - LA.PIAZZA...
[2026-04-14T10:29:29.117Z]      📡 Mengambil data dari Quinos...
[2026-04-14T10:29:32.540Z]      ✅ Jurnal Penjualan OK
[2026-04-14T10:29:32.820Z]      ✅ Jurnal Uang Masuk OK (tanggal 21/02/2026)
[2026-04-14T10:29:35.821Z] 
[189/239] Memproses 2026-02-21 - LA.PIAZZA...
[2026-04-14T10:29:36.046Z]      📡 Mengambil data dari Quinos...
[2026-04-14T10:29:39.308Z]      ✅ Jurnal Penjualan OK
[2026-04-14T10:29:39.608Z]      ✅ Jurnal Uang Masuk OK (tanggal 22/02/2026)
[2026-04-14T10:29:42.609Z] 
[190/239] Memproses 2026-02-22 - LA.PIAZZA...
[2026-04-14T10:29:42.903Z]      📡 Mengambil data dari Quinos...
[2026-04-14T10:29:46.090Z]      ✅ Jurnal Penjualan OK
[2026-04-14T10:29:46.465Z]      ✅ Jurnal Uang Masuk OK (tanggal 23/02/2026)
[2026-04-14T10:29:46.466Z] 
════════════════════════════════════════════════════════════════════════
[2026-04-14T10:29:46.466Z] === LAPORAN PROGRES [190/239 — 79%] ===
[2026-04-14T10:29:46.466Z] ────────────────────────────────────────────────────────────────────────
[2026-04-14T10:29:46.466Z]   Diproses  : 190 dari 239 (79%)
[2026-04-14T10:29:46.466Z]   ✅ Sukses  : 149
[2026-04-14T10:29:46.466Z]   ⏭️  Dilewati: 41
[2026-04-14T10:29:46.466Z]   ❌ Error   : 0
[2026-04-14T10:29:46.466Z] ════════════════════════════════════════════════════════════════════════

[2026-04-14T10:29:49.467Z] 
[191/239] Memproses 2026-02-23 - LA.PIAZZA...
[2026-04-14T10:29:49.700Z]      📡 Mengambil data dari Quinos...
[2026-04-14T10:29:52.776Z]      ✅ Jurnal Penjualan OK
[2026-04-14T10:29:53.168Z]      ✅ Jurnal Uang Masuk OK (tanggal 24/02/2026)
[2026-04-14T10:29:56.170Z] 
[192/239] Memproses 2026-02-24 - LA.PIAZZA...
[2026-04-14T10:29:56.408Z]      📡 Mengambil data dari Quinos...
[2026-04-14T10:29:59.789Z]      ✅ Jurnal Penjualan OK
[2026-04-14T10:30:00.076Z]      ✅ Jurnal Uang Masuk OK (tanggal 25/02/2026)
[2026-04-14T10:30:03.078Z] 
[193/239] Memproses 2026-02-25 - LA.PIAZZA...
[2026-04-14T10:30:03.327Z]      📡 Mengambil data dari Quinos...
[2026-04-14T10:30:06.377Z]      ✅ Jurnal Penjualan OK
[2026-04-14T10:30:06.666Z]      ✅ Jurnal Uang Masuk OK (tanggal 26/02/2026)
[2026-04-14T10:30:09.668Z] 
[194/239] Memproses 2026-02-26 - LA.PIAZZA...
[2026-04-14T10:30:09.908Z]      📡 Mengambil data dari Quinos...
[2026-04-14T10:30:13.265Z]      ✅ Jurnal Penjualan OK
[2026-04-14T10:30:13.549Z]      ✅ Jurnal Uang Masuk OK (tanggal 27/02/2026)
[2026-04-14T10:30:16.550Z] 
[195/239] Memproses 2026-02-27 - LA.PIAZZA...
[2026-04-14T10:30:16.778Z]      📡 Mengambil data dari Quinos...
[2026-04-14T10:30:19.732Z]      ✅ Jurnal Penjualan OK
[2026-04-14T10:30:20.007Z]      ✅ Jurnal Uang Masuk OK (tanggal 28/02/2026)
[2026-04-14T10:30:23.009Z] 
[196/239] Memproses 2026-02-28 - LA.PIAZZA...
[2026-04-14T10:30:23.240Z]      📡 Mengambil data dari Quinos...
[2026-04-14T10:30:26.623Z]      ✅ Jurnal Penjualan OK
[2026-04-14T10:30:26.974Z]      ✅ Jurnal Uang Masuk OK (tanggal 01/03/2026)
[2026-04-14T10:30:29.975Z] 
[197/239] Memproses 2026-03-01 - LA.PIAZZA...
[2026-04-14T10:30:30.368Z]      📡 Mengambil data dari Quinos...
[2026-04-14T10:30:33.680Z]      ✅ Jurnal Penjualan OK
[2026-04-14T10:30:34.078Z]      ✅ Jurnal Uang Masuk OK (tanggal 02/03/2026)
[2026-04-14T10:30:37.080Z] 
[198/239] Memproses 2026-03-02 - LA.PIAZZA...
[2026-04-14T10:30:37.320Z]      📡 Mengambil data dari Quinos...
[2026-04-14T10:30:40.614Z]      ✅ Jurnal Penjualan OK
[2026-04-14T10:30:40.966Z]      ✅ Jurnal Uang Masuk OK (tanggal 03/03/2026)
[2026-04-14T10:30:43.968Z] 
[199/239] Memproses 2026-03-03 - LA.PIAZZA...
[2026-04-14T10:30:44.214Z]      📡 Mengambil data dari Quinos...
[2026-04-14T10:30:47.509Z]      ✅ Jurnal Penjualan OK
[2026-04-14T10:30:47.795Z]      ✅ Jurnal Uang Masuk OK (tanggal 04/03/2026)
[2026-04-14T10:30:50.799Z] 
[200/239] Memproses 2026-03-04 - LA.PIAZZA...
[2026-04-14T10:30:51.030Z]      📡 Mengambil data dari Quinos...
[2026-04-14T10:30:53.976Z]      ✅ Jurnal Penjualan OK
[2026-04-14T10:30:54.261Z]      ✅ Jurnal Uang Masuk OK (tanggal 05/03/2026)
[2026-04-14T10:30:54.261Z] 
════════════════════════════════════════════════════════════════════════
[2026-04-14T10:30:54.261Z] === LAPORAN PROGRES [200/239 — 84%] ===
[2026-04-14T10:30:54.261Z] ────────────────────────────────────────────────────────────────────────
[2026-04-14T10:30:54.261Z]   Diproses  : 200 dari 239 (84%)
[2026-04-14T10:30:54.261Z]   ✅ Sukses  : 159
[2026-04-14T10:30:54.261Z]   ⏭️  Dilewati: 41
[2026-04-14T10:30:54.261Z]   ❌ Error   : 0
[2026-04-14T10:30:54.261Z] ════════════════════════════════════════════════════════════════════════

[2026-04-14T10:30:57.264Z] 
[201/239] Memproses 2026-03-05 - LA.PIAZZA...
[2026-04-14T10:30:57.675Z]      📡 Mengambil data dari Quinos...
[2026-04-14T10:31:00.986Z]      ✅ Jurnal Penjualan OK
[2026-04-14T10:31:01.360Z]      ✅ Jurnal Uang Masuk OK (tanggal 06/03/2026)
[2026-04-14T10:31:04.362Z] 
[202/239] Memproses 2026-03-06 - LA.PIAZZA...
[2026-04-14T10:31:04.608Z]      📡 Mengambil data dari Quinos...
[2026-04-14T10:31:08.188Z]      ✅ Jurnal Penjualan OK
[2026-04-14T10:31:08.475Z]      ✅ Jurnal Uang Masuk OK (tanggal 07/03/2026)
[2026-04-14T10:31:11.476Z] 
[203/239] Memproses 2026-03-07 - LA.PIAZZA...
[2026-04-14T10:31:11.722Z]      📡 Mengambil data dari Quinos...
[2026-04-14T10:31:15.047Z]      ✅ Jurnal Penjualan OK
[2026-04-14T10:31:15.346Z]      ✅ Jurnal Uang Masuk OK (tanggal 08/03/2026)
[2026-04-14T10:31:18.348Z] 
[204/239] Memproses 2026-03-08 - LA.PIAZZA...
[2026-04-14T10:31:18.653Z]      📡 Mengambil data dari Quinos...
[2026-04-14T10:31:21.619Z]      ✅ Jurnal Penjualan OK
[2026-04-14T10:31:21.914Z]      ✅ Jurnal Uang Masuk OK (tanggal 09/03/2026)
[2026-04-14T10:31:24.915Z] 
[205/239] Memproses 2026-03-09 - LA.PIAZZA...
[2026-04-14T10:31:25.144Z]      📡 Mengambil data dari Quinos...
[2026-04-14T10:31:28.130Z]      ✅ Jurnal Penjualan OK
[2026-04-14T10:31:28.554Z]      ✅ Jurnal Uang Masuk OK (tanggal 10/03/2026)
[2026-04-14T10:31:31.556Z] 
[206/239] Memproses 2026-03-10 - LA.PIAZZA...
[2026-04-14T10:31:31.886Z]      📡 Mengambil data dari Quinos...
[2026-04-14T10:31:35.135Z]      ✅ Jurnal Penjualan OK
[2026-04-14T10:31:35.503Z]      ✅ Jurnal Uang Masuk OK (tanggal 11/03/2026)
[2026-04-14T10:31:38.505Z] 
[207/239] Memproses 2026-03-11 - LA.PIAZZA...
[2026-04-14T10:31:38.752Z]      📡 Mengambil data dari Quinos...
[2026-04-14T10:31:41.788Z]      ✅ Jurnal Penjualan OK
[2026-04-14T10:31:42.092Z]      ✅ Jurnal Uang Masuk OK (tanggal 12/03/2026)
[2026-04-14T10:31:45.094Z] 
[208/239] Memproses 2026-03-12 - LA.PIAZZA...
[2026-04-14T10:31:45.332Z]      📡 Mengambil data dari Quinos...
[2026-04-14T10:31:48.569Z]      ✅ Jurnal Penjualan OK
[2026-04-14T10:31:48.860Z]      ✅ Jurnal Uang Masuk OK (tanggal 13/03/2026)
[2026-04-14T10:31:51.861Z] 
[209/239] Memproses 2026-03-13 - LA.PIAZZA...
[2026-04-14T10:31:52.115Z]      📡 Mengambil data dari Quinos...
[2026-04-14T10:31:55.148Z]      ✅ Jurnal Penjualan OK
[2026-04-14T10:31:55.501Z]      ✅ Jurnal Uang Masuk OK (tanggal 14/03/2026)
[2026-04-14T10:31:58.503Z] 
[210/239] Memproses 2026-03-14 - LA.PIAZZA...
[2026-04-14T10:31:58.812Z]      📡 Mengambil data dari Quinos...
[2026-04-14T10:32:02.173Z]      ✅ Jurnal Penjualan OK
[2026-04-14T10:32:02.548Z]      ✅ Jurnal Uang Masuk OK (tanggal 15/03/2026)
[2026-04-14T10:32:02.548Z] 
════════════════════════════════════════════════════════════════════════
[2026-04-14T10:32:02.548Z] === LAPORAN PROGRES [210/239 — 88%] ===
[2026-04-14T10:32:02.548Z] ────────────────────────────────────────────────────────────────────────
[2026-04-14T10:32:02.548Z]   Diproses  : 210 dari 239 (88%)
[2026-04-14T10:32:02.548Z]   ✅ Sukses  : 169
[2026-04-14T10:32:02.548Z]   ⏭️  Dilewati: 41
[2026-04-14T10:32:02.548Z]   ❌ Error   : 0
[2026-04-14T10:32:02.548Z] ════════════════════════════════════════════════════════════════════════

[2026-04-14T10:32:05.550Z] 
[211/239] Memproses 2026-03-15 - LA.PIAZZA...
[2026-04-14T10:32:05.815Z]      📡 Mengambil data dari Quinos...
[2026-04-14T10:32:09.438Z]      ✅ Jurnal Penjualan OK
[2026-04-14T10:32:09.947Z]      ✅ Jurnal Uang Masuk OK (tanggal 16/03/2026)
[2026-04-14T10:32:12.952Z] 
[212/239] Memproses 2026-03-16 - LA.PIAZZA...
[2026-04-14T10:32:13.225Z]      📡 Mengambil data dari Quinos...
[2026-04-14T10:32:16.392Z]      ✅ Jurnal Penjualan OK
[2026-04-14T10:32:16.993Z]      ✅ Jurnal Uang Masuk OK (tanggal 17/03/2026)
[2026-04-14T10:32:19.994Z] 
[213/239] Memproses 2026-03-17 - LA.PIAZZA...
[2026-04-14T10:32:20.278Z]      📡 Mengambil data dari Quinos...
[2026-04-14T10:32:23.489Z]      ✅ Jurnal Penjualan OK
[2026-04-14T10:32:23.911Z]      ✅ Jurnal Uang Masuk OK (tanggal 18/03/2026)
[2026-04-14T10:32:26.912Z] 
[214/239] Memproses 2026-03-18 - LA.PIAZZA...
[2026-04-14T10:32:27.201Z]      📡 Mengambil data dari Quinos...
[2026-04-14T10:32:30.746Z]      ✅ Jurnal Penjualan OK
[2026-04-14T10:32:31.099Z]      ✅ Jurnal Uang Masuk OK (tanggal 19/03/2026)
[2026-04-14T10:32:34.100Z] 
[215/239] Memproses 2026-03-19 - LA.PIAZZA...
[2026-04-14T10:32:34.417Z]      📡 Mengambil data dari Quinos...
[2026-04-14T10:32:37.563Z]      ✅ Jurnal Penjualan OK
[2026-04-14T10:32:37.910Z]      ✅ Jurnal Uang Masuk OK (tanggal 20/03/2026)
[2026-04-14T10:32:40.911Z] 
[216/239] Memproses 2026-03-20 - LA.PIAZZA...
[2026-04-14T10:32:41.180Z]      📡 Mengambil data dari Quinos...
[2026-04-14T10:32:44.556Z]      ✅ Jurnal Penjualan OK
[2026-04-14T10:32:44.880Z]      ✅ Jurnal Uang Masuk OK (tanggal 21/03/2026)
[2026-04-14T10:32:47.882Z] 
[217/239] Memproses 2026-03-21 - LA.PIAZZA...
[2026-04-14T10:32:48.193Z]      📡 Mengambil data dari Quinos...
[2026-04-14T10:32:51.532Z]      ✅ Jurnal Penjualan OK
[2026-04-14T10:32:51.928Z]      ✅ Jurnal Uang Masuk OK (tanggal 22/03/2026)
[2026-04-14T10:32:54.930Z] 
[218/239] Memproses 2026-03-22 - LA.PIAZZA...
[2026-04-14T10:32:55.164Z]      📡 Mengambil data dari Quinos...
[2026-04-14T10:32:58.538Z]      ✅ Jurnal Penjualan OK
[2026-04-14T10:32:58.830Z]      ✅ Jurnal Uang Masuk OK (tanggal 23/03/2026)
[2026-04-14T10:33:01.831Z] 
[219/239] Memproses 2026-03-23 - LA.PIAZZA...
[2026-04-14T10:33:02.091Z]      📡 Mengambil data dari Quinos...
[2026-04-14T10:33:05.194Z]      ✅ Jurnal Penjualan OK
[2026-04-14T10:33:05.485Z]      ✅ Jurnal Uang Masuk OK (tanggal 24/03/2026)
[2026-04-14T10:33:08.486Z] 
[220/239] Memproses 2026-03-24 - LA.PIAZZA...
[2026-04-14T10:33:08.709Z]      📡 Mengambil data dari Quinos...
[2026-04-14T10:33:11.974Z]      ✅ Jurnal Penjualan OK
[2026-04-14T10:33:12.279Z]      ✅ Jurnal Uang Masuk OK (tanggal 25/03/2026)
[2026-04-14T10:33:12.280Z] 
════════════════════════════════════════════════════════════════════════
[2026-04-14T10:33:12.280Z] === LAPORAN PROGRES [220/239 — 92%] ===
[2026-04-14T10:33:12.280Z] ────────────────────────────────────────────────────────────────────────
[2026-04-14T10:33:12.280Z]   Diproses  : 220 dari 239 (92%)
[2026-04-14T10:33:12.280Z]   ✅ Sukses  : 179
[2026-04-14T10:33:12.280Z]   ⏭️  Dilewati: 41
[2026-04-14T10:33:12.280Z]   ❌ Error   : 0
[2026-04-14T10:33:12.280Z] ════════════════════════════════════════════════════════════════════════

[2026-04-14T10:33:15.282Z] 
[221/239] Memproses 2026-03-25 - LA.PIAZZA...
[2026-04-14T10:33:15.577Z]      📡 Mengambil data dari Quinos...
[2026-04-14T10:33:18.846Z]      ✅ Jurnal Penjualan OK
[2026-04-14T10:33:19.296Z]      ✅ Jurnal Uang Masuk OK (tanggal 26/03/2026)
[2026-04-14T10:33:22.298Z] 
[222/239] Memproses 2026-03-26 - LA.PIAZZA...
[2026-04-14T10:33:22.544Z]      📡 Mengambil data dari Quinos...
[2026-04-14T10:33:25.715Z]      ✅ Jurnal Penjualan OK
[2026-04-14T10:33:26.028Z]      ✅ Jurnal Uang Masuk OK (tanggal 27/03/2026)
[2026-04-14T10:33:29.030Z] 
[223/239] Memproses 2026-03-27 - LA.PIAZZA...
[2026-04-14T10:33:29.260Z]      📡 Mengambil data dari Quinos...
[2026-04-14T10:33:32.530Z]      ✅ Jurnal Penjualan OK
[2026-04-14T10:33:32.810Z]      ✅ Jurnal Uang Masuk OK (tanggal 28/03/2026)
[2026-04-14T10:33:35.812Z] 
[224/239] Memproses 2026-03-28 - LA.PIAZZA...
[2026-04-14T10:33:36.050Z]      📡 Mengambil data dari Quinos...
[2026-04-14T10:33:39.436Z]      ✅ Jurnal Penjualan OK
[2026-04-14T10:33:39.813Z]      ✅ Jurnal Uang Masuk OK (tanggal 29/03/2026)
[2026-04-14T10:33:42.814Z] 
[225/239] Memproses 2026-03-29 - LA.PIAZZA...
[2026-04-14T10:33:43.058Z]      📡 Mengambil data dari Quinos...
[2026-04-14T10:33:46.434Z]      ✅ Jurnal Penjualan OK
[2026-04-14T10:33:46.712Z]      ✅ Jurnal Uang Masuk OK (tanggal 30/03/2026)
[2026-04-14T10:33:49.714Z] 
[226/239] Memproses 2026-03-30 - LA.PIAZZA...
[2026-04-14T10:33:50.033Z]      📡 Mengambil data dari Quinos...
[2026-04-14T10:33:53.203Z]      ✅ Jurnal Penjualan OK
[2026-04-14T10:33:53.537Z]      ✅ Jurnal Uang Masuk OK (tanggal 31/03/2026)
[2026-04-14T10:33:56.539Z] 
[227/239] Memproses 2026-03-31 - LA.PIAZZA...
[2026-04-14T10:33:56.870Z]      📡 Mengambil data dari Quinos...
[2026-04-14T10:34:00.307Z]      ✅ Jurnal Penjualan OK
[2026-04-14T10:34:00.579Z]      ✅ Jurnal Uang Masuk OK (tanggal 01/04/2026)
[2026-04-14T10:34:03.582Z] 
[228/239] Memproses 2026-04-01 - LA.PIAZZA...
[2026-04-14T10:34:03.972Z]      📡 Mengambil data dari Quinos...
[2026-04-14T10:34:07.498Z]      ✅ Jurnal Penjualan OK
[2026-04-14T10:34:07.966Z]      ✅ Jurnal Uang Masuk OK (tanggal 02/04/2026)
[2026-04-14T10:34:10.969Z] 
[229/239] Memproses 2026-04-02 - LA.PIAZZA...
[2026-04-14T10:34:11.200Z]      📡 Mengambil data dari Quinos...
[2026-04-14T10:34:14.299Z]      ✅ Jurnal Penjualan OK
[2026-04-14T10:34:14.605Z]      ✅ Jurnal Uang Masuk OK (tanggal 03/04/2026)
[2026-04-14T10:34:17.605Z] 
[230/239] Memproses 2026-04-03 - LA.PIAZZA...
[2026-04-14T10:34:17.835Z]      📡 Mengambil data dari Quinos...
[2026-04-14T10:34:21.022Z]      ✅ Jurnal Penjualan OK
[2026-04-14T10:34:21.305Z]      ✅ Jurnal Uang Masuk OK (tanggal 04/04/2026)
[2026-04-14T10:34:21.305Z] 
════════════════════════════════════════════════════════════════════════
[2026-04-14T10:34:21.305Z] === LAPORAN PROGRES [230/239 — 96%] ===
[2026-04-14T10:34:21.305Z] ────────────────────────────────────────────────────────────────────────
[2026-04-14T10:34:21.305Z]   Diproses  : 230 dari 239 (96%)
[2026-04-14T10:34:21.305Z]   ✅ Sukses  : 189
[2026-04-14T10:34:21.305Z]   ⏭️  Dilewati: 41
[2026-04-14T10:34:21.306Z]   ❌ Error   : 0
[2026-04-14T10:34:21.306Z] ════════════════════════════════════════════════════════════════════════

[2026-04-14T10:34:24.306Z] 
[231/239] Memproses 2026-04-04 - LA.PIAZZA...
[2026-04-14T10:34:24.541Z]      📡 Mengambil data dari Quinos...
[2026-04-14T10:34:27.685Z]      ✅ Jurnal Penjualan OK
[2026-04-14T10:34:28.171Z]      ✅ Jurnal Uang Masuk OK (tanggal 05/04/2026)
[2026-04-14T10:34:31.173Z] 
[232/239] Memproses 2026-04-05 - LA.PIAZZA...
[2026-04-14T10:34:31.414Z]      📡 Mengambil data dari Quinos...
[2026-04-14T10:34:34.491Z]      ✅ Jurnal Penjualan OK
[2026-04-14T10:34:34.775Z]      ✅ Jurnal Uang Masuk OK (tanggal 06/04/2026)
[2026-04-14T10:34:37.777Z] 
[233/239] Memproses 2026-04-06 - LA.PIAZZA...
[2026-04-14T10:34:38.018Z]      📡 Mengambil data dari Quinos...
[2026-04-14T10:34:41.227Z]      ✅ Jurnal Penjualan OK
[2026-04-14T10:34:41.519Z]      ✅ Jurnal Uang Masuk OK (tanggal 07/04/2026)
[2026-04-14T10:34:44.521Z] 
[234/239] Memproses 2026-04-07 - LA.PIAZZA...
[2026-04-14T10:34:44.768Z]      📡 Mengambil data dari Quinos...
[2026-04-14T10:34:47.977Z]      ✅ Jurnal Penjualan OK
[2026-04-14T10:34:48.447Z]      ✅ Jurnal Uang Masuk OK (tanggal 08/04/2026)
[2026-04-14T10:34:51.449Z] 
[235/239] Memproses 2026-04-08 - LA.PIAZZA...
[2026-04-14T10:34:51.678Z]      📡 Mengambil data dari Quinos...
[2026-04-14T10:34:54.706Z]      ✅ Jurnal Penjualan OK
[2026-04-14T10:34:55.100Z]      ✅ Jurnal Uang Masuk OK (tanggal 09/04/2026)
[2026-04-14T10:34:58.102Z] 
[236/239] Memproses 2026-04-09 - LA.PIAZZA...
[2026-04-14T10:34:58.405Z]      📡 Mengambil data dari Quinos...
[2026-04-14T10:35:01.588Z]      ✅ Jurnal Penjualan OK
[2026-04-14T10:35:01.975Z]      ✅ Jurnal Uang Masuk OK (tanggal 10/04/2026)
[2026-04-14T10:35:04.977Z] 
[237/239] Memproses 2026-04-10 - LA.PIAZZA...
[2026-04-14T10:35:05.206Z]      📡 Mengambil data dari Quinos...
[2026-04-14T10:35:08.985Z]      ✅ Jurnal Penjualan OK
[2026-04-14T10:35:09.433Z]      ✅ Jurnal Uang Masuk OK (tanggal 11/04/2026)
[2026-04-14T10:35:12.434Z] 
[238/239] Memproses 2026-04-11 - LA.PIAZZA...
[2026-04-14T10:35:12.763Z]      📡 Mengambil data dari Quinos...
[2026-04-14T10:35:16.051Z]      ✅ Jurnal Penjualan OK
[2026-04-14T10:35:16.338Z]      ✅ Jurnal Uang Masuk OK (tanggal 12/04/2026)
[2026-04-14T10:35:19.340Z] 
[239/239] Memproses 2026-04-12 - LA.PIAZZA...
[2026-04-14T10:35:19.577Z]      📡 Mengambil data dari Quinos...
[2026-04-14T10:35:22.983Z]      ✅ Jurnal Penjualan OK
[2026-04-14T10:35:23.782Z]      ✅ Jurnal Uang Masuk OK (tanggal 13/04/2026)
[2026-04-14T10:35:26.782Z] 
════════════════════════════════════════════════════════════════════════
[2026-04-14T10:35:26.782Z] === LAPORAN AKHIR ===
[2026-04-14T10:35:26.782Z] ────────────────────────────────────────────────────────────────────────
[2026-04-14T10:35:26.782Z]   Diproses  : 239 dari 239 (100%)
[2026-04-14T10:35:26.782Z]   ✅ Sukses  : 198
[2026-04-14T10:35:26.782Z]   ⏭️  Dilewati: 41
[2026-04-14T10:35:26.782Z]   ❌ Error   : 0
[2026-04-14T10:35:26.782Z] ════════════════════════════════════════════════════════════════════════

[2026-04-14T10:35:26.782Z] ✅ Batch proses selesai seluruhnya!
