Nomor #,Tanggal Transaksi Keterangan,Tanggal Transaksi Jurnal,Store,Jenis Jurnal,Nilai,Keterangan
JV.2025.01.00064,1-Jan-2025,1-Jan-2025,MKG,Penjualan cafe,"2,595,690.00",Penjualan cafe strada MKG tanggal 01/01/2025
JV.2025.01.00065,1-Jan-2025,2-Jan-2025,MKG,Uang masuk,"2,595,690.00",Uang masuk penjualan cafe strada MKG tanggal 01/01/2025
JV.2025.01.00011,1-Jan-2025,1-Jan-2025,La Piazza,Penjualan cafe,"25,827,445.00",Penjualan cafe tanggal 01/01/2025
JV.2025.01.00081,2-Jan-2025,2-Jan-2025,MKG,Penjualan cafe,"705,822.00",Penjualan cafe strada MKG tanggal 02/01/2025
JV.2025.01.00082,2-Jan-2025,3-Jan-2025,MKG,Uang masuk,"705,822.00",Uang masuk penjualan cafe strada MKG tanggal 02/01/2025
JV.2025.01.00013,2-Jan-2025,2-Jan-2025,La Piazza,Penjualan cafe,"19,984,625.00",Penjualan cafe tanggal 02/01/2025
JV.2025.01.00037,2-Jan-2025,3-Jan-2025,La Piazza,Uang masuk,"18,552,775.00",Uang masuk penjualan cafe tanggal 02/01/2025
JV.2025.01.00083,3-Jan-2025,3-Jan-2025,MKG,Penjualan cafe,"1,636,727.00",Penjualan cafe strada MKG tanggal 03/01/2025
JV.2025.01.00084,3-Jan-2025,4-Jan-2025,MKG,Uang masuk,"1,631,027.00",Uang masuk penjualan cafe strada MKG tanggal 03/01/2025
JV.2025.01.00089,3-Jan-2025,3-Jan-2025,La Piazza,Penjualan cafe,"22,126,630.00",Penjualan cafe tanggal 03/01/2025
JV.2025.01.00090,3-Jan-2025,4-Jan-2025,La Piazza,Uang masuk,"10,831,675.00",Uang masuk penjualan cafe tanggal 03/01/2025
JV.2025.01.00085,4-Jan-2025,4-Jan-2025,MKG,Penjualan cafe,"1,745,205.00",Penjualan cafe strada MKG tanggal 04/01/2025
JV.2025.01.00086,4-Jan-2025,5-Jan-2025,MKG,Uang masuk,"1,745,205.00",Uang masuk penjualan cafe strada MKG tanggal 04/01/2025
JV.2025.01.00091,4-Jan-2025,4-Jan-2025,La Piazza,Penjualan cafe,"33,223,370.00",Penjualan cafe tanggal 04/01/2025
JV.2025.01.00092,4-Jan-2025,5-Jan-2025,La Piazza,Uang masuk,"43,916,395.00",Uang masuk penjualan cafe tanggal  03 & 04 Januari 2025
JV.2025.01.00087,5-Jan-2025,5-Jan-2025,MKG,Penjualan cafe,"1,688,805.00",Penjualan cafe strada MKG tanggal 05/01/2025
JV.2025.01.00088,5-Jan-2025,6-Jan-2025,MKG,Uang masuk,"1,688,805.00",Uang masuk penjualan cafe strada MKG tanggal 05/01/2025
JV.2025.01.00093,5-Jan-2025,5-Jan-2025,La Piazza,Penjualan cafe,"17,102,680.00",Penjualan cafe tanggal 05/01/2025
JV.2025.01.00094,5-Jan-2025,6-Jan-2025,La Piazza,Uang masuk,"16,873,630.00",Uang masuk penjualan cafe tanggal 05/01/2025
JV.2025.01.00184,6-Jan-2025,6-Jan-2025,MKG,Penjualan cafe,"565,040.00",Penjualan cafe strada MKG tanggal 06/01/2025
JV.2025.01.00185,6-Jan-2025,7-Jan-2025,MKG,Uang masuk,"565,040.00",Uang masuk penjualan cafe strada MKG tanggal 06/01/2025
JV.2025.01.00119,6-Jan-2025,6-Jan-2025,La Piazza,Penjualan cafe,"10,882,160.00",Penjualan cafe tanggal 06/01/2025
JV.2025.01.00120,6-Jan-2025,7-Jan-2025,La Piazza,Uang masuk,"10,633,085.00",Uang masuk penjualan cafe tanggal 06/01/2025
JV.2025.01.00172,7-Jan-2025,7-Jan-2025,MKG,Penjualan cafe,"494,340.00",Penjualan cafe strada MKG tanggal 07/01/2025
JV.2025.01.00178,7-Jan-2025,8-Jan-2025,MKG,Uang masuk,"494,340.00",Uang masuk penjualan cafe strada MKG tanggal 07/01/2025
JV.2025.01.00121,7-Jan-2025,7-Jan-2025,La Piazza,Penjualan cafe,"10,793,100.00",Penjualan cafe tanggal 07/01/2025
JV.2025.01.00122,7-Jan-2025,8-Jan-2025,La Piazza,Uang masuk,"10,562,500.00",Uang masuk penjualan cafe tanggal 07/01/2025
JV.2025.01.00173,8-Jan-2025,8-Jan-2025,MKG,Penjualan cafe,"713,475.00",Penjualan cafe strada MKG tanggal 08/01/2025
JV.2025.01.00179,8-Jan-2025,9-Jan-2025,MKG,Uang masuk,"713,475.00",Uang masuk penjualancafe strada MKG tanggal 08/01/2025
JV.2025.01.00123,8-Jan-2025,8-Jan-2025,La Piazza,Penjualan cafe,"17,143,835.00",Penjualan cafe 08/01/2025
JV.2025.01.00124,8-Jan-2025,9-Jan-2025,La Piazza,Uang masuk,"16,705,990.00",Uang masuk penjualan cafe tanggal 08/01/2025
JV.2025.01.00174,9-Jan-2025,9-Jan-2025,MKG,Penjualan cafe,"681,195.00",Penjualan cafe strada MKG tanggal 09/01/2025
JV.2025.01.00180,9-Jan-2025,10-Jan-2025,MKG,Uang masuk,"681,195.00",Uang masuk penjualan cafe strada MKG tanggal 09/01/2025
JV.2025.01.00274,9-Jan-2025,9-Jan-2025,La Piazza,Penjualan cafe,"18,391,880.00",Penjualan cafe tanggal 09/01/2025
JV.2025.01.00288,9-Jan-2025,10-Jan-2025,La Piazza,Uang masuk,"18,290,480.00",Uang masuk penjualan cafe tanggal 09/01/2025
JV.2025.01.00175,10-Jan-2025,10-Jan-2025,MKG,Penjualan cafe,"1,277,430.00",Penjualan cafe strada MKG tanggal 10/01/2025
JV.2025.01.00181,10-Jan-2025,11-Jan-2025,MKG,Uang masuk,"1,277,430.00",Uang masuk penjualan cafe strada MKG tanggal 10/01/2025
JV.2025.01.00282,10-Jan-2025,10-Jan-2025,La Piazza,Penjualan cafe,"20,899,145.00",Penjualan cafe tanggal 10/01/2025
JV.2025.01.00287,10-Jan-2025,11-Jan-2025,La Piazza,Uang masuk,"20,692,145.00",Uang masuk penjualan cafe tanggal 10/01/2025
JV.2025.01.00176,11-Jan-2025,11-Jan-2025,MKG,Penjualan cafe,"2,840,110.00",Penjualan cafe strada MKG tanggal 11/01/2025
JV.2025.01.00182,11-Jan-2025,12-Jan-2025,MKG,Uang masuk,"2,840,110.00",Uang masuk penjualan cafe strada MKG tanggal 11/01/2025
JV.2025.01.00284,11-Jan-2025,11-Jan-2025,La Piazza,Penjualan cafe,"28,398,555.00",Penjualan cafe tanggal 11/01/2025
JV.2025.01.00289,11-Jan-2025,12-Jan-2025,La Piazza,Uang masuk,"27,902,310.00",Uang masuk penjualan cafe tanggal 11/01/2025
JV.2025.01.00177,12-Jan-2025,12-Jan-2025,MKG,Penjualan cafe,"1,542,120.00",Penjualan cafe strada MKG tanggal 12/01/2025
JV.2025.01.00183,12-Jan-2025,13-Jan-2025,MKG,Uang masuk,"1,542,120.00",Uang masuk penjualan cafe strada MKG tanggal 12/01/2025
JV.2025.01.00285,12-Jan-2025,12-Jan-2025,La Piazza,Penjualan cafe,"27,723,985.00",Penjualan cafe tanggal 12/01/2025
JV.2025.01.00290,12-Jan-2025,13-Jan-2025,La Piazza,Uang masuk,"27,223,485.00",Uang masuk penjualan cafe tanggal 12/01/2025
JV.2025.01.00352,13-Jan-2025,13-Jan-2025,MKG,Penjualan cafe,"1,047,585.00",Penjualan cafe strada MKG tanggal 13/01/2025
JV.2025.01.00353,13-Jan-2025,14-Jan-2025,MKG,Uang masuk,"434,280.00",Uang masuk penjualan cafe strada MKG tanggal 13/01/2025
JV.2025.01.00355,13-Jan-2025,15-Jan-2025,MKG,Uang masuk,"720,720.00",Uang masuk penjualan cafe strada MKG tanggal 13/01/2025 - 14/01/2025
JV.2025.01.00286,13-Jan-2025,13-Jan-2025,La Piazza,Penjualan cafe,"12,825,420.00",Penjualan cafe tanggal 13/01/2025
JV.2025.01.00291,13-Jan-2025,14-Jan-2025,La Piazza,Uang masuk,"12,685,695.00",Uang masuk penjualan cafe tanggal 13/01/2025
JV.2025.01.00354,14-Jan-2025,14-Jan-2025,MKG,Penjualan cafe,"107,415.00",Penjualan cafe strada MKG tanggal 14/01/2025
JV.2025.01.00342,14-Jan-2025,14-Jan-2025,La Piazza,Penjualan cafe,"10,545,370.00",Penjualan cafe tanggal 14/01/2025
JV.2025.01.00344,14-Jan-2025,15-Jan-2025,La Piazza,Uang masuk,"10,353,970.00",Uang masuk penjualan cafe taggal 14/01/2025
JV.2025.01.00356,15-Jan-2025,15-Jan-2025,MKG,Penjualan cafe,"1,266,540.00",Penjualan cafe strada MKG tanggal 15/01/2025
JV.2025.01.00357,15-Jan-2025,16-Jan-2025,MKG,Uang masuk,"1,266,540.00",Uang masuk penjualan cafe strada MKG tanggal 15/01/2025
JV.2025.01.00345,15-Jan-2025,15-Jan-2025,La Piazza,Penjualan cafe,"13,584,330.00",Penjualan cafe tanggal 15/01/2025
JV.2025.01.00346,15-Jan-2025,16-Jan-2025,La Piazza,Uang masuk,"13,487,880.00",Uang masuk penjualan cafe tanggal 15/01/2025
JV.2025.01.00358,16-Jan-2025,16-Jan-2025,MKG,Penjualan cafe,"938,117.00",Penjualan cafe strada MKG tanggal 16/01/2025
JV.2025.01.00359,16-Jan-2025,17-Jan-2025,MKG,Uang masuk,"917,417.00",Uang masuk penjualan cafe strada MKG tanggal 16/01/2025
JV.2025.01.00347,16-Jan-2025,16-Jan-2025,La Piazza,Penjualan cafe,"17,444,045.00",Penjualan cafe 16/01/2025
JV.2025.01.00348,16-Jan-2025,17-Jan-2025,La Piazza,Uang masuk,"15,343,420.00",Uang masuk penjualan cafe tanggal 16/01/2025
JV.2025.01.00460,17-Jan-2025,17-Jan-2025,MKG,Penjualan cafe,"1,410,000.00",Penjualan cafe strada MKG tanggal 17/01/2025
JV.2025.01.00675,17-Jan-2025,18-Jan-2025,MKG,Uang masuk,"1,410,000.00",Uang masuk penjualan cafe strada MKG tanggal 17/01/2025
JV.2025.01.00437,17-Jan-2025,17-Jan-2025,La Piazza,Penjualan cafe,"14,905,035.00",Penjualan cafe tanggal 17/01/2025
JV.2025.01.00438,17-Jan-2025,18-Jan-2025,La Piazza,Uang masuk,"14,493,150.00",Uang masuk penjualan cafe tanggal 17/01/2025
JV.2025.01.00664,18-Jan-2025,18-Jan-2025,MKG,Penjualan cafe,"3,775,470.00",Penjualan cafe strada MKG tanggal 18/01/2025
JV.2025.01.00676,18-Jan-2025,19-Jan-2025,MKG,Uang masuk,"3,775,470.00",Uang masuk penjualan cafe strada MKG tanggal 18/01/2025
JV.2025.01.00439,18-Jan-2025,18-Jan-2025,La Piazza,Penjualan cafe,"32,002,380.00",Penjualan cafe tanggal 18/01/2025
JV.2025.01.00440,18-Jan-2025,19-Jan-2025,La Piazza,Uang masuk,"31,575,880.00",Uang masuk penjualan cafe tanggal 18/01/2025
JV.2025.01.00665,19-Jan-2025,19-Jan-2025,MKG,Penjualan cafe,"3,321,015.00",Penjualan cafe strada MKG tanggal 19/01/2025
JV.2025.01.00677,19-Jan-2025,20-Jan-2025,MKG,Uang masuk,"3,321,015.00",Uang masuk penjualan cafe strada MKG tanggal 19/01/2025
JV.2025.01.00441,19-Jan-2025,19-Jan-2025,La Piazza,Penjualan cafe,"25,928,455.00",Penjualan cafe tanggal 19/01/2025
JV.2025.01.00442,19-Jan-2025,20-Jan-2025,La Piazza,Uang masuk,"25,811,105.00",Uang masuk penjualan cafe tanggal 19/01/2025
JV.2025.01.00666,20-Jan-2025,20-Jan-2025,MKG,Penjualan cafe,"639,385.00",Penjualan cafe strada MKG tanggal 20/01/2025
JV.2025.01.00678,20-Jan-2025,21-Jan-2025,MKG,Uang masuk,"639,385.00",Uang masuk penjualan cafe strada MKG tanggal 20/01/2025
JV.2025.01.00457,20-Jan-2025,20-Jan-2025,La Piazza,Penjualan cafe,"6,258,120.00",Penjualan cafe tanggal 20/01/2025
JV.2025.01.00458,20-Jan-2025,21-Jan-2025,La Piazza,Uang masuk,"5,941,535.00",Uang masuk penjualan cafe tanggal 20/01/2025
JV.2025.01.00667,21-Jan-2025,21-Jan-2025,MKG,Penjualan cafe,"1,169,325.00",Penjualan cafe strada MKG tanggal 21/01/2025
JV.2025.01.00679,21-Jan-2025,22-Jan-2025,MKG,Uang masuk,"1,169,325.00",Uang masuk penjualan cafe strada MKG tanggal 21/01/2025
JV.2025.01.00497,21-Jan-2025,21-Jan-2025,La Piazza,Penjualan cafe,"10,001,630.00",Penjualan cafe tanggal 21/01/2025
JV.2025.01.00498,21-Jan-2025,22-Jan-2025,La Piazza,Uang masuk,"9,848,630.00",Uang masuk penjualan cafe tanggal 21/01/2025
JV.2025.01.00668,22-Jan-2025,22-Jan-2025,MKG,Penjualan cafe,"1,749,570.00",Penjualan cafe strada MKG tanggal 22/01/2025
JV.2025.01.00680,22-Jan-2025,23-Jan-2025,MKG,Uang masuk,"1,749,570.00",Uang masuk penjualan cafe strada MKG tanggal 22/01/2025
JV.2025.01.00499,22-Jan-2025,22-Jan-2025,La Piazza,Penjualan cafe,"13,641,140.00",Penjualan cafe tanggal 22/01/2025
JV.2025.01.00500,22-Jan-2025,23-Jan-2025,La Piazza,Uang masuk,"13,225,565.00",Uang masuk penjualan cafe tanggal 22/01/2025
JV.2025.01.00669,23-Jan-2025,23-Jan-2025,MKG,Penjualan cafe,"1,567,490.00",Penjualan cafe strada MKG tanggal 23/01/2025
JV.2025.01.00681,23-Jan-2025,24-Jan-2025,MKG,Uang masuk,"1,567,490.00",Uang masuk penjualan cafe strada MKG tanggal 23/01/2025
JV.2025.01.00501,23-Jan-2025,23-Jan-2025,La Piazza,Penjualan cafe,"10,370,285.00",Penjualan cafe tanggal 23/01/2025
JV.2025.01.00847,23-Jan-2025,24-Jan-2025,La Piazza,Setoran cash,"1,558,095.00",Setoran cash penjualan cafe tgl 23/01/2025
JV.2025.01.00502,23-Jan-2025,24-Jan-2025,La Piazza,Uang masuk,"8,683,865.00",Uang masuk penjualan cafe tanggal 23/01/2025
JV.2025.01.00670,24-Jan-2025,24-Jan-2025,MKG,Penjualan cafe,"1,455,300.00",Penjualan cafe strada MKG tanggal 24/01/2025
JV.2025.01.00682,24-Jan-2025,25-Jan-2025,MKG,Uang masuk,"1,455,300.00",Uang masuk penjualan cafe strada MKG tanggal 24/01/2025
JV.2025.01.00528,24-Jan-2025,24-Jan-2025,La Piazza,Penjualan cafe,"18,304,830.00",Penjualan cafe tanggal 24/01/2025
JV.2025.01.00848,24-Jan-2025,25-Jan-2025,La Piazza,Setoran cash,"337,260.00",Setoran cash penjualan cafe tanggal 24/01/2025
JV.2025.01.00532,24-Jan-2025,25-Jan-2025,La Piazza,Uang masuk,"17,353,880.00",Uang masuk penjualan cafe tanggal 24/01/2025
JV.2025.01.00671,25-Jan-2025,25-Jan-2025,MKG,Penjualan cafe,"3,297,040.00",Penjualan cafe strada MKG tanggal 25/01/2025
JV.2025.01.00683,25-Jan-2025,26-Jan-2025,MKG,Uang masuk,"3,297,040.00",Uang masuk penjualan cafe strada MKG tanggal 25/01/2025
JV.2025.01.00529,25-Jan-2025,25-Jan-2025,La Piazza,Penjualan cafe,"26,891,385.00",Penjualan cafe tanggal 25/01/2025
JV.2025.01.00533,25-Jan-2025,26-Jan-2025,La Piazza,Uang masuk,"26,683,205.00",Uang masuk penjualan cafe tanggal 25/01/2025
JV.2025.02.00323,25-Jan-2025,30-Jan-2025,La Piazza,Setoran cash,"64,680.00",Setoran cash penjualan cafe tgl 25/01/2025
JV.2025.01.00672,26-Jan-2025,26-Jan-2025,MKG,Penjualan cafe,"3,393,291.00",Penjualan cafe strada MKG tanggal 26/01/2025
JV.2025.01.00684,26-Jan-2025,27-Jan-2025,MKG,Uang masuk,"3,386,841.00",Uang masuk penjualan cafe strada MKG tanggal 26/01/2025
JV.2025.12.01441,26-Jan-2025,27-Dec-2025,MKG,Uang masuk,"1,690,025.00",Uang masuk penjualan cafe strada MKG tanggal 26/01/2025
JV.2025.01.00530,26-Jan-2025,26-Jan-2025,La Piazza,Penjualan cafe,"32,829,705.00",Penjualan cafe tanggal 26/01/2025
JV.2025.01.00534,26-Jan-2025,27-Jan-2025,La Piazza,Uang masuk,"32,391,035.00",Uang masuk penjualan cafe tanggal 26/01/2025
JV.2025.01.00849,26-Jan-2025,30-Jan-2025,La Piazza,Setoran cash,"247,170.00",Setoran cash penjualan cafe tgl 26/01/2025
JV.2025.01.00673,27-Jan-2025,27-Jan-2025,MKG,Penjualan cafe,"2,577,000.00",Penjualan cafe strada MKG tanggal 27/01/2025
JV.2025.01.00685,27-Jan-2025,28-Jan-2025,MKG,Uang masuk,"2,577,000.00",Uang masuk penjualan cafe strada MKG tanggal 27/01/2025
JV.2025.01.00531,27-Jan-2025,27-Jan-2025,La Piazza,Penjualan cafe,"24,602,158.00",Penjualan cafe tanggal 27/01/2025
JV.2025.01.00688,27-Jan-2025,28-Jan-2025,La Piazza,Uang masuk,"24,206,108.00",Uang masuk penjualan cafe tanggal 27/01/2025
JV.2025.01.00850,27-Jan-2025,30-Jan-2025,La Piazza,Setoran cash,"203,950.00",Setoran cash penjualan cafe tgl 27/01/2025
JV.2025.01.00806,28-Jan-2025,29-Jan-2025,MKG,Uang masuk,"1,781,010.00",Uang masuk penjualan cafe strada MKG tanggal 28/01/2025
JV.2025.01.00689,28-Jan-2025,28-Jan-2025,La Piazza,Penjualan cafe,"15,646,005.00",Penjualan cafe tanggal 28/01/2025
JV.2025.01.00691,28-Jan-2025,29-Jan-2025,La Piazza,Uang masuk,"15,072,075.00",Uang masuk penjualan cafe tanggal 28/01/2025
JV.2025.01.00851,28-Jan-2025,30-Jan-2025,La Piazza,Setoran cash,"214,830.00",Setoran cash penjualan cafe tgl 28/01/2025
JV.2025.01.00674,29-Jan-2025,29-Jan-2025,MKG,Penjualan cafe,"1,473,780.00",Penjualan cafe strada MKG tanggal 29/01/2025
JV.2025.01.00807,29-Jan-2025,30-Jan-2025,MKG,Uang masuk,"1,794,870.00",Uang masuk penjualan cafe strada MKG tanggal 28 & 29/01/2025
JV.2025.01.00692,29-Jan-2025,29-Jan-2025,La Piazza,Penjualan cafe,"11,099,750.00",Penjualan cafe tanggal 29/01/2025
JV.2025.01.00693,29-Jan-2025,30-Jan-2025,La Piazza,Uang masuk,"10,744,310.00",Uang masuk penjualan cafe tanggal 29/01/2025
JV.2025.01.00883,30-Jan-2025,31-Jan-2025,MKG,Uang masuk,"740,472.00",Uang masuk penjualan cafe strada MKG tanggal 30/01/2025
JV.2025.01.00694,30-Jan-2025,30-Jan-2025,La Piazza,Penjualan cafe,"14,166,100.00",Penjualan cafe tanggal 30/01/2025
JV.2025.01.00785,30-Jan-2025,30-Jan-2025,La Piazza,Uang masuk,"13,823,590.00",Uang masuk penjualan cafe tanggal 30/01/2025
JV.2025.02.00319,30-Jan-2025,1-Feb-2025,La Piazza,Setoran cash,"256,410.00",Setoran cash penjualan cafe tanggal 30/01/2025
JV.2025.02.00325,31-Jan-2025,1-Feb-2025,MKG,Uang masuk,"399,630.00",Uang masuk penjualan cafe strada MKG tanggal 31/01/2025
JV.2025.01.00781,31-Jan-2025,31-Jan-2025,La Piazza,Penjualan cafe,"19,238,155.00",Penjualan cafe tanggal 31/01/2025
JV.2025.01.00787,31-Jan-2025,1-Feb-2025,La Piazza,Uang masuk,"18,715,850.00",Uang masuk penjualan cafe tanggal 31/01/2025
JV.2025.02.00322,31-Jan-2025,4-Feb-2025,La Piazza,Setoran cash,"128,205.00",Setoran cash penjualan cafe tanggal 31/01/2025
JV.2025.02.00326,1-Feb-2025,2-Feb-2025,MKG,Uang masuk,"2,841,513.00",Uang masuk penjualan cafe strada MKG tanggal 01/02/2025
JV.2025.02.00029,1-Feb-2025,1-Feb-2025,La Piazza,Penjualan cafe,"29,290,510.00",Penjualan cafe tanggal 01/02/2025
JV.2025.02.00320,1-Feb-2025,2-Feb-2025,La Piazza,Setoran cash,"344,190.00",Setoran cash penjualan cafe tanggal 01/02/2025
JV.2025.02.00034,1-Feb-2025,2-Feb-2025,La Piazza,Uang masuk,"28,770,320.00",Uang masuk penjualan cafe tanggal 01/02/2025
JV.2025.02.00612,1-Feb-2025,17-Feb-2025,La Piazza,Uang masuk,"18,965.00",Uang masuk setoran cash penjualan cafe tgl 01/02/2025
JV.2025.02.00327,2-Feb-2025,3-Feb-2025,MKG,Uang masuk,"3,193,633.00",Uang masuk penjualan cafe strada MKG tanggal 02/02/2025
JV.2025.02.00030,2-Feb-2025,2-Feb-2025,La Piazza,Penjualan cafe,"29,729,740.00",Penjualan cafe tanggal 02/02/2025
JV.2025.02.00321,2-Feb-2025,3-Feb-2025,La Piazza,Setoran cash,"427,350.00",Setoran cash penjualan cafe tanggal 02/02/2025
JV.2025.02.00035,2-Feb-2025,3-Feb-2025,La Piazza,Uang masuk,"29,063,890.00",Uang masuk penjualan cafe tanggal 02/02/2025
JV.2025.02.00328,3-Feb-2025,4-Feb-2025,MKG,Uang masuk,"446,119.00",Uang masuk penjualan cafe strada MKG tgl 03/02/2025
JV.2025.12.01480,3-Feb-2025,4-Dec-2025,SMS,Uang masuk,"823,835.00",Uang masuk penjualan cafe strada SMS tanggal 03/02/2025
JV.2025.02.00032,3-Feb-2025,3-Feb-2025,La Piazza,Penjualan cafe,"12,095,590.00",Penjualan cafe tanggal 03/02/2025
JV.2025.02.00037,3-Feb-2025,4-Feb-2025,La Piazza,Uang masuk,"11,372,880.00",Uang masuk penjualan cafe tanggal 03/02/2025
JV.2025.02.00311,3-Feb-2025,8-Feb-2025,La Piazza,Setoran cash,"198,660.00",Setoran cash penjualan cafe tanggal 03/02/2025
JV.2025.02.00335,4-Feb-2025,5-Feb-2025,MKG,Uang masuk,"620,582.00",Uang masuk penjualan cafe strada MKG tgl 04/02/2025
JV.2025.02.00112,4-Feb-2025,4-Feb-2025,La Piazza,Penjualan cafe,"11,324,960.00",Penjualan cafe strada tanggal 04/02/2025
JV.2025.02.00116,4-Feb-2025,5-Feb-2025,La Piazza,Uang masuk,"10,961,910.00",Uang masuk penjualan cafe tanggal 04/02/2025
JV.2025.02.00329,5-Feb-2025,6-Feb-2025,MKG,Uang masuk,"1,310,930.00",Uang masuk penjualan cafe strada MKG tgl 05/02/2025
JV.2025.02.00113,5-Feb-2025,5-Feb-2025,La Piazza,Penjualan cafe,"14,731,015.00",Penjualan cafe tanggal 05/02/2025
JV.2025.02.00117,5-Feb-2025,6-Feb-2025,La Piazza,Uang masuk,"14,154,340.00",Uang masuk penjualan cafe tanggal 05/02/2025
JV.2025.02.00330,6-Feb-2025,7-Feb-2025,MKG,Uang masuk,"751,443.00",Uang masuk penjualan cafe strada MKG tgl 06/02/2025
JV.2025.02.00114,6-Feb-2025,6-Feb-2025,La Piazza,Penjualan cafe,"10,303,155.00",Penjualan cafe tanggal 06/02/2025
JV.2025.02.00118,6-Feb-2025,7-Feb-2025,La Piazza,Uang masuk,"9,533,965.00",Uang masuk penjualan cafe tanggal 06/02/2025
JV.2025.02.00331,7-Feb-2025,8-Feb-2025,MKG,Uang masuk,"1,332,130.00",Uang masuk penjualan cafe strada MKG tgl 07/02/2025
JV.2025.02.00304,7-Feb-2025,7-Feb-2025,La Piazza,Penjualan cafe,"18,146,265.00",Penjualan cafe tanggal 07/02/2025
JV.2025.02.00893,7-Feb-2025,8-Feb-2025,La Piazza,Uang masuk,"17,738,300.00",Uang masuk penjualan cafe tanggal 07/02/2025
JV.2025.02.00332,8-Feb-2025,9-Feb-2025,MKG,Uang masuk,"2,263,641.00",Uang masuk penjualan cafe strada MKG tgl 08/02/2025
JV.2025.02.00305,8-Feb-2025,8-Feb-2025,La Piazza,Penjualan cafe,"27,246,915.00",Penjualan cafe tanggal 08/02/2025
JV.2025.02.00312,8-Feb-2025,9-Feb-2025,La Piazza,Uang masuk,"26,448,310.00",Uang masuk penjualan cafe tanggal 08/02/2025
JV.2025.02.00314,8-Feb-2025,10-Feb-2025,La Piazza,Setoran cash,"139,755.00",Setoran cash penjualan cafe tanggal 08/02/2025
JV.2025.02.00333,9-Feb-2025,10-Feb-2025,MKG,Uang masuk,"2,692,050.00",Uang masuk penjualan cafe strada MKG tgl 09/02/2025
JV.2025.02.00306,9-Feb-2025,9-Feb-2025,La Piazza,Penjualan cafe,"28,965,470.00",Penjualan cafe tanggal 09/02/2025
JV.2025.02.00315,9-Feb-2025,10-Feb-2025,La Piazza,Setoran cash,"1,048,740.00",Setoran cash penjualan cafe tanggal 09/02/2025
JV.2025.02.00313,9-Feb-2025,10-Feb-2025,La Piazza,Uang masuk,"27,578,465.00",Uang masuk penjualan cafe tanggal 09/02/2025
JV.2025.02.00334,10-Feb-2025,11-Feb-2025,MKG,Uang masuk,"1,240,470.00",Uang masuk penjualan cafe strada MKG tgl 10/02/2025
JV.2025.02.00307,10-Feb-2025,10-Feb-2025,La Piazza,Penjualan cafe,"9,298,950.00",Penjualan cafe tanggal 10/02/2025
JV.2025.02.00316,10-Feb-2025,11-Feb-2025,La Piazza,Uang masuk,"9,123,450.00",Uang masuk penjualan cafe tanggal 10/02/2025
JV.2025.02.00336,11-Feb-2025,12-Feb-2025,MKG,Uang masuk,"1,080,806.00",Uang masuk penjualan cafe strada MKG tgl 11/02/2025
JV.2025.02.00308,11-Feb-2025,11-Feb-2025,La Piazza,Penjualan cafe,"11,534,240.00",Penjualan cafe tanggal 11/02/2025
JV.2025.02.00317,11-Feb-2025,12-Feb-2025,La Piazza,Uang masuk,"10,644,805.00",Uang masuk penjualan cafe tanggal 11/02/2025
JV.2025.02.00398,12-Feb-2025,12-Feb-2025,MKG,Penjualan cafe,"1,027,114.00",Penjualan cafe strada MKG tanggal 12/02/2025
JV.2025.02.00616,12-Feb-2025,13-Feb-2025,MKG,Uang masuk,"1,021,714.00",Uang masuk penjualan cafe strada MKG taggal 12/02/2025
JV.2025.02.00309,12-Feb-2025,12-Feb-2025,La Piazza,Penjualan cafe,"15,303,835.00",Penjualan cafe tanggal 12/02/2025
JV.2025.02.00318,12-Feb-2025,13-Feb-2025,La Piazza,Uang masuk,"14,999,010.00",Uang masuk penjualan cafe tanggal 12/02/2025
JV.2025.02.00399,13-Feb-2025,13-Feb-2025,MKG,Penjualan cafe,"1,045,858.00",Penjualan cafe strada MKG tanggal 13/02/2025
JV.2025.02.00617,13-Feb-2025,14-Feb-2025,MKG,Uang masuk,"1,027,258.00",Uang masuk penjualan cafe strada MKG tanggal 13/02/2025
JV.2025.02.00310,13-Feb-2025,13-Feb-2025,La Piazza,Penjualan cafe,"17,411,595.00",Penjualan cafe tanggal 13/02/2025
JV.2025.02.00605,13-Feb-2025,14-Feb-2025,La Piazza,Uang masuk,"12,631,865.00",Uang masuk penjualan cafe tanggal 13/02/2025
JV.2025.02.00400,14-Feb-2025,14-Feb-2025,MKG,Penjualan cafe,"1,111,324.00",Penjualan cafe strada MKG tanggal 
JV.2025.02.00618,14-Feb-2025,15-Feb-2025,MKG,Uang masuk,"1,093,474.00",Uang masuk penjualan cafe strada MKG tanggal 14/02/2025
JV.2025.02.00394,14-Feb-2025,14-Feb-2025,La Piazza,Penjualan cafe,"21,630,245.00",Penjualan cafe tanggal 14/02/2025
JV.2025.02.00606,14-Feb-2025,15-Feb-2025,La Piazza,Uang masuk,"20,964,600.00",Uang masuk penjualan cafe tanggal 14/02/2025
JV.2025.02.00401,15-Feb-2025,15-Feb-2025,MKG,Penjualan cafe,"2,292,459.00",Penjualan cafe strada MKG tanggal 15/02/2025
JV.2025.02.00619,15-Feb-2025,16-Feb-2025,MKG,Uang masuk,"2,283,609.00",Uang masuk penjualan cafe strada MKG tanggal 15/02/2025
JV.2025.02.00395,15-Feb-2025,15-Feb-2025,La Piazza,Penjualan cafe,"35,416,340.00",Penjualan cafe tanggal 15/02/2025
JV.2025.02.00609,15-Feb-2025,16-Feb-2025,La Piazza,Uang masuk,"34,318,330.00",Uang masuk penjualan cafe tanggal 15/02/2025
JV.2025.02.00402,16-Feb-2025,16-Feb-2025,MKG,Penjualan cafe,"2,197,911.00",Penjualan cafe strada MKG tanggal 16/02/2025
JV.2025.02.00620,16-Feb-2025,17-Feb-2025,MKG,Uang masuk,"2,191,461.00",Uang masuk penjualan cafe strada MKG tanggal 16/02/2025
JV.2025.02.00396,16-Feb-2025,16-Feb-2025,La Piazza,Penjualan cafe,"23,800,570.00",Penjualan cafe tanggal 16/02/2025
JV.2025.02.00610,16-Feb-2025,17-Feb-2025,La Piazza,Uang masuk,"22,993,990.00",Uang masuk penjualan cafe tanggal 16/02/2025
JV.2025.02.00759,17-Feb-2025,17-Feb-2025,MKG,Penjualan cafe,"1,173,915.00",Penjualan cafe strada MKG tanggal 17/02/2025
JV.2025.02.00863,17-Feb-2025,18-Feb-2025,MKG,Uang masuk,"1,169,265.00",Uang masuk penjualan cafe strada MKG tanggal 17/02/2025
JV.2025.02.00397,17-Feb-2025,17-Feb-2025,La Piazza,Penjualan cafe,"12,401,010.00",Penjualan cafe tanggal 17/02/2025
JV.2025.02.00611,17-Feb-2025,18-Feb-2025,La Piazza,Uang masuk,"12,026,910.00",Uang masuk penjualan cafe tanggal 17/02/2025
JV.2025.02.00760,18-Feb-2025,18-Feb-2025,MKG,Penjualan cafe,"702,240.00",Penjualan cafe strada MKG tanggal 18/02/2025
JV.2025.02.00864,18-Feb-2025,19-Feb-2025,MKG,Uang masuk,"702,240.00",Uang masuk penjualan cafe strada MKG tanggal 18/02/2025
JV.2025.02.00554,18-Feb-2025,18-Feb-2025,La Piazza,Penjualan cafe,"12,199,375.00",Penjualan cafe tanggal 18/02/2025
JV.2025.02.00613,18-Feb-2025,19-Feb-2025,La Piazza,Uang masuk,"11,997,455.00",Uang masuk penjualan cafe tanggal 18/02/2025
JV.2025.02.00854,19-Feb-2025,19-Feb-2025,MKG,Penjualan cafe,"868,560.00",Penjualan cafe strada MKG tanggal 19/02/2025
JV.2025.03.00004,19-Feb-2025,20-Feb-2025,MKG,Uang masuk,"868,560.00",Uang masuk penjualan cafe strada MKG tanggal 19/02/2025
JV.2025.02.00555,19-Feb-2025,19-Feb-2025,La Piazza,Penjualan cafe,"17,002,670.00",Penjualan cafe tanggal 19/02/2025
JV.2025.02.00614,19-Feb-2025,20-Feb-2025,La Piazza,Uang masuk,"16,976,070.00",Uang masuk penjualan cafe tanggal 19/02/2025
JV.2025.02.00762,20-Feb-2025,20-Feb-2025,MKG,Penjualan cafe,"1,230,588.00",Penjualan cafe strada MKG tanggal 20/02/2025
JV.2025.02.00865,20-Feb-2025,21-Feb-2025,MKG,Uang masuk,"1,220,538.00",Uang masuk penjualan cafe strada MKG tanggal 20/02/2025
JV.2025.02.00576,20-Feb-2025,20-Feb-2025,La Piazza,Penjualan cafe,"15,669,890.00",Penjualan cafe tanggal 20/02/2025
JV.2025.02.00615,20-Feb-2025,21-Feb-2025,La Piazza,Uang masuk,"15,493,015.00",Uang masuk penjualan cafe tanggal 20/02/2025
JV.2025.02.00855,21-Feb-2025,21-Feb-2025,MKG,Penjualan cafe,"860,475.00",Penjualan cafe strada MKG tanggal 21/02/2025
JV.2025.02.00866,21-Feb-2025,22-Feb-2025,MKG,Uang masuk,"860,475.00",Uang masuk penjualan cafe strada MKG tanggal 21/02/2025
JV.2025.02.00752,21-Feb-2025,21-Feb-2025,La Piazza,Penjualan cafe,"17,359,860.00",Penjualan cafe tanggal 21/02/2025
JV.2025.02.00850,21-Feb-2025,22-Feb-2025,La Piazza,Uang masuk,"16,865,420.00",Uang masuk penjualan cafe tanggal 21/02/2025
JV.2025.02.00856,22-Feb-2025,22-Feb-2025,MKG,Penjualan cafe,"1,604,205.00",Penjualan cafe strada MKG tanggal 22/02/2025
JV.2025.03.00005,22-Feb-2025,23-Feb-2025,MKG,Uang masuk,"1,604,205.00",Uang masuk penjualan cafe strada MKG tanggal 22/02/2025
JV.2025.02.00753,22-Feb-2025,22-Feb-2025,La Piazza,Penjualan cafe,"29,875,425.00",Penjualan cafe tanggal 22/02/2025
JV.2025.02.00851,22-Feb-2025,23-Feb-2025,La Piazza,Uang masuk,"29,330,290.00",Uang masuk penjualan cafe tanggal 22/02/2025
JV.2025.02.00857,23-Feb-2025,23-Feb-2025,MKG,Penjualan cafe,"1,205,820.00",Penjualan cafe strada MKG tanggal 23/02/2025
JV.2025.02.00867,23-Feb-2025,24-Feb-2025,MKG,Uang masuk,"1,205,820.00",Uang masuk penjualan cafe strada MKG tanggal 23/02/2025
JV.2025.02.00754,23-Feb-2025,23-Feb-2025,La Piazza,Penjualan cafe,"21,955,055.00",Penjualan cafe tanggal 23/02/2025
JV.2025.02.00852,23-Feb-2025,24-Feb-2025,La Piazza,Uang masuk,"21,212,265.00",Uang masuk penjualan cafe tanggal 23/02/2025
JV.2025.02.00858,24-Feb-2025,24-Feb-2025,MKG,Penjualan cafe,"337,260.00",Penjualan cafe strada MKG tanggal 24/02/2025
JV.2025.02.00868,24-Feb-2025,25-Feb-2025,MKG,Uang masuk,"337,260.00",Uang masuk penjualan cafe strada MKG tanggal 24/02/2025
JV.2025.02.00756,24-Feb-2025,24-Feb-2025,La Piazza,Penjualan cafe,"7,696,375.00",Penjualan cafe tanggal 24/02/2025
JV.2025.02.00853,24-Feb-2025,25-Feb-2025,La Piazza,Uang masuk,"7,229,240.00",Uang masuk penjualan cafe tanggal 24/02/2025
JV.2025.02.00859,25-Feb-2025,25-Feb-2025,MKG,Penjualan cafe,"468,225.00",Penjualan cafe strada MKG tanggal 25/02/2025
JV.2025.02.00869,25-Feb-2025,26-Feb-2025,MKG,Uang masuk,"468,324.00",Uang masuk penjualan cafe strada MKG tanggal 25/02/2025
JV.2025.02.00872,25-Feb-2025,25-Feb-2025,La Piazza,Penjualan cafe,"12,853,430.00",Penjualan cafe tanggal 25/02/2025
JV.2025.03.00007,25-Feb-2025,26-Feb-2025,La Piazza,Uang masuk,"12,421,355.00",Uang masuk penjualan cafe tanggal 25/02/2025
JV.2025.02.00860,26-Feb-2025,26-Feb-2025,MKG,Penjualan cafe,"554,400.00",Penjualan cafe strada MKG tanggal 26/02/2025
JV.2025.02.00870,26-Feb-2025,27-Feb-2025,MKG,Uang masuk,"554,400.00",Uang masuk penjualan cafe strada MKG tanggal 26/02/2025
JV.2025.02.00873,26-Feb-2025,26-Feb-2025,La Piazza,Penjualan cafe,"13,697,250.00",Penjualan cafe tanggal 26/02/2025
JV.2025.02.00876,26-Feb-2025,27-Feb-2025,La Piazza,Uang masuk,"13,484,850.00",Uang masuk penjualan cafe tanggal 26/02/2025
JV.2025.02.00861,27-Feb-2025,27-Feb-2025,MKG,Penjualan cafe,"791,845.00",Penjualan cafe strada MKG tanggal 27/02/2025
JV.2025.02.00871,27-Feb-2025,28-Feb-2025,MKG,Uang masuk,"791,845.00",Uang masuk penjualan cafe strada MKG tanggal 27/02/2025
JV.2025.02.00874,27-Feb-2025,27-Feb-2025,La Piazza,Penjualan cafe,"13,175,225.00",Penjualan cafe tanggal 27/02/2025
JV.2025.02.00877,27-Feb-2025,28-Feb-2025,La Piazza,Uang masuk,"11,840,580.00",Uang masuk penjualan cafe tanggal 27/02/2025
JV.2025.02.00862,28-Feb-2025,28-Feb-2025,MKG,Penjualan cafe,"794,640.00",Penjualan cafe strada MKG tanggal 28/02/2025
JV.2025.03.00006,28-Feb-2025,1-Mar-2025,MKG,Uang masuk,"773,850.00",Uang masuk penjualan cafe strada MKG tanggal 28/02/2025
JV.2025.02.00875,28-Feb-2025,28-Feb-2025,La Piazza,Penjualan cafe,"17,293,660.00",Penjualan cafe tanggal 28/02/2025
JV.2025.03.00008,28-Feb-2025,1-Mar-2025,La Piazza,Uang masuk,"16,342,280.00",Uang masuk penjualan cafe tanggal 28/02/2025
JV.2025.03.00054,1-Mar-2025,1-Mar-2025,MKG,Penjualan cafe,"2,630,805.00",Penjualan cafe strada MKG tanggal 01/03/2025
JV.2025.03.00058,1-Mar-2025,2-Mar-2025,MKG,Uang masuk,"2,630,805.00",Uang masuk penjualan cafe strada MKG tanggal 01/03/2025
JV.2025.03.00053,1-Mar-2025,1-Mar-2025,La Piazza,Penjualan cafe,"26,253,570.00",Penjualan cafe tanggal 01/03/2025
JV.2025.03.00064,1-Mar-2025,2-Mar-2025,La Piazza,Uang masuk,"25,680,920.00",Uang masuk penjualan cafe tanggal 01/03/2025
JV.2025.03.00055,2-Mar-2025,2-Mar-2025,MKG,Penjualan cafe,"1,386,245.00",Penjualan cafe strada MKG tanggal 02/03/2025
JV.2025.03.00056,2-Mar-2025,3-Mar-2025,MKG,Uang masuk,"1,386,245.00",Uang masuk penjualan cafe strada MKG tanggal 02/03/2025
JV.2025.03.00052,2-Mar-2025,2-Mar-2025,La Piazza,Penjualan cafe,"18,981,995.00",Penjualan cafe tanggal 02/03/2025
JV.2025.03.00065,2-Mar-2025,3-Mar-2025,La Piazza,Uang masuk,"18,655,915.00",Uang masuk penjualan cafe tanggal 02/03/2025
JV.2025.03.00300,3-Mar-2025,3-Mar-2025,MKG,Penjualan cafe,"426,630.00",Penjualan cafe strada MKG tanggal 03/03/2025
JV.2025.03.00311,3-Mar-2025,4-Mar-2025,MKG,Uang masuk,"421,980.00",Uang masuk penjualan cafe strada MKG tanggal 03/03/2025
JV.2025.03.00051,3-Mar-2025,3-Mar-2025,La Piazza,Penjualan cafe,"12,646,505.00",Penjualan cafe tanggal 03/03/2025
JV.2025.03.00110,3-Mar-2025,4-Mar-2025,La Piazza,Uang masuk,"10,329,105.00",Uang masuk penjualan cafe tanggal 03/03/2025
JV.2025.03.00301,4-Mar-2025,4-Mar-2025,MKG,Penjualan cafe,"662,970.00",Penjualan cafe strada MKG tanggal 04/03/2025
JV.2025.03.00312,4-Mar-2025,5-Mar-2025,MKG,Uang masuk,"662,970.00",Uang masuk penjualan cafe strada MKG tanggal 04/03/2025
JV.2025.03.00104,4-Mar-2025,4-Mar-2025,La Piazza,Penjualan cafe,"9,478,180.00",Penjualan cafe tanggal 04/03/2025
JV.2025.03.00109,4-Mar-2025,5-Mar-2025,La Piazza,Uang masuk,"9,235,710.00",Uang masuk penjualan cafe tanggal 04/03/2025
JV.2025.03.00302,5-Mar-2025,5-Mar-2025,MKG,Penjualan cafe,"623,700.00",Penjualan cafe strada MKG tanggal 05/03/2025
JV.2025.03.00313,5-Mar-2025,6-Mar-2025,MKG,Uang masuk,"623,700.00",Uang masuk penjualan cafe strada MKG tanggal 05/03/2025
JV.2025.03.00106,5-Mar-2025,5-Mar-2025,La Piazza,Penjualan cafe,"14,428,040.00",Penjualan cafe tanggal 05/03/2025
JV.2025.03.00111,5-Mar-2025,6-Mar-2025,La Piazza,Uang masuk,"14,026,390.00",Uang masuk penjualan cafe tanggal 05/03/2025
JV.2025.03.00304,6-Mar-2025,6-Mar-2025,MKG,Penjualan cafe,"1,055,670.00",Penjualan cafe strada MKG tanggal 06/03/2025
JV.2025.03.00314,6-Mar-2025,7-Mar-2025,MKG,Uang masuk,"1,055,670.00",Uang masuk penjualan cafe strada MKG tanggal 06/03/2025
JV.2025.03.00107,6-Mar-2025,6-Mar-2025,La Piazza,Penjualan cafe,"8,308,280.00",Penjualan cafe tanggal 06/03/2025
JV.2025.03.00487,6-Mar-2025,7-Mar-2025,La Piazza,Uang masuk,"8,120,380.00",Uang masuk penjualan cafe tanggal 06/03/2025
JV.2025.03.00305,7-Mar-2025,7-Mar-2025,MKG,Penjualan cafe,"1,247,417.00",Penjualan cafe strada MKG tanggal 07/03/2025
JV.2025.03.00315,7-Mar-2025,8-Mar-2025,MKG,Uang masuk,"1,240,067.00",Uang masuk penjualan cafe strada MKG tanggal 07/03/2025
JV.2025.03.00490,7-Mar-2025,7-Mar-2025,La Piazza,Penjualan cafe,"16,155,195.00",Penjualan cafe tanggal 07/03/2025
JV.2025.03.00488,7-Mar-2025,8-Mar-2025,La Piazza,Uang masuk,"15,793,820.00",Uang masuk penjualan cafe tanggal 07/03/2025
JV.2025.03.00306,8-Mar-2025,8-Mar-2025,MKG,Penjualan cafe,"2,050,125.00",Penjualan cafe strada MKG tanggal 08/03/2025
JV.2025.03.00316,8-Mar-2025,9-Mar-2025,MKG,Uang masuk,"2,050,125.00",Uang masuk penjualan cafe strada MKG tanggal 08/03/2025
JV.2025.03.00295,8-Mar-2025,8-Mar-2025,La Piazza,Penjualan cafe,"25,180,768.00",Penjualan cafe tanggal 08/03/2025
JV.2025.03.00290,8-Mar-2025,9-Mar-2025,La Piazza,Uang masuk,"24,985,373.00",Uang masuk penjualan cafe tanggal 08/03/2025
JV.2025.03.00307,9-Mar-2025,9-Mar-2025,MKG,Penjualan cafe,"1,562,715.00",Penjualan cafe strada MKG tanggal 09/03/2025
JV.2025.03.00317,9-Mar-2025,10-Mar-2025,MKG,Uang masuk,"1,562,715.00",Uang masuk penjualan cafe strada MKG tanggal 09/03/2025
JV.2025.03.00296,9-Mar-2025,9-Mar-2025,La Piazza,Penjualan cafe,"18,385,015.00",Penjualan cafe tanggal 09/03/2025
JV.2025.03.00291,9-Mar-2025,10-Mar-2025,La Piazza,Uang masuk,"17,990,300.00",Uang masuk penjualan cafe tanggal 09/03/2025
JV.2025.03.00801,9-Mar-2025,12-Mar-2025,La Piazza,Uang masuk,"199,815.00",Uang masuk setoran cash penjualan cafe tanggal 09/03/2025
JV.2025.03.00308,10-Mar-2025,10-Mar-2025,MKG,Penjualan cafe,"363,825.00",Penjualan cafe strada MKG tanggal 10/03/2025
JV.2025.03.00318,10-Mar-2025,11-Mar-2025,MKG,Uang masuk,"363,825.00",Uang masuk penjualan cafe strada MKG tanggal 10/03/2025
JV.2025.03.00297,10-Mar-2025,10-Mar-2025,La Piazza,Penjualan cafe,"12,485,700.00",Penjualan cafe tanggal 10/03/2025
JV.2025.03.00292,10-Mar-2025,11-Mar-2025,La Piazza,Uang masuk,"12,149,550.00",Uang masuk penjualan cafe tanggal 10/03/2025
JV.2025.03.00309,11-Mar-2025,11-Mar-2025,MKG,Penjualan cafe,"906,675.00",Penjualan cafe strada MKG tanggal 11/03/2025
JV.2025.03.00319,11-Mar-2025,12-Mar-2025,MKG,Uang masuk,"906,675.00",Uang masuk penjualan cafe strada MKG tanggal 11/03/2025
JV.2025.03.00299,11-Mar-2025,11-Mar-2025,La Piazza,Penjualan cafe,"14,838,635.00",Penjualan cafe tanggal 11/03/2025
JV.2025.03.00293,11-Mar-2025,12-Mar-2025,La Piazza,Uang masuk,"14,254,880.00",Uang masuk penjualan cafe tanggal 11/03/2025
JV.2025.03.00310,12-Mar-2025,12-Mar-2025,MKG,Penjualan cafe,"1,010,110.00",Penjualan cafe strada MKG tanggal 12/03/2025
JV.2025.03.00320,12-Mar-2025,13-Mar-2025,MKG,Uang masuk,"1,010,110.00",Uang masuk penjualan cafe strada MKG tanggal 12/03/2025
JV.2025.03.00491,12-Mar-2025,12-Mar-2025,La Piazza,Penjualan cafe,"10,882,665.00",Penjualan cafe tanggal 12/03/2025
JV.2025.03.00489,12-Mar-2025,13-Mar-2025,La Piazza,Uang masuk,"11,264,065.00",Uang masuk penjualan cafe tanggal 12/03/2025
JV.2025.03.00381,13-Mar-2025,13-Mar-2025,MKG,Penjualan cafe,"820,720.00",Penjualan cafe strada MKG tanggal 13/03/2025
JV.2025.03.00382,13-Mar-2025,14-Mar-2025,MKG,Uang masuk,"820,720.00",Uang masuk penjualan cafe strada MKG tanggal 13/03/2025
JV.2025.03.00376,13-Mar-2025,13-Mar-2025,La Piazza,Penjualan cafe,"14,136,465.00",Penjualan cafe tanggal 13/03/2025
JV.2025.03.00378,13-Mar-2025,14-Mar-2025,La Piazza,Uang masuk,"13,649,220.00",Uang masuk penjualan cafe tanggal 13/03/2025
JV.2025.03.00380,14-Mar-2025,14-Mar-2025,MKG,Penjualan cafe,"687,962.00",Penjualan cafe strada MKG tanggal 14/03/2025
JV.2025.03.00383,14-Mar-2025,15-Mar-2025,MKG,Uang masuk,"685,262.00",Uang masuk penjualan cafe strada MKG tanggal 14/03/2025
JV.2025.03.00377,14-Mar-2025,14-Mar-2025,La Piazza,Penjualan cafe,"22,891,950.00",Penjualan cafe tanggal 14/03/2025
JV.2025.03.00379,14-Mar-2025,15-Mar-2025,La Piazza,Uang masuk,"22,734,800.00",Uang masuk penjualan cafe tanggal 14/03/2025
JV.2025.03.00426,15-Mar-2025,15-Mar-2025,MKG,Penjualan cafe,"2,763,725.00",Penjualan cafe strada MKG tanggal 15/03/2025
JV.2025.03.00482,15-Mar-2025,16-Mar-2025,MKG,Uang masuk,"2,763,725.00",Uang masuk penjualan cafe strada MKG tanggal 15/03/2025
JV.2025.03.00431,15-Mar-2025,15-Mar-2025,La Piazza,Penjualan cafe,"27,117,130.00",Penjualan cafe tanggal 15/03/2025
JV.2025.03.00459,15-Mar-2025,16-Mar-2025,La Piazza,Uang masuk,"26,812,190.00",Uang masuk penjualan cafe tanggal 15/03/2025
JV.2025.03.00427,16-Mar-2025,16-Mar-2025,MKG,Penjualan cafe,"2,893,394.00",Penjualan cafe strada MKG tanggal 16/03/2025
JV.2025.03.00481,16-Mar-2025,17-Mar-2025,MKG,Uang masuk,"2,886,194.00",Uang masuk penjualan cafe strada MKG tanggal 16/03/2025
JV.2025.03.00428,16-Mar-2025,16-Mar-2025,La Piazza,Penjualan cafe,"20,998,055.00",Penjualan cafe tanggal 16/03/2025
JV.2025.03.00460,16-Mar-2025,17-Mar-2025,La Piazza,Uang masuk,"20,572,755.00",Uang masuk penjualan cafe tanggal 16/03/2025
JV.2025.03.00479,17-Mar-2025,17-Mar-2025,MKG,Penjualan cafe,"312,095.00",Penjualan cafe strada MKG tanggal 17/03/2025
JV.2025.03.00480,17-Mar-2025,18-Mar-2025,MKG,Uang masuk,"312,095.00",Uang masuk penjualan cafe strada MKG tanggal 17/03/2025
JV.2025.03.00461,17-Mar-2025,17-Mar-2025,La Piazza,Penjualan cafe,"13,077,150.00",Penjualan cafe tanggal 17/03/2025
JV.2025.03.00462,17-Mar-2025,18-Mar-2025,La Piazza,Uang masuk,"12,960,600.00",Uang masuk penjualan cafe tanggal 17/03/2025
JV.2025.03.00484,18-Mar-2025,18-Mar-2025,MKG,Penjualan cafe,"671,055.00",Penjualan cafe strada MKG tanggal 18/03/2025
JV.2025.03.00519,18-Mar-2025,19-Mar-2025,MKG,Uang masuk,"671,055.00",Uang masuk penjualan cafe strada MKG tanggal 18/03/2025
JV.2025.03.00483,18-Mar-2025,18-Mar-2025,La Piazza,Penjualan cafe,"15,506,245.00",Penjualan cafe tanggal 18/03/2025
JV.2025.03.00797,18-Mar-2025,19-Mar-2025,La Piazza,Uang masuk,"15,157,245.00",Uang masuk penjualan cafe tanggal 18/03/2025
JV.2025.03.00508,19-Mar-2025,19-Mar-2025,MKG,Penjualan cafe,"731,360.00",Penjualan cafe strada MKG tanggal 19/03/2025
JV.2025.03.00520,19-Mar-2025,20-Mar-2025,MKG,Uang masuk,"731,360.00",Uang masuk penjualan cafe strada MKG tanggal 19/03/2025
JV.2025.03.00507,19-Mar-2025,19-Mar-2025,La Piazza,Penjualan cafe,"12,350,350.00",Penjualan cafe tanggal 19/03/2025
JV.2025.03.00522,19-Mar-2025,20-Mar-2025,La Piazza,Uang masuk,"11,774,275.00",Uang masuk penjualan cafe tanggal 19/03/2025
JV.2025.03.00556,20-Mar-2025,20-Mar-2025,MKG,Penjualan cafe,"2,031,015.00",Penjualan cafe strada MKG tanggal 20/03/2025
JV.2025.03.00553,20-Mar-2025,21-Mar-2025,MKG,Uang masuk,"2,031,015.00",Uang masuk penjualan cafe strada MKG tanggal 20/03/2025
JV.2025.03.00552,20-Mar-2025,20-Mar-2025,La Piazza,Penjualan cafe,"16,828,670.00",Penjualan cafe tanggal 20/03/2025
JV.2025.03.00554,20-Mar-2025,21-Mar-2025,La Piazza,Uang masuk,"16,053,145.00",Uang masuk penjualan cafe tanggal 20/03/2025
JV.2025.03.00632,21-Mar-2025,21-Mar-2025,MKG,Penjualan cafe,"1,136,144.00",Penjualan cafe strada MKG tanggal 21/03/2025
JV.2025.03.00638,21-Mar-2025,22-Mar-2025,MKG,Uang masuk,"1,131,944.00",Uang masuk penjualan cafe strada MKG tanggal 21/03/2025
JV.2025.03.00618,21-Mar-2025,21-Mar-2025,La Piazza,Penjualan cafe,"17,451,910.00",Penjualan cafe tanggal 21/03/2025
JV.2025.03.00634,21-Mar-2025,22-Mar-2025,La Piazza,Uang masuk,"17,277,160.00",Uang masuk penjualan cafe tanggal 21/03/2025
JV.2025.03.00622,22-Mar-2025,22-Mar-2025,MKG,Penjualan cafe,"2,933,706.00",Penjualan cafe strada MKG tanggal 22/03/2025
JV.2025.03.00639,22-Mar-2025,23-Mar-2025,MKG,Uang masuk,"2,926,356.00",Uang masuk penjualan cfae strada MKG tanggal 22/03/2025
JV.2025.03.00619,22-Mar-2025,22-Mar-2025,La Piazza,Penjualan cafe,"27,980,405.00",Penjualan cafe tanggal 22/03/2025
JV.2025.03.00635,22-Mar-2025,23-Mar-2025,La Piazza,Uang masuk,"27,112,410.00",Uang masuk penjualan cafe tanggal 22/03/2025
JV.2025.03.00623,23-Mar-2025,23-Mar-2025,MKG,Penjualan cafe,"2,413,500.00",Penjualan cafe strada MKG tnaggal 23/03/2025
JV.2025.03.00640,23-Mar-2025,24-Mar-2025,MKG,Uang masuk,"2,413,500.00",Uang masuk penjualan cafe strada MKG tanggal 23/03/2025
JV.2025.03.00620,23-Mar-2025,23-Mar-2025,La Piazza,Penjualan cafe,"30,044,250.00",Penjualan cafe tanggal 23/03/2025
JV.2025.03.00636,23-Mar-2025,24-Mar-2025,La Piazza,Uang masuk,"28,156,080.00",Uang masuk penjualan cafe tanggal 23/03/2025
JV.2025.03.00624,24-Mar-2025,24-Mar-2025,MKG,Penjualan cafe,"778,470.00",Penjualan cafe strada MKG tanggal 24/03/2025
JV.2025.03.00641,24-Mar-2025,25-Mar-2025,MKG,Uang masuk,"778,470.00",Uang masuk penjualan cafe strada MKG tanggal 24/03/2025
JV.2025.03.00621,24-Mar-2025,24-Mar-2025,La Piazza,Penjualan cafe,"15,104,050.00",Penjualan cafe tanggal 24/03/2025
JV.2025.03.00798,24-Mar-2025,25-Mar-2025,La Piazza,Uang masuk,"15,014,650.00",Uang masuk penjualan cafe tanggal
JV.2025.03.00630,25-Mar-2025,25-Mar-2025,MKG,Penjualan cafe,"1,435,575.00",Penjualan cafe strada MKG tanggal 25/03/2025
JV.2025.03.00792,25-Mar-2025,25-Mar-2025,MKG,Uang masuk,"1,608,337.00",Uang masuk penjualan cafe strada MKG tanggal 25/03/2025
JV.2025.03.00629,25-Mar-2025,25-Mar-2025,La Piazza,Penjualan cafe,"23,365,725.00",Penjualan cafe tanggal 25/03/2025
JV.2025.03.00637,25-Mar-2025,26-Mar-2025,La Piazza,Uang masuk,"22,927,715.00",Uang masuk penjualan cafe tanggal 25/03/2025
JV.2025.03.00669,26-Mar-2025,26-Mar-2025,MKG,Penjualan cafe,"1,416,835.00",Penjualan cafe strada MKG tanggal 26/03/2025
JV.2025.03.00806,26-Mar-2025,27-Mar-2025,MKG,Uang masuk,"1,379,174.00",Uang masuk penjualan cafe strada MKG tanggal 26/03/2025
JV.2025.03.00668,26-Mar-2025,26-Mar-2025,La Piazza,Penjualan cafe,"17,856,490.00",Penjualan cafe tanggal 26/03/2025
JV.2025.03.00775,26-Mar-2025,27-Mar-2025,La Piazza,Uang masuk,"16,483,110.00",Uang masuk penjualan cafe tanggal 26/03/2025
JV.2025.03.00673,27-Mar-2025,27-Mar-2025,La Piazza,Penjualan cafe,"15,681,375.00",Penjualan cafe tanggal 27/03/2025
JV.2025.03.00776,27-Mar-2025,28-Mar-2025,La Piazza,Uang masuk,"15,023,800.00",Uang masuk penjualan cafe tanggal 27/03/2025
JV.2025.03.00841,28-Mar-2025,31-Mar-2025,La Piazza,Setoran cash,"101,640.00",Setoran cash penjualan cafe tgl 28 mar lapiaza
JV.2025.03.00682,28-Mar-2025,28-Mar-2025,MKG,Penjualan cafe,"23,665,905.00",Penjualan cafe strada MKG tanggal 28/03/204
JV.2025.03.00778,28-Mar-2025,29-Mar-2025,La Piazza,Uang masuk,"23,204,090.00",Uang masuk penjualan cafe tanggal 28/03/2025
JV.2025.03.00816,29-Mar-2025,29-Mar-2025,MKG,Penjualan cafe,"3,355,185.00",Penjualan cafe strada MKG tanggal 29/03/2025
JV.2025.03.00808,29-Mar-2025,30-Mar-2025,MKG,Uang masuk,"3,355,185.00",Uang masuk penjualan cafe strada MKG tanggal 29/03/2025
JV.2025.03.00683,29-Mar-2025,29-Mar-2025,La Piazza,Penjualan cafe,"28,393,850.00",Penjualan cafe tanggal 29/03/2025
JV.2025.03.00779,29-Mar-2025,30-Mar-2025,La Piazza,Uang masuk,"27,935,050.00",Uang masuk penjualan cafe tanggal 29/03/2025
JV.2025.03.00842,30-Mar-2025,31-Mar-2025,La Piazza,Setoran cash,"429,660.00",Setoran cash penjualan cafe tgl 30 Mar Lapiaza
JV.2025.03.00817,30-Mar-2025,30-Mar-2025,MKG,Penjualan cafe,"2,563,645.00",Penjualan cafe strada MKG tanggal 30/03/2025
JV.2025.03.00809,30-Mar-2025,31-Mar-2025,MKG,Uang masuk,"2,537,093.00",Uang masuk penjualan cafe strada MKG tanggal 30/03/2025
JV.2025.03.00684,30-Mar-2025,30-Mar-2025,La Piazza,Penjualan cafe,"23,888,695.00",Penjualan cafe tanggal 30/03/2025
JV.2025.03.00780,30-Mar-2025,31-Mar-2025,La Piazza,Uang masuk,"23,362,735.00",Uang masuk penjualan cafe tanggal 30/03/2025
JV.2025.04.00889,31-Mar-2025,3-Apr-2025,La Piazza,Setoran cash,"196,350.00",Setoran cash penjualan cafe tgl 31 Mar Lapiazza
JV.2025.04.00239,31-Mar-2025,31-Mar-2025,MKG,Penjualan cafe,"1,360,590.00",Penjualan cafe strada MKG tanggal 31/03/2025
JV.2025.04.00144,31-Mar-2025,1-Apr-2025,MKG,Uang masuk,"1,360,590.00",Uang masuk penjualan cafe strada MKG tanggal 31/03/2025
JV.2025.03.00685,31-Mar-2025,31-Mar-2025,La Piazza,Penjualan cafe,"32,428,625.00",Penjualan cafe tanggal 31/03/2025
JV.2025.04.00031,31-Mar-2025,1-Apr-2025,La Piazza,Uang masuk,"31,840,775.00",Uang masuk penjualan cafe tanggal 31/03/2025
JV.2025.04.00890,1-Apr-2025,3-Apr-2025,La Piazza,Setoran cash,"136,290.00",Setoran cash penjualan cafe tgl 01 Apr Lapiazza
JV.2025.04.00240,1-Apr-2025,1-Apr-2025,MKG,Penjualan cafe,"2,483,445.00",Penjualan cafe strada MKG tanggal 01/04/2025
JV.2025.04.00145,1-Apr-2025,2-Apr-2025,MKG,Uang masuk,"2,478,794.00",Uang masuk penjualan cafe strada MKG
JV.2025.04.00006,1-Apr-2025,1-Apr-2025,La Piazza,Penjualan cafe,"25,539,470.00",Penjualan cafe tanggal 01/04/2025
JV.2025.04.00032,1-Apr-2025,2-Apr-2025,La Piazza,Uang masuk,"25,298,280.00",Uang masuk penjualan cafe tanggal 01/04/2025
JV.2025.04.00891,2-Apr-2025,3-Apr-2025,La Piazza,Setoran cash,"382,455.00",Setoran cash penjualan cafe tgl 02 Apr Lapiazza
JV.2025.04.00241,2-Apr-2025,2-Apr-2025,MKG,Penjualan cafe,"1,912,230.00",Penjualan cafe strada MKG tanggal 02/04/2025
JV.2025.04.00146,2-Apr-2025,3-Apr-2025,MKG,Uang masuk,"1,912,230.00",Uang masuk penjualan cafe strada MKG tanggal 02/04/2025
JV.2025.04.00038,2-Apr-2025,2-Apr-2025,La Piazza,Penjualan cafe,"27,648,595.00",Penjualan cafe tanggal 02/04/2025
JV.2025.04.00137,2-Apr-2025,3-Apr-2025,La Piazza,Uang masuk,"26,953,290.00",Uang masuk penjualan cafe tanggal 02/04/2025
JV.2025.04.00138,2-Apr-2025,4-Apr-2025,La Piazza,Uang masuk,"24,420,435.00",Uang masuk penjualan cafe tanggal 02/04/2025
JV.2025.04.00242,3-Apr-2025,3-Apr-2025,MKG,Penjualan cafe,"1,732,326.00",Penjualan cafe strada MKG tanggal 03/04/2025
JV.2025.04.00147,3-Apr-2025,4-Apr-2025,MKG,Uang masuk,"1,725,875.00",Uang masuk penjualan cafe strada MKG tanggal 03/04/2025
JV.2025.04.00040,3-Apr-2025,3-Apr-2025,La Piazza,Penjualan cafe,"24,685,260.00",Penjualan cafe tanggal 03/04/2025
JV.2025.05.00147,3-Apr-2025,4-May-2025,La Piazza,Uang masuk,"33,859,230.00",Uang masuk penjualan tanggal 03/04/2025
JV.2025.04.00243,4-Apr-2025,4-Apr-2025,MKG,Penjualan cafe,"1,097,815.00",Penjualan cafe strada MKG tanggal 04/04/2025
JV.2025.04.00148,4-Apr-2025,5-Apr-2025,MKG,Uang masuk,"1,097,815.00",Uang masuk penjualan cafe strada MKG tanggal 04/04/2025
JV.2025.04.00066,4-Apr-2025,4-Apr-2025,La Piazza,Penjualan cafe,"28,375,640.00",Penjualan cafe tanggal 04/04/2025
JV.2025.04.00139,4-Apr-2025,5-Apr-2025,La Piazza,Uang masuk,"27,951,770.00",Uang masuk penjualan cafe tanggal 04/04/2025
JV.2025.04.00244,5-Apr-2025,5-Apr-2025,MKG,Penjualan cafe,"1,886,390.00",Penjualan cafe strada MKG tanggal 05/04/2025
JV.2025.04.00149,5-Apr-2025,6-Apr-2025,MKG,Uang masuk,"1,886,390.00",Uang masuk penjualan cafe strada MKG tanggal 05/04/2025
JV.2025.04.00134,5-Apr-2025,5-Apr-2025,La Piazza,Penjualan cafe,"31,881,375.00",Penjualan cafe tanggal 05/04/2025
JV.2025.04.00140,5-Apr-2025,6-Apr-2025,La Piazza,Uang masuk,"31,640,725.00",Uang masuk penjualan cafe tanggal 05/04/2025
JV.2025.04.00150,6-Apr-2025,7-Apr-2025,MKG,Uang masuk,"2,645,465.00",Uang masuk penjualan cafe strada MKG tanggal 06/04/2025
JV.2025.04.00135,6-Apr-2025,6-Apr-2025,La Piazza,Penjualan cafe,"19,296,945.00",Penjualan cafe tanggal 06/04/2025
JV.2025.04.00141,6-Apr-2025,7-Apr-2025,La Piazza,Uang masuk,"19,105,420.00",Uang masuk penjualan cafe tanggal 06/04/2025
JV.2025.04.00246,7-Apr-2025,7-Apr-2025,MKG,Penjualan cafe,"1,421,075.00",Penjualan cafe strada MKG tanggal 07/04/2025
JV.2025.04.00151,7-Apr-2025,8-Apr-2025,MKG,Uang masuk,"1,416,424.00",Uang masuk penjualan cafe strada MKG tanggal 07/04/2025
JV.2025.04.00136,7-Apr-2025,7-Apr-2025,La Piazza,Penjualan cafe,"19,302,920.00",Penjualan cafe tanggal 07/04/2025
JV.2025.04.00142,7-Apr-2025,8-Apr-2025,La Piazza,Uang masuk,"19,144,920.00",Uang masuk penjualan cafe tanggal 07/04/2025
JV.2025.04.00247,8-Apr-2025,8-Apr-2025,MKG,Penjualan cafe,"737,165.00",Penjualan cafe strada MKG tanggal 08/04/2025
JV.2025.04.00235,8-Apr-2025,9-Apr-2025,MKG,Uang masuk,"737,165.00",Uang masuk penjualan cafe strada MKG tanggal 08/04/2025
JV.2025.04.00186,8-Apr-2025,8-Apr-2025,La Piazza,Penjualan cafe,"11,354,975.00",Penjualan cafe tanggal 08/04/2025
JV.2025.04.00896,8-Apr-2025,9-Apr-2025,La Piazza,Uang masuk,"10,832,275.00",Uang masuk penjualan cafe tanggal 08/04/2025
JV.2025.04.00248,9-Apr-2025,9-Apr-2025,MKG,Penjualan cafe,"1,203,855.00",Penjualan cafe strada MKG tanggal 09/04/2025
JV.2025.04.00236,9-Apr-2025,10-Apr-2025,MKG,Uang masuk,"1,199,204.00",Uang masuk penjualan cafe strada MKG tanggal 09/04/2025
JV.2025.04.00187,9-Apr-2025,9-Apr-2025,La Piazza,Penjualan cafe,"14,158,445.00",Penjualan cafe tanggal 09/04/2025
JV.2025.04.00897,9-Apr-2025,10-Apr-2025,La Piazza,Uang masuk,"13,588,145.00",Uang masuk penjualan cafe tanggal 09/04/2025
JV.2025.04.00249,10-Apr-2025,10-Apr-2025,MKG,Penjualan cafe,"781,704.00",Penjualan cafe strada MKG tanggal 10/04/2025
JV.2025.04.00237,10-Apr-2025,11-Apr-2025,MKG,Uang masuk,"781,704.00",Uang masuk penjualan cafe strada MKG tanggal 10/04/2025
JV.2025.04.00231,10-Apr-2025,10-Apr-2025,La Piazza,Penjualan cafe,"12,154,085.00",Penjualan cafe tanggal 10/04/2025
JV.2025.04.00234,10-Apr-2025,11-Apr-2025,La Piazza,Uang masuk,"11,711,385.00",Uang masuk penjualan cafe tanggal 10/04/2025
JV.2025.04.00250,11-Apr-2025,11-Apr-2025,MKG,Penjualan cafe,"741,390.00",Penjualan cafe strada MKG tanggal 11/04/2025
JV.2025.04.00238,11-Apr-2025,12-Apr-2025,MKG,Uang masuk,"741,390.00",Uang masuk penjualan cafe strada MKG tanggal 11/04/2025
JV.2025.04.00232,11-Apr-2025,11-Apr-2025,La Piazza,Penjualan cafe,"14,219,325.00",Penjualan cafe tanggal 11/04/2025
JV.2025.04.00233,11-Apr-2025,12-Apr-2025,La Piazza,Uang masuk,"13,790,525.00",Uang masuk penjualan cafe tanggal 11/04/2025
JV.2025.04.00351,12-Apr-2025,12-Apr-2025,MKG,Penjualan cafe,"2,417,390.00",Penjualan cafe strada MKG tanggal 12/04/2025
JV.2025.04.00358,12-Apr-2025,13-Apr-2025,MKG,Uang masuk,"1,850,010.00",Uang masuk penjualan cafe strada MKG tanggal 12/04/2025
JV.2025.04.00348,12-Apr-2025,12-Apr-2025,La Piazza,Penjualan cafe,"42,222,995.00",Penjualan cafe tanggal 12/04/2025
JV.2025.04.00467,12-Apr-2025,13-Apr-2025,La Piazza,Uang masuk,"40,310,200.00",Uang masuk penjualan cafe tanggal 12/04/2025
JV.2025.04.00466,12-Apr-2025,13-Apr-2025,La Piazza,Uang masuk,"1,597,365.00",Uang masuk penjualan cash lapiz 12 apr 25
JV.2025.04.00352,13-Apr-2025,13-Apr-2025,MKG,Penjualan cafe,"3,224,065.00",Penjualan cafe strada MKG tanggal 13/04/2025
JV.2025.04.00357,13-Apr-2025,14-Apr-2025,MKG,Uang masuk,"3,791,445.00",Uang masuk penjualan cafe strada MKG tanggal 13/04/2025
JV.2025.04.00349,13-Apr-2025,13-Apr-2025,La Piazza,Penjualan cafe,"20,009,635.00",Penjualan cafe tanggal 13/04/2025
JV.2025.04.00465,13-Apr-2025,14-Apr-2025,La Piazza,Uang masuk,"19,047,260.00",Uang masuk penjualan cafe tanggal 13/04/2025
JV.2025.04.00814,13-Apr-2025,29-Apr-2025,La Piazza,Uang masuk,"173,250.00",Uang masuk penjualan cash tanggal 13/04/2025
JV.2025.04.00353,14-Apr-2025,14-Apr-2025,MKG,Penjualan cafe,"597,290.00",Penjualan cafe strada MKG tanggal 14/04/2025
JV.2025.04.00356,14-Apr-2025,15-Apr-2025,MKG,Uang masuk,"597,290.00",Uang masuk penjualan cafe strada MKG tanggal 14/04/2025
JV.2025.04.00350,14-Apr-2025,14-Apr-2025,La Piazza,Penjualan cafe,"14,533,860.00",Penjualan cafe tanggal 14/04/2025
JV.2025.04.00464,14-Apr-2025,15-Apr-2025,La Piazza,Uang masuk,"14,421,350.00",Uang masuk penjualan cafe tanggal 14/04/2025
JV.2025.04.00354,15-Apr-2025,15-Apr-2025,MKG,Penjualan cafe,"922,845.00",Penjualan cafe strada MKG tanggal 15/04/2025
JV.2025.04.00355,15-Apr-2025,16-Apr-2025,MKG,Uang masuk,"922,845.00",Uang masuk penjualan cafe strada MKG tanggal 15/04/2025
JV.2025.04.00374,15-Apr-2025,15-Apr-2025,La Piazza,Penjualan cafe,"10,464,465.00",Penjualan cafe tanggal 15/04/2025
JV.2025.04.00463,15-Apr-2025,16-Apr-2025,La Piazza,Uang masuk,"10,215,165.00",Uang masuk penjualan cafe tanggal 15/04/2025
JV.2025.04.00380,16-Apr-2025,16-Apr-2025,MKG,Penjualan cafe,"1,096,095.00",Penjualan cafe strada MKG tanggal 16/04/2025
JV.2025.04.00455,16-Apr-2025,17-Apr-2025,MKG,Uang masuk,"1,096,095.00",Uang masuk penjualan cafe strada MKG tanggal 16/04/2025
JV.2025.04.00379,16-Apr-2025,16-Apr-2025,La Piazza,Penjualan cafe,"15,836,880.00",Penjualan cafe tanggal 16/04/2025
JV.2025.04.00462,16-Apr-2025,17-Apr-2025,La Piazza,Uang masuk,"15,482,925.00",Uang masuk penjualan cafe tanggal 16/04/2025
JV.2025.04.00813,16-Apr-2025,29-Apr-2025,La Piazza,Uang masuk,"157,080.00",Uang masuk penjualan cash tanggal 16/04/2025
JV.2025.04.00449,17-Apr-2025,17-Apr-2025,MKG,Penjualan cafe,"1,152,420.00",Penjualan cafe strada MKG tanggal 17/04/2025
JV.2025.04.00454,17-Apr-2025,18-Apr-2025,MKG,Uang masuk,"1,152,420.00",Uang masuk penjualan cafe strada MKG tanggal 17/04/2025
JV.2025.04.00436,17-Apr-2025,17-Apr-2025,La Piazza,Penjualan cafe,"12,564,920.00",Penjualan cafe tanggal 17/04/2025
JV.2025.04.00461,17-Apr-2025,18-Apr-2025,La Piazza,Uang masuk,"12,214,085.00",Uang masuk penjualan cafe tanggal 17/04/2025
JV.2025.04.00815,17-Apr-2025,29-Apr-2025,La Piazza,Uang masuk,"181,335.00",Uang masuk penjualan cash tanggal 17/04/2025
JV.2025.04.00448,18-Apr-2025,18-Apr-2025,MKG,Penjualan cafe,"2,519,240.00",Penjualan cafe strada MKG tanggal 18/04/2025
JV.2025.04.00453,18-Apr-2025,19-Apr-2025,MKG,Uang masuk,"2,519,240.00",Uang masuk penjualan cafe strada MKG tanggal 18/04/2025
JV.2025.04.00459,18-Apr-2025,19-Apr-2025,La Piazza,Uang masuk,"166,410.00",Uang masuk penjualan cash strada
JV.2025.04.00437,18-Apr-2025,18-Apr-2025,La Piazza,Penjualan cafe,"32,106,040.00",Penjualan cafe tanggal 18/04/2025
JV.2025.04.00460,18-Apr-2025,19-Apr-2025,La Piazza,Uang masuk,"31,861,530.00",Uang masuk penjualan cafe tanggal 18/04/2025
JV.2025.04.00447,19-Apr-2025,19-Apr-2025,MKG,Penjualan cafe,"1,704,060.00",Penjualan cafe strada MKG tanggal 19/04/2025
JV.2025.04.00452,19-Apr-2025,20-Apr-2025,MKG,Uang masuk,"1,699,409.00",Uang masuk penjualan cafe strada MKG tanggal 19/04/2025
JV.2025.04.00442,19-Apr-2025,19-Apr-2025,La Piazza,Penjualan cafe,"29,423,335.00",Penjualan cafe tanggal 19/04/2025
JV.2025.04.00458,19-Apr-2025,20-Apr-2025,La Piazza,Uang masuk,"28,553,570.00",Uang masuk penjualan cafe tanggal 19/04/2025
JV.2025.04.00446,20-Apr-2025,20-Apr-2025,MKG,Penjualan cafe,"4,128,985.00",Penjualan cafe strada MKG tanggal 20/04/2025
JV.2025.04.00451,20-Apr-2025,21-Apr-2025,MKG,Uang masuk,"4,128,985.00",Uang masuk penjualan cafe strada MKG tanggal 20/04/2025
JV.2025.04.00444,20-Apr-2025,20-Apr-2025,La Piazza,Penjualan cafe,"31,170,875.00",Penjualan cafe tanggal 20/04/2025
JV.2025.04.00457,20-Apr-2025,21-Apr-2025,La Piazza,Uang masuk,"31,020,425.00",Uang masuk penjualan cafe tanggal 20/04/2025
JV.2025.04.00445,21-Apr-2025,21-Apr-2025,MKG,Penjualan cafe,"485,255.00",Penjualan cafe strada MKG tanggal 21/04/2025
JV.2025.04.00450,21-Apr-2025,22-Apr-2025,MKG,Uang masuk,"485,255.00",Uang masuk penjualan cafe strada MKG tanggal 21/04/2025
JV.2025.04.00443,21-Apr-2025,21-Apr-2025,La Piazza,Penjualan cafe,"12,761,960.00",Penjualan cafe tanggal 21/04/2025
JV.2025.04.00456,21-Apr-2025,22-Apr-2025,La Piazza,Uang masuk,"12,558,260.00",Uang masuk penjualan cafe tanggal 21/04/2025
JV.2025.04.00859,22-Apr-2025,22-Apr-2025,MKG,Penjualan cafe,"593,460.00",Penjualan cafe strada MKG tanggal 22/04/2025
JV.2025.04.00838,22-Apr-2025,23-Apr-2025,MKG,Uang masuk,"593,460.00",Uang masuk penjualan cafe strada MKG tanggal 22/04/2025
JV.2025.04.00733,22-Apr-2025,22-Apr-2025,La Piazza,Penjualan cafe,"10,307,825.00",Penjualan cafe tanggal 22/04/2025
JV.2025.04.00734,22-Apr-2025,23-Apr-2025,La Piazza,Uang masuk,"10,226,225.00",Uang masuk penjualan cafe tanggal 22/04/2025
JV.2025.04.00860,23-Apr-2025,23-Apr-2025,MKG,Penjualan cafe,"660,845.00",Penjualan cafe strada MKG tanggal 23/04/2025
JV.2025.04.00839,23-Apr-2025,24-Apr-2025,MKG,Uang masuk,"660,845.00",Uang masuk penjualan cafe strada MKG tanggal 23/04/2025
JV.2025.03.00828,23-Apr-2025,27-Mar-2025,La Piazza,Setoran cash,"300,300.00",Setoran cash penjualan cafe tanggal 23/04/2025
JV.2025.04.00735,23-Apr-2025,23-Apr-2025,La Piazza,Penjualan cafe,"11,293,210.00",Penjualan cafe tanggal 23/04/2025
JV.2025.04.00736,23-Apr-2025,24-Apr-2025,La Piazza,Uang masuk,"11,171,260.00",Uang masuk penjualan cafe tanggal 23/04/2025
JV.2025.04.00861,24-Apr-2025,24-Apr-2025,MKG,Penjualan cafe,"878,745.00",Penjualan cafe strada MKG tanggal 24/04/2025
JV.2025.04.00840,24-Apr-2025,25-Apr-2025,MKG,Uang masuk,"878,745.00",Uang masuk penjualan cafe strada MKG tanggal 24/04/2025
JV.2025.04.00737,24-Apr-2025,24-Apr-2025,La Piazza,Penjualan cafe,"14,735,065.00",Penjualan cafe tanggal 24/04/2025
JV.2025.04.00738,24-Apr-2025,25-Apr-2025,La Piazza,Uang masuk,"14,271,185.00",Uang masuk penjualan cafe tanggal
JV.2025.04.00812,24-Apr-2025,29-Apr-2025,La Piazza,Uang masuk,"87,780.00",Uang masuk penjualan cash tanggal 24/04/2025
JV.2025.04.00862,25-Apr-2025,25-Apr-2025,MKG,Penjualan cafe,"1,174,389.00",Penjualan cafe strada MKG tanggal 25/04/2025
JV.2025.04.00841,25-Apr-2025,26-Apr-2025,MKG,Uang masuk,"1,157,889.00",Uang masuk penjualan cafe strada MKG tanggal 25/04/2025
JV.2025.04.00739,25-Apr-2025,25-Apr-2025,La Piazza,Penjualan cafe,"17,266,815.00",Penjualan cafe tanggal 25/04/2025
JV.2025.04.00745,25-Apr-2025,26-Apr-2025,La Piazza,Uang masuk,"16,905,590.00",Uang masuk penjualan cafe tanggal 25/04/2025
JV.2025.04.00863,26-Apr-2025,26-Apr-2025,MKG,Penjualan cafe,"3,069,785.00",Penjualan cafe strada MKG tanggal 26/04/2025
JV.2025.04.00842,26-Apr-2025,27-Apr-2025,MKG,Uang masuk,"3,069,785.00",Uang masuk penjualan cafe strada MKG tanggal 26/04/2025
JV.2025.04.00762,26-Apr-2025,26-Apr-2025,La Piazza,Penjualan cafe,"22,339,320.00",Penjualan cafe tanggal 26/04/2025
JV.2025.04.00763,26-Apr-2025,27-Apr-2025,La Piazza,Uang masuk,"22,016,415.00",Uang masuk penjualan cafe tanggal 26/04/2025
JV.2025.03.00807,27-Apr-2025,28-Mar-2025,MKG,Uang masuk,"945,460.00",Uang masuk penjualan cafe strada MKG tanggal 27/04/2025
JV.2025.04.00864,27-Apr-2025,27-Apr-2025,MKG,Penjualan cafe,"3,923,990.00",Penjualan cafe strada MKG tanggal 27/04/2025
JV.2025.04.00856,27-Apr-2025,28-Apr-2025,MKG,Uang masuk,"3,923,990.00",Uang masuk penjualan cafe strada MKG tanggal 27/04/2025
JV.2025.04.00764,27-Apr-2025,27-Apr-2025,La Piazza,Penjualan cafe,"22,310,785.00",Penjualan cafe tanggal 27/04/2025
JV.2025.04.00765,27-Apr-2025,28-Apr-2025,La Piazza,Uang masuk,"21,920,385.00",Uang masuk penjualan cafe tanggal 27/04/2025
JV.2025.04.00143,28-Apr-2025,29-Mar-2025,MKG,Uang masuk,"1,652,320.00",Uang masuk penjualan cafe strada MKG tanggal 28/04/2025
JV.2025.04.00865,28-Apr-2025,28-Apr-2025,MKG,Penjualan cafe,"979,440.00",Penjualan cafe strada MKG tanggal 28/04/2025
JV.2025.04.00857,28-Apr-2025,29-Apr-2025,MKG,Uang masuk,"979,440.00",Uang masuk penjualan cafe strada MKG tanggal 28/04/2025
JV.2025.04.00834,28-Apr-2025,28-Apr-2025,La Piazza,Penjualan cafe,"12,486,785.00",Penjualan cafe tanggal 28/04/2025
JV.2025.04.00810,28-Apr-2025,29-Apr-2025,La Piazza,Uang masuk,"11,499,295.00",Uang masuk penjualan cafe tanggal 28/04/2025
JV.2025.04.00866,29-Apr-2025,29-Apr-2025,MKG,Penjualan cafe,"1,103,180.00",Penjualan cafe strada MKG tanggal 29/04/2025
JV.2025.04.00858,29-Apr-2025,30-Apr-2025,MKG,Uang masuk,"1,103,180.00",Uang masuk penjualan cafe strada MKG tanggal 29/04/2025
JV.2025.04.00835,29-Apr-2025,29-Apr-2025,La Piazza,Penjualan cafe,"13,052,170.00",Penjualan cafe tanggal 29/04/2025
JV.2025.04.00811,29-Apr-2025,30-Apr-2025,La Piazza,Uang masuk,"12,658,270.00",Uang masuk penjualan cafe tanggal 29/04/2025
JV.2025.04.00867,30-Apr-2025,30-Apr-2025,MKG,Penjualan cafe,"921,525.00",Penjualan cafe strada MKG tanggal 30/04/2025
JV.2025.05.00160,30-Apr-2025,1-May-2025,MKG,Uang masuk,"921,525.00",Uang masuk penjualan cafe strada MKG tanggal 30/04/2025
JV.2025.04.00836,30-Apr-2025,30-Apr-2025,La Piazza,Penjualan cafe,"20,508,560.00",Penjualan cafe tanggal 30/04/2025
JV.2025.05.00144,30-Apr-2025,1-May-2025,La Piazza,Uang masuk,"20,259,160.00",Uang masuk penjualan cafe tanggal 30/04/2025
JV.2025.05.00166,1-May-2025,1-May-2025,MKG,Penjualan cafe,"2,620,520.00",Penjualan cafe strada MKG tanggal 01/05/2025
JV.2025.05.00161,1-May-2025,2-May-2025,MKG,Uang masuk,"2,620,520.00",Uang masuk penjualan cafe strada MKG tanggal 01/05/2025
JV.2025.05.00150,1-May-2025,1-May-2025,La Piazza,Penjualan cafe,"40,477,490.00",Penjualan cafe tanggal 01/05.2025
JV.2025.05.00145,1-May-2025,2-May-2025,La Piazza,Uang masuk,"39,108,395.00",Uang masuk penjualan cafe 01/05/2025
JV.2025.05.00167,2-May-2025,2-May-2025,MKG,Penjualan cafe,"1,506,065.00",Penjualan cafe strada MKG tanggal 02/05/2025
JV.2025.05.00162,2-May-2025,3-May-2025,MKG,Uang masuk,"1,475,765.00",Uang masuk penjualan cafe strada MKG tanggal 02/05/2025
JV.2025.05.00151,2-May-2025,2-May-2025,La Piazza,Penjualan cafe,"25,096,620.00",Penjualan cafe tanggal 02/05/2025
JV.2025.05.00146,2-May-2025,3-May-2025,La Piazza,Uang masuk,"24,932,490.00",Uang masuk penjualan cafe tanggal 02/05/2025
JV.2025.05.00168,3-May-2025,3-May-2025,MKG,Penjualan cafe,"1,616,120.00",Penjualan cafe strada MKG tanggal 03/05/2025
JV.2025.05.00163,3-May-2025,4-May-2025,MKG,Uang masuk,"1,616,120.00",Uang masuk penjualan cafe strada MKG tanggal 03/05/2025
JV.2025.05.00152,3-May-2025,3-May-2025,La Piazza,Penjualan cafe,"34,271,130.00",Penjualan cafe tanggal 03/05/2025
JV.2025.05.00169,4-May-2025,4-May-2025,MKG,Penjualan cafe,"2,262,865.00",Penjualan cafe strada MKG tanggal 04/05/2025
JV.2025.05.00164,4-May-2025,5-May-2025,MKG,Uang masuk,"2,262,865.00",Uang masuk penjualan cafe strada MKG tanggal 04/05/2025
JV.2025.05.00153,4-May-2025,4-May-2025,La Piazza,Penjualan cafe,"31,355,705.00",Penjualan cafe tanggal 04/05/2025
JV.2025.05.00148,4-May-2025,5-May-2025,La Piazza,Uang masuk,"31,081,850.00",Uang masuk penjualan cafe tanggal 04/05/2025
JV.2025.05.00170,5-May-2025,5-May-2025,MKG,Penjualan cafe,"651,420.00",Penjualan cafe strada MKG tanggal 05/05/2025
JV.2025.05.00165,5-May-2025,6-May-2025,MKG,Uang masuk,"651,420.00",Uang masuk penjualan cafe strada MKG tanggal 05/05/2025
JV.2025.05.00154,5-May-2025,5-May-2025,La Piazza,Penjualan cafe,"10,685,510.00",Penjualan cafe tanggal 05/05/2025
JV.2025.05.00149,5-May-2025,6-May-2025,La Piazza,Uang masuk,"10,603,160.00",Uang masuk penjualan cafe tanggal 05/05/2025
JV.2025.05.00972,6-May-2025,7-May-2025,La Piazza,Uang Masuk,"18,639,130.00",Uang Masuk Penjualan La Piazza 6 Mei 2025
JV.2025.05.00326,6-May-2025,6-May-2025,MKG,Penjualan cafe,"788,990.00",Penjualan cafe strada MKG tanggal 06/05/2025
JV.2025.05.00334,6-May-2025,7-May-2025,MKG,Uang masuk,"788,990.00",Uang masuk penjualan cafe strada MKG tanggal 06/05/2025
JV.2025.05.00155,6-May-2025,6-May-2025,La Piazza,Penjualan cafe,"19,335,080.00",Penjualan cafe tanggal 06/05/2025
JV.2025.05.00327,7-May-2025,7-May-2025,MKG,Penjualan cafe,"1,146,586.00",Penjualan cafe strada MKG tanggal 07/05/2025
JV.2025.05.00335,7-May-2025,8-May-2025,MKG,Uang masuk,"1,136,686.00",Uang masuk penjualan cafe strada MKG tanggal 07/05/2025
JV.2025.05.00251,7-May-2025,7-May-2025,La Piazza,Penjualan cafe,"24,333,430.00",Penjualan cafe tanggal 07/05/2025
JV.2025.05.00255,7-May-2025,8-May-2025,La Piazza,Uang masuk,"24,093,880.00",Uang masuk penjualan cafe tanggal 07/05/2025
JV.2025.05.00328,8-May-2025,8-May-2025,MKG,Penjualan cafe,"1,175,885.00",Penjualan cafe strada MKG tanggal 08/05/2025
JV.2025.05.00336,8-May-2025,9-May-2025,MKG,Uang masuk,"1,175,885.00",Uang masuk penjualan cafe strada MKG tanggal 08/05/2025
JV.2025.05.00254,8-May-2025,8-May-2025,La Piazza,Penjualan cafe,"14,499,350.00",Penjualan cafe tanggal 08/05/2025
JV.2025.05.00256,8-May-2025,9-May-2025,La Piazza,Uang masuk,"14,199,300.00",Uang masuk penjualan cafe tanggal 08/05/2025
JV.2025.05.00329,9-May-2025,9-May-2025,MKG,Penjualan cafe,"1,334,866.00",Penjualan cafe strada MKG tanggal 09/05/2025
JV.2025.05.00337,9-May-2025,10-May-2025,MKG,Uang masuk,"1,322,866.00",Uang masuk penjualan cafe strada MKG tanggal 09/05/2025
JV.2025.05.00315,9-May-2025,9-May-2025,La Piazza,Penjualan cafe,"19,028,240.00",Penjualan cafe tanggal 09/05/2025
JV.2025.05.00320,9-May-2025,10-May-2025,La Piazza,Uang masuk,"18,747,440.00",Uang masuk penjualan cafe tanggal 09/05/2025
JV.2025.05.00330,10-May-2025,10-May-2025,MKG,Penjualan cafe,"2,404,545.00",Penjualan cafe strada MKG tanggal 10/05/2025
JV.2025.05.00338,10-May-2025,11-May-2025,MKG,Uang masuk,"2,404,545.00",Uang masuk penjualan cafe strada MKG tanggal 10/05/2025
JV.2025.05.00316,10-May-2025,10-May-2025,La Piazza,Penjualan cafe,"28,394,050.00",Penjualan cafe tanggal10/05/2025
JV.2025.05.00321,10-May-2025,11-May-2025,La Piazza,Uang masuk,"28,164,050.00",Uang masuk penjualan cafe tanggal 10/05/2025
JV.2025.05.00331,11-May-2025,11-May-2025,MKG,Penjualan cafe,"3,634,650.00",Penjualan cafe strada MKG tanggal 11/05/2025
JV.2025.05.00339,11-May-2025,12-May-2025,MKG,Uang masuk,"3,634,650.00",Uang masuk penjualan cafe strada MKG tanggal 11/05/2025
JV.2025.05.00317,11-May-2025,11-May-2025,La Piazza,Penjualan cafe,"36,988,820.00",Penjualan cafe tanggal 11/05/2025
JV.2025.05.00322,11-May-2025,12-May-2025,La Piazza,Uang masuk,"34,278,810.00",Uang masuk penjualan cafe tanggal 11/05/2025
JV.2025.05.00332,12-May-2025,12-May-2025,MKG,Penjualan cafe,"1,642,410.00",Penjualan cafe strada MKG tanggal 12/05/2025
JV.2025.05.00340,12-May-2025,13-May-2025,MKG,Uang masuk,"1,642,410.00",Uang masuk penjualan cafe strada MKG tanggal 12/05/2025
JV.2025.05.00318,12-May-2025,12-May-2025,La Piazza,Penjualan cafe,"31,478,025.00",Penjualan cafe tanggal 12/05/2025
JV.2025.05.00323,12-May-2025,13-May-2025,La Piazza,Uang masuk,"30,157,320.00",Uang masuk penjualan cafe tanggal 12/05/2025
JV.2025.05.00333,13-May-2025,13-May-2025,MKG,Penjualan cafe,"631,785.00",Penjualan cafe strada MKG tanggal 13/05/2025
JV.2025.05.00341,13-May-2025,14-May-2025,MKG,Uang masuk,"631,785.00",Uang masuk penjualan cafe strada MKG tanggal 13/05/2025
JV.2025.05.00319,13-May-2025,13-May-2025,La Piazza,Penjualan cafe,"21,878,370.00",Penjualan cafe tanggal 13/05/2025
JV.2025.05.00324,13-May-2025,13-May-2025,La Piazza,Uang masuk,"21,657,095.00",Uang masuk penjualan cafe tanggal 13/05/2025
JV.2025.05.00392,14-May-2025,14-May-2025,MKG,Penjualan cafe,"224,070.00",Penjualan cafe strada MKG tanggal 14/05/2025
JV.2025.05.00442,14-May-2025,15-May-2025,MKG,Uang masuk,"224,070.00",Uang masuk penjualan cafe strada MKG tanggal 14/05/2025
JV.2025.05.00391,14-May-2025,14-May-2025,La Piazza,Penjualan cafe,"11,991,835.00",Penjualan cafe tanggal 14/05/2025
JV.2025.05.00445,14-May-2025,15-May-2025,La Piazza,Uang masuk,"11,758,275.00",Uang masuk penjualan cafe tanggal
JV.2025.05.00440,15-May-2025,15-May-2025,MKG,Penjualan cafe,"490,875.00",Penjualan cafe strada MKG tanggal 15/05/2025
JV.2025.05.00441,15-May-2025,16-May-2025,MKG,Uang masuk,"490,875.00",Uang masuk penjualan cafe strada MKG tanggal 15/05/2025
JV.2025.05.00443,15-May-2025,15-May-2025,La Piazza,Penjualan cafe,"6,417,180.00",Penjualan cafe tanggal 15/05/025
JV.2025.05.00444,15-May-2025,16-May-2025,La Piazza,Uang masuk,"6,182,160.00",Uang masuk penjualan cafe tanggal 15/05/2025
JV.2025.05.00564,16-May-2025,16-May-2025,MKG,Penjualan cafe,"394,480.00",Penjualan cafe strada MKG tanggal 16/05/2025
JV.2025.05.00563,16-May-2025,17-May-2025,MKG,Uang masuk,"394,480.00",Uang masuk penjualan cafe strada MKG tanggal 16/05/2025
JV.2025.05.00555,16-May-2025,16-May-2025,La Piazza,Penjualan cafe,"20,556,525.00",Penjualan cafe tanggal 16/05/2025
JV.2025.05.00559,16-May-2025,17-May-2025,La Piazza,Uang masuk,"19,856,535.00",Uang masuk penjualan cafe tanggal 16/05/2025
JV.2025.06.00785,16-May-2025,17-Jun-2025,La Piazza,Uang masuk,"14,911,325.00",Uang masuk penjualan cafe tanggal 16/05/2025
JV.2025.05.00565,17-May-2025,17-May-2025,MKG,Penjualan cafe,"2,047,755.00",Penjualan cafe strada MKG tanggal 17/05/2025
JV.2025.05.00566,17-May-2025,18-May-2025,MKG,Uang masuk,"2,047,755.00",Uang masuk penjualan cafe strada MKG tanggal 17/05/2025
JV.2025.05.00556,17-May-2025,17-May-2025,La Piazza,Penjualan cafe,"33,022,875.00",Penjualan cafe tanggal 17/05/2025
JV.2025.05.00560,17-May-2025,18-May-2025,La Piazza,Uang masuk,"32,645,335.00",Uang masuk penjualan cafe tanggal 17/05/2025
JV.2025.05.00567,18-May-2025,18-May-2025,MKG,Penjualan cafe,"2,150,720.00",Penjualan cafe strada MKG tanggal 18/05/2025
JV.2025.05.00568,18-May-2025,19-May-2025,MKG,Uang masuk,"2,150,720.00",Uang masuk penjualan cafe strada MKG tanggal 18/05/2025
JV.2025.05.00557,18-May-2025,18-May-2025,La Piazza,Penjualan cafe,"26,482,703.00",Penjualan cafe tanggal 18/05/2025
JV.2025.05.00561,18-May-2025,19-May-2025,La Piazza,Uang masuk,"25,976,393.00",Uang masuk penjualan cafe tanggal 18/05/2025
JV.2025.05.00570,19-May-2025,19-May-2025,MKG,Penjualan cafe,"492,248.00",Penjualan cafe strada MKG tanggal 19/05/2025
JV.2025.05.00569,19-May-2025,20-May-2025,MKG,Uang masuk,"478,748.00",Uang masuk penjualan cafe strada MKG tanggal 19/05/2025
JV.2025.05.00558,19-May-2025,19-May-2025,La Piazza,Penjualan cafe,"12,114,905.00",Penjualan cafe tanggal 19/05/2025
JV.2025.05.00562,19-May-2025,20-May-2025,La Piazza,Uang masuk,"11,897,900.00",Uang masuk penjualan cafe tanggal 19/05/2025
JV.2025.05.00636,20-May-2025,20-May-2025,MKG,Penjualan cafe,"918,685.00",Penjualan cafe strada MKG tanggal 20/05/2025
JV.2025.05.00639,20-May-2025,21-May-2025,MKG,Uang masuk,"918,685.00",Uang masuk penjualan cafe strada MKG tanggal 20/05/2025
JV.2025.05.00632,20-May-2025,20-May-2025,La Piazza,Penjualan cafe,"12,850,545.00",Penjualan cafe tanggal 20/05/2025
JV.2025.05.00633,20-May-2025,21-May-2025,La Piazza,Uang masuk,"12,708,925.00",Uang masuk penjualan cafe tanggal 20/05/2025
JV.2025.05.00637,21-May-2025,21-May-2025,MKG,Penjualan cafe,"706,860.00",Penjualan cafe strada MKG tanggal 21/05/2025
JV.2025.05.00640,21-May-2025,22-May-2025,MKG,Uang masuk,"706,860.00",Uang masuk penjualan cafe strada MKG tanggal 21/05/2025
JV.2025.05.00631,21-May-2025,21-May-2025,La Piazza,Penjualan cafe,"17,395,570.00",Penjualan cafe tanggal 21/05/2025
JV.2025.05.00634,21-May-2025,22-May-2025,La Piazza,Uang masuk,"16,529,515.00",Uang masuk penjualan cafe tanggal 21/05/2025
JV.2025.05.00638,22-May-2025,22-May-2025,MKG,Penjualan cafe,"591,635.00",Penjualan cafe strada MKG tanggal 22/05/2025
JV.2025.05.00641,22-May-2025,23-May-2025,MKG,Uang masuk,"591,635.00",Uang masuk penjualan cafe strada MKG tanggal 22/05/2025
JV.2025.05.00630,22-May-2025,22-May-2025,La Piazza,Penjualan cafe,"13,198,415.00",Penjualan cafe tanggal 22/05/2025
JV.2025.05.00635,22-May-2025,23-May-2025,La Piazza,Uang masuk,"13,136,915.00",Uang masuk penjualan cafe tanggal 22/05/2025
JV.2025.05.00973,23-May-2025,23-May-2025,MKG,Penjualan cafe,"567,775.00",Penjualan cafe strada MKG tanggal 23/05/2025
JV.2025.05.00956,23-May-2025,24-May-2025,MKG,Uang masuk,"567,775.00",Uang masuk penjualan cafe strada MKG tanggal 23/05/2025
JV.2025.05.00797,23-May-2025,23-May-2025,La Piazza,Penjualan cafe,"15,560,375.00",Penjualan cafe tanggal 23/05/2025
JV.2025.05.00799,23-May-2025,24-May-2025,La Piazza,Uang masuk,"15,370,800.00",Uang masuk penjualan cafe tanggal 23/05/2025
JV.2025.05.00975,24-May-2025,24-May-2025,MKG,Penjualan cafe,"2,224,855.00",Penjualan cafe strada MKG tanggal 24/05/2025
JV.2025.05.00957,24-May-2025,25-May-2025,MKG,Uang masuk,"2,224,855.00",Uang masuk penjualan cafe strada MKG tanggal 24/05/2025
JV.2025.05.00796,24-May-2025,24-May-2025,La Piazza,Penjualan cafe,"43,181,696.00",Penjualan cafe tanggal 24/05/2025
JV.2025.05.00798,24-May-2025,25-May-2025,La Piazza,Uang masuk,"42,327,871.00",Uang masuk penjualan cafe tanggal 24/05/2025
JV.2025.05.00976,25-May-2025,25-May-2025,MKG,Penjualan cafe,"2,502,805.00",Penjualan cafe strada MKG tanggal 25/05/2025
JV.2025.05.00958,25-May-2025,26-May-2025,MKG,Uang masuk,"2,502,805.00",Uang masuk penjualan cafe strada MKG tanggal 25/05/2025
JV.2025.05.00795,25-May-2025,25-May-2025,La Piazza,Penjualan cafe,"23,654,670.00",Penjualan cafe tanggal 25/05/2025
JV.2025.05.00800,25-May-2025,26-May-2025,La Piazza,Uang masuk,"23,319,125.00",Uang masuk penjualan cafe tanggal 25/05/2025
JV.2025.06.00377,26-May-2025,26-May-2025,MKG,Penjualan cafe,"704,365.00",Penjualan cafe strada MKG tanggal 26/05/2025
JV.2025.05.00959,26-May-2025,27-May-2025,MKG,Uang masuk,"704,365.00",Uang masuk penjualan cafe strada MKG tanggal 26/05/2025
JV.2025.05.00794,26-May-2025,26-May-2025,La Piazza,Penjualan cafe,"12,141,295.00",Penjualan cafe tanggal 26/05/2025
JV.2025.05.00801,26-May-2025,27-May-2025,La Piazza,Uang masuk,"12,014,800.00",Uang masuk penjualan cafe tanggal 26/05/2025
JV.2025.05.00977,27-May-2025,27-May-2025,MKG,Penjualan cafe,"1,841,055.00",Penjualan cafe strada MKG tanggal 27/05/2025
JV.2025.05.00960,27-May-2025,28-May-2025,MKG,Uang masuk,"1,841,055.00",Uang masuk penjualan cafe strada MKG tanggal 27/05/2025
JV.2025.05.00793,27-May-2025,27-May-2025,La Piazza,Penjualan cafe,"18,997,055.00",Penjualan cafe tanggal 27/05/2025
JV.2025.05.00802,27-May-2025,28-May-2025,La Piazza,Uang masuk,"17,894,050.00",Uang masuk penjualan cafe tanggal 27/05/2025
JV.2025.05.00978,28-May-2025,28-May-2025,MKG,Penjualan cafe,"989,305.00",Penjualan cafe strada MKG tanggal 28/05/2025
JV.2025.05.00961,28-May-2025,29-May-2025,MKG,Uang masuk,"989,305.00",Uang masuk penjualan cafe strada MKG tanggal 28/05/2025
JV.2025.05.00937,28-May-2025,28-May-2025,La Piazza,Penjualan cafe,"15,473,095.00",Penjualan cafe tanggal 28/05/2025
JV.2025.05.00944,28-May-2025,29-May-2025,La Piazza,Uang masuk,"15,362,020.00",Uang masuk penjualan cafe tanggal 28/05/2025
JV.2025.05.00979,29-May-2025,29-May-2025,MKG,Penjualan cafe,"1,915,215.00",Penjualan cafe strada MKG tanggal 29/05/2025
JV.2025.05.00962,29-May-2025,30-May-2025,MKG,Uang masuk,"1,898,115.00",Uang masuk penjualan cafe strada MKG tanggal 29/05/2025
JV.2025.05.00938,29-May-2025,29-May-2025,La Piazza,Penjualan cafe,"33,307,460.00",Penjualan cafe tanggal 29/05/2025
JV.2025.05.00943,29-May-2025,30-May-2025,La Piazza,Uang masuk,"33,190,160.00",Uang masuk penjualan cafe tanggal 29/05/2025
JV.2025.05.00980,30-May-2025,30-May-2025,MKG,Penjualan cafe,"1,588,060.00",Penjualan cafe strada MKG tanggal 30/05/2025
JV.2025.05.00963,30-May-2025,31-May-2025,MKG,Uang masuk,"1,588,060.00",Uang masuk penjualan cafe strada MKG tanggal 30/05/2025
JV.2025.05.00939,30-May-2025,30-May-2025,La Piazza,Penjualan cafe,"20,618,335.00",Penjualan cafe tanggal 30/05/2025
JV.2025.05.00942,30-May-2025,31-May-2025,La Piazza,Uang masuk,"20,366,185.00",Uang masuk penjualan cafe tanggal 30/05/2025
JV.2025.05.00981,31-May-2025,31-May-2025,MKG,Penjualan cafe,"1,062,984.00",Penjualan cafe strada MKG tanggal 31/05/2025
JV.2025.06.00374,31-May-2025,1-Jun-2025,MKG,Uang masuk,"1,053,684.00",Uang masuk penjualan cafe strada MKG tanggal 31/05/2025
JV.2025.05.00940,31-May-2025,31-May-2025,La Piazza,Penjualan cafe,"38,145,340.00",Penjualan cafe tanggal 31/05/2025
JV.2025.06.00259,31-May-2025,1-Jun-2025,La Piazza,Uang masuk,"37,959,490.00",Uang masuk penjualan cafe tanggal 31/05/2025
JV.2025.06.00848,1-Jun-2025,13-Jun-2025,La Piazza,Setoran cash,"49,665.00",Setoran cash penjualan cafe lapiaza 1 Juni 2025
JV.2025.06.00623,1-Jun-2025,1-Jun-2025,MKG,Penjualan cafe,"1,877,080.00",Penjualan cafe strada MKG tanggal 01/06/2025
JV.2025.06.00697,1-Jun-2025,2-Jun-2025,MKG,Uang masuk,"1,877,080.00",Uang masuk penjualan cafe strada MKG tanggal 01/06/2025
JV.2025.06.00239,1-Jun-2025,1-Jun-2025,La Piazza,Penjualan cafe,"29,750,228.00",Penjualan cafe tanggal 01/06/2025
JV.2025.06.00258,1-Jun-2025,2-Jun-2025,La Piazza,Uang masuk,"29,443,538.00",Uang masuk penjualan cafe tanggal 01/06/2025
JV.2025.06.00849,2-Jun-2025,13-Jun-2025,La Piazza,Setoran cash,"266,805.00",Setoran cash penjualan cafe lapiaza 2 Juni 2025
JV.2025.06.00624,2-Jun-2025,2-Jun-2025,MKG,Penjualan cafe,"637,825.00",Penjualan cafe strada MKG tanggal 02/06/2025
JV.2025.06.00698,2-Jun-2025,3-Jun-2025,MKG,Uang masuk,"637,825.00",Uang masuk penjualan cafe strada MKG tanggal 02/06/2025
JV.2025.06.00240,2-Jun-2025,2-Jun-2025,La Piazza,Penjualan cafe,"12,508,145.00",Penjualan cafe tanggal 02/06/2025
JV.2025.06.00257,2-Jun-2025,3-Jun-2025,La Piazza,Uang masuk,"12,047,665.00",Uang masuk penjualan cafe tanggal 02/06/2025
JV.2025.06.00625,3-Jun-2025,3-Jun-2025,MKG,Penjualan cafe,"505,267.00",Penjualan cafe strada MKG tanggal 03/06/2025
JV.2025.06.00699,3-Jun-2025,4-Jun-2025,MKG,Uang masuk,"505,267.00",Uang masuk penjualan cafe strada MKG tanggal 03/06/2025
JV.2025.06.00241,3-Jun-2025,3-Jun-2025,La Piazza,Penjualan cafe,"18,932,840.00",Penjualan cafe tanggal 03/06/2025
JV.2025.06.00255,3-Jun-2025,4-Jun-2025,La Piazza,Uang masuk,"17,282,140.00",Uang masuk penjualan cafe tanggal 03/06/2025
JV.2025.06.00626,4-Jun-2025,4-Jun-2025,MKG,Penjualan cafe,"908,811.00",Penjualan cafe strada MKG tanggal 04/06/2025
JV.2025.06.00700,4-Jun-2025,5-Jun-2025,MKG,Uang masuk,"908,811.00",Uang masuk penjualan cafe strada MKG tanggal 04/06/2025
JV.2025.06.00242,4-Jun-2025,4-Jun-2025,La Piazza,Penjualan cafe,"14,883,675.00",Penjualan cafe tanggal 04/06/2025
JV.2025.06.00254,4-Jun-2025,5-Jun-2025,La Piazza,Uang masuk,"14,724,750.00",Uang masuk penjualan cafe tanggal 04/06/2025
JV.2025.06.00627,5-Jun-2025,5-Jun-2025,MKG,Penjualan cafe,"963,270.00",Penjualan cafe strada MKG tanggal 05/06/2025
JV.2025.06.00701,5-Jun-2025,6-Jun-2025,MKG,Uang masuk,"963,270.00",Uang masuk penjualan cafe strada MKG tanggal 05/06/2025
JV.2025.06.00243,5-Jun-2025,5-Jun-2025,La Piazza,Penjualan cafe,"26,681,605.00",Penjualan cafe tanggal 05/06/2025
JV.2025.06.00253,5-Jun-2025,6-Jun-2025,La Piazza,Uang masuk,"26,468,765.00",Uang masuk penjualan cafe tanggal 05/06/2025
JV.2025.06.00850,6-Jun-2025,13-Jun-2025,La Piazza,Setoran cash,"659,840.00",Setoran cash penjualan cafe lapiaza 6 Juni 2025
JV.2025.06.00628,6-Jun-2025,6-Jun-2025,MKG,Penjualan cafe,"2,464,158.00",Penjualan cafe strada MKG tanggal 06/06/2025
JV.2025.06.00838,6-Jun-2025,7-Jun-2025,MKG,Uang masuk,"2,464,158.00",Uang masuk penjualan cafe strada MKG tanggal 06/06/2025
JV.2025.06.00244,6-Jun-2025,6-Jun-2025,La Piazza,Penjualan cafe,"32,783,120.00",Penjualan cafe tanggal 06/06/2025
JV.2025.06.00252,6-Jun-2025,7-Jun-2025,La Piazza,Uang masuk,"31,305,690.00",Uang masuk penjualan cafe tanggal 06/06/2025
JV.2025.06.00851,7-Jun-2025,13-Jun-2025,La Piazza,Setoran cash,"87,780.00",Setoran cash penjualan cafe lapiaza 7 Juni 2025
JV.2025.06.00629,7-Jun-2025,7-Jun-2025,MKG,Penjualan cafe,"1,984,707.00",Penjualan cafe strada MKG tanggal 07/06/2025
JV.2025.06.00839,7-Jun-2025,8-Jun-2025,MKG,Uang masuk,"1,984,707.00",Uang masuk penjualan cafe strada MKG tanggal 07/06/2025
JV.2025.06.00245,7-Jun-2025,7-Jun-2025,La Piazza,Penjualan cafe,"28,154,721.00",Penjualan cafe tanggal 07/06/2025
JV.2025.06.00251,7-Jun-2025,8-Jun-2025,La Piazza,Uang masuk,"27,955,716.00",Uang masuk penjualan cafe tanggal 07/06/2025
JV.2025.06.00852,8-Jun-2025,13-Jun-2025,La Piazza,Setoran cash,"214,830.00",Setoran cash penjualan cafe lapiaza 8 Juni 2025
JV.2025.06.00630,8-Jun-2025,8-Jun-2025,MKG,Penjualan cafe,"2,298,891.00",Penjualan cafe strada MKG tanggal 08/06/2025
JV.2025.06.00840,8-Jun-2025,9-Jun-2025,MKG,Uang masuk,"2,298,891.00",Uang masuk penjualan cafe strada MKG tanggal 08/06/2025
JV.2025.06.00246,8-Jun-2025,8-Jun-2025,La Piazza,Penjualan cafe,"26,876,095.00",Penjualan cafe tanggal 08/06/2025
JV.2025.06.00248,8-Jun-2025,9-Jun-2025,La Piazza,Uang masuk,"26,010,870.00",Uang masuk penjualan cafe tanggal 08/06/2025
JV.2025.06.00677,9-Jun-2025,9-Jun-2025,MKG,Penjualan cafe,"1,251,756.00",Penjualan cafe strada MKG tanggal 09/06/2025
JV.2025.06.00621,9-Jun-2025,10-Jun-2025,MKG,Uang masuk,"1,251,756.00",Uang masuk penjualan cafe strada MKG tanggal 09/06/2025
JV.2025.06.00247,9-Jun-2025,9-Jun-2025,La Piazza,Penjualan cafe,"19,181,170.00",Penjualan cafe tanggal 09/06/2025
JV.2025.06.00495,9-Jun-2025,10-Jun-2025,La Piazza,Uang masuk,"18,923,070.00",Uang masuk penjualan cafe tanggal 09/06/2025
JV.2025.06.00799,10-Jun-2025,27-Jun-2025,La Piazza,Uang masuk,"49,665.00",Uang masuk penjualan cash la piazza tanggal 10.06.2025
JV.2025.06.00678,10-Jun-2025,10-Jun-2025,MKG,Penjualan cafe,"1,053,985.00",Penjualan cafe strada MKG tanggal 10/06/2025
JV.2025.06.00622,10-Jun-2025,11-Jun-2025,MKG,Uang masuk,"921,160.00",Uang masuk penjualan cafe strada MKG tanggal 10/06/2025
JV.2025.06.00496,10-Jun-2025,11-Jun-2025,La Piazza,Uang masuk,"18,058,895.00",Uang masuk penjualan cafe tanggal 10/06/2025
JV.2025.06.00679,11-Jun-2025,11-Jun-2025,MKG,Penjualan cafe,"614,705.00",Penjualan cafe strada MKG tanggal 11/06/2025
JV.2025.06.00806,11-Jun-2025,12-Jun-2025,MKG,Uang masuk,"614,705.00",Uang masuk penjualan cafe strada MKG tanggal 11/06/2025
JV.2025.06.00483,11-Jun-2025,11-Jun-2025,La Piazza,Penjualan cafe,"12,904,430.00",Penjualan cafe tanggal 11/06/2025
JV.2025.06.00497,11-Jun-2025,12-Jun-2025,La Piazza,Uang masuk,"12,751,610.00",Uang masuk penjualan cafe tanggal 11/06/2025
JV.2025.06.00484,12-Jun-2025,12-Jun-2025,La Piazza,Penjualan cafe,"16,520,520.00",Penjualan cafe tanggal 12/06/20025
JV.2025.06.00680,12-Jun-2025,12-Jun-2025,MKG,Penjualan cafe,"550,046.00",Penjualan cafe strada MKG tanggal 12/06/2025
JV.2025.06.00807,12-Jun-2025,13-Jun-2025,MKG,Uang masuk,"545,396.00",Uang masuk penjualan cafe strada MKG tanggal 12/06/2025
JV.2025.06.00498,12-Jun-2025,13-Jun-2025,La Piazza,Uang masuk,"16,216,575.00",Uang masuk penjualan cafe tanggal 12/06/2025
JV.2025.06.00681,13-Jun-2025,13-Jun-2025,MKG,Penjualan cafe,"641,940.00",Penjualan cafe strada MKG tanggal 13/06/2025
JV.2025.07.00045,13-Jun-2025,14-Jun-2025,MKG,Uang masuk,"641,940.00",Uang masuk penjualan cafe strada MKG tanggal 13/06/2025
JV.2025.06.00485,13-Jun-2025,13-Jun-2025,La Piazza,Penjualan cafe,"19,224,680.00",Penjualan cafe tanggal 13/06/2025
JV.2025.06.00499,13-Jun-2025,14-Jun-2025,La Piazza,Uang masuk,"18,814,710.00",Uang masuk penjualan cafe tanggal 13/06/2025
JV.2025.06.00800,14-Jun-2025,27-Jun-2025,La Piazza,Uang masuk,"49,665.00",Uang masuk penjualan cash la piazza tanggal 14.06.2025
JV.2025.06.00682,14-Jun-2025,14-Jun-2025,MKG,Penjualan cafe,"2,738,879.00",Penjualan cafe strada MKG tanggal 14/06/2025
JV.2025.06.00808,14-Jun-2025,15-Jun-2025,MKG,Uang masuk,"2,729,879.00",Uang masuk penjualan cafe strada MKG tanggal 14/06/2025
JV.2025.06.00486,14-Jun-2025,14-Jun-2025,La Piazza,Penjualan cafe,"30,774,345.00",Penjualan cafe tanggal 14/06/2025
JV.2025.06.00500,14-Jun-2025,15-Jun-2025,La Piazza,Uang masuk,"30,226,990.00",Uang masuk penjualan cafe tanggal 14/06/2025
JV.2025.06.00683,15-Jun-2025,15-Jun-2025,MKG,Penjualan cafe,"1,588,106.00",Penjualan cafe strada MKG tanggal 15/06/2025
JV.2025.06.00809,15-Jun-2025,16-Jun-2025,MKG,Uang masuk,"1,656,251.00",Uang masuk penjualan cafe strada MKG tanggal 15/06/2025
JV.2025.06.00487,15-Jun-2025,15-Jun-2025,La Piazza,Penjualan cafe,"25,869,975.00",Penjualan cafe tanggal 15/06/2025
JV.2025.06.00501,15-Jun-2025,16-Jun-2025,La Piazza,Uang masuk,"25,428,230.00",Uang masuk penjualan cafe tanggal
JV.2025.06.00684,16-Jun-2025,16-Jun-2025,MKG,Penjualan cafe,"881,740.00",Penjualan cafe strada MKG tanggal 16/06/2025
JV.2025.06.00810,16-Jun-2025,17-Jun-2025,MKG,Uang masuk,"875,290.00",Uang masuk penjualan cafe strada MKG tanggal 16/06/2025
JV.2025.06.00488,16-Jun-2025,16-Jun-2025,La Piazza,Penjualan cafe,"15,078,945.00",Penjualan cafe tanggal 16/06/2025
JV.2025.06.00685,17-Jun-2025,17-Jun-2025,MKG,Penjualan cafe,"475,626.00",Penjualan cafe strada MKG tanggal 17/06/2025
JV.2025.06.00811,17-Jun-2025,18-Jun-2025,MKG,Uang masuk,"484,866.00",Uang masuk penjualan cafe strada MKG tanggal 17/06/2025
JV.2025.06.00489,17-Jun-2025,17-Jun-2025,La Piazza,Penjualan cafe,"14,145,116.00",Penjualan cafe tanggal 17/06/2025
JV.2025.06.00786,17-Jun-2025,18-Jun-2025,La Piazza,Uang masuk,"13,750,116.00",Uang masuk penjualan cafe tanggal 17/06/2025
JV.2025.06.00686,18-Jun-2025,18-Jun-2025,MKG,Penjualan cafe,"1,011,250.00",Penjualan cafe strada MKG tanggal 18/06/2025
JV.2025.06.00812,18-Jun-2025,19-Jun-2025,MKG,Uang masuk,"1,011,250.00",Uang masuk penjualan cafe strada MKG tanggal 18/06/2025
JV.2025.06.00490,18-Jun-2025,18-Jun-2025,La Piazza,Penjualan cafe,"22,436,865.00",Penjualan cafe tanggal 18/06/2025
JV.2025.06.00787,18-Jun-2025,19-Jun-2025,La Piazza,Uang masuk,"22,238,765.00",Uang masuk penjualan cafe tanggal 18/06/2025
JV.2025.06.00687,19-Jun-2025,19-Jun-2025,MKG,Penjualan cafe,"658,350.00",Penjualan cafe strada MKG tanggal 1906/2025
JV.2025.06.00813,19-Jun-2025,20-Jun-2025,MKG,Uang masuk,"642,600.00",Uang masuk penjualan cafe strada MKG tanggal 19/06/2025
JV.2025.06.00491,19-Jun-2025,19-Jun-2025,La Piazza,Penjualan cafe,"16,150,785.00",Penjualan cafe tanggal 19/06/2025
JV.2025.06.00788,19-Jun-2025,20-Jun-2025,La Piazza,Uang masuk,"15,848,115.00",Uang masuk penjualan cafe tanggal 19/06/2025
JV.2025.06.00689,20-Jun-2025,20-Jun-2025,MKG,Penjualan cafe,"1,208,396.00",Penjualan cafe strada MKG tanggal 20/06/2025
JV.2025.06.00814,20-Jun-2025,21-Jun-2025,MKG,Uang masuk,"1,189,796.00",Uang masuk penjualan cafe strada MKG tanggal 20/06/2025
JV.2025.06.00492,20-Jun-2025,20-Jun-2025,La Piazza,Penjualan cafe,"18,113,905.00",Penjualan cafe tanggal 20/06/2025
JV.2025.06.00789,20-Jun-2025,21-Jun-2025,La Piazza,Uang masuk,"17,047,205.00",Uang masuk penjualan cafe tanggal 20/06/2025
JV.2025.07.00998,21-Jun-2025,7-Jul-2025,La Piazza,Setoran cash,"257,565.00",Setoran cash penjualan cafe La Piazza tanggal 21 Juni 2025
JV.2025.06.00690,21-Jun-2025,21-Jun-2025,MKG,Penjualan cafe,"2,102,081.00",Penjualan cafe strada MKG tanggal 21/06/2025
JV.2025.06.00815,21-Jun-2025,22-Jun-2025,MKG,Uang masuk,"2,074,931.00",Uang masuk penjualan cafe strada MKG tanggal 21/06/2025
JV.2025.06.00493,21-Jun-2025,21-Jun-2025,La Piazza,Penjualan cafe,"34,423,980.00",Penjualan cafe tanggal 21/06/2025
JV.2025.06.00791,21-Jun-2025,22-Jun-2025,La Piazza,Uang masuk,"34,005,990.00",Uang masuk penjualan cafe tanggal 21/06/2025
JV.2025.06.00691,22-Jun-2025,22-Jun-2025,MKG,Penjualan cafe,"1,261,792.00",Penjualan cafe strada MKG tanggal 22/06/2025
JV.2025.06.00816,22-Jun-2025,23-Jun-2025,MKG,Uang masuk,"1,221,792.00",Uang masuk penjualan cafe strada MKG tanggal 22/06/2025
JV.2025.06.00494,22-Jun-2025,22-Jun-2025,La Piazza,Penjualan cafe,"19,533,585.00",Penjualan cafe tanggal 22/06/2025
JV.2025.06.00792,22-Jun-2025,23-Jun-2025,La Piazza,Uang masuk,"19,169,635.00",Uang masuk penjualan cafe tanggal 22/06/2025
JV.2025.07.00999,23-Jun-2025,7-Jul-2025,La Piazza,Setoran cash,"635,000.00",Setoran cash penjualan cafe La Piazza tanggal 23 Juni 2025
JV.2025.06.00692,23-Jun-2025,23-Jun-2025,MKG,Penjualan cafe,"888,992.00",Penjualan cafe strada MKG tanggal 23/06/2025
JV.2025.06.00817,23-Jun-2025,24-Jun-2025,MKG,Uang masuk,"888,992.00",Uang masuk penjualan cafe strada MKG tanggal 23/06/2025
JV.2025.06.00777,23-Jun-2025,23-Jun-2025,La Piazza,Penjualan cafe,"13,788,765.00",Penjualan cafe tanggal 23/06/2025
JV.2025.06.00793,23-Jun-2025,24-Jun-2025,La Piazza,Uang masuk,"13,099,465.00",Uang masuk penjualan cafe tanggal 23/06/2025
JV.2025.06.00693,24-Jun-2025,24-Jun-2025,MKG,Penjualan cafe,"375,111.00",Penjualan cafe strada MKG tanggal 24/06/2025
JV.2025.06.00818,24-Jun-2025,25-Jun-2025,MKG,Uang masuk,"375,111.00",Uang masuk penjualan cafe strada MKG tanggal 24/06/2025
JV.2025.06.00778,24-Jun-2025,24-Jun-2025,La Piazza,Penjualan cafe,"11,625,955.00",Penjualan cafe tanggal 24/06/2025
JV.2025.06.00794,24-Jun-2025,25-Jun-2025,La Piazza,Uang masuk,"11,347,765.00",Uang masuk penjualan cafe tanggal 24/06/2025
JV.2025.07.01000,25-Jun-2025,7-Jul-2025,La Piazza,Setoran cash,"92,400.00",Setoran cash penjualan cafe La Piazza tanggal 25 Juni 2025
JV.2025.06.00694,25-Jun-2025,25-Jun-2025,MKG,Penjualan cafe,"689,720.00",Penjualan cafe strada MKG tanggal 25/06/2025
JV.2025.06.00819,25-Jun-2025,26-Jun-2025,MKG,Uang masuk,"689,720.00",Uang masuk penjualan cafe strada MKG tanggal 25/06/2025
JV.2025.06.00779,25-Jun-2025,25-Jun-2025,La Piazza,Penjualan cafe,"13,795,265.00",Penjualan cafe tanggal 25/06/2025
JV.2025.06.00795,25-Jun-2025,26-Jun-2025,La Piazza,Uang masuk,"13,422,005.00",Uang masuk penjualan cafe tanggal 25/06/2025
JV.2025.06.00695,26-Jun-2025,26-Jun-2025,MKG,Penjualan cafe,"1,008,590.00",Penjualan cafe strada MKG tanggal 26/06/2025
JV.2025.06.00820,26-Jun-2025,27-Jun-2025,MKG,Uang masuk,"1,008,590.00",Uang masuk penjualan cafe strada MKG tanggal 26/06/2025
JV.2025.06.00780,26-Jun-2025,26-Jun-2025,La Piazza,Penjualan cafe,"18,187,035.00",Penjualan cafe tanggal 26/06/2025
JV.2025.06.00797,26-Jun-2025,27-Jun-2025,La Piazza,Uang masuk,"18,018,945.00",Uang masuk penjualan cafe tanggal 26/06/2025
JV.2025.07.01001,27-Jun-2025,7-Jul-2025,La Piazza,Setoran cash,"279,995.00",Setoran cash penjualan cafe La Piazza tanggal 27 Juni 2025
JV.2025.06.00696,27-Jun-2025,27-Jun-2025,MKG,Penjualan cafe,"1,967,643.00",Penjualan cafe strada MKG tanggal 27/06/2025
JV.2025.06.00857,27-Jun-2025,27-Jun-2025,MKG,Uang masuk,"120,120.00",Uang masuk penjualan sales cash mkg 27.06.2025
JV.2025.06.00821,27-Jun-2025,28-Jun-2025,MKG,Uang masuk,"1,847,523.00",Uang masuk penjualan cafe strada MKG tanggal 27/06/2025
JV.2025.06.00781,27-Jun-2025,27-Jun-2025,La Piazza,Penjualan cafe,"31,072,030.00",Penjualan cafe tanggal 27/06/2025
JV.2025.06.00798,27-Jun-2025,28-Jun-2025,La Piazza,Uang masuk,"29,953,705.00",Uang masuk penjualan cafe tanggal 27/06/2025
JV.2025.06.00803,28-Jun-2025,28-Jun-2025,MKG,Penjualan cafe,"1,301,397.00",Penjualan cafe strada MKG tanggal 28/06/2025
JV.2025.06.00822,28-Jun-2025,29-Jun-2025,MKG,Uang masuk,"1,301,397.00",Uang masuk penjualan cafe strada MKG tanggal 28/06/2025
JV.2025.06.00782,28-Jun-2025,28-Jun-2025,La Piazza,Penjualan cafe,"26,208,990.00",Penjualan cafe tanggal 28/06/2025
JV.2025.06.00801,28-Jun-2025,29-Jun-2025,La Piazza,Uang masuk,"25,701,835.00",Uang masuk penjualan cafe tanggal 28/06/2025
JV.2025.07.01002,29-Jun-2025,7-Jul-2025,La Piazza,Setoran cash,"179,025.00",Setoran cash penjualan cafe La Piazza tanggal 29 Juni 2025
JV.2025.06.00804,29-Jun-2025,29-Jun-2025,MKG,Penjualan cafe,"2,015,172.00",Penjualan cafe strada MKG tanggal 29/06/2025
JV.2025.06.00823,29-Jun-2025,30-Jun-2025,MKG,Uang masuk,"1,993,122.00",Uang masuk penjualan cafe strada MKG tanggal 29/06/2025
JV.2025.06.00783,29-Jun-2025,29-Jun-2025,La Piazza,Penjualan cafe,"22,063,520.00",Penjualan cafe tanggal 29/06/2025
JV.2025.06.00802,29-Jun-2025,30-Jun-2025,La Piazza,Uang masuk,"21,684,795.00",Uang masuk penjualan cafe tanggal 29/06/2025
JV.2025.06.00805,30-Jun-2025,30-Jun-2025,MKG,Penjualan cafe,"572,060.00",Penjualan cafe strada MKG tanggal 30/06/2025
JV.2025.07.00046,30-Jun-2025,1-Jul-2025,MKG,Uang masuk,"572,060.00",Uang masuk penjualan cafe strada MKG tanggal 30/06/2025
JV.2025.06.00784,30-Jun-2025,30-Jun-2025,La Piazza,Penjualan cafe,"13,236,950.00",Penjualan cafe tanggal 30/06/2025
JV.2025.07.00041,30-Jun-2025,1-Jul-2025,La Piazza,Uang masuk,"12,986,105.00",Uang masuk penjualan cafe tanggal 30/06/2025
JV.2025.07.00184,1-Jul-2025,1-Jul-2025,MKG,Penjualan cafe,"726,495.00",Penjualan cafe strada MKG tanggal 01/07/2025
JV.2025.07.00193,1-Jul-2025,2-Jul-2025,MKG,Uang masuk,"726,495.00",Uang masuk penjualan cafe strada MKG tanggal 01/07/2025
JV.2025.07.00170,1-Jul-2025,1-Jul-2025,La Piazza,Penjualan cafe,"21,387,130.00",Penjualan cafe tanggal 01/07/2025
JV.2025.07.00177,1-Jul-2025,2-Jul-2025,La Piazza,Uang masuk,"21,238,835.00",Uang masuk penjualan cafe tanggal 01/07/2025
JV.2025.07.00185,2-Jul-2025,2-Jul-2025,MKG,Penjualan cafe,"911,295.00",Penjualan cafe strada MKG tanggal 02/07/2025
JV.2025.07.00194,2-Jul-2025,3-Jul-2025,MKG,Uang masuk,"911,295.00",Uang masuk penjualan cafe strada MKG tanggal 02/07/2025
JV.2025.07.00171,2-Jul-2025,2-Jul-2025,La Piazza,Penjualan cafe,"16,788,265.00",Penjualan cafe tanggal 02/07/2025
JV.2025.07.00178,2-Jul-2025,3-Jul-2025,La Piazza,Uang masuk,"16,612,285.00",Uang masuk penjualan cafe tanggal 02/07/2025
JV.2025.07.00186,3-Jul-2025,3-Jul-2025,MKG,Penjualan cafe,"901,450.00",Penjualan cafe strada MKG tanggal 03/07/2025
JV.2025.07.00195,3-Jul-2025,4-Jul-2025,MKG,Uang masuk,"890,650.00",Uang masuk penjualan cafe strada MKG tanggal 03/07/2025
JV.2025.07.00172,3-Jul-2025,3-Jul-2025,La Piazza,Penjualan cafe,"14,841,805.00",Penjualan cafe tanggal 03/07/2025
JV.2025.07.00026,3-Jul-2025,3-Jul-2025,La Piazza,Refund lebih,"99,330.00",Refund lebih pembayaran karena salah input item penjualan
JV.2025.07.00179,3-Jul-2025,4-Jul-2025,La Piazza,Uang masuk,"14,703,655.00",Uang masuk penjualan cafe tanggal 03/07/2025
JV.2025.07.01005,4-Jul-2025,7-Jul-2025,La Piazza,Setoran cash,"229,845.00",Setoran cash penjualan cafe La Piazza tanggal 04 Juli 2025
JV.2025.07.00187,4-Jul-2025,4-Jul-2025,MKG,Penjualan cafe,"1,151,300.00",Penjualan cafe strada MKG tanggal 04/07/2025
JV.2025.07.00196,4-Jul-2025,5-Jul-2025,MKG,Uang masuk,"1,151,300.00",Uang masuk penjualan cafe strada MKG tanggal 04/07/2025
JV.2025.07.00173,4-Jul-2025,4-Jul-2025,La Piazza,Penjualan cafe,"19,309,360.00",Penjualan cafe tanggal 04/07/2025
JV.2025.07.00180,4-Jul-2025,5-Jul-2025,La Piazza,Uang masuk,"18,888,310.00",Uang masuk penjualan cafe tanggal 04/07/2025
JV.2025.07.00188,5-Jul-2025,5-Jul-2025,MKG,Penjualan cafe,"1,352,270.00",Penjualan cafe strada MKG tanggal 05/07/2025
JV.2025.07.00197,5-Jul-2025,6-Jul-2025,MKG,Uang masuk,"1,352,270.00",Uang masuk penjualan cafe strada MKG tanggal 05/07/2025
JV.2025.07.00174,5-Jul-2025,5-Jul-2025,La Piazza,Penjualan cafe,"37,568,155.00",Penjualan cafe tanggal 05/07/2025
JV.2025.07.00181,5-Jul-2025,6-Jul-2025,La Piazza,Uang masuk,"36,493,750.00",Uang masuk penjualan cafe tanggal 05/07/2025
JV.2025.07.00189,6-Jul-2025,6-Jul-2025,MKG,Penjualan cafe,"1,882,320.00",Penjualan cafe strada MKG tanggal 06/07/2025
JV.2025.07.00192,6-Jul-2025,7-Jul-2025,MKG,Uang masuk,"1,882,320.00",Uang masuk penjualan cafe strada MKG tanggal 06/07/2025
JV.2025.07.00175,6-Jul-2025,6-Jul-2025,La Piazza,Penjualan cafe,"22,599,103.00",Penjualan cafe tanggal 06/07/2025
JV.2025.07.00182,6-Jul-2025,7-Jul-2025,La Piazza,Uang masuk,"22,523,728.00",Uang masuk penjualan cafe tanggal 06/07/2025
JV.2025.10.00269,6-Jul-2025,7-Oct-2025,La Piazza,Uang masuk,"10,457,215.00",Uang masuk penjualan cafe tanggal 06/07/2025
JV.2025.07.00190,7-Jul-2025,7-Jul-2025,MKG,Penjualan cafe,"293,370.00",Penjualan cafe strada MKG tanggal 07/07/2025
JV.2025.07.00191,7-Jul-2025,8-Jul-2025,MKG,Uang masuk,"293,370.00",Uang masuk penjualan cafe strada MKG tanggal 07/07/2025
JV.2025.07.00176,7-Jul-2025,7-Jul-2025,La Piazza,Penjualan cafe,"9,622,555.00",Penjualan cafe tanggal 07/07/2025
JV.2025.07.00183,7-Jul-2025,8-Jul-2025,La Piazza,Uang masuk,"9,556,855.00",Uang masuk penjualan cafe tanggal 07/07/2025
JV.2025.07.00378,8-Jul-2025,8-Jul-2025,MKG,Penjualan cafe,"959,715.00",Penjualan cafe strada MKG tanggal 08/07/2025
JV.2025.07.00379,8-Jul-2025,9-Jul-2025,MKG,Uang masuk,"959,715.00",Uang masuk penjualan cafe strada MKG tanggal 08/07/2025
JV.2025.07.00416,8-Jul-2025,8-Jul-2025,La Piazza,Penjualan cafe,"14,533,663.00",Penjualan cafe tanggal 08/07/2025
JV.2025.07.00631,8-Jul-2025,9-Jul-2025,La Piazza,Uang masuk,"12,934,428.00",Uang masuk penjualan cafe tanggal 08/07/2025
JV.2025.07.00377,9-Jul-2025,9-Jul-2025,MKG,Penjualan cafe,"967,055.00",Penjualan cafe strada MKG tanggal 09/07/2025
JV.2025.07.00380,9-Jul-2025,10-Jul-2025,MKG,Uang masuk,"967,055.00",Uang masuk penjualan cafe strada MKG tanggal 09/07/2025
JV.2025.07.00614,9-Jul-2025,9-Jul-2025,La Piazza,Penjualan cafe,"15,318,130.00",Penjualan cafe tanggal 09/07/2025
JV.2025.07.00632,9-Jul-2025,10-Jul-2025,La Piazza,Uang masuk,"14,606,460.00",Uang masuk penjualan cafe tanggal 09/07/2025
JV.2025.07.00376,10-Jul-2025,10-Jul-2025,MKG,Penjualan cafe,"522,060.00",Penjualan cafe strada MKG tanggal 10/07/2025
JV.2025.07.00381,10-Jul-2025,11-Jul-2025,MKG,Uang masuk,"522,060.00",Uang masuk penjualan cafe strada MKG tanggal 10/07/2025
JV.2025.07.00615,10-Jul-2025,10-Jul-2025,La Piazza,Penjualan cafe,"13,905,200.00",Penjualan cafe tanggal 10/07/2025
JV.2025.07.00633,10-Jul-2025,11-Jul-2025,La Piazza,Uang masuk,"13,402,960.00",Uang masuk penjualan cafe tanggal 10/07/2025
JV.2025.07.00375,11-Jul-2025,11-Jul-2025,MKG,Penjualan cafe,"986,971.00",Penjualan cafe strada MKG tanggal 11/07/2025
JV.2025.07.00382,11-Jul-2025,12-Jul-2025,MKG,Uang masuk,"986,971.00",Uang masuk penjualan cafe strada MKG tanggal 11/07/2025
JV.2025.07.00616,11-Jul-2025,11-Jul-2025,La Piazza,Penjualan cafe,"13,685,200.00",Penjualan cafe tanggal 11/07/2025
JV.2025.07.00634,11-Jul-2025,12-Jul-2025,La Piazza,Uang masuk,"13,456,500.00",Uang masuk penjualan cafe tanggal 11/07/2025
JV.2025.07.00374,12-Jul-2025,12-Jul-2025,MKG,Penjualan cafe,"2,582,505.00",Penjualan cafe strada MKG tanggal 12/07/2025
JV.2025.07.00383,12-Jul-2025,13-Jul-2025,MKG,Uang masuk,"2,582,505.00",Uang masuk penjualan cafe strada MKG tanggal 12/07/2025
JV.2025.07.00617,12-Jul-2025,12-Jul-2025,La Piazza,Penjualan cafe,"29,918,165.00",Penjualan cafe tanggal 12/07/2025
JV.2025.07.00635,12-Jul-2025,13-Jul-2025,La Piazza,Uang masuk,"29,733,265.00",Uang masuk penjualan cafe tanggal 12/07/2025
JV.2025.07.00373,13-Jul-2025,13-Jul-2025,MKG,Penjualan cafe,"1,852,917.00",Penjualan cafe strada MKG tanggal 13/07/2025
JV.2025.07.00384,13-Jul-2025,14-Jul-2025,MKG,Uang masuk,"1,852,917.00",Uang masuk penjualan cafe strada MKG tanggal 13/07/2025
JV.2025.07.00618,13-Jul-2025,13-Jul-2025,La Piazza,Penjualan cafe,"24,926,735.00",Penjualan cafe tanggal 13/07/2025
JV.2025.07.00636,13-Jul-2025,14-Jul-2025,La Piazza,Uang masuk,"24,376,685.00",Uang masuk penjualan cafe tanggal 13/07/2025
JV.2025.07.00372,14-Jul-2025,14-Jul-2025,MKG,Penjualan cafe,"494,660.00",Penjualan cafe strada MKG tanggal 14/07/2025
JV.2025.07.00598,14-Jul-2025,15-Jul-2025,MKG,Penjualan cafe,"878,386.00",Penjualan cafe strada MKG tanggal 14/07/2025
JV.2025.07.00385,14-Jul-2025,15-Jul-2025,MKG,Uang masuk,"494,660.00",Uang masuk penjualan cafe strada MKG tanggal 14/07/2025
JV.2025.07.00619,14-Jul-2025,14-Jul-2025,La Piazza,Penjualan cafe,"12,246,735.00",Penjualan cafe tanggal 14/07/2025
JV.2025.07.00637,14-Jul-2025,15-Jul-2025,La Piazza,Uang masuk,"12,183,760.00",Uang masuk penjualan cafe tanggal 14/07/2025
JV.2025.07.00609,15-Jul-2025,16-Jul-2025,MKG,Uang masuk,"878,386.00",Uang masuk penjualan cafe strada MKG tanggal 15/07/2025
JV.2025.07.00620,15-Jul-2025,15-Jul-2025,La Piazza,Penjualan cafe,"10,901,440.00",Penjualan cafe tanggal 15/07/2025
JV.2025.07.00638,15-Jul-2025,16-Jul-2025,La Piazza,Uang masuk,"10,659,330.00",Uang masuk penjualan cafe tanggal 15/07/2025
JV.2025.07.00599,16-Jul-2025,16-Jul-2025,MKG,Penjualan cafe,"1,598,781.00",Penjualan cafe strada MKG tanggal 16/07/2025
JV.2025.07.00610,16-Jul-2025,17-Jul-2025,MKG,Uang masuk,"1,596,081.00",Uang masuk penjualan cafe strada MKG tanggal 16/07/2025
JV.2025.07.00621,16-Jul-2025,16-Jul-2025,La Piazza,Penjualan cafe,"9,232,605.00",Penjualan cafe tanggal 16/07/2025
JV.2025.07.00639,16-Jul-2025,17-Jul-2025,La Piazza,Uang masuk,"9,048,205.00",Uang masuk penjualan cafe tanggal 16/07/2025
JV.2025.07.00600,17-Jul-2025,17-Jul-2025,MKG,Penjualan cafe,"613,975.00",Penjualan cafe strada MKG tanggal 17/07/2025
JV.2025.07.00611,17-Jul-2025,18-Jul-2025,MKG,Uang masuk,"613,975.00",Uang masuk penjualan cafe strada MKG tanggal 17/07/2025
JV.2025.07.00622,17-Jul-2025,17-Jul-2025,La Piazza,Penjualan cafe,"14,958,555.00",Penjualan cafe tanggal 17/07/2025
JV.2025.07.00640,17-Jul-2025,18-Jul-2025,La Piazza,Uang masuk,"14,585,190.00",Uang masuk penjualan cafe tanggal 17/07/2025
JV.2025.07.00601,18-Jul-2025,18-Jul-2025,MKG,Penjualan cafe,"1,459,920.00",Penjualan cafe strada MKG tanggal 18/07/2025
JV.2025.07.00612,18-Jul-2025,19-Jul-2025,MKG,Uang masuk,"1,454,520.00",Uang masuk penjualan cafe strada MKG tanggal 18/07/2025
JV.2025.07.00623,18-Jul-2025,18-Jul-2025,La Piazza,Penjualan cafe,"20,242,865.00",Penjualan cafe tanggal 18/070/2025
JV.2025.07.00641,18-Jul-2025,19-Jul-2025,La Piazza,Uang masuk,"19,265,875.00",Uang masuk penjualan cafe tanggal 18/07/2025
JV.2025.07.01012,19-Jul-2025,20-Jul-2025,La Piazza,Setoran cash,"35,805.00",Setoran cash penjualan cafe La Piazza tanggal 19 Juli 2025
JV.2025.07.00602,19-Jul-2025,19-Jul-2025,MKG,Penjualan cafe,"3,472,835.25",Penjualan cafe strada MKG tanggal 19/07/2025
JV.2025.07.00613,19-Jul-2025,20-Jul-2025,MKG,Uang masuk,"3,472,835.00",Uang masuk penjualan cafe strada MKG tanggal 19/07/2025
JV.2025.07.00624,19-Jul-2025,19-Jul-2025,La Piazza,Penjualan cafe,"32,076,285.00",Penjualan cafe tanggal 19/07/2025
JV.2025.07.00642,19-Jul-2025,20-Jul-2025,La Piazza,Uang masuk,"31,695,830.00",Uang masuk penjualan cafe tanggal 19/07/2025
JV.2025.07.00603,20-Jul-2025,20-Jul-2025,MKG,Penjualan cafe,"3,002,018.00",Penjualan cafe strada MKG tanggal 20/07/2025
JV.2025.07.00608,20-Jul-2025,21-Jul-2025,MKG,Uang masuk,"3,002,018.00",Uang masuk penjualan cafe strada MKG tanggal 20/07/2025
JV.2025.07.00625,20-Jul-2025,20-Jul-2025,La Piazza,Penjualan cafe,"22,044,725.00",Penjualan cafe tanggal 20/07/2025
JV.2025.07.00643,20-Jul-2025,21-Jul-2025,La Piazza,Uang masuk,"21,659,005.00",Uang masuk penjualan cafe tanggal 20/07/2025
JV.2025.07.00604,21-Jul-2025,21-Jul-2025,MKG,Penjualan cafe,"1,226,257.00",Penjualan cafe strada MKG tanggal 21/07/2025
JV.2025.07.01013,21-Jul-2025,21-Jul-2025,MKG,Setoran cash,"179,665.00",Setoran cash penjualan cafe MKG tanggal 21/07/2025
JV.2025.07.00607,21-Jul-2025,22-Jul-2025,MKG,Uang masuk,"1,027,292.00",Uang masuk penjualan cafe strada MKG tanggal 21/07/2025
JV.2025.07.00626,21-Jul-2025,21-Jul-2025,La Piazza,Penjualan cafe,"14,225,130.00",Penjualan cafe tanggal 21/07/2025
JV.2025.07.00644,21-Jul-2025,22-Jul-2025,La Piazza,Uang masuk,"14,012,910.00",Uang masuk penjualan cafe tanggal
JV.2025.07.00605,22-Jul-2025,22-Jul-2025,MKG,Penjualan cafe,"526,680.00",Penjualan cafe strada MKG tanggal 22/07/2025
JV.2025.07.00606,22-Jul-2025,23-Jul-2025,MKG,Uang masuk,"526,680.00",Uang masuk penjualan cafe strada MKG tanggal 22/07/2025
JV.2025.07.00627,22-Jul-2025,22-Jul-2025,La Piazza,Penjualan cafe,"13,451,950.00",Penjualan cafe tanggal 22/07/2025
JV.2025.07.00645,22-Jul-2025,23-Jul-2025,La Piazza,Uang masuk,"12,922,745.00",Uang masuk penjualan cafe tanggal 22/07/2025
JV.2025.07.00705,23-Jul-2025,23-Jul-2025,MKG,Penjualan cafe,"693,000.00",Penjualan cafe strada MKG tanggal 23/07/2025
JV.2025.07.00720,23-Jul-2025,24-Jul-2025,MKG,Uang masuk,"693,000.00",Uang masuk penjualan cafe strada MKG tanggal 23/07/2025
JV.2025.07.00920,23-Jul-2025,23-Jul-2025,La Piazza,Penjualan cafe,"15,787,415.00",Penjualan cafe tanggal 23/07/2025
JV.2025.07.00984,23-Jul-2025,24-Jul-2025,La Piazza,Uang masuk,"15,544,955.00",Uang masuk penjualan cafe tanggal 23/07/2025
JV.2025.07.00706,24-Jul-2025,24-Jul-2025,MKG,Penjualan cafe,"729,960.00",Penjualan cafe strada MKG tanggal 24/07/2025
JV.2025.07.00719,24-Jul-2025,25-Jul-2025,MKG,Uang masuk,"729,960.00",Uang masuk penjualan cafe strada MKG tanggal 24/07/2025
JV.2025.07.00921,24-Jul-2025,24-Jul-2025,La Piazza,Penjualan cafe,"16,163,015.00",Penjualan cafe tanggal 24/07/2025
JV.2025.07.00985,24-Jul-2025,25-Jul-2025,La Piazza,Uang masuk,"15,808,265.00",Uang masuk penjualan cafe tanggal 24/07/2025
JV.2025.07.00707,25-Jul-2025,25-Jul-2025,MKG,Penjualan cafe,"1,178,663.00",Penjualan cafe strada MKG tanggal 25/07/2025
JV.2025.07.00718,25-Jul-2025,26-Jul-2025,MKG,Uang masuk,"1,178,663.00",Uang masuk penjualan cafe strada MKG tanggal 25/07/2025
JV.2025.07.00922,25-Jul-2025,25-Jul-2025,La Piazza,Penjualan cafe,"21,903,695.00",Penjualan cafe tanggal 25/07/2025
JV.2025.07.00986,25-Jul-2025,26-Jul-2025,La Piazza,Uang masuk,"21,447,680.00",Uang masuk penjualan cafe tanggal 25/07/2025
JV.2025.07.01017,26-Jul-2025,27-Jul-2025,La Piazza,Setoran cash,"307,230.00",Setoran cash penjualan cafe La Piazza tanggal 26 Juli 2025
JV.2025.07.00708,26-Jul-2025,26-Jul-2025,MKG,Penjualan cafe,"2,728,907.00",Penjualan cafe strada MKG tanggal 26/07/2025
JV.2025.07.00716,26-Jul-2025,27-Jul-2025,MKG,Uang masuk,"2,009,892.00",Uang masuk penjualan cafe strada MKG tanggal 26/07/2025
JV.2025.07.00923,26-Jul-2025,26-Jul-2025,La Piazza,Penjualan cafe,"29,395,250.00",Penjualan cafe tanggal 26/07/2025
JV.2025.07.00987,26-Jul-2025,27-Jul-2025,La Piazza,Uang masuk,"28,789,955.00",Uang masuk penjualan cafe tanggal 26/07/2025
JV.2025.07.00709,27-Jul-2025,27-Jul-2025,MKG,Penjualan cafe,"2,439,362.00",Penjualan cafe strada MKG tanggal 27/07/2025
JV.2025.07.00717,27-Jul-2025,28-Jul-2025,MKG,Uang masuk,"3,096,897.00",Uang masuk penjualan cafe strada MKG tanggal 27/07/2025
JV.2025.07.00924,27-Jul-2025,27-Jul-2025,La Piazza,Penjualan cafe,"27,038,515.00",Penjualan cafe tanggal 27/07/2025
JV.2025.07.00988,27-Jul-2025,28-Jul-2025,La Piazza,Uang masuk,"26,873,495.00",Uang masuk penjualan cafe tanggal 27/07/2025
JV.2025.08.00012,28-Jul-2025,28-Jul-2025,MKG,Penjualan cafe,"1,079,302.00",Penjualan cafe strada MKG tanggal 28/07/2025
JV.2025.07.00916,28-Jul-2025,29-Jul-2025,MKG,Uang masuk,"1,079,302.00",Uang masuk penjualan cafe strada MKG tanggal 28/07/2025
JV.2025.07.00906,28-Jul-2025,28-Jul-2025,SMS,Penjualan cafe,"1,254,145.00",Penjualan cafe Strada SMS tanggal 28/07/2025
JV.2025.07.00910,28-Jul-2025,29-Jul-2025,SMS,Uang masuk,"1,245,445.00",Uang masuk penjualan cafe Strada SMS tanggal 28/07/2025
JV.2025.07.00925,28-Jul-2025,28-Jul-2025,La Piazza,Penjualan cafe,"5,965,093.00",Penjualan cafe tanggal 28/07/2025
JV.2025.07.00989,28-Jul-2025,29-Jul-2025,La Piazza,Uang masuk,"5,917,493.00",Uang masuk penjualan cafe tanggal 28/07/2025
JV.2025.07.00913,29-Jul-2025,29-Jul-2025,MKG,Penjualan cafe,"922,231.00",Penjualan cafe strada MKG tanggal 29/07/2025
JV.2025.07.00917,29-Jul-2025,30-Jul-2025,MKG,Uang masuk,"918,781.00",Uang masuk penjualan cafe strada MKG tanggal 29/07/2025
JV.2025.07.00907,29-Jul-2025,29-Jul-2025,SMS,Penjualan cafe,"2,321,065.00",Penjualan cafe Strada SMS tanggal
JV.2025.07.00911,29-Jul-2025,30-Jul-2025,SMS,Uang masuk,"2,321,065.00",Uang masuk penjualan cafe Strada SMS tanggal 29/07/2025
JV.2025.07.00927,29-Jul-2025,29-Jul-2025,La Piazza,Penjualan cafe,"12,517,285.00",Penjualan cafe tanggal 29/07/2025
JV.2025.07.00926,29-Jul-2025,29-Jul-2025,La Piazza,Penjualan cafe,"5,965,093.00",Penjualan cafe tanggal 29/07/2025
JV.2025.07.00990,29-Jul-2025,30-Jul-2025,La Piazza,Uang masuk,"12,404,545.00",Uang masuk penjualan cafe tanggal 29/07/2025
JV.2025.07.00914,30-Jul-2025,30-Jul-2025,MKG,Penjualan cafe,"867,405.00",Penjualan cafe strada MKG tanggal 30/07/2025
JV.2025.07.00918,30-Jul-2025,31-Jul-2025,MKG,Uang masuk,"820,065.00",Uang masuk penjualan cafe strada MKG tanggal 30/07/2025
JV.2025.07.00908,30-Jul-2025,30-Jul-2025,SMS,Penjualan cafe,"1,975,050.00",Penjualan cafe Strada SMS tanggal 30/07/2025
JV.2025.07.00912,30-Jul-2025,31-Jul-2025,SMS,Uang masuk,"1,975,050.00",Uang masuk penjualan cafe Strada SMS tanggal 30/07/2025
JV.2025.07.00928,30-Jul-2025,30-Jul-2025,La Piazza,Penjualan cafe,"16,143,635.00",Penjualan cafe tanggal 30/07/2025
JV.2025.07.00991,30-Jul-2025,31-Jul-2025,La Piazza,Uang masuk,"15,022,515.00",Uang masuk penjualan cafe tanggal 30/07/2025
JV.2025.07.00915,31-Jul-2025,31-Jul-2025,MKG,Penjualan cafe,"1,091,896.00",Penjualan cafe strada MKG tanggal 31/07/2025
JV.2025.08.00013,31-Jul-2025,1-Aug-2025,MKG,Uang masuk,"1,091,896.00",Uang masuk penjualan cafe strada MKG tanggal 31/07/2025
JV.2025.07.00909,31-Jul-2025,31-Jul-2025,SMS,Penjualan cafe,"1,415,150.00",Penjualan cafe Strada SMS tanggal 31/07/2025
JV.2025.07.00929,31-Jul-2025,31-Jul-2025,La Piazza,Penjualan cafe,"16,743,640.00",Penjualan cafe tanggal 31/07/2025
JV.2025.08.00113,31-Jul-2025,1-Aug-2025,La Piazza,Uang masuk,"16,643,620.00",Uang masuk penjualan cafe tanggal 31/07/2025
JV.2025.08.00185,1-Aug-2025,1-Aug-2025,MKG,Penjualan cafe,"1,133,330.00",Penjualan cafe strada MKG tanggal 01/08/2025
JV.2025.08.00191,1-Aug-2025,2-Aug-2025,MKG,Uang masuk,"1,133,330.00",Uang masuk penjualan cafe strada MKG tanggal 01/08/2025
JV.2025.08.00197,1-Aug-2025,1-Aug-2025,SMS,Penjualan cafe,"1,459,920.00",Penjualan cafe strada SMS tanggal 01/08/2025
JV.2025.08.00203,1-Aug-2025,2-Aug-2025,SMS,Uang masuk,"2,875,070.00",Uang masuk penjualan cafe strada SMS tanggal 31 Juli dan 01 Agustus 2025
JV.2025.08.00425,1-Aug-2025,1-Aug-2025,La Piazza,Penjualan cafe,"20,565,215.00",Penjualan cafe tanggal 01/08/2025
JV.2025.08.00431,1-Aug-2025,2-Aug-2025,La Piazza,Uang masuk,"20,311,465.00",Uang masuk penjualan cafe tanggal 01/08/2025
JV.2025.08.00186,2-Aug-2025,2-Aug-2025,MKG,Penjualan cafe,"2,223,006.00",Penjualan cafe strada MKG tanggal 02/08/2025
JV.2025.08.00192,2-Aug-2025,3-Aug-2025,MKG,Uang masuk,"2,223,006.00",Uang masuk penjualan cafe strada MKG tanggal 02/08/2025
JV.2025.08.00198,2-Aug-2025,2-Aug-2025,SMS,Penjualan cafe,"4,106,025.00",Penjualan cafe strada SMS tanggal 02/08/2025
JV.2025.08.00204,2-Aug-2025,3-Aug-2025,SMS,Uang masuk,"4,106,025.00",Uang masuk penjualan cafe strada SMS tanggal 02/08/2025
JV.2025.08.00426,2-Aug-2025,2-Aug-2025,La Piazza,Penjualan cafe,"25,254,890.00",Penjualan cafe tanggal 02/08/2025
JV.2025.08.00432,2-Aug-2025,3-Aug-2025,La Piazza,Uang masuk,"24,907,505.00",Uang masuk penjualan cafe tanggal 02/08/2025
JV.2025.08.00187,3-Aug-2025,3-Aug-2025,MKG,Penjualan cafe,"1,836,025.00",Penjualan cafe strada MKG tanggal 03/08/2025
JV.2025.08.00193,3-Aug-2025,4-Aug-2025,MKG,Uang masuk,"1,836,025.00",Uang masuk penjualan cafe strada MKG tanggal 03/08/2025
JV.2025.08.00199,3-Aug-2025,3-Aug-2025,SMS,Penjualan cafe,"4,867,725.00",Penjualan cafe strada SMS tanggal 03/08/2025
JV.2025.08.00205,3-Aug-2025,4-Aug-2025,SMS,Uang masuk,"4,867,725.00",Uang masuk penjualan cafe strada SMS tanggal 03/08/2025
JV.2025.08.00427,3-Aug-2025,3-Aug-2025,La Piazza,Penjualan cafe,"20,712,745.00",Penjualan cafe tanggal 03/08/2025
JV.2025.08.00433,3-Aug-2025,4-Aug-2025,La Piazza,Uang masuk,"20,403,685.00",Uang masuk penjualan cafe tanggal 03/08/2025
JV.2025.08.00188,4-Aug-2025,4-Aug-2025,MKG,Penjualan cafe,"1,494,132.00",Penjualan cafe strada MKG tanggal 04/08/2025
JV.2025.08.00194,4-Aug-2025,5-Aug-2025,MKG,Uang masuk,"1,459,632.00",Uang masuk penjualan cafe strada MKG
JV.2025.08.00200,4-Aug-2025,4-Aug-2025,SMS,Penjualan cafe,"497,805.00",Penjualan cafe strada SMS tanggal 04/08/2025
JV.2025.08.00206,4-Aug-2025,5-Aug-2025,SMS,Uang masuk,"497,805.00",Uang masuk penjualan cafe strada SMS tanggal 04/08/2025
JV.2025.08.00428,4-Aug-2025,4-Aug-2025,La Piazza,Penjualan cafe,"10,379,145.00",Penjualan cafe tanggal 04/08/2025
JV.2025.08.00434,4-Aug-2025,5-Aug-2025,La Piazza,Uang masuk,"10,332,445.00",Uang masuk penjualan cafe tanggal 04/08/2025
JV.2025.08.00189,5-Aug-2025,5-Aug-2025,MKG,Penjualan cafe,"567,152.00",Penjualan cafe strada MKG tanggal 05/08/2025
JV.2025.08.00195,5-Aug-2025,6-Aug-2025,MKG,Uang masuk,"567,152.00",Uang masuk penjualan cafe strada MKG tanggal 05/08/2025
JV.2025.08.00201,5-Aug-2025,5-Aug-2025,SMS,Penjualan cafe,"1,037,745.00",Penjualan cafe strada SMS tanggal 05/08/2025
JV.2025.08.00207,5-Aug-2025,6-Aug-2025,SMS,Uang masuk,"1,037,745.00",Uang masuk penjualan cafe strada SMS tanggal 05/08/2025
JV.2025.08.00429,5-Aug-2025,5-Aug-2025,La Piazza,Penjualan cafe,"11,705,310.00",Penjualan cafe tanggal 05/08/2025
JV.2025.08.00435,5-Aug-2025,6-Aug-2025,La Piazza,Uang masuk,"11,613,585.00",Uang masuk penjualan cafe tanggal 05/08/2025
JV.2025.08.00190,6-Aug-2025,6-Aug-2025,MKG,Penjualan cafe,"235,886.00",Penjualan cafe strada MKG tanggal 06/08/2025
JV.2025.08.00196,6-Aug-2025,7-Aug-2025,MKG,Uang masuk,"235,886.00",Uang masuk penjualan cafe strada MKG tanggal 06/08/2025
JV.2025.08.00202,6-Aug-2025,6-Aug-2025,SMS,Penjualan cafe,"642,180.00",Penjualan cafe strada SMS tanggal 06/08/2025
JV.2025.08.00208,6-Aug-2025,7-Aug-2025,SMS,Uang masuk,"642,180.00",Uang masuk penjualan cafe strada SMS tanggal 06/08/2025
JV.2025.08.00430,6-Aug-2025,6-Aug-2025,La Piazza,Penjualan cafe,"10,826,270.00",Penjualan cafe tanggal 06/08/2025
JV.2025.08.00436,6-Aug-2025,7-Aug-2025,La Piazza,Uang masuk,"10,726,370.00",Uang masuk penjualan cafe tanggal 06/08/2025
JV.2025.08.00172,7-Aug-2025,7-Aug-2025,MKG,Penjualan cafe,"548,891.00",Penjualan cafe strada MKG tanggal
JV.2025.08.00175,7-Aug-2025,8-Aug-2025,MKG,Uang masuk,"548,891.00",Uang masuk penjualan cafe strada MKG tanggal 07/08/2025
JV.2025.08.00173,7-Aug-2025,7-Aug-2025,SMS,Penjualan cafe,"371,910.00",Penjualan cafe strada SMS tanggal 07/08/2025
JV.2025.08.00174,7-Aug-2025,8-Aug-2025,SMS,Uang masuk,"371,910.00",Uang masuk penjualan cafe strada SMS tanggal 07/08/2025
JV.2025.08.00171,7-Aug-2025,7-Aug-2025,La Piazza,Penjualan cafe,"11,423,725.00",Penjualan cafe tanggal 07/08/2025
JV.2025.08.00437,7-Aug-2025,8-Aug-2025,La Piazza,Uang masuk,"11,228,875.00",Uang masuk penjualan cafe tanggal 07/08/2025
JV.2025.08.00180,8-Aug-2025,8-Aug-2025,MKG,Penjualan cafe,"1,209,840.00",Penjualan cafe strada MKG tanggal 08/08/2025
JV.2025.08.00183,8-Aug-2025,9-Aug-2025,MKG,Uang masuk,"1,209,840.00",Uang masuk penjualan cafe strada MKG tanggal 08/08/2025
JV.2025.08.00179,8-Aug-2025,8-Aug-2025,SMS,Penjualan cafe,"693,595.00",Penjualan cafe Strada SMS tanggal 08/08/2025
JV.2025.08.00184,8-Aug-2025,9-Aug-2025,SMS,Uang masuk,"693,595.00",Uang masuk penjualan cafe strada SMS tanggal 08/08/2025
JV.2025.08.00181,8-Aug-2025,8-Aug-2025,La Piazza,Penjualan cafe,"16,887,125.00",Penjualan cafe tanggal 08/08/2025
JV.2025.08.00182,8-Aug-2025,9-Aug-2025,La Piazza,Uang masuk,"16,631,795.00",Uang masuk penjualan cafe tanggal 08/08/2025
JV.2025.08.00213,9-Aug-2025,9-Aug-2025,MKG,Penjualan cafe,"3,084,920.25",Penjualan cafe strada MKG tanggal
JV.2025.08.00216,9-Aug-2025,10-Aug-2025,MKG,Uang masuk,"3,044,495.00",Uang masuk penjualan cafe strada MKG tanggal 09/08/2025
JV.2025.08.00217,9-Aug-2025,9-Aug-2025,SMS,Penjualan cafe,"1,931,765.00",Penjualan cafe strada SMS tanggal 09/08/2025
JV.2025.08.00220,9-Aug-2025,10-Aug-2025,SMS,Uang masuk,"1,931,765.00",Uang masuk penjualan cafe strada SMS tanggal 09/08/2025
JV.2025.08.00209,9-Aug-2025,9-Aug-2025,La Piazza,Penjualan cafe,"29,039,740.00",Penjualan cafe tanggal 09/08/2025
JV.2025.08.00221,9-Aug-2025,9-Aug-2025,La Piazza,Setoran cash,"40,425.00",Setoran cash penjualan cafe tanggal 09/08/2025
JV.2025.08.00212,9-Aug-2025,10-Aug-2025,La Piazza,Uang masuk,"28,773,035.00",Uang masuk penjualan cafe tanggal 09/08/2025
JV.2025.08.00214,10-Aug-2025,10-Aug-2025,MKG,Penjualan cafe,"2,167,335.00",Penjualan cafe strada MKG tanggal
JV.2025.08.00215,10-Aug-2025,11-Aug-2025,MKG,Uang masuk,"2,167,335.00",Uang masuk penjualan cafe strada MKG tanggal 10/08/2025
JV.2025.08.00218,10-Aug-2025,10-Aug-2025,SMS,Penjualan cafe,"2,230,625.00",Penjualan cafe strada SMS tanggal 10/08/2025
JV.2025.08.00219,10-Aug-2025,11-Aug-2025,SMS,Uang masuk,"2,230,625.00",Uang masuk penjualan cafe strada SMS tanggal 10/08/2025
JV.2025.08.00210,10-Aug-2025,10-Aug-2025,La Piazza,Penjualan cafe,"20,406,925.00",Penjualan cafe tanggal 10/08/2025
JV.2025.08.00211,10-Aug-2025,11-Aug-2025,La Piazza,Uang masuk,"20,267,175.00",Uang masuk penjualan cafe tanggal 10/08/2025
JV.2025.08.00453,10-Aug-2025,11-Aug-2025,La Piazza,Uang masuk,"100,000.00",Uang masuk setoran cash penjualan cafe tanggal 10/08/2025 via Gopay
JV.2025.08.00275,11-Aug-2025,11-Aug-2025,MKG,Penjualan cafe,"869,146.00",Penjualan cafe strada MKG tanggal 11/08/2025
JV.2025.08.00276,11-Aug-2025,12-Aug-2025,MKG,Uang masuk,"869,146.00",Uang masuk penjualan cafe strada MKG tanggal 11/08/2025
JV.2025.08.00277,11-Aug-2025,11-Aug-2025,SMS,Penjualan cafe,"241,395.00",Penjualan cafe strada SMS tanggal 11/08/2025
JV.2025.08.00278,11-Aug-2025,12-Aug-2025,SMS,Uang masuk,"241,395.00",Uang masuk penjualan cafe strada SMS tanggal 11/08/2025
JV.2025.08.00273,11-Aug-2025,11-Aug-2025,La Piazza,Penjualan cafe,"9,993,775.00",Penjualan cafe tanggal 11/08/2025
JV.2025.08.00274,11-Aug-2025,12-Aug-2025,La Piazza,Uang masuk,"9,918,475.00",Uang masuk penjualan cafe tanggal 11/08/2025
JV.2025.08.00390,12-Aug-2025,13-Aug-2025,MKG,Uang masuk,"977,679.00",Uang masuk penjualan cafe strada MKG tanggal 12/08/2025
JV.2025.08.00389,12-Aug-2025,12-Aug-2025,SMS,Penjualan cafe,"723,030.00",Penjualan cafe strada SMS tanggal 12/08/2025
JV.2025.08.00393,12-Aug-2025,13-Aug-2025,SMS,Uang masuk,"723,030.00",Uang masuk penjualan cafe strada SMS tanggal 12/08/2025
JV.2025.08.00380,12-Aug-2025,12-Aug-2025,La Piazza,Penjualan cafe,"8,174,510.00",Penjualan cafe tanggal 12/08/2025
JV.2025.08.00396,12-Aug-2025,13-Aug-2025,La Piazza,Uang masuk,"8,118,410.00",Uang masuk penjualan cafe tanggal 12/08/2025
JV.2025.08.00386,13-Aug-2025,13-Aug-2025,MKG,Penjualan cafe,"796,450.00",Penjualan cafe strada MKG tanggal 13/08/2025
JV.2025.08.00391,13-Aug-2025,14-Aug-2025,MKG,Uang masuk,"796,450.00",Uang masuk penjualan cafe strada MKG tanggal 13/08/2025
JV.2025.08.00387,13-Aug-2025,13-Aug-2025,SMS,Penjualan cafe,"287,595.00",Penjualan cafe strada SMS tanggal 13/08/2025
JV.2025.08.00394,13-Aug-2025,14-Aug-2025,SMS,Uang masuk,"287,595.00",Uang masuk penjualan cafe strada SMS tanggal 13/08/2025
JV.2025.08.00383,13-Aug-2025,13-Aug-2025,La Piazza,Penjualan cafe,"11,516,290.01",Penjualan cafe tanggal 13/08/2025
JV.2025.08.00397,13-Aug-2025,14-Aug-2025,La Piazza,Uang masuk,"11,384,890.00",Uang masuk penjualan cafe tanggal 13/08/2025
JV.2025.08.00385,14-Aug-2025,14-Aug-2025,MKG,Penjualan cafe,"1,350,750.00",Penjualan cafe strada MKG tanggal 14/08/2025
JV.2025.08.00392,14-Aug-2025,15-Aug-2025,MKG,Uang masuk,"1,350,750.00",Uang masuk penjualan cafe strada MKG tanggal 14/08/2025
JV.2025.08.00388,14-Aug-2025,14-Aug-2025,SMS,Penjualan cafe,"992,100.00",Penjualan cafe strada SMS tanggal 14/08/2025
JV.2025.08.00395,14-Aug-2025,15-Aug-2025,SMS,Uang masuk,"992,100.00",Uang masuk penjualan cafe strada SMS tanggal 14/08/2025
JV.2025.08.00384,14-Aug-2025,14-Aug-2025,La Piazza,Penjualan cafe,"9,564,375.00",Penjualan cafe tanggal 14/08/2025
JV.2025.08.00398,14-Aug-2025,15-Aug-2025,La Piazza,Uang masuk,"9,396,975.00",Uang masuk penjualan cafe tanggal 14/08/2025
JV.2025.08.00403,15-Aug-2025,15-Aug-2025,MKG,Penjualan cafe,"853,545.00",Penjualan cafe strada MKG tanggal 15/08/2025
JV.2025.08.00406,15-Aug-2025,16-Aug-2025,MKG,Uang masuk,"853,545.00",Uang masuk penjualan cafe strada MKG tanggal 15/08/2025
JV.2025.08.00404,15-Aug-2025,15-Aug-2025,SMS,Penjualan cafe,"740,630.00",Penjualan cafe strada SMS tanggal 15/08/2025
JV.2025.08.00407,15-Aug-2025,16-Aug-2025,SMS,Uang masuk,"740,630.00",Uang masuk penjualan cafe strada SMS tanggal 15/08/2025
JV.2025.08.00402,15-Aug-2025,15-Aug-2025,La Piazza,Penjualan cafe,"15,204,455.00",Penjualan cafe tanggal 15/08/2025
JV.2025.08.00405,15-Aug-2025,16-Aug-2025,La Piazza,Uang masuk,"14,275,800.00",Uang masuk penjualan cafe tanggal 15/08/2025
JV.2025.08.00413,16-Aug-2025,16-Aug-2025,MKG,Penjualan cafe,"2,990,118.00",Penjualan cafe strada MKG tanggal 16/08/2025
JV.2025.08.00414,16-Aug-2025,17-Aug-2025,MKG,Uang masuk,"2,949,693.00",Uang masuk penjualan cafe strada MKG tanggal 16/08/2025
JV.2025.08.00416,16-Aug-2025,16-Aug-2025,SMS,Penjualan cafe,"2,998,515.00",Penjualan cafe strada SMS tanggal 16/08/2025
JV.2025.08.00420,16-Aug-2025,16-Aug-2025,SMS,Setoran cash,"40,425.00",Setoran cash penjualan cafe strada SMS tanggal 16/08/2025
JV.2025.08.00418,16-Aug-2025,17-Aug-2025,SMS,Uang masuk,"2,836,515.00",Uang masuk penjualan cafe strada SMS tanggal 16/08/2025
JV.2025.08.00410,16-Aug-2025,16-Aug-2025,La Piazza,Penjualan cafe,"20,893,275.00",Penjualan cafe tanggal 16/08/2025
JV.2025.08.00457,16-Aug-2025,17-Aug-2025,La Piazza,Uang masuk,"20,938,275.00",Uang masuk penjualan cafe tanggal 16/08/2025
JV.2025.08.00412,17-Aug-2025,17-Aug-2025,MKG,Penjualan cafe,"1,736,497.00",Penjualan cafe strada MKG tanggal 17/08/2025
JV.2025.08.00415,17-Aug-2025,18-Aug-2025,MKG,Uang masuk,"1,736,497.00",Uang masuk penjualan cafe strada MKG tanggal 17/08/2025
JV.2025.08.00417,17-Aug-2025,17-Aug-2025,SMS,Penjualan cafe,"2,557,825.00",Penjualan cafe strada SMS tanggal 17/08/2025
JV.2025.08.00419,17-Aug-2025,18-Aug-2025,SMS,Uang masuk,"2,063,425.00",Uang masuk penjualan cafe strada SMS tanggal 17/08/2025
JV.2025.08.00411,17-Aug-2025,17-Aug-2025,La Piazza,Penjualan cafe,"27,529,429.99",Penjualan cafe tanggal 17/08/2025
JV.2025.08.00513,17-Aug-2025,18-Aug-2025,La Piazza,Uang masuk,"17,079,759.53",Uang masuk penjualan cafe tanggal 17/08/2025
JV.2025.08.00515,18-Aug-2025,18-Aug-2025,MKG,Penjualan cafe,"1,575,960.00",Penjualan cafe strada MKG tanggal 18/08/2025
JV.2025.08.00516,18-Aug-2025,19-Aug-2025,MKG,Uang masuk,"1,570,710.00",Uang masuk penjualan cafe strada MKG tanggal 18/08/2025
JV.2025.08.00514,18-Aug-2025,18-Aug-2025,SMS,Penjualan cafe,"758,835.00",Penjualan cafe strada SMS tanggal 18/08/2025
JV.2025.08.00517,18-Aug-2025,19-Aug-2025,SMS,Uang masuk,"758,835.00",Uang masuk penjualan cafe strada SMS tanggal 18/08/2025
JV.2025.08.00518,18-Aug-2025,18-Aug-2025,La Piazza,Penjualan cafe,"17,476,315.45",Penjualan cafe tanggal 18/08/2025
JV.2025.08.00519,18-Aug-2025,19-Aug-2025,La Piazza,Uang masuk,"28,228,154.00",Uang masuk penjualan cafe tanggal 18/08/2025
JV.2025.08.00605,19-Aug-2025,19-Aug-2025,MKG,Penjualan cafe,"751,032.00",Penjualan cafe strada MKG tanggal 19/08/2025
JV.2025.08.00608,19-Aug-2025,20-Aug-2025,MKG,Uang masuk,"751,032.00",Uang masuk penjualan cafe strada MKG tanggal 19/08/2025
JV.2025.08.00602,19-Aug-2025,19-Aug-2025,SMS,Penjualan cafe,"494,340.00",Penjualan cafe strada SMS tanggal 19/08/2025
JV.2025.08.00604,19-Aug-2025,20-Aug-2025,SMS,Uang masuk,"494,340.00",Uang masuk penjualan cafe strada SMS tanggal 19/08/2025
JV.2025.08.00610,19-Aug-2025,19-Aug-2025,La Piazza,Penjualan cafe,"9,318,435.00",Penjualan cafe tanggal 19/08/2025
JV.2025.08.00611,19-Aug-2025,20-Aug-2025,La Piazza,Uang masuk,"9,133,680.00",Uang masuk penjualan cafe tanggal 19/08/2025
JV.2025.08.00613,19-Aug-2025,20-Aug-2025,La Piazza,Uang masuk,"105,105.00",Uang masuk setoran cash penjualan cafe tanggal 19/08/2025
JV.2025.08.00606,20-Aug-2025,20-Aug-2025,MKG,Penjualan cafe,"463,421.00",Penjualan cafe strada MKG tanggal 20/08/2025
JV.2025.08.00607,20-Aug-2025,21-Aug-2025,MKG,Uang masuk,"463,421.00",Uang masuk penjualan cafe strada MKG
JV.2025.08.00601,20-Aug-2025,20-Aug-2025,SMS,Penjualan cafe,"1,072,995.00",Penjualan cafe strada SMS tanggal 20/08/2025
JV.2025.08.00603,20-Aug-2025,21-Aug-2025,SMS,Uang masuk,"1,072,995.00",Uang masuk penjualan cafe strada SMS tanggal 20/08/2025
JV.2025.08.00609,20-Aug-2025,20-Aug-2025,La Piazza,Penjualan cafe,"15,904,085.01",Penjualan cafe tanggal 20/08/2025
JV.2025.08.00612,20-Aug-2025,21-Aug-2025,La Piazza,Uang masuk,"15,336,530.00",Uang masuk penjualan cafe tanggal 20/08/2025
JV.2025.08.00653,21-Aug-2025,21-Aug-2025,MKG,Penjualan cafe,"604,331.00",Penjualan cafe strada MKG tanggal 21/08/2025
JV.2025.08.00654,21-Aug-2025,22-Aug-2025,MKG,Uang masuk,"604,331.00",Uang masuk penjualan cafe strada MKG tanggal 21/08/2025
JV.2025.08.00657,21-Aug-2025,21-Aug-2025,SMS,Penjualan cafe,"330,330.00",Penjualan cafe strada SMS tanggal 21/08/2025
JV.2025.08.00660,21-Aug-2025,22-Aug-2025,SMS,Uang masuk,"330,330.00",Uang masuk penjualan cafe strada SMS tanggal 21/08/2025
JV.2025.08.00649,21-Aug-2025,21-Aug-2025,La Piazza,Penjualan cafe,"10,788,790.00",Penjualan cafe tanggal 21/08/2025
JV.2025.08.00650,21-Aug-2025,22-Aug-2025,La Piazza,Uang masuk,"10,487,290.00",Uang masuk penjualan cafe tanggal 21/08/2025
JV.2025.08.00655,22-Aug-2025,22-Aug-2025,MKG,Penjualan cafe,"988,697.00",Penjualan cafe strada MKG tanggal 22/08/2025
JV.2025.08.00656,22-Aug-2025,23-Aug-2025,MKG,Uang masuk,"988,697.00",Uang masuk penjualan cafe strada MKG tanggal 22/08/2025
JV.2025.08.00658,22-Aug-2025,22-Aug-2025,SMS,Penjualan cafe,"517,320.00",Penjualan cafe strada SMS tanggal 22/08/2025
JV.2025.08.00736,22-Aug-2025,23-Aug-2025,SMS,Uang masuk,"517,320.00",Uang masuk penjualan cafe strada SMS tanggal 22/08/2025
JV.2025.08.00651,22-Aug-2025,22-Aug-2025,La Piazza,Penjualan cafe,"18,571,255.00",Penjualan cafe tanggal 22/08/2025
JV.2025.08.00652,22-Aug-2025,23-Aug-2025,La Piazza,Uang masuk,"18,439,505.00",Uang masuk penjualan cafe tanggal 22/08/2025
JV.2025.08.00729,23-Aug-2025,23-Aug-2025,MKG,Penjualan cafe,"2,387,037.00",Penjualan cafe strada MKG tanggal 23/08/2025
JV.2025.08.00730,23-Aug-2025,24-Aug-2025,MKG,Uang masuk,"2,328,162.00",Uang masuk penjualan cafe strada MKG tanggal 23/08/2025
JV.2025.08.00738,23-Aug-2025,23-Aug-2025,SMS,Penjualan cafe,"2,084,580.00",Penjualan cafe strada SMS tanggal 23/08/2025
JV.2025.08.00737,23-Aug-2025,24-Aug-2025,SMS,Uang masuk,"2,084,580.00",Uang masuk penjualan cafe strada SMS tanggal 23/08/2025
JV.2025.08.00723,23-Aug-2025,23-Aug-2025,La Piazza,Penjualan cafe,"28,648,540.00",Penjualan cafe tanggal 23/08/2025
JV.2025.08.00724,23-Aug-2025,24-Aug-2025,La Piazza,Uang masuk,"28,324,440.00",Uang masuk penjualan cafe tanggal 23/08/2025
JV.2025.08.00731,24-Aug-2025,24-Aug-2025,MKG,Penjualan cafe,"2,750,725.00",Penjualan cafe strada MKG tanggal 24/08/2025
JV.2025.08.00732,24-Aug-2025,25-Aug-2025,MKG,Uang masuk,"2,610,300.00",Uang masuk penjualan cafe strada MKG tanggal 24/08/2025
JV.2025.08.01133,24-Aug-2025,24-Aug-2025,SMS,Penjualan cafe,"1,655,625.00",Penjualan cafe strada SMS tanggal 24/08/2025
JV.2025.08.01206,24-Aug-2025,25-Aug-2025,SMS,Uang masuk,"1,655,625.00",Uang masuk penjualan cafe strada SMS tanggal 24/08/2025
JV.2025.08.00725,24-Aug-2025,24-Aug-2025,La Piazza,Penjualan cafe,"23,055,305.00",Penjualan cafe tanggal 24/08/2025
JV.2025.08.00726,24-Aug-2025,25-Aug-2025,La Piazza,Uang masuk,"22,937,705.00",Uang masuk penjualan cafe tanggal 24/08/2025
JV.2025.08.00734,25-Aug-2025,25-Aug-2025,MKG,Penjualan cafe,"679,810.00",Penjualan cafe strada MKG tanggal 25/08/2025
JV.2025.08.00735,25-Aug-2025,26-Aug-2025,MKG,Uang masuk,"579,810.00",Uang masuk penjualan cafe strada MKG tanggal 25/08/2025
JV.2025.08.01134,25-Aug-2025,25-Aug-2025,SMS,Penjualan cafe,"419,265.00",Penjualan cafe strada SMS tanggal 25/08/2025
JV.2025.08.01207,25-Aug-2025,26-Aug-2025,SMS,Uang masuk,"419,265.00",Uang masuk penjualan cafe strada SMS tanggal 25/08/2025
JV.2025.08.00727,25-Aug-2025,25-Aug-2025,La Piazza,Penjualan cafe,"9,955,215.00",Penjualan cafe tanggal 25/08/2025
JV.2025.08.00728,25-Aug-2025,26-Aug-2025,La Piazza,Uang masuk,"9,835,440.00",Uang masuk penjualan cafe tanggal 25/08/2025
JV.2025.08.01121,26-Aug-2025,26-Aug-2025,MKG,Penjualan cafe,"516,285.00",Penjualan cafe strada MKG tanggal 26/08/2025
JV.2025.08.01132,26-Aug-2025,27-Aug-2025,MKG,Uang masuk,"480,480.00",Uang masuk penjualan cafe strada MKG tanggal 26/08/2025
JV.2025.08.01135,26-Aug-2025,26-Aug-2025,SMS,Penjualan cafe,"334,950.00",Penjualan cafe strada SMS tanggal 26/08/2025
JV.2025.08.01209,26-Aug-2025,27-Aug-2025,SMS,Uang masuk,"334,950.00",Uang masuk penjualan cafe strada SMS tanggal 26/08/2025
JV.2025.08.01106,26-Aug-2025,26-Aug-2025,La Piazza,Penjualan cafe,"12,806,465.01",Penjualan cafe tanggal 26/08/2025
JV.2025.08.01112,26-Aug-2025,27-Aug-2025,La Piazza,Uang masuk,"12,756,665.00",Uang masuk penjualan cafe tanggal 26/08/2025
JV.2025.08.01122,27-Aug-2025,27-Aug-2025,MKG,Penjualan cafe,"872,695.00",Penjualan cafe strada MKG tanggal 27/08/2025
JV.2025.08.01130,27-Aug-2025,28-Aug-2025,MKG,Uang masuk,"872,695.00",Uang masuk penjualan cafe strada MKG tanggal 27/08/2025
JV.2025.08.01136,27-Aug-2025,27-Aug-2025,SMS,Penjualan cafe,"546,975.00",Penjualan cafe strada SMS tanggal 27/08/2025
JV.2025.08.01144,27-Aug-2025,28-Aug-2025,SMS,Uang masuk,"546,975.00",Uang masuk penjualan cafe strada SMS tanggal 27/08/2025
JV.2025.08.01107,27-Aug-2025,27-Aug-2025,La Piazza,Penjualan cafe,"11,771,270.00",Penjualan cafe tanggal 27/08/2025
JV.2025.08.01113,27-Aug-2025,28-Aug-2025,La Piazza,Uang masuk,"11,593,970.00",Uang masuk penjualan cafe tanggal 27/08/2025
JV.2025.08.01123,28-Aug-2025,28-Aug-2025,MKG,Penjualan cafe,"629,741.00",Penjualan cafe strada MKG tanggal 28/08/2025
JV.2025.08.01129,28-Aug-2025,29-Aug-2025,MKG,Uang masuk,"629,741.00",Uang masuk penjualan cafe strada MKG tanggal 28/08/2025
JV.2025.08.01137,28-Aug-2025,28-Aug-2025,SMS,Penjualan cafe,"585,585.00",Penjualan cafe strada SMS tanggal 28/08/2025
JV.2025.08.01208,28-Aug-2025,29-Aug-2025,SMS,Uang masuk,"585,585.00",Uang masuk penjualan cafe strada SMS tanggal 28/08/2025
JV.2025.08.01108,28-Aug-2025,28-Aug-2025,La Piazza,Penjualan cafe,"20,543,220.00",Penjualan cafe tanggal 28/08/2025
JV.2025.08.01114,28-Aug-2025,29-Aug-2025,La Piazza,Uang masuk,"19,549,485.00",Uang masuk penjualan cafe tanggal 28/08/2025
JV.2025.08.01124,29-Aug-2025,29-Aug-2025,MKG,Penjualan cafe,"1,199,165.00",Penjualan cafe strada MKG tanggal 29/08/2025
JV.2025.08.01128,29-Aug-2025,30-Aug-2025,MKG,Uang masuk,"1,199,165.00",Uang masuk penjualan cafe strada MKG tanggal 29/08/2025
JV.2025.08.01138,29-Aug-2025,29-Aug-2025,SMS,Penjualan cafe,"747,720.00",Penjualan cafe strada SMS tanggal 29/08/2025
JV.2025.08.01142,29-Aug-2025,30-Aug-2025,SMS,Uang masuk,"747,720.00",Uang masuk penjualan cafe strada SMS tanggal 29/08/2025
JV.2025.08.01109,29-Aug-2025,29-Aug-2025,La Piazza,Penjualan cafe,"17,350,715.00",Penjualan cafe tanggal 29/08/2025
JV.2025.08.01115,29-Aug-2025,30-Aug-2025,La Piazza,Uang masuk,"17,259,965.00",Uang masuk penjualan cafe tanggal 29/08/2025
JV.2025.08.01125,30-Aug-2025,30-Aug-2025,MKG,Penjualan cafe,"2,215,930.00",Penjualan cafe strada MKG tanggal 30/08/2025
JV.2025.08.01127,30-Aug-2025,31-Aug-2025,MKG,Uang masuk,"2,215,930.00",Uang masuk penjualan cafe strada MKG tanggal 30/08/2025
JV.2025.08.01139,30-Aug-2025,30-Aug-2025,SMS,Penjualan cafe,"1,422,775.00",Penjualan cafe strada SMS tanggal 30/08/2025
JV.2025.08.01141,30-Aug-2025,31-Aug-2025,SMS,Uang masuk,"1,422,775.00",Uang masuk penjualan cafe strada SMS tanggal 30/08/2025
JV.2025.08.01110,30-Aug-2025,30-Aug-2025,La Piazza,Penjualan cafe,"26,912,000.00",Penjualan cafe tanggal 30/08/2025
JV.2025.08.01116,30-Aug-2025,31-Aug-2025,La Piazza,Uang masuk,"26,436,150.00",Uang masuk penjualan cafe tanggal 30/08/2025
JV.2025.08.01126,31-Aug-2025,31-Aug-2025,MKG,Penjualan cafe,"1,596,210.00",Penjualan cafe strada MKG tanggal 31/08/2025
JV.2025.09.00179,31-Aug-2025,1-Sep-2025,MKG,Uang masuk,"1,590,960.00",Uang masuk penjualan cafe strada MKG tanggal 31/08/2025
JV.2025.08.01140,31-Aug-2025,31-Aug-2025,SMS,Penjualan cafe,"942,960.00",Penjualan cafe strada SMS tanggal 31/08/2025
JV.2025.09.00194,31-Aug-2025,1-Sep-2025,SMS,Uang masuk,"942,960.00",Uang masuk penjualan cafe strada SMS tanggal 31/08/2025
JV.2025.08.01111,31-Aug-2025,31-Aug-2025,La Piazza,Penjualan cafe,"16,520,720.00",Penjualan cafe tanggal 31/08/2025
JV.2025.09.00074,31-Aug-2025,1-Sep-2025,La Piazza,Uang masuk,"15,993,415.00",Uang masuk penjualan cafe tanggal 31/08/2025
JV.2025.09.00165,1-Sep-2025,1-Sep-2025,MKG,Penjualan cafe,"808,500.00",Penjualan cafe strada MKG tanggal 01/09/2025
JV.2025.09.00178,1-Sep-2025,2-Sep-2025,MKG,Uang masuk,"808,500.00",Uang masuk penjualan cafe strada MKG tanggal 01/09/2025
JV.2025.09.00180,1-Sep-2025,1-Sep-2025,SMS,Penjualan cafe,"584,430.00",Penjualan cafe strada SMS tanggal 01/09/2025
JV.2025.09.00193,1-Sep-2025,2-Sep-2025,SMS,Uang masuk,"584,430.00",Uang masuk penjualan cafe strada SMS tanggal 01/09/2025
JV.2025.09.00150,1-Sep-2025,1-Sep-2025,La Piazza,Penjualan cafe,"10,906,980.00",Penjualan cafe tanggal 01/09/2025
JV.2025.09.00163,1-Sep-2025,2-Sep-2025,La Piazza,Uang masuk,"10,515,130.00",Uang masuk penjualan cafe tanggal 01/09/2025
JV.2025.09.00166,2-Sep-2025,2-Sep-2025,MKG,Penjualan cafe,"350,635.00",Penjualan cafe strada MKG tanggal 02/09/2025
JV.2025.09.00177,2-Sep-2025,3-Sep-2025,MKG,Uang masuk,"350,635.00",Uang masuk penjualan cafe strada MKG tanggal 02/09/2025
JV.2025.09.00181,2-Sep-2025,2-Sep-2025,SMS,Penjualan cafe,"295,740.00",Penjualan cafe strada SMS tanggal 02/09/2025
JV.2025.09.00192,2-Sep-2025,3-Sep-2025,SMS,Uang masuk,"295,740.00",Uang masuk penjualan cafe strada SMS tanggal 02/09/2025
JV.2025.09.00151,2-Sep-2025,2-Sep-2025,La Piazza,Penjualan cafe,"11,147,360.00",Penjualan cafe tanggal 02/09/2025
JV.2025.09.00162,2-Sep-2025,3-Sep-2025,La Piazza,Uang masuk,"11,059,360.00",Uang masuk penjualan cafe tanggal 02/09/2025
JV.2025.09.00167,3-Sep-2025,3-Sep-2025,MKG,Penjualan cafe,"757,080.00",Penjualan cafe strada MKG tanggal 03/09/2025
JV.2025.09.00176,3-Sep-2025,4-Sep-2025,MKG,Uang masuk,"757,080.00",Uang masuk penjualan cafe strada MKG tanggal 03/09/2025
JV.2025.09.00182,3-Sep-2025,3-Sep-2025,SMS,Penjualan cafe,"373,340.00",Penjualan cafe strada SMS tanggal 03/09/2025
JV.2025.09.00191,3-Sep-2025,4-Sep-2025,SMS,Uang masuk,"373,340.00",Uang masuk penjualan cafe strada SMS tanggal 03/09/2025
JV.2025.09.00152,3-Sep-2025,3-Sep-2025,La Piazza,Penjualan cafe,"14,691,255.00",Penjualan cafe tanggal 03/09/2025
JV.2025.09.00161,3-Sep-2025,4-Sep-2025,La Piazza,Uang masuk,"14,466,830.00",Uang masuk penjualan cafe tanggal 03/09/2025
JV.2025.09.00168,4-Sep-2025,4-Sep-2025,MKG,Penjualan cafe,"788,865.00",Penjualan cafe strada MKG tanggal 04/09/2025
JV.2025.09.00175,4-Sep-2025,5-Sep-2025,MKG,Uang masuk,"788,865.00",Uang masuk penjualan cafe strada MKG tanggal 04/09/2025
JV.2025.09.00183,4-Sep-2025,4-Sep-2025,SMS,Penjualan cafe,"713,305.00",Penjualan cafe strada SMS tanggal 04/09/2025
JV.2025.09.00190,4-Sep-2025,5-Sep-2025,SMS,Uang masuk,"713,305.00",Uang masuk penjualan cafe strada SMS tanggal 04/09/2025
JV.2025.09.00153,4-Sep-2025,5-Sep-2025,La Piazza,Penjualan cafe,"21,032,720.00",Penjualan cafe tanggal 04/09/2025
JV.2025.09.00160,4-Sep-2025,5-Sep-2025,La Piazza,Uang masuk,"20,871,215.00",Uang masuk penjualan cafe tanggal 04/09/2025
JV.2025.09.00169,5-Sep-2025,5-Sep-2025,MKG,Penjualan cafe,"3,491,635.00",Penjualan cafe strada MKG tanggal 05/09/2025
JV.2025.09.00174,5-Sep-2025,6-Sep-2025,MKG,Uang masuk,"3,491,635.00",Uang masuk penjualan cafe strada MKG tanggal 05/09/2025
JV.2025.09.00184,5-Sep-2025,5-Sep-2025,SMS,Penjualan cafe,"1,508,430.00",Penjualan cafe strada SMS tanggal 05/09/2025
JV.2025.09.00189,5-Sep-2025,6-Sep-2025,SMS,Uang masuk,"1,508,430.00",Uang masuk penjualan cafe strada SMS tanggal 05/09/2025
JV.2025.09.00154,5-Sep-2025,5-Sep-2025,La Piazza,Penjualan cafe,"25,210,205.00",Penjualan cafe tanggal 05/09/2025
JV.2025.09.00159,5-Sep-2025,6-Sep-2025,La Piazza,Uang masuk,"24,663,290.00",Uang masuk penjualan cafe tanggal
JV.2025.09.00170,6-Sep-2025,6-Sep-2025,MKG,Penjualan cafe,"2,129,335.00",Penjualan cafe strada MKG tanggal 06/09/2025
JV.2025.09.00173,6-Sep-2025,7-Sep-2025,MKG,Uang masuk,"2,129,335.00",Uang masuk penjualan cafe strada MKG tanggal 06/09/2025
JV.2025.09.00185,6-Sep-2025,6-Sep-2025,SMS,Penjualan cafe,"1,476,365.00",Penjualan cafe strada SMS tanggal 06/09/2025
JV.2025.09.00188,6-Sep-2025,7-Sep-2025,SMS,Uang masuk,"1,476,365.00",Uang masuk penjualan cafe strada SMS tanggal 06/09/2025
JV.2025.09.00155,6-Sep-2025,6-Sep-2025,La Piazza,Penjualan cafe,"19,489,070.00",Penjualan cafe tanggal 06/09/2025
JV.2025.09.00158,6-Sep-2025,7-Sep-2025,La Piazza,Uang masuk,"19,151,675.00",Uang masuk penjualan cafe tanggal 06/09/2025
JV.2025.09.00349,6-Sep-2025,8-Sep-2025,La Piazza,Uang masuk,"218,295.00",Uang masuk setor cash penjualan cafe tanggal 06/09/2025
JV.2025.09.00171,7-Sep-2025,7-Sep-2025,MKG,Penjualan cafe,"1,680,435.00",Penjualan cafe strada MKG tanggal 07/09/2025
JV.2025.09.00172,7-Sep-2025,8-Sep-2025,MKG,Uang masuk,"1,674,585.00",Uang masuk penjualan cafe strada MKG tanggal 07/09/2025
JV.2025.09.00186,7-Sep-2025,7-Sep-2025,SMS,Penjualan cafe,"1,370,500.00",Penjualan cafe strada SMS tanggal 07/09/2025
JV.2025.09.00187,7-Sep-2025,8-Sep-2025,SMS,Uang masuk,"1,370,500.00",Uang masuk penjualan cafe strada SMS tanggal 07/09/2025
JV.2025.09.00156,7-Sep-2025,7-Sep-2025,La Piazza,Penjualan cafe,"22,748,495.00",Penjualan cafe tanggal 07/09/2025
JV.2025.09.00157,7-Sep-2025,8-Sep-2025,La Piazza,Uang masuk,"22,536,170.00",Uang masuk penjualan cafe tanggal 07/09/2025
JV.2025.09.00356,8-Sep-2025,8-Sep-2025,MKG,Penjualan cafe,"572,880.00",Penjualan cafe strada MKG tanggal 08/09/2025
JV.2025.09.00363,8-Sep-2025,9-Sep-2025,MKG,Uang masuk,"572,880.00",Uang masuk penjualan cafe strada MKG tanggal 08/09/2025
JV.2025.09.00370,8-Sep-2025,8-Sep-2025,SMS,Penjualan cafe,"464,310.00",Penjualan cafe strada SMS tanggal 08/09/2025
JV.2025.09.00377,8-Sep-2025,9-Sep-2025,SMS,Uang masuk,"464,310.00",Uang masuk penjualan cafe strada SMS tanggal 08/09/2025
JV.2025.09.00341,8-Sep-2025,8-Sep-2025,La Piazza,Penjualan cafe,"13,345,620.00",Penjualan cafe tanggal 08/09/2025
JV.2025.09.00348,8-Sep-2025,9-Sep-2025,La Piazza,Uang masuk,"13,040,720.00",Uang masuk penjualan cafe tanggal 08/09/2025
JV.2025.09.00357,9-Sep-2025,9-Sep-2025,MKG,Penjualan cafe,"792,045.00",Penjualan cafe strada MKG tanggal 09/09/2025
JV.2025.09.00364,9-Sep-2025,10-Sep-2025,MKG,Uang masuk,"792,045.00",Uang masuk penjualan cafe strada MKG tanggal 09/09/2025
JV.2025.09.00371,9-Sep-2025,9-Sep-2025,SMS,Penjualan cafe,"385,770.00",Penjualan cafe strada SMS tanggal 09/09/2025
JV.2025.09.00378,9-Sep-2025,10-Sep-2025,SMS,Uang masuk,"385,770.00",Uang masuk penjualan cafe strada SMS tanggal 09/09/2025
JV.2025.09.00342,9-Sep-2025,9-Sep-2025,La Piazza,Penjualan cafe,"10,081,745.00",Penjualan cafe tanggal 09/09/2025
JV.2025.09.00350,9-Sep-2025,10-Sep-2025,La Piazza,Uang masuk,"10,035,245.00",Uang masuk penjualan cafe tanggal 09/09/2025
JV.2025.09.00358,10-Sep-2025,10-Sep-2025,MKG,Penjualan cafe,"808,775.00",Penjualan cafe strada MKG tanggal 10/09/2025
JV.2025.09.00365,10-Sep-2025,11-Sep-2025,MKG,Uang masuk,"808,775.00",Uang masuk penjualan cafe strada MKG tanggal 10/09/2025
JV.2025.09.00372,10-Sep-2025,10-Sep-2025,SMS,Penjualan cafe,"218,965.00",Penjualan cafe strada SMS tanggal 10/09/2025
JV.2025.09.00379,10-Sep-2025,11-Sep-2025,SMS,Uang masuk,"218,965.00",Uang masuk penjualan cafe strada SMS tanggal 10/09/2025
JV.2025.09.00343,10-Sep-2025,10-Sep-2025,La Piazza,Penjualan cafe,"9,243,045.00",Penjualan cafe tanggal 10/09/2025
JV.2025.09.00351,10-Sep-2025,11-Sep-2025,La Piazza,Uang masuk,"9,175,095.00",Uang masuk penjualan cafe tanggal 10/09/2025
JV.2025.09.00359,11-Sep-2025,11-Sep-2025,MKG,Penjualan cafe,"509,355.00",Penjualan cafe strada MKG tanggal 11/09/2025
JV.2025.09.00366,11-Sep-2025,12-Sep-2025,MKG,Uang masuk,"509,355.00",Uang masuk penjualan cafe strada MKG tanggal 11/09/2025
JV.2025.09.00373,11-Sep-2025,11-Sep-2025,SMS,Penjualan cafe,"83,160.00",Penjualan cafe strada SMS tanggal 11/09/2025
JV.2025.09.00380,11-Sep-2025,12-Sep-2025,SMS,Uang masuk,"83,160.00",Uang masuk penjualan cafe strada SMS tanggal 11/09/2025
JV.2025.09.00344,11-Sep-2025,11-Sep-2025,La Piazza,Penjualan cafe,"9,903,705.00",Penjualan cafe tanggal 11/09/2025
JV.2025.09.00352,11-Sep-2025,12-Sep-2025,La Piazza,Uang masuk,"9,808,755.00",Uang masuk penjualan cafe tanggal 11/09/2025
JV.2025.09.00360,12-Sep-2025,12-Sep-2025,MKG,Penjualan cafe,"989,835.00",Penjualan cafe strada MKG tanggal 12/09/2025
JV.2025.09.00367,12-Sep-2025,13-Sep-2025,MKG,Uang masuk,"989,835.00",Uang masuk penjualan cafe strada MKG tanggal 12/09/2025
JV.2025.09.00374,12-Sep-2025,12-Sep-2025,SMS,Penjualan cafe,"36,960.00",Penjualan cafe strada SMS tanggal 12/09/2025
JV.2025.09.00381,12-Sep-2025,13-Sep-2025,SMS,Uang masuk,"36,960.00",Uang masuk penjualan cafe strada SMS tanggal 12/09/2025
JV.2025.09.00345,12-Sep-2025,12-Sep-2025,La Piazza,Penjualan cafe,"14,871,750.00",Penjualan cafe tanggal 12/09/2025
JV.2025.09.00353,12-Sep-2025,13-Sep-2025,La Piazza,Uang masuk,"14,759,850.00",Uang masuk penjualan cafe tanggal 12/09/2025
JV.2025.09.00361,13-Sep-2025,13-Sep-2025,MKG,Penjualan cafe,"1,804,735.00",Penjualan cafe strada MKG tanggal 13/09/2025
JV.2025.09.00368,13-Sep-2025,14-Sep-2025,MKG,Uang masuk,"1,804,735.00",Uang masuk penjualan cafe strada MKG tanggal 13/09/2025
JV.2025.09.01273,13-Sep-2025,14-Sep-2025,SMS,Uang masuk,"1,470,870.00",Uang masuk penjualan cafe strada SMS tanggal 13/09/2025
JV.2025.09.00346,13-Sep-2025,13-Sep-2025,La Piazza,Penjualan cafe,"27,319,930.00",Penjualan cafe tanggal 13/09/2025
JV.2025.09.00354,13-Sep-2025,14-Sep-2025,La Piazza,Uang masuk,"27,014,705.00",Uang masuk penjualan cafe tanggal 13/09/2025
JV.2025.09.00362,14-Sep-2025,14-Sep-2025,MKG,Penjualan cafe,"2,723,645.00",Penjualan cafe strada MKG tanggal 14/09/2025
JV.2025.09.00369,14-Sep-2025,15-Sep-2025,MKG,Uang masuk,"2,723,645.00",Uang masuk penjualan cafe strada MKG tanggal 14/09/2025
JV.2025.09.00376,14-Sep-2025,14-Sep-2025,SMS,Penjualan cafe,"1,336,335.00",Penjualan cafe strada SMS tanggal 14/09/2025
JV.2025.09.00382,14-Sep-2025,15-Sep-2025,SMS,Uang masuk,"1,336,335.00",Uang masuk penjualan cafe strada SMS tanggal 14/09/2025
JV.2025.09.00347,14-Sep-2025,14-Sep-2025,La Piazza,Penjualan cafe,"24,633,845.00",Penjualan cafe tanggal 14/09/2025
JV.2025.09.00355,14-Sep-2025,15-Sep-2025,La Piazza,Uang masuk,"24,608,345.00",Uang masuk penjualan cafe tanggal 14/09/2025
JV.2025.09.00619,15-Sep-2025,15-Sep-2025,MKG,Penjualan cafe,"560,175.00",Penjualan cafe strada MKG tanggal 15/09/2025
JV.2025.09.00620,15-Sep-2025,16-Sep-2025,MKG,Uang masuk,"560,175.00",Uang masuk penjualan cafe strada MKG tanggal 15/09/2025
JV.2025.09.00631,15-Sep-2025,15-Sep-2025,SMS,Penjualan cafe,"173,250.00",Penjualan cafe strada SMS tanggal 15/09/2025
JV.2025.09.00632,15-Sep-2025,16-Sep-2025,SMS,Uang masuk,"162,150.00",Uang masuk penjualan cafe strada SMS tanggal 15/09/2025
JV.2025.09.00586,15-Sep-2025,15-Sep-2025,La Piazza,Penjualan cafe,"15,248,400.00",Penjualan cafe tanggal 15/09/2025
JV.2025.09.00591,15-Sep-2025,16-Sep-2025,La Piazza,Uang masuk,"15,197,850.00",Uang masuk penjualan cafe tanggal 15/09/2025
JV.2025.09.00621,16-Sep-2025,16-Sep-2025,MKG,Penjualan cafe,"202,125.00",Penjualan cafe strada MKG tanggal 16/09/2025
JV.2025.09.00622,16-Sep-2025,17-Sep-2025,MKG,Uang masuk,"202,125.00",Uang masuk Penjualan cafe strada MKG tanggal 16/09/2025
JV.2025.09.00633,16-Sep-2025,16-Sep-2025,SMS,Penjualan cafe,"405,680.00",Penjualan cafe strada SMS tanggal 16/09/2025
JV.2025.09.00634,16-Sep-2025,17-Sep-2025,SMS,Uang masuk,"405,680.00",Uang masuk penjualan cafe strada SMS tanggal 16/09/2025
JV.2025.09.00587,16-Sep-2025,16-Sep-2025,La Piazza,Penjualan cafe,"10,693,460.00",Penjualan cafe tanggal 16/09/2025
JV.2025.09.00592,16-Sep-2025,17-Sep-2025,La Piazza,Uang masuk,"10,627,160.00",Uang masuk penjualan cafe tanggal 16/09/2025
JV.2025.09.00623,17-Sep-2025,17-Sep-2025,MKG,Penjualan cafe,"493,185.00",Penjualan cafe strada MKG tanggal 17/09/2025
JV.2025.09.00624,17-Sep-2025,18-Sep-2025,MKG,Uang masuk,"493,185.00",Uang masuk Penjualan cafe strada MKG tanggal 17/09/2025
JV.2025.09.00635,17-Sep-2025,17-Sep-2025,SMS,Penjualan cafe,"237,930.00",Penjualan cafe strada SMS tanggal 17/09/2025
JV.2025.09.00636,17-Sep-2025,18-Sep-2025,SMS,Uang masuk,"237,930.00",Uang masuk penjualan cafe strada SMS tanggal 17/09/2025
JV.2025.09.00588,17-Sep-2025,17-Sep-2025,La Piazza,Penjualan cafe,"8,823,935.00",Penjualan cafe tanggal 17/09/2025
JV.2025.09.00593,17-Sep-2025,18-Sep-2025,La Piazza,Uang masuk,"8,634,110.00",Uang masuk penjualan cafe tanggal 17/09/2025
JV.2025.09.00625,18-Sep-2025,18-Sep-2025,MKG,Penjualan cafe,"455,070.00",Penjualan cafe strada MKG tanggal 18/09/2025
JV.2025.09.00626,18-Sep-2025,19-Sep-2025,MKG,Uang masuk,"455,070.00",Uang masuk Penjualan cafe strada MKG tanggal 18/09/2025
JV.2025.09.00637,18-Sep-2025,18-Sep-2025,SMS,Penjualan cafe,"139,755.00",Penjualan cafe strada SMS tanggal 18/09/2025
JV.2025.09.00638,18-Sep-2025,19-Sep-2025,SMS,Uang masuk,"139,755.00",Uang masuk penjualan cafe strada SMS tanggal 18/09/2025
JV.2025.09.00589,18-Sep-2025,18-Sep-2025,La Piazza,Penjualan cafe,"7,461,010.00",Penjualan cafe tanggal 18/09/2025
JV.2025.09.00594,18-Sep-2025,19-Sep-2025,La Piazza,Uang masuk,"7,416,010.00",Uang masuk penjualan cafe tanggal 18/09/2025
JV.2025.09.00627,19-Sep-2025,19-Sep-2025,MKG,Penjualan cafe,"489,965.00",Penjualan cafe strada MKG tanggal 19/09/2025
JV.2025.09.00628,19-Sep-2025,20-Sep-2025,MKG,Uang masuk,"489,965.00",Uang masuk penjualan cafe strada MKG tanggal 19/09/2025
JV.2025.09.00639,19-Sep-2025,19-Sep-2025,SMS,Penjualan cafe,"678,245.00",Penjualan cafe strada SMS tanggal 19/09/2025
JV.2025.09.00618,19-Sep-2025,20-Sep-2025,SMS,Uang masuk,"62,400.00",Uang masuk OVO penjualan cafe strada SMS tanggal 19/09/2025
JV.2025.09.00640,19-Sep-2025,20-Sep-2025,SMS,Uang masuk,"445,745.00",Uang masuk penjualan cafe strada SMS tanggal 19/09/2025
JV.2025.09.00614,19-Sep-2025,19-Sep-2025,La Piazza,Penjualan cafe,"15,589,590.00",Penjualan cafe tanggal 19/09/2025
JV.2025.09.00617,19-Sep-2025,20-Sep-2025,La Piazza,Uang masuk,"15,493,340.00",Uang masuk penjualan cafe tanggal 19/09/2025
JV.2025.09.00629,20-Sep-2025,20-Sep-2025,MKG,Penjualan cafe,"2,302,255.00",Penjualan cafe strada MKG tanggal 20/09/2025
JV.2025.09.00630,20-Sep-2025,21-Sep-2025,MKG,Uang masuk,"2,061,830.00",Uang masuk penjualan cafe strada MKG tanggal 20/09/2025
JV.2025.09.00641,20-Sep-2025,20-Sep-2025,SMS,Penjualan cafe,"1,031,415.00",Penjualan cafe strada SMS tanggal 20/09/2025
JV.2025.09.00642,20-Sep-2025,21-Sep-2025,SMS,Uang masuk,"981,415.00",Uang masuk penjualan cafe strada SMS tanggal 20/09/2025
JV.2025.09.00615,20-Sep-2025,20-Sep-2025,La Piazza,Penjualan cafe,"21,164,345.00",Penjualan cafe tanggal 20/09/2025
JV.2025.09.00616,20-Sep-2025,21-Sep-2025,La Piazza,Uang masuk,"20,997,795.00",Uang masuk penjualan cafe tanggal 20/09/2025
JV.2025.09.01226,21-Sep-2025,21-Sep-2025,MKG,Penjualan cafe,"2,679,875.00",Penjualan cafe strada MKG tanggal 21/09/2025
JV.2025.09.01252,21-Sep-2025,22-Sep-2025,MKG,Uang masuk,"2,679,875.00",Uang masuk penjualan cafe strada MKG tanggal 21/09/2025
JV.2025.09.01263,21-Sep-2025,21-Sep-2025,SMS,Penjualan cafe,"1,457,045.00",Penjualan cafe strada SMS tanggal 21/09/2025
JV.2025.09.01261,21-Sep-2025,22-Sep-2025,SMS,Uang masuk,"1,457,045.00",Uang masuk penjualan cafe strada SMS tanggal 21/09/2025
JV.2025.09.01194,21-Sep-2025,21-Sep-2025,La Piazza,Penjualan cafe,"30,301,308.00",Penjualan cafe tanggal 21/09/2025
JV.2025.10.00278,21-Sep-2025,22-Sep-2025,La Piazza,Uang masuk,"29,647,473.00",Uang masuk penjualan cafe tanggal 21/09/2025
JV.2025.09.01251,22-Sep-2025,23-Sep-2025,MKG,Uang masuk,"395,010.00",Uang masuk penjualan cafe strada MKG tanggal 22/09/2025
JV.2025.09.01264,22-Sep-2025,22-Sep-2025,SMS,Penjualan cafe,"143,220.00",Penjualan cafe strada SMS tanggal
JV.2025.09.01260,22-Sep-2025,23-Sep-2025,SMS,Uang masuk,"143,220.00",Uang masuk penjualan cafe strada SMS tanggal 22/09/2025
JV.2025.09.01195,22-Sep-2025,22-Sep-2025,La Piazza,Penjualan cafe,"12,308,500.00",Penjualan cafe tanggal 22/09/2025
JV.2025.10.00277,22-Sep-2025,23-Sep-2025,La Piazza,Uang masuk,"12,174,030.00",Uang masuk penjualan cafe tanggal 22/09/2025
JV.2025.09.01250,23-Sep-2025,24-Sep-2025,MKG,Uang masuk,"766,155.00",Uang masuk penjualan cafe strada MKG tanggal 23/09/2025
JV.2025.09.01265,23-Sep-2025,23-Sep-2025,SMS,Penjualan cafe,"276,045.00",Penjualan cafe strada SMS tanggal 23/09/2025
JV.2025.09.01259,23-Sep-2025,24-Sep-2025,SMS,Uang masuk,"276,045.00",Uang masuk penjualan cafe strada SMS tanggal 23/09/2025
JV.2025.09.01196,23-Sep-2025,23-Sep-2025,La Piazza,Penjualan cafe,"11,143,360.00",Penjualan cafe tanggal 23/09/2025
JV.2025.09.01223,23-Sep-2025,24-Sep-2025,La Piazza,Uang masuk,"11,020,120.00",Uang masuk penjualan cafe tanggal 23/09/2025
JV.2025.09.01227,24-Sep-2025,24-Sep-2025,MKG,Penjualan cafe,"456,225.00",Penjualan cafe strada MKG tanggal 24/09/2025
JV.2025.09.01249,24-Sep-2025,25-Sep-2025,MKG,Uang masuk,"456,225.00",Uang masuk penjualan cafe strada MKG tanggal 24/09/2025
JV.2025.09.01266,24-Sep-2025,24-Sep-2025,SMS,Penjualan cafe,"121,275.00",Penjualan cafe strada SMS tanggal 24/09/2025
JV.2025.09.01258,24-Sep-2025,25-Sep-2025,SMS,Uang masuk,"121,275.00",Uang masuk penjualan cafe strada SMS tanggal 24/09/2025
JV.2025.09.01197,24-Sep-2025,24-Sep-2025,La Piazza,Penjualan cafe,"7,422,865.00",Penjualan cafe tanggal 24/09/2025
JV.2025.09.01222,24-Sep-2025,25-Sep-2025,La Piazza,Uang masuk,"7,322,125.00",Uang masuk penjualan cafe tanggal 24/09/2025
JV.2025.09.01228,25-Sep-2025,25-Sep-2025,MKG,Penjualan cafe,"950,840.00",Penjualan cafe strada MKG tanggal 25/09/2025
JV.2025.09.01248,25-Sep-2025,26-Sep-2025,MKG,Uang masuk,"950,840.00",Uang masuk penjualan cafe strada MKG tanggal 25/09/2025
JV.2025.09.01267,25-Sep-2025,25-Sep-2025,SMS,Penjualan cafe,"470,115.00",Penjualan cafe strada SMS tanggal 25/09/2025
JV.2025.09.01257,25-Sep-2025,26-Sep-2025,SMS,Uang masuk,"470,115.00",Uang masuk penjualan cafe strada SMS tanggal 25/09/2025
JV.2025.09.01198,25-Sep-2025,25-Sep-2025,La Piazza,Penjualan cafe,"11,000,129.18",Penjualan cafe tanggal 25/09/2025
JV.2025.09.01221,25-Sep-2025,26-Sep-2025,La Piazza,Uang masuk,"10,818,188.00",Uang masuk penjualan cafe tanggal 25/09/2025
JV.2025.09.01247,26-Sep-2025,27-Sep-2025,MKG,Uang masuk,"1,077,800.00",Uang masuk penjualan cafe strada MKG tanggal 26/0/2025
JV.2025.09.01229,26-Sep-2025,26-Sep-2025,MKG,Penjualan cafe,"1,077,800.00",Penjualan cafe strada MKG tanggal 26/09/2025
JV.2025.09.01268,26-Sep-2025,26-Sep-2025,SMS,Penjualan cafe,"676,830.00",Penjualan cafe strada SMS tanggal 26/09/2025
JV.2025.09.01256,26-Sep-2025,27-Sep-2025,SMS,Uang masuk,"676,830.00",Uang masuk penjualan cafe strada SMS tanggal 26/09/2025
JV.2025.09.01199,26-Sep-2025,26-Sep-2025,La Piazza,Penjualan cafe,"15,696,950.00",Penjualan cafe tanggal 26/09/2025
JV.2025.09.01220,26-Sep-2025,27-Sep-2025,La Piazza,Uang masuk,"15,485,675.00",Uang masuk penjualan cafe tanggal
JV.2025.09.01230,27-Sep-2025,27-Sep-2025,MKG,Penjualan cafe,"2,358,390.00",Penjualan cafe strada MKG tanggal 27/09/2025
JV.2025.09.01245,27-Sep-2025,28-Sep-2025,MKG,Uang masuk,"2,181,675.00",Uang masuk penjualan cafe strada MKG tanggal 27/09/2025
JV.2025.09.01269,27-Sep-2025,27-Sep-2025,SMS,Penjualan cafe,"759,475.00",Penjualan cafe strada SMS tanggal 27/09/2025
JV.2025.09.01255,27-Sep-2025,28-Sep-2025,SMS,Uang masuk,"759,475.00",Uang masuk penjualan cafe strada SMS tanggal 27/09/2025
JV.2025.09.01207,27-Sep-2025,27-Sep-2025,La Piazza,Penjualan cafe,"20,920,965.00",Penjualan cafe tanggal 27/09/2025
JV.2025.09.01219,27-Sep-2025,28-Sep-2025,La Piazza,Uang masuk,"20,490,285.00",Uang masuk penjualan cafe tanggal 27/09/2025
JV.2025.09.01232,28-Sep-2025,28-Sep-2025,MKG,Penjualan cafe,"1,371,305.00",Penjualan cafe strada MKG tanggal 28/09/2025
JV.2025.09.01244,28-Sep-2025,29-Sep-2025,MKG,Uang masuk,"1,371,305.00",Uang masuk penjualan strada cafe MKG tanggal 28/09/2025
JV.2025.09.01270,28-Sep-2025,28-Sep-2025,SMS,Penjualan cafe,"1,644,510.00",Penjualan cafe strada SMS tanggal 28/09/2025
JV.2025.09.01254,28-Sep-2025,29-Sep-2025,SMS,Uang masuk,"1,644,310.00",Uang masuk penjualan cafe strada SMS tanggal 28/09/2025
JV.2025.09.01208,28-Sep-2025,28-Sep-2025,La Piazza,Penjualan cafe,"29,405,780.00",Penjualan cafe tanggal 28/09/2025
JV.2025.09.01218,28-Sep-2025,29-Sep-2025,La Piazza,Uang masuk,"28,892,685.00",Uang masuk penjualan cafe tanggal 28/09/2025
JV.2025.09.01233,29-Sep-2025,29-Sep-2025,MKG,Penjualan cafe,"720,205.00",Penjualan cafe strada MKG tanggal 29/09/2025
JV.2025.09.01243,29-Sep-2025,30-Sep-2025,MKG,Uang masuk,"720,205.00",Uang masuk penjualan strada cafe MKG tanggal 29/09/2025
JV.2025.09.01271,29-Sep-2025,29-Sep-2025,SMS,Penjualan cafe,"332,640.00",Penjualan cafe strada SMS tanggal 29/09/2025
JV.2025.09.01253,29-Sep-2025,30-Sep-2025,SMS,Uang masuk,"332,640.00",Uang masuk penjualan cafe strada SMS tanggal 29/09/2025
JV.2025.09.01209,29-Sep-2025,29-Sep-2025,La Piazza,Penjualan cafe,"9,917,430.00",Penjualan cafe tanggal 29/09/2025
JV.2025.09.01217,29-Sep-2025,30-Sep-2025,La Piazza,Uang masuk,"9,643,120.00",Uang masuk penjualan cafe tanggal 29/09/2025
JV.2025.09.01234,30-Sep-2025,30-Sep-2025,MKG,Penjualan cafe,"736,290.00",Penjualan cafe strada MKG tanggal 30/09/2025
JV.2025.10.00311,30-Sep-2025,1-Oct-2025,MKG,Uang masuk,"736,290.00",Uang masuk penjualan cafe strada MKG tanggal 30/09/2025
JV.2025.10.00323,30-Sep-2025,1-Oct-2025,SMS,Penjualan cafe,"330,330.00",Penjualan cafe strada SMS tanggal 30/09/2025
JV.2025.10.00322,30-Sep-2025,1-Oct-2025,SMS,Uang masuk,"330,330.00",Uang masuk penjualan cafe strada SMS tanggal 30/09/2025
JV.2025.09.01210,30-Sep-2025,30-Sep-2025,La Piazza,Penjualan cafe,"11,058,055.01",Penjualan cafe tanggal 30/09/2025
JV.2025.10.00275,30-Sep-2025,1-Oct-2025,La Piazza,Uang masuk,"10,887,605.00",Uang masuk penjualan cafe tanggal 30/09/2025
JV.2025.10.00282,1-Oct-2025,1-Oct-2025,MKG,Penjualan cafe,"552,090.00",Penjualan cafe strada MKG tanggal 01/10/2025
JV.2025.10.00309,1-Oct-2025,2-Oct-2025,MKG,Uang masuk,"552,090.00",Uang masuk penjualan cafe strada MKG tanggal 01/10/2025
JV.2025.10.01118,1-Oct-2025,1-Oct-2025,SMS,Penjualan cafe,"233,310.00",Penjualan cafe strada SMS tanggal 01/10/2025
JV.2025.10.00321,1-Oct-2025,2-Oct-2025,SMS,Uang masuk,"233,310.00",Uang masuk penjualan cafe strada SMS tanggal 01/10/2025
JV.2025.10.00254,1-Oct-2025,1-Oct-2025,La Piazza,Penjualan cafe,"16,647,851.82",Penjualan cafe tanggal 01/10/2025
JV.2025.10.00274,1-Oct-2025,2-Oct-2025,La Piazza,Uang masuk,"16,392,370.00",Uang masuk penjualan cafe tanggal 01/10/2025
JV.2025.10.00283,2-Oct-2025,2-Oct-2025,MKG,Penjualan cafe,"889,490.00",Penjualan cafe strada MKG tanggal 02/10/2025
JV.2025.10.00308,2-Oct-2025,3-Oct-2025,MKG,Uang masuk,"889,490.00",Uang masuk penjualan cafe strada MKG tanggal 02/10/2025
JV.2025.10.01138,2-Oct-2025,2-Oct-2025,SMS,Penjualan cafe,"328,020.00",Penjualan cafe strada SMS tanggal 02/10/2025
JV.2025.10.01119,2-Oct-2025,2-Oct-2025,SMS,Penjualan cafe,"328,020.00",Penjualan cafe strada SMS tanggal 02/10/2025
JV.2025.10.00320,2-Oct-2025,3-Oct-2025,SMS,Uang masuk,"328,020.00",Uang masuk penjualan cafe strada SMS tanggal 02/10/2025
JV.2025.10.00255,2-Oct-2025,2-Oct-2025,La Piazza,Penjualan cafe,"13,884,265.00",Penjualan cafe tanggal 02/10/2025
JV.2025.10.00273,2-Oct-2025,3-Oct-2025,La Piazza,Uang masuk,"13,612,500.00",Uang masuk penjualan cafe tanggal 02/10/2025
JV.2025.10.00284,3-Oct-2025,3-Oct-2025,MKG,Penjualan cafe,"716,375.00",Penjualan cafe strada MKG tanggal 03/10/2025
JV.2025.10.00307,3-Oct-2025,4-Oct-2025,MKG,Uang masuk,"716,575.00",Uang masuk penjualan cafe strada MKG tanggal 03/10/2025
JV.2025.10.01139,3-Oct-2025,3-Oct-2025,SMS,Penjualan cafe,"642,185.00",Penjualan cafe strada SMS tanggal 03/10/2025
JV.2025.10.01120,3-Oct-2025,3-Oct-2025,SMS,Penjualan cafe,"642,185.00",Penjualan cafe strada SMS tanggal 03/10/2025
JV.2025.10.00319,3-Oct-2025,4-Oct-2025,SMS,Uang masuk,"642,185.00",Uang masuk penjualan cafe strada SMS tanggal 03/10/2025
JV.2025.10.00256,3-Oct-2025,3-Oct-2025,La Piazza,Penjualan cafe,"22,524,100.00",Penjualan cafe tanggal 03/10/2025
JV.2025.10.00272,3-Oct-2025,4-Oct-2025,La Piazza,Uang masuk,"22,398,340.00",Uang masuk penjualan cafe tanggal 03/10/2025
JV.2025.10.00285,4-Oct-2025,4-Oct-2025,MKG,Penjualan cafe,"2,797,970.00",Penjualan cafe strada MKG tanggal 04/10/2025
JV.2025.10.00306,4-Oct-2025,5-Oct-2025,MKG,Uang masuk,"2,797,970.00",Uang masuk penjualan cafe strada MKG tanggal 04/10/2025
JV.2025.10.01140,4-Oct-2025,4-Oct-2025,SMS,Penjualan cafe,"758,350.00",Penjualan cafe strada SMS tanggal 04/10/2025
JV.2025.10.01121,4-Oct-2025,4-Oct-2025,SMS,Penjualan cafe,"758,350.00",Penjualan cafe strada SMS tanggal 04/10/2025
JV.2025.10.00318,4-Oct-2025,5-Oct-2025,SMS,Uang masuk,"758,350.00",Uang masuk penjualan cafe strada SMS tanggal 04/10/2025
JV.2025.10.00257,4-Oct-2025,4-Oct-2025,La Piazza,Penjualan cafe,"32,788,930.00",Penjualan cafe tanggal 04/10/2025
JV.2025.10.00271,4-Oct-2025,5-Oct-2025,La Piazza,Uang masuk,"32,628,930.00",Uang masuk penjualan cafe tanggal 04/10/2025
JV.2025.10.00286,5-Oct-2025,5-Oct-2025,MKG,Penjualan cafe,"1,615,010.00",Penjualan cafe strada MKG tanggal 05/10/2025
JV.2025.10.00305,5-Oct-2025,6-Oct-2025,MKG,Uang masuk,"1,615,010.00",Uang masuk penjualan cafe strada MKG tanggal 05/10/2025
JV.2025.10.01141,5-Oct-2025,5-Oct-2025,SMS,Penjualan cafe,"1,191,950.00",Penjualan cafe strada SMS tanggal 05/10/2025
JV.2025.10.01122,5-Oct-2025,5-Oct-2025,SMS,Penjualan cafe,"1,191,950.00",Penjualan cafe strada SMS tanggal 05/10/2025
JV.2025.10.00317,5-Oct-2025,6-Oct-2025,SMS,Uang masuk,"1,191,950.00",Uang masuk penjualan cafe strada SMS tanggal 05/10/2025
JV.2025.10.00258,5-Oct-2025,5-Oct-2025,La Piazza,Penjualan cafe,"24,760,100.00",Penjualan cafe tanggal 05/10/2025
JV.2025.10.00270,5-Oct-2025,6-Oct-2025,La Piazza,Uang masuk,"24,683,750.00",Uang masuk penjualan cafe tanggal 05/10/2025
JV.2025.10.00287,6-Oct-2025,6-Oct-2025,MKG,Penjualan cafe,"503,580.00",Penjualan cafe strada MKG tanggal 06/10/2025
JV.2025.10.00304,6-Oct-2025,7-Oct-2025,MKG,Uang masuk,"503,580.00",Uang masuk penjualan cafe strada MKG tanggal 06/10/2025
JV.2025.10.01142,6-Oct-2025,6-Oct-2025,SMS,Penjualan cafe,"152,460.00",Penjualan cafe strada SMS tanggal 06/10/2025
JV.2025.10.01123,6-Oct-2025,6-Oct-2025,SMS,Penjualan cafe,"152,460.00",Penjualan cafe strada SMS tanggal 06/10/2025
JV.2025.10.00316,6-Oct-2025,7-Oct-2025,SMS,Uang masuk,"152,460.00",Uang masuk penjualan cafe strada SMS tanggal 06/10/2025
JV.2025.10.00259,6-Oct-2025,6-Oct-2025,La Piazza,Penjualan cafe,"10,740,015.00",Penjualan cafe tanggal 06/10/2025
JV.2025.10.00288,7-Oct-2025,7-Oct-2025,MKG,Penjualan cafe,"487,410.00",Penjualan cafe strada MKG tanggal 07/10/2025
JV.2025.10.00302,7-Oct-2025,8-Oct-2025,MKG,Uang masuk,"487,410.00",Uang masuk penjualan cafe strada MKG tanggal 07/10/2025
JV.2025.10.01143,7-Oct-2025,7-Oct-2025,SMS,Penjualan cafe,"356,760.00",Penjualan cafe strada SMS tanggal 07/10/2025
JV.2025.10.01124,7-Oct-2025,7-Oct-2025,SMS,Penjualan cafe,"356,760.00",Penjualan cafe strada SMS tanggal 07/10/2025
JV.2025.10.00315,7-Oct-2025,8-Oct-2025,SMS,Uang masuk,"356,760.00",Uang masuk penjualan cafe strada SMS tanggal 07/10/2025
JV.2025.10.00260,7-Oct-2025,7-Oct-2025,La Piazza,Penjualan cafe,"9,586,035.00",Penjualan cafe tanggal 07/10/2025
JV.2025.10.00268,7-Oct-2025,8-Oct-2025,La Piazza,Uang masuk,"9,460,485.00",Uang masuk penjualan cafe tanggal 07/10/2025
JV.2025.10.00289,8-Oct-2025,8-Oct-2025,MKG,Penjualan cafe,"546,315.00",Penjualan cafe strada MKG tanggal 08/10/2025
JV.2025.10.00300,8-Oct-2025,9-Oct-2025,MKG,Uang masuk,"546,315.00",Uang masuk penjualan cafe strada MKG tanggal 08/10/2025
JV.2025.10.01144,8-Oct-2025,8-Oct-2025,SMS,Penjualan cafe,"321,090.00",Penjualan cafe strada SMS tanggal 08/10/2025
JV.2025.10.01125,8-Oct-2025,8-Oct-2025,SMS,Penjualan cafe,"321,090.00",Penjualan cafe strada SMS tanggal 08/10/2025
JV.2025.10.00314,8-Oct-2025,9-Oct-2025,SMS,Uang masuk,"321,090.00",Uang masuk penjualan cafe strada SMS tanggal 08/10/2025
JV.2025.10.00261,8-Oct-2025,8-Oct-2025,La Piazza,Penjualan cafe,"12,924,915.00",Penjualan cafe tanggal 08/10/2025
JV.2025.10.00264,8-Oct-2025,9-Oct-2025,La Piazza,Uang masuk,"12,747,015.00",Uang masuk penjualan cafe tanggal 08/10/2025
JV.2025.10.00290,9-Oct-2025,9-Oct-2025,MKG,Penjualan cafe,"808,945.00",Penjualan cafe strada MKG tanggal 09/10/2025
JV.2025.10.00298,9-Oct-2025,10-Oct-2025,MKG,Uang masuk,"808,945.00",Uang masuk penjualan cafe strada MKG tanggal 09/10/2025
JV.2025.10.01145,9-Oct-2025,9-Oct-2025,SMS,Penjualan cafe,"403,695.00",Penjualan cafe strada SMS tanggal 09/10/2025
JV.2025.10.01126,9-Oct-2025,9-Oct-2025,SMS,Penjualan cafe,"403,695.00",Penjualan cafe strada SMS tanggal 09/10/2025
JV.2025.10.00313,9-Oct-2025,10-Oct-2025,SMS,Uang masuk,"403,695.00",Uang masuk penjualan cafe strada SMS tanggal 09/10/2025
JV.2025.10.00262,9-Oct-2025,9-Oct-2025,La Piazza,Penjualan cafe,"18,080,975.00",Penjualan cafe tanggal 09/10/2025
JV.2025.10.00263,9-Oct-2025,10-Oct-2025,La Piazza,Uang masuk,"16,372,975.00",Uang masuk penjualan cafe tanggal
JV.2025.10.00291,10-Oct-2025,10-Oct-2025,MKG,Penjualan cafe,"962,115.00",Penjualan cafe strada MKG tanggal 10/10/2025
JV.2025.10.00296,10-Oct-2025,11-Oct-2025,MKG,Uang masuk,"962,115.00",Uang masuk penjualan cafe strada MKG tanggal 10/10/2025
JV.2025.10.01146,10-Oct-2025,10-Oct-2025,SMS,Penjualan cafe,"366,805.00",Penjualan cafe strada SMS tanggal 10/10/2025
JV.2025.10.00312,10-Oct-2025,11-Oct-2025,SMS,Uang masuk,"366,805.00",Uang masuk penjualan cafe strada SMS tanggal 10/10/2025
JV.2025.10.00266,10-Oct-2025,10-Oct-2025,La Piazza,Penjualan cafe,"15,496,385.00",Penjualan cafe strada tanggal 10/10/2025
JV.2025.10.01251,10-Oct-2025,11-Oct-2025,La Piazza,Uang masuk,"14,696,780.00",Uang masuk penjualan cafe tanggal 10/10/2025
JV.2025.10.00267,10-Oct-2025,11-Oct-2025,La Piazza,Uang masuk,"14,696,780.00",Uang masuk penjualan cafe tanggal 10/10/2025
JV.2025.10.01098,11-Oct-2025,11-Oct-2025,MKG,Penjualan cafe,"2,453,215.00",Penjualan cafe strada MKG tanggal 11/10/2025
JV.2025.10.01196,11-Oct-2025,12-Oct-2025,MKG,Uang masuk,"2,453,215.00",Uang masuk penjualan cafe strada MKG tanggal 11/10/2025
JV.2025.10.01147,11-Oct-2025,11-Oct-2025,SMS,Penjualan cafe,"1,345,715.00",Penjualan cafe strada SMS tanggal 11/10/2025
JV.2025.10.01171,11-Oct-2025,12-Oct-2025,SMS,Uang masuk,"1,345,715.00",Uang masuk penjualan cafe strada SMS tanggal 11/10/2025
JV.2025.10.00992,11-Oct-2025,11-Oct-2025,La Piazza,Penjualan cafe,"28,018,970.00",Penjualan cafe tanggal 11/10/2025
JV.2025.10.01218,11-Oct-2025,12-Oct-2025,La Piazza,Uang masuk,"27,231,135.00",Uang masuk penjualan cafe tanggal 11/10/2025
JV.2025.10.01099,12-Oct-2025,12-Oct-2025,MKG,Penjualan cafe,"2,276,295.00",Penjualan cafe strada MKG tanggal 12/10/2025
JV.2025.10.01197,12-Oct-2025,13-Oct-2025,MKG,Uang masuk,"2,276,295.00",Uang masuk penjualan cafe strada MKG tanggal 12/10/2025
JV.2025.10.01148,12-Oct-2025,12-Oct-2025,SMS,Penjualan cafe,"787,710.00",Penjualan cafe strada SMS tanggal 12/10/2025
JV.2025.10.01172,12-Oct-2025,13-Oct-2025,SMS,Uang masuk,"787,710.00",Uang masuk penjualan cafe strada SMS tanggal 12/10/2025
JV.2025.10.00993,12-Oct-2025,12-Oct-2025,La Piazza,Penjualan cafe,"19,775,645.00",Penjualan cafe tanggal 12/10/2025
JV.2025.10.01219,12-Oct-2025,13-Oct-2025,La Piazza,Uang masuk,"19,761,245.00",Uang masuk penjualan cafe tanggal 12/10/2025
JV.2025.10.01100,13-Oct-2025,13-Oct-2025,MKG,Penjualan cafe,"728,805.00",Penjualan cafe strada MKG tanggal 13/10/2025
JV.2025.10.01198,13-Oct-2025,14-Oct-2025,MKG,Uang masuk,"728,805.00",Uang masuk penjualan cafe strada MKG tanggal 13/10/2025
JV.2025.10.01149,13-Oct-2025,13-Oct-2025,SMS,Penjualan cafe,"1,295,190.00",Penjualan cafe strada SMS tanggal 13/10/2025
JV.2025.10.01173,13-Oct-2025,14-Oct-2025,SMS,Uang masuk,"1,295,190.00",Uang masuk penjualan cafe strada SMS tanggal 13/10/2025
JV.2025.10.00994,13-Oct-2025,13-Oct-2025,La Piazza,Penjualan cafe,"9,633,890.00",Penjualan cafe tanggal 13/10/2025
JV.2025.10.01220,13-Oct-2025,14-Oct-2025,La Piazza,Uang masuk,"9,465,515.00",Uang masuk penjualan cafe tanggal 13/10/2025
JV.2025.11.00439,14-Oct-2025,14-Oct-2025,MKG,Penjualan cafe,"1,128,825.00",Penjualan cafe strada MKG tanggal 14/10/2025
JV.2025.10.01199,14-Oct-2025,15-Oct-2025,MKG,Uang masuk,"1,378,825.00",Uang masuk penjualan cafe strada MKG tanggal 14/10/2025
JV.2025.10.01150,14-Oct-2025,14-Oct-2025,SMS,Penjualan cafe,"214,275.00",Penjualan cafe strada SMS tanggal 14/10/2025
JV.2025.10.01174,14-Oct-2025,15-Oct-2025,SMS,Uang masuk,"214,275.00",Uang masuk penjualan cafe strada SMS tanggal 14/10/2025
JV.2025.10.00995,14-Oct-2025,14-Oct-2025,La Piazza,Penjualan cafe,"12,831,045.00",Penjualan cafe tanggal 14/10/2025
JV.2025.10.01221,14-Oct-2025,15-Oct-2025,La Piazza,Uang masuk,"12,325,995.00",Uang masuk penjualan cafe tanggal 14/10/2025
JV.2025.10.01101,15-Oct-2025,15-Oct-2025,MKG,Penjualan cafe,"532,455.00",Penjualan cafe strada MKG tanggal 15/10/2025
JV.2025.10.01200,15-Oct-2025,16-Oct-2025,MKG,Uang masuk,"532,455.00",Uang masuk penjualan cafe strada MKG tanggal 15/10/2025
JV.2025.10.01151,15-Oct-2025,15-Oct-2025,SMS,Penjualan cafe,"206,745.00",Penjualan cafe strada SMS tanggal 15/10/2025
JV.2025.10.01175,15-Oct-2025,16-Oct-2025,SMS,Uang masuk,"206,745.00",Uang masuk penjualan cafe strada SMS tanggal 15/10/2025
JV.2025.10.00996,15-Oct-2025,15-Oct-2025,La Piazza,Penjualan cafe,"11,718,950.00",Penjualan cafe tanggal 15/10/2025
JV.2025.10.01222,15-Oct-2025,16-Oct-2025,La Piazza,Uang masuk,"11,422,600.00",Uang masuk penjualan cafe tanggal 15/10/2025
JV.2025.10.01102,16-Oct-2025,16-Oct-2025,MKG,Penjualan cafe,"1,172,690.00",Penjualan cafe strada MKG tanggal 16/10/2025
JV.2025.10.01201,16-Oct-2025,17-Oct-2025,MKG,Uang masuk,"1,172,690.00",Uang masuk penjualan cafe strada MKG tanggal 16/10/2025
JV.2025.10.01152,16-Oct-2025,16-Oct-2025,SMS,Penjualan cafe,"380,270.00",Penjualan cafe strada SMS tanggal 16/10/2025
JV.2024.10.00951,16-Oct-2025,17-Oct-2025,SMS,Uang masuk,"380,270.00",Uang masuk penjualan cafe strada SMS tanggal 16/10/2025
JV.2025.10.00997,16-Oct-2025,16-Oct-2025,La Piazza,Penjualan cafe,"11,519,600.00",Penjualan cafe tanggal 16/10/2025
JV.2025.10.01223,16-Oct-2025,17-Oct-2025,La Piazza,Uang masuk,"11,222,450.00",Uang masuk penjualan cafe tanggal 16/10/2025
JV.2025.10.01103,17-Oct-2025,17-Oct-2025,MKG,Penjualan cafe,"889,905.00",Penjualan cafe strada MKG tanggal 17/10/2025
JV.2025.10.01202,17-Oct-2025,18-Oct-2025,MKG,Uang masuk,"889,905.00",Uang masuk penjualan cafe strada MKG tanggal 17/10/2025
JV.2025.10.01153,17-Oct-2025,17-Oct-2025,SMS,Penjualan cafe,"1,072,860.00",Penjualan cafe strada SMS tanggal 17/10/2025
JV.2025.10.01176,17-Oct-2025,18-Oct-2025,SMS,Uang masuk,"1,072,860.00",Uang masuk penjualan cafe strada SMS tanggal 17/10/2025
JV.2025.10.00998,17-Oct-2025,17-Oct-2025,La Piazza,Penjualan cafe,"14,517,340.00",Penjualan cafe tanggal 17/10/2025
JV.2025.10.01224,17-Oct-2025,18-Oct-2025,La Piazza,Uang masuk,"14,435,440.00",Uang masuk penjualan cafe tanggal 17/10/2025
JV.2025.10.01262,17-Oct-2025,18-Oct-2025,La Piazza,Uang masuk,"207,900.00",Uang masuk setoran cash penjualan tanggal 17/10/2025
JV.2025.10.01104,18-Oct-2025,18-Oct-2025,MKG,Penjualan cafe,"1,908,795.00",Penjualan cafe strada MKG tanggal 18/10/2025
JV.2025.10.01203,18-Oct-2025,19-Oct-2025,MKG,Uang masuk,"1,908,795.00",Uang masuk penjualan cafe strada MKG tanggal 18/10/2025
JV.2025.10.01154,18-Oct-2025,18-Oct-2025,SMS,Penjualan cafe,"699,930.00",Penjualan cafe strada SMS tanggal 18/10/2025
JV.2025.10.01177,18-Oct-2025,19-Oct-2025,SMS,Uang masuk,"699,930.00",Uang masuk penjualan cafe strada SMS tanggal 18/10/2025
JV.2025.10.00999,18-Oct-2025,18-Oct-2025,La Piazza,Penjualan cafe,"37,283,350.00",Penjualan cafe tanggal 18/10/2025
JV.2025.10.01225,18-Oct-2025,19-Oct-2025,La Piazza,Uang masuk,"37,066,068.00",Uang masuk penjualan cafe tanggal 18/10/2025
JV.2025.10.01105,19-Oct-2025,19-Oct-2025,MKG,Penjualan cafe,"2,736,305.00",Penjualan cafe strada MKG tanggal 19/10/2025
JV.2025.10.01204,19-Oct-2025,20-Oct-2025,MKG,Uang masuk,"2,736,305.00",Uang masuk penjualan cafe strada MKG tanggal 19/10/2025
JV.2025.10.01155,19-Oct-2025,19-Oct-2025,SMS,Penjualan cafe,"1,362,025.00",Penjualan cafe strada SMS tanggal 19/10/2025
JV.2025.10.01178,19-Oct-2025,20-Oct-2025,SMS,Uang masuk,"1,362,025.00",Uang masuk penjualan cafe strada SMS tanggal 19/10/2025
JV.2025.10.01000,19-Oct-2025,19-Oct-2025,La Piazza,Penjualan cafe,"22,279,060.00",Penjualan cafe tanggal 19/10/2025
JV.2025.10.01226,19-Oct-2025,20-Oct-2025,La Piazza,Uang masuk,"22,386,205.00",Uang masuk penjualan cafe tanggal 19/10/2025
JV.2025.10.01106,20-Oct-2025,20-Oct-2025,MKG,Penjualan cafe,"838,530.00",Penjualan cafe strada MKG tanggal 20/10/2025
JV.2025.10.01205,20-Oct-2025,21-Oct-2025,MKG,Uang masuk,"827,580.00",Uang masuk penjualan cafe strada MKG tanggal 20/10/2025
JV.2025.10.01156,20-Oct-2025,20-Oct-2025,SMS,Penjualan cafe,"121,275.00",Penjualan cafe strada SMS tanggal 20/10/2025
JV.2025.10.01227,20-Oct-2025,21-Oct-2025,La Piazza,Uang masuk,"12,510,955.00",Uang masuk penjualan cafe tanggal 20/10/2025
JV.2025.10.01107,21-Oct-2025,21-Oct-2025,MKG,Penjualan cafe,"845,460.00",Penjualan cafe strada MKG tanggal 21/10/2025
JV.2025.10.01206,21-Oct-2025,22-Oct-2025,MKG,Uang masuk,"845,460.00",Uang masuk penjualan cafe strada MKG tanggal 21/10/2025
JV.2025.10.01157,21-Oct-2025,21-Oct-2025,SMS,Penjualan cafe,"92,400.00",Penjualan cafe strada SMS tanggal 21/10/2025
JV.2025.10.01180,21-Oct-2025,22-Oct-2025,SMS,Uang masuk,"92,400.00",Uang masuk penjualan cafe strada SMS tanggal 21/10/2025
JV.2025.10.01002,21-Oct-2025,21-Oct-2025,La Piazza,Penjualan cafe,"12,980,905.00",Penjualan cafe tanggal 21/10/2025
JV.2025.10.01228,21-Oct-2025,22-Oct-2025,La Piazza,Uang masuk,"12,352,480.00",Uang masuk penjualan cafe tanggal 21/10/2025
JV.2025.10.01189,22-Oct-2025,23-Oct-2025,Gojek,Penjualan Event,"2,552,000.00",Penjualan Event Gojek tanggal 22/10/2025
JV.2025.10.00280,22-Oct-2025,22-Sep-2025,MKG,Penjualan cafe,"395,010.00",Penjualan cafe strada MKG tanggal 22/10/2025
JV.2025.10.01108,22-Oct-2025,22-Oct-2025,MKG,Penjualan cafe,"809,655.00",Penjualan cafe strada MKG tanggal 22/10/2025
JV.2025.10.01207,22-Oct-2025,23-Oct-2025,MKG,Uang masuk,"804,405.00",Uang masuk penjualan cafe strada MKG tanggal 22/10/2025
JV.2025.10.01158,22-Oct-2025,22-Oct-2025,SMS,Penjualan cafe,"431,460.00",Penjualan cafe strada SMS tanggal 22/10/2025
JV.2025.10.01181,22-Oct-2025,23-Oct-2025,SMS,Uang masuk,"383,460.00",Uang masuk penjualan cafe strada SMS tanggal 22/10/2025
JV.2025.10.01003,22-Oct-2025,22-Oct-2025,La Piazza,Penjualan cafe,"8,648,155.00",Penjualan cafe tanggal 22/10/2025
JV.2025.10.01229,22-Oct-2025,23-Oct-2025,La Piazza,Uang masuk,"8,506,005.00",Uang masuk penjualan cafe tanggal 22/10/2025
JV.2025.10.01190,23-Oct-2025,24-Oct-2025,Gojek,Penjualan Event,"1,842,000.00",Penjualan Event Gojek tanggal 23/10/2025
JV.2025.10.00281,23-Oct-2025,23-Sep-2025,MKG,Penjualan cafe,"766,155.00",Penjualan cafe strada MKG tanggal 23/10/2025
JV.2025.10.01109,23-Oct-2025,23-Oct-2025,MKG,Penjualan cafe,"537,075.00",Penjualan cafe strada MKG tanggal 23/10/2025
JV.2025.10.01208,23-Oct-2025,24-Oct-2025,MKG,Uang masuk,"537,075.00",Uang masuk penjualan cafe strada MKG tanggal 23/10/2025
JV.2025.10.01159,23-Oct-2025,23-Oct-2025,SMS,Penjualan cafe,"391,060.00",Penjualan cafe strada SMS tanggal 23/10/2025
JV.2025.10.01182,23-Oct-2025,24-Oct-2025,SMS,Uang masuk,"391,060.00",Uang masuk penjualan cafe strada SMS tanggal 23/10/2025
JV.2025.10.01004,23-Oct-2025,23-Oct-2025,La Piazza,Penjualan cafe,"12,285,205.00",Penjualan cafe tanggal 23/10/2025
JV.2025.10.01230,23-Oct-2025,24-Oct-2025,La Piazza,Uang masuk,"11,806,480.00",Uang masuk penjualan cafe tanggal 23/10/2025
JV.2025.10.01191,24-Oct-2025,25-Oct-2025,Gojek,Penjualan Event,"2,256,000.00",Penjualan Event Gojek tanggal 24/10/2025
JV.2025.10.01110,24-Oct-2025,24-Oct-2025,MKG,Penjualan cafe,"1,201,535.00",Penjualan cafe strada MKG tanggal 24/10/2025
JV.2025.10.01209,24-Oct-2025,25-Oct-2025,MKG,Uang masuk,"1,201,535.00",Uang masuk penjualan cafe strada MKG tanggal 24/10/2025
JV.2025.10.01160,24-Oct-2025,24-Oct-2025,SMS,Penjualan cafe,"384,430.00",Penjualan cafe strada SMS tanggal 24/10/2025
JV.2025.10.01183,24-Oct-2025,25-Oct-2025,SMS,Uang masuk,"375,130.00",Uang masuk penjualan cafe strada SMS tanggal 24/10/2025
JV.2025.10.01005,24-Oct-2025,24-Oct-2025,La Piazza,Penjualan cafe,"12,199,235.00",Penjualan cafe tanggal 24/10/2025
JV.2025.10.01231,24-Oct-2025,25-Oct-2025,La Piazza,Uang masuk,"11,556,595.00",Uang masuk penjualan cafe tanggal 24/10/2025
JV.2025.10.01111,25-Oct-2025,25-Oct-2025,MKG,Penjualan cafe,"2,081,630.00",Penjualan cafe strada MKG tanggal 25/10/2025
JV.2025.10.01210,25-Oct-2025,26-Oct-2025,MKG,Uang masuk,"2,081,630.00",Uang masuk penjualan cafe strada MKG tanggal 25/10/2025
JV.2025.10.01161,25-Oct-2025,25-Oct-2025,SMS,Penjualan cafe,"1,753,615.00",Penjualan cafe strada SMS tanggal 25/10/2025
JV.2025.11.00829,25-Oct-2025,26-Oct-2025,SMS,Uang masuk,"1,753,615.00",Uang masuk penjualan cafe strada SMS tanggal 25/10/2025
JV.2025.10.01006,25-Oct-2025,25-Oct-2025,La Piazza,Penjualan cafe,"28,520,020.00",Penjualan cafe tanggal 25/10/2025
JV.2025.10.01232,25-Oct-2025,26-Oct-2025,La Piazza,Uang masuk,"28,316,670.00",Uang masuk penjualan cafe tanggal 25/10/2025
JV.2025.10.01112,26-Oct-2025,26-Oct-2025,MKG,Penjualan cafe,"1,992,375.00",Penjualan cafe strada MKG tanggal 26/10/2025
JV.2025.10.01211,26-Oct-2025,27-Oct-2025,MKG,Uang masuk,"1,992,375.00",Uang masuk penjualan cafe strada MKG tanggal 26/10/2025
JV.2025.10.01162,26-Oct-2025,26-Oct-2025,SMS,Penjualan cafe,"858,835.00",Penjualan cafe strada SMS tanggal 26/10/2025
JV.2025.10.01184,26-Oct-2025,27-Oct-2025,SMS,Uang masuk,"910,435.00",Uang masuk penjualan cafe strada SMS tanggal 26/10/2025
JV.2025.10.01007,26-Oct-2025,26-Oct-2025,La Piazza,Penjualan cafe,"25,728,323.50",Penjualan cafe tanggal 26/10/2025
JV.2025.10.01233,26-Oct-2025,27-Oct-2025,La Piazza,Uang masuk,"25,176,873.00",Uang masuk penjualan cafe tanggal 26/10/2025
JV.2025.10.01192,27-Oct-2025,28-Oct-2025,Gojek,Penjualan Event,"2,656,000.00",Penjualan Event Gojek tanggal 27/10/2025
JV.2025.10.01113,27-Oct-2025,27-Oct-2025,MKG,Penjualan cafe,"680,730.00",Penjualan cafe strada MKG tanggal 27/10/2025
JV.2025.10.01212,27-Oct-2025,28-Oct-2025,MKG,Uang masuk,"680,730.00",Uang masuk penjualan cafe strada MKG tanggal 27/10/2025
JV.2025.10.01163,27-Oct-2025,27-Oct-2025,SMS,Penjualan cafe,"515,075.00",Penjualan cafe strada SMS tanggal 27/10/2025
JV.2025.10.01185,27-Oct-2025,28-Oct-2025,SMS,Uang masuk,"463,475.00",Uang masuk penjualan cafe strada SMS tanggal 27/10/2025
JV.2025.10.01008,27-Oct-2025,27-Oct-2025,La Piazza,Penjualan cafe,"7,067,120.00",Penjualan cafe tanggal 27/10/2025
JV.2025.10.01234,27-Oct-2025,28-Oct-2025,La Piazza,Uang masuk,"6,863,020.00",Uang masuk penjualan cafe tanggal 27/10/2025
JV.2025.10.01193,28-Oct-2025,29-Oct-2025,Gojek,Penjualan Event,"2,518,000.00",Penjualan Event Gojek tanggal 28/10/2025
JV.2025.10.01114,28-Oct-2025,28-Oct-2025,MKG,Penjualan cafe,"724,460.00",Penjualan cafe strada MKG tanggal 28/10/2025
JV.2025.10.01213,28-Oct-2025,29-Oct-2025,MKG,Uang masuk,"724,460.00",Uang masuk penjualan cafe strada MKG tanggal 28/10/2025
JV.2025.10.01164,28-Oct-2025,28-Oct-2025,SMS,Penjualan cafe,"84,315.00",Penjualan cafe strada SMS tanggal 28/10/2025
JV.2025.10.01186,28-Oct-2025,29-Oct-2025,SMS,Uang masuk,"84,315.00",Uang masuk penjualan cafe strada SMS tanggal 28/10/2025
JV.2025.10.01055,28-Oct-2025,28-Oct-2025,La Piazza,Penjualan cafe,"12,906,095.00",Penjualan cafe tanggal 28/10/2025
JV.2025.10.01235,28-Oct-2025,29-Oct-2025,La Piazza,Uang masuk,"12,850,895.00",Uang masuk penjualan cafe tanggal 28/10/2025
JV.2025.10.01194,29-Oct-2025,30-Oct-2025,Gojek,Penjualan Event,"2,722,400.00",Penjualan Event Gojek tanggal 29/10/2025
JV.2025.10.01115,29-Oct-2025,29-Oct-2025,MKG,Penjualan cafe,"314,160.00",Penjualan cafe strada MKG tanggal 29/10/2025
JV.2025.10.01214,29-Oct-2025,30-Oct-2025,MKG,Uang masuk,"314,160.00",Uang masuk penjualan cafe strada MKG tanggal 29/10/2025
JV.2025.10.01165,29-Oct-2025,29-Oct-2025,SMS,Penjualan cafe,"261,030.00",Penjualan cafe strada SMS tanggal 29/10/2025
JV.2025.10.01187,29-Oct-2025,30-Oct-2025,SMS,Uang masuk,"261,030.00",Uang masuk penjualan cafe strada SMS tanggal 29/10/2025
JV.2025.10.01056,29-Oct-2025,29-Oct-2025,La Piazza,Penjualan cafe,"10,229,320.00",Penjualan cafe tanggal 29/10/2025
JV.2025.10.01236,29-Oct-2025,30-Oct-2025,La Piazza,Uang masuk,"10,075,660.00",Uang masuk penjualan cafe tanggal 29/10/2025
JV.2025.10.01195,30-Oct-2025,31-Oct-2025,Gojek,Penjualan Event,"1,920,000.00",Penjualan Event Gojek tanggal 30/10/2025
JV.2025.10.01116,30-Oct-2025,30-Oct-2025,MKG,Penjualan cafe,"519,750.00",Penjualan cafe strada MKG tanggal 30/10/2025
JV.2025.10.01215,30-Oct-2025,31-Oct-2025,MKG,Uang masuk,"519,750.00",Uang masuk penjualan cafe strada MKG tanggal 30/10/2025
JV.2025.10.01166,30-Oct-2025,30-Oct-2025,SMS,Penjualan cafe,"373,340.00",Penjualan cafe strada SMS tanggal 30/10/2025
JV.2025.10.01188,30-Oct-2025,31-Oct-2025,SMS,Uang masuk,"373,340.00",Uang masuk penjualan cafe strada SMS tanggal 30/10/2025
JV.2025.10.01057,30-Oct-2025,30-Oct-2025,La Piazza,Penjualan cafe,"7,112,870.00",Penjualan cafe tanggal 30/10/2025
JV.2025.10.01237,30-Oct-2025,31-Oct-2025,La Piazza,Uang masuk,"7,015,020.00",Uang masuk penjualan cafe tanggal 30/10/2025
JV.2025.11.00874,31-Oct-2025,1-Nov-2025,MKG,Uang masuk,"1,384,125.00",Uang masuk penjualan cafe strada MKG tanggal 31/10/20025
JV.2025.11.00831,31-Oct-2025,1-Nov-2025,Gojek,Penjualan Event,"1,636,000.00",Penjualan Event Gojek tanggal 31/10/2025
JV.2025.10.01117,31-Oct-2025,31-Oct-2025,MKG,Penjualan cafe,"1,384,125.00",Penjualan cafe strada MKG tanggal 31/10/2025
JV.2025.10.01167,31-Oct-2025,31-Oct-2025,SMS,Penjualan cafe,"541,695.00",Penjualan cafe strada SMS tanggal 31/10/2025
JV.2025.11.00842,31-Oct-2025,1-Nov-2025,SMS,Uang masuk,"541,695.00",Uang masuk penjualan cafe strada SMS tanggal 31/10/2025
JV.2025.10.01058,31-Oct-2025,31-Oct-2025,La Piazza,Penjualan cafe,"13,016,810.00",Penjualan cafe tanggal 31/10/2025
JV.2025.11.00979,31-Oct-2025,1-Nov-2025,La Piazza,Uang masuk,"12,780,910.00",Uang masuk penjualan cafe tanggal 31/10/2025
JV.2025.11.00440,1-Nov-2025,1-Nov-2025,MKG,Penjualan cafe,"1,649,340.00",Penjualan cafe strada MKG tanggal 01/11/2025
JV.2025.11.00844,1-Nov-2025,2-Nov-2025,MKG,Uang masuk,"1,649,340.00",Uang masuk penjualan cafe strada MKG tanggal 01/11/2025
JV.2025.11.00680,1-Nov-2025,1-Nov-2025,SMS,Penjualan cafe,"1,149,380.00",Penjualan cafe strada SMS tanggal 01/11/2025
JV.2025.11.00832,1-Nov-2025,2-Nov-2025,SMS,Uang masuk,"1,149,380.00",Uang masuk penjualan cafe strada SMS tanggal 01/11/2025
JV.2025.11.00112,1-Nov-2025,1-Nov-2025,La Piazza,Penjualan cafe,"32,442,625.00",Penjualan cafe tanggal 01/11/2025
JV.2025.11.00980,1-Nov-2025,2-Nov-2025,La Piazza,Uang masuk,"32,176,825.00",Uang masuk penjualan cafe tanggal 01/11/2025
JV.2025.11.00441,2-Nov-2025,2-Nov-2025,MKG,Penjualan cafe,"2,239,545.00",Penjualan cafe strada MKG tanggal 02/11/2025
JV.2025.11.00845,2-Nov-2025,3-Nov-2025,MKG,Uang masuk,"2,239,545.00",Uang masuk penjualan cafe strada MKG tanggal 02/11/2025
JV.2025.11.00681,2-Nov-2025,2-Nov-2025,SMS,Penjualan cafe,"1,438,645.00",Penjualan cafe strada SMS tanggal 02/11/2025
JV.2025.11.00833,2-Nov-2025,3-Nov-2025,SMS,Uang masuk,"1,438,105.00",Uang masuk penjualan cafe strada SMS tanggal 02/11/2025
JV.2025.11.00113,2-Nov-2025,2-Nov-2025,La Piazza,Penjualan cafe,"25,012,165.00",Penjualan cafe tanggal 02/11/2025
JV.2025.11.00981,2-Nov-2025,3-Nov-2025,La Piazza,Uang masuk,"24,913,465.00",Uang masuk penjualan cafe tanggal 02/11/2025
JV.2025.11.00442,3-Nov-2025,3-Nov-2025,MKG,Penjualan cafe,"583,200.00",Penjualan cafe strada MKG tanggal 03/11/2025
JV.2025.11.00846,3-Nov-2025,4-Nov-2025,MKG,Uang masuk,"583,200.00",Uang masuk penjualan cafe strada MKG tanggal 03/11/2025
JV.2025.11.00682,3-Nov-2025,3-Nov-2025,SMS,Penjualan cafe,"418,110.00",Penjualan cafe strada SMS tanggal 03/11/2025
JV.2025.11.00834,3-Nov-2025,4-Nov-2025,SMS,Uang masuk,"418,110.00",Uang masuk penjualan cafe strada SMS tanggal 03/11/2025
JV.2025.11.00114,3-Nov-2025,3-Nov-2025,La Piazza,Penjualan cafe,"8,502,605.00",Penjualan cafe tanggal 03/11/2025
JV.2025.11.00982,3-Nov-2025,4-Nov-2025,La Piazza,Uang masuk,"8,290,730.00",Uang masuk penjualan cafe tanggal 03/11/2025
JV.2025.11.00448,4-Nov-2025,4-Nov-2025,MKG,Penjualan cafe,"471,240.00",Penjualan cafe strada MKG tanggal 04/11/2025
JV.2025.11.00847,4-Nov-2025,5-Nov-2025,MKG,Uang masuk,"471,240.00",Uang masuk penjualan cafe strada MKG tanggal 04/11/2025
JV.2025.11.00683,4-Nov-2025,4-Nov-2025,SMS,Penjualan cafe,"518,305.00",Penjualan cafe strada SMS tanggal 04/11/2025
JV.2025.11.00835,4-Nov-2025,5-Nov-2025,SMS,Uang masuk,"518,305.00",Uang masuk penjualan cafe strada SMS tanggal 04/11/2025
JV.2025.11.00115,4-Nov-2025,4-Nov-2025,La Piazza,Penjualan cafe,"12,284,615.00",Penjualan cafe tanggal 04/11/2025
JV.2025.11.00983,4-Nov-2025,5-Nov-2025,La Piazza,Uang masuk,"12,132,890.00",Uang masuk penjualan cafe tanggal 04/11/2025
JV.2025.11.00449,5-Nov-2025,5-Nov-2025,MKG,Penjualan cafe,"1,669,340.00",Penjualan cafe strada MKG tanggal 05/11/2025
JV.2025.11.00848,5-Nov-2025,6-Nov-2025,MKG,Uang masuk,"1,669,340.00",Uang masuk penjualan cafe strada MKG tanggal 05/11/2025
JV.2025.11.00684,5-Nov-2025,5-Nov-2025,SMS,Penjualan cafe,"170,940.00",Penjualan cafe strada SMS tanggal 05/11/2025
JV.2025.11.00836,5-Nov-2025,6-Nov-2025,SMS,Uang masuk,"170,940.00",Uang masuk penjualan cafe strada SMS tanggal 05/11/2025
JV.2025.11.00116,5-Nov-2025,5-Nov-2025,La Piazza,Penjualan cafe,"10,224,913.00",Penjualan cafe tanggal 05/11/2025
JV.2025.11.00984,5-Nov-2025,6-Nov-2025,La Piazza,Uang masuk,"9,984,768.00",Uang masuk penjualan cafe tanggal 05/11/2025
JV.2025.11.00450,6-Nov-2025,6-Nov-2025,MKG,Penjualan cafe,"361,515.00",Penjualan cafe strada MKG tanggal 06/11/2025
JV.2025.11.00849,6-Nov-2025,7-Nov-2025,MKG,Uang masuk,"361,515.00",Uang masuk penjualan cafe strada MKG tanggal 06/11/2025
JV.2025.11.00685,6-Nov-2025,6-Nov-2025,SMS,Penjualan cafe,"248,325.00",Penjualan cafe strada SMS tanggal 06/11/2025
JV.2025.11.00837,6-Nov-2025,7-Nov-2025,SMS,Uang masuk,"248,325.00",Uang masuk penjualan cafe strada SMS tanggal 06/11/2025
JV.2025.11.00117,6-Nov-2025,6-Nov-2025,La Piazza,Penjualan cafe,"12,666,070.00",Penjualan cafe tanggal 06/11/2025
JV.2025.11.00985,6-Nov-2025,7-Nov-2025,La Piazza,Uang masuk,"12,383,050.00",Uang masuk penjualan cafe tanggal 06/11/2025
JV.2025.11.00451,7-Nov-2025,7-Nov-2025,MKG,Penjualan cafe,"992,145.00",Penjualan cafe strada MKG tanggal 07/11/2025
JV.2025.11.00850,7-Nov-2025,8-Nov-2025,MKG,Uang masuk,"986,295.00",Uang masuk penjualan cafe strada MKG tanggal 07/11/2025
JV.2025.11.00686,7-Nov-2025,7-Nov-2025,SMS,Penjualan cafe,"80,850.00",Penjualan cafe strada SMS tanggal 07/11/2025
JV.2025.11.00838,7-Nov-2025,8-Nov-2025,SMS,Uang masuk,"80,850.00",Uang masuk penjualan cafe strada SMS tanggal 07/11/2025
JV.2025.11.00118,7-Nov-2025,7-Nov-2025,La Piazza,Penjualan cafe,"15,725,455.00",Penjualan cafe tanggal 07/11/2025
JV.2025.11.00986,7-Nov-2025,8-Nov-2025,La Piazza,Uang masuk,"15,573,055.00",Uang masuk penjualan cafe tanggal 07/11/2025
JV.2025.11.00452,8-Nov-2025,8-Nov-2025,MKG,Penjualan cafe,"2,508,815.00",Penjualan cafe strada MKG tanggal 08/11/2025
JV.2025.11.00851,8-Nov-2025,9-Nov-2025,MKG,Uang masuk,"2,508,815.00",Uang masuk penjualan cafe strada MKG tanggal 08/11/2025
JV.2025.11.00687,8-Nov-2025,8-Nov-2025,SMS,Penjualan cafe,"933,655.00",Penjualan cafe strada SMS tanggal 08/11/2025
JV.2025.11.00839,8-Nov-2025,9-Nov-2025,SMS,Uang masuk,"844,855.00",Uang masuk penjualan cafe strada SMS tanggal 08/11/2025
JV.2025.11.00119,8-Nov-2025,8-Nov-2025,La Piazza,Penjualan cafe,"33,813,980.00",Penjualan cafe tanggal 08/11/2025
JV.2025.11.00987,8-Nov-2025,9-Nov-2025,La Piazza,Uang masuk,"33,720,680.00",Uang masuk penjualan cafe tanggal 08/11/2025
JV.2025.11.00453,9-Nov-2025,9-Nov-2025,MKG,Penjualan cafe,"2,395,350.00",Penjualan cafe strada MKG tanggal 09/11/2025
JV.2025.11.00852,9-Nov-2025,10-Nov-2025,MKG,Uang masuk,"2,366,700.00",Uang masuk penjualan cafe strada MKG tanggal 09/11/2025
JV.2025.11.00688,9-Nov-2025,9-Nov-2025,SMS,Penjualan cafe,"1,762,005.00",Penjualan cafe strada SMS tanggal 09/11/2025
JV.2025.11.00840,9-Nov-2025,10-Nov-2025,SMS,Uang masuk,"1,762,005.00",Uang masuk penjualan cafe strada SMS tanggal 09/11/2025
JV.2025.11.00263,9-Nov-2025,9-Nov-2025,La Piazza,Penjualan cafe,"30,044,190.00",Penjualan cafe tanggal 09/11/2025
JV.2025.11.00988,9-Nov-2025,10-Nov-2025,La Piazza,Uang masuk,"29,748,890.00",Uang masuk penjualan cafe tanggal 09/11/2025
JV.2025.11.00454,10-Nov-2025,10-Nov-2025,MKG,Penjualan cafe,"966,735.00",Penjualan cafe strada MKG tanggal 10/11/2025
JV.2025.11.00853,10-Nov-2025,11-Nov-2025,MKG,Uang masuk,"966,735.00",Uang masuk penjualan cafe strada MKG tanggal 10/11/2025
JV.2025.11.00689,10-Nov-2025,10-Nov-2025,SMS,Penjualan cafe,"318,780.00",Penjualan cafe strada SMS tanggal 10/11/2025
JV.2025.11.00841,10-Nov-2025,11-Nov-2025,SMS,Uang masuk,"318,780.00",Uang masuk penjualan cafe strada SMS tanggal 10/11/2025
JV.2025.11.00264,10-Nov-2025,10-Nov-2025,La Piazza,Penjualan cafe,"11,069,205.00",Penjualan cafe tanggal 10/11/2025
JV.2025.11.00989,10-Nov-2025,11-Nov-2025,La Piazza,Uang masuk,"10,989,255.00",Uang masuk penjualan cafe tanggal 10/11/2025
JV.2025.11.00455,11-Nov-2025,11-Nov-2025,MKG,Penjualan cafe,"817,925.00",Penjualan cafe strada MKG tanggal 11/11/2025
JV.2025.11.00854,11-Nov-2025,12-Nov-2025,MKG,Uang masuk,"817,925.00",Uang masuk penjualan cafe strada MKG tanggal 11/11/2025
JV.2025.11.00690,11-Nov-2025,11-Nov-2025,SMS,Penjualan cafe,"326,380.00",Penjualan cafe strada SMS tanggal 11/11/2025
JV.2025.11.00809,11-Nov-2025,12-Nov-2025,SMS,Uang masuk,"326,380.00",Uang masuk penjualan cafe strada SMS tanggal 11/11/2025
JV.2025.11.00265,11-Nov-2025,11-Nov-2025,La Piazza,Penjualan cafe,"12,080,665.00",Penjualan cafe tanggal 11/11/2025
JV.2025.11.00990,11-Nov-2025,12-Nov-2025,La Piazza,Uang masuk,"12,038,665.00",Uang masuk penjualan cafe tanggal 11/11/2025
JV.2025.11.00456,12-Nov-2025,12-Nov-2025,MKG,Penjualan cafe,"680,295.00",Penjualan cafe strada MKG tanggal 12/11/2025
JV.2025.11.00855,12-Nov-2025,13-Nov-2025,MKG,Uang masuk,"680,295.00",Uang masuk penjualan cafe strada MKG tanggal 12/11/2025
JV.2025.11.00691,12-Nov-2025,12-Nov-2025,SMS,Penjualan cafe,"263,340.00",Penjualan cafe strada SMS tanggal 12/11/2025
JV.2025.11.00810,12-Nov-2025,13-Nov-2025,SMS,Uang masuk,"263,340.00",Uang masuk penjualan cafe strada SMS tanggal 12/11/2025
JV.2025.11.00266,12-Nov-2025,12-Nov-2025,La Piazza,Penjualan cafe,"10,900,580.00",Penjualan cafe tanggal 12/11/2025
JV.2025.11.00991,12-Nov-2025,13-Nov-2025,La Piazza,Uang masuk,"10,618,480.00",Uang masuk penjualan cafe tanggal 12/11/2025
JV.2025.11.00457,13-Nov-2025,13-Nov-2025,MKG,Penjualan cafe,"2,623,505.00",Penjualan cafe strada MKG tanggal 13/11/2025
JV.2025.11.00856,13-Nov-2025,14-Nov-2025,MKG,Uang masuk,"2,623,505.00",Uang masuk penjualan cafe strada MKG tanggal 13/11/2025
JV.2025.11.00791,13-Nov-2025,13-Nov-2025,SMS,Penjualan cafe,"436,500.00",Penjualan cafe strada SMS tanggal 13/11/2025
JV.2025.11.00811,13-Nov-2025,14-Nov-2025,SMS,Uang masuk,"436,500.00",Uang masuk penjualan cafe strada SMS tanggal 13/11/2025
JV.2025.11.00267,13-Nov-2025,13-Nov-2025,La Piazza,Penjualan cafe,"10,015,470.00",Penjualan cafe tanggal 13/11/2025
JV.2025.11.00992,13-Nov-2025,14-Nov-2025,La Piazza,Uang masuk,"9,838,170.00",Uang masuk penjualan cafe tanggal 13/11/2025
JV.2025.11.00458,14-Nov-2025,14-Nov-2025,MKG,Penjualan cafe,"470,085.00",Penjualan cafe strada MKG tanggal 14/11/2025
JV.2025.11.00857,14-Nov-2025,15-Nov-2025,MKG,Uang masuk,"434,280.00",Uang masuk penjualan cafe strada MKG tanggal 14/11/2025
JV.2025.11.00792,14-Nov-2025,14-Nov-2025,SMS,Penjualan cafe,"45,045.00",Penjualan cafe strada SMS tanggal 14/11/2025
JV.2025.11.00812,14-Nov-2025,15-Nov-2025,SMS,Uang masuk,"45,045.00",Uang masuk penjualan cafe strada SMS tanggal 14/11/2025
JV.2025.11.00431,14-Nov-2025,14-Nov-2025,La Piazza,Penjualan cafe,"19,926,030.00",Penjualan cafe tanggal 14/11/2025
JV.2025.11.00993,14-Nov-2025,15-Nov-2025,La Piazza,Uang masuk,"19,626,080.00",Uang masuk penjualan cafe tanggal 14/11/2025
JV.2025.11.00459,15-Nov-2025,15-Nov-2025,MKG,Penjualan cafe,"2,496,585.00",Penjualan cafe strada MKG tanggal 15/11/2025
JV.2025.11.00858,15-Nov-2025,16-Nov-2025,MKG,Uang masuk,"2,496,585.00",Uang masuk penjualan cafe strada MKG tanggal 15/11/2025
JV.2025.11.00793,15-Nov-2025,15-Nov-2025,SMS,Penjualan cafe,"901,655.00",Penjualan cafe strada SMS tanggal 15/11/2025
JV.2025.11.00813,15-Nov-2025,16-Nov-2025,SMS,Uang masuk,"901,655.00",Uang masuk penjualan cafe strada SMS tanggal 15/11/2025
JV.2025.11.00432,15-Nov-2025,15-Nov-2025,La Piazza,Penjualan cafe,"29,710,525.00",Penjualan cafe tanggal 15/11/2025
JV.2025.11.00994,15-Nov-2025,16-Nov-2025,La Piazza,Uang masuk,"29,082,170.00",Uang masuk penjualan cafe tanggal 15/11/2025
JV.2025.11.00460,16-Nov-2025,16-Nov-2025,MKG,Penjualan cafe,"1,689,280.00",Penjualan cafe strada MKG tanggal 16/11/2025
JV.2025.11.00859,16-Nov-2025,17-Nov-2025,MKG,Uang masuk,"1,689,280.00",Uang masuk penjualan cafe strada MKG tanggal 16/11/2025
JV.2025.11.00794,16-Nov-2025,16-Nov-2025,SMS,Penjualan cafe,"923,305.00",Penjualan cafe strada SMS tanggal 16/11/2025
JV.2025.11.00814,16-Nov-2025,17-Nov-2025,SMS,Uang masuk,"912,205.00",Uang masuk penjualan cafe strada SMS tanggal 16/11/2025
JV.2025.11.00433,16-Nov-2025,16-Nov-2025,La Piazza,Penjualan cafe,"27,823,905.00",Penjualan cafe tanggal 16/11/2025
JV.2025.11.00995,16-Nov-2025,17-Nov-2025,La Piazza,Uang masuk,"27,697,055.00",Uang masuk penjualan cafe tanggal 16/11/2025
JV.2025.11.00461,17-Nov-2025,17-Nov-2025,MKG,Penjualan cafe,"158,235.00",Penjualan cafe strada MKG tanggal 17/11/2025
JV.2025.11.00860,17-Nov-2025,18-Nov-2025,MKG,Uang masuk,"158,235.00",Uang masuk penjualan cafe strada MKG tanggal 17/11/2025
JV.2025.11.00795,17-Nov-2025,17-Nov-2025,SMS,Penjualan cafe,"284,130.00",Penjualan cafe strada SMS tanggal 17/11/2025
JV.2025.11.00815,17-Nov-2025,18-Nov-2025,SMS,Uang masuk,"284,130.00",Uang masuk penjualan cafe strada SMS tanggal 17/11/2025
JV.2025.11.00434,17-Nov-2025,17-Nov-2025,La Piazza,Penjualan cafe,"10,744,255.00",Penjualan cafe tanggal 17/11/2025
JV.2025.11.00996,17-Nov-2025,18-Nov-2025,La Piazza,Uang masuk,"10,548,780.00",Uang masuk penjualan cafe tanggal 17/11/2025
JV.2025.11.00462,18-Nov-2025,18-Nov-2025,MKG,Penjualan cafe,"519,460.00",Penjualan cafe strada MKG tanggal 18/11/2025
JV.2025.11.00861,18-Nov-2025,19-Nov-2025,MKG,Uang masuk,"519,460.00",Uang masuk penjualan cafe strada MKG tanggal 18/11/2025
JV.2025.11.00796,18-Nov-2025,18-Nov-2025,SMS,Penjualan cafe,"453,915.00",Penjualan cafe strada SMS tanggal 18/11/2025
JV.2025.11.00816,18-Nov-2025,19-Nov-2025,SMS,Uang masuk,"453,915.00",Uang masuk penjualan cafe strada SMS tanggal 18/11/2025
JV.2025.11.00435,18-Nov-2025,18-Nov-2025,La Piazza,Penjualan cafe,"10,996,770.00",Penjualan cafe tanggal 18/11/2025
JV.2025.11.00997,18-Nov-2025,19-Nov-2025,La Piazza,Uang masuk,"10,965,270.00",Uang masuk penjualan cafe tanggal 18/11/2025
JV.2025.11.00463,19-Nov-2025,19-Nov-2025,MKG,Penjualan cafe,"981,750.00",Penjualan cafe strada MKG tanggal 19/11/2025
JV.2025.11.00862,19-Nov-2025,20-Nov-2025,MKG,Uang masuk,"981,750.00",Uang masuk penjualan cafe strada MKG tanggal 19/11/2025
JV.2025.11.00797,19-Nov-2025,19-Nov-2025,SMS,Penjualan cafe,"329,175.00",Penjualan cafe strada SMS tanggal 19/11/2025
JV.2025.11.00817,19-Nov-2025,20-Nov-2025,SMS,Uang masuk,"329,175.00",Uang masuk penjualan cafe strada SMS tanggal 19/11/2025
JV.2025.11.00436,19-Nov-2025,19-Nov-2025,La Piazza,Penjualan cafe,"14,887,555.00",Penjualan cafe tanggal 19/11/2025
JV.2025.11.00998,19-Nov-2025,20-Nov-2025,La Piazza,Uang masuk,"14,646,115.00",Uang masuk penjualan cafe tanggal 19/11/2025
JV.2025.11.00464,20-Nov-2025,20-Nov-2025,MKG,Penjualan cafe,"755,370.00",Penjualan cafe strada MKG tanggal 20/11/2025
JV.2025.11.00863,20-Nov-2025,21-Nov-2025,MKG,Uang masuk,"755,370.00",Uang masuk penjualan cafe strada MKG tanggal 20/11/2025
JV.2025.10.01179,20-Nov-2025,21-Oct-2025,SMS,Uang masuk,"121,275.00",Uang masuk penjualan cafe strada SMS tanggal 20/11/2025
JV.2025.11.00798,20-Nov-2025,20-Nov-2025,SMS,Penjualan cafe,"719,205.00",Penjualan cafe strada SMS tanggal 20/11/2025
JV.2025.11.00818,20-Nov-2025,21-Nov-2025,SMS,Uang masuk,"719,205.00",Uang masuk penjualan cafe strada SMS tanggal 20/11/2025
JV.2025.11.00001,20-Nov-2025,20-Oct-2025,La Piazza,Penjualan cafe,"12,720,050.00",Penjualan cafe tanggal 20/11/2025
JV.2025.11.00437,20-Nov-2025,20-Nov-2025,La Piazza,Penjualan cafe,"17,683,660.00",Penjualan cafe tanggal 20/11/2025
JV.2025.11.00999,20-Nov-2025,21-Nov-2025,La Piazza,Uang masuk,"17,320,060.00",Uang masuk penjualan cafe tanggal 20/11/2025
JV.2025.11.00465,21-Nov-2025,21-Nov-2025,MKG,Penjualan cafe,"1,637,765.00",Penjualan cafe strada MKG tanggal 21/11/2025
JV.2025.11.00864,21-Nov-2025,22-Nov-2025,MKG,Uang masuk,"1,637,765.00",Uang masuk penjualan cafe strada MKG tanggal 21/11/2025
JV.2025.11.00799,21-Nov-2025,21-Nov-2025,SMS,Penjualan cafe,"405,405.00",Penjualan cafe strada SMS tanggal 21/11/2025
JV.2025.11.00819,21-Nov-2025,22-Nov-2025,SMS,Uang masuk,"405,405.00",Uang masuk penjualan cafe strada SMS tanggal 21/11/2025
JV.2025.11.00438,21-Nov-2025,21-Nov-2025,La Piazza,Penjualan cafe,"16,283,215.00",Penjualan cafe tanggal 21/11/2025
JV.2025.11.01000,21-Nov-2025,22-Nov-2025,La Piazza,Uang masuk,"16,142,215.00",Uang masuk penjualan cafe tanggal 21/11/2025
JV.2025.11.00466,22-Nov-2025,22-Nov-2025,MKG,Penjualan cafe,"2,011,335.00",Penjualan cafe strada MKG tanggal 22/11/2025
JV.2025.11.00865,22-Nov-2025,23-Nov-2025,MKG,Uang masuk,"2,011,335.00",Uang masuk penjualan cafe strada MKG tanggal 22/11/2025
JV.2025.11.00800,22-Nov-2025,22-Nov-2025,SMS,Penjualan cafe,"1,135,640.00",Penjualan cafe strada SMS tanggal 22/11/2025
JV.2025.11.00820,22-Nov-2025,23-Nov-2025,SMS,Uang masuk,"1,135,640.00",Uang masuk penjualan cafe strada SMS tanggal 22/11/2025
JV.2025.11.01001,22-Nov-2025,23-Nov-2025,La Piazza,Uang masuk,"36,798,485.00",Uang masuk penjualan cafe tanggal 22/11/2025
JV.2025.11.00467,23-Nov-2025,23-Nov-2025,MKG,Penjualan cafe,"1,727,550.00",Penjualan cafe strada MKG tanggal 23/11/2025
JV.2025.11.00866,23-Nov-2025,24-Nov-2025,MKG,Uang masuk,"1,727,550.00",Uang masuk penjualan cafe strada MKG tanggal 23/11/2025
JV.2025.11.00801,23-Nov-2025,23-Nov-2025,SMS,Penjualan cafe,"846,480.00",Penjualan cafe strada SMS tanggal 23/11/2025
JV.2025.11.00821,23-Nov-2025,24-Nov-2025,SMS,Uang masuk,"757,680.00",Uang masuk penjualan cafe strada SMS tanggal 23/11/2025
JV.2025.11.01028,23-Nov-2025,23-Nov-2025,La Piazza,Penjualan cafe,"25,695,765.00",Penjualan cafe tanggal 23/11/2025
JV.2025.11.01002,23-Nov-2025,24-Nov-2025,La Piazza,Uang masuk,"25,373,015.00",Uang masuk penjualan cafe tanggal 23/11/2025
JV.2025.11.00674,24-Nov-2025,24-Nov-2025,MKG,Penjualan cafe,"846,105.00",Penjualan cafe strada MKG tanggal 24/11/2025
JV.2025.11.00867,24-Nov-2025,25-Nov-2025,MKG,Uang masuk,"846,105.00",Uang masuk penjualan cafe strada MKG tanggal 24/11/2025
JV.2025.11.00802,24-Nov-2025,24-Nov-2025,SMS,Penjualan cafe,"252,460.00",Penjualan cafe strada SMS tanggal 24/11/2025
JV.2025.11.00822,24-Nov-2025,25-Nov-2025,SMS,Uang masuk,"252,460.00",Uang masuk penjualan cafe strada SMS tanggal 24/11/2025
JV.2025.11.01029,24-Nov-2025,24-Nov-2025,La Piazza,Penjualan cafe,"12,300,530.00",Penjualan cafe tanggal 24/11/2025
JV.2025.11.01003,24-Nov-2025,25-Nov-2025,La Piazza,Uang masuk,"11,740,075.00",Uang masuk penjualan cafe tanggal 24/11/2025
JV.2025.11.00675,25-Nov-2025,25-Nov-2025,MKG,Penjualan cafe,"712,635.00",Penjualan cafe strada MKG tanggal 25/11/2025
JV.2025.11.00868,25-Nov-2025,26-Nov-2025,MKG,Uang masuk,"712,635.00",Uang masuk penjualan cafe strada MKG tanggal 25/11/2025
JV.2025.11.00803,25-Nov-2025,25-Nov-2025,SMS,Penjualan cafe,"652,915.00",Penjualan cafe strada SMS tanggal 25/11/2025
JV.2025.11.00823,25-Nov-2025,26-Nov-2025,SMS,Uang masuk,"652,915.00",Uang masuk penjualan cafe strada SMS tanggal 25/11/2025
JV.2025.11.01004,25-Nov-2025,26-Nov-2025,La Piazza,Uang masuk,"14,213,805.00",Uang masuk penjualan cafe tanggal 25/11/2025
JV.2025.11.00676,26-Nov-2025,26-Nov-2025,MKG,Penjualan cafe,"986,040.00",Penjualan cafe strada MKG tanggal 26/11/2025
JV.2025.11.00869,26-Nov-2025,27-Nov-2025,MKG,Uang masuk,"986,040.00",Uang masuk penjualan cafe strada MKG tanggal 26/11/2025
JV.2025.11.00804,26-Nov-2025,26-Nov-2025,SMS,Penjualan cafe,"261,030.00",Penjualan cafe strada SMS tanggal 26/11/2025
JV.2025.11.00824,26-Nov-2025,27-Nov-2025,SMS,Uang masuk,"261,030.00",Uang masuk penjualan cafe strada SMS tanggal 26/11/2025
JV.2025.11.01031,26-Nov-2025,26-Nov-2025,La Piazza,Penjualan cafe,"15,662,330.00",Penjualan cafe tanggal 26/11/2025
JV.2025.11.01005,26-Nov-2025,27-Nov-2025,La Piazza,Uang masuk,"14,933,145.00",Uang masuk penjualan cafe tanggal 26/11/2025
JV.2025.11.00677,27-Nov-2025,27-Nov-2025,MKG,Penjualan cafe,"471,240.00",Penjualan cafe strada MKG tanggal 27/11/2025
JV.2025.11.00870,27-Nov-2025,28-Nov-2025,MKG,Uang masuk,"471,240.00",Uang masuk penjualan cafe strada MKG tanggal 27/11/2025
JV.2025.11.00805,27-Nov-2025,27-Nov-2025,SMS,Penjualan cafe,"238,850.00",Penjualan cafe strada SMS tanggal 27/11/2025
JV.2025.11.00825,27-Nov-2025,28-Nov-2025,SMS,Uang masuk,"238,850.00",Uang masuk penjualan cafe strada SMS tanggal 27/11/2025
JV.2025.11.01032,27-Nov-2025,27-Nov-2025,La Piazza,Penjualan cafe,"12,000,420.00",Penjualan cafe tanggal 27/11/2025
JV.2025.11.01006,27-Nov-2025,28-Nov-2025,La Piazza,Uang masuk,"11,911,020.00",Uang masuk penjualan cafe tanggal 27/11/2025
JV.2025.11.00678,28-Nov-2025,28-Nov-2025,MKG,Penjualan cafe,"1,063,755.00",Penjualan cafe strada MKG tanggal 28/11/2025
JV.2025.11.00871,28-Nov-2025,29-Nov-2025,MKG,Uang masuk,"1,063,755.00",Uang masuk penjualan cafe strada MKG tanggal 28/11/2025
JV.2025.11.00806,28-Nov-2025,28-Nov-2025,SMS,Penjualan cafe,"1,066,340.00",Penjualan cafe strada SMS tanggal 28/11/2025
JV.2025.11.00826,28-Nov-2025,29-Nov-2025,SMS,Uang masuk,"1,066,340.00",Uang masuk penjualan cafe strada SMS tanggal 28/11/2025
JV.2025.11.01033,28-Nov-2025,28-Nov-2025,La Piazza,Penjualan cafe,"18,839,080.00",Penjualan cafe tanggal 28/11/2025
JV.2025.11.01007,28-Nov-2025,29-Nov-2025,La Piazza,Uang masuk,"18,648,230.00",Uang masuk penjualan cafe tanggal 28/11/2025
JV.2025.11.00679,29-Nov-2025,29-Nov-2025,MKG,Penjualan cafe,"2,192,820.00",Penjualan cafe strada MKG tanggal 29/11/2025
JV.2025.11.00872,29-Nov-2025,30-Nov-2025,MKG,Uang masuk,"2,192,820.00",Uang masuk penjualan cafe strada MKG tanggal 29/11/2025
JV.2025.11.00807,29-Nov-2025,29-Nov-2025,SMS,Penjualan cafe,"1,203,220.00",Penjualan cafe strada SMS tanggal 29/11/2025
JV.2025.11.00827,29-Nov-2025,30-Nov-2025,SMS,Uang masuk,"1,203,220.00",Uang masuk penjualan cafe strada SMS tanggal 29/11/2025
JV.2025.11.01034,29-Nov-2025,29-Nov-2025,La Piazza,Penjualan cafe,"32,217,365.00",Penjualan cafe tanggal 29/11/2025
JV.2025.11.01008,29-Nov-2025,30-Nov-2025,La Piazza,Uang masuk,"31,984,035.00",Uang masuk penjualan cafe tanggal 29/11/2025
JV.2025.11.01027,30-Nov-2025,30-Nov-2025,MKG,Penjualan cafe,"2,045,780.00",Penjualan cafe strada MKG tanggal 30/11/2025
JV.2025.12.00520,30-Nov-2025,1-Dec-2025,MKG,Uang masuk,"2,045,780.00",Uang masuk penjualan cafe strada MKG tanggal 30/11/2025
JV.2025.11.00808,30-Nov-2025,30-Nov-2025,SMS,Penjualan cafe,"1,058,360.00",Penjualan cafe strada SMS tanggal 30/11/2025
JV.2025.12.01477,30-Nov-2025,1-Dec-2025,SMS,uang masuk,"1,058,360.00",uang masuk Penjualan cafe strada SMS tanggal 30/11/2025
JV.2025.11.01035,30-Nov-2025,30-Nov-2025,La Piazza,Penjualan cafe,"24,438,753.00",Penjualan cafe tanggal 30/11/2025
JV.2025.12.01416,1-Dec-2025,2-Dec-2025,MKG,Uang masuk,"683,760.00",Uang masuk penjualan cafe strada MKG tanggal 01/12/2025
JV.2025.12.01446,1-Dec-2025,1-Dec-2025,SMS,Penjualan cafe,"241,380.00",Penjualan cafe strada SMS tanggal 1/12/2025
JV.2025.12.01478,1-Dec-2025,2-Dec-2025,SMS,Uang masuk,"241,380.00",Uang masuk penjualan cafe strada SMS tanggal 01/12/2025
JV.2025.11.01036,1-Dec-2025,1-Dec-2025,La Piazza,Penjualan cafe,"11,672,285.00",Penjualan cafe tanggal 01/12/2025
JV.2025.12.01417,2-Dec-2025,3-Dec-2025,MKG,Uang masuk,"654,765.00",Uang masuk penjualan cafe strada MKG tanggal 02/12/2025
JV.2025.12.01447,2-Dec-2025,2-Dec-2025,SMS,Penjualan cafe,"834,895.00",Penjualan cafe strada SMS tanggal 2/12/2025
JV.2025.12.01479,2-Dec-2025,3-Dec-2025,SMS,Uang masuk,"316,300.00",Uang masuk penjualan cafe strada SMS tanggal 02/12/2025
JV.2025.12.01510,2-Dec-2025,2-Dec-2025,La Piazza,Penjualan cafe,"13,597,690.00",Penjualan cafe tanggal 02/12/2025
JV.2025.12.01511,2-Dec-2025,3-Dec-2025,La Piazza,Uang masuk,"13,556,290.00",Uang masuk penjualan cafe tanggal 02/12/2025
JV.2025.12.01418,3-Dec-2025,4-Dec-2025,MKG,Uang masuk,"977,995.00",Uang masuk penjualan cafe strada MKG tanggal 03/12/2025
JV.2025.12.01448,3-Dec-2025,3-Dec-2025,SMS,Penjualan cafe,"305,240.00",Penjualan cafe strada SMS tanggal 3/12/2025
JV.2025.12.01512,3-Dec-2025,3-Dec-2025,La Piazza,Penjualan cafe,"12,564,785.00",Penjualan cafe tanggal 03/12/2025
JV.2025.12.01513,3-Dec-2025,4-Dec-2025,La Piazza,Uang masuk,"12,216,785.00",Uang masuk penjualan cafe tanggal 03/12/2025
JV.2025.12.01388,4-Dec-2025,4-Dec-2025,MKG,Penjualan cafe,"1,017,555.00",Penjualan cafe strada MKG tanggal 04/12/2025
JV.2025.12.01419,4-Dec-2025,5-Dec-2025,MKG,Uang masuk,"1,017,555.00",Uang masuk penjualan cafe strada MKG tanggal 04/12/2025
JV.2025.12.01449,4-Dec-2025,4-Dec-2025,SMS,Penjualan cafe,"771,575.00",Penjualan cafe strada SMS tanggal 4/12/2025
JV.2025.12.01481,4-Dec-2025,5-Dec-2025,SMS,Uang masuk,"771,575.00",Uang masuk penjualan cafe strada SMS tanggal 04/12/2025
JV.2025.12.01514,4-Dec-2025,4-Dec-2025,La Piazza,Penjualan cafe,"17,365,305.00",Penjualan cafe tanggal 04/12/2025
JV.2025.12.01515,4-Dec-2025,5-Dec-2025,La Piazza,Uang masuk,"17,280,855.00",Uang masuk penjualan cafe tanggal 04/12/2025
JV.2025.12.01389,5-Dec-2025,5-Dec-2025,MKG,Penjualan cafe,"1,827,045.00",Penjualan cafe strada MKG tanggal 05/12/2025
JV.2025.12.01420,5-Dec-2025,6-Dec-2025,MKG,Uang masuk,"1,827,045.00",Uang masuk penjualan cafe strada MKG tanggal 05/12/2025
JV.2025.12.01450,5-Dec-2025,5-Dec-2025,SMS,Penjualan cafe,"440,055.00",Penjualan cafe strada SMS tanggal 05/12/2025
JV.2025.12.01482,5-Dec-2025,6-Dec-2025,SMS,Uang masuk,"440,055.00",Uang masuk penjualan cafe strada SMS tanggal 05/12/2025
JV.2025.12.01516,5-Dec-2025,5-Dec-2025,La Piazza,Penjualan cafe,"24,781,003.00",Penjualan cafe tanggal 05/12/2025
JV.2025.12.01517,5-Dec-2025,6-Dec-2025,La Piazza,Uang masuk,"24,675,103.00",Uang masuk penjualan cafe tanggal 05/12/2025
JV.2025.12.01390,6-Dec-2025,6-Dec-2025,MKG,Penjualan cafe,"1,196,095.00",Penjualan cafe strada MKG tanggal 06/12/2025
JV.2025.12.01421,6-Dec-2025,7-Dec-2025,MKG,Uang masuk,"1,196,095.00",Uang masuk penjualan cafe strada MKG tanggal 06/12/2025
JV.2025.12.01451,6-Dec-2025,6-Dec-2025,SMS,Penjualan cafe,"1,243,765.00",Penjualan cafe strada SMS tanggal 06/12/2025
JV.2025.12.01483,6-Dec-2025,7-Dec-2025,SMS,Uang masuk,"1,243,765.00",Uang masuk penjualan cafe strada SMS tanggal 06/12/2025
JV.2025.12.01518,6-Dec-2025,6-Dec-2025,La Piazza,Penjualan cafe,"30,762,990.00",Penjualan cafe tanggal 06/12/2025
JV.2025.12.01519,6-Dec-2025,7-Dec-2025,La Piazza,Uang masuk,"30,323,940.00",Uang masuk penjualan cafe tanggal 06/12/2025
JV.2025.12.01391,7-Dec-2025,7-Dec-2025,MKG,Penjualan cafe,"2,405,705.00",Penjualan cafe strada MKG tanggal 07/12/2025
JV.2025.12.01422,7-Dec-2025,8-Dec-2025,MKG,Uang masuk,"2,397,605.00",Uang masuk penjualan cafe strada MKG tanggal 07/12/2025
JV.2025.12.01452,7-Dec-2025,7-Dec-2025,SMS,Penjualan cafe,"1,129,590.00",Penjualan cafe strada SMS tanggal 07/12/2025
JV.2025.12.01484,7-Dec-2025,8-Dec-2025,SMS,Uang masuk,"1,129,590.00",Uang masuk penjualan cafe strada SMS tanggal 07/12/2025
JV.2025.12.01520,7-Dec-2025,7-Dec-2025,La Piazza,Penjualan cafe,"25,756,020.00",Penjualan cafe tanggal 07/12/2025
JV.2025.12.01521,7-Dec-2025,8-Dec-2025,La Piazza,Uang masuk,"25,576,520.00",Uang masuk penjualan cafe tanggal 07/12/2025
JV.2025.12.01392,8-Dec-2025,8-Dec-2025,MKG,Penjualan cafe,"721,875.00",Penjualan cafe strada MKG tanggal 08/12/2025
JV.2025.12.01423,8-Dec-2025,9-Dec-2025,MKG,Uang masuk,"675,675.00",Uang masuk penjualan cafe strada MKG tanggal 08/12/2025
JV.2025.12.01453,8-Dec-2025,8-Dec-2025,SMS,Penjualan cafe,"656,820.00",Penjualan cafe strada SMS tanggal 08/12/2025
JV.2025.12.01485,8-Dec-2025,9-Dec-2025,SMS,Uang masuk,"656,820.00",Uang masuk penjualan cafe strada SMS tanggal 08/12/2025
JV.2025.12.01522,8-Dec-2025,8-Dec-2025,La Piazza,Penjualan cafe,"16,621,365.00",Penjualan cafe tanggal 08/12/2025
JV.2025.12.01523,8-Dec-2025,9-Dec-2025,La Piazza,Uang masuk,"16,345,815.00",Uang masuk penjualan cafe tanggal 08/12/2025
JV.2025.12.01393,9-Dec-2025,9-Dec-2025,MKG,Penjualan cafe,"764,320.00",Penjualan cafe strada MKG tanggal 09/12/2025
JV.2025.12.01424,9-Dec-2025,10-Dec-2025,MKG,Uang masuk,"764,320.00",Uang masuk penjualan cafe strada MKG tanggal 09/12/2025
JV.2025.12.01454,9-Dec-2025,9-Dec-2025,SMS,Penjualan cafe,"602,910.00",Penjualan cafe strada SMS tanggal 09/12/2025
JV.2025.12.01486,9-Dec-2025,10-Dec-2025,SMS,Uang masuk,"602,910.00",Uang masuk penjualan cafe strada SMS tanggal 09/12/2025
JV.2025.12.01524,9-Dec-2025,9-Dec-2025,La Piazza,Penjualan cafe,"18,460,805.00",Penjualan cafe tanggal 09/12/2025
JV.2025.12.01525,9-Dec-2025,10-Dec-2025,La Piazza,Uang masuk,"18,208,305.00",Uang masuk penjualan cafe tanggal 09/12/2025
JV.2025.12.01394,10-Dec-2025,10-Dec-2025,MKG,Penjualan cafe,"827,255.00",Penjualan cafe strada MKG tanggal 10/12/2025
JV.2025.12.01425,10-Dec-2025,11-Dec-2025,MKG,Uang masuk,"827,255.00",Uang masuk penjualan cafe strada MKG tanggal 10/12/2025
JV.2025.12.01455,10-Dec-2025,10-Dec-2025,SMS,Penjualan cafe,"501,545.00",Penjualan cafe strada SMS tanggal 10/12/2025
JV.2025.12.01487,10-Dec-2025,11-Dec-2025,SMS,Uang masuk,"501,545.00",Uang masuk penjualan cafe strada SMS tanggal 10/12/2025
JV.2025.12.01526,10-Dec-2025,10-Dec-2025,La Piazza,Penjualan cafe,"13,480,925.00",Penjualan cafe tanggal 10/12/2025
JV.2025.12.01527,10-Dec-2025,11-Dec-2025,La Piazza,Uang masuk,"13,435,925.00",Uang masuk penjualan cafe tanggal 10/12/2025
JV.2025.12.01395,11-Dec-2025,11-Dec-2025,MKG,Penjualan cafe,"890,505.00",Penjualan cafe strada MKG tanggal 11/12/2025
JV.2025.12.01426,11-Dec-2025,12-Dec-2025,MKG,Uang masuk,"890,505.00",Uang masuk penjualan cafe strada MKG tanggal 11/12/2025
JV.2025.12.01456,11-Dec-2025,11-Dec-2025,SMS,Penjualan cafe,"746,190.00",Penjualan cafe strada SMS tanggal 11/12/2025
JV.2025.12.01488,11-Dec-2025,12-Dec-2025,SMS,Uang masuk,"746,190.00",Uang masuk penjualan cafe strada SMS tanggal 11/12/2025
JV.2025.12.01528,11-Dec-2025,11-Dec-2025,La Piazza,Penjualan cafe,"14,982,080.00",Penjualan cafe tanggal 11/12/2025
JV.2025.12.01529,11-Dec-2025,12-Dec-2025,La Piazza,Uang masuk,"14,957,480.00",Uang masuk penjualan cafe tanggal 11/12/2025
JV.2025.12.01531,12-Dec-2025,13-Dec-2025,BSD,Uang masuk,"7,270,590.00",Uang masuk penjualan cafe strada BSD tanggal 12/12/2025
JV.2025.12.01396,12-Dec-2025,12-Dec-2025,MKG,Penjualan cafe,"1,172,610.00",Penjualan cafe strada MKG tanggal 12/12/2025
JV.2025.12.01427,12-Dec-2025,13-Dec-2025,MKG,Uang masuk,"1,172,610.00",Uang masuk penjualan cafe strada MKG tanggal 12/12/2025
JV.2025.12.01457,12-Dec-2025,12-Dec-2025,SMS,Penjualan cafe,"852,390.00",Penjualan cafe strada SMS tanggal 12/12/2025
JV.2025.12.01489,12-Dec-2025,13-Dec-2025,SMS,Uang masuk,"852,390.00",Uang masuk penjualan cafe strada SMS tanggal 12/12/2025
JV.2025.12.01530,12-Dec-2025,12-Dec-2025,La Piazza,Penjualan cafe,"31,526,680.00",Penjualan cafe tanggal 12/12/2025
JV.2025.12.01397,13-Dec-2025,13-Dec-2025,MKG,Penjualan cafe,"1,488,625.00",Penjualan cafe strada MKG tanggal 13/12/2025
JV.2025.12.01428,13-Dec-2025,14-Dec-2025,MKG,Uang masuk,"1,488,625.00",Uang masuk penjualan cafe strada MKG tanggal 13/12/2025
JV.2025.12.01458,13-Dec-2025,13-Dec-2025,SMS,Penjualan cafe,"1,244,920.00",Penjualan cafe strada SMS tanggal 13/12/2025
JV.2025.12.01490,13-Dec-2025,14-Dec-2025,SMS,Uang masuk,"1,244,920.00",Uang masuk penjualan cafe strada SMS tanggal 13/12/2025
JV.2025.12.01533,14-Dec-2025,15-Dec-2025,BSD,Uang masuk,"6,815,295.00",Uang masuk penjualan cafe strada BSD tanggal 14/12/2025
JV.2025.12.01398,14-Dec-2025,14-Dec-2025,MKG,Penjualan cafe,"1,848,000.00",Penjualan cafe strada MKG tanggal 14/12/2025
JV.2025.12.01429,14-Dec-2025,15-Dec-2025,MKG,Uang masuk,"1,848,000.00",Uang masuk penjualan cafe strada MKG tanggal 14/12/2025
JV.2025.12.01459,14-Dec-2025,14-Dec-2025,SMS,Penjualan cafe,"2,065,800.00",Penjualan cafe strada SMS tanggal 14/12/2025
JV.2025.12.01491,14-Dec-2025,15-Dec-2025,SMS,Uang masuk,"2,065,800.00",Uang masuk penjualan cafe strada SMS tanggal 14/12/2025
JV.2025.12.01534,15-Dec-2025,15-Dec-2025,BSD,Penjualan cafe,"3,274,425.00",Penjualan cafe strada BSD tanggal 15/12/2025
JV.2025.12.01535,15-Dec-2025,16-Dec-2025,BSD,Uang masuk,"3,144,480.00",Uang masuk penjualan cafe strada BSD tanggal 15/12/2025
JV.2025.12.01399,15-Dec-2025,15-Dec-2025,MKG,Penjualan cafe,"442,365.00",Penjualan cafe strada MKG tanggal 15/12/2025
JV.2025.12.01400,15-Dec-2025,16-Dec-2025,MKG,Penjualan cafe,"389,235.00",Penjualan cafe strada MKG tanggal 15/12/2025
JV.2025.12.01430,15-Dec-2025,16-Dec-2025,MKG,Uang masuk,"442,365.00",Uang masuk penjualan cafe strada MKG tanggal 15/12/2025
JV.2025.12.01460,15-Dec-2025,15-Dec-2025,SMS,Penjualan cafe,"590,205.00",Penjualan cafe strada SMS tanggal 15/12/2025
JV.2025.12.01492,15-Dec-2025,16-Dec-2025,SMS,Uang masuk,"590,205.00",Uang masuk penjualan cafe strada SMS tanggal 15/12/2025
JV.2026.04.00533,16-Dec-2025,16-Dec-2025,BSD,Penjualan cafe,"12,377,800.00",Penjualan cafe strada BSD tanggal 16/12/2025
JV.2025.12.01431,16-Dec-2025,17-Dec-2025,MKG,Uang masuk,"389,235.00",Uang masuk penjualan cafe strada MKG tanggal 16/12/2025
JV.2025.12.01461,16-Dec-2025,16-Dec-2025,SMS,Penjualan cafe,"168,630.00",Penjualan cafe strada SMS tanggal 16/12/2025
JV.2025.12.01493,16-Dec-2025,17-Dec-2025,SMS,Uang masuk,"168,630.00",Uang masuk penjualan cafe strada SMS tanggal 16/12/2025
JV.2025.12.01401,17-Dec-2025,17-Dec-2025,MKG,Penjualan cafe,"531,300.00",Penjualan cafe strada MKG tanggal 17/12/2025
JV.2025.12.01432,17-Dec-2025,18-Dec-2025,MKG,Uang masuk,"531,300.00",Uang masuk penjualan cafe strada MKG tanggal 17/12/2025
JV.2025.12.01462,17-Dec-2025,17-Dec-2025,SMS,Penjualan cafe,"675,115.00",Penjualan cafe strada SMS tanggal 17/12/2025
JV.2025.12.01494,17-Dec-2025,18-Dec-2025,SMS,Uang masuk,"675,115.00",Uang masuk penjualan cafe strada SMS tanggal 17/12/2025
JV.2025.12.01402,18-Dec-2025,18-Dec-2025,MKG,Penjualan cafe,"1,144,610.00",Penjualan cafe strada MKG tanggal 18/12/2025
JV.2025.12.01433,18-Dec-2025,19-Dec-2025,MKG,Uang masuk,"1,139,360.00",Uang masuk penjualan cafe strada MKG tanggal 18/12/2025
JV.2025.12.01463,18-Dec-2025,18-Dec-2025,SMS,Penjualan cafe,"826,980.00",Penjualan cafe strada SMS tanggal 18/12/2025
JV.2025.12.01495,18-Dec-2025,19-Dec-2025,SMS,Uang masuk,"826,980.00",Uang masuk penjualan cafe strada SMS tanggal 18/12/2025
JV.2025.12.01404,19-Dec-2025,19-Dec-2025,MKG,Penjualan cafe,"1,293,600.00",Penjualan cafe strada MKG tanggal 19/12/2025
JV.2025.12.01403,19-Dec-2025,19-Dec-2025,MKG,Penjualan cafe,"1,293,600.00",Penjualan cafe strada MKG tanggal 19/12/2025
JV.2025.12.01434,19-Dec-2025,20-Dec-2025,MKG,Uang masuk,"1,293,600.00",Uang masuk penjualan cafe strada MKG tanggal 19/12/2025
JV.2025.12.01464,19-Dec-2025,19-Dec-2025,SMS,Penjualan cafe,"1,261,480.00",Penjualan cafe strada SMS tanggal 19/12/2025
JV.2025.12.01496,19-Dec-2025,20-Dec-2025,SMS,Uang masuk,"1,261,480.00",Uang masuk penjualan cafe strada SMS tanggal 19/12/2025
JV.2025.12.01405,20-Dec-2025,20-Dec-2025,MKG,Penjualan cafe,"2,108,625.00",Penjualan cafe strada MKG tanggal 20/12/2025
JV.2025.12.01435,20-Dec-2025,21-Dec-2025,MKG,Uang masuk,"2,066,975.00",Uang masuk penjualan cafe strada MKG tanggal 20/12/2025
JV.2025.12.01465,20-Dec-2025,20-Dec-2025,SMS,Penjualan cafe,"985,465.00",Penjualan cafe strada SMS tanggal 20/12/2025
JV.2025.12.01497,20-Dec-2025,21-Dec-2025,SMS,Uang masuk,"42,000.00",Uang masuk penjualan cafe strada SMS tanggal 20/12/2025
JV.2025.12.01406,21-Dec-2025,21-Dec-2025,MKG,Penjualan cafe,"1,334,025.00",Penjualan cafe strada MKG tanggal 21/12/2025
JV.2025.12.01436,21-Dec-2025,22-Dec-2025,MKG,Uang masuk,"1,334,025.00",Uang masuk penjualan cafe strada MKG tanggal 21/12/2025
JV.2025.12.01466,21-Dec-2025,21-Dec-2025,SMS,Penjualan cafe,"1,492,090.00",Penjualan cafe strada SMS tanggal 21/12/2025
JV.2025.12.01498,21-Dec-2025,22-Dec-2025,SMS,Uang masuk,"2,435,555.00",Uang masuk penjualan cafe strada SMS tanggal 21/12/2025
JV.2025.12.01407,22-Dec-2025,22-Dec-2025,MKG,Penjualan cafe,"1,037,025.00",Penjualan cafe strada MKG tanggal 22/12/2025
JV.2025.12.01437,22-Dec-2025,23-Dec-2025,MKG,Uang masuk,"1,037,025.00",Uang masuk penjualan cafe strada MKG tanggal 22/12/2025
JV.2025.12.01467,22-Dec-2025,22-Dec-2025,SMS,Penjualan cafe,"813,120.00",Penjualan cafe strada SMS tanggal 22/12/2025
JV.2025.12.01499,22-Dec-2025,23-Dec-2025,SMS,Uang masuk,"813,120.00",Uang masuk penjualan cafe strada SMS tanggal 22/12/2025
JV.2025.12.01408,23-Dec-2025,23-Dec-2025,MKG,Penjualan cafe,"974,165.00",Penjualan cafe strada MKG tanggal 23/12/2025
JV.2025.12.01438,23-Dec-2025,24-Dec-2025,MKG,Uang masuk,"974,165.00",Uang masuk penjualan cafe strada MKG tanggal 23/12/2025
JV.2025.12.01468,23-Dec-2025,23-Dec-2025,SMS,Penjualan cafe,"571,725.00",Penjualan cafe strada SMS tanggal 23/12/2025
JV.2025.12.01500,23-Dec-2025,24-Dec-2025,SMS,Uang masuk,"571,725.00",Uang masuk penjualan cafe strada SMS tanggal 23/12/2025
JV.2025.12.01409,24-Dec-2025,24-Dec-2025,MKG,Penjualan cafe,"1,466,655.00",Penjualan cafe strada MKG tanggal 24/12/2025
JV.2025.12.01439,24-Dec-2025,25-Dec-2025,MKG,Uang masuk,"1,466,655.00",Uang masuk penjualan cafe strada MKG tanggal 24/12/2025
JV.2025.12.01469,24-Dec-2025,24-Dec-2025,SMS,Penjualan cafe,"715,615.00",Penjualan cafe strada SMS tanggal 24/12/2025
JV.2025.12.01501,24-Dec-2025,25-Dec-2025,SMS,Uang masuk,"715,615.00",Uang masuk penjualan cafe strada SMS tanggal 24/12/2025
JV.2025.12.01440,25-Dec-2025,26-Dec-2025,MKG,Uang masuk,"3,446,705.00",Uang masuk penjualan cafe strada MKG tanggal 25/12/2025
JV.2025.12.01470,25-Dec-2025,25-Dec-2025,SMS,Penjualan cafe,"1,904,595.00",Penjualan cafe strada SMS tanggal 25/12/2025
JV.2025.12.01502,25-Dec-2025,26-Dec-2025,SMS,Uang masuk,"1,904,595.00",Uang masuk penjualan cafe strada SMS tanggal 25/12/2025
JV.2025.12.01411,26-Dec-2025,26-Dec-2025,MKG,Penjualan cafe,"1,690,025.00",Penjualan cafe strada MKG tanggal 26/12/2025
JV.2025.12.01471,26-Dec-2025,26-Dec-2025,SMS,Penjualan cafe,"959,805.00",Penjualan cafe strada SMS tanggal 26/12/2025
JV.2025.12.01503,26-Dec-2025,27-Dec-2025,SMS,Uang masuk,"959,805.00",Uang masuk penjualan cafe strada SMS tanggal 26/12/2025
JV.2025.12.01412,27-Dec-2025,27-Dec-2025,MKG,Penjualan cafe,"1,880,340.00",Penjualan cafe strada MKG tanggal 27/12/2025
JV.2025.12.01442,27-Dec-2025,28-Dec-2025,MKG,Uang masuk,"1,880,340.00",Uang masuk penjualan cafe strada MKG tanggal 27/12/2025
JV.2025.12.01472,27-Dec-2025,27-Dec-2025,SMS,Penjualan cafe,"1,361,745.00",Penjualan cafe strada SMS tanggal 27/12/2025
JV.2025.12.01504,27-Dec-2025,28-Dec-2025,SMS,Uang masuk,"1,361,745.00",Uang masuk penjualan cafe strada SMS tanggal 27/12/2025
JV.2025.12.01413,28-Dec-2025,28-Dec-2025,MKG,Penjualan cafe,"2,784,705.00",Penjualan cafe strada MKG tanggal 28/12/2025
JV.2025.12.01443,28-Dec-2025,29-Dec-2025,MKG,Uang masuk,"2,747,745.00",Uang masuk penjualan cafe strada MKG tanggal 28/12/2025
JV.2025.12.01473,28-Dec-2025,28-Dec-2025,SMS,Penjualan cafe,"1,607,195.00",Penjualan cafe strada SMS tanggal 28/12/2025
JV.2025.12.01505,28-Dec-2025,29-Dec-2025,SMS,Uang masuk,"1,607,195.00",Uang masuk penjualan cafe strada SMS tanggal 28/12/2025
JV.2025.12.01414,29-Dec-2025,29-Dec-2025,MKG,Penjualan cafe,"1,346,730.00",Penjualan cafe strada MKG tanggal 29/12/2025
JV.2025.12.01444,29-Dec-2025,30-Dec-2025,MKG,Uang masuk,"1,349,730.00",Uang masuk penjualan cafe strada MKG tanggal 29/12/2025
JV.2025.12.01474,29-Dec-2025,29-Dec-2025,SMS,Penjualan cafe,"1,012,755.00",Penjualan cafe strada SMS tanggal 29/12/2025
JV.2025.12.01506,29-Dec-2025,30-Dec-2025,SMS,Uang masuk,"1,012,755.00",Uang masuk penjualan cafe strada SMS tanggal 29/12/2025
JV.2026.01.01128,30-Dec-2025,30-Dec-2025,MKG,Penjualan cafe,"1,560,405.00",Penjualan cafe strada MKG tanggal 30/12/2025
JV.2025.12.01445,30-Dec-2025,31-Dec-2025,MKG,Uang masuk,"1,542,105.00",Uang masuk penjualan cafe strada MKG tanggal 30/12/2025
JV.2025.12.01475,30-Dec-2025,30-Dec-2025,SMS,Penjualan cafe,"836,220.00",Penjualan cafe strada SMS tanggal 30/12/2025
JV.2025.12.01507,30-Dec-2025,31-Dec-2025,SMS,Uang masuk,"836,220.00",Uang masuk penjualan cafe strada SMS tanggal 30/12/2025
JV.2025.12.01415,31-Dec-2025,31-Dec-2025,MKG,Penjualan cafe,"2,269,650.00",Penjualan cafe strada MKG tanggal 31/12/2025
JV.2026.01.01129,31-Dec-2025,1-Jan-2026,MKG,Uang masuk,"2,269,650.00",Uang masuk penjualan cafe strada MKG tanggal 31/12/2025
JV.2025.12.01476,31-Dec-2025,31-Dec-2025,SMS,Penjualan cafe,"1,507,275.00",Penjualan cafe strada SMS tanggal 31/12/2025
JV.2026.01.01211,1-Jan-2026,1-Jan-2026,MKG,Penjualan cafe,"4,223,795.00",Penjualan cafe strada MKG tanggal 1/01/2026
JV.2026.01.01130,1-Jan-2026,2-Jan-2026,MKG,Uang masuk,"4,218,545.00",Uang masuk penjualan cafe strada MKG tanggal 01/01/2026
JV.2026.01.01162,1-Jan-2026,1-Jan-2026,SMS,Penjualan cafe,"1,591,660.00",Penjualan cafe strada SMS tanggal 01/01/2026
JV.2026.01.01193,1-Jan-2026,2-Jan-2026,SMS,Uang masuk,"1,591,660.00",Uang masuk penjualan cafe strada SMS tanggal 01/01/2026
JV.2026.01.01212,2-Jan-2026,2-Jan-2026,MKG,Penjualan cafe,"1,343,695.00",Penjualan cafe strada MKG tanggal 2/01/2026
JV.2026.01.01131,2-Jan-2026,3-Jan-2026,MKG,Uang masuk,"1,343,695.00",Uang masuk penjualan cafe strada MKG tanggal 02/01/2026
JV.2026.01.01163,2-Jan-2026,2-Jan-2026,SMS,Penjualan cafe,"854,530.00",Penjualan cafe strada SMS tanggal 02/01/2026
JV.2026.01.01194,2-Jan-2026,3-Jan-2026,SMS,Uang masuk,"854,530.00",Uang masuk penjualan cafe strada SMS tanggal 02/01/2026
JV.2026.01.01213,3-Jan-2026,3-Jan-2026,MKG,Penjualan cafe,"1,695,540.00",Penjualan cafe strada MKG tanggal 3/01/2026
JV.2026.01.01132,3-Jan-2026,4-Jan-2026,MKG,Uang masuk,"1,695,540.00",Uang masuk penjualan cafe strada MKG tanggal 03/01/2026
JV.2026.01.01164,3-Jan-2026,3-Jan-2026,SMS,Penjualan cafe,"1,039,335.00",Penjualan cafe strada SMS tanggal 03/01/2026
JV.2026.01.01195,3-Jan-2026,4-Jan-2026,SMS,Uang masuk,"1,039,335.00",Uang masuk penjualan cafe strada SMS tanggal 03/01/2026
JV.2026.01.01214,4-Jan-2026,4-Jan-2026,MKG,Penjualan cafe,"2,202,585.00",Penjualan cafe strada MKG tanggal 4/01/2026
JV.2026.01.01133,4-Jan-2026,5-Jan-2026,MKG,Uang masuk,"2,202,585.00",Uang masuk penjualan cafe strada MKG tanggal 04/01/2026
JV.2026.02.00453,4-Jan-2026,4-Jan-2026,SMS,Penjualan cafe,"1,603,415.00",Penjualan cafe strada SMS tanggal 04/01/2026
JV.2026.01.01196,4-Jan-2026,5-Jan-2026,SMS,Uang masuk,"1,603,415.00",Uang masuk penjualan cafe strada SMS tanggal 04/01/2026
JV.2026.01.01215,5-Jan-2026,5-Jan-2026,MKG,Penjualan cafe,"509,675.00",Penjualan cafe strada MKG tanggal 5/01/2026
JV.2026.01.01134,5-Jan-2026,6-Jan-2026,MKG,Uang masuk,"509,675.00",Uang masuk penjualan cafe strada MKG tanggal 05/01/2026
JV.2026.01.01165,5-Jan-2026,5-Jan-2026,SMS,Penjualan cafe,"170,940.00",Penjualan cafe strada SMS tanggal 05/01/2026
JV.2026.01.01197,5-Jan-2026,6-Jan-2026,SMS,Uang masuk,"170,940.00",Uang masuk penjualan cafe strada SMS tanggal 05/01/2026
JV.2026.01.01216,6-Jan-2026,6-Jan-2026,MKG,Penjualan cafe,"682,090.00",Penjualan cafe strada MKG tanggal 6/01/2026
JV.2026.01.01135,6-Jan-2026,7-Jan-2026,MKG,Uang masuk,"682,090.00",Uang masuk penjualan cafe strada MKG tanggal 06/01/2026
JV.2026.01.01166,6-Jan-2026,6-Jan-2026,SMS,Penjualan cafe,"443,430.00",Penjualan cafe strada SMS tanggal 06/01/2026
JV.2026.01.01198,6-Jan-2026,7-Jan-2026,SMS,Uang masuk,"443,430.00",Uang masuk penjualan cafe strada SMS tanggal 06/01/2026
JV.2026.01.01217,7-Jan-2026,7-Jan-2026,MKG,Penjualan cafe,"963,270.00",Penjualan cafe strada MKG tanggal 7/01/2026
JV.2026.01.01136,7-Jan-2026,8-Jan-2026,MKG,Uang masuk,"963,270.00",Uang masuk penjualan cafe strada MKG tanggal 07/01/2026
JV.2026.01.01167,7-Jan-2026,7-Jan-2026,SMS,Penjualan cafe,"673,365.00",Penjualan cafe strada SMS tanggal 07/01/2026
JV.2026.01.01199,7-Jan-2026,8-Jan-2026,SMS,Uang masuk,"673,365.00",Uang masuk penjualan cafe strada SMS tanggal 07/01/2026
JV.2026.01.01218,8-Jan-2026,8-Jan-2026,MKG,Penjualan cafe,"883,730.00",Penjualan cafe strada MKG tanggal 8/01/2026
JV.2026.01.01137,8-Jan-2026,9-Jan-2026,MKG,Uang masuk,"883,730.00",Uang masuk penjualan cafe strada MKG tanggal 08/01/2026
JV.2026.01.01168,8-Jan-2026,8-Jan-2026,SMS,Penjualan cafe,"353,750.00",Penjualan cafe strada SMS tanggal 08/01/2026
JV.2026.01.01200,8-Jan-2026,9-Jan-2026,SMS,Uang masuk,"353,750.00",Uang masuk penjualan cafe strada SMS tanggal 08/01/2026
JV.2026.01.01219,9-Jan-2026,9-Jan-2026,MKG,Penjualan cafe,"688,380.00",Penjualan cafe strada MKG tanggal 9/01/2026
JV.2026.01.01138,9-Jan-2026,10-Jan-2026,MKG,Uang masuk,"688,380.00",Uang masuk penjualan cafe strada MKG tanggal 09/01/2026
JV.2026.01.01169,9-Jan-2026,9-Jan-2026,SMS,Penjualan cafe,"659,290.00",Penjualan cafe strada SMS tanggal 09/01/2026
JV.2026.01.01201,9-Jan-2026,10-Jan-2026,SMS,Uang masuk,"659,290.00",Uang masuk penjualan cafe strada SMS tanggal 09/01/2026
JV.2026.01.01220,10-Jan-2026,10-Jan-2026,MKG,Penjualan cafe,"2,044,895.00",Penjualan cafe strada MKG tanggal 10/01/2026
JV.2026.01.01139,10-Jan-2026,11-Jan-2026,MKG,Uang masuk,"2,044,895.00",Uang masuk penjualan cafe strada MKG tanggal 10/01/2026
JV.2026.01.01170,10-Jan-2026,10-Jan-2026,SMS,Penjualan cafe,"1,708,490.00",Penjualan cafe strada SMS tanggal 10/01/2026
JV.2026.01.01202,10-Jan-2026,11-Jan-2026,SMS,Uang masuk,"1,708,490.00",Uang masuk penjualan cafe strada SMS tanggal 10/01/2026
JV.2026.01.01221,11-Jan-2026,11-Jan-2026,MKG,Penjualan cafe,"2,290,520.00",Penjualan cafe strada MKG tanggal 11/01/2026
JV.2026.01.01140,11-Jan-2026,12-Jan-2026,MKG,Uang masuk,"2,190,520.00",Uang masuk penjualan cafe strada MKG tanggal 11/01/2026
JV.2026.01.01171,11-Jan-2026,11-Jan-2026,SMS,Penjualan cafe,"1,451,793.00",Penjualan cafe strada SMS tanggal 11/01/2026
JV.2026.01.01203,11-Jan-2026,12-Jan-2026,SMS,Uang masuk,"1,451,793.00",Uang masuk penjualan cafe strada SMS tanggal 11/01/2026
JV.2026.01.01222,12-Jan-2026,12-Jan-2026,MKG,Penjualan cafe,"1,542,000.00",Penjualan cafe strada MKG tanggal 12/01/2026
JV.2026.01.01141,12-Jan-2026,13-Jan-2026,MKG,Uang masuk,"1,521,000.00",Uang masuk penjualan cafe strada MKG tanggal 12/01/2026
JV.2026.01.01172,12-Jan-2026,12-Jan-2026,SMS,Penjualan cafe,"484,930.00",Penjualan cafe strada SMS tanggal 12/01/2026
JV.2026.01.01204,12-Jan-2026,13-Jan-2026,SMS,Uang masuk,"484,930.00",Uang masuk penjualan cafe strada SMS tanggal 12/01/2026
JV.2026.01.01223,13-Jan-2026,13-Jan-2026,MKG,Penjualan cafe,"950,050.00",Penjualan cafe strada MKG tanggal 13/01/2026
JV.2026.01.01142,13-Jan-2026,14-Jan-2026,MKG,Uang masuk,"950,050.00",Uang masuk penjualan cafe strada MKG tanggal 13/01/2026
JV.2026.01.01173,13-Jan-2026,13-Jan-2026,SMS,Penjualan cafe,"702,665.00",Penjualan cafe strada SMS tanggal 13/01/2026
JV.2026.01.01368,13-Jan-2026,14-Jan-2026,SMS,Uang masuk,"702,665.00",Uang masuk penjualan cafe strada SMS tanggal 13/01/2026
JV.2026.01.01224,14-Jan-2026,14-Jan-2026,MKG,Penjualan cafe,"965,855.00",Penjualan cafe strada MKG tanggal 14/01/2026
JV.2026.01.01143,14-Jan-2026,15-Jan-2026,MKG,Uang masuk,"965,855.00",Uang masuk penjualan cafe strada MKG tanggal 14/01/2026
JV.2026.01.01174,14-Jan-2026,14-Jan-2026,SMS,Penjualan cafe,"234,710.00",Penjualan cafe strada SMS tanggal 14/01/2026
JV.2026.01.01369,14-Jan-2026,15-Jan-2026,SMS,Uang masuk,"234,710.00",Uang masuk penjualan cafe strada SMS tanggal 14/01/2026
JV.2026.01.01225,15-Jan-2026,15-Jan-2026,MKG,Penjualan cafe,"620,235.00",Penjualan cafe strada MKG tanggal 15/01/2026
JV.2026.01.01144,15-Jan-2026,16-Jan-2026,MKG,Uang masuk,"620,235.00",Uang masuk penjualan cafe strada MKG tanggal 15/01/2026
JV.2026.01.01175,15-Jan-2026,15-Jan-2026,SMS,Penjualan cafe,"407,625.00",Penjualan cafe strada SMS tanggal 15/01/2026
JV.2026.01.01370,15-Jan-2026,16-Jan-2026,SMS,Uang masuk,"407,625.00",Uang masuk penjualan cafe strada SMS tanggal 15/01/2026
JV.2026.01.01226,16-Jan-2026,16-Jan-2026,MKG,Penjualan cafe,"2,051,070.00",Penjualan cafe strada MKG tanggal 16/01/2026
JV.2026.01.01145,16-Jan-2026,17-Jan-2026,MKG,Uang masuk,"2,051,430.00",Uang masuk penjualan cafe strada MKG tanggal 16/01/2026
JV.2026.01.01176,16-Jan-2026,16-Jan-2026,SMS,Penjualan cafe,"1,798,505.00",Penjualan cafe strada SMS tanggal 16/01/2026
JV.2026.01.01371,16-Jan-2026,17-Jan-2026,SMS,Uang masuk,"1,798,505.00",Uang masuk penjualan cafe strada SMS tanggal 16/01/2026
JV.2026.01.01227,17-Jan-2026,17-Jan-2026,MKG,Penjualan cafe,"1,623,930.00",Penjualan cafe strada MKG tanggal 17/01/2026
JV.2026.01.01146,17-Jan-2026,18-Jan-2026,MKG,Uang masuk,"1,623,930.00",Uang masuk penjualan cafe strada MKG tanggal 17/01/2026
JV.2026.01.01177,17-Jan-2026,17-Jan-2026,SMS,Penjualan cafe,"1,135,640.00",Penjualan cafe strada SMS tanggal 17/01/2026
JV.2026.01.01372,17-Jan-2026,18-Jan-2026,SMS,Uang masuk,"1,135,640.00",Uang masuk penjualan cafe strada SMS tanggal 17/01/2026
JV.2026.01.01228,18-Jan-2026,18-Jan-2026,MKG,Penjualan cafe,"684,430.00",Penjualan cafe strada MKG tanggal 18/01/2026
JV.2026.01.01147,18-Jan-2026,19-Jan-2026,MKG,Uang masuk,"626,680.00",Uang masuk penjualan cafe strada MKG tanggal 18/01/2026
JV.2026.01.01178,18-Jan-2026,18-Jan-2026,SMS,Penjualan cafe,"1,506,985.00",Penjualan cafe strada SMS tanggal 18/01/2026
JV.2026.01.01373,18-Jan-2026,19-Jan-2026,SMS,Uang masuk,"1,506,985.00",Uang masuk penjualan cafe strada SMS tanggal 18/01/2026
JV.2026.01.01229,19-Jan-2026,19-Jan-2026,MKG,Penjualan cafe,"329,175.00",Penjualan cafe strada MKG tanggal 19/01/2026
JV.2026.01.01148,19-Jan-2026,20-Jan-2026,MKG,Uang masuk,"329,175.00",Uang masuk penjualan cafe strada MKG tanggal 19/01/2026
JV.2026.01.01179,19-Jan-2026,19-Jan-2026,SMS,Penjualan cafe,"190,575.00",Penjualan cafe strada SMS tanggal 19/01/2026
JV.2026.01.01374,19-Jan-2026,20-Jan-2026,SMS,Uang masuk,"190,575.00",Uang masuk penjualan cafe strada SMS tanggal 19/01/2026
JV.2026.01.01230,20-Jan-2026,20-Jan-2026,MKG,Penjualan cafe,"622,545.00",Penjualan cafe strada MKG tanggal 20/01/2026
JV.2026.01.01149,20-Jan-2026,21-Jan-2026,MKG,Uang masuk,"622,545.00",Uang masuk penjualan cafe strada MKG tanggal 20/01/2026
JV.2026.01.01180,20-Jan-2026,20-Jan-2026,SMS,Penjualan cafe,"128,205.00",Penjualan cafe strada SMS tanggal 20/01/2026
JV.2026.01.01375,20-Jan-2026,21-Jan-2026,SMS,Uang masuk,"128,205.00",Uang masuk penjualan cafe strada SMS tanggal 20/01/2026
JV.2026.01.01231,21-Jan-2026,21-Jan-2026,MKG,Penjualan cafe,"889,350.00",Penjualan cafe strada MKG tanggal 21/01/2026
JV.2026.01.01150,21-Jan-2026,22-Jan-2026,MKG,Uang masuk,"880,350.00",Uang masuk penjualan cafe strada MKG tanggal 21/01/2026
JV.2026.01.01181,21-Jan-2026,21-Jan-2026,SMS,Penjualan cafe,"820,480.00",Penjualan cafe strada SMS tanggal 21/01/2026
JV.2026.01.01376,21-Jan-2026,22-Jan-2026,SMS,Uang masuk,"160,545.00",Uang masuk penjualan cafe strada SMS tanggal 21/01/2026
JV.2026.01.01232,22-Jan-2026,22-Jan-2026,MKG,Penjualan cafe,"1,085,530.00",Penjualan cafe strada MKG tanggal 22/01/2026
JV.2026.01.01151,22-Jan-2026,23-Jan-2026,MKG,Uang masuk,"1,085,530.00",Uang masuk penjualan cafe strada MKG tanggal 22/01/2026
JV.2026.01.01182,22-Jan-2026,22-Jan-2026,SMS,Penjualan cafe,"160,545.00",Penjualan cafe strada SMS tanggal 22/01/2026
JV.2026.01.01377,22-Jan-2026,23-Jan-2026,SMS,Uang masuk,"546,145.00",Uang masuk penjualan cafe strada SMS tanggal 22/01/2026
JV.2026.01.01233,23-Jan-2026,23-Jan-2026,MKG,Penjualan cafe,"443,430.00",Penjualan cafe strada MKG tanggal 23/01/2026
JV.2026.01.01152,23-Jan-2026,24-Jan-2026,MKG,Uang masuk,"443,430.00",Uang masuk penjualan cafe strada MKG tanggal 23/01/2026
JV.2026.01.01183,23-Jan-2026,23-Jan-2026,SMS,Penjualan cafe,"546,145.00",Penjualan cafe strada SMS tanggal 23/01/2026
JV.2026.01.01378,23-Jan-2026,24-Jan-2026,SMS,Uang masuk,"546,145.00",Uang masuk penjualan cafe strada SMS tanggal 23/01/2026
JV.2026.01.01234,24-Jan-2026,24-Jan-2026,MKG,Penjualan cafe,"2,482,250.00",Penjualan cafe strada MKG tanggal 24/01/2026
JV.2026.01.01153,24-Jan-2026,25-Jan-2026,MKG,Uang masuk,"2,395,850.00",Uang masuk penjualan cafe strada MKG tanggal 24/01/2026
JV.2026.01.01184,24-Jan-2026,24-Jan-2026,SMS,Penjualan cafe,"1,141,935.00",Penjualan cafe strada SMS tanggal 24/01/2026
JV.2026.01.01379,24-Jan-2026,25-Jan-2026,SMS,Uang masuk,"1,141,935.00",Uang masuk penjualan cafe strada SMS tanggal 24/01/2026
JV.2026.01.01235,25-Jan-2026,25-Jan-2026,MKG,Penjualan cafe,"2,022,345.00",Penjualan cafe strada MKG tanggal 25/01/2026
JV.2026.01.01154,25-Jan-2026,26-Jan-2026,MKG,Uang masuk,"2,022,345.00",Uang masuk penjualan cafe strada MKG tanggal 25/01/2026
JV.2026.01.01185,25-Jan-2026,25-Jan-2026,SMS,Penjualan cafe,"2,206,645.00",Penjualan cafe strada SMS tanggal 25/01/2026
JV.2026.01.01380,25-Jan-2026,26-Jan-2026,SMS,Uang masuk,"2,206,645.00",Uang masuk penjualan cafe strada SMS tanggal 25/01/2026
JV.2026.01.01236,26-Jan-2026,26-Jan-2026,MKG,Penjualan cafe,"490,875.00",Penjualan cafe strada MKG tanggal 26/01/2026
JV.2026.01.01155,26-Jan-2026,27-Jan-2026,MKG,Uang masuk,"490,875.00",Uang masuk penjualan cafe strada MKG tanggal 26/01/2026
JV.2026.01.01186,26-Jan-2026,26-Jan-2026,SMS,Penjualan cafe,"539,385.00",Penjualan cafe strada SMS tanggal 26/01/2026
JV.2026.01.01381,26-Jan-2026,27-Jan-2026,SMS,Uang masuk,"539,385.00",Uang masuk penjualan cafe strada SMS tanggal 26/01/2026
JV.2026.01.01237,27-Jan-2026,27-Jan-2026,MKG,Penjualan cafe,"762,620.00",Penjualan cafe strada MKG tanggal 27/01/2026
JV.2026.01.01156,27-Jan-2026,28-Jan-2026,MKG,Uang masuk,"762,620.00",Uang masuk penjualan cafe strada MKG tanggal 27/01/2026
JV.2026.01.01187,27-Jan-2026,27-Jan-2026,SMS,Penjualan cafe,"276,045.00",Penjualan cafe strada SMS tanggal 27/01/2026
JV.2026.01.01382,27-Jan-2026,28-Jan-2026,SMS,Uang masuk,"276,045.00",Uang masuk penjualan cafe strada SMS tanggal 27/01/2026
JV.2026.01.01238,28-Jan-2026,28-Jan-2026,MKG,Penjualan cafe,"888,550.00",Penjualan cafe strada MKG tanggal 28/01/2026
JV.2026.01.01157,28-Jan-2026,29-Jan-2026,MKG,Uang masuk,"872,350.00",Uang masuk penjualan cafe strada MKG tanggal 28/01/2026
JV.2026.01.01188,28-Jan-2026,28-Jan-2026,SMS,Penjualan cafe,"410,025.00",Penjualan cafe strada SMS tanggal 28/01/2026
JV.2026.01.01383,28-Jan-2026,29-Jan-2026,SMS,Uang masuk,"410,025.00",Uang masuk penjualan cafe strada SMS tanggal 28/01/2026
JV.2026.01.01239,29-Jan-2026,29-Jan-2026,MKG,Penjualan cafe,"874,335.00",Penjualan cafe strada MKG tanggal 29/01/2026
JV.2026.01.01158,29-Jan-2026,30-Jan-2026,MKG,Uang masuk,"874,335.00",Uang masuk penjualan cafe strada MKG tanggal 29/01/2026
JV.2026.01.01189,29-Jan-2026,29-Jan-2026,SMS,Penjualan cafe,"954,975.00",Penjualan cafe strada SMS tanggal 29/01/2026
JV.2026.01.01384,29-Jan-2026,30-Jan-2026,SMS,Uang masuk,"954,975.00",Uang masuk penjualan cafe strada SMS tanggal 29/01/2026
JV.2026.01.01240,30-Jan-2026,30-Jan-2026,MKG,Penjualan cafe,"1,002,540.00",Penjualan cafe strada MKG tanggal 30/01/2026
JV.2026.01.01159,30-Jan-2026,31-Jan-2026,MKG,Uang masuk,"991,140.00",Uang masuk penjualan cafe strada MKG tanggal 30/01/2026
JV.2026.01.01190,30-Jan-2026,30-Jan-2026,SMS,Penjualan cafe,"626,680.00",Penjualan cafe strada SMS tanggal 30/01/2026
JV.2026.01.01385,30-Jan-2026,31-Jan-2026,SMS,Uang masuk,"626,680.00",Uang masuk penjualan cafe strada SMS tanggal 30/01/2026
JV.2026.01.01241,31-Jan-2026,31-Jan-2026,MKG,Penjualan cafe,"2,084,775.00",Penjualan cafe strada MKG tanggal 31/01/2026
JV.2026.02.00441,31-Jan-2026,1-Feb-2026,MKG,Uang masuk,"2,206,050.00",Uang masuk penjualan cafe strada MKG tanggal 31/01/2026
JV.2026.01.01192,31-Jan-2026,1-Jan-2026,SMS,Uang masuk,"1,399,275.00",Uang masuk penjualan cafe strada SMS tanggal 31/01/2026
JV.2026.01.01191,31-Jan-2026,31-Jan-2026,SMS,Penjualan cafe,"1,842,420.00",Penjualan cafe strada SMS tanggal 31/01/2026
JV.2026.02.01230,31-Jan-2026,1-Feb-2026,SMS,Uang masuk,"1,694,580.00",Uang masuk penjualan cafe strada SMS tanggal 31/01/2026
JV.2026.02.00625,1-Feb-2026,1-Feb-2026,MKG,Penjualan cafe,"2,100,945.00",Penjualan cafe strada MKG tanggal 1/02/2026
JV.2026.02.00442,1-Feb-2026,2-Feb-2026,MKG,Uang masuk,"822,360.00",Uang masuk penjualan cafe strada MKG tanggal 01/02/2026
JV.2026.02.00568,1-Feb-2026,1-Feb-2026,SMS,Penjualan cafe,"1,860,295.00",Penjualan cafe strada SMS tanggal 1/02/2026
JV.2026.02.01231,1-Feb-2026,2-Feb-2026,SMS,Uang masuk,"2,008,135.00",Uang masuk penjualan cafe strada SMS tanggal 01/02/2026
JV.2026.02.00627,2-Feb-2026,2-Feb-2026,MKG,Penjualan cafe,"822,360.00",Penjualan cafe strada MKG tanggal 2/02/2026
JV.2026.02.00443,2-Feb-2026,3-Feb-2026,MKG,Uang masuk,"980,870.00",Uang masuk penjualan cafe strada MKG tanggal 02/02/2026
JV.2026.02.00569,2-Feb-2026,2-Feb-2026,SMS,Penjualan cafe,"330,240.00",Penjualan cafe strada SMS tanggal 2/02/2026
JV.2026.02.01232,2-Feb-2026,3-Feb-2026,SMS,Uang masuk,"330,240.00",Uang masuk penjualan cafe strada SMS tanggal 02/02/2026
JV.2026.02.00629,3-Feb-2026,3-Feb-2026,MKG,Penjualan cafe,"980,870.00",Penjualan cafe strada MKG tanggal 3/02/2026
JV.2026.02.00578,3-Feb-2026,3-Feb-2026,SMS,Penjualan cafe,"234,465.00",Penjualan cafe strada SMS tanggal 3/02/2026
JV.2026.02.01233,3-Feb-2026,4-Feb-2026,SMS,Uang masuk,"234,465.00",Uang masuk penjualan cafe strada SMS tanggal 03/02/2026
JV.2026.02.00631,4-Feb-2026,4-Feb-2026,MKG,Penjualan cafe,"527,835.00",Penjualan cafe strada MKG tanggal 4/02/2026
JV.2026.02.00444,4-Feb-2026,5-Feb-2026,MKG,Uang masuk,"527,835.00",Uang masuk penjualan cafe strada MKG tanggal 04/02/2026
JV.2026.02.01732,4-Feb-2026,4-Feb-2026,SMB,Penjualan cafe,"23,931,020.00",Penjualan cafe strada SMB tanggal 04/02/2026
JV.2026.02.01733,4-Feb-2026,5-Feb-2026,SMB,Uang masuk,"23,819,656.00",Uang masuk penjualan cafe strada SMB tanggal 04/02/2026
JV.2026.02.00579,4-Feb-2026,4-Feb-2026,SMS,Penjualan cafe,"468,020.00",Penjualan cafe strada SMS tanggal 4/02/2026
JV.2026.02.01234,4-Feb-2026,5-Feb-2026,SMS,Uang masuk,"468,020.00",Uang masuk penjualan cafe strada SMS tanggal 04/02/2026
JV.2026.02.00632,5-Feb-2026,5-Feb-2026,MKG,Penjualan cafe,"1,187,340.00",Penjualan cafe strada MKG tanggal 5/02/2026
JV.2026.02.00445,5-Feb-2026,6-Feb-2026,MKG,Uang masuk,"1,227,765.00",Uang masuk penjualan cafe strada MKG tanggal 05/02/2026
JV.2026.02.00580,5-Feb-2026,5-Feb-2026,SMS,Penjualan cafe,"552,090.00",Penjualan cafe strada SMS tanggal 5/02/2026
JV.2026.02.01235,5-Feb-2026,6-Feb-2026,SMS,Uang masuk,"552,090.00",Uang masuk penjualan cafe strada SMS tanggal 05/02/2026
JV.2026.02.00633,6-Feb-2026,6-Feb-2026,MKG,Penjualan cafe,"1,210,050.00",Penjualan cafe strada MKG tanggal 6/02/2026
JV.2026.02.00446,6-Feb-2026,7-Feb-2026,MKG,Uang masuk,"1,192,800.00",Uang masuk penjualan cafe strada MKG tanggal 06/02/2026
JV.2026.02.00581,6-Feb-2026,6-Feb-2026,SMS,Penjualan cafe,"377,685.00",Penjualan cafe strada SMS tanggal 6/02/2026
JV.2026.02.01236,6-Feb-2026,7-Feb-2026,SMS,Uang masuk,"377,685.00",Uang masuk penjualan cafe strada SMS tanggal 06/02/2026
JV.2026.02.00635,7-Feb-2026,7-Feb-2026,MKG,Penjualan cafe,"2,695,255.00",Penjualan cafe strada MKG tanggal 7/02/2026
JV.2026.02.00447,7-Feb-2026,8-Feb-2026,MKG,Uang masuk,"2,695,255.00",Uang masuk penjualan cafe strada MKG tanggal 07/02/2026
JV.2026.02.00583,7-Feb-2026,7-Feb-2026,SMS,Penjualan cafe,"1,609,375.00",Penjualan cafe strada SMS tanggal 7/02/2026
JV.2026.02.01237,7-Feb-2026,8-Feb-2026,SMS,Uang masuk,"1,609,375.00",Uang masuk penjualan cafe strada SMS tanggal 07/02/2026
JV.2026.02.00636,8-Feb-2026,8-Feb-2026,MKG,Penjualan cafe,"3,634,615.00",Penjualan cafe strada MKG tanggal 8/02/2026
JV.2026.02.00448,8-Feb-2026,9-Feb-2026,MKG,Uang masuk,"3,634,615.00",Uang masuk penjualan cafe strada MKG tanggal 08/02/2026
JV.2026.02.00584,8-Feb-2026,8-Feb-2026,SMS,Penjualan cafe,"2,042,880.00",Penjualan cafe strada SMS tanggal 8/02/2026
JV.2026.02.01238,8-Feb-2026,9-Feb-2026,SMS,Uang masuk,"2,042,880.00",Uang masuk penjualan cafe strada SMS tanggal 08/02/2026
JV.2026.02.00637,9-Feb-2026,9-Feb-2026,MKG,Penjualan cafe,"766,750.00",Penjualan cafe strada MKG tanggal 9/02/2026
JV.2026.02.00449,9-Feb-2026,10-Feb-2026,MKG,Uang masuk,"766,750.00",Uang masuk penjualan cafe strada MKG tanggal 09/02/2026
JV.2026.02.00585,9-Feb-2026,9-Feb-2026,SMS,Penjualan cafe,"634,415.00",Penjualan cafe strada SMS tanggal 9/02/2026
JV.2026.02.01239,9-Feb-2026,10-Feb-2026,SMS,Uang masuk,"634,415.00",Uang masuk penjualan cafe strada SMS tanggal 09/02/2026
JV.2026.02.00639,10-Feb-2026,10-Feb-2026,MKG,Penjualan cafe,"1,208,375.00",Penjualan cafe strada MKG tanggal 10/02/2026
JV.2026.02.00450,10-Feb-2026,11-Feb-2026,MKG,Uang masuk,"1,208,375.00",Uang masuk penjualan cafe strada MKG tanggal 10/02/2026
JV.2026.02.00586,10-Feb-2026,10-Feb-2026,SMS,Penjualan cafe,"197,505.00",Penjualan cafe strada SMS tanggal 10/02/2026
JV.2026.02.01240,10-Feb-2026,11-Feb-2026,SMS,Uang masuk,"197,505.00",Uang masuk penjualan cafe strada SMS tanggal 10/02/2026
JV.2026.02.00640,11-Feb-2026,11-Feb-2026,MKG,Penjualan cafe,"645,205.00",Penjualan cafe strada MKG tanggal 11/02/2026
JV.2026.02.01253,11-Feb-2026,12-Feb-2026,MKG,Uang masuk,"639,355.00",Uang masuk penjualan cafe strada MKG tanggal 11/02/2026
JV.2026.02.00587,11-Feb-2026,11-Feb-2026,SMS,Penjualan cafe,"83,160.00",Penjualan cafe strada SMS tanggal 11/02/2026
JV.2026.02.01241,11-Feb-2026,12-Feb-2026,SMS,Uang masuk,"83,160.00",Uang masuk penjualan cafe strada SMS tanggal 11/02/2026
JV.2026.02.00641,12-Feb-2026,12-Feb-2026,MKG,Penjualan cafe,"852,390.00",Penjualan cafe strada MKG tanggal 12/02/2026
JV.2026.02.01254,12-Feb-2026,13-Feb-2026,MKG,Uang masuk,"852,390.00",Uang masuk penjualan cafe strada MKG tanggal 12/02/2026
JV.2026.02.00588,12-Feb-2026,12-Feb-2026,SMS,Penjualan cafe,"621,540.00",Penjualan cafe strada SMS tanggal 12/02/2026
JV.2026.02.01242,12-Feb-2026,13-Feb-2026,SMS,Uang masuk,"621,540.00",Uang masuk penjualan cafe strada SMS tanggal 12/02/2026
JV.2026.02.00642,13-Feb-2026,13-Feb-2026,MKG,Penjualan cafe,"1,312,080.00",Penjualan cafe strada MKG tanggal 13/02/2026
JV.2026.02.00648,13-Feb-2026,13-Feb-2026,SMS,Penjualan cafe,"666,230.00",Penjualan cafe strada SMS tanggal 13/02/2026
JV.2026.02.01243,13-Feb-2026,14-Feb-2026,SMS,Uang masuk,"666,230.00",Uang masuk penjualan cafe strada SMS tanggal 13/02/2026
JV.2026.02.00644,14-Feb-2026,14-Feb-2026,MKG,Penjualan cafe,"2,127,830.00",Penjualan cafe strada MKG tanggal 14/02/2026
JV.2026.02.01255,14-Feb-2026,15-Feb-2026,MKG,Uang masuk,"2,127,830.00",Uang masuk penjualan cafe strada MKG tanggal 14/02/2026
JV.2026.02.00649,14-Feb-2026,14-Feb-2026,SMS,Penjualan cafe,"1,489,305.00",Penjualan cafe strada SMS tanggal 14/02/2026
JV.2026.02.01244,14-Feb-2026,15-Feb-2026,SMS,Uang masuk,"1,489,035.00",Uang masuk penjualan cafe strada SMS tanggal 14/02/2026
JV.2026.02.00646,15-Feb-2026,15-Feb-2026,MKG,Penjualan cafe,"2,829,750.00",Penjualan cafe strada MKG tanggal 15/02/2026
JV.2026.02.01256,15-Feb-2026,16-Feb-2026,MKG,Uang masuk,"2,829,750.00",Uang masuk penjualan cafe strada MKG tanggal 15/02/2026
JV.2026.02.00650,15-Feb-2026,15-Feb-2026,SMS,Penjualan cafe,"1,804,385.00",Penjualan cafe strada SMS tanggal 15/02/2026
JV.2026.02.01245,15-Feb-2026,16-Feb-2026,SMS,Uang masuk,"1,804,385.00",Uang masuk penjualan cafe strada SMS tanggal 15/02/2026
JV.2026.02.01038,16-Feb-2026,16-Feb-2026,MKG,Penjualan cafe,"1,979,990.00",Penjualan cafe strada MKG tanggal 16/02/2026
JV.2026.02.01257,16-Feb-2026,17-Feb-2026,MKG,Uang masuk,"1,979,990.00",Uang masuk penjualan cafe strada MKG tanggal 16/02/2026
JV.2026.02.01030,16-Feb-2026,16-Feb-2026,SMS,Penjualan cafe,"1,004,365.00",Penjualan cafe strada SMS tanggal 16/02/2026
JV.2026.02.01246,16-Feb-2026,17-Feb-2026,SMS,Uang masuk,"1,004,365.00",Uang masuk penjualan cafe strada SMS tanggal 16/02/2026
JV.2026.02.01037,17-Feb-2026,17-Feb-2026,MKG,Penjualan cafe,"2,363,130.00",Penjualan cafe strada MKG tanggal 17/02/2026
JV.2026.02.01258,17-Feb-2026,18-Feb-2026,MKG,Uang masuk,"2,363,130.00",Uang masuk penjualan cafe strada MKG tanggal 17/02/2026
JV.2026.02.01031,17-Feb-2026,17-Feb-2026,SMS,Penjualan cafe,"912,450.00",Penjualan cafe strada SMS tanggal 17/02/2026
JV.2026.02.01247,17-Feb-2026,18-Feb-2026,SMS,Uang masuk,"912,450.00",Uang masuk penjualan cafe strada SMS tanggal 17/02/2026
JV.2026.02.01036,18-Feb-2026,18-Feb-2026,MKG,Penjualan cafe,"790,875.00",Penjualan cafe strada MKG tanggal 18/02/2026
JV.2026.02.01259,18-Feb-2026,19-Feb-2026,MKG,Uang masuk,"755,070.00",Uang masuk penjualan cafe strada MKG tanggal 18/02/2026
JV.2026.02.01032,18-Feb-2026,18-Feb-2026,SMS,Penjualan cafe,"892,605.00",Penjualan cafe strada SMS tanggal 18/02/2026
JV.2026.02.01248,18-Feb-2026,19-Feb-2026,SMS,Uang masuk,"892,605.00",Uang masuk penjualan cafe strada SMS tanggal 18/02/2026
JV.2026.02.01034,19-Feb-2026,19-Feb-2026,MKG,Penjualan cafe,"477,015.00",Penjualan cafe strada MKG tanggal 19/02/2026
JV.2026.02.01260,19-Feb-2026,20-Feb-2026,MKG,Uang masuk,"477,015.00",Uang masuk penjualan cafe strada MKG tanggal 19/02/2026
JV.2026.02.01033,19-Feb-2026,19-Feb-2026,SMS,Penjualan cafe,"416,955.00",Penjualan cafe strada SMS tanggal 19/02/2026
JV.2026.02.01249,19-Feb-2026,20-Feb-2026,SMS,Uang masuk,"416,955.00",Uang masuk penjualan cafe strada SMS tanggal 19/02/2026
JV.2026.02.01216,20-Feb-2026,20-Feb-2026,MKG,Penjualan cafe,"695,310.00",Penjualan cafe strada MKG tanggal 20/02/2026
JV.2026.02.01261,20-Feb-2026,21-Feb-2026,MKG,Uang masuk,"684,810.00",Uang masuk penjualan cafe strada MKG tanggal 20/02/2026
JV.2026.02.01215,20-Feb-2026,20-Feb-2026,SMS,Penjualan cafe,"504,735.00",Penjualan cafe strada SMS tanggal 20/02/2026
JV.2026.02.01250,20-Feb-2026,21-Feb-2026,SMS,Uang masuk,"504,735.00",Uang masuk penjualan cafe strada SMS tanggal 20/02/2026
JV.2026.02.01269,21-Feb-2026,21-Feb-2026,MKG,Penjualan cafe,"1,225,730.00",Penjualan cafe strada MKG tanggal 21/02/2026
JV.2026.02.01262,21-Feb-2026,22-Feb-2026,MKG,Uang masuk,"1,225,730.00",Uang masuk penjualan cafe strada MKG tanggal 21/02/2026
JV.2026.02.01264,21-Feb-2026,21-Feb-2026,SMS,Penjualan cafe,"785,645.00",Penjualan cafe strada SMS tanggal 21/02/2026
JV.2026.02.01251,21-Feb-2026,22-Feb-2026,SMS,Uang masuk,"785,645.00",Uang masuk penjualan cafe strada SMS tanggal 21/02/2026
JV.2026.02.01278,22-Feb-2026,22-Feb-2026,MKG,Penjualan cafe,"1,608,675.00",Penjualan cafe strada MKG tanggal 22/02/2026
JV.2026.02.01265,22-Feb-2026,22-Feb-2026,SMS,Penjualan cafe,"1,409,100.00",Penjualan cafe strada SMS tanggal 22/02/2026
JV.2026.02.01312,23-Feb-2026,23-Feb-2026,MKG,Penjualan cafe,"544,005.00",Penjualan cafe strada MKG tanggal 23/02/2026
JV.2026.02.01311,23-Feb-2026,23-Feb-2026,SMS,Penjualan cafe,"407,990.00",Penjualan cafe strada SMS tanggal 23/02/2026
JV.2026.02.01364,24-Feb-2026,24-Feb-2026,MKG,Penjualan cafe,"356,060.00",Penjualan cafe strada MKG tanggal 24/02/2026
JV.2026.02.01363,24-Feb-2026,24-Feb-2026,SMS,Penjualan cafe,"172,095.00",Penjualan cafe strada SMS tanggal 24/02/2026
JV.2026.02.01499,25-Feb-2026,25-Feb-2026,MKG,Penjualan cafe,"802,725.00",Penjualan cafe strada MKG tanggal 25/02/2026
JV.2026.02.01498,25-Feb-2026,25-Feb-2026,SMS,Penjualan cafe,"222,915.00",Penjualan cafe strada SMS tanggal 25/02/2026
JV.2026.02.01509,26-Feb-2026,26-Feb-2026,MKG,Penjualan cafe,"582,120.00",Penjualan cafe strada MKG tanggal 26/02/2026
JV.2026.02.01507,26-Feb-2026,26-Feb-2026,SMS,Penjualan cafe,"469,570.00",Penjualan cafe strada SMS tanggal 26/02/2026
JV.2026.02.01631,27-Feb-2026,27-Feb-2026,MKG,Penjualan cafe,"720,720.00",Penjualan cafe strada MKG tanggal 27/02/2026
JV.2026.02.01630,27-Feb-2026,27-Feb-2026,SMS,Penjualan cafe,"1,063,770.00",Penjualan cafe strada SMS tanggal 27/02/2026
JV.2026.02.01633,28-Feb-2026,28-Feb-2026,MKG,Penjualan cafe,"1,354,815.00",Penjualan cafe strada MKG tanggal 28/02/2026
JV.2026.02.01632,28-Feb-2026,28-Feb-2026,SMS,Penjualan cafe,"1,259,390.00",Penjualan cafe strada SMS tanggal 28/02/2026
JV.2026.03.00011,1-Mar-2026,1-Mar-2026,MKG,Penjualan cafe,"1,707,410.00",Penjualan cafe strada MKG tanggal 01/03/2026
JV.2026.03.00010,1-Mar-2026,1-Mar-2026,SMS,Penjualan cafe,"967,890.00",Penjualan cafe strada SMS tanggal 01/03/2026
JV.2026.03.00187,2-Mar-2026,2-Mar-2026,MKG,Penjualan cafe,"464,310.00",Penjualan cafe strada MKG tanggal 02/03/2026
JV.2026.03.00186,2-Mar-2026,2-Mar-2026,SMS,Penjualan cafe,"262,185.00",Penjualan cafe strada SMS tanggal 02/03/2026
JV.2026.03.00215,3-Mar-2026,3-Mar-2026,MKG,Penjualan cafe,"838,530.00",Penjualan cafe strada MKG tanggal 03/03/2026
JV.2026.03.00188,3-Mar-2026,3-Mar-2026,SMS,Penjualan cafe,"431,970.00",Penjualan cafe strada SMS tanggal 03/03/2026
JV.2026.03.00217,4-Mar-2026,4-Mar-2026,MKG,Penjualan cafe,"389,235.00",Penjualan cafe strada MKG tanggal 04/03/2026
JV.2026.03.00216,4-Mar-2026,4-Mar-2026,SMS,Penjualan cafe,"203,280.00",Penjualan cafe strada SMS tanggal 04/03/2026
JV.2026.03.00219,5-Mar-2026,5-Mar-2026,MKG,Penjualan cafe,"647,955.00",Penjualan cafe strada MKG tanggal 05/03/2026
JV.2026.03.00218,5-Mar-2026,5-Mar-2026,SMS,Penjualan cafe,"483,750.00",Penjualan cafe strada SMS tanggal 05/03/2026
JV.2026.03.00222,6-Mar-2026,6-Mar-2026,MKG,Penjualan cafe,"814,795.00",Penjualan cafe strada MKG tanggal 06/03/2026
JV.2026.03.00220,6-Mar-2026,6-Mar-2026,SMS,Penjualan cafe,"538,475.00",Penjualan cafe strada SMS tanggal 06/03/2026
JV.2026.03.00225,7-Mar-2026,7-Mar-2026,MKG,Penjualan cafe,"8,155,055.00",Penjualan cafe strada MKG tanggal 07/03/2026
JV.2026.03.00223,7-Mar-2026,7-Mar-2026,SMS,Penjualan cafe,"1,839,920.00",Penjualan cafe strada SMS tanggal 07/03/2026
JV.2026.03.00227,8-Mar-2026,8-Mar-2026,MKG,Penjualan cafe,"1,568,735.00",Penjualan cafe strada MKG tanggal 08/03/2026
JV.2026.03.00226,8-Mar-2026,8-Mar-2026,SMS,Penjualan cafe,"1,494,345.00",Penjualan cafe strada SMS tanggal 08/03/2026
JV.2026.03.00252,9-Mar-2026,9-Mar-2026,MKG,Penjualan cafe,"813,520.00",Penjualan cafe strada MKG tanggal 09/03/2026
JV.2026.03.00251,9-Mar-2026,9-Mar-2026,SMS,Penjualan cafe,"762,300.00",Penjualan cafe strada SMS tanggal 09/03/2026
JV.2026.03.00629,9-Mar-2026,10-Mar-2026,SMS,Uang masuk,"762,300.00",Uang masuk penjualan cafe strada SMS tanggal 09/03/2026
JV.2026.03.00299,10-Mar-2026,10-Mar-2026,MKG,Penjualan cafe,"206,745.00",Penjualan cafe strada MKG tanggal 10/03/2026
JV.2026.03.00296,10-Mar-2026,10-Mar-2026,SMS,Penjualan cafe,"120,120.00",Penjualan cafe strada SMS tanggal 10/03/2026
JV.2026.03.00628,10-Mar-2026,11-Mar-2026,SMS,Uang masuk,"120,120.00",Uang masuk penjualan cafe strada SMS tanggal 10/03/2026
JV.2026.03.00392,11-Mar-2026,11-Mar-2026,MKG,Penjualan cafe,"585,070.00",Penjualan cafe strada MKG tanggal 11/03/2026
JV.2026.03.00391,11-Mar-2026,11-Mar-2026,SMS,Penjualan cafe,"460,845.00",Penjualan cafe strada SMS tanggal 11/03/2026
JV.2026.03.00627,11-Mar-2026,12-Mar-2026,SMS,Uang masuk,"460,845.00",Uang masuk penjualan cafe strada SMS tanggal 11/03/2026
JV.2026.03.00626,12-Mar-2026,13-Mar-2026,SMS,Uang masuk,"304,920.00",Uang masuk penjualan cafe strada SMS tanggal 12/03/20026
JV.2026.03.00493,12-Mar-2026,12-Mar-2026,MKG,Penjualan cafe,"482,790.00",Penjualan cafe strada MKG tanggal 12/03/2026
JV.2026.03.00492,12-Mar-2026,12-Mar-2026,SMS,Penjualan cafe,"304,920.00",Penjualan cafe strada SMS tanggal 12/03/2026
JV.2026.03.00657,13-Mar-2026,13-Mar-2026,MKG,Penjualan cafe,"508,200.00",Penjualan cafe strada MKG tanggal 13/03/2026
JV.2026.03.00621,13-Mar-2026,13-Mar-2026,SMS,Penjualan cafe,"466,620.00",Penjualan cafe strada SMS tanggal 13/03/2026
JV.2026.03.00623,13-Mar-2026,14-Mar-2026,SMS,Uang masuk,"466,620.00",Uang masuk penjualan cafe strada SMS tanggal 13/03/2026
JV.2026.03.00701,14-Mar-2026,14-Mar-2026,MKG,Penjualan cafe,"1,827,210.00",Penjualan cafe strada MKG tanggal 14/03/2026
JV.2026.03.00700,14-Mar-2026,14-Mar-2026,SMS,Penjualan cafe,"1,234,695.00",Penjualan cafe strada SMS tanggal 14/03/2026
JV.2026.03.00703,15-Mar-2026,15-Mar-2026,MKG,Penjualan cafe,"2,361,975.00",Penjualan cafe strada MKG tanggal 15/03/2026
JV.2026.03.00702,15-Mar-2026,15-Mar-2026,SMS,Penjualan cafe,"1,288,100.00",Penjualan cafe strada SMS tanggal 15/03/2026
JV.2026.03.00705,16-Mar-2026,16-Mar-2026,MKG,Penjualan cafe,"1,342,110.00",Penjualan cafe strada MKG tanggal 16/03/2026
JV.2026.03.00704,16-Mar-2026,16-Mar-2026,SMS,Penjualan cafe,"337,260.00",Penjualan cafe strada SMS tanggal 16/03/2026
JV.2026.03.00737,17-Mar-2026,17-Mar-2026,MKG,Penjualan cafe,"1,304,365.00",Penjualan cafe strada MKG tanggal 17/03/2026
JV.2026.03.00736,17-Mar-2026,17-Mar-2026,SMS,Penjualan cafe,"467,775.00",Penjualan cafe strada SMS tanggal 17/03/2026
JV.2026.03.00988,18-Mar-2026,18-Mar-2026,MKG,Penjualan cafe,"1,683,155.00",Penjualan cafe strada MKG tanggal 18/03/2026
JV.2026.03.01356,18-Mar-2026,18-Mar-2026,SMB,Penjualan cafe,"1,106,810.00",Penjualan cafe strada SMB Gold Lounge tanggal 18/03/2026
JV.2026.03.01357,18-Mar-2026,19-Mar-2026,SMB,Uang masuk,"1,271,975.00",Uang masuk penjualan cafe strada SMB Gold Lounge tanggal 18/03/2026
JV.2026.03.00987,18-Mar-2026,18-Mar-2026,SMS,Penjualan cafe,"978,285.00",Penjualan cafe strada SMS tanggal 18/03/2026
JV.2026.03.01022,19-Mar-2026,19-Mar-2026,MKG,Penjualan cafe,"2,243,650.00",Penjualan cafe strada MKG tanggal 19/03/2026
JV.2026.03.01021,19-Mar-2026,19-Mar-2026,SMS,Penjualan cafe,"1,219,545.00",Penjualan cafe strada SMS tanggal 19/03/2026
JV.2026.03.01024,20-Mar-2026,20-Mar-2026,MKG,Penjualan cafe,"1,645,875.00",Penjualan cafe strada MKG tanggal 20/03/2026
JV.2026.03.01023,20-Mar-2026,20-Mar-2026,SMS,Penjualan cafe,"1,763,170.00",Penjualan cafe strada SMS tanggal 20/03/2026
JV.2026.03.01026,21-Mar-2026,21-Mar-2026,MKG,Penjualan cafe,"1,617,000.00",Penjualan cafe strada MKG tanggal 21/03/2026
JV.2026.03.01025,21-Mar-2026,21-Mar-2026,SMS,Penjualan cafe,"858,165.00",Penjualan cafe strada SMS tanggal 21/03/2026
JV.2026.03.01029,22-Mar-2026,22-Mar-2026,MKG,Penjualan cafe,"2,486,785.00",Penjualan cafe strada MKG tanggal 22/03/2026
JV.2026.03.01027,22-Mar-2026,22-Mar-2026,SMS,Penjualan cafe,"1,353,905.00",Penjualan cafe strada SMS tanggal 22/03/2026
JV.2026.03.01032,23-Mar-2026,23-Mar-2026,MKG,Penjualan cafe,"1,266,445.00",Penjualan cafe strada MKG tanggal 23/03/2026
JV.2026.03.01030,23-Mar-2026,23-Mar-2026,SMS,Penjualan cafe,"1,048,530.00",Penjualan cafe strada SMS tanggal 23/03/2026
JV.2026.03.01034,24-Mar-2026,24-Mar-2026,MKG,Penjualan cafe,"1,243,695.00",Penjualan cafe strada MKG tanggal 24/03/2026
JV.2026.03.01033,24-Mar-2026,24-Mar-2026,SMS,Penjualan cafe,"702,240.00",Penjualan cafe strada SMS tanggal 24/03/2026
JV.2026.03.01036,25-Mar-2026,25-Mar-2026,MKG,Penjualan cafe,"881,265.00",Penjualan cafe strada MKG tanggal 25/03/2026
JV.2026.03.01035,25-Mar-2026,25-Mar-2026,SMS,Penjualan cafe,"919,625.00",Penjualan cafe strada SMS tanggal 25/03/2026
JV.2026.03.01085,26-Mar-2026,26-Mar-2026,MKG,Penjualan cafe,"247,170.00",Penjualan cafe strada MKG tanggal 26/03/2026
JV.2026.03.01084,26-Mar-2026,26-Mar-2026,SMS,Penjualan cafe,"551,060.00",Penjualan cafe strada SMS tanggal 26/03/2026
JV.2026.03.01106,27-Mar-2026,27-Mar-2026,MKG,Penjualan cafe,"1,138,195.00",Penjualan cafe strada MKG tanggal 27/03/2026
JV.2026.03.01105,27-Mar-2026,27-Mar-2026,SMS,Penjualan cafe,"332,640.00",Penjualan cafe strada SMS tanggal 27/03/2026
JV.2026.03.01171,28-Mar-2026,28-Mar-2026,MKG,Penjualan cafe,"1,277,265.00",Penjualan cafe strada MKG tanggal 28/03/2026
JV.2026.03.01166,28-Mar-2026,28-Mar-2026,SMS,Penjualan cafe,"1,292,445.00",Penjualan cafe strada SMS tanggal 28/03/2026
JV.2026.03.01176,29-Mar-2026,29-Mar-2026,MKG,Penjualan cafe,"2,814,840.00",Penjualan cafe strada MKG tanggal 29/03/2026
JV.2026.03.01175,29-Mar-2026,29-Mar-2026,SMS,Penjualan cafe,"664,635.00",Penjualan cafe strada SMS tanggal 29/03/2026
JV.2026.03.01218,30-Mar-2026,30-Mar-2026,MKG,Penjualan cafe,"366,135.00",Penjualan cafe strada MKG tanggal 30/03/2026
JV.2026.03.01217,30-Mar-2026,30-Mar-2026,SMS,Penjualan cafe,"170,940.00",Penjualan cafe strada SMS tanggal 30/03/2026
JV.2026.03.01220,31-Mar-2026,31-Mar-2026,MKG,Penjualan cafe,"386,015.00",Penjualan cafe strada MKG tanggal 31/03/2026
JV.2026.03.01219,31-Mar-2026,31-Mar-2026,SMS,Penjualan cafe,"311,850.00",Penjualan cafe strada SMS tanggal 31/03/2026
JV.2026.04.00044,1-Apr-2026,1-Apr-2026,MKG,Penjualan cafe,"448,140.00",Penjualan cafe strada MKG tanggal 01/04/2026
JV.2026.04.00043,1-Apr-2026,1-Apr-2026,SMS,Penjualan cafe,"483,945.00",Penjualan cafe strada SMS tanggal 01/04/2026
JV.2026.04.00467,2-Apr-2026,2-Apr-2026,MKG,Penjualan cafe,"148,995.00",Penjualan cafe strada MKG tanggal 02/04/2026
JV.2026.04.00466,2-Apr-2026,2-Apr-2026,SMS,Penjualan cafe,"446,985.00",Penjualan cafe strada SMS tanggal 02/04/2026
JV.2026.04.00472,3-Apr-2026,3-Apr-2026,MKG,Penjualan cafe,"2,587,200.00",Penjualan cafe strada MKG tanggal 03/04/2026
JV.2026.04.00468,3-Apr-2026,3-Apr-2026,SMS,Penjualan cafe,"1,412,810.00",Penjualan cafe strada SMS tanggal 03/04/2026
JV.2026.04.00474,4-Apr-2026,4-Apr-2026,MKG,Penjualan cafe,"1,677,380.00",Penjualan cafe strada MKG tanggal 04/04/2026
JV.2026.04.00473,4-Apr-2026,4-Apr-2026,SMS,Penjualan cafe,"1,166,065.00",Penjualan cafe strada SMS tanggal 04/04/2026
JV.2026.04.00477,5-Apr-2026,5-Apr-2026,MKG,Penjualan cafe,"1,471,380.00",Penjualan cafe strada MKG tanggal 05/04/2026
JV.2026.04.00475,5-Apr-2026,5-Apr-2026,SMS,Penjualan cafe,"1,027,950.00",Penjualan cafe strada SMS tanggal 05/04/2026
JV.2026.04.00479,6-Apr-2026,6-Apr-2026,MKG,Penjualan cafe,"310,695.00",Penjualan cafe strada MKG tanggal 06/04/2026
JV.2026.04.00478,6-Apr-2026,6-Apr-2026,SMS,Penjualan cafe,"288,235.00",Penjualan cafe strada SMS tanggal 06/04/2026
JV.2026.04.00482,7-Apr-2026,7-Apr-2026,MKG,Penjualan cafe,"535,085.00",Penjualan cafe strada MKG tanggal 07/04/2026
JV.2026.04.00481,7-Apr-2026,7-Apr-2026,SMS,Penjualan cafe,"170,940.00",Penjualan cafe strada SMS tanggal 07/04/2026
JV.2026.04.00339,8-Apr-2026,8-Apr-2026,MKG,Penjualan cafe,"678,305.00",Penjualan cafe strada MKG tanggal 08/04/2026
JV.2026.04.00340,8-Apr-2026,9-Apr-2026,MKG,Uang masuk,"678,305.00",Uang masuk penjualan cafe strada MKG tanggal 08/04/2026
JV.2026.04.00484,8-Apr-2026,8-Apr-2026,SMS,Penjualan cafe,"87,780.00",Penjualan cafe strada SMS tanggal 08/04/2026
JV.2026.04.00334,8-Apr-2026,8-Apr-2026,La Piazza,Penjualan cafe,"12,085,100.00",Penjualan cafe tanggal 08/04/2026
JV.2026.04.00336,8-Apr-2026,9-Apr-2026,La Piazza,Uang masuk,"11,751,915.00",Uang masuk penjualan cafe tanggal 08/04/2026
JV.2026.04.00487,9-Apr-2026,9-Apr-2026,MKG,Penjualan cafe,"536,240.00",Penjualan cafe strada MKG tanggal 09/04/2026
JV.2026.04.00486,9-Apr-2026,9-Apr-2026,SMS,Penjualan cafe,"377,685.00",Penjualan cafe strada SMS tanggal 09/04/2026
JV.2026.04.00544,10-Apr-2026,10-Apr-2026,MKG,Penjualan cafe,"744,975.00",Penjualan cafe strada MKG tanggal 10/04/2026
JV.2026.04.00543,10-Apr-2026,10-Apr-2026,SMS,Penjualan cafe,"403,095.00",Penjualan cafe strada SMS tanggal 10/04/2026
JV.2026.02.01263,22-Nov-2026,22-Nov-2025,La Piazza,Penjualan cafe,"37,112,085.00",Penjualan cafe tanggal 22/11/2026
JV.2025.11.01030,25-Nov-2026,25-Nov-2025,La Piazza,Penjualan cafe,"14,614,705.00",Penjualan cafe tanggal 25/11/2026
JV.2025.12.01385,1-Dec-2026,1-Dec-2025,MKG,Penjualan cafe,"683,760.00",Penjualan cafe strada MKG tanggal 01/12/2026
JV.2025.12.01509,1-Dec-2026,2-Dec-2025,La Piazza,Uang masuk,"11,521,560.00",Uang masuk penjualan cafe tanggal 01/12/2026
JV.2025.12.01386,2-Dec-2026,2-Dec-2025,MKG,Penjualan cafe,"654,765.00",Penjualan cafe strada MKG tanggal 02/12/2026
JV.2025.12.01387,3-Dec-2026,3-Dec-2025,MKG,Penjualan cafe,"977,995.00",Penjualan cafe strada MKG tanggal 03/12/2026
JV.2025.12.01410,25-Dec-2026,25-Dec-2025,MKG,Penjualan cafe,"3,446,705.00",Penjualan cafe strada MKG tanggal 25/12/2026