BREW — Mass Delete Jurnal Accurate
Dijalankan : 14-04-2026, 18.37.22 WIB
Input CSV  : /Users/questmotors/strada-brew/scripts/finance/mass_delete_input.csv
Log file   : /Users/questmotors/strada-brew/scripts/finance/logs/mass_delete_20260414_183722.log

Total nomor jurnal di CSV: 1355

Menghubungkan ke Accurate...
✅ Terhubung. Session: a06e43cd-cf3a-417e-a6ef-f90e75576f3f

──────────────────────────────────────────────────────────────────────
FASE 1 — LOOKUP
──────────────────────────────────────────────────────────────────────
  ✅ FOUND      JV.2025.01.00064       ID: 39636      | Tgl: 01/01/2025   | Penjualan cafe strada MKG tanggal 01/01/2025
  ✅ FOUND      JV.2025.01.00065       ID: 39512      | Tgl: 02/01/2025   | Uang masuk penjualan cafe strada MKG tanggal 01/01/2025
  ✅ FOUND      JV.2025.01.00081       ID: 39422      | Tgl: 02/01/2025   | Penjualan cafe strada MKG tanggal 02/01/2025
  ✅ FOUND      JV.2025.01.00082       ID: 39478      | Tgl: 03/01/2025   | Uang masuk penjualan cafe strada MKG tanggal 02/01/2025
  ✅ FOUND      JV.2025.01.00083       ID: 39479      | Tgl: 03/01/2025   | Penjualan cafe strada MKG tanggal 03/01/2025
  ✅ FOUND      JV.2025.01.00084       ID: 39515      | Tgl: 04/01/2025   | Uang masuk penjualan cafe strada MKG tanggal 03/01/2025
  ✅ FOUND      JV.2025.01.00085       ID: 39480      | Tgl: 04/01/2025   | Penjualan cafe strada MKG tanggal 04/01/2025
  ✅ FOUND      JV.2025.01.00086       ID: 39382      | Tgl: 05/01/2025   | Uang masuk penjualan cafe strada MKG tanggal 04/01/2025
  ✅ FOUND      JV.2025.01.00087       ID: 39590      | Tgl: 05/01/2025   | Penjualan cafe strada MKG tanggal 05/01/2025
  ✅ FOUND      JV.2025.01.00088       ID: 39383      | Tgl: 06/01/2025   | Uang masuk penjualan cafe strada MKG tanggal 05/01/2025
  ✅ FOUND      JV.2025.01.00184       ID: 39970      | Tgl: 06/01/2025   | Penjualan cafe strada MKG tanggal 06/01/2025
  ✅ FOUND      JV.2025.01.00185       ID: 39875      | Tgl: 07/01/2025   | Uang masuk penjualan cafe strada MKG tanggal 06/01/2025
  ✅ FOUND      JV.2025.01.00172       ID: 39811      | Tgl: 07/01/2025   | Penjualan cafe strada MKG tanggal 07/01/2025
  ✅ FOUND      JV.2025.01.00178       ID: 39967      | Tgl: 08/01/2025   | Uang masuk penjualan cafe strada MKG tanggal 07/01/2025
  ✅ FOUND      JV.2025.01.00173       ID: 39872      | Tgl: 08/01/2025   | Penjualan cafe strada MKG tanggal 08/01/2025
  ✅ FOUND      JV.2025.01.00179       ID: 39968      | Tgl: 09/01/2025   | Uang masuk penjualancafe strada MKG tanggal 08/01/2025
  ✅ FOUND      JV.2025.01.00174       ID: 39873      | Tgl: 09/01/2025   | Penjualan cafe strada MKG tanggal 09/01/2025
  ✅ FOUND      JV.2025.01.00180       ID: 39923      | Tgl: 10/01/2025   | Uang masuk penjualan cafe strada MKG tanggal 09/01/2025
  ✅ FOUND      JV.2025.01.00175       ID: 39874      | Tgl: 10/01/2025   | Penjualan cafe strada MKG tanggal 10/01/2025
  ✅ FOUND      JV.2025.01.00181       ID: 39924      | Tgl: 11/01/2025   | Uang masuk penjualan cafe strada MKG tanggal 10/01/2025
  ✅ FOUND      JV.2025.01.00176       ID: 39966      | Tgl: 11/01/2025   | Penjualan cafe strada MKG tanggal 11/01/2025
  ✅ FOUND      JV.2025.01.00182       ID: 39969      | Tgl: 12/01/2025   | Uang masuk penjualan cafe strada MKG tanggal 11/01/2025
  ✅ FOUND      JV.2025.01.00177       ID: 39812      | Tgl: 12/01/2025   | Penjualan cafe strada MKG tanggal 12/01/2025
  ✅ FOUND      JV.2025.01.00183       ID: 40005      | Tgl: 13/01/2025   | Uang masuk penjualan cafe strada MKG tanggal 12/01/2025
  ✅ FOUND      JV.2025.01.00352       ID: 40700      | Tgl: 13/01/2025   | Penjualan cafe strada MKG tanggal 13/01/2025
  ✅ FOUND      JV.2025.01.00353       ID: 40750      | Tgl: 14/01/2025   | Uang masuk penjualan cafe strada MKG tanggal 13/01/2025
  ✅ FOUND      JV.2025.01.00355       ID: 40701      | Tgl: 15/01/2025   | Uang masuk penjualan cafe strada MKG tanggal 13/01/2025 - 14/01/2025
  ✅ FOUND      JV.2025.01.00354       ID: 40751      | Tgl: 14/01/2025   | Penjualan cafe strada MKG tanggal 14/01/2025
  ✅ FOUND      JV.2025.01.00356       ID: 40800      | Tgl: 15/01/2025   | Penjualan cafe strada MKG tanggal 15/01/2025
  ✅ FOUND      JV.2025.01.00357       ID: 40752      | Tgl: 16/01/2025   | Uang masuk penjualan cafe strada MKG tanggal 15/01/2025
  ✅ FOUND      JV.2025.01.00358       ID: 40850      | Tgl: 16/01/2025   | Penjualan cafe strada MKG tanggal 16/01/2025
  ✅ FOUND      JV.2025.01.00359       ID: 40900      | Tgl: 17/01/2025   | Uang masuk penjualan cafe strada MKG tanggal 16/01/2025
  ✅ FOUND      JV.2025.01.00460       ID: 41201      | Tgl: 17/01/2025   | Uang penjualan cafe strada MKG tanggal 17/01/2025
  ✅ FOUND      JV.2025.01.00675       ID: 42310      | Tgl: 18/01/2025   | Uang masuk penjualan cafe strada MKG tanggal 17/01/2025
  ✅ FOUND      JV.2025.01.00664       ID: 42206      | Tgl: 18/01/2025   | Penjualan cafe strada MKG tanggal 18/01/2025
  ✅ FOUND      JV.2025.01.00676       ID: 42355      | Tgl: 19/01/2025   | Uang masuk penjualan cafe strada MKG tanggal 18/01/2025
  ✅ FOUND      JV.2025.01.00665       ID: 42353      | Tgl: 19/01/2025   | Penjualan cafe strada MKG tanggal 19/01/2025
  ✅ FOUND      JV.2025.01.00677       ID: 42407      | Tgl: 20/01/2025   | Uang masuk penjualan cafe strada MKG tanggal 19/01/2025
  ✅ FOUND      JV.2025.01.00666       ID: 42256      | Tgl: 20/01/2025   | Penjualan cafe strada MKG tanggal 20/01/2025
  ✅ FOUND      JV.2025.01.00678       ID: 42311      | Tgl: 21/01/2025   | Uang masuk penjualan cafe strada MKG tanggal 20/01/2025
  ✅ FOUND      JV.2025.01.00667       ID: 42309      | Tgl: 21/01/2025   | Penjualan cafe strada MKG tanggal 21/01/2025
  ✅ FOUND      JV.2025.01.00679       ID: 42408      | Tgl: 22/01/2025   | Uang masuk penjualan cafe strada MKG tanggal 21/01/2025
  ✅ FOUND      JV.2025.01.00668       ID: 42354      | Tgl: 22/01/2025   | Penjualan cafe strada MKG tanggal 22/01/2025
  ✅ FOUND      JV.2025.01.00680       ID: 42356      | Tgl: 23/01/2025   | Uang masuk penjualan cafe strada MKG tanggal 22/01/2025
  ✅ FOUND      JV.2025.01.00669       ID: 42207      | Tgl: 23/01/2025   | Penjualan cafe strada MKG tanggal 23/01/2025
  ✅ FOUND      JV.2025.01.00681       ID: 42409      | Tgl: 24/01/2025   | Uang masuk penjualan cafe strada MKG tanggal 23/01/2025
  ✅ FOUND      JV.2025.01.00670       ID: 42403      | Tgl: 24/01/2025   | Penjualan cafe strada MKG tanggal 24/01/2025
  ✅ FOUND      JV.2025.01.00682       ID: 42258      | Tgl: 25/01/2025   | Uang masuk penjualan cafe strada MKG tanggal 24/01/2025
  ✅ FOUND      JV.2025.01.00671       ID: 42404      | Tgl: 25/01/2025   | Penjualan cafe strada MKG tanggal 25/01/2025
  ✅ FOUND      JV.2025.01.00683       ID: 42156      | Tgl: 26/01/2025   | Uang masuk penjualan cafe strada MKG tanggal 25/01/2025
  ✅ FOUND      JV.2025.01.00672       ID: 42405      | Tgl: 26/01/2025   | Penjualan cafe strada MKG tanggal 26/01/2025
  ✅ FOUND      JV.2025.01.00684       ID: 42357      | Tgl: 27/01/2025   | Uang masuk penjualan cafe strada MKG tanggal 26/01/2025
  ✅ FOUND      JV.2025.12.01441       ID: 78317      | Tgl: 27/12/2025   | Uang masuk penjualan cafe strada MKG tanggal 26/01/2025
  ✅ FOUND      JV.2025.01.00673       ID: 42406      | Tgl: 27/01/2025   | Penjualan cafe strada MKG tanggal 27/01/2025
  ✅ FOUND      JV.2025.01.00685       ID: 42208      | Tgl: 28/01/2025   | Uang masuk penjualan cafe strada MKG tanggal 27/01/2025
  ✅ FOUND      JV.2025.01.00806       ID: 43302      | Tgl: 29/01/2025   | Uang masuk penjualan cafe strada MKG tanggal 28/01/2025
  ✅ FOUND      JV.2025.01.00674       ID: 42257      | Tgl: 29/01/2025   | Penjualan cafe strada MKG tanggal 29/01/2025
  ✅ FOUND      JV.2025.01.00807       ID: 43253      | Tgl: 30/01/2025   | Uang masuk penjualan cafe strada MKG tanggal 28 & 29/01/2025
  ✅ FOUND      JV.2025.01.00883       ID: 45213      | Tgl: 31/01/2025   | Uang masuk penjualan cafe strada MKG tanggal 30/01/2025
  ✅ FOUND      JV.2025.02.00325       ID: 44342      | Tgl: 01/02/2025   | Uang masuk penjualan cafe strada MKG tanggal 31/01/2025
  ✅ FOUND      JV.2025.02.00326       ID: 44383      | Tgl: 02/02/2025   | Uang masuk penjualan cafe strada MKG tanggal 01/02/2025
  ✅ FOUND      JV.2025.02.00327       ID: 44493      | Tgl: 03/02/2025   | Uang masuk penjualan cafe strada MKG tanggal 02/02/2025
  ✅ FOUND      JV.2025.02.00328       ID: 44384      | Tgl: 04/02/2025   | Uang masuk penjualan cafe strada MKG tgl 03/02/2025
  ✅ FOUND      JV.2025.12.01480       ID: 78616      | Tgl: 04/12/2025   | Uang masuk penjualan cafe strada SMS tanggal 03/02/2025
  ✅ FOUND      JV.2025.02.00335       ID: 44495      | Tgl: 05/02/2025   | Uang masuk penjualan cafe strada MKG tgl 04/02/2025
  ✅ FOUND      JV.2025.02.00329       ID: 44385      | Tgl: 06/02/2025   | Uang masuk penjualan cafe strada MKG tgl 05/02/2025
  ✅ FOUND      JV.2025.02.00330       ID: 44494      | Tgl: 07/02/2025   | Uang masuk penjualan cafe strada MKG tgl 06/02/2025
  ✅ FOUND      JV.2025.02.00331       ID: 44386      | Tgl: 08/02/2025   | Uang masuk penjualan cafe strada MKG tgl 07/02/2025
  ✅ FOUND      JV.2025.02.00332       ID: 44550      | Tgl: 09/02/2025   | Uang masuk penjualan cafe strada MKG tgl 08/02/2025
  ✅ FOUND      JV.2025.02.00333       ID: 44551      | Tgl: 10/02/2025   | Uang masuk penjualan cafe strada MKG tgl 09/02/2025
  ✅ FOUND      JV.2025.02.00334       ID: 44270      | Tgl: 11/02/2025   | Uang masuk penjualan cafe strada MKG tgl 10/02/2025
  ✅ FOUND      JV.2025.02.00336       ID: 44387      | Tgl: 12/02/2025   | Uang masuk penjualan cafe strada MKG tgl 11/02/2025
  ✅ FOUND      JV.2025.02.00398       ID: 44429      | Tgl: 12/02/2025   | Penjualan cafe strada MKG tanggal 12/02/2025
  ✅ FOUND      JV.2025.02.00616       ID: 45156      | Tgl: 13/02/2025   | Uang masuk penjualan cafe strada MKG taggal 12/02/2025
  ✅ FOUND      JV.2025.02.00399       ID: 44616      | Tgl: 13/02/2025   | Penjualan cafe strada MKG tanggal 13/02/2025
  ✅ FOUND      JV.2025.02.00617       ID: 45113      | Tgl: 14/02/2025   | Uang masuk penjualan cafe strada MKG tanggal 13/02/2025
  ✅ FOUND      JV.2025.02.00400       ID: 44617      | Tgl: 14/02/2025   | Penjualan cafe strada MKG tanggal 14/02/025
  ✅ FOUND      JV.2025.02.00618       ID: 45114      | Tgl: 15/02/2025   | Uang masuk penjualan cafe strada MKG tanggal 14/02/2025
  ✅ FOUND      JV.2025.02.00401       ID: 44701      | Tgl: 15/02/2025   | Penjualan cafe strada MKG tanggal 15/02/2025
  ✅ FOUND      JV.2025.02.00619       ID: 45259      | Tgl: 16/02/2025   | Uang masuk penjualan cafe strada MKG tanggal 15/02/2025
  ✅ FOUND      JV.2025.02.00402       ID: 44618      | Tgl: 16/02/2025   | Penjualan cafe strada MKG tanggal 16/02/2025
  ✅ FOUND      JV.2025.02.00620       ID: 45115      | Tgl: 17/02/2025   | Uang masuk penjualan cafe strada MKG tanggal 16/02/2025
  ✅ FOUND      JV.2025.02.00759       ID: 45964      | Tgl: 17/02/2025   | Penjualan cafe strada MKG tanggal 17/02/2025
  ✅ FOUND      JV.2025.02.00863       ID: 46075      | Tgl: 18/02/2025   | Uang masuk penjualan cafe strada MKG tanggal 17/02/2025
  ✅ FOUND      JV.2025.02.00760       ID: 45965      | Tgl: 18/02/2025   | Penjualan cafe strada MKG tanggal 18/02/2025
  ✅ FOUND      JV.2025.02.00864       ID: 46037      | Tgl: 19/02/2025   | Uang masuk penjualan cafe strada MKG tanggal 18/02/2025
  ✅ FOUND      JV.2025.02.00854       ID: 45935      | Tgl: 19/02/2025   | Penjualan cafe strada MKG tanggal 19/02/2025
  ✅ FOUND      JV.2025.03.00004       ID: 45985      | Tgl: 20/02/2025   | Uang masuk penjualan cafe strada MKG tanggal 19/02/2025
  ✅ FOUND      JV.2025.02.00762       ID: 46105      | Tgl: 20/02/2025   | Penjualan cafe strada MKG tanggal 20/02/2025
  ✅ FOUND      JV.2025.02.00865       ID: 46076      | Tgl: 21/02/2025   | Uang masuk penjualan cafe strada MKG tanggal 20/02/2025
  ✅ FOUND      JV.2025.02.00855       ID: 45983      | Tgl: 21/02/2025   | Penjualan cafe strada MKG tanggal 21/02/2025
  ✅ FOUND      JV.2025.02.00866       ID: 46038      | Tgl: 22/02/2025   | Uang masuk penjualan cafe strada MKG tanggal 21/02/2025
  ✅ FOUND      JV.2025.02.00856       ID: 46035      | Tgl: 22/02/2025   | Penjualan cafe strada MKG tanggal 22/02/2025
  ✅ FOUND      JV.2025.03.00005       ID: 45986      | Tgl: 23/02/2025   | Uang masuk penjualan cafe strada MKG tanggal 22/02/2025
  ✅ FOUND      JV.2025.02.00857       ID: 46073      | Tgl: 23/02/2025   | Penjualan cafe strada MKG tanggal 23/02/2025
  ✅ FOUND      JV.2025.02.00867       ID: 45987      | Tgl: 24/02/2025   | Uang masuk penjualan cafe strada MKG tanggal 23/02/2025
  ✅ FOUND      JV.2025.02.00858       ID: 45984      | Tgl: 24/02/2025   | Penjualan cafe strada MKG tanggal 24/02/2025
  ✅ FOUND      JV.2025.02.00868       ID: 45988      | Tgl: 25/02/2025   | Uang masuk penjualan cafe strada MKG tanggal 24/02/2025
  ✅ FOUND      JV.2025.02.00859       ID: 46117      | Tgl: 25/02/2025   | Penjualan cafe strada MKG tanggal 25/02/2025
  ✅ FOUND      JV.2025.02.00869       ID: 46118      | Tgl: 26/02/2025   | Uang masuk penjualan cafe strada MKG tanggal 25/02/2025
  ✅ FOUND      JV.2025.02.00860       ID: 46074      | Tgl: 26/02/2025   | Penjualan cafe strada MKG tanggal 26/02/2025
  ✅ FOUND      JV.2025.02.00870       ID: 45936      | Tgl: 27/02/2025   | Uang masuk penjualan cafe strada MKG tanggal 26/02/2025
  ✅ FOUND      JV.2025.02.00861       ID: 45866      | Tgl: 27/02/2025   | Penjualan cafe strada MKG tanggal 27/02/2025
  ✅ FOUND      JV.2025.02.00871       ID: 45937      | Tgl: 28/02/2025   | Uang masuk penjualan cafe strada MKG tanggal 27/02/2025
  ✅ FOUND      JV.2025.02.00862       ID: 46036      | Tgl: 28/02/2025   | Penjualan cafe strada MKG tanggal 28/02/2025
  ✅ FOUND      JV.2025.03.00006       ID: 46039      | Tgl: 01/03/2025   | Uang masuk penjualan cafe strada MKG tanggal 28/02/2025
  ✅ FOUND      JV.2025.03.00054       ID: 46750      | Tgl: 01/03/2025   | Penjualan cafe strada MKG tanggal 01/03/2025
  ✅ FOUND      JV.2025.03.00058       ID: 46801      | Tgl: 02/03/2025   | Uang masuk penjualan cafe strada MKG tanggal 01/03/2025
  ✅ FOUND      JV.2025.03.00055       ID: 46601      | Tgl: 02/03/2025   | Penjualan cafe strada MKG tanggal 02/03/2025
  ✅ FOUND      JV.2025.03.00056       ID: 46701      | Tgl: 03/03/2025   | Uang masuk penjualan cafe strada MKG tanggal 02/03/2025
  ✅ FOUND      JV.2025.03.00300       ID: 47904      | Tgl: 03/03/2025   | Penjualan cafe strada MKG tanggal 03/03/2025
  ✅ FOUND      JV.2025.03.00311       ID: 47958      | Tgl: 04/03/2025   | Uang masuk penjualan cafe strada MKG tanggal 03/03/2025
  ✅ FOUND      JV.2025.03.00301       ID: 48054      | Tgl: 04/03/2025   | Penjualan cafe strada MKG tanggal 04/03/2025
  ✅ FOUND      JV.2025.03.00312       ID: 47959      | Tgl: 05/03/2025   | Uang masuk penjualan cafe strada MKG tanggal 04/03/2025
  ✅ FOUND      JV.2025.03.00302       ID: 47955      | Tgl: 05/03/2025   | Penjualan cafe strada MKG tanggal 05/03/2025
  ✅ FOUND      JV.2025.03.00313       ID: 47909      | Tgl: 06/03/2025   | Uang masuk penjualan cafe strada MKG tanggal 05/03/2025
  ✅ FOUND      JV.2025.03.00304       ID: 47905      | Tgl: 06/03/2025   | Penjualan cafe strada MKG tanggal 06/03/2025
  ✅ FOUND      JV.2025.03.00314       ID: 47960      | Tgl: 07/03/2025   | Uang masuk penjualan cafe strada MKG tanggal 06/03/2025
  ✅ FOUND      JV.2025.03.00305       ID: 47956      | Tgl: 07/03/2025   | Penjualan cafe strada MKG tanggal 07/03/2025
  ✅ FOUND      JV.2025.03.00315       ID: 47961      | Tgl: 08/03/2025   | Uang masuk penjualan cafe strada MKG tanggal 07/03/2025
  ✅ FOUND      JV.2025.03.00306       ID: 47906      | Tgl: 08/03/2025   | Penjualan cafe strada MKG tanggal 08/03/2025
  ✅ FOUND      JV.2025.03.00316       ID: 48055      | Tgl: 09/03/2025   | Uang masuk penjualan cafe strada MKG tanggal 08/03/2025
  ✅ FOUND      JV.2025.03.00307       ID: 47907      | Tgl: 09/03/2025   | Penjualan cafe strada MKG tanggal 09/03/2025
  ✅ FOUND      JV.2025.03.00317       ID: 47962      | Tgl: 10/03/2025   | Uang masuk penjualan cafe strada MKG tanggal 09/03/2025
  ✅ FOUND      JV.2025.03.00308       ID: 47908      | Tgl: 10/03/2025   | Penjualan cafe strada MKG tanggal 10/03/2025
  ✅ FOUND      JV.2025.03.00318       ID: 47860      | Tgl: 11/03/2025   | Uang masuk penjualan cafe strada MKG tanggal 10/03/2025
  ✅ FOUND      JV.2025.03.00309       ID: 47957      | Tgl: 11/03/2025   | Penjualan cafe strada MKG tanggal 11/03/2025
  ✅ FOUND      JV.2025.03.00319       ID: 47910      | Tgl: 12/03/2025   | Uang masuk penjualan cafe strada MKG tanggal 11/03/2025
  ✅ FOUND      JV.2025.03.00310       ID: 47859      | Tgl: 12/03/2025   | Penjualan cafe strada MKG tanggal 12/03/2025
  ✅ FOUND      JV.2025.03.00320       ID: 47861      | Tgl: 13/03/2025   | Uang masuk penjualan cafe strada MKG tanggal 12/03/2025
  ✅ FOUND      JV.2025.03.00381       ID: 48213      | Tgl: 13/03/2025   | Penjualan cafe strada MKG tanggal 13/03/2025
  ✅ FOUND      JV.2025.03.00382       ID: 48461      | Tgl: 14/03/2025   | Uang masuk penjualan cafe strada MKG tanggal 13/03/2025
  ✅ FOUND      JV.2025.03.00380       ID: 48361      | Tgl: 14/03/2025   | Penjualan cafe strada MKG tanggal 14/03/2025
  ✅ FOUND      JV.2025.03.00383       ID: 48214      | Tgl: 15/03/2025   | Uang masuk penjualan cafe strada MKG tanggal 14/03/2025
  ✅ FOUND      JV.2025.03.00426       ID: 48222      | Tgl: 15/03/2025   | Penjualan cafe strada MKG tanggal 15/03/2025
  ✅ FOUND      JV.2025.03.00482       ID: 48372      | Tgl: 16/03/2025   | Uang masuk penjualan cafe strada MKG tanggal 15/03/2025
  ✅ FOUND      JV.2025.03.00427       ID: 48367      | Tgl: 16/03/2025   | Penjualan cafe strada MKG tanggal 16/03/2025
  ✅ FOUND      JV.2025.03.00481       ID: 48275      | Tgl: 17/03/2025   | Uang masuk penjualan cafe strada MKG tanggal 16/03/2025
  ✅ FOUND      JV.2025.03.00479       ID: 48484      | Tgl: 17/03/2025   | Penjualan cafe strada MKG tanggal 17/03/2025
  ✅ FOUND      JV.2025.03.00480       ID: 48485      | Tgl: 18/03/2025   | Uang masuk penjualan cafe strada MKG tanggal 17/03/2025
  ✅ FOUND      JV.2025.03.00484       ID: 48518      | Tgl: 18/03/2025   | Penjualan cafe strada MKG tanggal 18/03/2025
  ✅ FOUND      JV.2025.03.00519       ID: 48421      | Tgl: 19/03/2025   | Uang masuk penjualan cafe strada MKG tanggal 18/03/2025
  ✅ FOUND      JV.2025.03.00508       ID: 48418      | Tgl: 19/03/2025   | Penjualan cafe strada MKG tanggal 19/03/2025
  ✅ FOUND      JV.2025.03.00520       ID: 48281      | Tgl: 20/03/2025   | Uang masuk penjualan cafe strada MKG tanggal 19/03/2025
  ✅ FOUND      JV.2025.03.00556       ID: 48322      | Tgl: 20/03/2025   | Penjualan cafe strada MKG tanggal 20/03/2025
  ✅ FOUND      JV.2025.03.00553       ID: 48291      | Tgl: 21/03/2025   | Uang masuk penjualan cafe strada MKG tanggal 20/03/2025
  ✅ FOUND      JV.2025.03.00632       ID: 49101      | Tgl: 21/03/2025   | Penjualan cafe strada MKG tanggal 21/03/2025
  ✅ FOUND      JV.2025.03.00638       ID: 49350      | Tgl: 22/03/2025   | Uang masuk penjualan cafe strada MKG tanggal 21/03/2025
  ✅ FOUND      JV.2025.03.00622       ID: 48761      | Tgl: 22/03/2025   | Penjualan cafe strada MKG tanggal 22/03/2025
  ✅ FOUND      JV.2025.03.00639       ID: 49400      | Tgl: 23/03/2025   | Uang masuk penjualan cfae strada MKG tanggal 22/03/2025
  ✅ FOUND      JV.2025.03.00623       ID: 48863      | Tgl: 23/03/2025   | Penjualan cafe strada MKG tnaggal 23/03/2025
  ✅ FOUND      JV.2025.03.00640       ID: 49401      | Tgl: 24/03/2025   | Uang masuk penjualan cafe strada MKG tanggal 23/03/2025
  ✅ FOUND      JV.2025.03.00624       ID: 48906      | Tgl: 24/03/2025   | Penjualan cafe strada MKG tanggal 24/03/2025
  ✅ FOUND      JV.2025.03.00641       ID: 49351      | Tgl: 25/03/2025   | Uang masuk penjualan cafe strada MKG tanggal 24/03/2025
  ✅ FOUND      JV.2025.03.00630       ID: 49150      | Tgl: 25/03/2025   | Penjualan cafe strada MKG tanggal 25/03/2025
  ✅ FOUND      JV.2025.03.00792       ID: 49732      | Tgl: 25/03/2025   | Uang masuk penjualan cafe strada MKG tanggal 25/03/2025
  ✅ FOUND      JV.2025.03.00669       ID: 49458      | Tgl: 26/03/2025   | Penjualan cafe strada MKG tanggal 26/03/2025
  ✅ FOUND      JV.2025.03.00806       ID: 49593      | Tgl: 27/03/2025   | Uang masuk penjualan cafe strada MKG tanggal 26/03/2025
  ✅ FOUND      JV.2025.03.00682       ID: 49751      | Tgl: 28/03/2025   | Penjualan cafe strada MKG tanggal 28/03/204
  ✅ FOUND      JV.2025.03.00816       ID: 50555      | Tgl: 29/03/2025   | Penjualan cafe strada MKG tanggal 29/03/2025
  ✅ FOUND      JV.2025.03.00808       ID: 49594      | Tgl: 30/03/2025   | Uang masuk penjualan cafe strada MKG tanggal 29/03/2025
  ✅ FOUND      JV.2025.03.00817       ID: 50658      | Tgl: 30/03/2025   | Penjualan cafe strada MKG tanggal 30/03/2025
  ✅ FOUND      JV.2025.03.00809       ID: 49595      | Tgl: 31/03/2025   | Uang masuk penjualan cafe strada MKG tanggal 30/03/2025
  ✅ FOUND      JV.2025.04.00239       ID: 50458      | Tgl: 31/03/2025   | Penjualan cafe strada MKG tanggal 31/03/2025
  ✅ FOUND      JV.2025.04.00144       ID: 50003      | Tgl: 01/04/2025   | Uang masuk penjualan cafe strada MKG tanggal 31/03/2025
  ✅ FOUND      JV.2025.04.00240       ID: 50607      | Tgl: 01/04/2025   | Penjualan cafe strada MKG tanggal 01/04/2025
  ✅ FOUND      JV.2025.04.00145       ID: 50004      | Tgl: 02/04/2025   | Uang masuk penjualan cafe strada MKG tanggal 01/04/2025
  ✅ FOUND      JV.2025.04.00241       ID: 50711      | Tgl: 02/04/2025   | Penjualan cafe strada MKG tanggal 02/04/2025
  ✅ FOUND      JV.2025.04.00146       ID: 49830      | Tgl: 03/04/2025   | Uang masuk penjualan cafe strada MKG tanggal 02/04/2025
  ✅ FOUND      JV.2025.04.00242       ID: 50513      | Tgl: 03/04/2025   | Penjualan cafe strada MKG tanggal 03/04/2025
  ✅ FOUND      JV.2025.04.00147       ID: 49959      | Tgl: 04/04/2025   | Uang masuk penjualan cafe strada MKG tanggal 03/04/2025
  ✅ FOUND      JV.2025.04.00243       ID: 50608      | Tgl: 04/04/2025   | Penjualan cafe strada MKG tanggal 04/04/2025
  ✅ FOUND      JV.2025.04.00148       ID: 49875      | Tgl: 05/04/2025   | Uang masuk penjualan cafe strada MKG tanggal 04/04/2025
  ✅ FOUND      JV.2025.04.00244       ID: 50514      | Tgl: 05/04/2025   | Penjualan cafe strada MKG tanggal 05/04/2025
  ✅ FOUND      JV.2025.04.00149       ID: 49960      | Tgl: 06/04/2025   | Uang masuk penjualan cafe strada MKG tanggal 05/04/2025
  ✅ FOUND      JV.2025.04.00150       ID: 49771      | Tgl: 07/04/2025   | Uang masuk penjualan cafe strada MKG tanggal 06/04/2025
  ✅ FOUND      JV.2025.04.00246       ID: 50556      | Tgl: 07/04/2025   | Penjualan cafe strada MKG tanggal 07/04/2025
  ✅ FOUND      JV.2025.04.00151       ID: 49772      | Tgl: 08/04/2025   | Uang masuk penjualan cafe strada MKG tanggal 07/04/2025
  ✅ FOUND      JV.2025.04.00247       ID: 50557      | Tgl: 08/04/2025   | Penjualan cafe strada MKG tanggal 08/04/2025
  ✅ FOUND      JV.2025.04.00235       ID: 50457      | Tgl: 09/04/2025   | Uang masuk penjualan cafe strada MKG tanggal 08/04/2025
  ✅ FOUND      JV.2025.04.00248       ID: 50659      | Tgl: 09/04/2025   | Penjualan cafe strada MKG tanggal 09/04/2025
  ✅ FOUND      JV.2025.04.00236       ID: 50710      | Tgl: 10/04/2025   | Uang masuk penjualan cafe strada MKG tanggal 09/04/2025
  ✅ FOUND      JV.2025.04.00249       ID: 50515      | Tgl: 10/04/2025   | Penjualan cafe strada MKG tanggal 10/04/2025
  ✅ FOUND      JV.2025.04.00237       ID: 50606      | Tgl: 11/04/2025   | Uang masuk penjualan cafe strada MKG tanggal 10/04/2025
  ✅ FOUND      JV.2025.04.00250       ID: 50713      | Tgl: 11/04/2025   | Penjualan cafe strada MKG tanggal 11/04/2025
  ✅ FOUND      JV.2025.04.00238       ID: 50407      | Tgl: 12/04/2025   | Uang masuk penjualan cafe strada MKG tanggal 11/04/2025
  ✅ FOUND      JV.2025.04.00351       ID: 50921      | Tgl: 12/04/2025   | Penjualan cafe strada MKG tanggal 12/04/2025
  ✅ FOUND      JV.2025.04.00358       ID: 50960      | Tgl: 13/04/2025   | Uang masuk penjualan cafe strada MKG tanggal 12/04/2025
  ✅ FOUND      JV.2025.04.00352       ID: 50922      | Tgl: 13/04/2025   | Penjualan cafe strada MKG tanggal 13/04/2025
  ✅ FOUND      JV.2025.04.00357       ID: 50924      | Tgl: 14/04/2025   | Uang masuk penjualan cafe strada MKG tanggal 13/04/2025
  ✅ FOUND      JV.2025.04.00353       ID: 50959      | Tgl: 14/04/2025   | Penjualan cafe strada MKG tanggal 14/04/2025
  ✅ FOUND      JV.2025.04.00356       ID: 50923      | Tgl: 15/04/2025   | Uang masuk penjualan cafe strada MKG tanggal 14/04/2025
  ✅ FOUND      JV.2025.04.00354       ID: 50870      | Tgl: 15/04/2025   | Penjualan cafe strada MKG tanggal 15/04/2025
  ✅ FOUND      JV.2025.04.00355       ID: 50754      | Tgl: 16/04/2025   | Uang masuk penjualan cafe strada MKG tanggal 15/04/2025
  ✅ FOUND      JV.2025.04.00380       ID: 50874      | Tgl: 16/04/2025   | Penjualan cafe strada MKG tanggal 16/04/2025
  ✅ FOUND      JV.2025.04.00455       ID: 52003      | Tgl: 17/04/2025   | Uang masuk penjualan cafe strada MKG tanggal 16/04/2025
  ✅ FOUND      JV.2025.04.00449       ID: 51952      | Tgl: 17/04/2025   | Penjualan cafe strada MKG tanggal 17/04/2025
  ✅ FOUND      JV.2025.04.00454       ID: 51858      | Tgl: 18/04/2025   | Uang masuk penjualan cafe strada MKG tanggal 17/04/2025
  ✅ FOUND      JV.2025.04.00448       ID: 52002      | Tgl: 18/04/2025   | Penjualan cafe strada MKG tanggal 18/04/2025
  ✅ FOUND      JV.2025.04.00453       ID: 51954      | Tgl: 19/04/2025   | Uang masuk penjualan cafe strada MKG tanggal 18/04/2025
  ✅ FOUND      JV.2025.04.00447       ID: 51856      | Tgl: 19/04/2025   | Penjualan cafe strada MKG tanggal 19/04/2025
  ✅ FOUND      JV.2025.04.00452       ID: 51857      | Tgl: 20/04/2025   | Uang masuk penjualan cafe strada MKG tanggal 19/04/2025
  ✅ FOUND      JV.2025.04.00446       ID: 51855      | Tgl: 20/04/2025   | Penjualan cafe strada MKG tanggal 20/04/2025
  ✅ FOUND      JV.2025.04.00451       ID: 52100      | Tgl: 21/04/2025   | Uang masuk penjualan cafe strada MKG tanggal 20/04/2025
  ✅ FOUND      JV.2025.04.00445       ID: 51802      | Tgl: 21/04/2025   | Penjualan cafe strada MKG tanggal 21/04/2025
  ✅ FOUND      JV.2025.04.00450       ID: 51953      | Tgl: 22/04/2025   | Uang masuk penjualan cafe strada MKG tanggal 21/04/2025
  ✅ FOUND      JV.2025.04.00859       ID: 52715      | Tgl: 22/04/2025   | Penjualan cafe strada MKG tanggal 22/04/2025
  ✅ FOUND      JV.2025.04.00838       ID: 52339      | Tgl: 23/04/2025   | Uang masuk penjualan cafe strada MKG tanggal 22/04/2025
  ✅ FOUND      JV.2025.04.00860       ID: 52809      | Tgl: 23/04/2025   | Penjualan cafe strada MKG tanggal 23/04/2025
  ✅ FOUND      JV.2025.04.00839       ID: 52340      | Tgl: 24/04/2025   | Uang masuk penjualan cafe strada MKG tanggal 23/04/2025
  ✅ FOUND      JV.2025.04.00861       ID: 52810      | Tgl: 24/04/2025   | Penjualan cafe strada MKG tanggal 24/04/2025
  ✅ FOUND      JV.2025.04.00840       ID: 52341      | Tgl: 25/04/2025   | Uang masuk penjualan cafe strada MKG tanggal 24/04/2025
  ✅ FOUND      JV.2025.04.00862       ID: 52662      | Tgl: 25/04/2025   | Penjualan cafe strada MKG tanggal 25/04/2025
  ✅ FOUND      JV.2025.04.00841       ID: 52342      | Tgl: 26/04/2025   | Uang masuk penjualan cafe strada MKG tanggal 25/04/2025
  ✅ FOUND      JV.2025.04.00863       ID: 52855      | Tgl: 26/04/2025   | Penjualan cafe strada MKG tanggal 26/04/2025
  ✅ FOUND      JV.2025.04.00842       ID: 52343      | Tgl: 27/04/2025   | Uang masuk penjualan cafe strada MKG tanggal 26/04/2025
  ✅ FOUND      JV.2025.03.00807       ID: 49874      | Tgl: 28/03/2025   | Uang masuk penjualan cafe strada MKG tanggal 27/04/2025
  ✅ FOUND      JV.2025.04.00864       ID: 52555      | Tgl: 27/04/2025   | Penjualan cafe strada MKG tanggal 27/04/2025
  ✅ FOUND      JV.2025.04.00856       ID: 52712      | Tgl: 28/04/2025   | Uang masuk penjualan cafe strada MKG tanggal 27/04/2025
  ✅ FOUND      JV.2025.04.00143       ID: 49958      | Tgl: 29/03/2025   | Uang masuk penjualan cafe strada MKG tanggal 28/04/2025
  ✅ FOUND      JV.2025.04.00865       ID: 52606      | Tgl: 28/04/2025   | Penjualan cafe strada MKG tanggal 28/04/2025
  ✅ FOUND      JV.2025.04.00857       ID: 52807      | Tgl: 29/04/2025   | Uang masuk penjualan cafe strada MKG tanggal 28/04/2025
  ✅ FOUND      JV.2025.04.00866       ID: 52663      | Tgl: 29/04/2025   | Penjualan cafe strada MKG tanggal 29/04/2025
  ✅ FOUND      JV.2025.04.00858       ID: 52853      | Tgl: 30/04/2025   | Uang masuk penjualan cafe strada MKG tanggal 29/04/2025
  ✅ FOUND      JV.2025.04.00867       ID: 52856      | Tgl: 30/04/2025   | Penjualan cafe strada MKG tanggal 30/04/2025
  ✅ FOUND      JV.2025.05.00160       ID: 52713      | Tgl: 01/05/2025   | Uang masuk penjualan cafe strada MKG tanggal 30/04/2025
  ✅ FOUND      JV.2025.05.00166       ID: 52607      | Tgl: 01/05/2025   | Penjualan cafe strada MKG tanggal 01/05/2025
  ✅ FOUND      JV.2025.05.00161       ID: 52757      | Tgl: 02/05/2025   | Uang masuk penjualan cafe strada MKG tanggal 01/05/2025
  ✅ FOUND      JV.2025.05.00167       ID: 52758      | Tgl: 02/05/2025   | Penjualan cafe strada MKG tanggal 02/05/2025
  ✅ FOUND      JV.2025.05.00162       ID: 52605      | Tgl: 03/05/2025   | Uang masuk penjualan cafe strada MKG tanggal 02/05/2025
  ✅ FOUND      JV.2025.05.00168       ID: 52608      | Tgl: 03/05/2025   | Penjualan cafe strada MKG tanggal 03/05/2025
  ✅ FOUND      JV.2025.05.00163       ID: 52854      | Tgl: 04/05/2025   | Uang masuk penjualan cafe strada MKG tanggal 03/05/2025
  ✅ FOUND      JV.2025.05.00169       ID: 52664      | Tgl: 04/05/2025   | Penjualan cafe strada MKG tanggal 04/05/2025
  ✅ FOUND      JV.2025.05.00164       ID: 52808      | Tgl: 05/05/2025   | Uang masuk penjualan cafe strada MKG tanggal 04/05/2025
  ✅ FOUND      JV.2025.05.00170       ID: 52759      | Tgl: 05/05/2025   | Penjualan cafe strada MKG tanggal 05/05/2025
  ✅ FOUND      JV.2025.05.00165       ID: 52714      | Tgl: 06/05/2025   | Uang masuk penjualan cafe strada MKG tanggal 05/05/2025
  ✅ FOUND      JV.2025.05.00326       ID: 53670      | Tgl: 06/05/2025   | Penjualan cafe strada MKG tanggal 06/05/2025
  ✅ FOUND      JV.2025.05.00334       ID: 53808      | Tgl: 07/05/2025   | Uang masuk penjualan cafe strada MKG tanggal 06/05/2025
  ✅ FOUND      JV.2025.05.00327       ID: 53607      | Tgl: 07/05/2025   | Penjualan cafe strada MKG tanggal 07/05/2025
  ✅ FOUND      JV.2025.05.00335       ID: 53809      | Tgl: 08/05/2025   | Uang masuk penjualan cafe strada MKG tanggal 07/05/2025
  ✅ FOUND      JV.2025.05.00328       ID: 53806      | Tgl: 08/05/2025   | Penjualan cafe strada MKG tanggal 08/05/2025
  ✅ FOUND      JV.2025.05.00336       ID: 53713      | Tgl: 09/05/2025   | Uang masuk penjualan cafe strada MKG tanggal 08/05/2025
  ✅ FOUND      JV.2025.05.00329       ID: 53671      | Tgl: 09/05/2025   | Penjualan cafe strada MKG tanggal 09/05/2025
  ✅ FOUND      JV.2025.05.00337       ID: 53714      | Tgl: 10/05/2025   | Uang masuk penjualan cafe strada MKG tanggal 09/05/2025
  ✅ FOUND      JV.2025.05.00330       ID: 53711      | Tgl: 10/05/2025   | Penjualan cafe strada MKG tanggal 10/05/2025
  ✅ FOUND      JV.2025.05.00338       ID: 53810      | Tgl: 11/05/2025   | Uang masuk penjualan cafe strada MKG tanggal 10/05/2025
  ✅ FOUND      JV.2025.05.00331       ID: 53807      | Tgl: 11/05/2025   | Penjualan cafe strada MKG tanggal 11/05/2025
  ✅ FOUND      JV.2025.05.00339       ID: 53852      | Tgl: 12/05/2025   | Uang masuk penjualan cafe strada MKG tanggal 11/05/2025
  ✅ FOUND      JV.2025.05.00332       ID: 53712      | Tgl: 12/05/2025   | Penjualan cafe strada MKG tanggal 12/05/2025
  ✅ FOUND      JV.2025.05.00340       ID: 53570      | Tgl: 13/05/2025   | Uang masuk penjualan cafe strada MKG tanggal 12/05/2025
  ✅ FOUND      JV.2025.05.00333       ID: 53569      | Tgl: 13/05/2025   | Penjualan cafe strada MKG tanggal 13/05/2025
  ✅ FOUND      JV.2025.05.00341       ID: 53758      | Tgl: 14/05/2025   | Uang masuk penjualan cafe strada MKG tanggal 13/05/2025
  ✅ FOUND      JV.2025.05.00392       ID: 54101      | Tgl: 14/05/2025   | Penjualan cafe strada MKG tanggal 14/05/2025
  ✅ FOUND      JV.2025.05.00442       ID: 54553      | Tgl: 15/05/2025   | Uang masuk penjualan cafe strada MKG tanggal 14/05/2025
  ✅ FOUND      JV.2025.05.00440       ID: 54507      | Tgl: 15/05/2025   | Penjualan cafe strada MKG tanggal 15/05/2025
  ✅ FOUND      JV.2025.05.00441       ID: 54405      | Tgl: 16/05/2025   | Uang masuk penjualan cafe strada MKG tanggal 15/05/2025
  ✅ FOUND      JV.2025.05.00564       ID: 54811      | Tgl: 16/05/2025   | Penjualan cafe strada MKG tanggal 16/05/2025
  ✅ FOUND      JV.2025.05.00563       ID: 55059      | Tgl: 17/05/2025   | Uang masuk penjualan cafe strada MKG tanggal 16/05/2025
  ✅ FOUND      JV.2025.05.00565       ID: 55157      | Tgl: 17/05/2025   | Penjualan cafe strada MKG tanggal 17/05/2025
  ✅ FOUND      JV.2025.05.00566       ID: 55158      | Tgl: 18/05/2025   | Uang masuk penjualan cafe strada MKG tanggal 17/05/2025
  ✅ FOUND      JV.2025.05.00567       ID: 54964      | Tgl: 18/05/2025   | Penjualan cafe strada MKG tanggal 18/05/2025
  ✅ FOUND      JV.2025.05.00568       ID: 55159      | Tgl: 19/05/2025   | Uang masuk penjualan cafe strada MKG tanggal 18/05/2025
  ✅ FOUND      JV.2025.05.00570       ID: 55160      | Tgl: 19/05/2025   | Penjualan cafe strada MKG tanggal 19/05/2025
  ✅ FOUND      JV.2025.05.00569       ID: 55017      | Tgl: 20/05/2025   | Uang masuk penjualan cafe strada MKG tanggal 19/05/2025
  ✅ FOUND      JV.2025.05.00636       ID: 55168      | Tgl: 20/05/2025   | Penjualan cafe strada MKG tanggal 20/05/2025
  ✅ FOUND      JV.2025.05.00639       ID: 54975      | Tgl: 21/05/2025   | Uang masuk penjualan cafe strada MKG tanggal 20/05/2025
  ✅ FOUND      JV.2025.05.00637       ID: 54824      | Tgl: 21/05/2025   | Penjualan cafe strada MKG tanggal 21/05/2025
  ✅ FOUND      JV.2025.05.00640       ID: 54825      | Tgl: 22/05/2025   | Uang masuk penjualan cafe strada MKG tanggal 21/05/2025
  ✅ FOUND      JV.2025.05.00638       ID: 55116      | Tgl: 22/05/2025   | Penjualan cafe strada MKG tanggal 22/05/2025
  ✅ FOUND      JV.2025.05.00641       ID: 54976      | Tgl: 23/05/2025   | Uang masuk penjualan cafe strada MKG tanggal 22/05/2025
  ✅ FOUND      JV.2025.05.00973       ID: 57059      | Tgl: 23/05/2025   | Penjualan cafe strada MKG tanggal 23/05/2025
  ✅ FOUND      JV.2025.05.00956       ID: 56773      | Tgl: 24/05/2025   | Uang masuk penjualan cafe strada MKG tanggal 23/05/2025
  ✅ FOUND      JV.2025.05.00975       ID: 56873      | Tgl: 24/05/2025   | Penjualan cafe strada MKG tanggal 24/05/2025
  ✅ FOUND      JV.2025.05.00957       ID: 56966      | Tgl: 25/05/2025   | Uang masuk penjualan cafe strada MKG tanggal 24/05/2025
  ✅ FOUND      JV.2025.05.00976       ID: 56910      | Tgl: 25/05/2025   | Penjualan cafe strada MKG tanggal 25/05/2025
  ✅ FOUND      JV.2025.05.00958       ID: 56867      | Tgl: 26/05/2025   | Uang masuk penjualan cafe strada MKG tanggal 25/05/2025
  ✅ FOUND      JV.2025.06.00377       ID: 56911      | Tgl: 26/05/2025   | Penjualan cafe strada MKG tanggal 26/05/2025
  ✅ FOUND      JV.2025.05.00959       ID: 56825      | Tgl: 27/05/2025   | Uang masuk penjualan cafe strada MKG tanggal 26/05/2025
  ✅ FOUND      JV.2025.05.00977       ID: 57060      | Tgl: 27/05/2025   | Penjualan cafe strada MKG tanggal 27/05/2025
  ✅ FOUND      JV.2025.05.00960       ID: 56826      | Tgl: 28/05/2025   | Uang masuk penjualan cafe strada MKG tanggal 27/05/2025
  ✅ FOUND      JV.2025.05.00978       ID: 56970      | Tgl: 28/05/2025   | Penjualan cafe strada MKG tanggal 28/05/2025
  ✅ FOUND      JV.2025.05.00961       ID: 57012      | Tgl: 29/05/2025   | Uang masuk penjualan cafe strada MKG tanggal 28/05/2025
  ✅ FOUND      JV.2025.05.00979       ID: 56971      | Tgl: 29/05/2025   | Penjualan cafe strada MKG tanggal 29/05/2025
  ✅ FOUND      JV.2025.05.00962       ID: 56827      | Tgl: 30/05/2025   | Uang masuk penjualan cafe strada MKG tanggal 29/05/2025
  ✅ FOUND      JV.2025.05.00980       ID: 56775      | Tgl: 30/05/2025   | Penjualan cafe strada MKG tanggal 30/05/2025
  ✅ FOUND      JV.2025.05.00963       ID: 56868      | Tgl: 31/05/2025   | Uang masuk penjualan cafe strada MKG tanggal 30/05/2025
  ✅ FOUND      JV.2025.05.00981       ID: 56972      | Tgl: 31/05/2025   | Penjualan cafe strada MKG tanggal 31/05/2025
  ✅ FOUND      JV.2025.06.00374       ID: 56774      | Tgl: 01/06/2025   | Uang masuk penjualan cafe strada MKG tanggal 31/05/2025
  ✅ FOUND      JV.2025.06.00623       ID: 58101      | Tgl: 01/06/2025   | Penjualan cafe strada MKG tanggal 01/06/2025
  ✅ FOUND      JV.2025.06.00697       ID: 58163      | Tgl: 02/06/2025   | Uang masuk penjualan cafe strada MKG tanggal 01/06/2025
  ✅ FOUND      JV.2025.06.00624       ID: 57808      | Tgl: 02/06/2025   | Penjualan cafe strada MKG tanggal 02/06/2025
  ✅ FOUND      JV.2025.06.00698       ID: 58267      | Tgl: 03/06/2025   | Uang masuk penjualan cafe strada MKG tanggal 02/06/2025
  ✅ FOUND      JV.2025.06.00625       ID: 57956      | Tgl: 03/06/2025   | Penjualan cafe strada MKG tanggal 03/06/2025
  ✅ FOUND      JV.2025.06.00699       ID: 58311      | Tgl: 04/06/2025   | Uang masuk penjualan cafe strada MKG tanggal 03/06/2025
  ✅ FOUND      JV.2025.06.00626       ID: 58102      | Tgl: 04/06/2025   | Penjualan cafe strada MKG tanggal 04/06/2025
  ✅ FOUND      JV.2025.06.00700       ID: 58312      | Tgl: 05/06/2025   | Uang masuk penjualan cafe strada MKG tanggal 04/06/2025
  ✅ FOUND      JV.2025.06.00627       ID: 57957      | Tgl: 05/06/2025   | Penjualan cafe strada MKG tanggal 05/06/2025
  ✅ FOUND      JV.2025.06.00701       ID: 58453      | Tgl: 06/06/2025   | Uang masuk penjualan cafe strada MKG tanggal 05/06/2025
  ✅ FOUND      JV.2025.06.00628       ID: 57809      | Tgl: 06/06/2025   | Penjualan cafe strada MKG tanggal 06/06/2025
  ✅ FOUND      JV.2025.06.00838       ID: 58757      | Tgl: 07/06/2025   | Uang masuk penjualan cafe strada MKG tanggal 06/06/2025
  ✅ FOUND      JV.2025.06.00629       ID: 57958      | Tgl: 07/06/2025   | Penjualan cafe strada MKG tanggal 07/06/2025
  ✅ FOUND      JV.2025.06.00839       ID: 58758      | Tgl: 08/06/2025   | Uang masuk penjualan cafe strada MKG tanggal 07/06/2025
  ✅ FOUND      JV.2025.06.00630       ID: 58058      | Tgl: 08/06/2025   | Penjualan cafe strada MKG tanggal 08/06/2025
  ✅ FOUND      JV.2025.06.00840       ID: 58561      | Tgl: 09/06/2025   | Uang masuk penjualan cafe strada MKG tanggal 08/06/2025
  ✅ FOUND      JV.2025.06.00677       ID: 58160      | Tgl: 09/06/2025   | Penjualan cafe strada MKG tanggal 09/06/2025
  ✅ FOUND      JV.2025.06.00621       ID: 57855      | Tgl: 10/06/2025   | Uang masuk penjualan cafe strada MKG tanggal 09/06/2025
  ✅ FOUND      JV.2025.06.00678       ID: 58306      | Tgl: 10/06/2025   | Penjualan cafe strada MKG tanggal 10/06/2025
  ✅ FOUND      JV.2025.06.00622       ID: 58057      | Tgl: 11/06/2025   | Uang masuk penjualan cafe strada MKG tanggal 10/06/2025
  ✅ FOUND      JV.2025.06.00679       ID: 58361      | Tgl: 11/06/2025   | Penjualan cafe strada MKG tanggal 11/06/2025
  ✅ FOUND      JV.2025.06.00806       ID: 58651      | Tgl: 12/06/2025   | Uang masuk penjualan cafe strada MKG tanggal 11/06/2025
  ✅ FOUND      JV.2025.06.00680       ID: 58307      | Tgl: 12/06/2025   | Penjualan cafe strada MKG tanggal 12/06/2025
  ✅ FOUND      JV.2025.06.00807       ID: 58700      | Tgl: 13/06/2025   | Uang masuk penjualan cafe strada MKG tanggal 12/06/2025
  ✅ FOUND      JV.2025.06.00681       ID: 58259      | Tgl: 13/06/2025   | Penjualan cafe strada MKG tanggal 13/06/2025
  ✅ FOUND      JV.2025.07.00045       ID: 58552      | Tgl: 14/06/2025   | Uang masuk penjualan cafe strada MKG tanggal 13/06/2025
  ✅ FOUND      JV.2025.06.00682       ID: 58308      | Tgl: 14/06/2025   | Penjualan cafe strada MKG tanggal 14/06/2025
  ✅ FOUND      JV.2025.06.00808       ID: 58652      | Tgl: 15/06/2025   | Uang masuk penjualan cafe strada MKG tanggal 14/06/2025
  ✅ FOUND      JV.2025.06.00683       ID: 58362      | Tgl: 15/06/2025   | Penjualan cafe strada MKG tanggal 15/06/2025
  ✅ FOUND      JV.2025.06.00809       ID: 58653      | Tgl: 16/06/2025   | Uang masuk penjualan cafe strada MKG tanggal 15/06/2025
  ✅ FOUND      JV.2025.06.00684       ID: 58260      | Tgl: 16/06/2025   | Penjualan cafe strada MKG tanggal 16/06/2025
  ✅ FOUND      JV.2025.06.00810       ID: 58750      | Tgl: 17/06/2025   | Uang masuk penjualan cafe strada MKG tanggal 16/06/2025
  ✅ FOUND      JV.2025.06.00685       ID: 58161      | Tgl: 17/06/2025   | Penjualan cafe strada MKG tanggal 17/06/2025
  ✅ FOUND      JV.2025.06.00811       ID: 58601      | Tgl: 18/06/2025   | Uang masuk penjualan cafe strada MKG tanggal 17/06/2025
  ✅ FOUND      JV.2025.06.00686       ID: 58261      | Tgl: 18/06/2025   | Penjualan cafe strada MKG tanggal 18/06/2025
  ✅ FOUND      JV.2025.06.00812       ID: 58502      | Tgl: 19/06/2025   | Uang masuk penjualan cafe strada MKG tanggal 18/06/2025
  ✅ FOUND      JV.2025.06.00687       ID: 58262      | Tgl: 19/06/2025   | Penjualan cafe strada MKG tanggal 1906/2025
  ✅ FOUND      JV.2025.06.00813       ID: 58602      | Tgl: 20/06/2025   | Uang masuk penjualan cafe strada MKG tanggal 19/06/2025
  ✅ FOUND      JV.2025.06.00689       ID: 58264      | Tgl: 20/06/2025   | Penjualan cafe strada MKG tanggal 20/06/2025
  ✅ FOUND      JV.2025.06.00814       ID: 58751      | Tgl: 21/06/2025   | Uang masuk penjualan cafe strada MKG tanggal 20/06/2025
  ✅ FOUND      JV.2025.06.00690       ID: 58265      | Tgl: 21/06/2025   | Penjualan cafe strada MKG tanggal 21/06/2025
  ✅ FOUND      JV.2025.06.00815       ID: 58752      | Tgl: 22/06/2025   | Uang masuk penjualan cafe strada MKG tanggal 21/06/2025
  ✅ FOUND      JV.2025.06.00691       ID: 58402      | Tgl: 22/06/2025   | Penjualan cafe strada MKG tanggal 22/06/2025
  ✅ FOUND      JV.2025.06.00816       ID: 58503      | Tgl: 23/06/2025   | Uang masuk penjualan cafe strada MKG tanggal 22/06/2025
  ✅ FOUND      JV.2025.06.00692       ID: 58363      | Tgl: 23/06/2025   | Penjualan cafe strada MKG tanggal 23/06/2025
  ✅ FOUND      JV.2025.06.00817       ID: 58701      | Tgl: 24/06/2025   | Uang masuk penjualan cafe strada MKG tanggal 23/06/2025
  ✅ FOUND      JV.2025.06.00693       ID: 58309      | Tgl: 24/06/2025   | Penjualan cafe strada MKG tanggal 24/06/2025
  ✅ FOUND      JV.2025.06.00818       ID: 58753      | Tgl: 25/06/2025   | Uang masuk penjualan cafe strada MKG tanggal 24/06/2025
  ✅ FOUND      JV.2025.06.00694       ID: 58310      | Tgl: 25/06/2025   | Penjualan cafe strada MKG tanggal 25/06/2025
  ✅ FOUND      JV.2025.06.00819       ID: 58603      | Tgl: 26/06/2025   | Uang masuk penjualan cafe strada MKG tanggal 25/06/2025
  ✅ FOUND      JV.2025.06.00695       ID: 58266      | Tgl: 26/06/2025   | Penjualan cafe strada MKG tanggal 26/06/2025
  ✅ FOUND      JV.2025.06.00820       ID: 58654      | Tgl: 27/06/2025   | Uang masuk penjualan cafe strada MKG tanggal 26/06/2025
  ✅ FOUND      JV.2025.06.00696       ID: 58162      | Tgl: 27/06/2025   | Penjualan cafe strada MKG tanggal 27/06/2025
  ✅ FOUND      JV.2025.06.00857       ID: 58776      | Tgl: 27/06/2025   | Uang masuk penjualan sales cash mkg 27.
06.2025
  ✅ FOUND      JV.2025.06.00821       ID: 58702      | Tgl: 28/06/2025   | Uang masuk penjualan cafe strada MKG tanggal 27/06/2025
  ✅ FOUND      JV.2025.06.00803       ID: 58551      | Tgl: 28/06/2025   | Penjualan cafe strada MKG tanggal 28/06/2025
  ✅ FOUND      JV.2025.06.00822       ID: 58553      | Tgl: 29/06/2025   | Uang masuk penjualan cafe strada MKG tanggal 28/06/2025
  ✅ FOUND      JV.2025.06.00804       ID: 58650      | Tgl: 29/06/2025   | Penjualan cafe strada MKG tanggal 29/06/2025
  ✅ FOUND      JV.2025.06.00823       ID: 58604      | Tgl: 30/06/2025   | Uang masuk penjualan cafe strada MKG tanggal 29/06/2025
  ✅ FOUND      JV.2025.06.00805       ID: 58501      | Tgl: 30/06/2025   | Penjualan cafe strada MKG tanggal 30/06/2025
  ✅ FOUND      JV.2025.07.00046       ID: 58703      | Tgl: 01/07/2025   | Uang masuk penjualan cafe strada MKG tanggal 30/06/2025
  ✅ FOUND      JV.2025.07.00184       ID: 58732      | Tgl: 01/07/2025   | Penjualan cafe strada MKG tanggal 01/07/2025
  ✅ FOUND      JV.2025.07.00193       ID: 58519      | Tgl: 02/07/2025   | Uang masuk penjualan cafe strada MKG tanggal 01/07/2025
  ✅ FOUND      JV.2025.07.00185       ID: 58691      | Tgl: 02/07/2025   | Penjualan cafe strada MKG tanggal 02/07/2025
  ✅ FOUND      JV.2025.07.00194       ID: 58736      | Tgl: 03/07/2025   | Uang masuk penjualan cafe strada MKG tanggal 02/07/2025
  ✅ FOUND      JV.2025.07.00186       ID: 58813      | Tgl: 03/07/2025   | Penjualan cafe strada MKG tanggal 03/07/2025
  ✅ FOUND      JV.2025.07.00195       ID: 58693      | Tgl: 04/07/2025   | Uang masuk penjualan cafe strada MKG tanggal 03/07/2025
  ✅ FOUND      JV.2025.07.00187       ID: 58814      | Tgl: 04/07/2025   | Penjualan cafe strada MKG tanggal 04/07/2025
  ✅ FOUND      JV.2025.07.00196       ID: 58815      | Tgl: 05/07/2025   | Uang masuk penjualan cafe strada MKG tanggal 04/07/2025
  ✅ FOUND      JV.2025.07.00188       ID: 58733      | Tgl: 05/07/2025   | Penjualan cafe strada MKG tanggal 05/07/2025
  ✅ FOUND      JV.2025.07.00197       ID: 58816      | Tgl: 06/07/2025   | Uang masuk penjualan cafe strada MKG tanggal 05/07/2025
  ✅ FOUND      JV.2025.07.00189       ID: 58692      | Tgl: 06/07/2025   | Penjualan cafe strada MKG tanggal 06/07/2025
  ✅ FOUND      JV.2025.07.00192       ID: 58735      | Tgl: 07/07/2025   | Uang masuk penjualan cafe strada MKG tanggal 06/07/2025
  ✅ FOUND      JV.2025.07.00190       ID: 58734      | Tgl: 07/07/2025   | Penjualan cafe strada MKG tanggal 07/07/2025
  ✅ FOUND      JV.2025.07.00191       ID: 58518      | Tgl: 08/07/2025   | Uang masuk penjualan cafe strada MKG tanggal 07/07/2025
  ✅ FOUND      JV.2025.07.00378       ID: 58531      | Tgl: 08/07/2025   | Penjualan cafe strada MKG tanggal 08/07/2025
  ✅ FOUND      JV.2025.07.00379       ID: 58926      | Tgl: 09/07/2025   | Uang masuk penjualan cafe strada MKG tanggal 08/07/2025
  ✅ FOUND      JV.2025.07.00377       ID: 59015      | Tgl: 09/07/2025   | Penjualan cafe strada MKG tanggal 09/07/2025
  ✅ FOUND      JV.2025.07.00380       ID: 58875      | Tgl: 10/07/2025   | Uang masuk penjualan cafe strada MKG tanggal 09/07/2025
  ✅ FOUND      JV.2025.07.00376       ID: 59014      | Tgl: 10/07/2025   | Penjualan cafe strada MKG tanggal 10/07/2025
  ✅ FOUND      JV.2025.07.00381       ID: 58532      | Tgl: 11/07/2025   | Uang masuk penjualan cafe strada MKG tanggal 10/07/2025
  ✅ FOUND      JV.2025.07.00375       ID: 58925      | Tgl: 11/07/2025   | Penjualan cafe strada MKG tanggal 11/07/2025
  ✅ FOUND      JV.2025.07.00382       ID: 58533      | Tgl: 12/07/2025   | Uang masuk penjualan cafe strada MKG tanggal 11/07/2025
  ✅ FOUND      JV.2025.07.00374       ID: 58924      | Tgl: 12/07/2025   | Penjualan cafe strada MKG tanggal 12/07/2025
  ✅ FOUND      JV.2025.07.00383       ID: 58534      | Tgl: 13/07/2025   | Uang masuk penjualan cafe strada MKG tanggal 12/07/2025
  ✅ FOUND      JV.2025.07.00373       ID: 58874      | Tgl: 13/07/2025   | Penjualan cafe strada MKG tanggal 13/07/2025
  ✅ FOUND      JV.2025.07.00384       ID: 59056      | Tgl: 14/07/2025   | Uang masuk penjualan cafe strada MKG tanggal 13/07/2025
  ✅ FOUND      JV.2025.07.00372       ID: 58530      | Tgl: 14/07/2025   | Penjualan cafe strada MKG tanggal 14/07/2025
  ✅ FOUND      JV.2025.07.00598       ID: 59613      | Tgl: 15/07/2025   | Penjualan cafe strada MKG tanggal 14/07/2025
  ✅ FOUND      JV.2025.07.00385       ID: 58836      | Tgl: 15/07/2025   | Uang masuk penjualan cafe strada MKG tanggal 14/07/2025
  ✅ FOUND      JV.2025.07.00609       ID: 59467      | Tgl: 16/07/2025   | Uang masuk penjualan cafe strada MKG tanggal 15/07/2025
  ✅ FOUND      JV.2025.07.00599       ID: 59503      | Tgl: 16/07/2025   | Penjualan cafe strada MKG tanggal 16/07/2025
  ✅ FOUND      JV.2025.07.00610       ID: 59567      | Tgl: 17/07/2025   | Uang masuk penjualan cafe strada MKG tanggal 16/07/2025
  ✅ FOUND      JV.2025.07.00600       ID: 59563      | Tgl: 17/07/2025   | Penjualan cafe strada MKG tanggal 17/07/2025
  ✅ FOUND      JV.2025.07.00611       ID: 59615      | Tgl: 18/07/2025   | Uang masuk penjualan cafe strada MKG tanggal 17/07/2025
  ✅ FOUND      JV.2025.07.00601       ID: 59614      | Tgl: 18/07/2025   | Penjualan cafe strada MKG tanggal 18/07/2025
  ✅ FOUND      JV.2025.07.00612       ID: 59616      | Tgl: 19/07/2025   | Uang masuk penjualan cafe strada MKG tanggal 18/07/2025
  ✅ FOUND      JV.2025.07.00602       ID: 59504      | Tgl: 19/07/2025   | Penjualan cafe strada MKG tanggal 19/07/2025
  ✅ FOUND      JV.2025.07.00613       ID: 59759      | Tgl: 20/07/2025   | Uang masuk penjualan cafe strada MKG tanggal 19/07/2025
  ✅ FOUND      JV.2025.07.00603       ID: 59465      | Tgl: 20/07/2025   | Penjualan cafe strada MKG tanggal 20/07/2025
  ✅ FOUND      JV.2025.07.00608       ID: 59758      | Tgl: 21/07/2025   | Uang masuk penjualan cafe strada MKG tanggal 20/07/2025
  ✅ FOUND      JV.2025.07.00604       ID: 59564      | Tgl: 21/07/2025   | Penjualan cafe strada MKG tanggal 21/07/2025
  ✅ FOUND      JV.2025.07.01013       ID: 61357      | Tgl: 21/07/2025   | Setoran cash MKG penjualan tanggal 21/07/2025
  ✅ FOUND      JV.2025.07.00607       ID: 59466      | Tgl: 22/07/2025   | Uang masuk penjualan cafe strada MKG tanggal 21/07/2025
  ✅ FOUND      JV.2025.07.00605       ID: 59565      | Tgl: 22/07/2025   | Penjualan cafe strada MKG tanggal 22/07/2025
  ✅ FOUND      JV.2025.07.00606       ID: 59566      | Tgl: 23/07/2025   | Uang masuk penjualan cafe strada MKG tanggal 22/07/2025
  ✅ FOUND      JV.2025.07.00705       ID: 60359      | Tgl: 23/07/2025   | Penjualan cafe strada MKG tanggal 23/07/2025
  ✅ FOUND      JV.2025.07.00720       ID: 60402      | Tgl: 24/07/2025   | Uang masuk penjualan cafe strada MKG tanggal 23/07/2025
  ✅ FOUND      JV.2025.07.00706       ID: 60401      | Tgl: 24/07/2025   | Penjualan cafe strada MKG tanggal 24/07/2025
  ✅ FOUND      JV.2025.07.00719       ID: 60361      | Tgl: 25/07/2025   | Uang masuk penjualan cafe strada MKG tanggal 24/07/2025
  ✅ FOUND      JV.2025.07.00707       ID: 60360      | Tgl: 25/07/2025   | Penjualan cafe strada MKG tanggal 25/07/2025
  ✅ FOUND      JV.2025.07.00718       ID: 60260      | Tgl: 26/07/2025   | Uang masuk penjualan cafe strada MKG tanggal 25/07/2025
  ✅ FOUND      JV.2025.07.00708       ID: 60204      | Tgl: 26/07/2025   | Penjualan cafe strada MKG tanggal 26/07/2025
  ✅ FOUND      JV.2025.07.00716       ID: 60310      | Tgl: 27/07/2025   | Uang masuk penjualan cafe strada MKG tanggal 26/07/2025
  ✅ FOUND      JV.2025.07.00709       ID: 60257      | Tgl: 27/07/2025   | Penjualan cafe strada MKG tanggal 27/07/2025
  ✅ FOUND      JV.2025.07.00717       ID: 60311      | Tgl: 28/07/2025   | Uang masuk penjualan cafe strada MKG tanggal 27/07/2025
  ✅ FOUND      JV.2025.08.00012       ID: 60550      | Tgl: 28/07/2025   | Penjualan cafe strada MKG tanggal 28/07/2025
  ✅ FOUND      JV.2025.07.00916       ID: 60170      | Tgl: 29/07/2025   | Uang masuk penjualan cafe strada MKG tanggal 28/07/2025
  ✅ FOUND      JV.2025.07.00906       ID: 60344      | Tgl: 28/07/2025   | Penjualan cafe Strada SMS tanggal 28/07/2025
  ✅ FOUND      JV.2025.07.00910       ID: 60298      | Tgl: 29/07/2025   | Uang masuk penjualan cafe Strada SMS tanggal 28/07/2025
  ✅ FOUND      JV.2025.07.00913       ID: 60346      | Tgl: 29/07/2025   | Penjualan cafe strada MKG tanggal 29/07/2025
  ✅ FOUND      JV.2025.07.00917       ID: 60551      | Tgl: 30/07/2025   | Uang masuk penjualan cafe strada MKG tanggal 29/07/2025
  ✅ FOUND      JV.2025.07.00907       ID: 60345      | Tgl: 29/07/2025   | Penjualan cafe Strada SMS tanggal 29/07/2025
  ✅ FOUND      JV.2025.07.00911       ID: 60299      | Tgl: 30/07/2025   | Uang masuk penjualan cafe Strada SMS tanggal 29/07/2025
  ✅ FOUND      JV.2025.07.00914       ID: 60347      | Tgl: 30/07/2025   | Penjualan cafe strada MKG tanggal 30/07/2025
  ✅ FOUND      JV.2025.07.00918       ID: 60348      | Tgl: 31/07/2025   | Uang masuk penjualan cafe strada MKG tanggal 30/07/2025
  ✅ FOUND      JV.2025.07.00908       ID: 60249      | Tgl: 30/07/2025   | Penjualan cafe Strada SMS tanggal 30/07/2025
  ✅ FOUND      JV.2025.07.00912       ID: 60500      | Tgl: 31/07/2025   | Uang masuk penjualan cafe Strada SMS tanggal 30/07/2025
  ✅ FOUND      JV.2025.07.00915       ID: 60399      | Tgl: 31/07/2025   | Penjualan cafe strada MKG tanggal 31/07/2025
  ✅ FOUND      JV.2025.08.00013       ID: 60600      | Tgl: 01/08/2025   | Uang masuk penjualan cafe strada MKG tanggal 31/07/2025
  ✅ FOUND      JV.2025.07.00909       ID: 60425      | Tgl: 31/07/2025   | Penjualan cafe Strada SMS tanggal 31/07/2025
  ✅ FOUND      JV.2025.08.00185       ID: 61057      | Tgl: 01/08/2025   | Penjualan cafe strada MKG tanggal 01/08/2025
  ✅ FOUND      JV.2025.08.00191       ID: 61278      | Tgl: 02/08/2025   | Uang masuk penjualan cafe strada MKG tanggal 01/08/2025
  ✅ FOUND      JV.2025.08.00197       ID: 61120      | Tgl: 01/08/2025   | Penjualan cafe strada SMS tanggal 01/08/2025
  ✅ FOUND      JV.2025.08.00203       ID: 61355      | Tgl: 02/08/2025   | Uang masuk penjualan cafe strada SMS tanggal 31 Juli dan 01 Agustus 2025
  ✅ FOUND      JV.2025.08.00186       ID: 61212      | Tgl: 02/08/2025   | Penjualan cafe strada MKG tanggal 02/08/2025
  ✅ FOUND      JV.2025.08.00192       ID: 61017      | Tgl: 03/08/2025   | Uang masuk penjualan cafe strada MKG tanggal 02/08/2025
  ✅ FOUND      JV.2025.08.00198       ID: 61018      | Tgl: 02/08/2025   | Penjualan cafe strada SMS tanggal 02/08/2025
  ✅ FOUND      JV.2025.08.00204       ID: 61280      | Tgl: 03/08/2025   | Uang masuk penjualan cafe strada SMS tanggal 02/08/2025
  ✅ FOUND      JV.2025.08.00187       ID: 61213      | Tgl: 03/08/2025   | Penjualan cafe strada MKG tanggal 03/08/2025
  ✅ FOUND      JV.2025.08.00193       ID: 61118      | Tgl: 04/08/2025   | Uang masuk penjualan cafe strada MKG tanggal 03/08/2025
  ✅ FOUND      JV.2025.08.00199       ID: 61019      | Tgl: 03/08/2025   | Penjualan cafe strada SMS tanggal 03/08/2025
  ✅ FOUND      JV.2025.08.00205       ID: 61281      | Tgl: 04/08/2025   | Uang masuk penjualan cafe strada SMS tanggal 03/08/2025
  ✅ FOUND      JV.2025.08.00188       ID: 61277      | Tgl: 04/08/2025   | Penjualan cafe strada MKG tanggal 04/08/2025
  ✅ FOUND      JV.2025.08.00194       ID: 61279      | Tgl: 05/08/2025   | Uang masuk penjualan cafe strada MKG tanggal 04/08/2025
  ✅ FOUND      JV.2025.08.00200       ID: 61020      | Tgl: 04/08/2025   | Penjualan cafe strada SMS tanggal 04/08/2025
  ✅ FOUND      JV.2025.08.00206       ID: 61022      | Tgl: 05/08/2025   | Uang masuk penjualan cafe strada SMS tanggal 04/08/2025
  ✅ FOUND      JV.2025.08.00189       ID: 61117      | Tgl: 05/08/2025   | Penjualan cafe strada MKG tanggal 05/08/2025
  ✅ FOUND      JV.2025.08.00195       ID: 61119      | Tgl: 06/08/2025   | Uang masuk penjualan cafe strada MKG tanggal 05/08/2025
  ✅ FOUND      JV.2025.08.00201       ID: 61215      | Tgl: 05/08/2025   | Penjualan cafe strada SMS tanggal 05/08/2025
  ✅ FOUND      JV.2025.08.00207       ID: 61356      | Tgl: 06/08/2025   | Uang masuk penjualan cafe strada SMS tanggal 05/08/2025
  ✅ FOUND      JV.2025.08.00190       ID: 61016      | Tgl: 06/08/2025   | Penjualan cafe strada MKG tanggal 06/08/2025
  ✅ FOUND      JV.2025.08.00196       ID: 61214      | Tgl: 07/08/2025   | Uang masuk penjualan cafe strada MKG tanggal 06/08/2025
  ✅ FOUND      JV.2025.08.00202       ID: 61021      | Tgl: 06/08/2025   | Penjualan cafe strada SMS tanggal 06/08/2025
  ✅ FOUND      JV.2025.08.00208       ID: 61282      | Tgl: 07/08/2025   | Uang masuk penjualan cafe strada SMS tanggal 06/08/2025
  ✅ FOUND      JV.2025.08.00172       ID: 61266      | Tgl: 07/08/2025   | Penjualan cafe strada MKG tanggal 07/08/2025
  ✅ FOUND      JV.2025.08.00175       ID: 61209      | Tgl: 08/08/2025   | Uang masuk penjualan cafe strada MKG tanggal 07/08/2025
  ✅ FOUND      JV.2025.08.00173       ID: 61112      | Tgl: 07/08/2025   | Penjualan cafe strada SMS tanggal 07/08/2025
  ✅ FOUND      JV.2025.08.00174       ID: 61208      | Tgl: 08/08/2025   | Uang masuk penjualan cafe strada SMS tanggal 07/08/2025
  ✅ FOUND      JV.2025.08.00180       ID: 61353      | Tgl: 08/08/2025   | Penjualan cafe strada MKG tanggal 08/08/2025
  ✅ FOUND      JV.2025.08.00183       ID: 61015      | Tgl: 09/08/2025   | Uang masuk penjualan cafe strada MKG tanggal 08/08/2025
  ✅ FOUND      JV.2025.08.00179       ID: 61056      | Tgl: 08/08/2025   | Penjualan cafe Strada SMS tanggal 08/08/2025
  ✅ FOUND      JV.2025.08.00184       ID: 61276      | Tgl: 09/08/2025   | Uang masuk penjualan cafe strada SMS tanggal 08/08/2025
  ✅ FOUND      JV.2025.08.00213       ID: 61026      | Tgl: 09/08/2025   | Penjualan cafe strada MKG tanggal
  ✅ FOUND      JV.2025.08.00216       ID: 61124      | Tgl: 10/08/2025   | Uang masuk penjualan cafe strada MKG tanggal 09/08/2025
  ✅ FOUND      JV.2025.08.00217       ID: 61028      | Tgl: 09/08/2025   | Penjualan cafe strada SMS tanggal 09/08/2025
  ✅ FOUND      JV.2025.08.00220       ID: 61125      | Tgl: 10/08/2025   | Uang masuk penjualan cafe strada SMS tanggal 09/08/2025
  ✅ FOUND      JV.2025.08.00214       ID: 61027      | Tgl: 10/08/2025   | Penjualan cafe strada MKG tanggal 10/08/2025
  ✅ FOUND      JV.2025.08.00215       ID: 61306      | Tgl: 11/08/2025   | Uang masuk penjualan cafe strada MKG tanggal 10/08/2025
  ✅ FOUND      JV.2025.08.00218       ID: 61359      | Tgl: 10/08/2025   | Penjualan cafe strada SMS tanggal 10/08/2025
  ✅ FOUND      JV.2025.08.00219       ID: 61360      | Tgl: 11/08/2025   | Uang masuk penjualan cafe strada SMS tanggal 10/08/2025
  ✅ FOUND      JV.2025.08.00275       ID: 61294      | Tgl: 11/08/2025   | Penjualan cafe strada MKG tanggal 11/08/2025
  ✅ FOUND      JV.2025.08.00276       ID: 61227      | Tgl: 12/08/2025   | Uang masuk penjualan cafe strada MKG tanggal 11/08/2025
  ✅ FOUND      JV.2025.08.00277       ID: 61310      | Tgl: 11/08/2025   | Penjualan cafe strada SMS tanggal 11/08/2025
  ✅ FOUND      JV.2025.08.00278       ID: 61135      | Tgl: 12/08/2025   | Uang masuk penjualan cafe strada SMS tanggal 11/08/2025
  ✅ FOUND      JV.2025.08.00390       ID: 61808      | Tgl: 13/08/2025   | Uang masuk penjualan cafe strada MKG tanggal 12/08/2025
  ✅ FOUND      JV.2025.08.00389       ID: 61807      | Tgl: 12/08/2025   | Penjualan cafe strada SMS tanggal 12/08/2025
  ✅ FOUND      JV.2025.08.00393       ID: 61605      | Tgl: 13/08/2025   | Uang masuk penjualan cafe strada SMS tanggal 12/08/2025
  ✅ FOUND      JV.2025.08.00386       ID: 61754      | Tgl: 13/08/2025   | Penjualan cafe strada MKG tanggal 13/08/2025
  ✅ FOUND      JV.2025.08.00391       ID: 61809      | Tgl: 14/08/2025   | Uang masuk penjualan cafe strada MKG tanggal 13/08/2025
  ✅ FOUND      JV.2025.08.00387       ID: 61852      | Tgl: 13/08/2025   | Penjualan cafe strada SMS tanggal 13/08/2025
  ✅ FOUND      JV.2025.08.00394       ID: 61709      | Tgl: 14/08/2025   | Uang masuk penjualan cafe strada SMS tanggal 13/08/2025
  ✅ FOUND      JV.2025.08.00385       ID: 61604      | Tgl: 14/08/2025   | Penjualan cafe strada MKG tanggal 14/08/2025
  ✅ FOUND      JV.2025.08.00392       ID: 61708      | Tgl: 15/08/2025   | Uang masuk penjualan cafe strada MKG tanggal 14/08/2025
  ✅ FOUND      JV.2025.08.00388       ID: 61806      | Tgl: 14/08/2025   | Penjualan cafe strada SMS tanggal 14/08/2025
  ✅ FOUND      JV.2025.08.00395       ID: 61755      | Tgl: 15/08/2025   | Uang masuk penjualan cafe strada SMS tanggal 14/08/2025
  ✅ FOUND      JV.2025.08.00403       ID: 61813      | Tgl: 15/08/2025   | Penjualan cafe strada MKG tanggal 15/08/2025
  ✅ FOUND      JV.2025.08.00406       ID: 61814      | Tgl: 16/08/2025   | Uang masuk penjualan cafe strada MKG tanggal 15/08/2025
  ✅ FOUND      JV.2025.08.00404       ID: 61713      | Tgl: 15/08/2025   | Penjualan cafe strada SMS tanggal 15/08/2025
  ✅ FOUND      JV.2025.08.00407       ID: 61855      | Tgl: 16/08/2025   | Uang masuk penjualan cafe strada SMS tanggal 15/08/2025
  ✅ FOUND      JV.2025.08.00413       ID: 61656      | Tgl: 16/08/2025   | Penjualan cafe strada MKG tanggal 16/08/2025
  ✅ FOUND      JV.2025.08.00414       ID: 61606      | Tgl: 17/08/2025   | Uang masuk penjualan cafe strada MKG tanggal 16/08/2025
  ✅ FOUND      JV.2025.08.00416       ID: 61717      | Tgl: 16/08/2025   | Penjualan cafe strada SMS tanggal 16/08/2025
  ✅ FOUND      JV.2025.08.00420       ID: 61856      | Tgl: 16/08/2025   | Setoran cash penjualan cafe strada SMS tanggal 16/08/2025
  ✅ FOUND      JV.2025.08.00418       ID: 61657      | Tgl: 17/08/2025   | Uang masuk penjualan cafe strada SMS tanggal 16/08/2025
  ✅ FOUND      JV.2025.08.00412       ID: 61761      | Tgl: 17/08/2025   | Penjualan cafe strada MKG tanggal 17/08/2025
  ✅ FOUND      JV.2025.08.00415       ID: 61815      | Tgl: 18/08/2025   | Uang masuk penjualan cafe strada MKG tanggal 17/08/2025
  ✅ FOUND      JV.2025.08.00417       ID: 61816      | Tgl: 17/08/2025   | Penjualan cafe strada SMS tanggal 17/08/2025
  ✅ FOUND      JV.2025.08.00419       ID: 61607      | Tgl: 18/08/2025   | Uang masuk penjualan cafe strada SMS tanggal 17/08/2025
  ✅ FOUND      JV.2025.08.00515       ID: 61950      | Tgl: 18/08/2025   | Penjualan cafe strada MKG tanggal 18/08/2025
  ✅ FOUND      JV.2025.08.00516       ID: 62000      | Tgl: 19/08/2025   | Uang masuk penjualan cafe strada MKG tanggal 18/08/2025
  ✅ FOUND      JV.2025.08.00514       ID: 61900      | Tgl: 18/08/2025   | Penjualan cafe strada SMS tanggal 18/08/2025
  ✅ FOUND      JV.2025.08.00517       ID: 62001      | Tgl: 19/08/2025   | Uang masuk penjualan cafe strada SMS tanggal 18/08/2025
  ✅ FOUND      JV.2025.08.00605       ID: 62171      | Tgl: 19/08/2025   | Penjualan cafe strada MKG tanggal 19/08/2025
  ✅ FOUND      JV.2025.08.00608       ID: 62172      | Tgl: 20/08/2025   | Uang masuk penjualan cafe strada MKG tanggal 19/08/2025
  ✅ FOUND      JV.2025.08.00602       ID: 62170      | Tgl: 19/08/2025   | Penjualan cafe strada SMS tanggal 19/08/2025
  ✅ FOUND      JV.2025.08.00604       ID: 62011      | Tgl: 20/08/2025   | Uang masuk penjualan cafe strada SMS tanggal 19/08/2025
  ✅ FOUND      JV.2025.08.00606       ID: 62116      | Tgl: 20/08/2025   | Penjualan cafe strada MKG tanggal 20/08/2025
  ✅ FOUND      JV.2025.08.00607       ID: 62117      | Tgl: 21/08/2025   | Uang masuk penjualan cafe strada MKG tanggal 20/08/2025
  ✅ FOUND      JV.2025.08.00601       ID: 61921      | Tgl: 20/08/2025   | Penjualan cafe strada SMS tanggal 20/08/2025
  ✅ FOUND      JV.2025.08.00603       ID: 62115      | Tgl: 21/08/2025   | Uang masuk penjualan cafe strada SMS tanggal 20/08/2025
  ✅ FOUND      JV.2025.08.00653       ID: 62353      | Tgl: 21/08/2025   | Penjualan cafe strada MKG tanggal 21/08/2025
  ✅ FOUND      JV.2025.08.00654       ID: 62551      | Tgl: 22/08/2025   | Uang masuk penjualan cafe strada MKG tanggal 21/08/2025
  ✅ FOUND      JV.2025.08.00657       ID: 62552      | Tgl: 21/08/2025   | Penjualan cafe strada SMS tanggal 21/08/2025
  ✅ FOUND      JV.2025.08.00660       ID: 62404      | Tgl: 22/08/2025   | Uang masuk penjualan cafe strada SMS tanggal 21/08/2025
  ✅ FOUND      JV.2025.08.00655       ID: 62403      | Tgl: 22/08/2025   | Penjualan cafe strada MKG tanggal 22/08/2025
  ✅ FOUND      JV.2025.08.00656       ID: 62354      | Tgl: 23/08/2025   | Uang masuk penjualan cafe strada MKG tanggal 22/08/2025
  ✅ FOUND      JV.2025.08.00658       ID: 62553      | Tgl: 22/08/2025   | Penjualan cafe strada SMS tanggal 22/08/2025
  ✅ FOUND      JV.2025.08.00736       ID: 62567      | Tgl: 23/08/2025   | Uang masuk penjualan cafe strada SMS tanggal 22/08/2025
  ✅ FOUND      JV.2025.08.00729       ID: 62563      | Tgl: 23/08/2025   | Penjualan cafe strada MKG tanggal 23/08/2025
  ✅ FOUND      JV.2025.08.00730       ID: 62564      | Tgl: 24/08/2025   | Uang masuk penjualan cafe strada MKG tanggal 23/08/2025
  ✅ FOUND      JV.2025.08.00738       ID: 62569      | Tgl: 23/08/2025   | Penjualan cafe strada SMS tanggal 23/08/2025
  ✅ FOUND      JV.2025.08.00737       ID: 62568      | Tgl: 24/08/2025   | Uang masuk penjualan cafe strada SMS tanggal 23/08/2025
  ✅ FOUND      JV.2025.08.00731       ID: 62415      | Tgl: 24/08/2025   | Penjualan cafe strada MKG tanggal 24/08/2025
  ✅ FOUND      JV.2025.08.00732       ID: 62565      | Tgl: 25/08/2025   | Uang masuk penjualan cafe strada MKG tanggal 24/08/2025
  ✅ FOUND      JV.2025.08.01133       ID: 63620      | Tgl: 24/08/2025   | Penjualan cafe strada SMS tanggal 24/08/2025
  ✅ FOUND      JV.2025.08.01206       ID: 65887      | Tgl: 25/08/2025   | Uang masuk penjualan cafe strada SMS tanggal 24/08/2025
  ✅ FOUND      JV.2025.08.00734       ID: 62312      | Tgl: 25/08/2025   | Penjualan cafe strada MKG tanggal 25/08/2025
  ✅ FOUND      JV.2025.08.00735       ID: 62416      | Tgl: 26/08/2025   | Uang masuk penjualan cafe strada MKG tanggal 25/08/2025
  ✅ FOUND      JV.2025.08.01134       ID: 63621      | Tgl: 25/08/2025   | Penjualan cafe strada SMS tanggal 25/08/2025
  ✅ FOUND      JV.2025.08.01207       ID: 65968      | Tgl: 26/08/2025   | Uang masuk penjualan cafe strada SMS tanggal 25/08/2025
  ✅ FOUND      JV.2025.08.01121       ID: 63472      | Tgl: 26/08/2025   | Penjualan cafe strada MKG tanggal 26/08/2025
  ✅ FOUND      JV.2025.08.01132       ID: 63479      | Tgl: 27/08/2025   | Uang masuk penjualan cafe strada MKG tanggal 26/08/2025
  ✅ FOUND      JV.2025.08.01135       ID: 63622      | Tgl: 26/08/2025   | Penjualan cafe strada SMS tanggal 26/08/2025
  ✅ FOUND      JV.2025.08.01209       ID: 65970      | Tgl: 27/08/2025   | Uang masuk penjualan cafe strada SMS tanggal 26/08/2025
  ✅ FOUND      JV.2025.08.01122       ID: 63528      | Tgl: 27/08/2025   | Penjualan cafe strada MKG tanggal 27/08/2025
  ✅ FOUND      JV.2025.08.01130       ID: 63478      | Tgl: 28/08/2025   | Uang masuk penjualan cafe strada MKG tanggal 27/08/2025
  ✅ FOUND      JV.2025.08.01136       ID: 63580      | Tgl: 27/08/2025   | Penjualan cafe strada SMS tanggal 27/08/2025
  ✅ FOUND      JV.2025.08.01144       ID: 63583      | Tgl: 28/08/2025   | Uang masuk penjualan cafe strada SMS tanggal 27/08/2025
  ✅ FOUND      JV.2025.08.01123       ID: 63574      | Tgl: 28/08/2025   | Penjualan cafe strada MKG tanggal 28/08/2025
  ✅ FOUND      JV.2025.08.01129       ID: 63579      | Tgl: 29/08/2025   | Uang masuk penjualan cafe strada MKG tanggal 28/08/2025
  ✅ FOUND      JV.2025.08.01137       ID: 63581      | Tgl: 28/08/2025   | Penjualan cafe strada SMS tanggal 28/08/2025
  ✅ FOUND      JV.2025.08.01208       ID: 65969      | Tgl: 29/08/2025   | Uang masuk penjualan cafe strada SMS tanggal 28/08/2025
  ✅ FOUND      JV.2025.08.01124       ID: 63575      | Tgl: 29/08/2025   | Penjualan cafe strada MKG tanggal 29/08/2025
  ✅ FOUND      JV.2025.08.01128       ID: 63578      | Tgl: 30/08/2025   | Uang masuk penjualan cafe strada MKG tanggal 29/08/2025
  ✅ FOUND      JV.2025.08.01138       ID: 63416      | Tgl: 29/08/2025   | Penjualan cafe strada SMS tanggal 29/08/2025
  ✅ FOUND      JV.2025.08.01142       ID: 63418      | Tgl: 30/08/2025   | Uang masuk penjualan cafe strada SMS tanggal 29/08/2025
  ✅ FOUND      JV.2025.08.01125       ID: 63529      | Tgl: 30/08/2025   | Penjualan cafe strada MKG tanggal 30/08/2025
  ✅ FOUND      JV.2025.08.01127       ID: 63577      | Tgl: 31/08/2025   | Uang masuk penjualan cafe strada MKG tanggal 30/08/2025
  ✅ FOUND      JV.2025.08.01139       ID: 63623      | Tgl: 30/08/2025   | Penjualan cafe strada SMS tanggal 30/08/2025
  ✅ FOUND      JV.2025.08.01141       ID: 63537      | Tgl: 31/08/2025   | Uang masuk penjualan cafe strada SMS tanggal 30/08/2025
  ✅ FOUND      JV.2025.08.01126       ID: 63530      | Tgl: 31/08/2025   | Penjualan cafe strada MKG tanggal 31/08/2025
  ✅ FOUND      JV.2025.09.00179       ID: 63360      | Tgl: 01/09/2025   | Uang masuk penjualan cafe strada MKG tanggal 31/08/2025
  ✅ FOUND      JV.2025.08.01140       ID: 63624      | Tgl: 31/08/2025   | Penjualan cafe strada SMS tanggal 31/08/2025
  ✅ FOUND      JV.2025.09.00194       ID: 63482      | Tgl: 01/09/2025   | Uang masuk penjualan cafe strada SMS tanggal 31/08/2025
  ✅ FOUND      JV.2025.09.00165       ID: 63313      | Tgl: 01/09/2025   | Penjualan cafe strada MKG tanggal 01/09/2025
  ✅ FOUND      JV.2025.09.00178       ID: 63618      | Tgl: 02/09/2025   | Uang masuk penjualan cafe strada MKG tanggal 01/09/2025
  ✅ FOUND      JV.2025.09.00180       ID: 63625      | Tgl: 01/09/2025   | Penjualan cafe strada SMS tanggal 01/09/2025
  ✅ FOUND      JV.2025.09.00193       ID: 63536      | Tgl: 02/09/2025   | Uang masuk penjualan cafe strada SMS tanggal 01/09/2025
  ✅ FOUND      JV.2025.09.00166       ID: 63314      | Tgl: 02/09/2025   | Penjualan cafe strada MKG tanggal 02/09/2025
  ✅ FOUND      JV.2025.09.00177       ID: 63477      | Tgl: 03/09/2025   | Uang masuk penjualan cafe strada MKG tanggal 02/09/2025
  ✅ FOUND      JV.2025.09.00181       ID: 63626      | Tgl: 02/09/2025   | Penjualan cafe strada SMS tanggal 02/09/2025
  ✅ FOUND      JV.2025.09.00192       ID: 63582      | Tgl: 03/09/2025   | Uang masuk penjualan cafe strada SMS tanggal 02/09/2025
  ✅ FOUND      JV.2025.09.00167       ID: 63617      | Tgl: 03/09/2025   | Penjualan cafe strada MKG tanggal 03/09/2025
  ✅ FOUND      JV.2025.09.00176       ID: 63415      | Tgl: 04/09/2025   | Uang masuk penjualan cafe strada MKG tanggal 03/09/2025
  ✅ FOUND      JV.2025.09.00182       ID: 63417      | Tgl: 03/09/2025   | Penjualan cafe strada SMS tanggal 03/09/2025
  ✅ FOUND      JV.2025.09.00191       ID: 63628      | Tgl: 04/09/2025   | Uang masuk penjualan cafe strada SMS tanggal 03/09/2025
  ✅ FOUND      JV.2025.09.00168       ID: 63473      | Tgl: 04/09/2025   | Penjualan cafe strada MKG tanggal 04/09/2025
  ✅ FOUND      JV.2025.09.00175       ID: 63476      | Tgl: 05/09/2025   | Uang masuk penjualan cafe strada MKG tanggal 04/09/2025
  ✅ FOUND      JV.2025.09.00183       ID: 63534      | Tgl: 04/09/2025   | Penjualan cafe strada SMS tanggal 04/09/2025
  ✅ FOUND      JV.2025.09.00190       ID: 63627      | Tgl: 05/09/2025   | Uang masuk penjualan cafe strada SMS tanggal 04/09/2025
  ✅ FOUND      JV.2025.09.00169       ID: 63531      | Tgl: 05/09/2025   | Penjualan cafe strada MKG tanggal 05/09/2025
  ✅ FOUND      JV.2025.09.00174       ID: 63475      | Tgl: 06/09/2025   | Uang masuk penjualan cafe strada MKG tanggal 05/09/2025
  ✅ FOUND      JV.2025.09.00184       ID: 63315      | Tgl: 05/09/2025   | Penjualan cafe strada SMS tanggal 05/09/2025
  ✅ FOUND      JV.2025.09.00189       ID: 63361      | Tgl: 06/09/2025   | Uang masuk penjualan cafe strada SMS tanggal 05/09/2025
  ✅ FOUND      JV.2025.09.00170       ID: 63532      | Tgl: 06/09/2025   | Penjualan cafe strada MKG tanggal 06/09/2025
  ✅ FOUND      JV.2025.09.00173       ID: 63576      | Tgl: 07/09/2025   | Uang masuk penjualan cafe strada MKG tanggal 06/09/2025
  ✅ FOUND      JV.2025.09.00185       ID: 63480      | Tgl: 06/09/2025   | Penjualan cafe strada SMS tanggal 06/09/2025
  ✅ FOUND      JV.2025.09.00188       ID: 63481      | Tgl: 07/09/2025   | Uang masuk penjualan cafe strada SMS tanggal 06/09/2025
  ✅ FOUND      JV.2025.09.00171       ID: 63533      | Tgl: 07/09/2025   | Penjualan cafe strada MKG tanggal 07/09/2025
  ✅ FOUND      JV.2025.09.00172       ID: 63474      | Tgl: 08/09/2025   | Uang masuk penjualan cafe strada MKG tanggal 07/09/2025
  ✅ FOUND      JV.2025.09.00186       ID: 63316      | Tgl: 07/09/2025   | Penjualan cafe strada SMS tanggal 07/09/2025
  ✅ FOUND      JV.2025.09.00187       ID: 63535      | Tgl: 08/09/2025   | Uang masuk penjualan cafe strada SMS tanggal 07/09/2025
  ✅ FOUND      JV.2025.09.00356       ID: 63713      | Tgl: 08/09/2025   | Penjualan cafe strada MKG tanggal 08/09/2025
  ✅ FOUND      JV.2025.09.00363       ID: 63343      | Tgl: 09/09/2025   | Uang masuk penjualan cafe strada MKG tanggal 08/09/2025
  ✅ FOUND      JV.2025.09.00370       ID: 63717      | Tgl: 08/09/2025   | Penjualan cafe strada SMS tanggal 08/09/2025
  ✅ FOUND      JV.2025.09.00377       ID: 63439      | Tgl: 09/09/2025   | Uang masuk penjualan cafe strada SMS tanggal 08/09/2025
  ✅ FOUND      JV.2025.09.00357       ID: 63758      | Tgl: 09/09/2025   | Penjualan cafe strada MKG tanggal 09/09/2025
  ✅ FOUND      JV.2025.09.00364       ID: 63760      | Tgl: 10/09/2025   | Uang masuk penjualan cafe strada MKG tanggal 09/09/2025
  ✅ FOUND      JV.2025.09.00371       ID: 63383      | Tgl: 09/09/2025   | Penjualan cafe strada SMS tanggal 09/09/2025
  ✅ FOUND      JV.2025.09.00378       ID: 63676      | Tgl: 10/09/2025   | Uang masuk penjualan cafe strada SMS tanggal 09/09/2025
  ✅ FOUND      JV.2025.09.00358       ID: 63435      | Tgl: 10/09/2025   | Penjualan cafe strada MKG tanggal 10/09/2025
  ✅ FOUND      JV.2025.09.00365       ID: 63808      | Tgl: 11/09/2025   | Uang masuk penjualan cafe strada MKG tanggal 10/09/2025
  ✅ FOUND      JV.2025.09.00372       ID: 63675      | Tgl: 10/09/2025   | Penjualan cafe strada SMS tanggal 10/09/2025
  ✅ FOUND      JV.2025.09.00379       ID: 63809      | Tgl: 11/09/2025   | Uang masuk penjualan cafe strada SMS tanggal 10/09/2025
  ✅ FOUND      JV.2025.09.00359       ID: 63759      | Tgl: 11/09/2025   | Penjualan cafe strada MKG tanggal 11/09/2025
  ✅ FOUND      JV.2025.09.00366       ID: 63761      | Tgl: 12/09/2025   | Uang masuk penjualan cafe strada MKG tanggal 11/09/2025
  ✅ FOUND      JV.2025.09.00373       ID: 63718      | Tgl: 11/09/2025   | Penjualan cafe strada SMS tanggal 11/09/2025
  ✅ FOUND      JV.2025.09.00380       ID: 63810      | Tgl: 12/09/2025   | Uang masuk penjualan cafe strada SMS tanggal 11/09/2025
  ✅ FOUND      JV.2025.09.00360       ID: 63674      | Tgl: 12/09/2025   | Penjualan cafe strada MKG tanggal 12/09/2025
  ✅ FOUND      JV.2025.09.00367       ID: 63714      | Tgl: 13/09/2025   | Uang masuk penjualan cafe strada MKG tanggal 12/09/2025
  ✅ FOUND      JV.2025.09.00374       ID: 63438      | Tgl: 12/09/2025   | Penjualan cafe strada SMS tanggal 12/09/2025
  ✅ FOUND      JV.2025.09.00381       ID: 63677      | Tgl: 13/09/2025   | Uang masuk penjualan cafe strada SMS tanggal 12/09/2025
  ✅ FOUND      JV.2025.09.00361       ID: 63436      | Tgl: 13/09/2025   | Penjualan cafe strada MKG tanggal 13/09/2025
  ✅ FOUND      JV.2025.09.00368       ID: 63715      | Tgl: 14/09/2025   | Uang masuk penjualan cafe strada MKG tanggal 13/09/2025
  ✅ FOUND      JV.2025.09.01273       ID: 65891      | Tgl: 14/09/2025   | Uang masuk penjualan cafe strada SMS tanggal 13/09/2025
  ✅ FOUND      JV.2025.09.00362       ID: 63437      | Tgl: 14/09/2025   | Penjualan cafe strada MKG tanggal 14/09/2025
  ✅ FOUND      JV.2025.09.00369       ID: 63716      | Tgl: 15/09/2025   | Uang masuk penjualan cafe strada MKG tanggal 14/09/2025
  ✅ FOUND      JV.2025.09.00376       ID: 63344      | Tgl: 14/09/2025   | Penjualan cafe strada SMS tanggal 14/09/2025
  ✅ FOUND      JV.2025.09.00382       ID: 63762      | Tgl: 15/09/2025   | Uang masuk penjualan cafe strada SMS tanggal 14/09/2025
  ✅ FOUND      JV.2025.09.00619       ID: 64360      | Tgl: 15/09/2025   | Penjualan cafe strada MKG tanggal 15/09/2025
  ✅ FOUND      JV.2025.09.00620       ID: 64307      | Tgl: 16/09/2025   | Uang masuk penjualan cafe strada MKG tanggal 15/09/2025
  ✅ FOUND      JV.2025.09.00631       ID: 64361      | Tgl: 15/09/2025   | Penjualan cafe strada SMS tanggal 15/09/2025
  ✅ FOUND      JV.2025.09.00632       ID: 64260      | Tgl: 16/09/2025   | Uang masuk penjualan cafe strada SMS tanggal 15/09/2025
  ✅ FOUND      JV.2025.09.00621       ID: 64406      | Tgl: 16/09/2025   | Penjualan cafe strada MKG tanggal 16/09/2025
  ✅ FOUND      JV.2025.09.00622       ID: 64451      | Tgl: 17/09/2025   | Uang masuk Penjualan cafe strada MKG tanggal 16/09/2025
  ✅ FOUND      JV.2025.09.00633       ID: 64261      | Tgl: 16/09/2025   | Penjualan cafe strada SMS tanggal 16/09/2025
  ✅ FOUND      JV.2025.09.00634       ID: 64262      | Tgl: 17/09/2025   | Uang masuk penjualan cafe strada SMS tanggal 16/09/2025
  ✅ FOUND      JV.2025.09.00623       ID: 64258      | Tgl: 17/09/2025   | Penjualan cafe strada MKG tanggal 17/09/2025
  ✅ FOUND      JV.2025.09.00624       ID: 64452      | Tgl: 18/09/2025   | Uang masuk Penjualan cafe strada MKG tanggal 17/09/2025
  ✅ FOUND      JV.2025.09.00635       ID: 64362      | Tgl: 17/09/2025   | Penjualan cafe strada SMS tanggal 17/09/2025
  ✅ FOUND      JV.2025.09.00636       ID: 64503      | Tgl: 18/09/2025   | Uang masuk penjualan cafe strada SMS tanggal 17/09/2025
  ✅ FOUND      JV.2025.09.00625       ID: 64501      | Tgl: 18/09/2025   | Penjualan cafe strada MKG tanggal 18/09/2025
  ✅ FOUND      JV.2025.09.00626       ID: 64259      | Tgl: 19/09/2025   | Uang masuk Penjualan cafe strada MKG tanggal 18/09/2025
  ✅ FOUND      JV.2025.09.00637       ID: 64308      | Tgl: 18/09/2025   | Penjualan cafe strada SMS tanggal 18/09/2025
  ✅ FOUND      JV.2025.09.00638       ID: 64309      | Tgl: 19/09/2025   | Uang masuk penjualan cafe strada SMS tanggal 18/09/2025
  ✅ FOUND      JV.2025.09.00627       ID: 64502      | Tgl: 19/09/2025   | Penjualan cafe strada MKG tanggal 19/09/2025
  ✅ FOUND      JV.2025.09.00628       ID: 64407      | Tgl: 20/09/2025   | Uang masuk penjualan cafe strada MKG tanggal 19/09/2025
  ✅ FOUND      JV.2025.09.00639       ID: 64206      | Tgl: 19/09/2025   | Penjualan cafe strada SMS tanggal 19/09/2025
  ✅ FOUND      JV.2025.09.00618       ID: 64204      | Tgl: 20/09/2025   | Uang masuk OVO penjualan cafe strada SMS tanggal 19/09/2025
  ✅ FOUND      JV.2025.09.00640       ID: 64263      | Tgl: 20/09/2025   | Uang masuk penjualan cafe strada SMS tanggal 19/09/2025
  ✅ FOUND      JV.2025.09.00629       ID: 64205      | Tgl: 20/09/2025   | Penjualan cafe strada MKG tanggal 20/09/2025
  ✅ FOUND      JV.2025.09.00630       ID: 64408      | Tgl: 21/09/2025   | Uang masuk penjualan cafe strada MKG tanggal 20/09/2025
  ✅ FOUND      JV.2025.09.00641       ID: 64207      | Tgl: 20/09/2025   | Penjualan cafe strada SMS tanggal 20/09/2025
  ✅ FOUND      JV.2025.09.00642       ID: 64363      | Tgl: 21/09/2025   | Uang masuk penjualan cafe strada SMS tanggal 20/09/2025
  ✅ FOUND      JV.2025.09.01226       ID: 65872      | Tgl: 21/09/2025   | Penjualan cafe strada MKG tanggal 21/09/2025
  ✅ FOUND      JV.2025.09.01252       ID: 65886      | Tgl: 22/09/2025   | Uang masuk penjualan cafe strada MKG tanggal 21/09/2025
  ✅ FOUND      JV.2025.09.01263       ID: 65781      | Tgl: 21/09/2025   | Penjualan cafe strada SMS tanggal 21/09/2025
  ✅ FOUND      JV.2025.09.01261       ID: 65847      | Tgl: 22/09/2025   | Uang masuk penjualan cafe strada SMS tanggal 21/09/2025
  ✅ FOUND      JV.2025.09.01251       ID: 65688      | Tgl: 23/09/2025   | Uang masuk penjualan cafe strada MKG tanggal 22/09/2025
  ✅ FOUND      JV.2025.09.01264       ID: 65596      | Tgl: 22/09/2025   | Penjualan cafe strada SMS tanggal 22/09/2025
  ✅ FOUND      JV.2025.09.01260       ID: 65846      | Tgl: 23/09/2025   | Uang masuk penjualan cafe strada SMS tanggal 22/09/2025
  ✅ FOUND      JV.2025.09.01250       ID: 65928      | Tgl: 24/09/2025   | Uang masuk penjualan cafe strada MKG tanggal 23/09/2025
  ✅ FOUND      JV.2025.09.01265       ID: 65690      | Tgl: 23/09/2025   | Penjualan cafe strada SMS tanggal 23/09/2025
  ✅ FOUND      JV.2025.09.01259       ID: 65967      | Tgl: 24/09/2025   | Uang masuk penjualan cafe strada SMS tanggal 23/09/2025
  ✅ FOUND      JV.2025.09.01227       ID: 65961      | Tgl: 24/09/2025   | Penjualan cafe strada MKG tanggal 24/09/2025
  ✅ FOUND      JV.2025.09.01249       ID: 65885      | Tgl: 25/09/2025   | Uang masuk penjualan cafe strada MKG tanggal 24/09/2025
  ✅ FOUND      JV.2025.09.01266       ID: 65782      | Tgl: 24/09/2025   | Penjualan cafe strada SMS tanggal 24/09/2025
  ✅ FOUND      JV.2025.09.01258       ID: 65932      | Tgl: 25/09/2025   | Uang masuk penjualan cafe strada SMS tanggal 24/09/2025
  ✅ FOUND      JV.2025.09.01228       ID: 65873      | Tgl: 25/09/2025   | Penjualan cafe strada MKG tanggal 25/09/2025
  ✅ FOUND      JV.2025.09.01248       ID: 65779      | Tgl: 26/09/2025   | Uang masuk penjualan cafe strada MKG tanggal 25/09/2025
  ✅ FOUND      JV.2025.09.01267       ID: 65597      | Tgl: 25/09/2025   | Penjualan cafe strada SMS tanggal 25/09/2025
  ✅ FOUND      JV.2025.09.01257       ID: 65845      | Tgl: 26/09/2025   | Uang masuk penjualan cafe strada SMS tanggal 25/09/2025
  ✅ FOUND      JV.2025.09.01247       ID: 65839      | Tgl: 27/09/2025   | Uang masuk penjualan cafe strada MKG tanggal 26/0/2025
  ✅ FOUND      JV.2025.09.01229       ID: 65874      | Tgl: 26/09/2025   | Penjualan cafe strada MKG tanggal 26/09/2025
  ✅ FOUND      JV.2025.09.01268       ID: 65935      | Tgl: 26/09/2025   | Penjualan cafe strada SMS tanggal 26/09/2025
  ✅ FOUND      JV.2025.09.01256       ID: 65595      | Tgl: 27/09/2025   | Uang masuk penjualan cafe strada SMS tanggal 26/09/2025
  ✅ FOUND      JV.2025.09.01230       ID: 65678      | Tgl: 27/09/2025   | Penjualan cafe strada MKG tanggal 27/09/2025
  ✅ FOUND      JV.2025.09.01245       ID: 65883      | Tgl: 28/09/2025   | Uang masuk penjualan cafe strada MKG tanggal 27/09/2025
  ✅ FOUND      JV.2025.09.01269       ID: 65936      | Tgl: 27/09/2025   | Penjualan cafe strada SMS tanggal 27/09/2025
  ✅ FOUND      JV.2025.09.01255       ID: 65594      | Tgl: 28/09/2025   | Uang masuk penjualan cafe strada SMS tanggal 27/09/2025
  ✅ FOUND      JV.2025.09.01232       ID: 65828      | Tgl: 28/09/2025   | Penjualan cafe strada MKG tanggal 28/09/2025
  ✅ FOUND      JV.2025.09.01244       ID: 65927      | Tgl: 29/09/2025   | Uang masuk penjualan strada cafe MKG tanggal 28/09/2025
  ✅ FOUND      JV.2025.09.01270       ID: 65783      | Tgl: 28/09/2025   | Penjualan cafe strada SMS tanggal 28/09/2025
  ✅ FOUND      JV.2025.09.01254       ID: 65844      | Tgl: 29/09/2025   | Uang masuk penjualan cafe strada SMS tanggal 28/09/2025
  ✅ FOUND      JV.2025.09.01233       ID: 65680      | Tgl: 29/09/2025   | Penjualan cafe strada MKG tanggal 29/09/2025
  ✅ FOUND      JV.2025.09.01243       ID: 65687      | Tgl: 30/09/2025   | Uang masuk penjualan strada cafe MKG tanggal 29/09/2025
  ✅ FOUND      JV.2025.09.01271       ID: 65889      | Tgl: 29/09/2025   | Penjualan cafe strada SMS tanggal 29/09/2025
  ✅ FOUND      JV.2025.09.01253       ID: 65593      | Tgl: 30/09/2025   | Uang masuk penjualan cafe strada SMS tanggal 29/09/2025
  ✅ FOUND      JV.2025.09.01234       ID: 65829      | Tgl: 30/09/2025   | Penjualan cafe strada MKG tanggal 30/09/2025
  ✅ FOUND      JV.2025.10.00311       ID: 65926      | Tgl: 01/10/2025   | Uang masuk penjualan cafe strada MKG tanggal 30/09/2025
  ✅ FOUND      JV.2025.10.00323       ID: 65691      | Tgl: 01/10/2025   | Penjualan cafe strada SMS tanggal 30/09/2025
  ✅ FOUND      JV.2025.10.00322       ID: 65966      | Tgl: 01/10/2025   | Uang masuk penjualan cafe strada SMS tanggal 30/09/2025
  ✅ FOUND      JV.2025.10.00282       ID: 65875      | Tgl: 01/10/2025   | Penjualan cafe strada MKG tanggal 01/10/2025
  ✅ FOUND      JV.2025.10.00309       ID: 65925      | Tgl: 02/10/2025   | Uang masuk penjualan cafe strada MKG tanggal 01/10/2025
  ✅ FOUND      JV.2025.10.01118       ID: 70066      | Tgl: 01/10/2025   | Penjualan cafe strada SMS tanggal 01/10/2025
  ✅ FOUND      JV.2025.10.00321       ID: 65843      | Tgl: 02/10/2025   | Uang masuk penjualan cafe strada SMS tanggal 01/10/2025
  ✅ FOUND      JV.2025.10.00283       ID: 65681      | Tgl: 02/10/2025   | Penjualan cafe strada MKG tanggal 02/10/2025
  ✅ FOUND      JV.2025.10.00308       ID: 65965      | Tgl: 03/10/2025   | Uang masuk penjualan cafe strada MKG tanggal 02/10/2025
  ✅ FOUND      JV.2025.10.01138       ID: 71065      | Tgl: 02/10/2025   | Penjualan cafe strada SMS tanggal 02/10/2025
  ✅ FOUND      JV.2025.10.01119       ID: 70155      | Tgl: 02/10/2025   | Penjualan cafe strada SMS tanggal 02/10/2025
  ✅ FOUND      JV.2025.10.00320       ID: 65931      | Tgl: 03/10/2025   | Uang masuk penjualan cafe strada SMS tanggal 02/10/2025
  ✅ FOUND      JV.2025.10.00284       ID: 65830      | Tgl: 03/10/2025   | Penjualan cafe strada MKG tanggal 03/10/2025
  ✅ FOUND      JV.2025.10.00307       ID: 65924      | Tgl: 04/10/2025   | Uang masuk penjualan cafe strada MKG tanggal 03/10/2025
  ✅ FOUND      JV.2025.10.01139       ID: 70970      | Tgl: 03/10/2025   | Penjualan cafe strada SMS tanggal 03/10/2025
  ✅ FOUND      JV.2025.10.01120       ID: 69748      | Tgl: 03/10/2025   | Penjualan cafe strada SMS tanggal 03/10/2025
  ✅ FOUND      JV.2025.10.00319       ID: 65842      | Tgl: 04/10/2025   | Uang masuk penjualan cafe strada SMS tanggal 03/10/2025
  ✅ FOUND      JV.2025.10.00285       ID: 65918      | Tgl: 04/10/2025   | Penjualan cafe strada MKG tanggal 04/10/2025
  ✅ FOUND      JV.2025.10.00306       ID: 65591      | Tgl: 05/10/2025   | Uang masuk penjualan cafe strada MKG tanggal 04/10/2025
  ✅ FOUND      JV.2025.10.01140       ID: 71028      | Tgl: 04/10/2025   | Penjualan cafe strada SMS tanggal 04/10/2025
  ✅ FOUND      JV.2025.10.01121       ID: 69749      | Tgl: 04/10/2025   | Penjualan cafe strada SMS tanggal 04/10/2025
  ✅ FOUND      JV.2025.10.00318       ID: 65689      | Tgl: 05/10/2025   | Uang masuk penjualan cafe strada SMS tanggal 04/10/2025
  ✅ FOUND      JV.2025.10.00286       ID: 65831      | Tgl: 05/10/2025   | Penjualan cafe strada MKG tanggal 05/10/2025
  ✅ FOUND      JV.2025.10.00305       ID: 65964      | Tgl: 06/10/2025   | Uang masuk penjualan cafe strada MKG tanggal 05/10/2025
  ✅ FOUND      JV.2025.10.01141       ID: 70971      | Tgl: 05/10/2025   | Penjualan cafe strada SMS tanggal 05/10/2025
  ✅ FOUND      JV.2025.10.01122       ID: 69980      | Tgl: 05/10/2025   | Penjualan cafe strada SMS tanggal 05/10/2025
  ✅ FOUND      JV.2025.10.00317       ID: 65592      | Tgl: 06/10/2025   | Uang masuk penjualan cafe strada SMS tanggal 05/10/2025
  ✅ FOUND      JV.2025.10.00287       ID: 65832      | Tgl: 06/10/2025   | Penjualan cafe strada MKG tanggal 06/10/2025
  ✅ FOUND      JV.2025.10.00304       ID: 65881      | Tgl: 07/10/2025   | Uang masuk penjualan cafe strada MKG tanggal 06/10/2025
  ✅ FOUND      JV.2025.10.01142       ID: 71066      | Tgl: 06/10/2025   | Penjualan cafe strada SMS tanggal 06/10/2025
  ✅ FOUND      JV.2025.10.01123       ID: 70114      | Tgl: 06/10/2025   | Penjualan cafe strada SMS tanggal 06/10/2025
  ✅ FOUND      JV.2025.10.00316       ID: 65930      | Tgl: 07/10/2025   | Uang masuk penjualan cafe strada SMS tanggal 06/10/2025
  ✅ FOUND      JV.2025.10.00288       ID: 65590      | Tgl: 07/10/2025   | Penjualan cafe strada MKG tanggal 07/10/2025
  ✅ FOUND      JV.2025.10.00302       ID: 65838      | Tgl: 08/10/2025   | Uang masuk penjualan cafe strada MKG tanggal 07/10/2025
  ✅ FOUND      JV.2025.10.01143       ID: 71029      | Tgl: 07/10/2025   | Penjualan cafe strada SMS tanggal 07/10/2025
  ✅ FOUND      JV.2025.10.01124       ID: 70115      | Tgl: 07/10/2025   | Penjualan cafe strada SMS tanggal 07/10/2025
  ✅ FOUND      JV.2025.10.00315       ID: 65841      | Tgl: 08/10/2025   | Uang masuk penjualan cafe strada SMS tanggal 07/10/2025
  ✅ FOUND      JV.2025.10.00289       ID: 65833      | Tgl: 08/10/2025   | Penjualan cafe strada MKG tanggal 08/10/2025
  ✅ FOUND      JV.2025.10.00300       ID: 65685      | Tgl: 09/10/2025   | Uang masuk penjualan cafe strada MKG tanggal 08/10/2025
  ✅ FOUND      JV.2025.10.01144       ID: 71030      | Tgl: 08/10/2025   | Penjualan cafe strada SMS tanggal 08/10/2025
  ✅ FOUND      JV.2025.10.01125       ID: 70067      | Tgl: 08/10/2025   | Penjualan cafe strada SMS tanggal 08/10/2025
  ✅ FOUND      JV.2025.10.00314       ID: 65840      | Tgl: 09/10/2025   | Uang masuk penjualan cafe strada SMS tanggal 08/10/2025
  ✅ FOUND      JV.2025.10.00290       ID: 65919      | Tgl: 09/10/2025   | Penjualan cafe strada MKG tanggal 09/10/2025
  ✅ FOUND      JV.2025.10.00298       ID: 65922      | Tgl: 10/10/2025   | Uang masuk penjualan cafe strada MKG tanggal 09/10/2025
  ✅ FOUND      JV.2025.10.01145       ID: 71159      | Tgl: 09/10/2025   | Penjualan cafe strada SMS tanggal 09/10/2025
  ✅ FOUND      JV.2025.10.01126       ID: 70019      | Tgl: 09/10/2025   | Penjualan cafe strada SMS tanggal 09/10/2025
  ✅ FOUND      JV.2025.10.00313       ID: 65780      | Tgl: 10/10/2025   | Uang masuk penjualan cafe strada SMS tanggal 09/10/2025
  ✅ FOUND      JV.2025.10.00291       ID: 65962      | Tgl: 10/10/2025   | Penjualan cafe strada MKG tanggal 10/10/2025
  ✅ FOUND      JV.2025.10.00296       ID: 65880      | Tgl: 11/10/2025   | Uang masuk penjualan cafe strada MKG tanggal 10/10/2025
  ✅ FOUND      JV.2025.10.01146       ID: 71067      | Tgl: 10/10/2025   | Penjualan cafe strada SMS tanggal 10/10/2025
  ✅ FOUND      JV.2025.10.00312       ID: 65929      | Tgl: 11/10/2025   | Uang masuk penjualan cafe strada SMS tanggal 10/10/2025
  ✅ FOUND      JV.2025.10.01098       ID: 69897      | Tgl: 11/10/2025   | Penjualan cafe strada MKG tanggal 11/10/2025
  ✅ FOUND      JV.2025.10.01196       ID: 72527      | Tgl: 12/10/2025   | Uang masuk penjualan cafe strada MKG tanggal 11/10/2025
  ✅ FOUND      JV.2025.10.01147       ID: 71068      | Tgl: 11/10/2025   | Penjualan cafe strada SMS tanggal 11/10/2025
  ✅ FOUND      JV.2025.10.01171       ID: 72521      | Tgl: 12/10/2025   | Uang masuk penjualan cafe strada SMS tanggal 11/10/2025
  ✅ FOUND      JV.2025.10.01099       ID: 70100      | Tgl: 12/10/2025   | Penjualan cafe strada MKG tanggal 12/10/2025
  ✅ FOUND      JV.2025.10.01197       ID: 72800      | Tgl: 13/10/2025   | Uang masuk penjualan cafe strada MKG tanggal 12/10/2025
  ✅ FOUND      JV.2025.10.01148       ID: 71031      | Tgl: 12/10/2025   | Penjualan cafe strada SMS tanggal 12/10/2025
  ✅ FOUND      JV.2025.10.01172       ID: 72522      | Tgl: 13/10/2025   | Uang masuk penjualan cafe strada SMS tanggal 12/10/2025
  ✅ FOUND      JV.2025.10.01100       ID: 69741      | Tgl: 13/10/2025   | Penjualan cafe strada MKG tanggal 13/10/2025
  ✅ FOUND      JV.2025.10.01198       ID: 72755      | Tgl: 14/10/2025   | Uang masuk penjualan cafe strada MKG tanggal 13/10/2025
  ✅ FOUND      JV.2025.10.01149       ID: 70972      | Tgl: 13/10/2025   | Penjualan cafe strada SMS tanggal 13/10/2025
  ✅ FOUND      JV.2025.10.01173       ID: 72647      | Tgl: 14/10/2025   | Uang masuk penjualan cafe strada SMS tanggal 13/10/2025
  ✅ FOUND      JV.2025.11.00439       ID: 69969      | Tgl: 14/10/2025   | Penjualan cafe strada MKG tanggal 14/10/2025
  ✅ FOUND      JV.2025.10.01199       ID: 72706      | Tgl: 15/10/2025   | Uang masuk penjualan cafe strada MKG tanggal 14/10/2025
  ✅ FOUND      JV.2025.10.01150       ID: 71069      | Tgl: 14/10/2025   | Penjualan cafe strada SMS tanggal 14/10/2025
  ✅ FOUND      JV.2025.10.01174       ID: 72662      | Tgl: 15/10/2025   | Uang masuk penjualan cafe strada SMS tanggal 14/10/2025
  ✅ FOUND      JV.2025.10.01101       ID: 70061      | Tgl: 15/10/2025   | Penjualan cafe strada MKG tanggal 15/10/2025
  ✅ FOUND      JV.2025.10.01200       ID: 72801      | Tgl: 16/10/2025   | Uang masuk penjualan cafe strada MKG tanggal 15/10/2025
  ✅ FOUND      JV.2025.10.01151       ID: 70973      | Tgl: 15/10/2025   | Penjualan cafe strada SMS tanggal 15/10/2025
  ✅ FOUND      JV.2025.10.01175       ID: 72663      | Tgl: 16/10/2025   | Uang masuk penjualan cafe strada SMS tanggal 15/10/2025
  ✅ FOUND      JV.2025.10.01102       ID: 70101      | Tgl: 16/10/2025   | Penjualan cafe strada MKG tanggal 16/10/2025
  ✅ FOUND      JV.2025.10.01201       ID: 72756      | Tgl: 17/10/2025   | Uang masuk penjualan cafe strada MKG tanggal 16/10/2025
  ✅ FOUND      JV.2025.10.01152       ID: 71070      | Tgl: 16/10/2025   | Penjualan cafe strada SMS tanggal 16/10/2025
  ✅ FOUND      JV.2024.10.00951       ID: 72495      | Tgl: 17/10/2025   | Uang masuk penjualan cafe strada SMS tanggal 16/10/2025
  ✅ FOUND      JV.2025.10.01103       ID: 69742      | Tgl: 17/10/2025   | Penjualan cafe strada MKG tanggal 17/10/2025
  ✅ FOUND      JV.2025.10.01202       ID: 72802      | Tgl: 18/10/2025   | Uang masuk penjualan cafe strada MKG tanggal 17/10/2025
  ✅ FOUND      JV.2025.10.01153       ID: 70974      | Tgl: 17/10/2025   | Penjualan cafe strada SMS tanggal 17/10/2025
  ✅ FOUND      JV.2025.10.01176       ID: 72496      | Tgl: 18/10/2025   | Uang masuk penjualan cafe strada SMS tanggal 17/10/2025
  ✅ FOUND      JV.2025.10.01104       ID: 69970      | Tgl: 18/10/2025   | Penjualan cafe strada MKG tanggal 18/10/2025
  ✅ FOUND      JV.2025.10.01203       ID: 72803      | Tgl: 19/10/2025   | Uang masuk penjualan cafe strada MKG tanggal 18/10/2025
  ✅ FOUND      JV.2025.10.01154       ID: 70975      | Tgl: 18/10/2025   | Penjualan cafe strada SMS tanggal 18/10/2025
  ✅ FOUND      JV.2025.10.01177       ID: 72664      | Tgl: 19/10/2025   | Uang masuk penjualan cafe strada SMS tanggal 18/10/2025
  ✅ FOUND      JV.2025.10.01105       ID: 69743      | Tgl: 19/10/2025   | Penjualan cafe strada MKG tanggal 19/10/2025
  ✅ FOUND      JV.2025.10.01204       ID: 72708      | Tgl: 20/10/2025   | Uang masuk penjualan cafe strada MKG tanggal 19/10/2025
  ✅ FOUND      JV.2025.10.01155       ID: 71160      | Tgl: 19/10/2025   | Penjualan cafe strada SMS tanggal 19/10/2025
  ✅ FOUND      JV.2025.10.01178       ID: 72497      | Tgl: 20/10/2025   | Uang masuk penjualan cafe strada SMS tanggal 19/10/2025
  ✅ FOUND      JV.2025.10.01106       ID: 70102      | Tgl: 20/10/2025   | Penjualan cafe strada MKG tanggal 20/10/2025
  ✅ FOUND      JV.2025.10.01205       ID: 72529      | Tgl: 21/10/2025   | Uang masuk penjualan cafe strada MKG tanggal 20/10/2025
  ✅ FOUND      JV.2025.10.01156       ID: 71071      | Tgl: 20/10/2025   | Penjualan cafe strada SMS tanggal 20/10/2025
  ✅ FOUND      JV.2025.10.01107       ID: 69928      | Tgl: 21/10/2025   | Penjualan cafe strada MKG tanggal 21/10/2025
  ✅ FOUND      JV.2025.10.01206       ID: 72709      | Tgl: 22/10/2025   | Uang masuk penjualan cafe strada MKG tanggal 21/10/2025
  ✅ FOUND      JV.2025.10.01157       ID: 71105      | Tgl: 21/10/2025   | Penjualan cafe strada SMS tanggal 21/10/2025
  ✅ FOUND      JV.2025.10.01180       ID: 72499      | Tgl: 22/10/2025   | Uang masuk penjualan cafe strada SMS tanggal 21/10/2025
  ✅ FOUND      JV.2025.10.00280       ID: 65959      | Tgl: 22/09/2025   | Penjualan cafe strada MKG tanggal 22/10/2025
  ✅ FOUND      JV.2025.10.01108       ID: 69898      | Tgl: 22/10/2025   | Penjualan cafe strada MKG tanggal 22/10/2025
  ✅ FOUND      JV.2025.10.01207       ID: 72757      | Tgl: 23/10/2025   | Uang masuk penjualan cafe strada MKG tanggal 22/10/2025
  ✅ FOUND      JV.2025.10.01158       ID: 71072      | Tgl: 22/10/2025   | Penjualan cafe strada SMS tanggal 22/10/2025
  ✅ FOUND      JV.2025.10.01181       ID: 72590      | Tgl: 23/10/2025   | Uang masuk penjualan cafe strada SMS tanggal 22/10/2025
  ✅ FOUND      JV.2025.10.00281       ID: 65960      | Tgl: 23/09/2025   | Penjualan cafe strada MKG tanggal 23/10/2025
  ✅ FOUND      JV.2025.10.01109       ID: 70103      | Tgl: 23/10/2025   | Penjualan cafe strada MKG tanggal 23/10/2025
  ✅ FOUND      JV.2025.10.01208       ID: 72758      | Tgl: 24/10/2025   | Uang masuk penjualan cafe strada MKG tanggal 23/10/2025
  ✅ FOUND      JV.2025.10.01159       ID: 71161      | Tgl: 23/10/2025   | Penjualan cafe strada SMS tanggal 23/10/2025
  ✅ FOUND      JV.2025.10.01182       ID: 72648      | Tgl: 24/10/2025   | Uang masuk penjualan cafe strada SMS tanggal 23/10/2025
  ✅ FOUND      JV.2025.10.01110       ID: 70104      | Tgl: 24/10/2025   | Penjualan cafe strada MKG tanggal 24/10/2025
  ✅ FOUND      JV.2025.10.01209       ID: 72805      | Tgl: 25/10/2025   | Uang masuk penjualan cafe strada MKG tanggal 24/10/2025
  ✅ FOUND      JV.2025.10.01160       ID: 71106      | Tgl: 24/10/2025   | Penjualan cafe strada SMS tanggal 24/10/2025
  ✅ FOUND      JV.2025.10.01183       ID: 72700      | Tgl: 25/10/2025   | Uang masuk penjualan cafe strada SMS tanggal 24/10/2025
  ✅ FOUND      JV.2025.10.01111       ID: 69899      | Tgl: 25/10/2025   | Penjualan cafe strada MKG tanggal 25/10/2025
  ✅ FOUND      JV.2025.10.01210       ID: 72806      | Tgl: 26/10/2025   | Uang masuk penjualan cafe strada MKG tanggal 25/10/2025
  ✅ FOUND      JV.2025.10.01161       ID: 71032      | Tgl: 25/10/2025   | Penjualan cafe strada SMS tanggal 25/10/2025
  ✅ FOUND      JV.2025.11.00829       ID: 72591      | Tgl: 26/10/2025   | Uang masuk penjualan cafe strada SMS tanggal 25/10/2025
  ✅ FOUND      JV.2025.10.01112       ID: 69971      | Tgl: 26/10/2025   | Penjualan cafe strada MKG tanggal 26/10/2025
  ✅ FOUND      JV.2025.10.01211       ID: 72807      | Tgl: 27/10/2025   | Uang masuk penjualan cafe strada MKG tanggal 26/10/2025
  ✅ FOUND      JV.2025.10.01162       ID: 71162      | Tgl: 26/10/2025   | Penjualan cafe strada SMS tanggal 26/10/2025
  ✅ FOUND      JV.2025.10.01184       ID: 72649      | Tgl: 27/10/2025   | Uang masuk penjualan cafe strada SMS tanggal 26/10/2025
  ✅ FOUND      JV.2025.10.01113       ID: 70062      | Tgl: 27/10/2025   | Penjualan cafe strada MKG tanggal 27/10/2025
  ✅ FOUND      JV.2025.10.01212       ID: 72530      | Tgl: 28/10/2025   | Uang masuk penjualan cafe strada MKG tanggal 27/10/2025
  ✅ FOUND      JV.2025.10.01163       ID: 70976      | Tgl: 27/10/2025   | Penjualan cafe strada SMS tanggal 27/10/2025
  ✅ FOUND      JV.2025.10.01185       ID: 72750      | Tgl: 28/10/2025   | Uang masuk penjualan cafe strada SMS tanggal 27/10/2025
  ✅ FOUND      JV.2025.10.01114       ID: 70105      | Tgl: 28/10/2025   | Penjualan cafe strada MKG tanggal 28/10/2025
  ✅ FOUND      JV.2025.10.01213       ID: 72531      | Tgl: 29/10/2025   | Uang masuk penjualan cafe strada MKG tanggal 28/10/2025
  ✅ FOUND      JV.2025.10.01164       ID: 71163      | Tgl: 28/10/2025   | Penjualan cafe strada SMS tanggal 28/10/2025
  ✅ FOUND      JV.2025.10.01186       ID: 72592      | Tgl: 29/10/2025   | Uang masuk penjualan cafe strada SMS tanggal 28/10/2025
  ✅ FOUND      JV.2025.10.01115       ID: 70106      | Tgl: 29/10/2025   | Penjualan cafe strada MKG tanggal 29/10/2025
  ✅ FOUND      JV.2025.10.01214       ID: 72710      | Tgl: 30/10/2025   | Uang masuk penjualan cafe strada MKG tanggal 29/10/2025
  ✅ FOUND      JV.2025.10.01165       ID: 70977      | Tgl: 29/10/2025   | Penjualan cafe strada SMS tanggal 29/10/2025
  ✅ FOUND      JV.2025.10.01187       ID: 72665      | Tgl: 30/10/2025   | Uang masuk penjualan cafe strada SMS tanggal 29/10/2025
  ✅ FOUND      JV.2025.10.01116       ID: 70150      | Tgl: 30/10/2025   | Penjualan cafe strada MKG tanggal 30/10/2025
  ✅ FOUND      JV.2025.10.01215       ID: 72808      | Tgl: 31/10/2025   | Uang masuk penjualan cafe strada MKG tanggal 30/10/2025
  ✅ FOUND      JV.2025.10.01166       ID: 71164      | Tgl: 30/10/2025   | Penjualan cafe strada SMS tanggal 30/10/2025
  ✅ FOUND      JV.2025.10.01188       ID: 72593      | Tgl: 31/10/2025   | Uang masuk penjualan cafe strada SMS tanggal 30/10/2025
  ✅ FOUND      JV.2025.11.00874       ID: 72767      | Tgl: 01/11/2025   | Uang masuk penjualan cafe strada MKG tanggal 31/10/20025
  ✅ FOUND      JV.2025.10.01117       ID: 69972      | Tgl: 31/10/2025   | Penjualan cafe strada MKG tanggal 31/10/2025
  ✅ FOUND      JV.2025.10.01167       ID: 71033      | Tgl: 31/10/2025   | Penjualan cafe strada SMS tanggal 31/10/2025
  ✅ FOUND      JV.2025.11.00842       ID: 72754      | Tgl: 01/11/2025   | Uang masuk penjualan cafe strada SMS tanggal 31/10/2025
  ✅ FOUND      JV.2025.11.00440       ID: 69929      | Tgl: 01/11/2025   | Penjualan cafe strada MKG tanggal 01/11/2025
  ✅ FOUND      JV.2025.11.00844       ID: 72761      | Tgl: 02/11/2025   | Uang masuk penjualan cafe strada MKG tanggal 01/11/2025
  ✅ FOUND      JV.2025.11.00680       ID: 71034      | Tgl: 01/11/2025   | Penjualan cafe strada SMS tanggal 01/11/2025
  ✅ FOUND      JV.2025.11.00832       ID: 72597      | Tgl: 02/11/2025   | Uang masuk penjualan cafe strada SMS tanggal 01/11/2025
  ✅ FOUND      JV.2025.11.00441       ID: 70063      | Tgl: 02/11/2025   | Penjualan cafe strada MKG tanggal 02/11/2025
  ✅ FOUND      JV.2025.11.00845       ID: 72810      | Tgl: 03/11/2025   | Uang masuk penjualan cafe strada MKG tanggal 02/11/2025
  ✅ FOUND      JV.2025.11.00681       ID: 71073      | Tgl: 02/11/2025   | Penjualan cafe strada SMS tanggal 02/11/2025
  ✅ FOUND      JV.2025.11.00833       ID: 72751      | Tgl: 03/11/2025   | Uang masuk penjualan cafe strada SMS tanggal 02/11/2025
  ✅ FOUND      JV.2025.11.00442       ID: 70107      | Tgl: 03/11/2025   | Penjualan cafe strada MKG tanggal 03/11/2025
  ✅ FOUND      JV.2025.11.00846       ID: 72762      | Tgl: 04/11/2025   | Uang masuk penjualan cafe strada MKG tanggal 03/11/2025
  ✅ FOUND      JV.2025.11.00682       ID: 71035      | Tgl: 03/11/2025   | Penjualan cafe strada SMS tanggal 03/11/2025
  ✅ FOUND      JV.2025.11.00834       ID: 72598      | Tgl: 04/11/2025   | Uang masuk penjualan cafe strada SMS tanggal 03/11/2025
  ✅ FOUND      JV.2025.11.00448       ID: 69975      | Tgl: 04/11/2025   | Penjualan cafe strada MKG tanggal 04/11/2025
  ✅ FOUND      JV.2025.11.00847       ID: 72811      | Tgl: 05/11/2025   | Uang masuk penjualan cafe strada MKG tanggal 04/11/2025
  ✅ FOUND      JV.2025.11.00683       ID: 71036      | Tgl: 04/11/2025   | Penjualan cafe strada SMS tanggal 04/11/2025
  ✅ FOUND      JV.2025.11.00835       ID: 72666      | Tgl: 05/11/2025   | Uang masuk penjualan cafe strada SMS tanggal 04/11/2025
  ✅ FOUND      JV.2025.11.00449       ID: 70065      | Tgl: 05/11/2025   | Penjualan cafe strada MKG tanggal 05/11/2025
  ✅ FOUND      JV.2025.11.00848       ID: 72812      | Tgl: 06/11/2025   | Uang masuk penjualan cafe strada MKG tanggal 05/11/2025
  ✅ FOUND      JV.2025.11.00684       ID: 71037      | Tgl: 05/11/2025   | Penjualan cafe strada SMS tanggal 05/11/2025
  ✅ FOUND      JV.2025.11.00836       ID: 72667      | Tgl: 06/11/2025   | Uang masuk penjualan cafe strada SMS tanggal 05/11/2025
  ✅ FOUND      JV.2025.11.00450       ID: 69745      | Tgl: 06/11/2025   | Penjualan cafe strada MKG tanggal 06/11/2025
  ✅ FOUND      JV.2025.11.00849       ID: 72711      | Tgl: 07/11/2025   | Uang masuk penjualan cafe strada MKG tanggal 06/11/2025
  ✅ FOUND      JV.2025.11.00685       ID: 71107      | Tgl: 06/11/2025   | Penjualan cafe strada SMS tanggal 06/11/2025
  ✅ FOUND      JV.2025.11.00837       ID: 72704      | Tgl: 07/11/2025   | Uang masuk penjualan cafe strada SMS tanggal 06/11/2025
  ✅ FOUND      JV.2025.11.00451       ID: 70108      | Tgl: 07/11/2025   | Penjualan cafe strada MKG tanggal 07/11/2025
  ✅ FOUND      JV.2025.11.00850       ID: 72813      | Tgl: 08/11/2025   | Uang masuk penjualan cafe strada MKG tanggal 07/11/2025
  ✅ FOUND      JV.2025.11.00686       ID: 70978      | Tgl: 07/11/2025   | Penjualan cafe strada SMS tanggal 07/11/2025
  ✅ FOUND      JV.2025.11.00838       ID: 72752      | Tgl: 08/11/2025   | Uang masuk penjualan cafe strada SMS tanggal 07/11/2025
  ✅ FOUND      JV.2025.11.00452       ID: 70152      | Tgl: 08/11/2025   | Penjualan cafe strada MKG tanggal 08/11/2025
  ✅ FOUND      JV.2025.11.00851       ID: 72814      | Tgl: 09/11/2025   | Uang masuk penjualan cafe strada MKG tanggal 08/11/2025
  ✅ FOUND      JV.2025.11.00687       ID: 71038      | Tgl: 08/11/2025   | Penjualan cafe strada SMS tanggal 08/11/2025
  ✅ FOUND      JV.2025.11.00839       ID: 72599      | Tgl: 09/11/2025   | Uang masuk penjualan cafe strada SMS tanggal 08/11/2025
  ✅ FOUND      JV.2025.11.00453       ID: 70109      | Tgl: 09/11/2025   | Penjualan cafe strada MKG tanggal 09/11/2025
  ✅ FOUND      JV.2025.11.00852       ID: 72815      | Tgl: 10/11/2025   | Uang masuk penjualan cafe strada MKG tanggal 09/11/2025
  ✅ FOUND      JV.2025.11.00688       ID: 71074      | Tgl: 09/11/2025   | Penjualan cafe strada SMS tanggal 09/11/2025
  ✅ FOUND      JV.2025.11.00840       ID: 72753      | Tgl: 10/11/2025   | Uang masuk penjualan cafe strada SMS tanggal 09/11/2025
  ✅ FOUND      JV.2025.11.00454       ID: 69746      | Tgl: 10/11/2025   | Penjualan cafe strada MKG tanggal 10/11/2025
  ✅ FOUND      JV.2025.11.00853       ID: 72712      | Tgl: 11/11/2025   | Uang masuk penjualan cafe strada MKG tanggal 10/11/2025
  ✅ FOUND      JV.2025.11.00689       ID: 70979      | Tgl: 10/11/2025   | Penjualan cafe strada SMS tanggal 10/11/2025
  ✅ FOUND      JV.2025.11.00841       ID: 72526      | Tgl: 11/11/2025   | Uang masuk penjualan cafe strada SMS tanggal 10/11/2025
  ✅ FOUND      JV.2025.11.00455       ID: 70153      | Tgl: 11/11/2025   | Penjualan cafe strada MKG tanggal 11/11/2025
  ✅ FOUND      JV.2025.11.00854       ID: 72532      | Tgl: 12/11/2025   | Uang masuk penjualan cafe strada MKG tanggal 11/11/2025
  ✅ FOUND      JV.2025.11.00690       ID: 71165      | Tgl: 11/11/2025   | Penjualan cafe strada SMS tanggal 11/11/2025
  ✅ FOUND      JV.2025.11.00809       ID: 72583      | Tgl: 12/11/2025   | Uang masuk penjualan cafe strada SMS tanggal 11/11/2025
  ✅ FOUND      JV.2025.11.00456       ID: 70017      | Tgl: 12/11/2025   | Penjualan cafe strada MKG tanggal 12/11/2025
  ✅ FOUND      JV.2025.11.00855       ID: 72668      | Tgl: 13/11/2025   | Uang masuk penjualan cafe strada MKG tanggal 12/11/2025
  ✅ FOUND      JV.2025.11.00691       ID: 71075      | Tgl: 12/11/2025   | Penjualan cafe strada SMS tanggal 12/11/2025
  ✅ FOUND      JV.2025.11.00810       ID: 72584      | Tgl: 13/11/2025   | Uang masuk penjualan cafe strada SMS tanggal 12/11/2025
  ✅ FOUND      JV.2025.11.00457       ID: 69747      | Tgl: 13/11/2025   | Penjualan cafe strada MKG tanggal 13/11/2025
  ✅ FOUND      JV.2025.11.00856       ID: 72816      | Tgl: 14/11/2025   | Uang masuk penjualan cafe strada MKG tanggal 13/11/2025
  ✅ FOUND      JV.2025.11.00791       ID: 72637      | Tgl: 13/11/2025   | Penjualan cafe strada SMS tanggal 13/11/2025
  ✅ FOUND      JV.2025.11.00811       ID: 72643      | Tgl: 14/11/2025   | Uang masuk penjualan cafe strada SMS tanggal 13/11/2025
  ✅ FOUND      JV.2025.11.00458       ID: 69976      | Tgl: 14/11/2025   | Penjualan cafe strada MKG tanggal 14/11/2025
  ✅ FOUND      JV.2025.11.00857       ID: 72817      | Tgl: 15/11/2025   | Uang masuk penjualan cafe strada MKG tanggal 14/11/2025
  ✅ FOUND      JV.2025.11.00792       ID: 72658      | Tgl: 14/11/2025   | Penjualan cafe strada SMS tanggal 14/11/2025
  ✅ FOUND      JV.2025.11.00812       ID: 72585      | Tgl: 15/11/2025   | Uang masuk penjualan cafe strada SMS tanggal 14/11/2025
  ✅ FOUND      JV.2025.11.00459       ID: 70110      | Tgl: 15/11/2025   | Penjualan cafe strada MKG tanggal 15/11/2025
  ✅ FOUND      JV.2025.11.00858       ID: 72713      | Tgl: 16/11/2025   | Uang masuk penjualan cafe strada MKG tanggal 15/11/2025
  ✅ FOUND      JV.2025.11.00793       ID: 72580      | Tgl: 15/11/2025   | Penjualan cafe strada SMS tanggal 15/11/2025
  ✅ FOUND      JV.2025.11.00813       ID: 72644      | Tgl: 16/11/2025   | Uang masuk penjualan cafe strada SMS tanggal 15/11/2025
  ✅ FOUND      JV.2025.11.00460       ID: 70111      | Tgl: 16/11/2025   | Penjualan cafe strada MKG tanggal 16/11/2025
  ✅ FOUND      JV.2025.11.00859       ID: 72714      | Tgl: 17/11/2025   | Uang masuk penjualan cafe strada MKG tanggal 16/11/2025
  ✅ FOUND      JV.2025.11.00794       ID: 72638      | Tgl: 16/11/2025   | Penjualan cafe strada SMS tanggal 16/11/2025
  ✅ FOUND      JV.2025.11.00814       ID: 72489      | Tgl: 17/11/2025   | Uang masuk penjualan cafe strada SMS tanggal 16/11/2025
  ✅ FOUND      JV.2025.11.00461       ID: 69977      | Tgl: 17/11/2025   | Penjualan cafe strada MKG tanggal 17/11/2025
  ✅ FOUND      JV.2025.11.00860       ID: 72715      | Tgl: 18/11/2025   | Uang masuk penjualan cafe strada MKG tanggal 17/11/2025
  ✅ FOUND      JV.2025.11.00795       ID: 72484      | Tgl: 17/11/2025   | Penjualan cafe strada SMS tanggal 17/11/2025
  ✅ FOUND      JV.2025.11.00815       ID: 72660      | Tgl: 18/11/2025   | Uang masuk penjualan cafe strada SMS tanggal 17/11/2025
  ✅ FOUND      JV.2025.11.00462       ID: 70112      | Tgl: 18/11/2025   | Penjualan cafe strada MKG tanggal 18/11/2025
  ✅ FOUND      JV.2025.11.00861       ID: 72716      | Tgl: 19/11/2025   | Uang masuk penjualan cafe strada MKG tanggal 18/11/2025
  ✅ FOUND      JV.2025.11.00796       ID: 72659      | Tgl: 18/11/2025   | Penjualan cafe strada SMS tanggal 18/11/2025
  ✅ FOUND      JV.2025.11.00816       ID: 72661      | Tgl: 19/11/2025   | Uang masuk penjualan cafe strada SMS tanggal 18/11/2025
  ✅ FOUND      JV.2025.11.00463       ID: 69978      | Tgl: 19/11/2025   | Penjualan cafe strada MKG tanggal 19/11/2025
  ✅ FOUND      JV.2025.11.00862       ID: 72763      | Tgl: 20/11/2025   | Uang masuk penjualan cafe strada MKG tanggal 19/11/2025
  ✅ FOUND      JV.2025.11.00797       ID: 72639      | Tgl: 19/11/2025   | Penjualan cafe strada SMS tanggal 19/11/2025
  ✅ FOUND      JV.2025.11.00817       ID: 72586      | Tgl: 20/11/2025   | Uang masuk penjualan cafe strada SMS tanggal 19/11/2025
  ✅ FOUND      JV.2025.11.00464       ID: 69979      | Tgl: 20/11/2025   | Penjualan cafe strada MKG tanggal 20/11/2025
  ✅ FOUND      JV.2025.11.00863       ID: 72669      | Tgl: 21/11/2025   | Uang masuk penjualan cafe strada MKG tanggal 20/11/2025
  ✅ FOUND      JV.2025.10.01179       ID: 72498      | Tgl: 21/10/2025   | Uang masuk penjualan cafe strada SMS tanggal 20/11/2025
  ✅ FOUND      JV.2025.11.00798       ID: 72640      | Tgl: 20/11/2025   | Penjualan cafe strada SMS tanggal 20/11/2025
  ✅ FOUND      JV.2025.11.00818       ID: 72490      | Tgl: 21/11/2025   | Uang masuk penjualan cafe strada SMS tanggal 20/11/2025
  ✅ FOUND      JV.2025.11.00465       ID: 70154      | Tgl: 21/11/2025   | Penjualan cafe strada MKG tanggal 21/11/2025
  ✅ FOUND      JV.2025.11.00864       ID: 72717      | Tgl: 22/11/2025   | Uang masuk penjualan cafe strada MKG tanggal 21/11/2025
  ✅ FOUND      JV.2025.11.00799       ID: 72485      | Tgl: 21/11/2025   | Penjualan cafe strada SMS tanggal 21/11/2025
  ✅ FOUND      JV.2025.11.00819       ID: 72519      | Tgl: 22/11/2025   | Uang masuk penjualan cafe strada SMS tanggal 21/11/2025
  ✅ FOUND      JV.2025.11.00466       ID: 70113      | Tgl: 22/11/2025   | Penjualan cafe strada MKG tanggal 22/11/2025
  ✅ FOUND      JV.2025.11.00865       ID: 72718      | Tgl: 23/11/2025   | Uang masuk penjualan cafe strada MKG tanggal 22/11/2025
  ✅ FOUND      JV.2025.11.00800       ID: 72641      | Tgl: 22/11/2025   | Penjualan cafe strada SMS tanggal 22/11/2025
  ✅ FOUND      JV.2025.11.00820       ID: 72587      | Tgl: 23/11/2025   | Uang masuk penjualan cafe strada SMS tanggal 22/11/2025
  ✅ FOUND      JV.2025.11.00467       ID: 70018      | Tgl: 23/11/2025   | Penjualan cafe strada MKG tanggal 23/11/2025
  ✅ FOUND      JV.2025.11.00866       ID: 72764      | Tgl: 24/11/2025   | Uang masuk penjualan cafe strada MKG tanggal 23/11/2025
  ✅ FOUND      JV.2025.11.00801       ID: 72517      | Tgl: 23/11/2025   | Penjualan cafe strada SMS tanggal 23/11/2025
  ✅ FOUND      JV.2025.11.00821       ID: 72645      | Tgl: 24/11/2025   | Uang masuk penjualan cafe strada SMS tanggal 23/11/2025
  ✅ FOUND      JV.2025.11.00674       ID: 71104      | Tgl: 24/11/2025   | Penjualan cafe strada MKG tanggal 24/11/2025
  ✅ FOUND      JV.2025.11.00867       ID: 72765      | Tgl: 25/11/2025   | Uang masuk penjualan cafe strada MKG tanggal 24/11/2025
  ✅ FOUND      JV.2025.11.00802       ID: 72486      | Tgl: 24/11/2025   | Penjualan cafe strada SMS tanggal 24/11/2025
  ✅ FOUND      JV.2025.11.00822       ID: 72588      | Tgl: 25/11/2025   | Uang masuk penjualan cafe strada SMS tanggal 24/11/2025
  ✅ FOUND      JV.2025.11.00675       ID: 71063      | Tgl: 25/11/2025   | Penjualan cafe strada MKG tanggal 25/11/2025
  ✅ FOUND      JV.2025.11.00868       ID: 72719      | Tgl: 26/11/2025   | Uang masuk penjualan cafe strada MKG tanggal 25/11/2025
  ✅ FOUND      JV.2025.11.00803       ID: 72581      | Tgl: 25/11/2025   | Penjualan cafe strada SMS tanggal 25/11/2025
  ✅ FOUND      JV.2025.11.00823       ID: 72520      | Tgl: 26/11/2025   | Uang masuk penjualan cafe strada SMS tanggal 25/11/2025
  ✅ FOUND      JV.2025.11.00676       ID: 71026      | Tgl: 26/11/2025   | Penjualan cafe strada MKG tanggal 26/11/2025
  ✅ FOUND      JV.2025.11.00869       ID: 72670      | Tgl: 27/11/2025   | Uang masuk penjualan cafe strada MKG tanggal 26/11/2025
  ✅ FOUND      JV.2025.11.00804       ID: 72582      | Tgl: 26/11/2025   | Penjualan cafe strada SMS tanggal 26/11/2025
  ✅ FOUND      JV.2025.11.00824       ID: 72646      | Tgl: 27/11/2025   | Uang masuk penjualan cafe strada SMS tanggal 26/11/2025
  ✅ FOUND      JV.2025.11.00677       ID: 71064      | Tgl: 27/11/2025   | Penjualan cafe strada MKG tanggal 27/11/2025
  ✅ FOUND      JV.2025.11.00870       ID: 72533      | Tgl: 28/11/2025   | Uang masuk penjualan cafe strada MKG tanggal 27/11/2025
  ✅ FOUND      JV.2025.11.00805       ID: 72642      | Tgl: 27/11/2025   | Penjualan cafe strada SMS tanggal 27/11/2025
  ✅ FOUND      JV.2025.11.00825       ID: 72491      | Tgl: 28/11/2025   | Uang masuk penjualan cafe strada SMS tanggal 27/11/2025
  ✅ FOUND      JV.2025.11.00678       ID: 71027      | Tgl: 28/11/2025   | Penjualan cafe strada MKG tanggal 28/11/2025
  ✅ FOUND      JV.2025.11.00871       ID: 72766      | Tgl: 29/11/2025   | Uang masuk penjualan cafe strada MKG tanggal 28/11/2025
  ✅ FOUND      JV.2025.11.00806       ID: 72487      | Tgl: 28/11/2025   | Penjualan cafe strada SMS tanggal 28/11/2025
  ✅ FOUND      JV.2025.11.00826       ID: 72492      | Tgl: 29/11/2025   | Uang masuk penjualan cafe strada SMS tanggal 28/11/2025
  ✅ FOUND      JV.2025.11.00679       ID: 70969      | Tgl: 29/11/2025   | Penjualan cafe strada MKG tanggal 29/11/2025
  ✅ FOUND      JV.2025.11.00872       ID: 72534      | Tgl: 30/11/2025   | Uang masuk penjualan cafe strada MKG tanggal 29/11/2025
  ✅ FOUND      JV.2025.11.00807       ID: 72518      | Tgl: 29/11/2025   | Penjualan cafe strada SMS tanggal 29/11/2025
  ✅ FOUND      JV.2025.11.00827       ID: 72493      | Tgl: 30/11/2025   | Uang masuk penjualan cafe strada SMS tanggal 29/11/2025
  ✅ FOUND      JV.2025.11.01027       ID: 78214      | Tgl: 30/11/2025   | Penjualan cafe strada MKG tanggal 30/11/2025
  ✅ FOUND      JV.2025.12.00520       ID: 72720      | Tgl: 01/12/2025   | Uang masuk penjualan cafe strada MKG tanggal 30/11/2025
  ✅ FOUND      JV.2025.11.00808       ID: 72488      | Tgl: 30/11/2025   | Penjualan cafe strada SMS tanggal 30/11/2025
  ✅ FOUND      JV.2025.12.01477       ID: 78615      | Tgl: 01/12/2025   | uang masuk Penjualan cafe strada SMS tanggal 30/11/2025
  ✅ FOUND      JV.2025.12.01416       ID: 78161      | Tgl: 02/12/2025   | Uang masuk penjualan cafe strada MKG tanggal 01/12/2025
  ✅ FOUND      JV.2025.12.01446       ID: 78471      | Tgl: 01/12/2025   | Penjualan cafe strada SMS tanggal 1/12/2025
  ✅ FOUND      JV.2025.12.01478       ID: 78665      | Tgl: 02/12/2025   | Uang masuk penjualan cafe strada SMS tanggal 01/12/2025
  ✅ FOUND      JV.2025.12.01417       ID: 78262      | Tgl: 03/12/2025   | Uang masuk penjualan cafe strada MKG tanggal 02/12/2025
  ✅ FOUND      JV.2025.12.01447       ID: 78432      | Tgl: 02/12/2025   | Penjualan cafe strada SMS tanggal 2/12/2025
  ✅ FOUND      JV.2025.12.01479       ID: 78757      | Tgl: 03/12/2025   | Uang masuk penjualan cafe strada SMS tanggal 02/12/2025
  ✅ FOUND      JV.2025.12.01418       ID: 78415      | Tgl: 04/12/2025   | Uang masuk penjualan cafe strada MKG tanggal 03/12/2025
  ✅ FOUND      JV.2025.12.01448       ID: 78474      | Tgl: 03/12/2025   | Penjualan cafe strada SMS tanggal 3/12/2025
  ✅ FOUND      JV.2025.12.01388       ID: 78258      | Tgl: 04/12/2025   | Penjualan cafe strada MKG tanggal 04/12/2025
  ✅ FOUND      JV.2025.12.01419       ID: 78162      | Tgl: 05/12/2025   | Uang masuk penjualan cafe strada MKG tanggal 04/12/2025
  ✅ FOUND      JV.2025.12.01449       ID: 78433      | Tgl: 04/12/2025   | Penjualan cafe strada SMS tanggal 4/12/2025
  ✅ FOUND      JV.2025.12.01481       ID: 78758      | Tgl: 05/12/2025   | Uang masuk penjualan cafe strada SMS tanggal 04/12/2025
  ✅ FOUND      JV.2025.12.01389       ID: 78365      | Tgl: 05/12/2025   | Penjualan cafe strada MKG tanggal 05/12/2025
  ✅ FOUND      JV.2025.12.01420       ID: 78221      | Tgl: 06/12/2025   | Uang masuk penjualan cafe strada MKG tanggal 05/12/2025
  ✅ FOUND      JV.2025.12.01450       ID: 78500      | Tgl: 05/12/2025   | Penjualan cafe strada SMS tanggal 05/12/2025
  ✅ FOUND      JV.2025.12.01482       ID: 78559      | Tgl: 06/12/2025   | Uang masuk penjualan cafe strada SMS tanggal 05/12/2025
  ✅ FOUND      JV.2025.12.01390       ID: 78215      | Tgl: 06/12/2025   | Penjualan cafe strada MKG tanggal 06/12/2025
  ✅ FOUND      JV.2025.12.01421       ID: 78463      | Tgl: 07/12/2025   | Uang masuk penjualan cafe strada MKG tanggal 06/12/2025
  ✅ FOUND      JV.2025.12.01451       ID: 78550      | Tgl: 06/12/2025   | Penjualan cafe strada SMS tanggal 06/12/2025
  ✅ FOUND      JV.2025.12.01483       ID: 78511      | Tgl: 07/12/2025   | Uang masuk penjualan cafe strada SMS tanggal 06/12/2025
  ✅ FOUND      JV.2025.12.01391       ID: 78160      | Tgl: 07/12/2025   | Penjualan cafe strada MKG tanggal 07/12/2025
  ✅ FOUND      JV.2025.12.01422       ID: 78416      | Tgl: 08/12/2025   | Uang masuk penjualan cafe strada MKG tanggal 07/12/2025
  ✅ FOUND      JV.2025.12.01452       ID: 78600      | Tgl: 07/12/2025   | Penjualan cafe strada SMS tanggal 07/12/2025
  ✅ FOUND      JV.2025.12.01484       ID: 78666      | Tgl: 08/12/2025   | Uang masuk penjualan cafe strada SMS tanggal 07/12/2025
  ✅ FOUND      JV.2025.12.01392       ID: 78366      | Tgl: 08/12/2025   | Penjualan cafe strada MKG tanggal 08/12/2025
  ✅ FOUND      JV.2025.12.01423       ID: 78315      | Tgl: 09/12/2025   | Uang masuk penjualan cafe strada MKG tanggal 08/12/2025
  ✅ FOUND      JV.2025.12.01453       ID: 78650      | Tgl: 08/12/2025   | Penjualan cafe strada SMS tanggal 08/12/2025
  ✅ FOUND      JV.2025.12.01485       ID: 78560      | Tgl: 09/12/2025   | Uang masuk penjualan cafe strada SMS tanggal 08/12/2025
  ✅ FOUND      JV.2025.12.01393       ID: 78409      | Tgl: 09/12/2025   | Penjualan cafe strada MKG tanggal 09/12/2025
  ✅ FOUND      JV.2025.12.01424       ID: 78464      | Tgl: 10/12/2025   | Uang masuk penjualan cafe strada MKG tanggal 09/12/2025
  ✅ FOUND      JV.2025.12.01454       ID: 78601      | Tgl: 09/12/2025   | Penjualan cafe strada SMS tanggal 09/12/2025
  ✅ FOUND      JV.2025.12.01486       ID: 78712      | Tgl: 10/12/2025   | Uang masuk penjualan cafe strada SMS tanggal 09/12/2025
  ✅ FOUND      JV.2025.12.01394       ID: 78367      | Tgl: 10/12/2025   | Penjualan cafe strada MKG tanggal 10/12/2025
  ✅ FOUND      JV.2025.12.01425       ID: 78417      | Tgl: 11/12/2025   | Uang masuk penjualan cafe strada MKG tanggal 10/12/2025
  ✅ FOUND      JV.2025.12.01455       ID: 78700      | Tgl: 10/12/2025   | Penjualan cafe strada SMS tanggal 10/12/2025
  ✅ FOUND      JV.2025.12.01487       ID: 78512      | Tgl: 11/12/2025   | Uang masuk penjualan cafe strada SMS tanggal 10/12/2025
  ✅ FOUND      JV.2025.12.01395       ID: 78410      | Tgl: 11/12/2025   | Penjualan cafe strada MKG tanggal 11/12/2025
  ✅ FOUND      JV.2025.12.01426       ID: 78372      | Tgl: 12/12/2025   | Uang masuk penjualan cafe strada MKG tanggal 11/12/2025
  ✅ FOUND      JV.2025.12.01456       ID: 78750      | Tgl: 11/12/2025   | Penjualan cafe strada SMS tanggal 11/12/2025
  ✅ FOUND      JV.2025.12.01488       ID: 78667      | Tgl: 12/12/2025   | Uang masuk penjualan cafe strada SMS tanggal 11/12/2025
  ✅ FOUND      JV.2025.12.01531       ID: 83585      | Tgl: 13/12/2025   | Uang masuk penjualan cafe strada BSD tanggal 12/12/2025
  ✅ FOUND      JV.2025.12.01396       ID: 78312      | Tgl: 12/12/2025   | Penjualan cafe strada MKG tanggal 12/12/2025
  ✅ FOUND      JV.2025.12.01427       ID: 78263      | Tgl: 13/12/2025   | Uang masuk penjualan cafe strada MKG tanggal 12/12/2025
  ✅ FOUND      JV.2025.12.01457       ID: 78551      | Tgl: 12/12/2025   | Penjualan cafe strada SMS tanggal 12/12/2025
  ✅ FOUND      JV.2025.12.01489       ID: 78668      | Tgl: 13/12/2025   | Uang masuk penjualan cafe strada SMS tanggal 12/12/2025
  ✅ FOUND      JV.2025.12.01397       ID: 78456      | Tgl: 13/12/2025   | Penjualan cafe strada MKG tanggal 13/12/2025
  ✅ FOUND      JV.2025.12.01428       ID: 78316      | Tgl: 14/12/2025   | Uang masuk penjualan cafe strada MKG tanggal 13/12/2025
  ✅ FOUND      JV.2025.12.01458       ID: 78651      | Tgl: 13/12/2025   | Penjualan cafe strada SMS tanggal 13/12/2025
  ✅ FOUND      JV.2025.12.01490       ID: 78617      | Tgl: 14/12/2025   | Uang masuk penjualan cafe strada SMS tanggal 13/12/2025
  ✅ FOUND      JV.2025.12.01533       ID: 83871      | Tgl: 15/12/2025   | Uang masuk penjualan cafe strada BSD tanggal 14/12/2025
  ✅ FOUND      JV.2025.12.01398       ID: 78216      | Tgl: 14/12/2025   | Penjualan cafe strada MKG tanggal 14/12/2025
  ✅ FOUND      JV.2025.12.01429       ID: 78163      | Tgl: 15/12/2025   | Uang masuk penjualan cafe strada MKG tanggal 14/12/2025
  ✅ FOUND      JV.2025.12.01459       ID: 78552      | Tgl: 14/12/2025   | Penjualan cafe strada SMS tanggal 14/12/2025
  ✅ FOUND      JV.2025.12.01491       ID: 78713      | Tgl: 15/12/2025   | Uang masuk penjualan cafe strada SMS tanggal 14/12/2025
  ✅ FOUND      JV.2025.12.01534       ID: 83586      | Tgl: 15/12/2025   | Penjualan cafe strada BSD tanggal 15/12/2025
  ✅ FOUND      JV.2025.12.01535       ID: 83913      | Tgl: 16/12/2025   | Uang masuk penjualan cafe strada BSD tanggal 15/12/2025
  ✅ FOUND      JV.2025.12.01399       ID: 78259      | Tgl: 15/12/2025   | Penjualan cafe strada MKG tanggal 15/12/2025
  ✅ FOUND      JV.2025.12.01400       ID: 78411      | Tgl: 16/12/2025   | Penjualan cafe strada MKG tanggal 15/12/2025
  ✅ FOUND      JV.2025.12.01430       ID: 78418      | Tgl: 16/12/2025   | Uang masuk penjualan cafe strada MKG tanggal 15/12/2025
  ✅ FOUND      JV.2025.12.01460       ID: 78751      | Tgl: 15/12/2025   | Penjualan cafe strada SMS tanggal 15/12/2025
  ✅ FOUND      JV.2025.12.01492       ID: 78513      | Tgl: 16/12/2025   | Uang masuk penjualan cafe strada SMS tanggal 15/12/2025
  ✅ FOUND      JV.2026.04.00533       ID: 83646      | Tgl: 16/12/2025   | Penjualan cafe strada BSD tanggal 16/12/2025
  ✅ FOUND      JV.2025.12.01431       ID: 78419      | Tgl: 17/12/2025   | Uang masuk penjualan cafe strada MKG tanggal 16/12/2025
  ✅ FOUND      JV.2025.12.01461       ID: 78652      | Tgl: 16/12/2025   | Penjualan cafe strada SMS tanggal 16/12/2025
  ✅ FOUND      JV.2025.12.01493       ID: 78714      | Tgl: 17/12/2025   | Uang masuk penjualan cafe strada SMS tanggal 16/12/2025
  ✅ FOUND      JV.2025.12.01401       ID: 78217      | Tgl: 17/12/2025   | Penjualan cafe strada MKG tanggal 17/12/2025
  ✅ FOUND      JV.2025.12.01432       ID: 78465      | Tgl: 18/12/2025   | Uang masuk penjualan cafe strada MKG tanggal 17/12/2025
  ✅ FOUND      JV.2025.12.01462       ID: 78553      | Tgl: 17/12/2025   | Penjualan cafe strada SMS tanggal 17/12/2025
  ✅ FOUND      JV.2025.12.01494       ID: 78669      | Tgl: 18/12/2025   | Uang masuk penjualan cafe strada SMS tanggal 17/12/2025
  ✅ FOUND      JV.2025.12.01402       ID: 78412      | Tgl: 18/12/2025   | Penjualan cafe strada MKG tanggal 18/12/2025
  ✅ FOUND      JV.2025.12.01433       ID: 78420      | Tgl: 19/12/2025   | Uang masuk penjualan cafe strada MKG tanggal 18/12/2025
  ✅ FOUND      JV.2025.12.01463       ID: 78602      | Tgl: 18/12/2025   | Penjualan cafe strada SMS tanggal 18/12/2025
  ✅ FOUND      JV.2025.12.01495       ID: 78715      | Tgl: 19/12/2025   | Uang masuk penjualan cafe strada SMS tanggal 18/12/2025
  ✅ FOUND      JV.2025.12.01404       ID: 78459      | Tgl: 19/12/2025   | Penjualan cafe strada MKG tanggal 19/12/2025
  ✅ FOUND      JV.2025.12.01403       ID: 78368      | Tgl: 19/12/2025   | Penjualan cafe strada MKG tanggal 19/12/2025
  ✅ FOUND      JV.2025.12.01434       ID: 78264      | Tgl: 20/12/2025   | Uang masuk penjualan cafe strada MKG tanggal 19/12/2025
  ✅ FOUND      JV.2025.12.01464       ID: 78701      | Tgl: 19/12/2025   | Penjualan cafe strada SMS tanggal 19/12/2025
  ✅ FOUND      JV.2025.12.01496       ID: 78618      | Tgl: 20/12/2025   | Uang masuk penjualan cafe strada SMS tanggal 19/12/2025
  ✅ FOUND      JV.2025.12.01405       ID: 78369      | Tgl: 20/12/2025   | Penjualan cafe strada MKG tanggal 20/12/2025
  ✅ FOUND      JV.2025.12.01435       ID: 78222      | Tgl: 21/12/2025   | Uang masuk penjualan cafe strada MKG tanggal 20/12/2025
  ✅ FOUND      JV.2025.12.01465       ID: 78501      | Tgl: 20/12/2025   | Penjualan cafe strada SMS tanggal 20/12/2025
  ✅ FOUND      JV.2025.12.01497       ID: 78514      | Tgl: 21/12/2025   | Uang masuk penjualan cafe strada SMS tanggal 20/12/2025
  ✅ FOUND      JV.2025.12.01406       ID: 78218      | Tgl: 21/12/2025   | Penjualan cafe strada MKG tanggal 21/12/2025
  ✅ FOUND      JV.2025.12.01436       ID: 78265      | Tgl: 22/12/2025   | Uang masuk penjualan cafe strada MKG tanggal 21/12/2025
  ✅ FOUND      JV.2025.12.01466       ID: 78702      | Tgl: 21/12/2025   | Penjualan cafe strada SMS tanggal 21/12/2025
  ✅ FOUND      JV.2025.12.01498       ID: 78619      | Tgl: 22/12/2025   | Uang masuk penjualan cafe strada SMS tanggal 21/12/2025
  ✅ FOUND      JV.2025.12.01407       ID: 78313      | Tgl: 22/12/2025   | Penjualan cafe strada MKG tanggal 22/12/2025
  ✅ FOUND      JV.2025.12.01437       ID: 78373      | Tgl: 23/12/2025   | Uang masuk penjualan cafe strada MKG tanggal 22/12/2025
  ✅ FOUND      JV.2025.12.01467       ID: 78653      | Tgl: 22/12/2025   | Penjualan cafe strada SMS tanggal 22/12/2025
  ✅ FOUND      JV.2025.12.01499       ID: 78515      | Tgl: 23/12/2025   | Uang masuk penjualan cafe strada SMS tanggal 22/12/2025
  ✅ FOUND      JV.2025.12.01408       ID: 78261      | Tgl: 23/12/2025   | Penjualan cafe strada MKG tanggal 23/12/2025
  ✅ FOUND      JV.2025.12.01438       ID: 78164      | Tgl: 24/12/2025   | Uang masuk penjualan cafe strada MKG tanggal 23/12/2025
  ✅ FOUND      JV.2025.12.01468       ID: 78603      | Tgl: 23/12/2025   | Penjualan cafe strada SMS tanggal 23/12/2025
  ✅ FOUND      JV.2025.12.01500       ID: 78716      | Tgl: 24/12/2025   | Uang masuk penjualan cafe strada SMS tanggal 23/12/2025
  ✅ FOUND      JV.2025.12.01409       ID: 78370      | Tgl: 24/12/2025   | Penjualan cafe strada MKG tanggal 24/12/2025
  ✅ FOUND      JV.2025.12.01439       ID: 78466      | Tgl: 25/12/2025   | Uang masuk penjualan cafe strada MKG tanggal 24/12/2025
  ✅ FOUND      JV.2025.12.01469       ID: 78703      | Tgl: 24/12/2025   | Penjualan cafe strada SMS tanggal 24/12/2025
  ✅ FOUND      JV.2025.12.01501       ID: 78717      | Tgl: 25/12/2025   | Uang masuk penjualan cafe strada SMS tanggal 24/12/2025
  ✅ FOUND      JV.2025.12.01440       ID: 78374      | Tgl: 26/12/2025   | Uang masuk penjualan cafe strada MKG tanggal 25/12/2025
  ✅ FOUND      JV.2025.12.01470       ID: 78605      | Tgl: 25/12/2025   | Penjualan cafe strada SMS tanggal 25/12/2025
  ✅ FOUND      JV.2025.12.01502       ID: 78718      | Tgl: 26/12/2025   | Uang masuk penjualan cafe strada SMS tanggal 25/12/2025
  ✅ FOUND      JV.2025.12.01411       ID: 78314      | Tgl: 26/12/2025   | Penjualan cafe strada MKG tanggal 26/12/2025
  ✅ FOUND      JV.2025.12.01471       ID: 78800      | Tgl: 26/12/2025   | Penjualan cafe strada SMS tanggal 26/12/2025
  ✅ FOUND      JV.2025.12.01503       ID: 78516      | Tgl: 27/12/2025   | Uang masuk penjualan cafe strada SMS tanggal 26/12/2025
  ✅ FOUND      JV.2025.12.01412       ID: 78460      | Tgl: 27/12/2025   | Penjualan cafe strada MKG tanggal 27/12/2025
  ✅ FOUND      JV.2025.12.01442       ID: 78165      | Tgl: 28/12/2025   | Uang masuk penjualan cafe strada MKG tanggal 27/12/2025
  ✅ FOUND      JV.2025.12.01472       ID: 78606      | Tgl: 27/12/2025   | Penjualan cafe strada SMS tanggal 27/12/2025
  ✅ FOUND      JV.2025.12.01504       ID: 78670      | Tgl: 28/12/2025   | Uang masuk penjualan cafe strada SMS tanggal 27/12/2025
  ✅ FOUND      JV.2025.12.01413       ID: 78461      | Tgl: 28/12/2025   | Penjualan cafe strada MKG tanggal 28/12/2025
  ✅ FOUND      JV.2025.12.01443       ID: 78467      | Tgl: 29/12/2025   | Uang masuk penjualan cafe strada MKG tanggal 28/12/2025
  ✅ FOUND      JV.2025.12.01473       ID: 78654      | Tgl: 28/12/2025   | Penjualan cafe strada SMS tanggal 28/12/2025
  ✅ FOUND      JV.2025.12.01505       ID: 78802      | Tgl: 29/12/2025   | Uang masuk penjualan cafe strada SMS tanggal 28/12/2025
  ✅ FOUND      JV.2025.12.01414       ID: 78219      | Tgl: 29/12/2025   | Penjualan cafe strada MKG tanggal 29/12/2025
  ✅ FOUND      JV.2025.12.01444       ID: 78266      | Tgl: 30/12/2025   | Uang masuk penjualan cafe strada MKG tanggal 29/12/2025
  ✅ FOUND      JV.2025.12.01474       ID: 78555      | Tgl: 29/12/2025   | Penjualan cafe strada SMS tanggal 29/12/2025
  ✅ FOUND      JV.2025.12.01506       ID: 78620      | Tgl: 30/12/2025   | Uang masuk penjualan cafe strada SMS tanggal 29/12/2025
  ✅ FOUND      JV.2026.01.01128       ID: 78414      | Tgl: 30/12/2025   | Penjualan cafe strada MKG tanggal 30/12/2025
  ✅ FOUND      JV.2025.12.01445       ID: 78318      | Tgl: 31/12/2025   | Uang masuk penjualan cafe strada MKG tanggal 30/12/2025
  ✅ FOUND      JV.2025.12.01475       ID: 78655      | Tgl: 30/12/2025   | Penjualan cafe strada SMS tanggal 30/12/2025
  ✅ FOUND      JV.2025.12.01507       ID: 78759      | Tgl: 31/12/2025   | Uang masuk penjualan cafe strada SMS tanggal 30/12/2025
  ✅ FOUND      JV.2025.12.01415       ID: 78220      | Tgl: 31/12/2025   | Penjualan cafe strada MKG tanggal 31/12/2025
  ✅ FOUND      JV.2026.01.01129       ID: 78468      | Tgl: 01/01/2026   | Uang masuk penjualan cafe strada MKG tanggal 31/12/2025
  ✅ FOUND      JV.2025.12.01476       ID: 78706      | Tgl: 31/12/2025   | Penjualan cafe strada SMS tanggal 31/12/2025
  ✅ FOUND      JV.2026.01.01211       ID: 78874      | Tgl: 01/01/2026   | Penjualan cafe strada MKG tanggal 1/01/2026
  ✅ FOUND      JV.2026.01.01130       ID: 78421      | Tgl: 02/01/2026   | Uang masuk penjualan cafe strada MKG tanggal 01/01/2026
  ✅ FOUND      JV.2026.01.01162       ID: 78656      | Tgl: 01/01/2026   | Penjualan cafe strada SMS tanggal 01/01/2026
  ✅ FOUND      JV.2026.01.01193       ID: 78517      | Tgl: 02/01/2026   | Uang masuk penjualan cafe strada SMS tanggal 01/01/2026
  ✅ FOUND      JV.2026.01.01212       ID: 78875      | Tgl: 02/01/2026   | Penjualan cafe strada MKG tanggal 2/01/2026
  ✅ FOUND      JV.2026.01.01131       ID: 78223      | Tgl: 03/01/2026   | Uang masuk penjualan cafe strada MKG tanggal 02/01/2026
  ✅ FOUND      JV.2026.01.01163       ID: 78752      | Tgl: 02/01/2026   | Penjualan cafe strada SMS tanggal 02/01/2026
  ✅ FOUND      JV.2026.01.01194       ID: 78672      | Tgl: 03/01/2026   | Uang masuk penjualan cafe strada SMS tanggal 02/01/2026
  ✅ FOUND      JV.2026.01.01213       ID: 79167      | Tgl: 03/01/2026   | Penjualan cafe strada MKG tanggal 3/01/2026
  ✅ FOUND      JV.2026.01.01132       ID: 78267      | Tgl: 04/01/2026   | Uang masuk penjualan cafe strada MKG tanggal 03/01/2026
  ✅ FOUND      JV.2026.01.01164       ID: 78607      | Tgl: 03/01/2026   | Penjualan cafe strada SMS tanggal 03/01/2026
  ✅ FOUND      JV.2026.01.01195       ID: 78719      | Tgl: 04/01/2026   | Uang masuk penjualan cafe strada SMS tanggal 03/01/2026
  ✅ FOUND      JV.2026.01.01214       ID: 79067      | Tgl: 04/01/2026   | Penjualan cafe strada MKG tanggal 4/01/2026
  ✅ FOUND      JV.2026.01.01133       ID: 78422      | Tgl: 05/01/2026   | Uang masuk penjualan cafe strada MKG tanggal 04/01/2026
  ✅ FOUND      JV.2026.02.00453       ID: 78504      | Tgl: 04/01/2026   | Penjualan cafe strada SMS tanggal 04/01/2026
  ✅ FOUND      JV.2026.01.01196       ID: 78760      | Tgl: 05/01/2026   | Uang masuk penjualan cafe strada SMS tanggal 04/01/2026
  ✅ FOUND      JV.2026.01.01215       ID: 78924      | Tgl: 05/01/2026   | Penjualan cafe strada MKG tanggal 5/01/2026
  ✅ FOUND      JV.2026.01.01134       ID: 78469      | Tgl: 06/01/2026   | Uang masuk penjualan cafe strada MKG tanggal 05/01/2026
  ✅ FOUND      JV.2026.01.01165       ID: 78505      | Tgl: 05/01/2026   | Penjualan cafe strada SMS tanggal 05/01/2026
  ✅ FOUND      JV.2026.01.01197       ID: 78621      | Tgl: 06/01/2026   | Uang masuk penjualan cafe strada SMS tanggal 05/01/2026
  ✅ FOUND      JV.2026.01.01216       ID: 78957      | Tgl: 06/01/2026   | Penjualan cafe strada MKG tanggal 6/01/2026
  ✅ FOUND      JV.2026.01.01135       ID: 78375      | Tgl: 07/01/2026   | Uang masuk penjualan cafe strada MKG tanggal 06/01/2026
  ✅ FOUND      JV.2026.01.01166       ID: 78657      | Tgl: 06/01/2026   | Penjualan cafe strada SMS tanggal 06/01/2026
  ✅ FOUND      JV.2026.01.01198       ID: 78622      | Tgl: 07/01/2026   | Uang masuk penjualan cafe strada SMS tanggal 06/01/2026
  ✅ FOUND      JV.2026.01.01217       ID: 79068      | Tgl: 07/01/2026   | Penjualan cafe strada MKG tanggal 7/01/2026
  ✅ FOUND      JV.2026.01.01136       ID: 78423      | Tgl: 08/01/2026   | Uang masuk penjualan cafe strada MKG tanggal 07/01/2026
  ✅ FOUND      JV.2026.01.01167       ID: 78556      | Tgl: 07/01/2026   | Penjualan cafe strada SMS tanggal 07/01/2026
  ✅ FOUND      JV.2026.01.01199       ID: 78761      | Tgl: 08/01/2026   | Uang masuk penjualan cafe strada SMS tanggal 07/01/2026
  ✅ FOUND      JV.2026.01.01218       ID: 79113      | Tgl: 08/01/2026   | Penjualan cafe strada MKG tanggal 8/01/2026
  ✅ FOUND      JV.2026.01.01137       ID: 78268      | Tgl: 09/01/2026   | Uang masuk penjualan cafe strada MKG tanggal 08/01/2026
  ✅ FOUND      JV.2026.01.01168       ID: 78658      | Tgl: 08/01/2026   | Penjualan cafe strada SMS tanggal 08/01/2026
  ✅ FOUND      JV.2026.01.01200       ID: 78673      | Tgl: 09/01/2026   | Uang masuk penjualan cafe strada SMS tanggal 08/01/2026
  ✅ FOUND      JV.2026.01.01219       ID: 79169      | Tgl: 09/01/2026   | Penjualan cafe strada MKG tanggal 9/01/2026
  ✅ FOUND      JV.2026.01.01138       ID: 78424      | Tgl: 10/01/2026   | Uang masuk penjualan cafe strada MKG tanggal 09/01/2026
  ✅ FOUND      JV.2026.01.01169       ID: 78659      | Tgl: 09/01/2026   | Penjualan cafe strada SMS tanggal 09/01/2026
  ✅ FOUND      JV.2026.01.01201       ID: 78674      | Tgl: 10/01/2026   | Uang masuk penjualan cafe strada SMS tanggal 09/01/2026
  ✅ FOUND      JV.2026.01.01220       ID: 79012      | Tgl: 10/01/2026   | Penjualan cafe strada MKG tanggal 10/01/2026
  ✅ FOUND      JV.2026.01.01139       ID: 78470      | Tgl: 11/01/2026   | Uang masuk penjualan cafe strada MKG tanggal 10/01/2026
  ✅ FOUND      JV.2026.01.01170       ID: 78707      | Tgl: 10/01/2026   | Penjualan cafe strada SMS tanggal 10/01/2026
  ✅ FOUND      JV.2026.01.01202       ID: 78675      | Tgl: 11/01/2026   | Uang masuk penjualan cafe strada SMS tanggal 10/01/2026
  ✅ FOUND      JV.2026.01.01221       ID: 79013      | Tgl: 11/01/2026   | Penjualan cafe strada MKG tanggal 11/01/2026
  ✅ FOUND      JV.2026.01.01140       ID: 78269      | Tgl: 12/01/2026   | Uang masuk penjualan cafe strada MKG tanggal 11/01/2026
  ✅ FOUND      JV.2026.01.01171       ID: 78608      | Tgl: 11/01/2026   | Penjualan cafe strada SMS tanggal 11/01/2026
  ✅ FOUND      JV.2026.01.01203       ID: 78623      | Tgl: 12/01/2026   | Uang masuk penjualan cafe strada SMS tanggal 11/01/2026
  ✅ FOUND      JV.2026.01.01222       ID: 79170      | Tgl: 12/01/2026   | Penjualan cafe strada MKG tanggal 12/01/2026
  ✅ FOUND      JV.2026.01.01141       ID: 78376      | Tgl: 13/01/2026   | Uang masuk penjualan cafe strada MKG tanggal 12/01/2026
  ✅ FOUND      JV.2026.01.01172       ID: 78506      | Tgl: 12/01/2026   | Penjualan cafe strada SMS tanggal 12/01/2026
  ✅ FOUND      JV.2026.01.01204       ID: 78720      | Tgl: 13/01/2026   | Uang masuk penjualan cafe strada SMS tanggal 12/01/2026
  ✅ FOUND      JV.2026.01.01223       ID: 79014      | Tgl: 13/01/2026   | Penjualan cafe strada MKG tanggal 13/01/2026
  ✅ FOUND      JV.2026.01.01142       ID: 78224      | Tgl: 14/01/2026   | Uang masuk penjualan cafe strada MKG tanggal 13/01/2026
  ✅ FOUND      JV.2026.01.01173       ID: 78609      | Tgl: 13/01/2026   | Penjualan cafe strada SMS tanggal 13/01/2026
  ✅ FOUND      JV.2026.01.01368       ID: 80250      | Tgl: 14/01/2026   | Uang masuk penjualan cafe strada SMS tanggal 13/01/2026
  ✅ FOUND      JV.2026.01.01224       ID: 79015      | Tgl: 14/01/2026   | Penjualan cafe strada MKG tanggal 14/01/2026
  ✅ FOUND      JV.2026.01.01143       ID: 78319      | Tgl: 15/01/2026   | Uang masuk penjualan cafe strada MKG tanggal 14/01/2026
  ✅ FOUND      JV.2026.01.01174       ID: 78801      | Tgl: 14/01/2026   | Penjualan cafe strada SMS tanggal 14/01/2026
  ✅ FOUND      JV.2026.01.01369       ID: 79948      | Tgl: 15/01/2026   | Uang masuk penjualan cafe strada SMS tanggal 14/01/2026
  ✅ FOUND      JV.2026.01.01225       ID: 78925      | Tgl: 15/01/2026   | Penjualan cafe strada MKG tanggal 15/01/2026
  ✅ FOUND      JV.2026.01.01144       ID: 78225      | Tgl: 16/01/2026   | Uang masuk penjualan cafe strada MKG tanggal 15/01/2026
  ✅ FOUND      JV.2026.01.01175       ID: 78507      | Tgl: 15/01/2026   | Penjualan cafe strada SMS tanggal 15/01/2026
  ✅ FOUND      JV.2026.01.01370       ID: 79997      | Tgl: 16/01/2026   | Uang masuk penjualan cafe strada SMS tanggal 15/01/2026
  ✅ FOUND      JV.2026.01.01226       ID: 79069      | Tgl: 16/01/2026   | Penjualan cafe strada MKG tanggal 16/01/2026
  ✅ FOUND      JV.2026.01.01145       ID: 78320      | Tgl: 17/01/2026   | Uang masuk penjualan cafe strada MKG tanggal 16/01/2026
  ✅ FOUND      JV.2026.01.01176       ID: 78508      | Tgl: 16/01/2026   | Penjualan cafe strada SMS tanggal 16/01/2026
  ✅ FOUND      JV.2026.01.01371       ID: 79949      | Tgl: 17/01/2026   | Uang masuk penjualan cafe strada SMS tanggal 16/01/2026
  ✅ FOUND      JV.2026.01.01227       ID: 79070      | Tgl: 17/01/2026   | Penjualan cafe strada MKG tanggal 17/01/2026
  ✅ FOUND      JV.2026.01.01146       ID: 78377      | Tgl: 18/01/2026   | Uang masuk penjualan cafe strada MKG tanggal 17/01/2026
  ✅ FOUND      JV.2026.01.01177       ID: 78660      | Tgl: 17/01/2026   | Penjualan cafe strada SMS tanggal 17/01/2026
  ✅ FOUND      JV.2026.01.01372       ID: 80251      | Tgl: 18/01/2026   | Uang masuk penjualan cafe strada SMS tanggal 17/01/2026
  ✅ FOUND      JV.2026.01.01228       ID: 78958      | Tgl: 18/01/2026   | Penjualan cafe strada MKG tanggal 18/01/2026
  ✅ FOUND      JV.2026.01.01147       ID: 78321      | Tgl: 19/01/2026   | Uang masuk penjualan cafe strada MKG tanggal 18/01/2026
  ✅ FOUND      JV.2026.01.01178       ID: 78611      | Tgl: 18/01/2026   | Penjualan cafe strada SMS tanggal 18/01/2026
  ✅ FOUND      JV.2026.01.01373       ID: 79998      | Tgl: 19/01/2026   | Uang masuk penjualan cafe strada SMS tanggal 18/01/2026
  ✅ FOUND      JV.2026.01.01229       ID: 78880      | Tgl: 19/01/2026   | Penjualan cafe strada MKG tanggal 19/01/2026
  ✅ FOUND      JV.2026.01.01148       ID: 78270      | Tgl: 20/01/2026   | Uang masuk penjualan cafe strada MKG tanggal 19/01/2026
  ✅ FOUND      JV.2026.01.01179       ID: 78708      | Tgl: 19/01/2026   | Penjualan cafe strada SMS tanggal 19/01/2026
  ✅ FOUND      JV.2026.01.01374       ID: 80040      | Tgl: 20/01/2026   | Uang masuk penjualan cafe strada SMS tanggal 19/01/2026
  ✅ FOUND      JV.2026.01.01230       ID: 78881      | Tgl: 20/01/2026   | Penjualan cafe strada MKG tanggal 20/01/2026
  ✅ FOUND      JV.2026.01.01149       ID: 78425      | Tgl: 21/01/2026   | Uang masuk penjualan cafe strada MKG tanggal 20/01/2026
  ✅ FOUND      JV.2026.01.01180       ID: 78709      | Tgl: 20/01/2026   | Penjualan cafe strada SMS tanggal 20/01/2026
  ✅ FOUND      JV.2026.01.01375       ID: 79999      | Tgl: 21/01/2026   | Uang masuk penjualan cafe strada SMS tanggal 20/01/2026
  ✅ FOUND      JV.2026.01.01231       ID: 78882      | Tgl: 21/01/2026   | Penjualan cafe strada MKG tanggal 21/01/2026
  ✅ FOUND      JV.2026.01.01150       ID: 78378      | Tgl: 22/01/2026   | Uang masuk penjualan cafe strada MKG tanggal 21/01/2026
  ✅ FOUND      JV.2026.01.01181       ID: 78557      | Tgl: 21/01/2026   | Penjualan cafe strada SMS tanggal 21/01/2026
  ✅ FOUND      JV.2026.01.01376       ID: 80300      | Tgl: 22/01/2026   | Uang masuk penjualan cafe strada SMS tanggal 21/01/2026
  ✅ FOUND      JV.2026.01.01232       ID: 78926      | Tgl: 22/01/2026   | Penjualan cafe strada MKG tanggal 22/01/2026
  ✅ FOUND      JV.2026.01.01151       ID: 78322      | Tgl: 23/01/2026   | Uang masuk penjualan cafe strada MKG tanggal 22/01/2026
  ✅ FOUND      JV.2026.01.01182       ID: 78613      | Tgl: 22/01/2026   | Penjualan cafe strada SMS tanggal 22/01/2026
  ✅ FOUND      JV.2026.01.01377       ID: 80350      | Tgl: 23/01/2026   | Uang masuk penjualan cafe strada SMS tanggal 22/01/2026
  ✅ FOUND      JV.2026.01.01233       ID: 79071      | Tgl: 23/01/2026   | Penjualan cafe strada MKG tanggal 23/01/2026
  ✅ FOUND      JV.2026.01.01152       ID: 78426      | Tgl: 24/01/2026   | Uang masuk penjualan cafe strada MKG tanggal 23/01/2026
  ✅ FOUND      JV.2026.01.01183       ID: 78710      | Tgl: 23/01/2026   | Penjualan cafe strada SMS tanggal 23/01/2026
  ✅ FOUND      JV.2026.01.01378       ID: 80099      | Tgl: 24/01/2026   | Uang masuk penjualan cafe strada SMS tanggal 23/01/2026
  ✅ FOUND      JV.2026.01.01234       ID: 78883      | Tgl: 24/01/2026   | Penjualan cafe strada MKG tanggal 24/01/2026
  ✅ FOUND      JV.2026.01.01153       ID: 78427      | Tgl: 25/01/2026   | Uang masuk penjualan cafe strada MKG tanggal 24/01/2026
  ✅ FOUND      JV.2026.01.01184       ID: 78711      | Tgl: 24/01/2026   | Penjualan cafe strada SMS tanggal 24/01/2026
  ✅ FOUND      JV.2026.01.01379       ID: 80400      | Tgl: 25/01/2026   | Uang masuk penjualan cafe strada SMS tanggal 24/01/2026
  ✅ FOUND      JV.2026.01.01235       ID: 79072      | Tgl: 25/01/2026   | Penjualan cafe strada MKG tanggal 25/01/2026
  ✅ FOUND      JV.2026.01.01154       ID: 78428      | Tgl: 26/01/2026   | Uang masuk penjualan cafe strada MKG tanggal 25/01/2026
  ✅ FOUND      JV.2026.01.01185       ID: 78755      | Tgl: 25/01/2026   | Penjualan cafe strada SMS tanggal 25/01/2026
  ✅ FOUND      JV.2026.01.01380       ID: 80220      | Tgl: 26/01/2026   | Uang masuk penjualan cafe strada SMS tanggal 25/01/2026
  ✅ FOUND      JV.2026.01.01236       ID: 78929      | Tgl: 26/01/2026   | Penjualan cafe strada MKG tanggal 26/01/2026
  ✅ FOUND      JV.2026.01.01155       ID: 78166      | Tgl: 27/01/2026   | Uang masuk penjualan cafe strada MKG tanggal 26/01/2026
  ✅ FOUND      JV.2026.01.01186       ID: 78614      | Tgl: 26/01/2026   | Penjualan cafe strada SMS tanggal 26/01/2026
  ✅ FOUND      JV.2026.01.01381       ID: 80351      | Tgl: 27/01/2026   | Uang masuk penjualan cafe strada SMS tanggal 26/01/2026
  ✅ FOUND      JV.2026.01.01237       ID: 79073      | Tgl: 27/01/2026   | Penjualan cafe strada MKG tanggal 27/01/2026
  ✅ FOUND      JV.2026.01.01156       ID: 78167      | Tgl: 28/01/2026   | Uang masuk penjualan cafe strada MKG tanggal 27/01/2026
  ✅ FOUND      JV.2026.01.01187       ID: 78558      | Tgl: 27/01/2026   | Penjualan cafe strada SMS tanggal 27/01/2026
  ✅ FOUND      JV.2026.01.01382       ID: 80176      | Tgl: 28/01/2026   | Uang masuk penjualan cafe strada SMS tanggal 27/01/2026
  ✅ FOUND      JV.2026.01.01238       ID: 79115      | Tgl: 28/01/2026   | Penjualan cafe strada MKG tanggal 28/01/2026
  ✅ FOUND      JV.2026.01.01157       ID: 78429      | Tgl: 29/01/2026   | Uang masuk penjualan cafe strada MKG tanggal 28/01/2026
  ✅ FOUND      JV.2026.01.01188       ID: 78663      | Tgl: 28/01/2026   | Penjualan cafe strada SMS tanggal 28/01/2026
  ✅ FOUND      JV.2026.01.01383       ID: 80252      | Tgl: 29/01/2026   | Uang masuk penjualan cafe strada SMS tanggal 28/01/2026
  ✅ FOUND      JV.2026.01.01239       ID: 78930      | Tgl: 29/01/2026   | Penjualan cafe strada MKG tanggal 29/01/2026
  ✅ FOUND      JV.2026.01.01158       ID: 78226      | Tgl: 30/01/2026   | Uang masuk penjualan cafe strada MKG tanggal 29/01/2026
  ✅ FOUND      JV.2026.01.01189       ID: 78510      | Tgl: 29/01/2026   | Penjualan cafe strada SMS tanggal 29/01/2026
  ✅ FOUND      JV.2026.01.01384       ID: 80253      | Tgl: 30/01/2026   | Uang masuk penjualan cafe strada SMS tanggal 29/01/2026
  ✅ FOUND      JV.2026.01.01240       ID: 78931      | Tgl: 30/01/2026   | Penjualan cafe strada MKG tanggal 30/01/2026
  ✅ FOUND      JV.2026.01.01159       ID: 78227      | Tgl: 31/01/2026   | Uang masuk penjualan cafe strada MKG tanggal 30/01/2026
  ✅ FOUND      JV.2026.01.01190       ID: 78664      | Tgl: 30/01/2026   | Penjualan cafe strada SMS tanggal 30/01/2026
  ✅ FOUND      JV.2026.01.01385       ID: 80254      | Tgl: 31/01/2026   | Uang masuk penjualan cafe strada SMS tanggal 30/01/2026
  ✅ FOUND      JV.2026.01.01241       ID: 79020      | Tgl: 31/01/2026   | Penjualan cafe strada MKG tanggal 31/01/2026
  ✅ FOUND      JV.2026.02.00441       ID: 78379      | Tgl: 01/02/2026   | Uang masuk penjualan cafe strada MKG tanggal 31/01/2026
  ✅ FOUND      JV.2026.01.01192       ID: 78671      | Tgl: 01/01/2026   | Uang masuk penjualan cafe strada SMS tanggal 31/01/2026
  ✅ FOUND      JV.2026.01.01191       ID: 78756      | Tgl: 31/01/2026   | Penjualan cafe strada SMS tanggal 31/01/2026
  ✅ FOUND      JV.2026.02.01230       ID: 80041      | Tgl: 01/02/2026   | Uang masuk penjualan cafe strada SMS tanggal 31/01/2026
  ✅ FOUND      JV.2026.02.00625       ID: 78960      | Tgl: 01/02/2026   | Penjualan cafe strada MKG tanggal 1/02/2026
  ✅ FOUND      JV.2026.02.00442       ID: 78380      | Tgl: 02/02/2026   | Uang masuk penjualan cafe strada MKG tanggal 01/02/2026
  ✅ FOUND      JV.2026.02.00568       ID: 79005      | Tgl: 01/02/2026   | Penjualan cafe strada SMS tanggal 1/02/2026
  ✅ FOUND      JV.2026.02.01231       ID: 80352      | Tgl: 02/02/2026   | Uang masuk penjualan cafe strada SMS tanggal 01/02/2026
  ✅ FOUND      JV.2026.02.00627       ID: 79021      | Tgl: 02/02/2026   | Penjualan cafe strada MKG tanggal 2/02/2026
  ✅ FOUND      JV.2026.02.00443       ID: 78472      | Tgl: 03/02/2026   | Uang masuk penjualan cafe strada MKG tanggal 02/02/2026
  ✅ FOUND      JV.2026.02.00569       ID: 78868      | Tgl: 02/02/2026   | Penjualan cafe strada SMS tanggal 2/02/2026
  ✅ FOUND      JV.2026.02.01232       ID: 80042      | Tgl: 03/02/2026   | Uang masuk penjualan cafe strada SMS tanggal 02/02/2026
  ✅ FOUND      JV.2026.02.00629       ID: 78961      | Tgl: 03/02/2026   | Penjualan cafe strada MKG tanggal 3/02/2026
  ✅ FOUND      JV.2026.02.00578       ID: 79107      | Tgl: 03/02/2026   | Penjualan cafe strada SMS tanggal 3/02/2026
  ✅ FOUND      JV.2026.02.01233       ID: 80301      | Tgl: 04/02/2026   | Uang masuk penjualan cafe strada SMS tanggal 03/02/2026
  ✅ FOUND      JV.2026.02.00631       ID: 78962      | Tgl: 04/02/2026   | Penjualan cafe strada MKG tanggal 4/02/2026
  ✅ FOUND      JV.2026.02.00444       ID: 78271      | Tgl: 05/02/2026   | Uang masuk penjualan cafe strada MKG tanggal 04/02/2026
  ✅ FOUND      JV.2026.02.01732       ID: 83591      | Tgl: 04/02/2026   | Penjualan cafe strada SMB tanggal 04/02/2026
  ✅ FOUND      JV.2026.02.01733       ID: 84001      | Tgl: 05/02/2026   | Uang masuk penjualan cafe strada SMB tanggal 04/02/2026
  ✅ FOUND      JV.2026.02.00579       ID: 79163      | Tgl: 04/02/2026   | Penjualan cafe strada SMS tanggal 4/02/2026
  ✅ FOUND      JV.2026.02.01234       ID: 80302      | Tgl: 05/02/2026   | Uang masuk penjualan cafe strada SMS tanggal 04/02/2026
  ✅ FOUND      JV.2026.02.00632       ID: 79078      | Tgl: 05/02/2026   | Penjualan cafe strada MKG tanggal 5/02/2026
  ✅ FOUND      JV.2026.02.00445       ID: 78430      | Tgl: 06/02/2026   | Uang masuk penjualan cafe strada MKG tanggal 05/02/2026
  ✅ FOUND      JV.2026.02.00580       ID: 79008      | Tgl: 05/02/2026   | Penjualan cafe strada SMS tanggal 5/02/2026
  ✅ FOUND      JV.2026.02.01235       ID: 80353      | Tgl: 06/02/2026   | Uang masuk penjualan cafe strada SMS tanggal 05/02/2026
  ✅ FOUND      JV.2026.02.00633       ID: 78887      | Tgl: 06/02/2026   | Penjualan cafe strada MKG tanggal 6/02/2026
  ✅ FOUND      JV.2026.02.00446       ID: 78272      | Tgl: 07/02/2026   | Uang masuk penjualan cafe strada MKG tanggal 06/02/2026
  ✅ FOUND      JV.2026.02.00581       ID: 78870      | Tgl: 06/02/2026   | Penjualan cafe strada SMS tanggal 6/02/2026
  ✅ FOUND      JV.2026.02.01236       ID: 80177      | Tgl: 07/02/2026   | Uang masuk penjualan cafe strada SMS tanggal 06/02/2026
  ✅ FOUND      JV.2026.02.00635       ID: 78937      | Tgl: 07/02/2026   | Penjualan cafe strada MKG tanggal 7/02/2026
  ✅ FOUND      JV.2026.02.00447       ID: 78473      | Tgl: 08/02/2026   | Uang masuk penjualan cafe strada MKG tanggal 07/02/2026
  ✅ FOUND      JV.2026.02.00583       ID: 79108      | Tgl: 07/02/2026   | Penjualan cafe strada SMS tanggal 7/02/2026
  ✅ FOUND      JV.2026.02.01237       ID: 80303      | Tgl: 08/02/2026   | Uang masuk penjualan cafe strada SMS tanggal 07/02/2026
  ✅ FOUND      JV.2026.02.00636       ID: 78938      | Tgl: 08/02/2026   | Penjualan cafe strada MKG tanggal 8/02/2026
  ✅ FOUND      JV.2026.02.00448       ID: 78273      | Tgl: 09/02/2026   | Uang masuk penjualan cafe strada MKG tanggal 08/02/2026
  ✅ FOUND      JV.2026.02.00584       ID: 79061      | Tgl: 08/02/2026   | Penjualan cafe strada SMS tanggal 8/02/2026
  ✅ FOUND      JV.2026.02.01238       ID: 80043      | Tgl: 09/02/2026   | Uang masuk penjualan cafe strada SMS tanggal 08/02/2026
  ✅ FOUND      JV.2026.02.00637       ID: 79117      | Tgl: 09/02/2026   | Penjualan cafe strada MKG tanggal 9/02/2026
  ✅ FOUND      JV.2026.02.00449       ID: 78324      | Tgl: 10/02/2026   | Uang masuk penjualan cafe strada MKG tanggal 09/02/2026
  ✅ FOUND      JV.2026.02.00585       ID: 79109      | Tgl: 09/02/2026   | Penjualan cafe strada SMS tanggal 9/02/2026
  ✅ FOUND      JV.2026.02.01239       ID: 80304      | Tgl: 10/02/2026   | Uang masuk penjualan cafe strada SMS tanggal 09/02/2026
  ✅ FOUND      JV.2026.02.00639       ID: 78939      | Tgl: 10/02/2026   | Penjualan cafe strada MKG tanggal 10/02/2026
  ✅ FOUND      JV.2026.02.00450       ID: 78228      | Tgl: 11/02/2026   | Uang masuk penjualan cafe strada MKG tanggal 10/02/2026
  ✅ FOUND      JV.2026.02.00586       ID: 79062      | Tgl: 10/02/2026   | Penjualan cafe strada SMS tanggal 10/02/2026
  ✅ FOUND      JV.2026.02.01240       ID: 80354      | Tgl: 11/02/2026   | Uang masuk penjualan cafe strada SMS tanggal 10/02/2026
  ✅ FOUND      JV.2026.02.00640       ID: 78940      | Tgl: 11/02/2026   | Penjualan cafe strada MKG tanggal 11/02/2026
  ✅ FOUND      JV.2026.02.01253       ID: 80223      | Tgl: 12/02/2026   | Uang masuk penjualan cafe strada MKG tanggal 11/02/2026
  ✅ FOUND      JV.2026.02.00587       ID: 79165      | Tgl: 11/02/2026   | Penjualan cafe strada SMS tanggal 11/02/2026
  ✅ FOUND      JV.2026.02.01241       ID: 80044      | Tgl: 12/02/2026   | Uang masuk penjualan cafe strada SMS tanggal 11/02/2026
  ✅ FOUND      JV.2026.02.00641       ID: 78941      | Tgl: 12/02/2026   | Penjualan cafe strada MKG tanggal 12/02/2026
  ✅ FOUND      JV.2026.02.01254       ID: 80224      | Tgl: 13/02/2026   | Uang masuk penjualan cafe strada MKG tanggal 12/02/2026
  ✅ FOUND      JV.2026.02.00588       ID: 78871      | Tgl: 12/02/2026   | Penjualan cafe strada SMS tanggal 12/02/2026
  ✅ FOUND      JV.2026.02.01242       ID: 80355      | Tgl: 13/02/2026   | Uang masuk penjualan cafe strada SMS tanggal 12/02/2026
  ✅ FOUND      JV.2026.02.00642       ID: 78963      | Tgl: 13/02/2026   | Penjualan cafe strada MKG tanggal 13/02/2026
  ✅ FOUND      JV.2026.02.00648       ID: 79081      | Tgl: 13/02/2026   | Penjualan cafe strada SMS tanggal 13/02/2026
  ✅ FOUND      JV.2026.02.01243       ID: 80305      | Tgl: 14/02/2026   | Uang masuk penjualan cafe strada SMS tanggal 13/02/2026
  ✅ FOUND      JV.2026.02.00644       ID: 78889      | Tgl: 14/02/2026   | Penjualan cafe strada MKG tanggal 14/02/2026
  ✅ FOUND      JV.2026.02.01255       ID: 80402      | Tgl: 15/02/2026   | Uang masuk penjualan cafe strada MKG tanggal 14/02/2026
  ✅ FOUND      JV.2026.02.00649       ID: 78964      | Tgl: 14/02/2026   | Penjualan cafe strada SMS tanggal 14/02/2026
  ✅ FOUND      JV.2026.02.01244       ID: 80306      | Tgl: 15/02/2026   | Uang masuk penjualan cafe strada SMS tanggal 14/02/2026
  ✅ FOUND      JV.2026.02.00646       ID: 79174      | Tgl: 15/02/2026   | Penjualan cafe strada MKG tanggal 15/02/2026
  ✅ FOUND      JV.2026.02.01256       ID: 80178      | Tgl: 16/02/2026   | Uang masuk penjualan cafe strada MKG tanggal 15/02/2026
  ✅ FOUND      JV.2026.02.00650       ID: 79175      | Tgl: 15/02/2026   | Penjualan cafe strada SMS tanggal 15/02/2026
  ✅ FOUND      JV.2026.02.01245       ID: 80401      | Tgl: 16/02/2026   | Uang masuk penjualan cafe strada SMS tanggal 15/02/2026
  ✅ FOUND      JV.2026.02.01038       ID: 80065      | Tgl: 16/02/2026   | Penjualan cafe strada MKG tanggal 16/02/2026
  ✅ FOUND      JV.2026.02.01257       ID: 80308      | Tgl: 17/02/2026   | Uang masuk penjualan cafe strada MKG tanggal 16/02/2026
  ✅ FOUND      JV.2026.02.01030       ID: 80205      | Tgl: 16/02/2026   | Penjualan cafe strada SMS tanggal 16/02/2026
  ✅ FOUND      JV.2026.02.01246       ID: 80356      | Tgl: 17/02/2026   | Uang masuk penjualan cafe strada SMS tanggal 16/02/2026
  ✅ FOUND      JV.2026.02.01037       ID: 80064      | Tgl: 17/02/2026   | Penjualan cafe strada MKG tanggal 17/02/2026
  ✅ FOUND      JV.2026.02.01258       ID: 80403      | Tgl: 18/02/2026   | Uang masuk penjualan cafe strada MKG tanggal 17/02/2026
  ✅ FOUND      JV.2026.02.01031       ID: 80158      | Tgl: 17/02/2026   | Penjualan cafe strada SMS tanggal 17/02/2026
  ✅ FOUND      JV.2026.02.01247       ID: 80357      | Tgl: 18/02/2026   | Uang masuk penjualan cafe strada SMS tanggal 17/02/2026
  ✅ FOUND      JV.2026.02.01036       ID: 80011      | Tgl: 18/02/2026   | Penjualan cafe strada MKG tanggal 18/02/2026
  ✅ FOUND      JV.2026.02.01259       ID: 80255      | Tgl: 19/02/2026   | Uang masuk penjualan cafe strada MKG tanggal 18/02/2026
  ✅ FOUND      JV.2026.02.01032       ID: 79963      | Tgl: 18/02/2026   | Penjualan cafe strada SMS tanggal 18/02/2026
  ✅ FOUND      JV.2026.02.01248       ID: 80307      | Tgl: 19/02/2026   | Uang masuk penjualan cafe strada SMS tanggal 18/02/2026
  ✅ FOUND      JV.2026.02.01034       ID: 80110      | Tgl: 19/02/2026   | Penjualan cafe strada MKG tanggal 19/02/2026
  ✅ FOUND      JV.2026.02.01260       ID: 80256      | Tgl: 20/02/2026   | Uang masuk penjualan cafe strada MKG tanggal 19/02/2026
  ✅ FOUND      JV.2026.02.01033       ID: 79912      | Tgl: 19/02/2026   | Penjualan cafe strada SMS tanggal 19/02/2026
  ✅ FOUND      JV.2026.02.01249       ID: 80045      | Tgl: 20/02/2026   | Uang masuk penjualan cafe strada SMS tanggal 19/02/2026
  ✅ FOUND      JV.2026.02.01216       ID: 80036      | Tgl: 20/02/2026   | Penjualan cafe strada MKG tanggal 20/02/2026
  ✅ FOUND      JV.2026.02.01261       ID: 80225      | Tgl: 21/02/2026   | Uang masuk penjualan cafe strada MKG tanggal 20/02/2026
  ✅ FOUND      JV.2026.02.01215       ID: 79944      | Tgl: 20/02/2026   | Penjualan cafe strada SMS tanggal 20/02/2026
  ✅ FOUND      JV.2026.02.01250       ID: 80221      | Tgl: 21/02/2026   | Uang masuk penjualan cafe strada SMS tanggal 20/02/2026
  ✅ FOUND      JV.2026.02.01269       ID: 80364      | Tgl: 21/02/2026   | Penjualan cafe strada MKG tanggal 21/02/2026
  ✅ FOUND      JV.2026.02.01262       ID: 80226      | Tgl: 22/02/2026   | Uang masuk penjualan cafe strada MKG tanggal 21/02/2026
  ✅ FOUND      JV.2026.02.01264       ID: 80309      | Tgl: 21/02/2026   | Penjualan cafe strada SMS tanggal 21/02/2026
  ✅ FOUND      JV.2026.02.01251       ID: 80222      | Tgl: 22/02/2026   | Uang masuk penjualan cafe strada SMS tanggal 21/02/2026
  ✅ FOUND      JV.2026.02.01278       ID: 80451      | Tgl: 22/02/2026   | Penjualan cafe strada MKG tanggal 22/02/2026
  ✅ FOUND      JV.2026.02.01265       ID: 80362      | Tgl: 22/02/2026   | Penjualan cafe strada SMS tanggal 22/02/2026
  ✅ FOUND      JV.2026.02.01312       ID: 80502      | Tgl: 23/02/2026   | Penjualan cafe strada MKG tanggal 23/02/2026
  ✅ FOUND      JV.2026.02.01311       ID: 80501      | Tgl: 23/02/2026   | Penjualan cafe strada SMS tanggal 23/02/2026
  ✅ FOUND      JV.2026.02.01364       ID: 80557      | Tgl: 24/02/2026   | Penjualan cafe strada MKG tanggal 24/02/2026
  ✅ FOUND      JV.2026.02.01363       ID: 80513      | Tgl: 24/02/2026   | Penjualan cafe strada SMS tanggal 24/02/2026
  ✅ FOUND      JV.2026.02.01499       ID: 80784      | Tgl: 25/02/2026   | Penjualan cafe strada MKG tanggal 25/02/2026
  ✅ FOUND      JV.2026.02.01498       ID: 80542      | Tgl: 25/02/2026   | Penjualan cafe strada SMS tanggal 25/02/2026
  ✅ FOUND      JV.2026.02.01509       ID: 81001      | Tgl: 26/02/2026   | Penjualan cafe strada MKG tanggal 26/02/2026
  ✅ FOUND      JV.2026.02.01507       ID: 80950      | Tgl: 26/02/2026   | Penjualan cafe strada SMS tanggal 26/02/2026
  ✅ FOUND      JV.2026.02.01631       ID: 81269      | Tgl: 27/02/2026   | Penjualan cafe strada MKG tanggal 27/02/2026
  ✅ FOUND      JV.2026.02.01630       ID: 81125      | Tgl: 27/02/2026   | Penjualan cafe strada SMS tanggal 27/02/2026
  ✅ FOUND      JV.2026.02.01633       ID: 81270      | Tgl: 28/02/2026   | Penjualan cafe strada MKG tanggal 28/02/2026
  ✅ FOUND      JV.2026.02.01632       ID: 81069      | Tgl: 28/02/2026   | Penjualan cafe strada SMS tanggal 28/02/2026
  ✅ FOUND      JV.2026.03.00011       ID: 81070      | Tgl: 01/03/2026   | Penjualan cafe strada MKG tanggal 01/03/2026
  ✅ FOUND      JV.2026.03.00010       ID: 81271      | Tgl: 01/03/2026   | Penjualan cafe strada SMS tanggal 01/03/2026
  ✅ FOUND      JV.2026.03.00187       ID: 81573      | Tgl: 02/03/2026   | Penjualan cafe strada MKG tanggal 02/03/2026
  ✅ FOUND      JV.2026.03.00186       ID: 81629      | Tgl: 02/03/2026   | Penjualan cafe strada SMS tanggal 02/03/2026
  ✅ FOUND      JV.2026.03.00215       ID: 81707      | Tgl: 03/03/2026   | Penjualan cafe strada MKG tanggal 03/03/2026
  ✅ FOUND      JV.2026.03.00188       ID: 81574      | Tgl: 03/03/2026   | Penjualan cafe strada SMS tanggal 03/03/2026
  ✅ FOUND      JV.2026.03.00217       ID: 82003      | Tgl: 04/03/2026   | Penjualan cafe strada MKG tanggal 04/03/2026
  ✅ FOUND      JV.2026.03.00216       ID: 82002      | Tgl: 04/03/2026   | Penjualan cafe strada SMS tanggal 04/03/2026
  ✅ FOUND      JV.2026.03.00219       ID: 81956      | Tgl: 05/03/2026   | Penjualan cafe strada MKG tanggal 05/03/2026
  ✅ FOUND      JV.2026.03.00218       ID: 82004      | Tgl: 05/03/2026   | Penjualan cafe strada SMS tanggal 05/03/2026
  ✅ FOUND      JV.2026.03.00222       ID: 81758      | Tgl: 06/03/2026   | Penjualan cafe strada MKG tanggal 06/03/2026
  ✅ FOUND      JV.2026.03.00220       ID: 81901      | Tgl: 06/03/2026   | Penjualan cafe strada SMS tanggal 06/03/2026
  ✅ FOUND      JV.2026.03.00225       ID: 81760      | Tgl: 07/03/2026   | Penjualan cafe strada MKG tanggal 07/03/2026
  ✅ FOUND      JV.2026.03.00223       ID: 81803      | Tgl: 07/03/2026   | Penjualan cafe strada SMS tanggal 07/03/2026
  ✅ FOUND      JV.2026.03.00227       ID: 82005      | Tgl: 08/03/2026   | Penjualan cafe strada MKG tanggal 08/03/2026
  ✅ FOUND      JV.2026.03.00226       ID: 81959      | Tgl: 08/03/2026   | Penjualan cafe strada SMS tanggal 08/03/2026
  ✅ FOUND      JV.2026.03.00252       ID: 82301      | Tgl: 09/03/2026   | Penjualan cafe strada MKG tanggal 09/03/2026
  ✅ FOUND      JV.2026.03.00251       ID: 82054      | Tgl: 09/03/2026   | Penjualan cafe strada SMS tanggal 09/03/2026
  ✅ FOUND      JV.2026.03.00629       ID: 82529      | Tgl: 10/03/2026   | Uang masuk penjualan cafe strada SMS tanggal 09/03/2026
  ✅ FOUND      JV.2026.03.00299       ID: 82065      | Tgl: 10/03/2026   | Penjualan cafe strada MKG tanggal 10/03/2026
  ✅ FOUND      JV.2026.03.00296       ID: 82260      | Tgl: 10/03/2026   | Penjualan cafe strada SMS tanggal 10/03/2026
  ✅ FOUND      JV.2026.03.00628       ID: 82567      | Tgl: 11/03/2026   | Uang masuk penjualan cafe strada SMS tanggal 10/03/2026
  ✅ FOUND      JV.2026.03.00392       ID: 82188      | Tgl: 11/03/2026   | Penjualan cafe strada MKG tanggal 11/03/2026
  ✅ FOUND      JV.2026.03.00391       ID: 82277      | Tgl: 11/03/2026   | Penjualan cafe strada SMS tanggal 11/03/2026
  ✅ FOUND      JV.2026.03.00627       ID: 82472      | Tgl: 12/03/2026   | Uang masuk penjualan cafe strada SMS tanggal 11/03/2026
  ✅ FOUND      JV.2026.03.00626       ID: 82129      | Tgl: 13/03/2026   | Uang masuk penjualan cafe strada SMS tanggal 12/03/20026
  ✅ FOUND      JV.2026.03.00493       ID: 82119      | Tgl: 12/03/2026   | Penjualan cafe strada MKG tanggal 12/03/2026
  ✅ FOUND      JV.2026.03.00492       ID: 82505      | Tgl: 12/03/2026   | Penjualan cafe strada SMS tanggal 12/03/2026
  ✅ FOUND      JV.2026.03.00657       ID: 82610      | Tgl: 13/03/2026   | Penjualan cafe strada MKG tanggal 13/03/2026
  ✅ FOUND      JV.2026.03.00621       ID: 82564      | Tgl: 13/03/2026   | Penjualan cafe strada SMS tanggal 13/03/2026
  ✅ FOUND      JV.2026.03.00623       ID: 82604      | Tgl: 14/03/2026   | Uang masuk penjualan cafe strada SMS tanggal 13/03/2026
  ✅ FOUND      JV.2026.03.00701       ID: 82710      | Tgl: 14/03/2026   | Penjualan cafe strada MKG tanggal 14/03/2026
  ✅ FOUND      JV.2026.03.00700       ID: 82618      | Tgl: 14/03/2026   | Penjualan cafe strada SMS tanggal 14/03/2026
  ✅ FOUND      JV.2026.03.00703       ID: 82711      | Tgl: 15/03/2026   | Penjualan cafe strada MKG tanggal 15/03/2026
  ✅ FOUND      JV.2026.03.00702       ID: 82480      | Tgl: 15/03/2026   | Penjualan cafe strada SMS tanggal 15/03/2026
  ✅ FOUND      JV.2026.03.00705       ID: 82232      | Tgl: 16/03/2026   | Penjualan cafe strada MKG tanggal 16/03/2026
  ✅ FOUND      JV.2026.03.00704       ID: 82712      | Tgl: 16/03/2026   | Penjualan cafe strada SMS tanggal 16/03/2026
  ✅ FOUND      JV.2026.03.00737       ID: 82751      | Tgl: 17/03/2026   | Penjualan cafe strada MKG tanggal 17/03/2026
  ✅ FOUND      JV.2026.03.00736       ID: 82718      | Tgl: 17/03/2026   | Penjualan cafe strada SMS tanggal 17/03/2026
  ✅ FOUND      JV.2026.03.00988       ID: 83052      | Tgl: 18/03/2026   | Penjualan cafe strada MKG tanggal 18/03/2026
  ✅ FOUND      JV.2026.03.01356       ID: 84000      | Tgl: 18/03/2026   | Penjualan cafe strada SMB Gold Lounge tanggal 18/03/2026
  ✅ FOUND      JV.2026.03.01357       ID: 83969      | Tgl: 19/03/2026   | Uang masuk penjualan cafe strada SMB Gold Lounge tanggal 18/03/2026
  ✅ FOUND      JV.2026.03.00987       ID: 82840      | Tgl: 18/03/2026   | Penjualan cafe strada SMS tanggal 18/03/2026
  ✅ FOUND      JV.2026.03.01022       ID: 83006      | Tgl: 19/03/2026   | Penjualan cafe strada MKG tanggal 19/03/2026
  ✅ FOUND      JV.2026.03.01021       ID: 83059      | Tgl: 19/03/2026   | Penjualan cafe strada SMS tanggal 19/03/2026
  ✅ FOUND      JV.2026.03.01024       ID: 82848      | Tgl: 20/03/2026   | Penjualan cafe strada MKG tanggal 20/03/2026
  ✅ FOUND      JV.2026.03.01023       ID: 82907      | Tgl: 20/03/2026   | Penjualan cafe strada SMS tanggal 20/03/2026
  ✅ FOUND      JV.2026.03.01026       ID: 82849      | Tgl: 21/03/2026   | Penjualan cafe strada MKG tanggal 21/03/2026
  ✅ FOUND      JV.2026.03.01025       ID: 82908      | Tgl: 21/03/2026   | Penjualan cafe strada SMS tanggal 21/03/2026
  ✅ FOUND      JV.2026.03.01029       ID: 82966      | Tgl: 22/03/2026   | Penjualan cafe strada MKG tanggal 22/03/2026
  ✅ FOUND      JV.2026.03.01027       ID: 82965      | Tgl: 22/03/2026   | Penjualan cafe strada SMS tanggal 22/03/2026
  ✅ FOUND      JV.2026.03.01032       ID: 82890      | Tgl: 23/03/2026   | Penjualan cafe strada MKG tanggal 23/03/2026
  ✅ FOUND      JV.2026.03.01030       ID: 82889      | Tgl: 23/03/2026   | Penjualan cafe strada SMS tanggal 23/03/2026
  ✅ FOUND      JV.2026.03.01034       ID: 82909      | Tgl: 24/03/2026   | Penjualan cafe strada MKG tanggal 24/03/2026
  ✅ FOUND      JV.2026.03.01033       ID: 83007      | Tgl: 24/03/2026   | Penjualan cafe strada SMS tanggal 24/03/2026
  ✅ FOUND      JV.2026.03.01036       ID: 82967      | Tgl: 25/03/2026   | Penjualan cafe strada MKG tanggal 25/03/2026
  ✅ FOUND      JV.2026.03.01035       ID: 82910      | Tgl: 25/03/2026   | Penjualan cafe strada SMS tanggal 25/03/2026
  ✅ FOUND      JV.2026.03.01085       ID: 83106      | Tgl: 26/03/2026   | Penjualan cafe strada MKG tanggal 26/03/2026
  ✅ FOUND      JV.2026.03.01084       ID: 83073      | Tgl: 26/03/2026   | Penjualan cafe strada SMS tanggal 26/03/2026
  ✅ FOUND      JV.2026.03.01106       ID: 83203      | Tgl: 27/03/2026   | Penjualan cafe strada MKG tanggal 27/03/2026
  ✅ FOUND      JV.2026.03.01105       ID: 83080      | Tgl: 27/03/2026   | Penjualan cafe strada SMS tanggal 27/03/2026
  ✅ FOUND      JV.2026.03.01171       ID: 83215      | Tgl: 28/03/2026   | Penjualan cafe strada MKG tanggal 28/03/2026
  ✅ FOUND      JV.2026.03.01166       ID: 83214      | Tgl: 28/03/2026   | Penjualan cafe strada SMS tanggal 28/03/2026
  ✅ FOUND      JV.2026.03.01176       ID: 82985      | Tgl: 29/03/2026   | Penjualan cafe strada MKG tanggal 29/03/2026
  ✅ FOUND      JV.2026.03.01175       ID: 83122      | Tgl: 29/03/2026   | Penjualan cafe strada SMS tanggal 29/03/2026
  ✅ FOUND      JV.2026.03.01218       ID: 83250      | Tgl: 30/03/2026   | Penjualan cafe strada MKG tanggal 30/03/2026
  ✅ FOUND      JV.2026.03.01217       ID: 83182      | Tgl: 30/03/2026   | Penjualan cafe strada SMS tanggal 30/03/2026
  ✅ FOUND      JV.2026.03.01220       ID: 82994      | Tgl: 31/03/2026   | Penjualan cafe strada MKG tanggal 31/03/2026
  ✅ FOUND      JV.2026.03.01219       ID: 83251      | Tgl: 31/03/2026   | Penjualan cafe strada SMS tanggal 31/03/2026
  ✅ FOUND      JV.2026.04.00044       ID: 83238      | Tgl: 01/04/2026   | Penjualan cafe strada MKG tanggal 01/04/2026
  ✅ FOUND      JV.2026.04.00043       ID: 82932      | Tgl: 01/04/2026   | Penjualan cafe strada SMS tanggal 01/04/2026
  ✅ FOUND      JV.2026.04.00467       ID: 83640      | Tgl: 02/04/2026   | Penjualan cafe strada MKG tanggal 02/04/2026
  ✅ FOUND      JV.2026.04.00466       ID: 83639      | Tgl: 02/04/2026   | Penjualan cafe strada SMS tanggal 02/04/2026
  ✅ FOUND      JV.2026.04.00472       ID: 83749      | Tgl: 03/04/2026   | Penjualan cafe strada MKG tanggal 03/04/2026
  ✅ FOUND      JV.2026.04.00468       ID: 83748      | Tgl: 03/04/2026   | Penjualan cafe strada SMS tanggal 03/04/2026
  ✅ FOUND      JV.2026.04.00474       ID: 83528      | Tgl: 04/04/2026   | Penjualan cafe strada MKG tanggal 04/04/2026
  ✅ FOUND      JV.2026.04.00473       ID: 83577      | Tgl: 04/04/2026   | Penjualan cafe strada SMS tanggal 04/04/2026
  ✅ FOUND      JV.2026.04.00477       ID: 83846      | Tgl: 05/04/2026   | Penjualan cafe strada MKG tanggal 05/04/2026
  ✅ FOUND      JV.2026.04.00475       ID: 83900      | Tgl: 05/04/2026   | Penjualan cafe strada SMS tanggal 05/04/2026
  ✅ FOUND      JV.2026.04.00479       ID: 83901      | Tgl: 06/04/2026   | Penjualan cafe strada MKG tanggal 06/04/2026
  ✅ FOUND      JV.2026.04.00478       ID: 83847      | Tgl: 06/04/2026   | Penjualan cafe strada SMS tanggal 06/04/2026
  ✅ FOUND      JV.2026.04.00482       ID: 83578      | Tgl: 07/04/2026   | Penjualan cafe strada MKG tanggal 07/04/2026
  ✅ FOUND      JV.2026.04.00481       ID: 83848      | Tgl: 07/04/2026   | Penjualan cafe strada SMS tanggal 07/04/2026
  ✅ FOUND      JV.2026.04.00339       ID: 83813      | Tgl: 08/04/2026   | Penjualan cafe strada MKG tanggal 08/04/2026
  ✅ FOUND      JV.2026.04.00340       ID: 83761      | Tgl: 09/04/2026   | Uang masuk penjualan cafe strada MKG tanggal 08/04/2026
  ✅ FOUND      JV.2026.04.00484       ID: 83774      | Tgl: 08/04/2026   | Penjualan cafe strada SMS tanggal 08/04/2026
  ✅ FOUND      JV.2026.04.00487       ID: 83862      | Tgl: 09/04/2026   | Penjualan cafe strada MKG tanggal 09/04/2026
  ✅ FOUND      JV.2026.04.00486       ID: 83849      | Tgl: 09/04/2026   | Penjualan cafe strada SMS tanggal 09/04/2026
  ✅ FOUND      JV.2026.04.00544       ID: 83648      | Tgl: 10/04/2026   | Penjualan cafe strada MKG tanggal 10/04/2026
  ✅ FOUND      JV.2026.04.00543       ID: 83589      | Tgl: 10/04/2026   | Penjualan cafe strada SMS tanggal 10/04/2026
  ✅ FOUND      JV.2025.12.01385       ID: 78363      | Tgl: 01/12/2025   | Penjualan cafe strada MKG tanggal 01/12/2026
  ✅ FOUND      JV.2025.12.01386       ID: 78364      | Tgl: 02/12/2025   | Penjualan cafe strada MKG tanggal 02/12/2026
  ✅ FOUND      JV.2025.12.01387       ID: 78311      | Tgl: 03/12/2025   | Penjualan cafe strada MKG tanggal 03/12/2026
  ✅ FOUND      JV.2025.12.01410       ID: 78371      | Tgl: 25/12/2025   | Penjualan cafe strada MKG tanggal 25/12/2026

Ditemukan  : 1355
Tidak ada  : 0

──────────────────────────────────────────────────────────────────────
FASE 2 — DELETE  (Keterangan: "Di buatkan kembali oleh BREW")
──────────────────────────────────────────────────────────────────────
  [  1/1355] ✅ DELETED  | 14-04-2026, 18.48.19 WIB | JV.2025.01.00064       | Tgl jurnal: 01/01/2025   | Penjualan cafe strada MKG tanggal 01/01/2025
  [  2/1355] ✅ DELETED  | 14-04-2026, 18.48.20 WIB | JV.2025.01.00065       | Tgl jurnal: 02/01/2025   | Uang masuk penjualan cafe strada MKG tanggal 01/01/2025
  [  3/1355] ✅ DELETED  | 14-04-2026, 18.48.21 WIB | JV.2025.01.00081       | Tgl jurnal: 02/01/2025   | Penjualan cafe strada MKG tanggal 02/01/2025
  [  4/1355] ✅ DELETED  | 14-04-2026, 18.48.21 WIB | JV.2025.01.00082       | Tgl jurnal: 03/01/2025   | Uang masuk penjualan cafe strada MKG tanggal 02/01/2025
  [  5/1355] ✅ DELETED  | 14-04-2026, 18.48.22 WIB | JV.2025.01.00083       | Tgl jurnal: 03/01/2025   | Penjualan cafe strada MKG tanggal 03/01/2025
  [  6/1355] ✅ DELETED  | 14-04-2026, 18.48.23 WIB | JV.2025.01.00084       | Tgl jurnal: 04/01/2025   | Uang masuk penjualan cafe strada MKG tanggal 03/01/2025
  [  7/1355] ✅ DELETED  | 14-04-2026, 18.48.24 WIB | JV.2025.01.00085       | Tgl jurnal: 04/01/2025   | Penjualan cafe strada MKG tanggal 04/01/2025
  [  8/1355] ✅ DELETED  | 14-04-2026, 18.48.24 WIB | JV.2025.01.00086       | Tgl jurnal: 05/01/2025   | Uang masuk penjualan cafe strada MKG tanggal 04/01/2025
  [  9/1355] ✅ DELETED  | 14-04-2026, 18.48.25 WIB | JV.2025.01.00087       | Tgl jurnal: 05/01/2025   | Penjualan cafe strada MKG tanggal 05/01/2025
  [ 10/1355] ✅ DELETED  | 14-04-2026, 18.48.26 WIB | JV.2025.01.00088       | Tgl jurnal: 06/01/2025   | Uang masuk penjualan cafe strada MKG tanggal 05/01/2025
  [ 11/1355] ✅ DELETED  | 14-04-2026, 18.48.27 WIB | JV.2025.01.00184       | Tgl jurnal: 06/01/2025   | Penjualan cafe strada MKG tanggal 06/01/2025
  [ 12/1355] ✅ DELETED  | 14-04-2026, 18.48.27 WIB | JV.2025.01.00185       | Tgl jurnal: 07/01/2025   | Uang masuk penjualan cafe strada MKG tanggal 06/01/2025
  [ 13/1355] ✅ DELETED  | 14-04-2026, 18.48.28 WIB | JV.2025.01.00172       | Tgl jurnal: 07/01/2025   | Penjualan cafe strada MKG tanggal 07/01/2025
  [ 14/1355] ✅ DELETED  | 14-04-2026, 18.48.29 WIB | JV.2025.01.00178       | Tgl jurnal: 08/01/2025   | Uang masuk penjualan cafe strada MKG tanggal 07/01/2025
  [ 15/1355] ✅ DELETED  | 14-04-2026, 18.48.30 WIB | JV.2025.01.00173       | Tgl jurnal: 08/01/2025   | Penjualan cafe strada MKG tanggal 08/01/2025
  [ 16/1355] ✅ DELETED  | 14-04-2026, 18.48.30 WIB | JV.2025.01.00179       | Tgl jurnal: 09/01/2025   | Uang masuk penjualancafe strada MKG tanggal 08/01/2025
  [ 17/1355] ✅ DELETED  | 14-04-2026, 18.48.31 WIB | JV.2025.01.00174       | Tgl jurnal: 09/01/2025   | Penjualan cafe strada MKG tanggal 09/01/2025
  [ 18/1355] ✅ DELETED  | 14-04-2026, 18.48.32 WIB | JV.2025.01.00180       | Tgl jurnal: 10/01/2025   | Uang masuk penjualan cafe strada MKG tanggal 09/01/2025
  [ 19/1355] ✅ DELETED  | 14-04-2026, 18.48.33 WIB | JV.2025.01.00175       | Tgl jurnal: 10/01/2025   | Penjualan cafe strada MKG tanggal 10/01/2025
  [ 20/1355] ✅ DELETED  | 14-04-2026, 18.48.33 WIB | JV.2025.01.00181       | Tgl jurnal: 11/01/2025   | Uang masuk penjualan cafe strada MKG tanggal 10/01/2025
  [ 21/1355] ✅ DELETED  | 14-04-2026, 18.48.34 WIB | JV.2025.01.00176       | Tgl jurnal: 11/01/2025   | Penjualan cafe strada MKG tanggal 11/01/2025
  [ 22/1355] ✅ DELETED  | 14-04-2026, 18.48.35 WIB | JV.2025.01.00182       | Tgl jurnal: 12/01/2025   | Uang masuk penjualan cafe strada MKG tanggal 11/01/2025
  [ 23/1355] ✅ DELETED  | 14-04-2026, 18.48.36 WIB | JV.2025.01.00177       | Tgl jurnal: 12/01/2025   | Penjualan cafe strada MKG tanggal 12/01/2025
  [ 24/1355] ✅ DELETED  | 14-04-2026, 18.48.36 WIB | JV.2025.01.00183       | Tgl jurnal: 13/01/2025   | Uang masuk penjualan cafe strada MKG tanggal 12/01/2025
  [ 25/1355] ✅ DELETED  | 14-04-2026, 18.48.37 WIB | JV.2025.01.00352       | Tgl jurnal: 13/01/2025   | Penjualan cafe strada MKG tanggal 13/01/2025
  [ 26/1355] ✅ DELETED  | 14-04-2026, 18.48.38 WIB | JV.2025.01.00353       | Tgl jurnal: 14/01/2025   | Uang masuk penjualan cafe strada MKG tanggal 13/01/2025
  [ 27/1355] ✅ DELETED  | 14-04-2026, 18.48.39 WIB | JV.2025.01.00355       | Tgl jurnal: 15/01/2025   | Uang masuk penjualan cafe strada MKG tanggal 13/01/2025 - 14/01/2025
  [ 28/1355] ✅ DELETED  | 14-04-2026, 18.48.39 WIB | JV.2025.01.00354       | Tgl jurnal: 14/01/2025   | Penjualan cafe strada MKG tanggal 14/01/2025
  [ 29/1355] ✅ DELETED  | 14-04-2026, 18.48.40 WIB | JV.2025.01.00356       | Tgl jurnal: 15/01/2025   | Penjualan cafe strada MKG tanggal 15/01/2025
  [ 30/1355] ✅ DELETED  | 14-04-2026, 18.48.41 WIB | JV.2025.01.00357       | Tgl jurnal: 16/01/2025   | Uang masuk penjualan cafe strada MKG tanggal 15/01/2025
  [ 31/1355] ✅ DELETED  | 14-04-2026, 18.48.42 WIB | JV.2025.01.00358       | Tgl jurnal: 16/01/2025   | Penjualan cafe strada MKG tanggal 16/01/2025
  [ 32/1355] ✅ DELETED  | 14-04-2026, 18.48.42 WIB | JV.2025.01.00359       | Tgl jurnal: 17/01/2025   | Uang masuk penjualan cafe strada MKG tanggal 16/01/2025
  [ 33/1355] ✅ DELETED  | 14-04-2026, 18.48.43 WIB | JV.2025.01.00460       | Tgl jurnal: 17/01/2025   | Uang penjualan cafe strada MKG tanggal 17/01/2025
  [ 34/1355] ✅ DELETED  | 14-04-2026, 18.48.44 WIB | JV.2025.01.00675       | Tgl jurnal: 18/01/2025   | Uang masuk penjualan cafe strada MKG tanggal 17/01/2025
  [ 35/1355] ✅ DELETED  | 14-04-2026, 18.48.45 WIB | JV.2025.01.00664       | Tgl jurnal: 18/01/2025   | Penjualan cafe strada MKG tanggal 18/01/2025
  [ 36/1355] ✅ DELETED  | 14-04-2026, 18.48.45 WIB | JV.2025.01.00676       | Tgl jurnal: 19/01/2025   | Uang masuk penjualan cafe strada MKG tanggal 18/01/2025
  [ 37/1355] ✅ DELETED  | 14-04-2026, 18.48.46 WIB | JV.2025.01.00665       | Tgl jurnal: 19/01/2025   | Penjualan cafe strada MKG tanggal 19/01/2025
  [ 38/1355] ✅ DELETED  | 14-04-2026, 18.48.47 WIB | JV.2025.01.00677       | Tgl jurnal: 20/01/2025   | Uang masuk penjualan cafe strada MKG tanggal 19/01/2025
  [ 39/1355] ✅ DELETED  | 14-04-2026, 18.48.48 WIB | JV.2025.01.00666       | Tgl jurnal: 20/01/2025   | Penjualan cafe strada MKG tanggal 20/01/2025
  [ 40/1355] ✅ DELETED  | 14-04-2026, 18.48.48 WIB | JV.2025.01.00678       | Tgl jurnal: 21/01/2025   | Uang masuk penjualan cafe strada MKG tanggal 20/01/2025
  [ 41/1355] ✅ DELETED  | 14-04-2026, 18.48.49 WIB | JV.2025.01.00667       | Tgl jurnal: 21/01/2025   | Penjualan cafe strada MKG tanggal 21/01/2025
  [ 42/1355] ✅ DELETED  | 14-04-2026, 18.48.50 WIB | JV.2025.01.00679       | Tgl jurnal: 22/01/2025   | Uang masuk penjualan cafe strada MKG tanggal 21/01/2025
  [ 43/1355] ✅ DELETED  | 14-04-2026, 18.48.50 WIB | JV.2025.01.00668       | Tgl jurnal: 22/01/2025   | Penjualan cafe strada MKG tanggal 22/01/2025
  [ 44/1355] ✅ DELETED  | 14-04-2026, 18.48.51 WIB | JV.2025.01.00680       | Tgl jurnal: 23/01/2025   | Uang masuk penjualan cafe strada MKG tanggal 22/01/2025
  [ 45/1355] ✅ DELETED  | 14-04-2026, 18.48.52 WIB | JV.2025.01.00669       | Tgl jurnal: 23/01/2025   | Penjualan cafe strada MKG tanggal 23/01/2025
  [ 46/1355] ✅ DELETED  | 14-04-2026, 18.48.53 WIB | JV.2025.01.00681       | Tgl jurnal: 24/01/2025   | Uang masuk penjualan cafe strada MKG tanggal 23/01/2025
  [ 47/1355] ✅ DELETED  | 14-04-2026, 18.48.53 WIB | JV.2025.01.00670       | Tgl jurnal: 24/01/2025   | Penjualan cafe strada MKG tanggal 24/01/2025
  [ 48/1355] ✅ DELETED  | 14-04-2026, 18.48.54 WIB | JV.2025.01.00682       | Tgl jurnal: 25/01/2025   | Uang masuk penjualan cafe strada MKG tanggal 24/01/2025
  [ 49/1355] ✅ DELETED  | 14-04-2026, 18.48.55 WIB | JV.2025.01.00671       | Tgl jurnal: 25/01/2025   | Penjualan cafe strada MKG tanggal 25/01/2025
  [ 50/1355] ✅ DELETED  | 14-04-2026, 18.48.56 WIB | JV.2025.01.00683       | Tgl jurnal: 26/01/2025   | Uang masuk penjualan cafe strada MKG tanggal 25/01/2025
  [ 51/1355] ✅ DELETED  | 14-04-2026, 18.48.57 WIB | JV.2025.01.00672       | Tgl jurnal: 26/01/2025   | Penjualan cafe strada MKG tanggal 26/01/2025
  [ 52/1355] ✅ DELETED  | 14-04-2026, 18.48.57 WIB | JV.2025.01.00684       | Tgl jurnal: 27/01/2025   | Uang masuk penjualan cafe strada MKG tanggal 26/01/2025
  [ 53/1355] ✅ DELETED  | 14-04-2026, 18.48.58 WIB | JV.2025.12.01441       | Tgl jurnal: 27/12/2025   | Uang masuk penjualan cafe strada MKG tanggal 26/01/2025
  [ 54/1355] ✅ DELETED  | 14-04-2026, 18.48.59 WIB | JV.2025.01.00673       | Tgl jurnal: 27/01/2025   | Penjualan cafe strada MKG tanggal 27/01/2025
  [ 55/1355] ✅ DELETED  | 14-04-2026, 18.49.00 WIB | JV.2025.01.00685       | Tgl jurnal: 28/01/2025   | Uang masuk penjualan cafe strada MKG tanggal 27/01/2025
  [ 56/1355] ✅ DELETED  | 14-04-2026, 18.49.00 WIB | JV.2025.01.00806       | Tgl jurnal: 29/01/2025   | Uang masuk penjualan cafe strada MKG tanggal 28/01/2025
  [ 57/1355] ✅ DELETED  | 14-04-2026, 18.49.01 WIB | JV.2025.01.00674       | Tgl jurnal: 29/01/2025   | Penjualan cafe strada MKG tanggal 29/01/2025
  [ 58/1355] ✅ DELETED  | 14-04-2026, 18.49.02 WIB | JV.2025.01.00807       | Tgl jurnal: 30/01/2025   | Uang masuk penjualan cafe strada MKG tanggal 28 & 29/01/2025
  [ 59/1355] ✅ DELETED  | 14-04-2026, 18.49.03 WIB | JV.2025.01.00883       | Tgl jurnal: 31/01/2025   | Uang masuk penjualan cafe strada MKG tanggal 30/01/2025
  [ 60/1355] ✅ DELETED  | 14-04-2026, 18.49.03 WIB | JV.2025.02.00325       | Tgl jurnal: 01/02/2025   | Uang masuk penjualan cafe strada MKG tanggal 31/01/2025
  [ 61/1355] ✅ DELETED  | 14-04-2026, 18.49.04 WIB | JV.2025.02.00326       | Tgl jurnal: 02/02/2025   | Uang masuk penjualan cafe strada MKG tanggal 01/02/2025
  [ 62/1355] ✅ DELETED  | 14-04-2026, 18.49.05 WIB | JV.2025.02.00327       | Tgl jurnal: 03/02/2025   | Uang masuk penjualan cafe strada MKG tanggal 02/02/2025
  [ 63/1355] ✅ DELETED  | 14-04-2026, 18.49.06 WIB | JV.2025.02.00328       | Tgl jurnal: 04/02/2025   | Uang masuk penjualan cafe strada MKG tgl 03/02/2025
  [ 64/1355] ✅ DELETED  | 14-04-2026, 18.49.07 WIB | JV.2025.12.01480       | Tgl jurnal: 04/12/2025   | Uang masuk penjualan cafe strada SMS tanggal 03/02/2025
  [ 65/1355] ✅ DELETED  | 14-04-2026, 18.49.08 WIB | JV.2025.02.00335       | Tgl jurnal: 05/02/2025   | Uang masuk penjualan cafe strada MKG tgl 04/02/2025
  [ 66/1355] ✅ DELETED  | 14-04-2026, 18.49.08 WIB | JV.2025.02.00329       | Tgl jurnal: 06/02/2025   | Uang masuk penjualan cafe strada MKG tgl 05/02/2025
  [ 67/1355] ✅ DELETED  | 14-04-2026, 18.49.09 WIB | JV.2025.02.00330       | Tgl jurnal: 07/02/2025   | Uang masuk penjualan cafe strada MKG tgl 06/02/2025
  [ 68/1355] ✅ DELETED  | 14-04-2026, 18.49.10 WIB | JV.2025.02.00331       | Tgl jurnal: 08/02/2025   | Uang masuk penjualan cafe strada MKG tgl 07/02/2025
  [ 69/1355] ✅ DELETED  | 14-04-2026, 18.49.11 WIB | JV.2025.02.00332       | Tgl jurnal: 09/02/2025   | Uang masuk penjualan cafe strada MKG tgl 08/02/2025
  [ 70/1355] ✅ DELETED  | 14-04-2026, 18.49.11 WIB | JV.2025.02.00333       | Tgl jurnal: 10/02/2025   | Uang masuk penjualan cafe strada MKG tgl 09/02/2025
  [ 71/1355] ✅ DELETED  | 14-04-2026, 18.49.12 WIB | JV.2025.02.00334       | Tgl jurnal: 11/02/2025   | Uang masuk penjualan cafe strada MKG tgl 10/02/2025
  [ 72/1355] ✅ DELETED  | 14-04-2026, 18.49.13 WIB | JV.2025.02.00336       | Tgl jurnal: 12/02/2025   | Uang masuk penjualan cafe strada MKG tgl 11/02/2025
  [ 73/1355] ✅ DELETED  | 14-04-2026, 18.49.14 WIB | JV.2025.02.00398       | Tgl jurnal: 12/02/2025   | Penjualan cafe strada MKG tanggal 12/02/2025
  [ 74/1355] ✅ DELETED  | 14-04-2026, 18.49.14 WIB | JV.2025.02.00616       | Tgl jurnal: 13/02/2025   | Uang masuk penjualan cafe strada MKG taggal 12/02/2025
  [ 75/1355] ✅ DELETED  | 14-04-2026, 18.49.15 WIB | JV.2025.02.00399       | Tgl jurnal: 13/02/2025   | Penjualan cafe strada MKG tanggal 13/02/2025
  [ 76/1355] ✅ DELETED  | 14-04-2026, 18.49.16 WIB | JV.2025.02.00617       | Tgl jurnal: 14/02/2025   | Uang masuk penjualan cafe strada MKG tanggal 13/02/2025
  [ 77/1355] ✅ DELETED  | 14-04-2026, 18.49.17 WIB | JV.2025.02.00400       | Tgl jurnal: 14/02/2025   | Penjualan cafe strada MKG tanggal 14/02/025
  [ 78/1355] ✅ DELETED  | 14-04-2026, 18.49.17 WIB | JV.2025.02.00618       | Tgl jurnal: 15/02/2025   | Uang masuk penjualan cafe strada MKG tanggal 14/02/2025
  [ 79/1355] ✅ DELETED  | 14-04-2026, 18.49.18 WIB | JV.2025.02.00401       | Tgl jurnal: 15/02/2025   | Penjualan cafe strada MKG tanggal 15/02/2025
  [ 80/1355] ✅ DELETED  | 14-04-2026, 18.49.19 WIB | JV.2025.02.00619       | Tgl jurnal: 16/02/2025   | Uang masuk penjualan cafe strada MKG tanggal 15/02/2025
  [ 81/1355] ✅ DELETED  | 14-04-2026, 18.49.19 WIB | JV.2025.02.00402       | Tgl jurnal: 16/02/2025   | Penjualan cafe strada MKG tanggal 16/02/2025
  [ 82/1355] ✅ DELETED  | 14-04-2026, 18.49.20 WIB | JV.2025.02.00620       | Tgl jurnal: 17/02/2025   | Uang masuk penjualan cafe strada MKG tanggal 16/02/2025
  [ 83/1355] ✅ DELETED  | 14-04-2026, 18.49.21 WIB | JV.2025.02.00759       | Tgl jurnal: 17/02/2025   | Penjualan cafe strada MKG tanggal 17/02/2025
  [ 84/1355] ✅ DELETED  | 14-04-2026, 18.49.22 WIB | JV.2025.02.00863       | Tgl jurnal: 18/02/2025   | Uang masuk penjualan cafe strada MKG tanggal 17/02/2025
  [ 85/1355] ✅ DELETED  | 14-04-2026, 18.49.22 WIB | JV.2025.02.00760       | Tgl jurnal: 18/02/2025   | Penjualan cafe strada MKG tanggal 18/02/2025
  [ 86/1355] ✅ DELETED  | 14-04-2026, 18.49.23 WIB | JV.2025.02.00864       | Tgl jurnal: 19/02/2025   | Uang masuk penjualan cafe strada MKG tanggal 18/02/2025
  [ 87/1355] ✅ DELETED  | 14-04-2026, 18.49.24 WIB | JV.2025.02.00854       | Tgl jurnal: 19/02/2025   | Penjualan cafe strada MKG tanggal 19/02/2025
  [ 88/1355] ✅ DELETED  | 14-04-2026, 18.49.25 WIB | JV.2025.03.00004       | Tgl jurnal: 20/02/2025   | Uang masuk penjualan cafe strada MKG tanggal 19/02/2025
  [ 89/1355] ✅ DELETED  | 14-04-2026, 18.49.25 WIB | JV.2025.02.00762       | Tgl jurnal: 20/02/2025   | Penjualan cafe strada MKG tanggal 20/02/2025
  [ 90/1355] ✅ DELETED  | 14-04-2026, 18.49.26 WIB | JV.2025.02.00865       | Tgl jurnal: 21/02/2025   | Uang masuk penjualan cafe strada MKG tanggal 20/02/2025
  [ 91/1355] ✅ DELETED  | 14-04-2026, 18.49.27 WIB | JV.2025.02.00855       | Tgl jurnal: 21/02/2025   | Penjualan cafe strada MKG tanggal 21/02/2025
  [ 92/1355] ✅ DELETED  | 14-04-2026, 18.49.28 WIB | JV.2025.02.00866       | Tgl jurnal: 22/02/2025   | Uang masuk penjualan cafe strada MKG tanggal 21/02/2025
  [ 93/1355] ✅ DELETED  | 14-04-2026, 18.49.29 WIB | JV.2025.02.00856       | Tgl jurnal: 22/02/2025   | Penjualan cafe strada MKG tanggal 22/02/2025
  [ 94/1355] ✅ DELETED  | 14-04-2026, 18.49.30 WIB | JV.2025.03.00005       | Tgl jurnal: 23/02/2025   | Uang masuk penjualan cafe strada MKG tanggal 22/02/2025
  [ 95/1355] ✅ DELETED  | 14-04-2026, 18.49.30 WIB | JV.2025.02.00857       | Tgl jurnal: 23/02/2025   | Penjualan cafe strada MKG tanggal 23/02/2025
  [ 96/1355] ✅ DELETED  | 14-04-2026, 18.49.31 WIB | JV.2025.02.00867       | Tgl jurnal: 24/02/2025   | Uang masuk penjualan cafe strada MKG tanggal 23/02/2025
  [ 97/1355] ✅ DELETED  | 14-04-2026, 18.49.32 WIB | JV.2025.02.00858       | Tgl jurnal: 24/02/2025   | Penjualan cafe strada MKG tanggal 24/02/2025
  [ 98/1355] ✅ DELETED  | 14-04-2026, 18.49.33 WIB | JV.2025.02.00868       | Tgl jurnal: 25/02/2025   | Uang masuk penjualan cafe strada MKG tanggal 24/02/2025
  [ 99/1355] ✅ DELETED  | 14-04-2026, 18.49.33 WIB | JV.2025.02.00859       | Tgl jurnal: 25/02/2025   | Penjualan cafe strada MKG tanggal 25/02/2025
  [100/1355] ✅ DELETED  | 14-04-2026, 18.49.34 WIB | JV.2025.02.00869       | Tgl jurnal: 26/02/2025   | Uang masuk penjualan cafe strada MKG tanggal 25/02/2025
  [101/1355] ✅ DELETED  | 14-04-2026, 18.49.35 WIB | JV.2025.02.00860       | Tgl jurnal: 26/02/2025   | Penjualan cafe strada MKG tanggal 26/02/2025
  [102/1355] ✅ DELETED  | 14-04-2026, 18.49.36 WIB | JV.2025.02.00870       | Tgl jurnal: 27/02/2025   | Uang masuk penjualan cafe strada MKG tanggal 26/02/2025
  [103/1355] ✅ DELETED  | 14-04-2026, 18.49.37 WIB | JV.2025.02.00861       | Tgl jurnal: 27/02/2025   | Penjualan cafe strada MKG tanggal 27/02/2025
  [104/1355] ✅ DELETED  | 14-04-2026, 18.49.37 WIB | JV.2025.02.00871       | Tgl jurnal: 28/02/2025   | Uang masuk penjualan cafe strada MKG tanggal 27/02/2025
  [105/1355] ✅ DELETED  | 14-04-2026, 18.49.38 WIB | JV.2025.02.00862       | Tgl jurnal: 28/02/2025   | Penjualan cafe strada MKG tanggal 28/02/2025
  [106/1355] ✅ DELETED  | 14-04-2026, 18.49.39 WIB | JV.2025.03.00006       | Tgl jurnal: 01/03/2025   | Uang masuk penjualan cafe strada MKG tanggal 28/02/2025
  [107/1355] ✅ DELETED  | 14-04-2026, 18.49.40 WIB | JV.2025.03.00054       | Tgl jurnal: 01/03/2025   | Penjualan cafe strada MKG tanggal 01/03/2025
  [108/1355] ✅ DELETED  | 14-04-2026, 18.49.40 WIB | JV.2025.03.00058       | Tgl jurnal: 02/03/2025   | Uang masuk penjualan cafe strada MKG tanggal 01/03/2025
  [109/1355] ✅ DELETED  | 14-04-2026, 18.49.41 WIB | JV.2025.03.00055       | Tgl jurnal: 02/03/2025   | Penjualan cafe strada MKG tanggal 02/03/2025
  [110/1355] ✅ DELETED  | 14-04-2026, 18.49.42 WIB | JV.2025.03.00056       | Tgl jurnal: 03/03/2025   | Uang masuk penjualan cafe strada MKG tanggal 02/03/2025
  [111/1355] ✅ DELETED  | 14-04-2026, 18.49.43 WIB | JV.2025.03.00300       | Tgl jurnal: 03/03/2025   | Penjualan cafe strada MKG tanggal 03/03/2025
  [112/1355] ✅ DELETED  | 14-04-2026, 18.49.43 WIB | JV.2025.03.00311       | Tgl jurnal: 04/03/2025   | Uang masuk penjualan cafe strada MKG tanggal 03/03/2025
  [113/1355] ✅ DELETED  | 14-04-2026, 18.49.44 WIB | JV.2025.03.00301       | Tgl jurnal: 04/03/2025   | Penjualan cafe strada MKG tanggal 04/03/2025
  [114/1355] ✅ DELETED  | 14-04-2026, 18.49.45 WIB | JV.2025.03.00312       | Tgl jurnal: 05/03/2025   | Uang masuk penjualan cafe strada MKG tanggal 04/03/2025
  [115/1355] ✅ DELETED  | 14-04-2026, 18.49.46 WIB | JV.2025.03.00302       | Tgl jurnal: 05/03/2025   | Penjualan cafe strada MKG tanggal 05/03/2025
  [116/1355] ✅ DELETED  | 14-04-2026, 18.49.47 WIB | JV.2025.03.00313       | Tgl jurnal: 06/03/2025   | Uang masuk penjualan cafe strada MKG tanggal 05/03/2025
  [117/1355] ✅ DELETED  | 14-04-2026, 18.49.47 WIB | JV.2025.03.00304       | Tgl jurnal: 06/03/2025   | Penjualan cafe strada MKG tanggal 06/03/2025
  [118/1355] ✅ DELETED  | 14-04-2026, 18.49.48 WIB | JV.2025.03.00314       | Tgl jurnal: 07/03/2025   | Uang masuk penjualan cafe strada MKG tanggal 06/03/2025
  [119/1355] ✅ DELETED  | 14-04-2026, 18.49.49 WIB | JV.2025.03.00305       | Tgl jurnal: 07/03/2025   | Penjualan cafe strada MKG tanggal 07/03/2025
  [120/1355] ✅ DELETED  | 14-04-2026, 18.49.50 WIB | JV.2025.03.00315       | Tgl jurnal: 08/03/2025   | Uang masuk penjualan cafe strada MKG tanggal 07/03/2025
  [121/1355] ✅ DELETED  | 14-04-2026, 18.49.50 WIB | JV.2025.03.00306       | Tgl jurnal: 08/03/2025   | Penjualan cafe strada MKG tanggal 08/03/2025
  [122/1355] ✅ DELETED  | 14-04-2026, 18.49.51 WIB | JV.2025.03.00316       | Tgl jurnal: 09/03/2025   | Uang masuk penjualan cafe strada MKG tanggal 08/03/2025
  [123/1355] ✅ DELETED  | 14-04-2026, 18.49.52 WIB | JV.2025.03.00307       | Tgl jurnal: 09/03/2025   | Penjualan cafe strada MKG tanggal 09/03/2025
  [124/1355] ✅ DELETED  | 14-04-2026, 18.49.53 WIB | JV.2025.03.00317       | Tgl jurnal: 10/03/2025   | Uang masuk penjualan cafe strada MKG tanggal 09/03/2025
  [125/1355] ✅ DELETED  | 14-04-2026, 18.49.54 WIB | JV.2025.03.00308       | Tgl jurnal: 10/03/2025   | Penjualan cafe strada MKG tanggal 10/03/2025
  [126/1355] ✅ DELETED  | 14-04-2026, 18.49.54 WIB | JV.2025.03.00318       | Tgl jurnal: 11/03/2025   | Uang masuk penjualan cafe strada MKG tanggal 10/03/2025
  [127/1355] ✅ DELETED  | 14-04-2026, 18.49.55 WIB | JV.2025.03.00309       | Tgl jurnal: 11/03/2025   | Penjualan cafe strada MKG tanggal 11/03/2025
  [128/1355] ✅ DELETED  | 14-04-2026, 18.49.56 WIB | JV.2025.03.00319       | Tgl jurnal: 12/03/2025   | Uang masuk penjualan cafe strada MKG tanggal 11/03/2025
  [129/1355] ✅ DELETED  | 14-04-2026, 18.49.57 WIB | JV.2025.03.00310       | Tgl jurnal: 12/03/2025   | Penjualan cafe strada MKG tanggal 12/03/2025
  [130/1355] ✅ DELETED  | 14-04-2026, 18.49.57 WIB | JV.2025.03.00320       | Tgl jurnal: 13/03/2025   | Uang masuk penjualan cafe strada MKG tanggal 12/03/2025
  [131/1355] ✅ DELETED  | 14-04-2026, 18.49.58 WIB | JV.2025.03.00381       | Tgl jurnal: 13/03/2025   | Penjualan cafe strada MKG tanggal 13/03/2025
  [132/1355] ✅ DELETED  | 14-04-2026, 18.49.59 WIB | JV.2025.03.00382       | Tgl jurnal: 14/03/2025   | Uang masuk penjualan cafe strada MKG tanggal 13/03/2025
  [133/1355] ✅ DELETED  | 14-04-2026, 18.50.00 WIB | JV.2025.03.00380       | Tgl jurnal: 14/03/2025   | Penjualan cafe strada MKG tanggal 14/03/2025
  [134/1355] ✅ DELETED  | 14-04-2026, 18.50.00 WIB | JV.2025.03.00383       | Tgl jurnal: 15/03/2025   | Uang masuk penjualan cafe strada MKG tanggal 14/03/2025
  [135/1355] ✅ DELETED  | 14-04-2026, 18.50.01 WIB | JV.2025.03.00426       | Tgl jurnal: 15/03/2025   | Penjualan cafe strada MKG tanggal 15/03/2025
  [136/1355] ✅ DELETED  | 14-04-2026, 18.50.02 WIB | JV.2025.03.00482       | Tgl jurnal: 16/03/2025   | Uang masuk penjualan cafe strada MKG tanggal 15/03/2025
  [137/1355] ✅ DELETED  | 14-04-2026, 18.50.03 WIB | JV.2025.03.00427       | Tgl jurnal: 16/03/2025   | Penjualan cafe strada MKG tanggal 16/03/2025
  [138/1355] ✅ DELETED  | 14-04-2026, 18.50.04 WIB | JV.2025.03.00481       | Tgl jurnal: 17/03/2025   | Uang masuk penjualan cafe strada MKG tanggal 16/03/2025
  [139/1355] ✅ DELETED  | 14-04-2026, 18.50.04 WIB | JV.2025.03.00479       | Tgl jurnal: 17/03/2025   | Penjualan cafe strada MKG tanggal 17/03/2025
  [140/1355] ✅ DELETED  | 14-04-2026, 18.50.05 WIB | JV.2025.03.00480       | Tgl jurnal: 18/03/2025   | Uang masuk penjualan cafe strada MKG tanggal 17/03/2025
  [141/1355] ✅ DELETED  | 14-04-2026, 18.50.06 WIB | JV.2025.03.00484       | Tgl jurnal: 18/03/2025   | Penjualan cafe strada MKG tanggal 18/03/2025
  [142/1355] ✅ DELETED  | 14-04-2026, 18.50.07 WIB | JV.2025.03.00519       | Tgl jurnal: 19/03/2025   | Uang masuk penjualan cafe strada MKG tanggal 18/03/2025
  [143/1355] ✅ DELETED  | 14-04-2026, 18.50.08 WIB | JV.2025.03.00508       | Tgl jurnal: 19/03/2025   | Penjualan cafe strada MKG tanggal 19/03/2025
  [144/1355] ✅ DELETED  | 14-04-2026, 18.50.08 WIB | JV.2025.03.00520       | Tgl jurnal: 20/03/2025   | Uang masuk penjualan cafe strada MKG tanggal 19/03/2025
  [145/1355] ✅ DELETED  | 14-04-2026, 18.50.09 WIB | JV.2025.03.00556       | Tgl jurnal: 20/03/2025   | Penjualan cafe strada MKG tanggal 20/03/2025
  [146/1355] ✅ DELETED  | 14-04-2026, 18.50.10 WIB | JV.2025.03.00553       | Tgl jurnal: 21/03/2025   | Uang masuk penjualan cafe strada MKG tanggal 20/03/2025
  [147/1355] ✅ DELETED  | 14-04-2026, 18.50.11 WIB | JV.2025.03.00632       | Tgl jurnal: 21/03/2025   | Penjualan cafe strada MKG tanggal 21/03/2025
  [148/1355] ✅ DELETED  | 14-04-2026, 18.50.12 WIB | JV.2025.03.00638       | Tgl jurnal: 22/03/2025   | Uang masuk penjualan cafe strada MKG tanggal 21/03/2025
  [149/1355] ✅ DELETED  | 14-04-2026, 18.50.12 WIB | JV.2025.03.00622       | Tgl jurnal: 22/03/2025   | Penjualan cafe strada MKG tanggal 22/03/2025
  [150/1355] ✅ DELETED  | 14-04-2026, 18.50.13 WIB | JV.2025.03.00639       | Tgl jurnal: 23/03/2025   | Uang masuk penjualan cfae strada MKG tanggal 22/03/2025
  [151/1355] ✅ DELETED  | 14-04-2026, 18.50.14 WIB | JV.2025.03.00623       | Tgl jurnal: 23/03/2025   | Penjualan cafe strada MKG tnaggal 23/03/2025
  [152/1355] ✅ DELETED  | 14-04-2026, 18.50.15 WIB | JV.2025.03.00640       | Tgl jurnal: 24/03/2025   | Uang masuk penjualan cafe strada MKG tanggal 23/03/2025
  [153/1355] ✅ DELETED  | 14-04-2026, 18.50.15 WIB | JV.2025.03.00624       | Tgl jurnal: 24/03/2025   | Penjualan cafe strada MKG tanggal 24/03/2025
  [154/1355] ✅ DELETED  | 14-04-2026, 18.50.16 WIB | JV.2025.03.00641       | Tgl jurnal: 25/03/2025   | Uang masuk penjualan cafe strada MKG tanggal 24/03/2025
  [155/1355] ✅ DELETED  | 14-04-2026, 18.50.17 WIB | JV.2025.03.00630       | Tgl jurnal: 25/03/2025   | Penjualan cafe strada MKG tanggal 25/03/2025
  [156/1355] ✅ DELETED  | 14-04-2026, 18.50.18 WIB | JV.2025.03.00792       | Tgl jurnal: 25/03/2025   | Uang masuk penjualan cafe strada MKG tanggal 25/03/2025
  [157/1355] ✅ DELETED  | 14-04-2026, 18.50.18 WIB | JV.2025.03.00669       | Tgl jurnal: 26/03/2025   | Penjualan cafe strada MKG tanggal 26/03/2025
  [158/1355] ✅ DELETED  | 14-04-2026, 18.50.19 WIB | JV.2025.03.00806       | Tgl jurnal: 27/03/2025   | Uang masuk penjualan cafe strada MKG tanggal 26/03/2025
  [159/1355] ✅ DELETED  | 14-04-2026, 18.50.20 WIB | JV.2025.03.00682       | Tgl jurnal: 28/03/2025   | Penjualan cafe strada MKG tanggal 28/03/204
  [160/1355] ✅ DELETED  | 14-04-2026, 18.50.21 WIB | JV.2025.03.00816       | Tgl jurnal: 29/03/2025   | Penjualan cafe strada MKG tanggal 29/03/2025
  [161/1355] ✅ DELETED  | 14-04-2026, 18.50.21 WIB | JV.2025.03.00808       | Tgl jurnal: 30/03/2025   | Uang masuk penjualan cafe strada MKG tanggal 29/03/2025
  [162/1355] ✅ DELETED  | 14-04-2026, 18.50.22 WIB | JV.2025.03.00817       | Tgl jurnal: 30/03/2025   | Penjualan cafe strada MKG tanggal 30/03/2025
  [163/1355] ✅ DELETED  | 14-04-2026, 18.50.23 WIB | JV.2025.03.00809       | Tgl jurnal: 31/03/2025   | Uang masuk penjualan cafe strada MKG tanggal 30/03/2025
  [164/1355] ✅ DELETED  | 14-04-2026, 18.50.24 WIB | JV.2025.04.00239       | Tgl jurnal: 31/03/2025   | Penjualan cafe strada MKG tanggal 31/03/2025
  [165/1355] ✅ DELETED  | 14-04-2026, 18.50.24 WIB | JV.2025.04.00144       | Tgl jurnal: 01/04/2025   | Uang masuk penjualan cafe strada MKG tanggal 31/03/2025
  [166/1355] ✅ DELETED  | 14-04-2026, 18.50.25 WIB | JV.2025.04.00240       | Tgl jurnal: 01/04/2025   | Penjualan cafe strada MKG tanggal 01/04/2025
  [167/1355] ✅ DELETED  | 14-04-2026, 18.50.26 WIB | JV.2025.04.00145       | Tgl jurnal: 02/04/2025   | Uang masuk penjualan cafe strada MKG tanggal 01/04/2025
  [168/1355] ✅ DELETED  | 14-04-2026, 18.50.27 WIB | JV.2025.04.00241       | Tgl jurnal: 02/04/2025   | Penjualan cafe strada MKG tanggal 02/04/2025
  [169/1355] ✅ DELETED  | 14-04-2026, 18.50.27 WIB | JV.2025.04.00146       | Tgl jurnal: 03/04/2025   | Uang masuk penjualan cafe strada MKG tanggal 02/04/2025
  [170/1355] ✅ DELETED  | 14-04-2026, 18.50.28 WIB | JV.2025.04.00242       | Tgl jurnal: 03/04/2025   | Penjualan cafe strada MKG tanggal 03/04/2025
  [171/1355] ✅ DELETED  | 14-04-2026, 18.50.29 WIB | JV.2025.04.00147       | Tgl jurnal: 04/04/2025   | Uang masuk penjualan cafe strada MKG tanggal 03/04/2025
  [172/1355] ✅ DELETED  | 14-04-2026, 18.50.30 WIB | JV.2025.04.00243       | Tgl jurnal: 04/04/2025   | Penjualan cafe strada MKG tanggal 04/04/2025
  [173/1355] ✅ DELETED  | 14-04-2026, 18.50.30 WIB | JV.2025.04.00148       | Tgl jurnal: 05/04/2025   | Uang masuk penjualan cafe strada MKG tanggal 04/04/2025
  [174/1355] ✅ DELETED  | 14-04-2026, 18.50.31 WIB | JV.2025.04.00244       | Tgl jurnal: 05/04/2025   | Penjualan cafe strada MKG tanggal 05/04/2025
  [175/1355] ✅ DELETED  | 14-04-2026, 18.50.32 WIB | JV.2025.04.00149       | Tgl jurnal: 06/04/2025   | Uang masuk penjualan cafe strada MKG tanggal 05/04/2025
  [176/1355] ✅ DELETED  | 14-04-2026, 18.50.33 WIB | JV.2025.04.00150       | Tgl jurnal: 07/04/2025   | Uang masuk penjualan cafe strada MKG tanggal 06/04/2025
  [177/1355] ✅ DELETED  | 14-04-2026, 18.50.33 WIB | JV.2025.04.00246       | Tgl jurnal: 07/04/2025   | Penjualan cafe strada MKG tanggal 07/04/2025
  [178/1355] ✅ DELETED  | 14-04-2026, 18.50.34 WIB | JV.2025.04.00151       | Tgl jurnal: 08/04/2025   | Uang masuk penjualan cafe strada MKG tanggal 07/04/2025
  [179/1355] ✅ DELETED  | 14-04-2026, 18.50.35 WIB | JV.2025.04.00247       | Tgl jurnal: 08/04/2025   | Penjualan cafe strada MKG tanggal 08/04/2025
  [180/1355] ✅ DELETED  | 14-04-2026, 18.50.36 WIB | JV.2025.04.00235       | Tgl jurnal: 09/04/2025   | Uang masuk penjualan cafe strada MKG tanggal 08/04/2025
  [181/1355] ✅ DELETED  | 14-04-2026, 18.50.37 WIB | JV.2025.04.00248       | Tgl jurnal: 09/04/2025   | Penjualan cafe strada MKG tanggal 09/04/2025
  [182/1355] ✅ DELETED  | 14-04-2026, 18.50.37 WIB | JV.2025.04.00236       | Tgl jurnal: 10/04/2025   | Uang masuk penjualan cafe strada MKG tanggal 09/04/2025
  [183/1355] ✅ DELETED  | 14-04-2026, 18.50.38 WIB | JV.2025.04.00249       | Tgl jurnal: 10/04/2025   | Penjualan cafe strada MKG tanggal 10/04/2025
  [184/1355] ✅ DELETED  | 14-04-2026, 18.50.39 WIB | JV.2025.04.00237       | Tgl jurnal: 11/04/2025   | Uang masuk penjualan cafe strada MKG tanggal 10/04/2025
  [185/1355] ✅ DELETED  | 14-04-2026, 18.50.40 WIB | JV.2025.04.00250       | Tgl jurnal: 11/04/2025   | Penjualan cafe strada MKG tanggal 11/04/2025
  [186/1355] ✅ DELETED  | 14-04-2026, 18.50.40 WIB | JV.2025.04.00238       | Tgl jurnal: 12/04/2025   | Uang masuk penjualan cafe strada MKG tanggal 11/04/2025
  [187/1355] ✅ DELETED  | 14-04-2026, 18.50.41 WIB | JV.2025.04.00351       | Tgl jurnal: 12/04/2025   | Penjualan cafe strada MKG tanggal 12/04/2025
  [188/1355] ✅ DELETED  | 14-04-2026, 18.50.42 WIB | JV.2025.04.00358       | Tgl jurnal: 13/04/2025   | Uang masuk penjualan cafe strada MKG tanggal 12/04/2025
  [189/1355] ✅ DELETED  | 14-04-2026, 18.50.43 WIB | JV.2025.04.00352       | Tgl jurnal: 13/04/2025   | Penjualan cafe strada MKG tanggal 13/04/2025
  [190/1355] ✅ DELETED  | 14-04-2026, 18.50.43 WIB | JV.2025.04.00357       | Tgl jurnal: 14/04/2025   | Uang masuk penjualan cafe strada MKG tanggal 13/04/2025
  [191/1355] ✅ DELETED  | 14-04-2026, 18.50.44 WIB | JV.2025.04.00353       | Tgl jurnal: 14/04/2025   | Penjualan cafe strada MKG tanggal 14/04/2025
  [192/1355] ✅ DELETED  | 14-04-2026, 18.50.45 WIB | JV.2025.04.00356       | Tgl jurnal: 15/04/2025   | Uang masuk penjualan cafe strada MKG tanggal 14/04/2025
  [193/1355] ✅ DELETED  | 14-04-2026, 18.50.46 WIB | JV.2025.04.00354       | Tgl jurnal: 15/04/2025   | Penjualan cafe strada MKG tanggal 15/04/2025
  [194/1355] ✅ DELETED  | 14-04-2026, 18.50.46 WIB | JV.2025.04.00355       | Tgl jurnal: 16/04/2025   | Uang masuk penjualan cafe strada MKG tanggal 15/04/2025
  [195/1355] ✅ DELETED  | 14-04-2026, 18.50.47 WIB | JV.2025.04.00380       | Tgl jurnal: 16/04/2025   | Penjualan cafe strada MKG tanggal 16/04/2025
  [196/1355] ✅ DELETED  | 14-04-2026, 18.50.48 WIB | JV.2025.04.00455       | Tgl jurnal: 17/04/2025   | Uang masuk penjualan cafe strada MKG tanggal 16/04/2025
  [197/1355] ✅ DELETED  | 14-04-2026, 18.50.49 WIB | JV.2025.04.00449       | Tgl jurnal: 17/04/2025   | Penjualan cafe strada MKG tanggal 17/04/2025
  [198/1355] ✅ DELETED  | 14-04-2026, 18.50.49 WIB | JV.2025.04.00454       | Tgl jurnal: 18/04/2025   | Uang masuk penjualan cafe strada MKG tanggal 17/04/2025
  [199/1355] ✅ DELETED  | 14-04-2026, 18.50.50 WIB | JV.2025.04.00448       | Tgl jurnal: 18/04/2025   | Penjualan cafe strada MKG tanggal 18/04/2025
  [200/1355] ✅ DELETED  | 14-04-2026, 18.50.51 WIB | JV.2025.04.00453       | Tgl jurnal: 19/04/2025   | Uang masuk penjualan cafe strada MKG tanggal 18/04/2025
  [201/1355] ✅ DELETED  | 14-04-2026, 18.50.51 WIB | JV.2025.04.00447       | Tgl jurnal: 19/04/2025   | Penjualan cafe strada MKG tanggal 19/04/2025
  [202/1355] ✅ DELETED  | 14-04-2026, 18.50.52 WIB | JV.2025.04.00452       | Tgl jurnal: 20/04/2025   | Uang masuk penjualan cafe strada MKG tanggal 19/04/2025
  [203/1355] ✅ DELETED  | 14-04-2026, 18.50.53 WIB | JV.2025.04.00446       | Tgl jurnal: 20/04/2025   | Penjualan cafe strada MKG tanggal 20/04/2025
  [204/1355] ✅ DELETED  | 14-04-2026, 18.50.54 WIB | JV.2025.04.00451       | Tgl jurnal: 21/04/2025   | Uang masuk penjualan cafe strada MKG tanggal 20/04/2025
  [205/1355] ✅ DELETED  | 14-04-2026, 18.50.54 WIB | JV.2025.04.00445       | Tgl jurnal: 21/04/2025   | Penjualan cafe strada MKG tanggal 21/04/2025
  [206/1355] ✅ DELETED  | 14-04-2026, 18.50.55 WIB | JV.2025.04.00450       | Tgl jurnal: 22/04/2025   | Uang masuk penjualan cafe strada MKG tanggal 21/04/2025
  [207/1355] ✅ DELETED  | 14-04-2026, 18.50.56 WIB | JV.2025.04.00859       | Tgl jurnal: 22/04/2025   | Penjualan cafe strada MKG tanggal 22/04/2025
  [208/1355] ✅ DELETED  | 14-04-2026, 18.50.57 WIB | JV.2025.04.00838       | Tgl jurnal: 23/04/2025   | Uang masuk penjualan cafe strada MKG tanggal 22/04/2025
  [209/1355] ✅ DELETED  | 14-04-2026, 18.50.57 WIB | JV.2025.04.00860       | Tgl jurnal: 23/04/2025   | Penjualan cafe strada MKG tanggal 23/04/2025
  [210/1355] ✅ DELETED  | 14-04-2026, 18.50.58 WIB | JV.2025.04.00839       | Tgl jurnal: 24/04/2025   | Uang masuk penjualan cafe strada MKG tanggal 23/04/2025
  [211/1355] ✅ DELETED  | 14-04-2026, 18.50.59 WIB | JV.2025.04.00861       | Tgl jurnal: 24/04/2025   | Penjualan cafe strada MKG tanggal 24/04/2025
  [212/1355] ✅ DELETED  | 14-04-2026, 18.51.00 WIB | JV.2025.04.00840       | Tgl jurnal: 25/04/2025   | Uang masuk penjualan cafe strada MKG tanggal 24/04/2025
  [213/1355] ✅ DELETED  | 14-04-2026, 18.51.00 WIB | JV.2025.04.00862       | Tgl jurnal: 25/04/2025   | Penjualan cafe strada MKG tanggal 25/04/2025
  [214/1355] ✅ DELETED  | 14-04-2026, 18.51.01 WIB | JV.2025.04.00841       | Tgl jurnal: 26/04/2025   | Uang masuk penjualan cafe strada MKG tanggal 25/04/2025
  [215/1355] ✅ DELETED  | 14-04-2026, 18.51.02 WIB | JV.2025.04.00863       | Tgl jurnal: 26/04/2025   | Penjualan cafe strada MKG tanggal 26/04/2025
  [216/1355] ✅ DELETED  | 14-04-2026, 18.51.03 WIB | JV.2025.04.00842       | Tgl jurnal: 27/04/2025   | Uang masuk penjualan cafe strada MKG tanggal 26/04/2025
  [217/1355] ✅ DELETED  | 14-04-2026, 18.51.03 WIB | JV.2025.03.00807       | Tgl jurnal: 28/03/2025   | Uang masuk penjualan cafe strada MKG tanggal 27/04/2025
  [218/1355] ✅ DELETED  | 14-04-2026, 18.51.04 WIB | JV.2025.04.00864       | Tgl jurnal: 27/04/2025   | Penjualan cafe strada MKG tanggal 27/04/2025
  [219/1355] ✅ DELETED  | 14-04-2026, 18.51.05 WIB | JV.2025.04.00856       | Tgl jurnal: 28/04/2025   | Uang masuk penjualan cafe strada MKG tanggal 27/04/2025
  [220/1355] ✅ DELETED  | 14-04-2026, 18.51.06 WIB | JV.2025.04.00143       | Tgl jurnal: 29/03/2025   | Uang masuk penjualan cafe strada MKG tanggal 28/04/2025
  [221/1355] ✅ DELETED  | 14-04-2026, 18.51.06 WIB | JV.2025.04.00865       | Tgl jurnal: 28/04/2025   | Penjualan cafe strada MKG tanggal 28/04/2025
  [222/1355] ✅ DELETED  | 14-04-2026, 18.51.07 WIB | JV.2025.04.00857       | Tgl jurnal: 29/04/2025   | Uang masuk penjualan cafe strada MKG tanggal 28/04/2025
  [223/1355] ✅ DELETED  | 14-04-2026, 18.51.08 WIB | JV.2025.04.00866       | Tgl jurnal: 29/04/2025   | Penjualan cafe strada MKG tanggal 29/04/2025
  [224/1355] ✅ DELETED  | 14-04-2026, 18.51.09 WIB | JV.2025.04.00858       | Tgl jurnal: 30/04/2025   | Uang masuk penjualan cafe strada MKG tanggal 29/04/2025
  [225/1355] ✅ DELETED  | 14-04-2026, 18.51.09 WIB | JV.2025.04.00867       | Tgl jurnal: 30/04/2025   | Penjualan cafe strada MKG tanggal 30/04/2025
  [226/1355] ✅ DELETED  | 14-04-2026, 18.51.10 WIB | JV.2025.05.00160       | Tgl jurnal: 01/05/2025   | Uang masuk penjualan cafe strada MKG tanggal 30/04/2025
  [227/1355] ✅ DELETED  | 14-04-2026, 18.51.11 WIB | JV.2025.05.00166       | Tgl jurnal: 01/05/2025   | Penjualan cafe strada MKG tanggal 01/05/2025
  [228/1355] ✅ DELETED  | 14-04-2026, 18.51.12 WIB | JV.2025.05.00161       | Tgl jurnal: 02/05/2025   | Uang masuk penjualan cafe strada MKG tanggal 01/05/2025
  [229/1355] ✅ DELETED  | 14-04-2026, 18.51.13 WIB | JV.2025.05.00167       | Tgl jurnal: 02/05/2025   | Penjualan cafe strada MKG tanggal 02/05/2025
  [230/1355] ✅ DELETED  | 14-04-2026, 18.51.13 WIB | JV.2025.05.00162       | Tgl jurnal: 03/05/2025   | Uang masuk penjualan cafe strada MKG tanggal 02/05/2025
  [231/1355] ✅ DELETED  | 14-04-2026, 18.51.14 WIB | JV.2025.05.00168       | Tgl jurnal: 03/05/2025   | Penjualan cafe strada MKG tanggal 03/05/2025
  [232/1355] ✅ DELETED  | 14-04-2026, 18.51.15 WIB | JV.2025.05.00163       | Tgl jurnal: 04/05/2025   | Uang masuk penjualan cafe strada MKG tanggal 03/05/2025
  [233/1355] ✅ DELETED  | 14-04-2026, 18.51.16 WIB | JV.2025.05.00169       | Tgl jurnal: 04/05/2025   | Penjualan cafe strada MKG tanggal 04/05/2025
  [234/1355] ✅ DELETED  | 14-04-2026, 18.51.16 WIB | JV.2025.05.00164       | Tgl jurnal: 05/05/2025   | Uang masuk penjualan cafe strada MKG tanggal 04/05/2025
  [235/1355] ✅ DELETED  | 14-04-2026, 18.51.17 WIB | JV.2025.05.00170       | Tgl jurnal: 05/05/2025   | Penjualan cafe strada MKG tanggal 05/05/2025
  [236/1355] ✅ DELETED  | 14-04-2026, 18.51.18 WIB | JV.2025.05.00165       | Tgl jurnal: 06/05/2025   | Uang masuk penjualan cafe strada MKG tanggal 05/05/2025
  [237/1355] ✅ DELETED  | 14-04-2026, 18.51.18 WIB | JV.2025.05.00326       | Tgl jurnal: 06/05/2025   | Penjualan cafe strada MKG tanggal 06/05/2025
  [238/1355] ✅ DELETED  | 14-04-2026, 18.51.19 WIB | JV.2025.05.00334       | Tgl jurnal: 07/05/2025   | Uang masuk penjualan cafe strada MKG tanggal 06/05/2025
  [239/1355] ✅ DELETED  | 14-04-2026, 18.51.20 WIB | JV.2025.05.00327       | Tgl jurnal: 07/05/2025   | Penjualan cafe strada MKG tanggal 07/05/2025
  [240/1355] ✅ DELETED  | 14-04-2026, 18.51.21 WIB | JV.2025.05.00335       | Tgl jurnal: 08/05/2025   | Uang masuk penjualan cafe strada MKG tanggal 07/05/2025
  [241/1355] ✅ DELETED  | 14-04-2026, 18.51.21 WIB | JV.2025.05.00328       | Tgl jurnal: 08/05/2025   | Penjualan cafe strada MKG tanggal 08/05/2025
  [242/1355] ✅ DELETED  | 14-04-2026, 18.51.22 WIB | JV.2025.05.00336       | Tgl jurnal: 09/05/2025   | Uang masuk penjualan cafe strada MKG tanggal 08/05/2025
  [243/1355] ✅ DELETED  | 14-04-2026, 18.51.23 WIB | JV.2025.05.00329       | Tgl jurnal: 09/05/2025   | Penjualan cafe strada MKG tanggal 09/05/2025
  [244/1355] ✅ DELETED  | 14-04-2026, 18.51.24 WIB | JV.2025.05.00337       | Tgl jurnal: 10/05/2025   | Uang masuk penjualan cafe strada MKG tanggal 09/05/2025
  [245/1355] ✅ DELETED  | 14-04-2026, 18.51.25 WIB | JV.2025.05.00330       | Tgl jurnal: 10/05/2025   | Penjualan cafe strada MKG tanggal 10/05/2025
  [246/1355] ✅ DELETED  | 14-04-2026, 18.51.25 WIB | JV.2025.05.00338       | Tgl jurnal: 11/05/2025   | Uang masuk penjualan cafe strada MKG tanggal 10/05/2025
  [247/1355] ✅ DELETED  | 14-04-2026, 18.51.26 WIB | JV.2025.05.00331       | Tgl jurnal: 11/05/2025   | Penjualan cafe strada MKG tanggal 11/05/2025
  [248/1355] ✅ DELETED  | 14-04-2026, 18.51.27 WIB | JV.2025.05.00339       | Tgl jurnal: 12/05/2025   | Uang masuk penjualan cafe strada MKG tanggal 11/05/2025
  [249/1355] ✅ DELETED  | 14-04-2026, 18.51.27 WIB | JV.2025.05.00332       | Tgl jurnal: 12/05/2025   | Penjualan cafe strada MKG tanggal 12/05/2025
  [250/1355] ✅ DELETED  | 14-04-2026, 18.51.28 WIB | JV.2025.05.00340       | Tgl jurnal: 13/05/2025   | Uang masuk penjualan cafe strada MKG tanggal 12/05/2025
  [251/1355] ✅ DELETED  | 14-04-2026, 18.51.29 WIB | JV.2025.05.00333       | Tgl jurnal: 13/05/2025   | Penjualan cafe strada MKG tanggal 13/05/2025
  [252/1355] ✅ DELETED  | 14-04-2026, 18.51.30 WIB | JV.2025.05.00341       | Tgl jurnal: 14/05/2025   | Uang masuk penjualan cafe strada MKG tanggal 13/05/2025
  [253/1355] ✅ DELETED  | 14-04-2026, 18.51.30 WIB | JV.2025.05.00392       | Tgl jurnal: 14/05/2025   | Penjualan cafe strada MKG tanggal 14/05/2025
  [254/1355] ✅ DELETED  | 14-04-2026, 18.51.31 WIB | JV.2025.05.00442       | Tgl jurnal: 15/05/2025   | Uang masuk penjualan cafe strada MKG tanggal 14/05/2025
  [255/1355] ✅ DELETED  | 14-04-2026, 18.51.32 WIB | JV.2025.05.00440       | Tgl jurnal: 15/05/2025   | Penjualan cafe strada MKG tanggal 15/05/2025
  [256/1355] ✅ DELETED  | 14-04-2026, 18.51.33 WIB | JV.2025.05.00441       | Tgl jurnal: 16/05/2025   | Uang masuk penjualan cafe strada MKG tanggal 15/05/2025
  [257/1355] ✅ DELETED  | 14-04-2026, 18.51.33 WIB | JV.2025.05.00564       | Tgl jurnal: 16/05/2025   | Penjualan cafe strada MKG tanggal 16/05/2025
  [258/1355] ✅ DELETED  | 14-04-2026, 18.51.34 WIB | JV.2025.05.00563       | Tgl jurnal: 17/05/2025   | Uang masuk penjualan cafe strada MKG tanggal 16/05/2025
  [259/1355] ✅ DELETED  | 14-04-2026, 18.51.35 WIB | JV.2025.05.00565       | Tgl jurnal: 17/05/2025   | Penjualan cafe strada MKG tanggal 17/05/2025
  [260/1355] ✅ DELETED  | 14-04-2026, 18.51.36 WIB | JV.2025.05.00566       | Tgl jurnal: 18/05/2025   | Uang masuk penjualan cafe strada MKG tanggal 17/05/2025
  [261/1355] ✅ DELETED  | 14-04-2026, 18.51.37 WIB | JV.2025.05.00567       | Tgl jurnal: 18/05/2025   | Penjualan cafe strada MKG tanggal 18/05/2025
  [262/1355] ✅ DELETED  | 14-04-2026, 18.51.37 WIB | JV.2025.05.00568       | Tgl jurnal: 19/05/2025   | Uang masuk penjualan cafe strada MKG tanggal 18/05/2025
  [263/1355] ✅ DELETED  | 14-04-2026, 18.51.38 WIB | JV.2025.05.00570       | Tgl jurnal: 19/05/2025   | Penjualan cafe strada MKG tanggal 19/05/2025
  [264/1355] ✅ DELETED  | 14-04-2026, 18.51.39 WIB | JV.2025.05.00569       | Tgl jurnal: 20/05/2025   | Uang masuk penjualan cafe strada MKG tanggal 19/05/2025
  [265/1355] ✅ DELETED  | 14-04-2026, 18.51.39 WIB | JV.2025.05.00636       | Tgl jurnal: 20/05/2025   | Penjualan cafe strada MKG tanggal 20/05/2025
  [266/1355] ✅ DELETED  | 14-04-2026, 18.51.40 WIB | JV.2025.05.00639       | Tgl jurnal: 21/05/2025   | Uang masuk penjualan cafe strada MKG tanggal 20/05/2025
  [267/1355] ✅ DELETED  | 14-04-2026, 18.51.41 WIB | JV.2025.05.00637       | Tgl jurnal: 21/05/2025   | Penjualan cafe strada MKG tanggal 21/05/2025
  [268/1355] ✅ DELETED  | 14-04-2026, 18.51.42 WIB | JV.2025.05.00640       | Tgl jurnal: 22/05/2025   | Uang masuk penjualan cafe strada MKG tanggal 21/05/2025
  [269/1355] ✅ DELETED  | 14-04-2026, 18.51.43 WIB | JV.2025.05.00638       | Tgl jurnal: 22/05/2025   | Penjualan cafe strada MKG tanggal 22/05/2025
  [270/1355] ✅ DELETED  | 14-04-2026, 18.51.43 WIB | JV.2025.05.00641       | Tgl jurnal: 23/05/2025   | Uang masuk penjualan cafe strada MKG tanggal 22/05/2025
  [271/1355] ✅ DELETED  | 14-04-2026, 18.51.44 WIB | JV.2025.05.00973       | Tgl jurnal: 23/05/2025   | Penjualan cafe strada MKG tanggal 23/05/2025
  [272/1355] ✅ DELETED  | 14-04-2026, 18.51.45 WIB | JV.2025.05.00956       | Tgl jurnal: 24/05/2025   | Uang masuk penjualan cafe strada MKG tanggal 23/05/2025
  [273/1355] ✅ DELETED  | 14-04-2026, 18.51.46 WIB | JV.2025.05.00975       | Tgl jurnal: 24/05/2025   | Penjualan cafe strada MKG tanggal 24/05/2025
  [274/1355] ✅ DELETED  | 14-04-2026, 18.51.46 WIB | JV.2025.05.00957       | Tgl jurnal: 25/05/2025   | Uang masuk penjualan cafe strada MKG tanggal 24/05/2025
  [275/1355] ✅ DELETED  | 14-04-2026, 18.51.47 WIB | JV.2025.05.00976       | Tgl jurnal: 25/05/2025   | Penjualan cafe strada MKG tanggal 25/05/2025
  [276/1355] ✅ DELETED  | 14-04-2026, 18.51.48 WIB | JV.2025.05.00958       | Tgl jurnal: 26/05/2025   | Uang masuk penjualan cafe strada MKG tanggal 25/05/2025
  [277/1355] ✅ DELETED  | 14-04-2026, 18.51.49 WIB | JV.2025.06.00377       | Tgl jurnal: 26/05/2025   | Penjualan cafe strada MKG tanggal 26/05/2025
  [278/1355] ✅ DELETED  | 14-04-2026, 18.51.49 WIB | JV.2025.05.00959       | Tgl jurnal: 27/05/2025   | Uang masuk penjualan cafe strada MKG tanggal 26/05/2025
  [279/1355] ✅ DELETED  | 14-04-2026, 18.51.50 WIB | JV.2025.05.00977       | Tgl jurnal: 27/05/2025   | Penjualan cafe strada MKG tanggal 27/05/2025
  [280/1355] ✅ DELETED  | 14-04-2026, 18.51.51 WIB | JV.2025.05.00960       | Tgl jurnal: 28/05/2025   | Uang masuk penjualan cafe strada MKG tanggal 27/05/2025
  [281/1355] ✅ DELETED  | 14-04-2026, 18.51.52 WIB | JV.2025.05.00978       | Tgl jurnal: 28/05/2025   | Penjualan cafe strada MKG tanggal 28/05/2025
  [282/1355] ✅ DELETED  | 14-04-2026, 18.51.52 WIB | JV.2025.05.00961       | Tgl jurnal: 29/05/2025   | Uang masuk penjualan cafe strada MKG tanggal 28/05/2025
  [283/1355] ✅ DELETED  | 14-04-2026, 18.51.53 WIB | JV.2025.05.00979       | Tgl jurnal: 29/05/2025   | Penjualan cafe strada MKG tanggal 29/05/2025
  [284/1355] ✅ DELETED  | 14-04-2026, 18.51.54 WIB | JV.2025.05.00962       | Tgl jurnal: 30/05/2025   | Uang masuk penjualan cafe strada MKG tanggal 29/05/2025
  [285/1355] ✅ DELETED  | 14-04-2026, 18.51.55 WIB | JV.2025.05.00980       | Tgl jurnal: 30/05/2025   | Penjualan cafe strada MKG tanggal 30/05/2025
  [286/1355] ✅ DELETED  | 14-04-2026, 18.51.55 WIB | JV.2025.05.00963       | Tgl jurnal: 31/05/2025   | Uang masuk penjualan cafe strada MKG tanggal 30/05/2025
  [287/1355] ✅ DELETED  | 14-04-2026, 18.51.56 WIB | JV.2025.05.00981       | Tgl jurnal: 31/05/2025   | Penjualan cafe strada MKG tanggal 31/05/2025
  [288/1355] ✅ DELETED  | 14-04-2026, 18.51.57 WIB | JV.2025.06.00374       | Tgl jurnal: 01/06/2025   | Uang masuk penjualan cafe strada MKG tanggal 31/05/2025
  [289/1355] ✅ DELETED  | 14-04-2026, 18.51.58 WIB | JV.2025.06.00623       | Tgl jurnal: 01/06/2025   | Penjualan cafe strada MKG tanggal 01/06/2025
  [290/1355] ✅ DELETED  | 14-04-2026, 18.51.58 WIB | JV.2025.06.00697       | Tgl jurnal: 02/06/2025   | Uang masuk penjualan cafe strada MKG tanggal 01/06/2025
  [291/1355] ✅ DELETED  | 14-04-2026, 18.51.59 WIB | JV.2025.06.00624       | Tgl jurnal: 02/06/2025   | Penjualan cafe strada MKG tanggal 02/06/2025
  [292/1355] ✅ DELETED  | 14-04-2026, 18.52.00 WIB | JV.2025.06.00698       | Tgl jurnal: 03/06/2025   | Uang masuk penjualan cafe strada MKG tanggal 02/06/2025
  [293/1355] ✅ DELETED  | 14-04-2026, 18.52.01 WIB | JV.2025.06.00625       | Tgl jurnal: 03/06/2025   | Penjualan cafe strada MKG tanggal 03/06/2025
  [294/1355] ✅ DELETED  | 14-04-2026, 18.52.01 WIB | JV.2025.06.00699       | Tgl jurnal: 04/06/2025   | Uang masuk penjualan cafe strada MKG tanggal 03/06/2025
  [295/1355] ✅ DELETED  | 14-04-2026, 18.52.02 WIB | JV.2025.06.00626       | Tgl jurnal: 04/06/2025   | Penjualan cafe strada MKG tanggal 04/06/2025
  [296/1355] ✅ DELETED  | 14-04-2026, 18.52.03 WIB | JV.2025.06.00700       | Tgl jurnal: 05/06/2025   | Uang masuk penjualan cafe strada MKG tanggal 04/06/2025
  [297/1355] ✅ DELETED  | 14-04-2026, 18.52.04 WIB | JV.2025.06.00627       | Tgl jurnal: 05/06/2025   | Penjualan cafe strada MKG tanggal 05/06/2025
  [298/1355] ✅ DELETED  | 14-04-2026, 18.52.04 WIB | JV.2025.06.00701       | Tgl jurnal: 06/06/2025   | Uang masuk penjualan cafe strada MKG tanggal 05/06/2025
  [299/1355] ✅ DELETED  | 14-04-2026, 18.52.05 WIB | JV.2025.06.00628       | Tgl jurnal: 06/06/2025   | Penjualan cafe strada MKG tanggal 06/06/2025
  [300/1355] ✅ DELETED  | 14-04-2026, 18.52.06 WIB | JV.2025.06.00838       | Tgl jurnal: 07/06/2025   | Uang masuk penjualan cafe strada MKG tanggal 06/06/2025
  [301/1355] ✅ DELETED  | 14-04-2026, 18.52.07 WIB | JV.2025.06.00629       | Tgl jurnal: 07/06/2025   | Penjualan cafe strada MKG tanggal 07/06/2025
  [302/1355] ✅ DELETED  | 14-04-2026, 18.52.07 WIB | JV.2025.06.00839       | Tgl jurnal: 08/06/2025   | Uang masuk penjualan cafe strada MKG tanggal 07/06/2025
  [303/1355] ✅ DELETED  | 14-04-2026, 18.52.08 WIB | JV.2025.06.00630       | Tgl jurnal: 08/06/2025   | Penjualan cafe strada MKG tanggal 08/06/2025
  [304/1355] ✅ DELETED  | 14-04-2026, 18.52.09 WIB | JV.2025.06.00840       | Tgl jurnal: 09/06/2025   | Uang masuk penjualan cafe strada MKG tanggal 08/06/2025
  [305/1355] ✅ DELETED  | 14-04-2026, 18.52.10 WIB | JV.2025.06.00677       | Tgl jurnal: 09/06/2025   | Penjualan cafe strada MKG tanggal 09/06/2025
  [306/1355] ✅ DELETED  | 14-04-2026, 18.52.10 WIB | JV.2025.06.00621       | Tgl jurnal: 10/06/2025   | Uang masuk penjualan cafe strada MKG tanggal 09/06/2025
  [307/1355] ✅ DELETED  | 14-04-2026, 18.52.11 WIB | JV.2025.06.00678       | Tgl jurnal: 10/06/2025   | Penjualan cafe strada MKG tanggal 10/06/2025
  [308/1355] ✅ DELETED  | 14-04-2026, 18.52.12 WIB | JV.2025.06.00622       | Tgl jurnal: 11/06/2025   | Uang masuk penjualan cafe strada MKG tanggal 10/06/2025
  [309/1355] ✅ DELETED  | 14-04-2026, 18.52.13 WIB | JV.2025.06.00679       | Tgl jurnal: 11/06/2025   | Penjualan cafe strada MKG tanggal 11/06/2025
  [310/1355] ✅ DELETED  | 14-04-2026, 18.52.14 WIB | JV.2025.06.00806       | Tgl jurnal: 12/06/2025   | Uang masuk penjualan cafe strada MKG tanggal 11/06/2025
  [311/1355] ✅ DELETED  | 14-04-2026, 18.52.14 WIB | JV.2025.06.00680       | Tgl jurnal: 12/06/2025   | Penjualan cafe strada MKG tanggal 12/06/2025
  [312/1355] ✅ DELETED  | 14-04-2026, 18.52.15 WIB | JV.2025.06.00807       | Tgl jurnal: 13/06/2025   | Uang masuk penjualan cafe strada MKG tanggal 12/06/2025
  [313/1355] ✅ DELETED  | 14-04-2026, 18.52.16 WIB | JV.2025.06.00681       | Tgl jurnal: 13/06/2025   | Penjualan cafe strada MKG tanggal 13/06/2025
  [314/1355] ✅ DELETED  | 14-04-2026, 18.52.17 WIB | JV.2025.07.00045       | Tgl jurnal: 14/06/2025   | Uang masuk penjualan cafe strada MKG tanggal 13/06/2025
  [315/1355] ✅ DELETED  | 14-04-2026, 18.52.17 WIB | JV.2025.06.00682       | Tgl jurnal: 14/06/2025   | Penjualan cafe strada MKG tanggal 14/06/2025
  [316/1355] ✅ DELETED  | 14-04-2026, 18.52.18 WIB | JV.2025.06.00808       | Tgl jurnal: 15/06/2025   | Uang masuk penjualan cafe strada MKG tanggal 14/06/2025
  [317/1355] ✅ DELETED  | 14-04-2026, 18.52.19 WIB | JV.2025.06.00683       | Tgl jurnal: 15/06/2025   | Penjualan cafe strada MKG tanggal 15/06/2025
  [318/1355] ✅ DELETED  | 14-04-2026, 18.52.20 WIB | JV.2025.06.00809       | Tgl jurnal: 16/06/2025   | Uang masuk penjualan cafe strada MKG tanggal 15/06/2025
  [319/1355] ✅ DELETED  | 14-04-2026, 18.52.20 WIB | JV.2025.06.00684       | Tgl jurnal: 16/06/2025   | Penjualan cafe strada MKG tanggal 16/06/2025
  [320/1355] ✅ DELETED  | 14-04-2026, 18.52.21 WIB | JV.2025.06.00810       | Tgl jurnal: 17/06/2025   | Uang masuk penjualan cafe strada MKG tanggal 16/06/2025
  [321/1355] ✅ DELETED  | 14-04-2026, 18.52.22 WIB | JV.2025.06.00685       | Tgl jurnal: 17/06/2025   | Penjualan cafe strada MKG tanggal 17/06/2025
  [322/1355] ✅ DELETED  | 14-04-2026, 18.52.23 WIB | JV.2025.06.00811       | Tgl jurnal: 18/06/2025   | Uang masuk penjualan cafe strada MKG tanggal 17/06/2025
  [323/1355] ✅ DELETED  | 14-04-2026, 18.52.23 WIB | JV.2025.06.00686       | Tgl jurnal: 18/06/2025   | Penjualan cafe strada MKG tanggal 18/06/2025
  [324/1355] ✅ DELETED  | 14-04-2026, 18.52.24 WIB | JV.2025.06.00812       | Tgl jurnal: 19/06/2025   | Uang masuk penjualan cafe strada MKG tanggal 18/06/2025
  [325/1355] ✅ DELETED  | 14-04-2026, 18.52.25 WIB | JV.2025.06.00687       | Tgl jurnal: 19/06/2025   | Penjualan cafe strada MKG tanggal 1906/2025
  [326/1355] ✅ DELETED  | 14-04-2026, 18.52.26 WIB | JV.2025.06.00813       | Tgl jurnal: 20/06/2025   | Uang masuk penjualan cafe strada MKG tanggal 19/06/2025
  [327/1355] ✅ DELETED  | 14-04-2026, 18.52.26 WIB | JV.2025.06.00689       | Tgl jurnal: 20/06/2025   | Penjualan cafe strada MKG tanggal 20/06/2025
  [328/1355] ✅ DELETED  | 14-04-2026, 18.52.27 WIB | JV.2025.06.00814       | Tgl jurnal: 21/06/2025   | Uang masuk penjualan cafe strada MKG tanggal 20/06/2025
  [329/1355] ✅ DELETED  | 14-04-2026, 18.52.28 WIB | JV.2025.06.00690       | Tgl jurnal: 21/06/2025   | Penjualan cafe strada MKG tanggal 21/06/2025
  [330/1355] ✅ DELETED  | 14-04-2026, 18.52.28 WIB | JV.2025.06.00815       | Tgl jurnal: 22/06/2025   | Uang masuk penjualan cafe strada MKG tanggal 21/06/2025
  [331/1355] ✅ DELETED  | 14-04-2026, 18.52.29 WIB | JV.2025.06.00691       | Tgl jurnal: 22/06/2025   | Penjualan cafe strada MKG tanggal 22/06/2025
  [332/1355] ✅ DELETED  | 14-04-2026, 18.52.30 WIB | JV.2025.06.00816       | Tgl jurnal: 23/06/2025   | Uang masuk penjualan cafe strada MKG tanggal 22/06/2025
  [333/1355] ✅ DELETED  | 14-04-2026, 18.52.31 WIB | JV.2025.06.00692       | Tgl jurnal: 23/06/2025   | Penjualan cafe strada MKG tanggal 23/06/2025
  [334/1355] ✅ DELETED  | 14-04-2026, 18.52.31 WIB | JV.2025.06.00817       | Tgl jurnal: 24/06/2025   | Uang masuk penjualan cafe strada MKG tanggal 23/06/2025
  [335/1355] ✅ DELETED  | 14-04-2026, 18.52.32 WIB | JV.2025.06.00693       | Tgl jurnal: 24/06/2025   | Penjualan cafe strada MKG tanggal 24/06/2025
  [336/1355] ✅ DELETED  | 14-04-2026, 18.52.33 WIB | JV.2025.06.00818       | Tgl jurnal: 25/06/2025   | Uang masuk penjualan cafe strada MKG tanggal 24/06/2025
  [337/1355] ✅ DELETED  | 14-04-2026, 18.52.34 WIB | JV.2025.06.00694       | Tgl jurnal: 25/06/2025   | Penjualan cafe strada MKG tanggal 25/06/2025
  [338/1355] ✅ DELETED  | 14-04-2026, 18.52.34 WIB | JV.2025.06.00819       | Tgl jurnal: 26/06/2025   | Uang masuk penjualan cafe strada MKG tanggal 25/06/2025
  [339/1355] ✅ DELETED  | 14-04-2026, 18.52.35 WIB | JV.2025.06.00695       | Tgl jurnal: 26/06/2025   | Penjualan cafe strada MKG tanggal 26/06/2025
  [340/1355] ✅ DELETED  | 14-04-2026, 18.52.36 WIB | JV.2025.06.00820       | Tgl jurnal: 27/06/2025   | Uang masuk penjualan cafe strada MKG tanggal 26/06/2025
  [341/1355] ✅ DELETED  | 14-04-2026, 18.52.37 WIB | JV.2025.06.00696       | Tgl jurnal: 27/06/2025   | Penjualan cafe strada MKG tanggal 27/06/2025
  [342/1355] ✅ DELETED  | 14-04-2026, 18.52.37 WIB | JV.2025.06.00857       | Tgl jurnal: 27/06/2025   | Uang masuk penjualan sales cash mkg 27.
06.2025
  [343/1355] ✅ DELETED  | 14-04-2026, 18.52.38 WIB | JV.2025.06.00821       | Tgl jurnal: 28/06/2025   | Uang masuk penjualan cafe strada MKG tanggal 27/06/2025
  [344/1355] ✅ DELETED  | 14-04-2026, 18.52.39 WIB | JV.2025.06.00803       | Tgl jurnal: 28/06/2025   | Penjualan cafe strada MKG tanggal 28/06/2025
  [345/1355] ✅ DELETED  | 14-04-2026, 18.52.40 WIB | JV.2025.06.00822       | Tgl jurnal: 29/06/2025   | Uang masuk penjualan cafe strada MKG tanggal 28/06/2025
  [346/1355] ✅ DELETED  | 14-04-2026, 18.52.40 WIB | JV.2025.06.00804       | Tgl jurnal: 29/06/2025   | Penjualan cafe strada MKG tanggal 29/06/2025
  [347/1355] ✅ DELETED  | 14-04-2026, 18.52.41 WIB | JV.2025.06.00823       | Tgl jurnal: 30/06/2025   | Uang masuk penjualan cafe strada MKG tanggal 29/06/2025
  [348/1355] ✅ DELETED  | 14-04-2026, 18.52.42 WIB | JV.2025.06.00805       | Tgl jurnal: 30/06/2025   | Penjualan cafe strada MKG tanggal 30/06/2025
  [349/1355] ✅ DELETED  | 14-04-2026, 18.52.43 WIB | JV.2025.07.00046       | Tgl jurnal: 01/07/2025   | Uang masuk penjualan cafe strada MKG tanggal 30/06/2025
  [350/1355] ✅ DELETED  | 14-04-2026, 18.52.43 WIB | JV.2025.07.00184       | Tgl jurnal: 01/07/2025   | Penjualan cafe strada MKG tanggal 01/07/2025
  [351/1355] ✅ DELETED  | 14-04-2026, 18.52.44 WIB | JV.2025.07.00193       | Tgl jurnal: 02/07/2025   | Uang masuk penjualan cafe strada MKG tanggal 01/07/2025
  [352/1355] ✅ DELETED  | 14-04-2026, 18.52.45 WIB | JV.2025.07.00185       | Tgl jurnal: 02/07/2025   | Penjualan cafe strada MKG tanggal 02/07/2025
  [353/1355] ✅ DELETED  | 14-04-2026, 18.52.46 WIB | JV.2025.07.00194       | Tgl jurnal: 03/07/2025   | Uang masuk penjualan cafe strada MKG tanggal 02/07/2025
  [354/1355] ✅ DELETED  | 14-04-2026, 18.52.46 WIB | JV.2025.07.00186       | Tgl jurnal: 03/07/2025   | Penjualan cafe strada MKG tanggal 03/07/2025
  [355/1355] ✅ DELETED  | 14-04-2026, 18.52.47 WIB | JV.2025.07.00195       | Tgl jurnal: 04/07/2025   | Uang masuk penjualan cafe strada MKG tanggal 03/07/2025
  [356/1355] ✅ DELETED  | 14-04-2026, 18.52.48 WIB | JV.2025.07.00187       | Tgl jurnal: 04/07/2025   | Penjualan cafe strada MKG tanggal 04/07/2025
  [357/1355] ✅ DELETED  | 14-04-2026, 18.52.49 WIB | JV.2025.07.00196       | Tgl jurnal: 05/07/2025   | Uang masuk penjualan cafe strada MKG tanggal 04/07/2025
  [358/1355] ✅ DELETED  | 14-04-2026, 18.52.50 WIB | JV.2025.07.00188       | Tgl jurnal: 05/07/2025   | Penjualan cafe strada MKG tanggal 05/07/2025
  [359/1355] ✅ DELETED  | 14-04-2026, 18.52.50 WIB | JV.2025.07.00197       | Tgl jurnal: 06/07/2025   | Uang masuk penjualan cafe strada MKG tanggal 05/07/2025
  [360/1355] ✅ DELETED  | 14-04-2026, 18.52.51 WIB | JV.2025.07.00189       | Tgl jurnal: 06/07/2025   | Penjualan cafe strada MKG tanggal 06/07/2025
  [361/1355] ✅ DELETED  | 14-04-2026, 18.52.52 WIB | JV.2025.07.00192       | Tgl jurnal: 07/07/2025   | Uang masuk penjualan cafe strada MKG tanggal 06/07/2025
  [362/1355] ✅ DELETED  | 14-04-2026, 18.52.53 WIB | JV.2025.07.00190       | Tgl jurnal: 07/07/2025   | Penjualan cafe strada MKG tanggal 07/07/2025
  [363/1355] ✅ DELETED  | 14-04-2026, 18.52.53 WIB | JV.2025.07.00191       | Tgl jurnal: 08/07/2025   | Uang masuk penjualan cafe strada MKG tanggal 07/07/2025
  [364/1355] ✅ DELETED  | 14-04-2026, 18.52.54 WIB | JV.2025.07.00378       | Tgl jurnal: 08/07/2025   | Penjualan cafe strada MKG tanggal 08/07/2025
  [365/1355] ✅ DELETED  | 14-04-2026, 18.52.55 WIB | JV.2025.07.00379       | Tgl jurnal: 09/07/2025   | Uang masuk penjualan cafe strada MKG tanggal 08/07/2025
  [366/1355] ✅ DELETED  | 14-04-2026, 18.52.55 WIB | JV.2025.07.00377       | Tgl jurnal: 09/07/2025   | Penjualan cafe strada MKG tanggal 09/07/2025
  [367/1355] ✅ DELETED  | 14-04-2026, 18.52.56 WIB | JV.2025.07.00380       | Tgl jurnal: 10/07/2025   | Uang masuk penjualan cafe strada MKG tanggal 09/07/2025
  [368/1355] ✅ DELETED  | 14-04-2026, 18.52.57 WIB | JV.2025.07.00376       | Tgl jurnal: 10/07/2025   | Penjualan cafe strada MKG tanggal 10/07/2025
  [369/1355] ✅ DELETED  | 14-04-2026, 18.52.58 WIB | JV.2025.07.00381       | Tgl jurnal: 11/07/2025   | Uang masuk penjualan cafe strada MKG tanggal 10/07/2025
  [370/1355] ✅ DELETED  | 14-04-2026, 18.52.59 WIB | JV.2025.07.00375       | Tgl jurnal: 11/07/2025   | Penjualan cafe strada MKG tanggal 11/07/2025
  [371/1355] ✅ DELETED  | 14-04-2026, 18.53.00 WIB | JV.2025.07.00382       | Tgl jurnal: 12/07/2025   | Uang masuk penjualan cafe strada MKG tanggal 11/07/2025
  [372/1355] ✅ DELETED  | 14-04-2026, 18.53.01 WIB | JV.2025.07.00374       | Tgl jurnal: 12/07/2025   | Penjualan cafe strada MKG tanggal 12/07/2025
  [373/1355] ✅ DELETED  | 14-04-2026, 18.53.01 WIB | JV.2025.07.00383       | Tgl jurnal: 13/07/2025   | Uang masuk penjualan cafe strada MKG tanggal 12/07/2025
  [374/1355] ✅ DELETED  | 14-04-2026, 18.53.02 WIB | JV.2025.07.00373       | Tgl jurnal: 13/07/2025   | Penjualan cafe strada MKG tanggal 13/07/2025
  [375/1355] ✅ DELETED  | 14-04-2026, 18.53.03 WIB | JV.2025.07.00384       | Tgl jurnal: 14/07/2025   | Uang masuk penjualan cafe strada MKG tanggal 13/07/2025
  [376/1355] ✅ DELETED  | 14-04-2026, 18.53.04 WIB | JV.2025.07.00372       | Tgl jurnal: 14/07/2025   | Penjualan cafe strada MKG tanggal 14/07/2025
  [377/1355] ✅ DELETED  | 14-04-2026, 18.53.04 WIB | JV.2025.07.00598       | Tgl jurnal: 15/07/2025   | Penjualan cafe strada MKG tanggal 14/07/2025
  [378/1355] ✅ DELETED  | 14-04-2026, 18.53.05 WIB | JV.2025.07.00385       | Tgl jurnal: 15/07/2025   | Uang masuk penjualan cafe strada MKG tanggal 14/07/2025
  [379/1355] ✅ DELETED  | 14-04-2026, 18.53.06 WIB | JV.2025.07.00609       | Tgl jurnal: 16/07/2025   | Uang masuk penjualan cafe strada MKG tanggal 15/07/2025
  [380/1355] ✅ DELETED  | 14-04-2026, 18.53.07 WIB | JV.2025.07.00599       | Tgl jurnal: 16/07/2025   | Penjualan cafe strada MKG tanggal 16/07/2025
  [381/1355] ✅ DELETED  | 14-04-2026, 18.53.07 WIB | JV.2025.07.00610       | Tgl jurnal: 17/07/2025   | Uang masuk penjualan cafe strada MKG tanggal 16/07/2025
  [382/1355] ✅ DELETED  | 14-04-2026, 18.53.08 WIB | JV.2025.07.00600       | Tgl jurnal: 17/07/2025   | Penjualan cafe strada MKG tanggal 17/07/2025
  [383/1355] ✅ DELETED  | 14-04-2026, 18.53.09 WIB | JV.2025.07.00611       | Tgl jurnal: 18/07/2025   | Uang masuk penjualan cafe strada MKG tanggal 17/07/2025
  [384/1355] ✅ DELETED  | 14-04-2026, 18.53.10 WIB | JV.2025.07.00601       | Tgl jurnal: 18/07/2025   | Penjualan cafe strada MKG tanggal 18/07/2025
  [385/1355] ✅ DELETED  | 14-04-2026, 18.53.10 WIB | JV.2025.07.00612       | Tgl jurnal: 19/07/2025   | Uang masuk penjualan cafe strada MKG tanggal 18/07/2025
  [386/1355] ✅ DELETED  | 14-04-2026, 18.53.11 WIB | JV.2025.07.00602       | Tgl jurnal: 19/07/2025   | Penjualan cafe strada MKG tanggal 19/07/2025
  [387/1355] ✅ DELETED  | 14-04-2026, 18.53.12 WIB | JV.2025.07.00613       | Tgl jurnal: 20/07/2025   | Uang masuk penjualan cafe strada MKG tanggal 19/07/2025
  [388/1355] ✅ DELETED  | 14-04-2026, 18.53.13 WIB | JV.2025.07.00603       | Tgl jurnal: 20/07/2025   | Penjualan cafe strada MKG tanggal 20/07/2025
  [389/1355] ✅ DELETED  | 14-04-2026, 18.53.13 WIB | JV.2025.07.00608       | Tgl jurnal: 21/07/2025   | Uang masuk penjualan cafe strada MKG tanggal 20/07/2025
  [390/1355] ✅ DELETED  | 14-04-2026, 18.53.14 WIB | JV.2025.07.00604       | Tgl jurnal: 21/07/2025   | Penjualan cafe strada MKG tanggal 21/07/2025
  [391/1355] ✅ DELETED  | 14-04-2026, 18.53.15 WIB | JV.2025.07.01013       | Tgl jurnal: 21/07/2025   | Setoran cash MKG penjualan tanggal 21/07/2025
  [392/1355] ✅ DELETED  | 14-04-2026, 18.53.16 WIB | JV.2025.07.00607       | Tgl jurnal: 22/07/2025   | Uang masuk penjualan cafe strada MKG tanggal 21/07/2025
  [393/1355] ✅ DELETED  | 14-04-2026, 18.53.17 WIB | JV.2025.07.00605       | Tgl jurnal: 22/07/2025   | Penjualan cafe strada MKG tanggal 22/07/2025
  [394/1355] ✅ DELETED  | 14-04-2026, 18.53.17 WIB | JV.2025.07.00606       | Tgl jurnal: 23/07/2025   | Uang masuk penjualan cafe strada MKG tanggal 22/07/2025
  [395/1355] ✅ DELETED  | 14-04-2026, 18.53.18 WIB | JV.2025.07.00705       | Tgl jurnal: 23/07/2025   | Penjualan cafe strada MKG tanggal 23/07/2025
  [396/1355] ✅ DELETED  | 14-04-2026, 18.53.19 WIB | JV.2025.07.00720       | Tgl jurnal: 24/07/2025   | Uang masuk penjualan cafe strada MKG tanggal 23/07/2025
  [397/1355] ✅ DELETED  | 14-04-2026, 18.53.20 WIB | JV.2025.07.00706       | Tgl jurnal: 24/07/2025   | Penjualan cafe strada MKG tanggal 24/07/2025
  [398/1355] ✅ DELETED  | 14-04-2026, 18.53.20 WIB | JV.2025.07.00719       | Tgl jurnal: 25/07/2025   | Uang masuk penjualan cafe strada MKG tanggal 24/07/2025
  [399/1355] ✅ DELETED  | 14-04-2026, 18.53.21 WIB | JV.2025.07.00707       | Tgl jurnal: 25/07/2025   | Penjualan cafe strada MKG tanggal 25/07/2025
  [400/1355] ✅ DELETED  | 14-04-2026, 18.53.22 WIB | JV.2025.07.00718       | Tgl jurnal: 26/07/2025   | Uang masuk penjualan cafe strada MKG tanggal 25/07/2025
  [401/1355] ✅ DELETED  | 14-04-2026, 18.53.23 WIB | JV.2025.07.00708       | Tgl jurnal: 26/07/2025   | Penjualan cafe strada MKG tanggal 26/07/2025
  [402/1355] ✅ DELETED  | 14-04-2026, 18.53.23 WIB | JV.2025.07.00716       | Tgl jurnal: 27/07/2025   | Uang masuk penjualan cafe strada MKG tanggal 26/07/2025
  [403/1355] ✅ DELETED  | 14-04-2026, 18.53.24 WIB | JV.2025.07.00709       | Tgl jurnal: 27/07/2025   | Penjualan cafe strada MKG tanggal 27/07/2025
  [404/1355] ✅ DELETED  | 14-04-2026, 18.53.25 WIB | JV.2025.07.00717       | Tgl jurnal: 28/07/2025   | Uang masuk penjualan cafe strada MKG tanggal 27/07/2025
  [405/1355] ✅ DELETED  | 14-04-2026, 18.53.26 WIB | JV.2025.08.00012       | Tgl jurnal: 28/07/2025   | Penjualan cafe strada MKG tanggal 28/07/2025
  [406/1355] ✅ DELETED  | 14-04-2026, 18.53.26 WIB | JV.2025.07.00916       | Tgl jurnal: 29/07/2025   | Uang masuk penjualan cafe strada MKG tanggal 28/07/2025
  [407/1355] ✅ DELETED  | 14-04-2026, 18.53.27 WIB | JV.2025.07.00906       | Tgl jurnal: 28/07/2025   | Penjualan cafe Strada SMS tanggal 28/07/2025
  [408/1355] ✅ DELETED  | 14-04-2026, 18.53.28 WIB | JV.2025.07.00910       | Tgl jurnal: 29/07/2025   | Uang masuk penjualan cafe Strada SMS tanggal 28/07/2025
  [409/1355] ✅ DELETED  | 14-04-2026, 18.53.29 WIB | JV.2025.07.00913       | Tgl jurnal: 29/07/2025   | Penjualan cafe strada MKG tanggal 29/07/2025
  [410/1355] ✅ DELETED  | 14-04-2026, 18.53.29 WIB | JV.2025.07.00917       | Tgl jurnal: 30/07/2025   | Uang masuk penjualan cafe strada MKG tanggal 29/07/2025
  [411/1355] ✅ DELETED  | 14-04-2026, 18.53.30 WIB | JV.2025.07.00907       | Tgl jurnal: 29/07/2025   | Penjualan cafe Strada SMS tanggal 29/07/2025
  [412/1355] ✅ DELETED  | 14-04-2026, 18.53.31 WIB | JV.2025.07.00911       | Tgl jurnal: 30/07/2025   | Uang masuk penjualan cafe Strada SMS tanggal 29/07/2025
  [413/1355] ✅ DELETED  | 14-04-2026, 18.53.32 WIB | JV.2025.07.00914       | Tgl jurnal: 30/07/2025   | Penjualan cafe strada MKG tanggal 30/07/2025
  [414/1355] ✅ DELETED  | 14-04-2026, 18.53.32 WIB | JV.2025.07.00918       | Tgl jurnal: 31/07/2025   | Uang masuk penjualan cafe strada MKG tanggal 30/07/2025
  [415/1355] ✅ DELETED  | 14-04-2026, 18.53.33 WIB | JV.2025.07.00908       | Tgl jurnal: 30/07/2025   | Penjualan cafe Strada SMS tanggal 30/07/2025
  [416/1355] ✅ DELETED  | 14-04-2026, 18.53.34 WIB | JV.2025.07.00912       | Tgl jurnal: 31/07/2025   | Uang masuk penjualan cafe Strada SMS tanggal 30/07/2025
  [417/1355] ✅ DELETED  | 14-04-2026, 18.53.35 WIB | JV.2025.07.00915       | Tgl jurnal: 31/07/2025   | Penjualan cafe strada MKG tanggal 31/07/2025
  [418/1355] ✅ DELETED  | 14-04-2026, 18.53.35 WIB | JV.2025.08.00013       | Tgl jurnal: 01/08/2025   | Uang masuk penjualan cafe strada MKG tanggal 31/07/2025
  [419/1355] ✅ DELETED  | 14-04-2026, 18.53.36 WIB | JV.2025.07.00909       | Tgl jurnal: 31/07/2025   | Penjualan cafe Strada SMS tanggal 31/07/2025
  [420/1355] ✅ DELETED  | 14-04-2026, 18.53.37 WIB | JV.2025.08.00185       | Tgl jurnal: 01/08/2025   | Penjualan cafe strada MKG tanggal 01/08/2025
  [421/1355] ✅ DELETED  | 14-04-2026, 18.53.38 WIB | JV.2025.08.00191       | Tgl jurnal: 02/08/2025   | Uang masuk penjualan cafe strada MKG tanggal 01/08/2025
  [422/1355] ✅ DELETED  | 14-04-2026, 18.53.38 WIB | JV.2025.08.00197       | Tgl jurnal: 01/08/2025   | Penjualan cafe strada SMS tanggal 01/08/2025
  [423/1355] ✅ DELETED  | 14-04-2026, 18.53.39 WIB | JV.2025.08.00203       | Tgl jurnal: 02/08/2025   | Uang masuk penjualan cafe strada SMS tanggal 31 Juli dan 01 Agustus 2025
  [424/1355] ✅ DELETED  | 14-04-2026, 18.53.40 WIB | JV.2025.08.00186       | Tgl jurnal: 02/08/2025   | Penjualan cafe strada MKG tanggal 02/08/2025
  [425/1355] ✅ DELETED  | 14-04-2026, 18.53.41 WIB | JV.2025.08.00192       | Tgl jurnal: 03/08/2025   | Uang masuk penjualan cafe strada MKG tanggal 02/08/2025
  [426/1355] ✅ DELETED  | 14-04-2026, 18.53.41 WIB | JV.2025.08.00198       | Tgl jurnal: 02/08/2025   | Penjualan cafe strada SMS tanggal 02/08/2025
  [427/1355] ✅ DELETED  | 14-04-2026, 18.53.42 WIB | JV.2025.08.00204       | Tgl jurnal: 03/08/2025   | Uang masuk penjualan cafe strada SMS tanggal 02/08/2025
  [428/1355] ✅ DELETED  | 14-04-2026, 18.53.43 WIB | JV.2025.08.00187       | Tgl jurnal: 03/08/2025   | Penjualan cafe strada MKG tanggal 03/08/2025
  [429/1355] ✅ DELETED  | 14-04-2026, 18.53.43 WIB | JV.2025.08.00193       | Tgl jurnal: 04/08/2025   | Uang masuk penjualan cafe strada MKG tanggal 03/08/2025
  [430/1355] ✅ DELETED  | 14-04-2026, 18.53.44 WIB | JV.2025.08.00199       | Tgl jurnal: 03/08/2025   | Penjualan cafe strada SMS tanggal 03/08/2025
  [431/1355] ✅ DELETED  | 14-04-2026, 18.53.45 WIB | JV.2025.08.00205       | Tgl jurnal: 04/08/2025   | Uang masuk penjualan cafe strada SMS tanggal 03/08/2025
  [432/1355] ✅ DELETED  | 14-04-2026, 18.53.46 WIB | JV.2025.08.00188       | Tgl jurnal: 04/08/2025   | Penjualan cafe strada MKG tanggal 04/08/2025
  [433/1355] ✅ DELETED  | 14-04-2026, 18.53.46 WIB | JV.2025.08.00194       | Tgl jurnal: 05/08/2025   | Uang masuk penjualan cafe strada MKG tanggal 04/08/2025
  [434/1355] ✅ DELETED  | 14-04-2026, 18.53.47 WIB | JV.2025.08.00200       | Tgl jurnal: 04/08/2025   | Penjualan cafe strada SMS tanggal 04/08/2025
  [435/1355] ✅ DELETED  | 14-04-2026, 18.53.48 WIB | JV.2025.08.00206       | Tgl jurnal: 05/08/2025   | Uang masuk penjualan cafe strada SMS tanggal 04/08/2025
  [436/1355] ✅ DELETED  | 14-04-2026, 18.53.49 WIB | JV.2025.08.00189       | Tgl jurnal: 05/08/2025   | Penjualan cafe strada MKG tanggal 05/08/2025
  [437/1355] ✅ DELETED  | 14-04-2026, 18.53.49 WIB | JV.2025.08.00195       | Tgl jurnal: 06/08/2025   | Uang masuk penjualan cafe strada MKG tanggal 05/08/2025
  [438/1355] ✅ DELETED  | 14-04-2026, 18.53.50 WIB | JV.2025.08.00201       | Tgl jurnal: 05/08/2025   | Penjualan cafe strada SMS tanggal 05/08/2025
  [439/1355] ✅ DELETED  | 14-04-2026, 18.53.51 WIB | JV.2025.08.00207       | Tgl jurnal: 06/08/2025   | Uang masuk penjualan cafe strada SMS tanggal 05/08/2025
  [440/1355] ✅ DELETED  | 14-04-2026, 18.53.52 WIB | JV.2025.08.00190       | Tgl jurnal: 06/08/2025   | Penjualan cafe strada MKG tanggal 06/08/2025
  [441/1355] ✅ DELETED  | 14-04-2026, 18.53.52 WIB | JV.2025.08.00196       | Tgl jurnal: 07/08/2025   | Uang masuk penjualan cafe strada MKG tanggal 06/08/2025
  [442/1355] ✅ DELETED  | 14-04-2026, 18.53.53 WIB | JV.2025.08.00202       | Tgl jurnal: 06/08/2025   | Penjualan cafe strada SMS tanggal 06/08/2025
  [443/1355] ✅ DELETED  | 14-04-2026, 18.53.54 WIB | JV.2025.08.00208       | Tgl jurnal: 07/08/2025   | Uang masuk penjualan cafe strada SMS tanggal 06/08/2025
  [444/1355] ✅ DELETED  | 14-04-2026, 18.53.55 WIB | JV.2025.08.00172       | Tgl jurnal: 07/08/2025   | Penjualan cafe strada MKG tanggal 07/08/2025
  [445/1355] ✅ DELETED  | 14-04-2026, 18.53.55 WIB | JV.2025.08.00175       | Tgl jurnal: 08/08/2025   | Uang masuk penjualan cafe strada MKG tanggal 07/08/2025
  [446/1355] ✅ DELETED  | 14-04-2026, 18.53.56 WIB | JV.2025.08.00173       | Tgl jurnal: 07/08/2025   | Penjualan cafe strada SMS tanggal 07/08/2025
  [447/1355] ✅ DELETED  | 14-04-2026, 18.53.57 WIB | JV.2025.08.00174       | Tgl jurnal: 08/08/2025   | Uang masuk penjualan cafe strada SMS tanggal 07/08/2025
  [448/1355] ✅ DELETED  | 14-04-2026, 18.53.58 WIB | JV.2025.08.00180       | Tgl jurnal: 08/08/2025   | Penjualan cafe strada MKG tanggal 08/08/2025
  [449/1355] ✅ DELETED  | 14-04-2026, 18.53.58 WIB | JV.2025.08.00183       | Tgl jurnal: 09/08/2025   | Uang masuk penjualan cafe strada MKG tanggal 08/08/2025
  [450/1355] ✅ DELETED  | 14-04-2026, 18.53.59 WIB | JV.2025.08.00179       | Tgl jurnal: 08/08/2025   | Penjualan cafe Strada SMS tanggal 08/08/2025
  [451/1355] ✅ DELETED  | 14-04-2026, 18.54.00 WIB | JV.2025.08.00184       | Tgl jurnal: 09/08/2025   | Uang masuk penjualan cafe strada SMS tanggal 08/08/2025
  [452/1355] ✅ DELETED  | 14-04-2026, 18.54.01 WIB | JV.2025.08.00213       | Tgl jurnal: 09/08/2025   | Penjualan cafe strada MKG tanggal
  [453/1355] ✅ DELETED  | 14-04-2026, 18.54.01 WIB | JV.2025.08.00216       | Tgl jurnal: 10/08/2025   | Uang masuk penjualan cafe strada MKG tanggal 09/08/2025
  [454/1355] ✅ DELETED  | 14-04-2026, 18.54.02 WIB | JV.2025.08.00217       | Tgl jurnal: 09/08/2025   | Penjualan cafe strada SMS tanggal 09/08/2025
  [455/1355] ✅ DELETED  | 14-04-2026, 18.54.03 WIB | JV.2025.08.00220       | Tgl jurnal: 10/08/2025   | Uang masuk penjualan cafe strada SMS tanggal 09/08/2025
  [456/1355] ✅ DELETED  | 14-04-2026, 18.54.04 WIB | JV.2025.08.00214       | Tgl jurnal: 10/08/2025   | Penjualan cafe strada MKG tanggal 10/08/2025
  [457/1355] ✅ DELETED  | 14-04-2026, 18.54.04 WIB | JV.2025.08.00215       | Tgl jurnal: 11/08/2025   | Uang masuk penjualan cafe strada MKG tanggal 10/08/2025
  [458/1355] ✅ DELETED  | 14-04-2026, 18.54.05 WIB | JV.2025.08.00218       | Tgl jurnal: 10/08/2025   | Penjualan cafe strada SMS tanggal 10/08/2025
  [459/1355] ✅ DELETED  | 14-04-2026, 18.54.06 WIB | JV.2025.08.00219       | Tgl jurnal: 11/08/2025   | Uang masuk penjualan cafe strada SMS tanggal 10/08/2025
  [460/1355] ✅ DELETED  | 14-04-2026, 18.54.06 WIB | JV.2025.08.00275       | Tgl jurnal: 11/08/2025   | Penjualan cafe strada MKG tanggal 11/08/2025
  [461/1355] ✅ DELETED  | 14-04-2026, 18.54.07 WIB | JV.2025.08.00276       | Tgl jurnal: 12/08/2025   | Uang masuk penjualan cafe strada MKG tanggal 11/08/2025
  [462/1355] ✅ DELETED  | 14-04-2026, 18.54.08 WIB | JV.2025.08.00277       | Tgl jurnal: 11/08/2025   | Penjualan cafe strada SMS tanggal 11/08/2025
  [463/1355] ✅ DELETED  | 14-04-2026, 18.54.09 WIB | JV.2025.08.00278       | Tgl jurnal: 12/08/2025   | Uang masuk penjualan cafe strada SMS tanggal 11/08/2025
  [464/1355] ✅ DELETED  | 14-04-2026, 18.54.10 WIB | JV.2025.08.00390       | Tgl jurnal: 13/08/2025   | Uang masuk penjualan cafe strada MKG tanggal 12/08/2025
  [465/1355] ✅ DELETED  | 14-04-2026, 18.54.10 WIB | JV.2025.08.00389       | Tgl jurnal: 12/08/2025   | Penjualan cafe strada SMS tanggal 12/08/2025
  [466/1355] ✅ DELETED  | 14-04-2026, 18.54.11 WIB | JV.2025.08.00393       | Tgl jurnal: 13/08/2025   | Uang masuk penjualan cafe strada SMS tanggal 12/08/2025
  [467/1355] ✅ DELETED  | 14-04-2026, 18.54.12 WIB | JV.2025.08.00386       | Tgl jurnal: 13/08/2025   | Penjualan cafe strada MKG tanggal 13/08/2025
  [468/1355] ✅ DELETED  | 14-04-2026, 18.54.13 WIB | JV.2025.08.00391       | Tgl jurnal: 14/08/2025   | Uang masuk penjualan cafe strada MKG tanggal 13/08/2025
  [469/1355] ✅ DELETED  | 14-04-2026, 18.54.13 WIB | JV.2025.08.00387       | Tgl jurnal: 13/08/2025   | Penjualan cafe strada SMS tanggal 13/08/2025
  [470/1355] ✅ DELETED  | 14-04-2026, 18.54.14 WIB | JV.2025.08.00394       | Tgl jurnal: 14/08/2025   | Uang masuk penjualan cafe strada SMS tanggal 13/08/2025
  [471/1355] ✅ DELETED  | 14-04-2026, 18.54.15 WIB | JV.2025.08.00385       | Tgl jurnal: 14/08/2025   | Penjualan cafe strada MKG tanggal 14/08/2025
  [472/1355] ✅ DELETED  | 14-04-2026, 18.54.16 WIB | JV.2025.08.00392       | Tgl jurnal: 15/08/2025   | Uang masuk penjualan cafe strada MKG tanggal 14/08/2025
  [473/1355] ✅ DELETED  | 14-04-2026, 18.54.16 WIB | JV.2025.08.00388       | Tgl jurnal: 14/08/2025   | Penjualan cafe strada SMS tanggal 14/08/2025
  [474/1355] ✅ DELETED  | 14-04-2026, 18.54.17 WIB | JV.2025.08.00395       | Tgl jurnal: 15/08/2025   | Uang masuk penjualan cafe strada SMS tanggal 14/08/2025
  [475/1355] ✅ DELETED  | 14-04-2026, 18.54.18 WIB | JV.2025.08.00403       | Tgl jurnal: 15/08/2025   | Penjualan cafe strada MKG tanggal 15/08/2025
  [476/1355] ✅ DELETED  | 14-04-2026, 18.54.18 WIB | JV.2025.08.00406       | Tgl jurnal: 16/08/2025   | Uang masuk penjualan cafe strada MKG tanggal 15/08/2025
  [477/1355] ✅ DELETED  | 14-04-2026, 18.54.19 WIB | JV.2025.08.00404       | Tgl jurnal: 15/08/2025   | Penjualan cafe strada SMS tanggal 15/08/2025
  [478/1355] ✅ DELETED  | 14-04-2026, 18.54.20 WIB | JV.2025.08.00407       | Tgl jurnal: 16/08/2025   | Uang masuk penjualan cafe strada SMS tanggal 15/08/2025
  [479/1355] ✅ DELETED  | 14-04-2026, 18.54.21 WIB | JV.2025.08.00413       | Tgl jurnal: 16/08/2025   | Penjualan cafe strada MKG tanggal 16/08/2025
  [480/1355] ✅ DELETED  | 14-04-2026, 18.54.21 WIB | JV.2025.08.00414       | Tgl jurnal: 17/08/2025   | Uang masuk penjualan cafe strada MKG tanggal 16/08/2025
  [481/1355] ✅ DELETED  | 14-04-2026, 18.54.22 WIB | JV.2025.08.00416       | Tgl jurnal: 16/08/2025   | Penjualan cafe strada SMS tanggal 16/08/2025
  [482/1355] ✅ DELETED  | 14-04-2026, 18.54.23 WIB | JV.2025.08.00420       | Tgl jurnal: 16/08/2025   | Setoran cash penjualan cafe strada SMS tanggal 16/08/2025
  [483/1355] ✅ DELETED  | 14-04-2026, 18.54.24 WIB | JV.2025.08.00418       | Tgl jurnal: 17/08/2025   | Uang masuk penjualan cafe strada SMS tanggal 16/08/2025
  [484/1355] ✅ DELETED  | 14-04-2026, 18.54.25 WIB | JV.2025.08.00412       | Tgl jurnal: 17/08/2025   | Penjualan cafe strada MKG tanggal 17/08/2025
  [485/1355] ✅ DELETED  | 14-04-2026, 18.54.25 WIB | JV.2025.08.00415       | Tgl jurnal: 18/08/2025   | Uang masuk penjualan cafe strada MKG tanggal 17/08/2025
  [486/1355] ✅ DELETED  | 14-04-2026, 18.54.26 WIB | JV.2025.08.00417       | Tgl jurnal: 17/08/2025   | Penjualan cafe strada SMS tanggal 17/08/2025
  [487/1355] ✅ DELETED  | 14-04-2026, 18.54.27 WIB | JV.2025.08.00419       | Tgl jurnal: 18/08/2025   | Uang masuk penjualan cafe strada SMS tanggal 17/08/2025
  [488/1355] ✅ DELETED  | 14-04-2026, 18.54.27 WIB | JV.2025.08.00515       | Tgl jurnal: 18/08/2025   | Penjualan cafe strada MKG tanggal 18/08/2025
  [489/1355] ✅ DELETED  | 14-04-2026, 18.54.28 WIB | JV.2025.08.00516       | Tgl jurnal: 19/08/2025   | Uang masuk penjualan cafe strada MKG tanggal 18/08/2025
  [490/1355] ✅ DELETED  | 14-04-2026, 18.54.29 WIB | JV.2025.08.00514       | Tgl jurnal: 18/08/2025   | Penjualan cafe strada SMS tanggal 18/08/2025
  [491/1355] ✅ DELETED  | 14-04-2026, 18.54.30 WIB | JV.2025.08.00517       | Tgl jurnal: 19/08/2025   | Uang masuk penjualan cafe strada SMS tanggal 18/08/2025
  [492/1355] ✅ DELETED  | 14-04-2026, 18.54.30 WIB | JV.2025.08.00605       | Tgl jurnal: 19/08/2025   | Penjualan cafe strada MKG tanggal 19/08/2025
  [493/1355] ✅ DELETED  | 14-04-2026, 18.54.31 WIB | JV.2025.08.00608       | Tgl jurnal: 20/08/2025   | Uang masuk penjualan cafe strada MKG tanggal 19/08/2025
  [494/1355] ✅ DELETED  | 14-04-2026, 18.54.32 WIB | JV.2025.08.00602       | Tgl jurnal: 19/08/2025   | Penjualan cafe strada SMS tanggal 19/08/2025
  [495/1355] ✅ DELETED  | 14-04-2026, 18.54.33 WIB | JV.2025.08.00604       | Tgl jurnal: 20/08/2025   | Uang masuk penjualan cafe strada SMS tanggal 19/08/2025
  [496/1355] ✅ DELETED  | 14-04-2026, 18.54.33 WIB | JV.2025.08.00606       | Tgl jurnal: 20/08/2025   | Penjualan cafe strada MKG tanggal 20/08/2025
  [497/1355] ✅ DELETED  | 14-04-2026, 18.54.34 WIB | JV.2025.08.00607       | Tgl jurnal: 21/08/2025   | Uang masuk penjualan cafe strada MKG tanggal 20/08/2025
  [498/1355] ✅ DELETED  | 14-04-2026, 18.54.35 WIB | JV.2025.08.00601       | Tgl jurnal: 20/08/2025   | Penjualan cafe strada SMS tanggal 20/08/2025
  [499/1355] ✅ DELETED  | 14-04-2026, 18.54.35 WIB | JV.2025.08.00603       | Tgl jurnal: 21/08/2025   | Uang masuk penjualan cafe strada SMS tanggal 20/08/2025
  [500/1355] ✅ DELETED  | 14-04-2026, 18.54.36 WIB | JV.2025.08.00653       | Tgl jurnal: 21/08/2025   | Penjualan cafe strada MKG tanggal 21/08/2025
  [501/1355] ✅ DELETED  | 14-04-2026, 18.54.37 WIB | JV.2025.08.00654       | Tgl jurnal: 22/08/2025   | Uang masuk penjualan cafe strada MKG tanggal 21/08/2025
  [502/1355] ✅ DELETED  | 14-04-2026, 18.54.38 WIB | JV.2025.08.00657       | Tgl jurnal: 21/08/2025   | Penjualan cafe strada SMS tanggal 21/08/2025
  [503/1355] ✅ DELETED  | 14-04-2026, 18.54.38 WIB | JV.2025.08.00660       | Tgl jurnal: 22/08/2025   | Uang masuk penjualan cafe strada SMS tanggal 21/08/2025
  [504/1355] ✅ DELETED  | 14-04-2026, 18.54.39 WIB | JV.2025.08.00655       | Tgl jurnal: 22/08/2025   | Penjualan cafe strada MKG tanggal 22/08/2025
  [505/1355] ✅ DELETED  | 14-04-2026, 18.54.40 WIB | JV.2025.08.00656       | Tgl jurnal: 23/08/2025   | Uang masuk penjualan cafe strada MKG tanggal 22/08/2025
  [506/1355] ✅ DELETED  | 14-04-2026, 18.54.41 WIB | JV.2025.08.00658       | Tgl jurnal: 22/08/2025   | Penjualan cafe strada SMS tanggal 22/08/2025
  [507/1355] ✅ DELETED  | 14-04-2026, 18.54.41 WIB | JV.2025.08.00736       | Tgl jurnal: 23/08/2025   | Uang masuk penjualan cafe strada SMS tanggal 22/08/2025
  [508/1355] ✅ DELETED  | 14-04-2026, 18.54.42 WIB | JV.2025.08.00729       | Tgl jurnal: 23/08/2025   | Penjualan cafe strada MKG tanggal 23/08/2025
  [509/1355] ✅ DELETED  | 14-04-2026, 18.54.43 WIB | JV.2025.08.00730       | Tgl jurnal: 24/08/2025   | Uang masuk penjualan cafe strada MKG tanggal 23/08/2025
  [510/1355] ✅ DELETED  | 14-04-2026, 18.54.44 WIB | JV.2025.08.00738       | Tgl jurnal: 23/08/2025   | Penjualan cafe strada SMS tanggal 23/08/2025
  [511/1355] ✅ DELETED  | 14-04-2026, 18.54.45 WIB | JV.2025.08.00737       | Tgl jurnal: 24/08/2025   | Uang masuk penjualan cafe strada SMS tanggal 23/08/2025
  [512/1355] ✅ DELETED  | 14-04-2026, 18.54.45 WIB | JV.2025.08.00731       | Tgl jurnal: 24/08/2025   | Penjualan cafe strada MKG tanggal 24/08/2025
  [513/1355] ✅ DELETED  | 14-04-2026, 18.54.46 WIB | JV.2025.08.00732       | Tgl jurnal: 25/08/2025   | Uang masuk penjualan cafe strada MKG tanggal 24/08/2025
  [514/1355] ✅ DELETED  | 14-04-2026, 18.54.47 WIB | JV.2025.08.01133       | Tgl jurnal: 24/08/2025   | Penjualan cafe strada SMS tanggal 24/08/2025
  [515/1355] ✅ DELETED  | 14-04-2026, 18.54.48 WIB | JV.2025.08.01206       | Tgl jurnal: 25/08/2025   | Uang masuk penjualan cafe strada SMS tanggal 24/08/2025
  [516/1355] ✅ DELETED  | 14-04-2026, 18.54.48 WIB | JV.2025.08.00734       | Tgl jurnal: 25/08/2025   | Penjualan cafe strada MKG tanggal 25/08/2025
  [517/1355] ✅ DELETED  | 14-04-2026, 18.54.49 WIB | JV.2025.08.00735       | Tgl jurnal: 26/08/2025   | Uang masuk penjualan cafe strada MKG tanggal 25/08/2025
  [518/1355] ✅ DELETED  | 14-04-2026, 18.54.50 WIB | JV.2025.08.01134       | Tgl jurnal: 25/08/2025   | Penjualan cafe strada SMS tanggal 25/08/2025
  [519/1355] ✅ DELETED  | 14-04-2026, 18.54.51 WIB | JV.2025.08.01207       | Tgl jurnal: 26/08/2025   | Uang masuk penjualan cafe strada SMS tanggal 25/08/2025
  [520/1355] ✅ DELETED  | 14-04-2026, 18.54.51 WIB | JV.2025.08.01121       | Tgl jurnal: 26/08/2025   | Penjualan cafe strada MKG tanggal 26/08/2025
  [521/1355] ✅ DELETED  | 14-04-2026, 18.54.52 WIB | JV.2025.08.01132       | Tgl jurnal: 27/08/2025   | Uang masuk penjualan cafe strada MKG tanggal 26/08/2025
  [522/1355] ✅ DELETED  | 14-04-2026, 18.54.53 WIB | JV.2025.08.01135       | Tgl jurnal: 26/08/2025   | Penjualan cafe strada SMS tanggal 26/08/2025
  [523/1355] ✅ DELETED  | 14-04-2026, 18.54.54 WIB | JV.2025.08.01209       | Tgl jurnal: 27/08/2025   | Uang masuk penjualan cafe strada SMS tanggal 26/08/2025
  [524/1355] ✅ DELETED  | 14-04-2026, 18.54.54 WIB | JV.2025.08.01122       | Tgl jurnal: 27/08/2025   | Penjualan cafe strada MKG tanggal 27/08/2025
  [525/1355] ✅ DELETED  | 14-04-2026, 18.54.55 WIB | JV.2025.08.01130       | Tgl jurnal: 28/08/2025   | Uang masuk penjualan cafe strada MKG tanggal 27/08/2025
  [526/1355] ✅ DELETED  | 14-04-2026, 18.54.56 WIB | JV.2025.08.01136       | Tgl jurnal: 27/08/2025   | Penjualan cafe strada SMS tanggal 27/08/2025
  [527/1355] ✅ DELETED  | 14-04-2026, 18.54.57 WIB | JV.2025.08.01144       | Tgl jurnal: 28/08/2025   | Uang masuk penjualan cafe strada SMS tanggal 27/08/2025
  [528/1355] ✅ DELETED  | 14-04-2026, 18.54.57 WIB | JV.2025.08.01123       | Tgl jurnal: 28/08/2025   | Penjualan cafe strada MKG tanggal 28/08/2025
  [529/1355] ✅ DELETED  | 14-04-2026, 18.54.58 WIB | JV.2025.08.01129       | Tgl jurnal: 29/08/2025   | Uang masuk penjualan cafe strada MKG tanggal 28/08/2025
  [530/1355] ✅ DELETED  | 14-04-2026, 18.54.59 WIB | JV.2025.08.01137       | Tgl jurnal: 28/08/2025   | Penjualan cafe strada SMS tanggal 28/08/2025
  [531/1355] ✅ DELETED  | 14-04-2026, 18.55.00 WIB | JV.2025.08.01208       | Tgl jurnal: 29/08/2025   | Uang masuk penjualan cafe strada SMS tanggal 28/08/2025
  [532/1355] ✅ DELETED  | 14-04-2026, 18.55.00 WIB | JV.2025.08.01124       | Tgl jurnal: 29/08/2025   | Penjualan cafe strada MKG tanggal 29/08/2025
  [533/1355] ✅ DELETED  | 14-04-2026, 18.55.01 WIB | JV.2025.08.01128       | Tgl jurnal: 30/08/2025   | Uang masuk penjualan cafe strada MKG tanggal 29/08/2025
  [534/1355] ✅ DELETED  | 14-04-2026, 18.55.02 WIB | JV.2025.08.01138       | Tgl jurnal: 29/08/2025   | Penjualan cafe strada SMS tanggal 29/08/2025
  [535/1355] ✅ DELETED  | 14-04-2026, 18.55.03 WIB | JV.2025.08.01142       | Tgl jurnal: 30/08/2025   | Uang masuk penjualan cafe strada SMS tanggal 29/08/2025
  [536/1355] ✅ DELETED  | 14-04-2026, 18.55.03 WIB | JV.2025.08.01125       | Tgl jurnal: 30/08/2025   | Penjualan cafe strada MKG tanggal 30/08/2025
  [537/1355] ✅ DELETED  | 14-04-2026, 18.55.04 WIB | JV.2025.08.01127       | Tgl jurnal: 31/08/2025   | Uang masuk penjualan cafe strada MKG tanggal 30/08/2025
  [538/1355] ✅ DELETED  | 14-04-2026, 18.55.05 WIB | JV.2025.08.01139       | Tgl jurnal: 30/08/2025   | Penjualan cafe strada SMS tanggal 30/08/2025
  [539/1355] ✅ DELETED  | 14-04-2026, 18.55.06 WIB | JV.2025.08.01141       | Tgl jurnal: 31/08/2025   | Uang masuk penjualan cafe strada SMS tanggal 30/08/2025
  [540/1355] ✅ DELETED  | 14-04-2026, 18.55.06 WIB | JV.2025.08.01126       | Tgl jurnal: 31/08/2025   | Penjualan cafe strada MKG tanggal 31/08/2025
  [541/1355] ✅ DELETED  | 14-04-2026, 18.55.07 WIB | JV.2025.09.00179       | Tgl jurnal: 01/09/2025   | Uang masuk penjualan cafe strada MKG tanggal 31/08/2025
  [542/1355] ✅ DELETED  | 14-04-2026, 18.55.08 WIB | JV.2025.08.01140       | Tgl jurnal: 31/08/2025   | Penjualan cafe strada SMS tanggal 31/08/2025
  [543/1355] ✅ DELETED  | 14-04-2026, 18.55.09 WIB | JV.2025.09.00194       | Tgl jurnal: 01/09/2025   | Uang masuk penjualan cafe strada SMS tanggal 31/08/2025
  [544/1355] ✅ DELETED  | 14-04-2026, 18.55.09 WIB | JV.2025.09.00165       | Tgl jurnal: 01/09/2025   | Penjualan cafe strada MKG tanggal 01/09/2025
  [545/1355] ✅ DELETED  | 14-04-2026, 18.55.10 WIB | JV.2025.09.00178       | Tgl jurnal: 02/09/2025   | Uang masuk penjualan cafe strada MKG tanggal 01/09/2025
  [546/1355] ✅ DELETED  | 14-04-2026, 18.55.11 WIB | JV.2025.09.00180       | Tgl jurnal: 01/09/2025   | Penjualan cafe strada SMS tanggal 01/09/2025
  [547/1355] ✅ DELETED  | 14-04-2026, 18.55.11 WIB | JV.2025.09.00193       | Tgl jurnal: 02/09/2025   | Uang masuk penjualan cafe strada SMS tanggal 01/09/2025
  [548/1355] ✅ DELETED  | 14-04-2026, 18.55.12 WIB | JV.2025.09.00166       | Tgl jurnal: 02/09/2025   | Penjualan cafe strada MKG tanggal 02/09/2025
  [549/1355] ✅ DELETED  | 14-04-2026, 18.55.13 WIB | JV.2025.09.00177       | Tgl jurnal: 03/09/2025   | Uang masuk penjualan cafe strada MKG tanggal 02/09/2025
  [550/1355] ✅ DELETED  | 14-04-2026, 18.55.14 WIB | JV.2025.09.00181       | Tgl jurnal: 02/09/2025   | Penjualan cafe strada SMS tanggal 02/09/2025
  [551/1355] ✅ DELETED  | 14-04-2026, 18.55.14 WIB | JV.2025.09.00192       | Tgl jurnal: 03/09/2025   | Uang masuk penjualan cafe strada SMS tanggal 02/09/2025
  [552/1355] ✅ DELETED  | 14-04-2026, 18.55.15 WIB | JV.2025.09.00167       | Tgl jurnal: 03/09/2025   | Penjualan cafe strada MKG tanggal 03/09/2025
  [553/1355] ✅ DELETED  | 14-04-2026, 18.55.16 WIB | JV.2025.09.00176       | Tgl jurnal: 04/09/2025   | Uang masuk penjualan cafe strada MKG tanggal 03/09/2025
  [554/1355] ✅ DELETED  | 14-04-2026, 18.55.17 WIB | JV.2025.09.00182       | Tgl jurnal: 03/09/2025   | Penjualan cafe strada SMS tanggal 03/09/2025
  [555/1355] ✅ DELETED  | 14-04-2026, 18.55.18 WIB | JV.2025.09.00191       | Tgl jurnal: 04/09/2025   | Uang masuk penjualan cafe strada SMS tanggal 03/09/2025
  [556/1355] ✅ DELETED  | 14-04-2026, 18.55.18 WIB | JV.2025.09.00168       | Tgl jurnal: 04/09/2025   | Penjualan cafe strada MKG tanggal 04/09/2025
  [557/1355] ✅ DELETED  | 14-04-2026, 18.55.19 WIB | JV.2025.09.00175       | Tgl jurnal: 05/09/2025   | Uang masuk penjualan cafe strada MKG tanggal 04/09/2025
  [558/1355] ✅ DELETED  | 14-04-2026, 18.55.20 WIB | JV.2025.09.00183       | Tgl jurnal: 04/09/2025   | Penjualan cafe strada SMS tanggal 04/09/2025
  [559/1355] ✅ DELETED  | 14-04-2026, 18.55.21 WIB | JV.2025.09.00190       | Tgl jurnal: 05/09/2025   | Uang masuk penjualan cafe strada SMS tanggal 04/09/2025
  [560/1355] ✅ DELETED  | 14-04-2026, 18.55.21 WIB | JV.2025.09.00169       | Tgl jurnal: 05/09/2025   | Penjualan cafe strada MKG tanggal 05/09/2025
  [561/1355] ✅ DELETED  | 14-04-2026, 18.55.22 WIB | JV.2025.09.00174       | Tgl jurnal: 06/09/2025   | Uang masuk penjualan cafe strada MKG tanggal 05/09/2025
  [562/1355] ✅ DELETED  | 14-04-2026, 18.55.23 WIB | JV.2025.09.00184       | Tgl jurnal: 05/09/2025   | Penjualan cafe strada SMS tanggal 05/09/2025
  [563/1355] ✅ DELETED  | 14-04-2026, 18.55.24 WIB | JV.2025.09.00189       | Tgl jurnal: 06/09/2025   | Uang masuk penjualan cafe strada SMS tanggal 05/09/2025
  [564/1355] ✅ DELETED  | 14-04-2026, 18.55.24 WIB | JV.2025.09.00170       | Tgl jurnal: 06/09/2025   | Penjualan cafe strada MKG tanggal 06/09/2025
  [565/1355] ✅ DELETED  | 14-04-2026, 18.55.25 WIB | JV.2025.09.00173       | Tgl jurnal: 07/09/2025   | Uang masuk penjualan cafe strada MKG tanggal 06/09/2025
  [566/1355] ✅ DELETED  | 14-04-2026, 18.55.26 WIB | JV.2025.09.00185       | Tgl jurnal: 06/09/2025   | Penjualan cafe strada SMS tanggal 06/09/2025
  [567/1355] ✅ DELETED  | 14-04-2026, 18.55.27 WIB | JV.2025.09.00188       | Tgl jurnal: 07/09/2025   | Uang masuk penjualan cafe strada SMS tanggal 06/09/2025
  [568/1355] ✅ DELETED  | 14-04-2026, 18.55.27 WIB | JV.2025.09.00171       | Tgl jurnal: 07/09/2025   | Penjualan cafe strada MKG tanggal 07/09/2025
  [569/1355] ✅ DELETED  | 14-04-2026, 18.55.28 WIB | JV.2025.09.00172       | Tgl jurnal: 08/09/2025   | Uang masuk penjualan cafe strada MKG tanggal 07/09/2025
  [570/1355] ✅ DELETED  | 14-04-2026, 18.55.29 WIB | JV.2025.09.00186       | Tgl jurnal: 07/09/2025   | Penjualan cafe strada SMS tanggal 07/09/2025
  [571/1355] ✅ DELETED  | 14-04-2026, 18.55.30 WIB | JV.2025.09.00187       | Tgl jurnal: 08/09/2025   | Uang masuk penjualan cafe strada SMS tanggal 07/09/2025
  [572/1355] ✅ DELETED  | 14-04-2026, 18.55.30 WIB | JV.2025.09.00356       | Tgl jurnal: 08/09/2025   | Penjualan cafe strada MKG tanggal 08/09/2025
  [573/1355] ✅ DELETED  | 14-04-2026, 18.55.31 WIB | JV.2025.09.00363       | Tgl jurnal: 09/09/2025   | Uang masuk penjualan cafe strada MKG tanggal 08/09/2025
  [574/1355] ✅ DELETED  | 14-04-2026, 18.55.32 WIB | JV.2025.09.00370       | Tgl jurnal: 08/09/2025   | Penjualan cafe strada SMS tanggal 08/09/2025
  [575/1355] ✅ DELETED  | 14-04-2026, 18.55.33 WIB | JV.2025.09.00377       | Tgl jurnal: 09/09/2025   | Uang masuk penjualan cafe strada SMS tanggal 08/09/2025
  [576/1355] ✅ DELETED  | 14-04-2026, 18.55.34 WIB | JV.2025.09.00357       | Tgl jurnal: 09/09/2025   | Penjualan cafe strada MKG tanggal 09/09/2025
  [577/1355] ✅ DELETED  | 14-04-2026, 18.55.34 WIB | JV.2025.09.00364       | Tgl jurnal: 10/09/2025   | Uang masuk penjualan cafe strada MKG tanggal 09/09/2025
  [578/1355] ✅ DELETED  | 14-04-2026, 18.55.35 WIB | JV.2025.09.00371       | Tgl jurnal: 09/09/2025   | Penjualan cafe strada SMS tanggal 09/09/2025
  [579/1355] ✅ DELETED  | 14-04-2026, 18.55.36 WIB | JV.2025.09.00378       | Tgl jurnal: 10/09/2025   | Uang masuk penjualan cafe strada SMS tanggal 09/09/2025
  [580/1355] ✅ DELETED  | 14-04-2026, 18.55.37 WIB | JV.2025.09.00358       | Tgl jurnal: 10/09/2025   | Penjualan cafe strada MKG tanggal 10/09/2025
  [581/1355] ✅ DELETED  | 14-04-2026, 18.55.37 WIB | JV.2025.09.00365       | Tgl jurnal: 11/09/2025   | Uang masuk penjualan cafe strada MKG tanggal 10/09/2025
  [582/1355] ✅ DELETED  | 14-04-2026, 18.55.38 WIB | JV.2025.09.00372       | Tgl jurnal: 10/09/2025   | Penjualan cafe strada SMS tanggal 10/09/2025
  [583/1355] ✅ DELETED  | 14-04-2026, 18.55.39 WIB | JV.2025.09.00379       | Tgl jurnal: 11/09/2025   | Uang masuk penjualan cafe strada SMS tanggal 10/09/2025
  [584/1355] ✅ DELETED  | 14-04-2026, 18.55.40 WIB | JV.2025.09.00359       | Tgl jurnal: 11/09/2025   | Penjualan cafe strada MKG tanggal 11/09/2025
  [585/1355] ✅ DELETED  | 14-04-2026, 18.55.40 WIB | JV.2025.09.00366       | Tgl jurnal: 12/09/2025   | Uang masuk penjualan cafe strada MKG tanggal 11/09/2025
  [586/1355] ✅ DELETED  | 14-04-2026, 18.55.41 WIB | JV.2025.09.00373       | Tgl jurnal: 11/09/2025   | Penjualan cafe strada SMS tanggal 11/09/2025
  [587/1355] ✅ DELETED  | 14-04-2026, 18.55.42 WIB | JV.2025.09.00380       | Tgl jurnal: 12/09/2025   | Uang masuk penjualan cafe strada SMS tanggal 11/09/2025
  [588/1355] ✅ DELETED  | 14-04-2026, 18.55.43 WIB | JV.2025.09.00360       | Tgl jurnal: 12/09/2025   | Penjualan cafe strada MKG tanggal 12/09/2025
  [589/1355] ✅ DELETED  | 14-04-2026, 18.55.43 WIB | JV.2025.09.00367       | Tgl jurnal: 13/09/2025   | Uang masuk penjualan cafe strada MKG tanggal 12/09/2025
  [590/1355] ✅ DELETED  | 14-04-2026, 18.55.44 WIB | JV.2025.09.00374       | Tgl jurnal: 12/09/2025   | Penjualan cafe strada SMS tanggal 12/09/2025
  [591/1355] ✅ DELETED  | 14-04-2026, 18.55.45 WIB | JV.2025.09.00381       | Tgl jurnal: 13/09/2025   | Uang masuk penjualan cafe strada SMS tanggal 12/09/2025
  [592/1355] ✅ DELETED  | 14-04-2026, 18.55.46 WIB | JV.2025.09.00361       | Tgl jurnal: 13/09/2025   | Penjualan cafe strada MKG tanggal 13/09/2025
  [593/1355] ✅ DELETED  | 14-04-2026, 18.55.46 WIB | JV.2025.09.00368       | Tgl jurnal: 14/09/2025   | Uang masuk penjualan cafe strada MKG tanggal 13/09/2025
  [594/1355] ✅ DELETED  | 14-04-2026, 18.55.47 WIB | JV.2025.09.01273       | Tgl jurnal: 14/09/2025   | Uang masuk penjualan cafe strada SMS tanggal 13/09/2025
  [595/1355] ✅ DELETED  | 14-04-2026, 18.55.48 WIB | JV.2025.09.00362       | Tgl jurnal: 14/09/2025   | Penjualan cafe strada MKG tanggal 14/09/2025
  [596/1355] ✅ DELETED  | 14-04-2026, 18.55.49 WIB | JV.2025.09.00369       | Tgl jurnal: 15/09/2025   | Uang masuk penjualan cafe strada MKG tanggal 14/09/2025
  [597/1355] ✅ DELETED  | 14-04-2026, 18.55.49 WIB | JV.2025.09.00376       | Tgl jurnal: 14/09/2025   | Penjualan cafe strada SMS tanggal 14/09/2025
  [598/1355] ✅ DELETED  | 14-04-2026, 18.55.50 WIB | JV.2025.09.00382       | Tgl jurnal: 15/09/2025   | Uang masuk penjualan cafe strada SMS tanggal 14/09/2025
  [599/1355] ✅ DELETED  | 14-04-2026, 18.55.51 WIB | JV.2025.09.00619       | Tgl jurnal: 15/09/2025   | Penjualan cafe strada MKG tanggal 15/09/2025
  [600/1355] ✅ DELETED  | 14-04-2026, 18.55.52 WIB | JV.2025.09.00620       | Tgl jurnal: 16/09/2025   | Uang masuk penjualan cafe strada MKG tanggal 15/09/2025
  [601/1355] ✅ DELETED  | 14-04-2026, 18.55.53 WIB | JV.2025.09.00631       | Tgl jurnal: 15/09/2025   | Penjualan cafe strada SMS tanggal 15/09/2025
  [602/1355] ✅ DELETED  | 14-04-2026, 18.55.53 WIB | JV.2025.09.00632       | Tgl jurnal: 16/09/2025   | Uang masuk penjualan cafe strada SMS tanggal 15/09/2025
  [603/1355] ✅ DELETED  | 14-04-2026, 18.55.54 WIB | JV.2025.09.00621       | Tgl jurnal: 16/09/2025   | Penjualan cafe strada MKG tanggal 16/09/2025
  [604/1355] ✅ DELETED  | 14-04-2026, 18.55.55 WIB | JV.2025.09.00622       | Tgl jurnal: 17/09/2025   | Uang masuk Penjualan cafe strada MKG tanggal 16/09/2025
  [605/1355] ✅ DELETED  | 14-04-2026, 18.55.55 WIB | JV.2025.09.00633       | Tgl jurnal: 16/09/2025   | Penjualan cafe strada SMS tanggal 16/09/2025
  [606/1355] ✅ DELETED  | 14-04-2026, 18.55.56 WIB | JV.2025.09.00634       | Tgl jurnal: 17/09/2025   | Uang masuk penjualan cafe strada SMS tanggal 16/09/2025
  [607/1355] ✅ DELETED  | 14-04-2026, 18.55.57 WIB | JV.2025.09.00623       | Tgl jurnal: 17/09/2025   | Penjualan cafe strada MKG tanggal 17/09/2025
  [608/1355] ✅ DELETED  | 14-04-2026, 18.55.58 WIB | JV.2025.09.00624       | Tgl jurnal: 18/09/2025   | Uang masuk Penjualan cafe strada MKG tanggal 17/09/2025
  [609/1355] ✅ DELETED  | 14-04-2026, 18.55.58 WIB | JV.2025.09.00635       | Tgl jurnal: 17/09/2025   | Penjualan cafe strada SMS tanggal 17/09/2025
  [610/1355] ✅ DELETED  | 14-04-2026, 18.55.59 WIB | JV.2025.09.00636       | Tgl jurnal: 18/09/2025   | Uang masuk penjualan cafe strada SMS tanggal 17/09/2025
  [611/1355] ✅ DELETED  | 14-04-2026, 18.56.00 WIB | JV.2025.09.00625       | Tgl jurnal: 18/09/2025   | Penjualan cafe strada MKG tanggal 18/09/2025
  [612/1355] ✅ DELETED  | 14-04-2026, 18.56.01 WIB | JV.2025.09.00626       | Tgl jurnal: 19/09/2025   | Uang masuk Penjualan cafe strada MKG tanggal 18/09/2025
  [613/1355] ✅ DELETED  | 14-04-2026, 18.56.01 WIB | JV.2025.09.00637       | Tgl jurnal: 18/09/2025   | Penjualan cafe strada SMS tanggal 18/09/2025
  [614/1355] ✅ DELETED  | 14-04-2026, 18.56.02 WIB | JV.2025.09.00638       | Tgl jurnal: 19/09/2025   | Uang masuk penjualan cafe strada SMS tanggal 18/09/2025
  [615/1355] ✅ DELETED  | 14-04-2026, 18.56.03 WIB | JV.2025.09.00627       | Tgl jurnal: 19/09/2025   | Penjualan cafe strada MKG tanggal 19/09/2025
  [616/1355] ✅ DELETED  | 14-04-2026, 18.56.04 WIB | JV.2025.09.00628       | Tgl jurnal: 20/09/2025   | Uang masuk penjualan cafe strada MKG tanggal 19/09/2025
  [617/1355] ✅ DELETED  | 14-04-2026, 18.56.05 WIB | JV.2025.09.00639       | Tgl jurnal: 19/09/2025   | Penjualan cafe strada SMS tanggal 19/09/2025
  [618/1355] ✅ DELETED  | 14-04-2026, 18.56.05 WIB | JV.2025.09.00618       | Tgl jurnal: 20/09/2025   | Uang masuk OVO penjualan cafe strada SMS tanggal 19/09/2025
  [619/1355] ✅ DELETED  | 14-04-2026, 18.56.06 WIB | JV.2025.09.00640       | Tgl jurnal: 20/09/2025   | Uang masuk penjualan cafe strada SMS tanggal 19/09/2025
  [620/1355] ✅ DELETED  | 14-04-2026, 18.56.07 WIB | JV.2025.09.00629       | Tgl jurnal: 20/09/2025   | Penjualan cafe strada MKG tanggal 20/09/2025
  [621/1355] ✅ DELETED  | 14-04-2026, 18.56.08 WIB | JV.2025.09.00630       | Tgl jurnal: 21/09/2025   | Uang masuk penjualan cafe strada MKG tanggal 20/09/2025
  [622/1355] ✅ DELETED  | 14-04-2026, 18.56.08 WIB | JV.2025.09.00641       | Tgl jurnal: 20/09/2025   | Penjualan cafe strada SMS tanggal 20/09/2025
  [623/1355] ✅ DELETED  | 14-04-2026, 18.56.09 WIB | JV.2025.09.00642       | Tgl jurnal: 21/09/2025   | Uang masuk penjualan cafe strada SMS tanggal 20/09/2025
  [624/1355] ✅ DELETED  | 14-04-2026, 18.56.10 WIB | JV.2025.09.01226       | Tgl jurnal: 21/09/2025   | Penjualan cafe strada MKG tanggal 21/09/2025
  [625/1355] ✅ DELETED  | 14-04-2026, 18.56.11 WIB | JV.2025.09.01252       | Tgl jurnal: 22/09/2025   | Uang masuk penjualan cafe strada MKG tanggal 21/09/2025
  [626/1355] ✅ DELETED  | 14-04-2026, 18.56.12 WIB | JV.2025.09.01263       | Tgl jurnal: 21/09/2025   | Penjualan cafe strada SMS tanggal 21/09/2025
  [627/1355] ✅ DELETED  | 14-04-2026, 18.56.12 WIB | JV.2025.09.01261       | Tgl jurnal: 22/09/2025   | Uang masuk penjualan cafe strada SMS tanggal 21/09/2025
  [628/1355] ✅ DELETED  | 14-04-2026, 18.56.13 WIB | JV.2025.09.01251       | Tgl jurnal: 23/09/2025   | Uang masuk penjualan cafe strada MKG tanggal 22/09/2025
  [629/1355] ✅ DELETED  | 14-04-2026, 18.56.14 WIB | JV.2025.09.01264       | Tgl jurnal: 22/09/2025   | Penjualan cafe strada SMS tanggal 22/09/2025
  [630/1355] ✅ DELETED  | 14-04-2026, 18.56.15 WIB | JV.2025.09.01260       | Tgl jurnal: 23/09/2025   | Uang masuk penjualan cafe strada SMS tanggal 22/09/2025
  [631/1355] ✅ DELETED  | 14-04-2026, 18.56.16 WIB | JV.2025.09.01250       | Tgl jurnal: 24/09/2025   | Uang masuk penjualan cafe strada MKG tanggal 23/09/2025
  [632/1355] ✅ DELETED  | 14-04-2026, 18.56.16 WIB | JV.2025.09.01265       | Tgl jurnal: 23/09/2025   | Penjualan cafe strada SMS tanggal 23/09/2025
  [633/1355] ✅ DELETED  | 14-04-2026, 18.56.17 WIB | JV.2025.09.01259       | Tgl jurnal: 24/09/2025   | Uang masuk penjualan cafe strada SMS tanggal 23/09/2025
  [634/1355] ✅ DELETED  | 14-04-2026, 18.56.18 WIB | JV.2025.09.01227       | Tgl jurnal: 24/09/2025   | Penjualan cafe strada MKG tanggal 24/09/2025
  [635/1355] ✅ DELETED  | 14-04-2026, 18.56.19 WIB | JV.2025.09.01249       | Tgl jurnal: 25/09/2025   | Uang masuk penjualan cafe strada MKG tanggal 24/09/2025
  [636/1355] ✅ DELETED  | 14-04-2026, 18.56.19 WIB | JV.2025.09.01266       | Tgl jurnal: 24/09/2025   | Penjualan cafe strada SMS tanggal 24/09/2025
  [637/1355] ✅ DELETED  | 14-04-2026, 18.56.20 WIB | JV.2025.09.01258       | Tgl jurnal: 25/09/2025   | Uang masuk penjualan cafe strada SMS tanggal 24/09/2025
  [638/1355] ✅ DELETED  | 14-04-2026, 18.56.21 WIB | JV.2025.09.01228       | Tgl jurnal: 25/09/2025   | Penjualan cafe strada MKG tanggal 25/09/2025
  [639/1355] ✅ DELETED  | 14-04-2026, 18.56.22 WIB | JV.2025.09.01248       | Tgl jurnal: 26/09/2025   | Uang masuk penjualan cafe strada MKG tanggal 25/09/2025
  [640/1355] ✅ DELETED  | 14-04-2026, 18.56.22 WIB | JV.2025.09.01267       | Tgl jurnal: 25/09/2025   | Penjualan cafe strada SMS tanggal 25/09/2025
  [641/1355] ✅ DELETED  | 14-04-2026, 18.56.23 WIB | JV.2025.09.01257       | Tgl jurnal: 26/09/2025   | Uang masuk penjualan cafe strada SMS tanggal 25/09/2025
  [642/1355] ✅ DELETED  | 14-04-2026, 18.56.24 WIB | JV.2025.09.01247       | Tgl jurnal: 27/09/2025   | Uang masuk penjualan cafe strada MKG tanggal 26/0/2025
  [643/1355] ✅ DELETED  | 14-04-2026, 18.56.25 WIB | JV.2025.09.01229       | Tgl jurnal: 26/09/2025   | Penjualan cafe strada MKG tanggal 26/09/2025
  [644/1355] ✅ DELETED  | 14-04-2026, 18.56.25 WIB | JV.2025.09.01268       | Tgl jurnal: 26/09/2025   | Penjualan cafe strada SMS tanggal 26/09/2025
  [645/1355] ✅ DELETED  | 14-04-2026, 18.56.26 WIB | JV.2025.09.01256       | Tgl jurnal: 27/09/2025   | Uang masuk penjualan cafe strada SMS tanggal 26/09/2025
  [646/1355] ✅ DELETED  | 14-04-2026, 18.56.27 WIB | JV.2025.09.01230       | Tgl jurnal: 27/09/2025   | Penjualan cafe strada MKG tanggal 27/09/2025
  [647/1355] ✅ DELETED  | 14-04-2026, 18.56.28 WIB | JV.2025.09.01245       | Tgl jurnal: 28/09/2025   | Uang masuk penjualan cafe strada MKG tanggal 27/09/2025
  [648/1355] ✅ DELETED  | 14-04-2026, 18.56.28 WIB | JV.2025.09.01269       | Tgl jurnal: 27/09/2025   | Penjualan cafe strada SMS tanggal 27/09/2025
  [649/1355] ✅ DELETED  | 14-04-2026, 18.56.29 WIB | JV.2025.09.01255       | Tgl jurnal: 28/09/2025   | Uang masuk penjualan cafe strada SMS tanggal 27/09/2025
  [650/1355] ✅ DELETED  | 14-04-2026, 18.56.30 WIB | JV.2025.09.01232       | Tgl jurnal: 28/09/2025   | Penjualan cafe strada MKG tanggal 28/09/2025
  [651/1355] ✅ DELETED  | 14-04-2026, 18.56.31 WIB | JV.2025.09.01244       | Tgl jurnal: 29/09/2025   | Uang masuk penjualan strada cafe MKG tanggal 28/09/2025
  [652/1355] ✅ DELETED  | 14-04-2026, 18.56.32 WIB | JV.2025.09.01270       | Tgl jurnal: 28/09/2025   | Penjualan cafe strada SMS tanggal 28/09/2025
  [653/1355] ✅ DELETED  | 14-04-2026, 18.56.33 WIB | JV.2025.09.01254       | Tgl jurnal: 29/09/2025   | Uang masuk penjualan cafe strada SMS tanggal 28/09/2025
  [654/1355] ✅ DELETED  | 14-04-2026, 18.56.33 WIB | JV.2025.09.01233       | Tgl jurnal: 29/09/2025   | Penjualan cafe strada MKG tanggal 29/09/2025
  [655/1355] ✅ DELETED  | 14-04-2026, 18.56.34 WIB | JV.2025.09.01243       | Tgl jurnal: 30/09/2025   | Uang masuk penjualan strada cafe MKG tanggal 29/09/2025
  [656/1355] ✅ DELETED  | 14-04-2026, 18.56.35 WIB | JV.2025.09.01271       | Tgl jurnal: 29/09/2025   | Penjualan cafe strada SMS tanggal 29/09/2025
  [657/1355] ✅ DELETED  | 14-04-2026, 18.56.36 WIB | JV.2025.09.01253       | Tgl jurnal: 30/09/2025   | Uang masuk penjualan cafe strada SMS tanggal 29/09/2025
  [658/1355] ✅ DELETED  | 14-04-2026, 18.56.37 WIB | JV.2025.09.01234       | Tgl jurnal: 30/09/2025   | Penjualan cafe strada MKG tanggal 30/09/2025
  [659/1355] ✅ DELETED  | 14-04-2026, 18.56.37 WIB | JV.2025.10.00311       | Tgl jurnal: 01/10/2025   | Uang masuk penjualan cafe strada MKG tanggal 30/09/2025
  [660/1355] ✅ DELETED  | 14-04-2026, 18.56.38 WIB | JV.2025.10.00323       | Tgl jurnal: 01/10/2025   | Penjualan cafe strada SMS tanggal 30/09/2025
  [661/1355] ✅ DELETED  | 14-04-2026, 18.56.39 WIB | JV.2025.10.00322       | Tgl jurnal: 01/10/2025   | Uang masuk penjualan cafe strada SMS tanggal 30/09/2025
  [662/1355] ✅ DELETED  | 14-04-2026, 18.56.40 WIB | JV.2025.10.00282       | Tgl jurnal: 01/10/2025   | Penjualan cafe strada MKG tanggal 01/10/2025
  [663/1355] ✅ DELETED  | 14-04-2026, 18.56.41 WIB | JV.2025.10.00309       | Tgl jurnal: 02/10/2025   | Uang masuk penjualan cafe strada MKG tanggal 01/10/2025
  [664/1355] ✅ DELETED  | 14-04-2026, 18.56.42 WIB | JV.2025.10.01118       | Tgl jurnal: 01/10/2025   | Penjualan cafe strada SMS tanggal 01/10/2025
  [665/1355] ✅ DELETED  | 14-04-2026, 18.56.42 WIB | JV.2025.10.00321       | Tgl jurnal: 02/10/2025   | Uang masuk penjualan cafe strada SMS tanggal 01/10/2025
  [666/1355] ✅ DELETED  | 14-04-2026, 18.56.43 WIB | JV.2025.10.00283       | Tgl jurnal: 02/10/2025   | Penjualan cafe strada MKG tanggal 02/10/2025
  [667/1355] ✅ DELETED  | 14-04-2026, 18.56.44 WIB | JV.2025.10.00308       | Tgl jurnal: 03/10/2025   | Uang masuk penjualan cafe strada MKG tanggal 02/10/2025
  [668/1355] ✅ DELETED  | 14-04-2026, 18.56.45 WIB | JV.2025.10.01138       | Tgl jurnal: 02/10/2025   | Penjualan cafe strada SMS tanggal 02/10/2025
  [669/1355] ✅ DELETED  | 14-04-2026, 18.56.45 WIB | JV.2025.10.01119       | Tgl jurnal: 02/10/2025   | Penjualan cafe strada SMS tanggal 02/10/2025
  [670/1355] ✅ DELETED  | 14-04-2026, 18.56.46 WIB | JV.2025.10.00320       | Tgl jurnal: 03/10/2025   | Uang masuk penjualan cafe strada SMS tanggal 02/10/2025
  [671/1355] ✅ DELETED  | 14-04-2026, 18.56.47 WIB | JV.2025.10.00284       | Tgl jurnal: 03/10/2025   | Penjualan cafe strada MKG tanggal 03/10/2025
  [672/1355] ✅ DELETED  | 14-04-2026, 18.56.48 WIB | JV.2025.10.00307       | Tgl jurnal: 04/10/2025   | Uang masuk penjualan cafe strada MKG tanggal 03/10/2025
  [673/1355] ✅ DELETED  | 14-04-2026, 18.56.49 WIB | JV.2025.10.01139       | Tgl jurnal: 03/10/2025   | Penjualan cafe strada SMS tanggal 03/10/2025
  [674/1355] ✅ DELETED  | 14-04-2026, 18.56.49 WIB | JV.2025.10.01120       | Tgl jurnal: 03/10/2025   | Penjualan cafe strada SMS tanggal 03/10/2025
  [675/1355] ✅ DELETED  | 14-04-2026, 18.56.50 WIB | JV.2025.10.00319       | Tgl jurnal: 04/10/2025   | Uang masuk penjualan cafe strada SMS tanggal 03/10/2025
  [676/1355] ✅ DELETED  | 14-04-2026, 18.56.51 WIB | JV.2025.10.00285       | Tgl jurnal: 04/10/2025   | Penjualan cafe strada MKG tanggal 04/10/2025
  [677/1355] ✅ DELETED  | 14-04-2026, 18.56.52 WIB | JV.2025.10.00306       | Tgl jurnal: 05/10/2025   | Uang masuk penjualan cafe strada MKG tanggal 04/10/2025
  [678/1355] ✅ DELETED  | 14-04-2026, 18.56.53 WIB | JV.2025.10.01140       | Tgl jurnal: 04/10/2025   | Penjualan cafe strada SMS tanggal 04/10/2025
  [679/1355] ✅ DELETED  | 14-04-2026, 18.56.53 WIB | JV.2025.10.01121       | Tgl jurnal: 04/10/2025   | Penjualan cafe strada SMS tanggal 04/10/2025
  [680/1355] ✅ DELETED  | 14-04-2026, 18.56.54 WIB | JV.2025.10.00318       | Tgl jurnal: 05/10/2025   | Uang masuk penjualan cafe strada SMS tanggal 04/10/2025
  [681/1355] ✅ DELETED  | 14-04-2026, 18.56.55 WIB | JV.2025.10.00286       | Tgl jurnal: 05/10/2025   | Penjualan cafe strada MKG tanggal 05/10/2025
  [682/1355] ✅ DELETED  | 14-04-2026, 18.56.56 WIB | JV.2025.10.00305       | Tgl jurnal: 06/10/2025   | Uang masuk penjualan cafe strada MKG tanggal 05/10/2025
  [683/1355] ✅ DELETED  | 14-04-2026, 18.56.56 WIB | JV.2025.10.01141       | Tgl jurnal: 05/10/2025   | Penjualan cafe strada SMS tanggal 05/10/2025
  [684/1355] ✅ DELETED  | 14-04-2026, 18.56.57 WIB | JV.2025.10.01122       | Tgl jurnal: 05/10/2025   | Penjualan cafe strada SMS tanggal 05/10/2025
  [685/1355] ✅ DELETED  | 14-04-2026, 18.56.58 WIB | JV.2025.10.00317       | Tgl jurnal: 06/10/2025   | Uang masuk penjualan cafe strada SMS tanggal 05/10/2025
  [686/1355] ✅ DELETED  | 14-04-2026, 18.56.59 WIB | JV.2025.10.00287       | Tgl jurnal: 06/10/2025   | Penjualan cafe strada MKG tanggal 06/10/2025
  [687/1355] ✅ DELETED  | 14-04-2026, 18.56.59 WIB | JV.2025.10.00304       | Tgl jurnal: 07/10/2025   | Uang masuk penjualan cafe strada MKG tanggal 06/10/2025
  [688/1355] ✅ DELETED  | 14-04-2026, 18.57.00 WIB | JV.2025.10.01142       | Tgl jurnal: 06/10/2025   | Penjualan cafe strada SMS tanggal 06/10/2025
  [689/1355] ✅ DELETED  | 14-04-2026, 18.57.01 WIB | JV.2025.10.01123       | Tgl jurnal: 06/10/2025   | Penjualan cafe strada SMS tanggal 06/10/2025
  [690/1355] ✅ DELETED  | 14-04-2026, 18.57.02 WIB | JV.2025.10.00316       | Tgl jurnal: 07/10/2025   | Uang masuk penjualan cafe strada SMS tanggal 06/10/2025
  [691/1355] ✅ DELETED  | 14-04-2026, 18.57.02 WIB | JV.2025.10.00288       | Tgl jurnal: 07/10/2025   | Penjualan cafe strada MKG tanggal 07/10/2025
  [692/1355] ✅ DELETED  | 14-04-2026, 18.57.03 WIB | JV.2025.10.00302       | Tgl jurnal: 08/10/2025   | Uang masuk penjualan cafe strada MKG tanggal 07/10/2025
  [693/1355] ✅ DELETED  | 14-04-2026, 18.57.04 WIB | JV.2025.10.01143       | Tgl jurnal: 07/10/2025   | Penjualan cafe strada SMS tanggal 07/10/2025
  [694/1355] ✅ DELETED  | 14-04-2026, 18.57.05 WIB | JV.2025.10.01124       | Tgl jurnal: 07/10/2025   | Penjualan cafe strada SMS tanggal 07/10/2025
  [695/1355] ✅ DELETED  | 14-04-2026, 18.57.05 WIB | JV.2025.10.00315       | Tgl jurnal: 08/10/2025   | Uang masuk penjualan cafe strada SMS tanggal 07/10/2025
  [696/1355] ✅ DELETED  | 14-04-2026, 18.57.06 WIB | JV.2025.10.00289       | Tgl jurnal: 08/10/2025   | Penjualan cafe strada MKG tanggal 08/10/2025
  [697/1355] ✅ DELETED  | 14-04-2026, 18.57.07 WIB | JV.2025.10.00300       | Tgl jurnal: 09/10/2025   | Uang masuk penjualan cafe strada MKG tanggal 08/10/2025
  [698/1355] ✅ DELETED  | 14-04-2026, 18.57.08 WIB | JV.2025.10.01144       | Tgl jurnal: 08/10/2025   | Penjualan cafe strada SMS tanggal 08/10/2025
  [699/1355] ✅ DELETED  | 14-04-2026, 18.57.08 WIB | JV.2025.10.01125       | Tgl jurnal: 08/10/2025   | Penjualan cafe strada SMS tanggal 08/10/2025
  [700/1355] ✅ DELETED  | 14-04-2026, 18.57.09 WIB | JV.2025.10.00314       | Tgl jurnal: 09/10/2025   | Uang masuk penjualan cafe strada SMS tanggal 08/10/2025
  [701/1355] ✅ DELETED  | 14-04-2026, 18.57.10 WIB | JV.2025.10.00290       | Tgl jurnal: 09/10/2025   | Penjualan cafe strada MKG tanggal 09/10/2025
  [702/1355] ✅ DELETED  | 14-04-2026, 18.57.11 WIB | JV.2025.10.00298       | Tgl jurnal: 10/10/2025   | Uang masuk penjualan cafe strada MKG tanggal 09/10/2025
  [703/1355] ✅ DELETED  | 14-04-2026, 18.57.11 WIB | JV.2025.10.01145       | Tgl jurnal: 09/10/2025   | Penjualan cafe strada SMS tanggal 09/10/2025
  [704/1355] ✅ DELETED  | 14-04-2026, 18.57.12 WIB | JV.2025.10.01126       | Tgl jurnal: 09/10/2025   | Penjualan cafe strada SMS tanggal 09/10/2025
  [705/1355] ✅ DELETED  | 14-04-2026, 18.57.13 WIB | JV.2025.10.00313       | Tgl jurnal: 10/10/2025   | Uang masuk penjualan cafe strada SMS tanggal 09/10/2025
  [706/1355] ✅ DELETED  | 14-04-2026, 18.57.14 WIB | JV.2025.10.00291       | Tgl jurnal: 10/10/2025   | Penjualan cafe strada MKG tanggal 10/10/2025
  [707/1355] ✅ DELETED  | 14-04-2026, 18.57.15 WIB | JV.2025.10.00296       | Tgl jurnal: 11/10/2025   | Uang masuk penjualan cafe strada MKG tanggal 10/10/2025
  [708/1355] ✅ DELETED  | 14-04-2026, 18.57.16 WIB | JV.2025.10.01146       | Tgl jurnal: 10/10/2025   | Penjualan cafe strada SMS tanggal 10/10/2025
  [709/1355] ✅ DELETED  | 14-04-2026, 18.57.16 WIB | JV.2025.10.00312       | Tgl jurnal: 11/10/2025   | Uang masuk penjualan cafe strada SMS tanggal 10/10/2025
  [710/1355] ✅ DELETED  | 14-04-2026, 18.57.17 WIB | JV.2025.10.01098       | Tgl jurnal: 11/10/2025   | Penjualan cafe strada MKG tanggal 11/10/2025
  [711/1355] ✅ DELETED  | 14-04-2026, 18.57.18 WIB | JV.2025.10.01196       | Tgl jurnal: 12/10/2025   | Uang masuk penjualan cafe strada MKG tanggal 11/10/2025
  [712/1355] ✅ DELETED  | 14-04-2026, 18.57.18 WIB | JV.2025.10.01147       | Tgl jurnal: 11/10/2025   | Penjualan cafe strada SMS tanggal 11/10/2025
  [713/1355] ✅ DELETED  | 14-04-2026, 18.57.19 WIB | JV.2025.10.01171       | Tgl jurnal: 12/10/2025   | Uang masuk penjualan cafe strada SMS tanggal 11/10/2025
  [714/1355] ✅ DELETED  | 14-04-2026, 18.57.20 WIB | JV.2025.10.01099       | Tgl jurnal: 12/10/2025   | Penjualan cafe strada MKG tanggal 12/10/2025
  [715/1355] ✅ DELETED  | 14-04-2026, 18.57.21 WIB | JV.2025.10.01197       | Tgl jurnal: 13/10/2025   | Uang masuk penjualan cafe strada MKG tanggal 12/10/2025
  [716/1355] ✅ DELETED  | 14-04-2026, 18.57.22 WIB | JV.2025.10.01148       | Tgl jurnal: 12/10/2025   | Penjualan cafe strada SMS tanggal 12/10/2025
  [717/1355] ✅ DELETED  | 14-04-2026, 18.57.22 WIB | JV.2025.10.01172       | Tgl jurnal: 13/10/2025   | Uang masuk penjualan cafe strada SMS tanggal 12/10/2025
  [718/1355] ✅ DELETED  | 14-04-2026, 18.57.23 WIB | JV.2025.10.01100       | Tgl jurnal: 13/10/2025   | Penjualan cafe strada MKG tanggal 13/10/2025
  [719/1355] ✅ DELETED  | 14-04-2026, 18.57.24 WIB | JV.2025.10.01198       | Tgl jurnal: 14/10/2025   | Uang masuk penjualan cafe strada MKG tanggal 13/10/2025
  [720/1355] ✅ DELETED  | 14-04-2026, 18.57.24 WIB | JV.2025.10.01149       | Tgl jurnal: 13/10/2025   | Penjualan cafe strada SMS tanggal 13/10/2025
  [721/1355] ✅ DELETED  | 14-04-2026, 18.57.25 WIB | JV.2025.10.01173       | Tgl jurnal: 14/10/2025   | Uang masuk penjualan cafe strada SMS tanggal 13/10/2025
  [722/1355] ✅ DELETED  | 14-04-2026, 18.57.26 WIB | JV.2025.11.00439       | Tgl jurnal: 14/10/2025   | Penjualan cafe strada MKG tanggal 14/10/2025
  [723/1355] ✅ DELETED  | 14-04-2026, 18.57.27 WIB | JV.2025.10.01199       | Tgl jurnal: 15/10/2025   | Uang masuk penjualan cafe strada MKG tanggal 14/10/2025
  [724/1355] ✅ DELETED  | 14-04-2026, 18.57.28 WIB | JV.2025.10.01150       | Tgl jurnal: 14/10/2025   | Penjualan cafe strada SMS tanggal 14/10/2025
  [725/1355] ✅ DELETED  | 14-04-2026, 18.57.28 WIB | JV.2025.10.01174       | Tgl jurnal: 15/10/2025   | Uang masuk penjualan cafe strada SMS tanggal 14/10/2025
  [726/1355] ✅ DELETED  | 14-04-2026, 18.57.29 WIB | JV.2025.10.01101       | Tgl jurnal: 15/10/2025   | Penjualan cafe strada MKG tanggal 15/10/2025
  [727/1355] ✅ DELETED  | 14-04-2026, 18.57.30 WIB | JV.2025.10.01200       | Tgl jurnal: 16/10/2025   | Uang masuk penjualan cafe strada MKG tanggal 15/10/2025
  [728/1355] ✅ DELETED  | 14-04-2026, 18.57.30 WIB | JV.2025.10.01151       | Tgl jurnal: 15/10/2025   | Penjualan cafe strada SMS tanggal 15/10/2025
  [729/1355] ✅ DELETED  | 14-04-2026, 18.57.31 WIB | JV.2025.10.01175       | Tgl jurnal: 16/10/2025   | Uang masuk penjualan cafe strada SMS tanggal 15/10/2025
  [730/1355] ✅ DELETED  | 14-04-2026, 18.57.32 WIB | JV.2025.10.01102       | Tgl jurnal: 16/10/2025   | Penjualan cafe strada MKG tanggal 16/10/2025
  [731/1355] ✅ DELETED  | 14-04-2026, 18.57.33 WIB | JV.2025.10.01201       | Tgl jurnal: 17/10/2025   | Uang masuk penjualan cafe strada MKG tanggal 16/10/2025
  [732/1355] ✅ DELETED  | 14-04-2026, 18.57.34 WIB | JV.2025.10.01152       | Tgl jurnal: 16/10/2025   | Penjualan cafe strada SMS tanggal 16/10/2025
  [733/1355] ✅ DELETED  | 14-04-2026, 18.57.34 WIB | JV.2024.10.00951       | Tgl jurnal: 17/10/2025   | Uang masuk penjualan cafe strada SMS tanggal 16/10/2025
  [734/1355] ✅ DELETED  | 14-04-2026, 18.57.35 WIB | JV.2025.10.01103       | Tgl jurnal: 17/10/2025   | Penjualan cafe strada MKG tanggal 17/10/2025
  [735/1355] ✅ DELETED  | 14-04-2026, 18.57.36 WIB | JV.2025.10.01202       | Tgl jurnal: 18/10/2025   | Uang masuk penjualan cafe strada MKG tanggal 17/10/2025
  [736/1355] ✅ DELETED  | 14-04-2026, 18.57.37 WIB | JV.2025.10.01153       | Tgl jurnal: 17/10/2025   | Penjualan cafe strada SMS tanggal 17/10/2025
  [737/1355] ✅ DELETED  | 14-04-2026, 18.57.38 WIB | JV.2025.10.01176       | Tgl jurnal: 18/10/2025   | Uang masuk penjualan cafe strada SMS tanggal 17/10/2025
  [738/1355] ✅ DELETED  | 14-04-2026, 18.57.38 WIB | JV.2025.10.01104       | Tgl jurnal: 18/10/2025   | Penjualan cafe strada MKG tanggal 18/10/2025
  [739/1355] ✅ DELETED  | 14-04-2026, 18.57.39 WIB | JV.2025.10.01203       | Tgl jurnal: 19/10/2025   | Uang masuk penjualan cafe strada MKG tanggal 18/10/2025
  [740/1355] ✅ DELETED  | 14-04-2026, 18.57.40 WIB | JV.2025.10.01154       | Tgl jurnal: 18/10/2025   | Penjualan cafe strada SMS tanggal 18/10/2025
  [741/1355] ✅ DELETED  | 14-04-2026, 18.57.41 WIB | JV.2025.10.01177       | Tgl jurnal: 19/10/2025   | Uang masuk penjualan cafe strada SMS tanggal 18/10/2025
  [742/1355] ✅ DELETED  | 14-04-2026, 18.57.42 WIB | JV.2025.10.01105       | Tgl jurnal: 19/10/2025   | Penjualan cafe strada MKG tanggal 19/10/2025
  [743/1355] ✅ DELETED  | 14-04-2026, 18.57.42 WIB | JV.2025.10.01204       | Tgl jurnal: 20/10/2025   | Uang masuk penjualan cafe strada MKG tanggal 19/10/2025
  [744/1355] ✅ DELETED  | 14-04-2026, 18.57.43 WIB | JV.2025.10.01155       | Tgl jurnal: 19/10/2025   | Penjualan cafe strada SMS tanggal 19/10/2025
  [745/1355] ✅ DELETED  | 14-04-2026, 18.57.44 WIB | JV.2025.10.01178       | Tgl jurnal: 20/10/2025   | Uang masuk penjualan cafe strada SMS tanggal 19/10/2025
  [746/1355] ✅ DELETED  | 14-04-2026, 18.57.44 WIB | JV.2025.10.01106       | Tgl jurnal: 20/10/2025   | Penjualan cafe strada MKG tanggal 20/10/2025
  [747/1355] ✅ DELETED  | 14-04-2026, 18.57.45 WIB | JV.2025.10.01205       | Tgl jurnal: 21/10/2025   | Uang masuk penjualan cafe strada MKG tanggal 20/10/2025
  [748/1355] ✅ DELETED  | 14-04-2026, 18.57.46 WIB | JV.2025.10.01156       | Tgl jurnal: 20/10/2025   | Penjualan cafe strada SMS tanggal 20/10/2025
  [749/1355] ✅ DELETED  | 14-04-2026, 18.57.47 WIB | JV.2025.10.01107       | Tgl jurnal: 21/10/2025   | Penjualan cafe strada MKG tanggal 21/10/2025
  [750/1355] ✅ DELETED  | 14-04-2026, 18.57.48 WIB | JV.2025.10.01206       | Tgl jurnal: 22/10/2025   | Uang masuk penjualan cafe strada MKG tanggal 21/10/2025
  [751/1355] ✅ DELETED  | 14-04-2026, 18.57.48 WIB | JV.2025.10.01157       | Tgl jurnal: 21/10/2025   | Penjualan cafe strada SMS tanggal 21/10/2025
  [752/1355] ✅ DELETED  | 14-04-2026, 18.57.49 WIB | JV.2025.10.01180       | Tgl jurnal: 22/10/2025   | Uang masuk penjualan cafe strada SMS tanggal 21/10/2025
  [753/1355] ✅ DELETED  | 14-04-2026, 18.57.50 WIB | JV.2025.10.00280       | Tgl jurnal: 22/09/2025   | Penjualan cafe strada MKG tanggal 22/10/2025
  [754/1355] ✅ DELETED  | 14-04-2026, 18.57.51 WIB | JV.2025.10.01108       | Tgl jurnal: 22/10/2025   | Penjualan cafe strada MKG tanggal 22/10/2025
  [755/1355] ✅ DELETED  | 14-04-2026, 18.57.52 WIB | JV.2025.10.01207       | Tgl jurnal: 23/10/2025   | Uang masuk penjualan cafe strada MKG tanggal 22/10/2025
  [756/1355] ✅ DELETED  | 14-04-2026, 18.57.52 WIB | JV.2025.10.01158       | Tgl jurnal: 22/10/2025   | Penjualan cafe strada SMS tanggal 22/10/2025
  [757/1355] ✅ DELETED  | 14-04-2026, 18.57.53 WIB | JV.2025.10.01181       | Tgl jurnal: 23/10/2025   | Uang masuk penjualan cafe strada SMS tanggal 22/10/2025
  [758/1355] ✅ DELETED  | 14-04-2026, 18.57.54 WIB | JV.2025.10.00281       | Tgl jurnal: 23/09/2025   | Penjualan cafe strada MKG tanggal 23/10/2025
  [759/1355] ✅ DELETED  | 14-04-2026, 18.57.55 WIB | JV.2025.10.01109       | Tgl jurnal: 23/10/2025   | Penjualan cafe strada MKG tanggal 23/10/2025
  [760/1355] ✅ DELETED  | 14-04-2026, 18.57.56 WIB | JV.2025.10.01208       | Tgl jurnal: 24/10/2025   | Uang masuk penjualan cafe strada MKG tanggal 23/10/2025
  [761/1355] ✅ DELETED  | 14-04-2026, 18.57.56 WIB | JV.2025.10.01159       | Tgl jurnal: 23/10/2025   | Penjualan cafe strada SMS tanggal 23/10/2025
  [762/1355] ✅ DELETED  | 14-04-2026, 18.57.57 WIB | JV.2025.10.01182       | Tgl jurnal: 24/10/2025   | Uang masuk penjualan cafe strada SMS tanggal 23/10/2025
  [763/1355] ✅ DELETED  | 14-04-2026, 18.57.58 WIB | JV.2025.10.01110       | Tgl jurnal: 24/10/2025   | Penjualan cafe strada MKG tanggal 24/10/2025
  [764/1355] ✅ DELETED  | 14-04-2026, 18.57.59 WIB | JV.2025.10.01209       | Tgl jurnal: 25/10/2025   | Uang masuk penjualan cafe strada MKG tanggal 24/10/2025
  [765/1355] ✅ DELETED  | 14-04-2026, 18.58.00 WIB | JV.2025.10.01160       | Tgl jurnal: 24/10/2025   | Penjualan cafe strada SMS tanggal 24/10/2025
  [766/1355] ✅ DELETED  | 14-04-2026, 18.58.00 WIB | JV.2025.10.01183       | Tgl jurnal: 25/10/2025   | Uang masuk penjualan cafe strada SMS tanggal 24/10/2025
  [767/1355] ✅ DELETED  | 14-04-2026, 18.58.01 WIB | JV.2025.10.01111       | Tgl jurnal: 25/10/2025   | Penjualan cafe strada MKG tanggal 25/10/2025
  [768/1355] ✅ DELETED  | 14-04-2026, 18.58.02 WIB | JV.2025.10.01210       | Tgl jurnal: 26/10/2025   | Uang masuk penjualan cafe strada MKG tanggal 25/10/2025
  [769/1355] ✅ DELETED  | 14-04-2026, 18.58.03 WIB | JV.2025.10.01161       | Tgl jurnal: 25/10/2025   | Penjualan cafe strada SMS tanggal 25/10/2025
  [770/1355] ✅ DELETED  | 14-04-2026, 18.58.03 WIB | JV.2025.11.00829       | Tgl jurnal: 26/10/2025   | Uang masuk penjualan cafe strada SMS tanggal 25/10/2025
  [771/1355] ✅ DELETED  | 14-04-2026, 18.58.04 WIB | JV.2025.10.01112       | Tgl jurnal: 26/10/2025   | Penjualan cafe strada MKG tanggal 26/10/2025
  [772/1355] ✅ DELETED  | 14-04-2026, 18.58.05 WIB | JV.2025.10.01211       | Tgl jurnal: 27/10/2025   | Uang masuk penjualan cafe strada MKG tanggal 26/10/2025
  [773/1355] ✅ DELETED  | 14-04-2026, 18.58.06 WIB | JV.2025.10.01162       | Tgl jurnal: 26/10/2025   | Penjualan cafe strada SMS tanggal 26/10/2025
  [774/1355] ✅ DELETED  | 14-04-2026, 18.58.07 WIB | JV.2025.10.01184       | Tgl jurnal: 27/10/2025   | Uang masuk penjualan cafe strada SMS tanggal 26/10/2025
  [775/1355] ✅ DELETED  | 14-04-2026, 18.58.07 WIB | JV.2025.10.01113       | Tgl jurnal: 27/10/2025   | Penjualan cafe strada MKG tanggal 27/10/2025
  [776/1355] ✅ DELETED  | 14-04-2026, 18.58.08 WIB | JV.2025.10.01212       | Tgl jurnal: 28/10/2025   | Uang masuk penjualan cafe strada MKG tanggal 27/10/2025
  [777/1355] ✅ DELETED  | 14-04-2026, 18.58.09 WIB | JV.2025.10.01163       | Tgl jurnal: 27/10/2025   | Penjualan cafe strada SMS tanggal 27/10/2025
  [778/1355] ✅ DELETED  | 14-04-2026, 18.58.10 WIB | JV.2025.10.01185       | Tgl jurnal: 28/10/2025   | Uang masuk penjualan cafe strada SMS tanggal 27/10/2025
  [779/1355] ✅ DELETED  | 14-04-2026, 18.58.10 WIB | JV.2025.10.01114       | Tgl jurnal: 28/10/2025   | Penjualan cafe strada MKG tanggal 28/10/2025
  [780/1355] ✅ DELETED  | 14-04-2026, 18.58.11 WIB | JV.2025.10.01213       | Tgl jurnal: 29/10/2025   | Uang masuk penjualan cafe strada MKG tanggal 28/10/2025
  [781/1355] ✅ DELETED  | 14-04-2026, 18.58.12 WIB | JV.2025.10.01164       | Tgl jurnal: 28/10/2025   | Penjualan cafe strada SMS tanggal 28/10/2025
  [782/1355] ✅ DELETED  | 14-04-2026, 18.58.13 WIB | JV.2025.10.01186       | Tgl jurnal: 29/10/2025   | Uang masuk penjualan cafe strada SMS tanggal 28/10/2025
  [783/1355] ✅ DELETED  | 14-04-2026, 18.58.13 WIB | JV.2025.10.01115       | Tgl jurnal: 29/10/2025   | Penjualan cafe strada MKG tanggal 29/10/2025
  [784/1355] ✅ DELETED  | 14-04-2026, 18.58.14 WIB | JV.2025.10.01214       | Tgl jurnal: 30/10/2025   | Uang masuk penjualan cafe strada MKG tanggal 29/10/2025
  [785/1355] ✅ DELETED  | 14-04-2026, 18.58.15 WIB | JV.2025.10.01165       | Tgl jurnal: 29/10/2025   | Penjualan cafe strada SMS tanggal 29/10/2025
  [786/1355] ✅ DELETED  | 14-04-2026, 18.58.16 WIB | JV.2025.10.01187       | Tgl jurnal: 30/10/2025   | Uang masuk penjualan cafe strada SMS tanggal 29/10/2025
  [787/1355] ✅ DELETED  | 14-04-2026, 18.58.17 WIB | JV.2025.10.01116       | Tgl jurnal: 30/10/2025   | Penjualan cafe strada MKG tanggal 30/10/2025
  [788/1355] ✅ DELETED  | 14-04-2026, 18.58.17 WIB | JV.2025.10.01215       | Tgl jurnal: 31/10/2025   | Uang masuk penjualan cafe strada MKG tanggal 30/10/2025
  [789/1355] ✅ DELETED  | 14-04-2026, 18.58.18 WIB | JV.2025.10.01166       | Tgl jurnal: 30/10/2025   | Penjualan cafe strada SMS tanggal 30/10/2025
  [790/1355] ✅ DELETED  | 14-04-2026, 18.58.19 WIB | JV.2025.10.01188       | Tgl jurnal: 31/10/2025   | Uang masuk penjualan cafe strada SMS tanggal 30/10/2025
  [791/1355] ✅ DELETED  | 14-04-2026, 18.58.20 WIB | JV.2025.11.00874       | Tgl jurnal: 01/11/2025   | Uang masuk penjualan cafe strada MKG tanggal 31/10/20025
  [792/1355] ✅ DELETED  | 14-04-2026, 18.58.21 WIB | JV.2025.10.01117       | Tgl jurnal: 31/10/2025   | Penjualan cafe strada MKG tanggal 31/10/2025
  [793/1355] ✅ DELETED  | 14-04-2026, 18.58.22 WIB | JV.2025.10.01167       | Tgl jurnal: 31/10/2025   | Penjualan cafe strada SMS tanggal 31/10/2025
  [794/1355] ✅ DELETED  | 14-04-2026, 18.58.22 WIB | JV.2025.11.00842       | Tgl jurnal: 01/11/2025   | Uang masuk penjualan cafe strada SMS tanggal 31/10/2025
  [795/1355] ✅ DELETED  | 14-04-2026, 18.58.23 WIB | JV.2025.11.00440       | Tgl jurnal: 01/11/2025   | Penjualan cafe strada MKG tanggal 01/11/2025
  [796/1355] ✅ DELETED  | 14-04-2026, 18.58.24 WIB | JV.2025.11.00844       | Tgl jurnal: 02/11/2025   | Uang masuk penjualan cafe strada MKG tanggal 01/11/2025
  [797/1355] ✅ DELETED  | 14-04-2026, 18.58.25 WIB | JV.2025.11.00680       | Tgl jurnal: 01/11/2025   | Penjualan cafe strada SMS tanggal 01/11/2025
  [798/1355] ✅ DELETED  | 14-04-2026, 18.58.25 WIB | JV.2025.11.00832       | Tgl jurnal: 02/11/2025   | Uang masuk penjualan cafe strada SMS tanggal 01/11/2025
  [799/1355] ✅ DELETED  | 14-04-2026, 18.58.26 WIB | JV.2025.11.00441       | Tgl jurnal: 02/11/2025   | Penjualan cafe strada MKG tanggal 02/11/2025
  [800/1355] ✅ DELETED  | 14-04-2026, 18.58.27 WIB | JV.2025.11.00845       | Tgl jurnal: 03/11/2025   | Uang masuk penjualan cafe strada MKG tanggal 02/11/2025
  [801/1355] ✅ DELETED  | 14-04-2026, 18.58.28 WIB | JV.2025.11.00681       | Tgl jurnal: 02/11/2025   | Penjualan cafe strada SMS tanggal 02/11/2025
  [802/1355] ✅ DELETED  | 14-04-2026, 18.58.28 WIB | JV.2025.11.00833       | Tgl jurnal: 03/11/2025   | Uang masuk penjualan cafe strada SMS tanggal 02/11/2025
  [803/1355] ✅ DELETED  | 14-04-2026, 18.58.29 WIB | JV.2025.11.00442       | Tgl jurnal: 03/11/2025   | Penjualan cafe strada MKG tanggal 03/11/2025
  [804/1355] ✅ DELETED  | 14-04-2026, 18.58.30 WIB | JV.2025.11.00846       | Tgl jurnal: 04/11/2025   | Uang masuk penjualan cafe strada MKG tanggal 03/11/2025
  [805/1355] ✅ DELETED  | 14-04-2026, 18.58.31 WIB | JV.2025.11.00682       | Tgl jurnal: 03/11/2025   | Penjualan cafe strada SMS tanggal 03/11/2025
  [806/1355] ✅ DELETED  | 14-04-2026, 18.58.31 WIB | JV.2025.11.00834       | Tgl jurnal: 04/11/2025   | Uang masuk penjualan cafe strada SMS tanggal 03/11/2025
  [807/1355] ✅ DELETED  | 14-04-2026, 18.58.32 WIB | JV.2025.11.00448       | Tgl jurnal: 04/11/2025   | Penjualan cafe strada MKG tanggal 04/11/2025
  [808/1355] ✅ DELETED  | 14-04-2026, 18.58.33 WIB | JV.2025.11.00847       | Tgl jurnal: 05/11/2025   | Uang masuk penjualan cafe strada MKG tanggal 04/11/2025
  [809/1355] ✅ DELETED  | 14-04-2026, 18.58.34 WIB | JV.2025.11.00683       | Tgl jurnal: 04/11/2025   | Penjualan cafe strada SMS tanggal 04/11/2025
  [810/1355] ✅ DELETED  | 14-04-2026, 18.58.34 WIB | JV.2025.11.00835       | Tgl jurnal: 05/11/2025   | Uang masuk penjualan cafe strada SMS tanggal 04/11/2025
  [811/1355] ✅ DELETED  | 14-04-2026, 18.58.35 WIB | JV.2025.11.00449       | Tgl jurnal: 05/11/2025   | Penjualan cafe strada MKG tanggal 05/11/2025
  [812/1355] ✅ DELETED  | 14-04-2026, 18.58.36 WIB | JV.2025.11.00848       | Tgl jurnal: 06/11/2025   | Uang masuk penjualan cafe strada MKG tanggal 05/11/2025
  [813/1355] ✅ DELETED  | 14-04-2026, 18.58.37 WIB | JV.2025.11.00684       | Tgl jurnal: 05/11/2025   | Penjualan cafe strada SMS tanggal 05/11/2025
  [814/1355] ✅ DELETED  | 14-04-2026, 18.58.37 WIB | JV.2025.11.00836       | Tgl jurnal: 06/11/2025   | Uang masuk penjualan cafe strada SMS tanggal 05/11/2025
  [815/1355] ✅ DELETED  | 14-04-2026, 18.58.38 WIB | JV.2025.11.00450       | Tgl jurnal: 06/11/2025   | Penjualan cafe strada MKG tanggal 06/11/2025
  [816/1355] ✅ DELETED  | 14-04-2026, 18.58.39 WIB | JV.2025.11.00849       | Tgl jurnal: 07/11/2025   | Uang masuk penjualan cafe strada MKG tanggal 06/11/2025
  [817/1355] ✅ DELETED  | 14-04-2026, 18.58.40 WIB | JV.2025.11.00685       | Tgl jurnal: 06/11/2025   | Penjualan cafe strada SMS tanggal 06/11/2025
  [818/1355] ✅ DELETED  | 14-04-2026, 18.58.40 WIB | JV.2025.11.00837       | Tgl jurnal: 07/11/2025   | Uang masuk penjualan cafe strada SMS tanggal 06/11/2025
  [819/1355] ✅ DELETED  | 14-04-2026, 18.58.41 WIB | JV.2025.11.00451       | Tgl jurnal: 07/11/2025   | Penjualan cafe strada MKG tanggal 07/11/2025
  [820/1355] ✅ DELETED  | 14-04-2026, 18.58.42 WIB | JV.2025.11.00850       | Tgl jurnal: 08/11/2025   | Uang masuk penjualan cafe strada MKG tanggal 07/11/2025
  [821/1355] ✅ DELETED  | 14-04-2026, 18.58.43 WIB | JV.2025.11.00686       | Tgl jurnal: 07/11/2025   | Penjualan cafe strada SMS tanggal 07/11/2025
  [822/1355] ✅ DELETED  | 14-04-2026, 18.58.43 WIB | JV.2025.11.00838       | Tgl jurnal: 08/11/2025   | Uang masuk penjualan cafe strada SMS tanggal 07/11/2025
  [823/1355] ✅ DELETED  | 14-04-2026, 18.58.44 WIB | JV.2025.11.00452       | Tgl jurnal: 08/11/2025   | Penjualan cafe strada MKG tanggal 08/11/2025
  [824/1355] ✅ DELETED  | 14-04-2026, 18.58.45 WIB | JV.2025.11.00851       | Tgl jurnal: 09/11/2025   | Uang masuk penjualan cafe strada MKG tanggal 08/11/2025
  [825/1355] ✅ DELETED  | 14-04-2026, 18.58.46 WIB | JV.2025.11.00687       | Tgl jurnal: 08/11/2025   | Penjualan cafe strada SMS tanggal 08/11/2025
  [826/1355] ✅ DELETED  | 14-04-2026, 18.58.46 WIB | JV.2025.11.00839       | Tgl jurnal: 09/11/2025   | Uang masuk penjualan cafe strada SMS tanggal 08/11/2025
  [827/1355] ✅ DELETED  | 14-04-2026, 18.58.47 WIB | JV.2025.11.00453       | Tgl jurnal: 09/11/2025   | Penjualan cafe strada MKG tanggal 09/11/2025
  [828/1355] ✅ DELETED  | 14-04-2026, 18.58.48 WIB | JV.2025.11.00852       | Tgl jurnal: 10/11/2025   | Uang masuk penjualan cafe strada MKG tanggal 09/11/2025
  [829/1355] ✅ DELETED  | 14-04-2026, 18.58.49 WIB | JV.2025.11.00688       | Tgl jurnal: 09/11/2025   | Penjualan cafe strada SMS tanggal 09/11/2025
  [830/1355] ✅ DELETED  | 14-04-2026, 18.58.49 WIB | JV.2025.11.00840       | Tgl jurnal: 10/11/2025   | Uang masuk penjualan cafe strada SMS tanggal 09/11/2025
  [831/1355] ✅ DELETED  | 14-04-2026, 18.58.50 WIB | JV.2025.11.00454       | Tgl jurnal: 10/11/2025   | Penjualan cafe strada MKG tanggal 10/11/2025
  [832/1355] ✅ DELETED  | 14-04-2026, 18.58.51 WIB | JV.2025.11.00853       | Tgl jurnal: 11/11/2025   | Uang masuk penjualan cafe strada MKG tanggal 10/11/2025
  [833/1355] ✅ DELETED  | 14-04-2026, 18.58.52 WIB | JV.2025.11.00689       | Tgl jurnal: 10/11/2025   | Penjualan cafe strada SMS tanggal 10/11/2025
  [834/1355] ✅ DELETED  | 14-04-2026, 18.58.52 WIB | JV.2025.11.00841       | Tgl jurnal: 11/11/2025   | Uang masuk penjualan cafe strada SMS tanggal 10/11/2025
  [835/1355] ✅ DELETED  | 14-04-2026, 18.58.53 WIB | JV.2025.11.00455       | Tgl jurnal: 11/11/2025   | Penjualan cafe strada MKG tanggal 11/11/2025
  [836/1355] ✅ DELETED  | 14-04-2026, 18.58.54 WIB | JV.2025.11.00854       | Tgl jurnal: 12/11/2025   | Uang masuk penjualan cafe strada MKG tanggal 11/11/2025
  [837/1355] ✅ DELETED  | 14-04-2026, 18.58.55 WIB | JV.2025.11.00690       | Tgl jurnal: 11/11/2025   | Penjualan cafe strada SMS tanggal 11/11/2025
  [838/1355] ✅ DELETED  | 14-04-2026, 18.58.55 WIB | JV.2025.11.00809       | Tgl jurnal: 12/11/2025   | Uang masuk penjualan cafe strada SMS tanggal 11/11/2025
  [839/1355] ✅ DELETED  | 14-04-2026, 18.58.56 WIB | JV.2025.11.00456       | Tgl jurnal: 12/11/2025   | Penjualan cafe strada MKG tanggal 12/11/2025
  [840/1355] ✅ DELETED  | 14-04-2026, 18.58.57 WIB | JV.2025.11.00855       | Tgl jurnal: 13/11/2025   | Uang masuk penjualan cafe strada MKG tanggal 12/11/2025
  [841/1355] ✅ DELETED  | 14-04-2026, 18.58.58 WIB | JV.2025.11.00691       | Tgl jurnal: 12/11/2025   | Penjualan cafe strada SMS tanggal 12/11/2025
  [842/1355] ✅ DELETED  | 14-04-2026, 18.58.59 WIB | JV.2025.11.00810       | Tgl jurnal: 13/11/2025   | Uang masuk penjualan cafe strada SMS tanggal 12/11/2025
  [843/1355] ✅ DELETED  | 14-04-2026, 18.59.00 WIB | JV.2025.11.00457       | Tgl jurnal: 13/11/2025   | Penjualan cafe strada MKG tanggal 13/11/2025
  [844/1355] ✅ DELETED  | 14-04-2026, 18.59.01 WIB | JV.2025.11.00856       | Tgl jurnal: 14/11/2025   | Uang masuk penjualan cafe strada MKG tanggal 13/11/2025
  [845/1355] ✅ DELETED  | 14-04-2026, 18.59.02 WIB | JV.2025.11.00791       | Tgl jurnal: 13/11/2025   | Penjualan cafe strada SMS tanggal 13/11/2025
  [846/1355] ✅ DELETED  | 14-04-2026, 18.59.02 WIB | JV.2025.11.00811       | Tgl jurnal: 14/11/2025   | Uang masuk penjualan cafe strada SMS tanggal 13/11/2025
  [847/1355] ✅ DELETED  | 14-04-2026, 18.59.04 WIB | JV.2025.11.00458       | Tgl jurnal: 14/11/2025   | Penjualan cafe strada MKG tanggal 14/11/2025
  [848/1355] ✅ DELETED  | 14-04-2026, 18.59.04 WIB | JV.2025.11.00857       | Tgl jurnal: 15/11/2025   | Uang masuk penjualan cafe strada MKG tanggal 14/11/2025
  [849/1355] ✅ DELETED  | 14-04-2026, 18.59.05 WIB | JV.2025.11.00792       | Tgl jurnal: 14/11/2025   | Penjualan cafe strada SMS tanggal 14/11/2025
  [850/1355] ✅ DELETED  | 14-04-2026, 18.59.06 WIB | JV.2025.11.00812       | Tgl jurnal: 15/11/2025   | Uang masuk penjualan cafe strada SMS tanggal 14/11/2025
  [851/1355] ✅ DELETED  | 14-04-2026, 18.59.07 WIB | JV.2025.11.00459       | Tgl jurnal: 15/11/2025   | Penjualan cafe strada MKG tanggal 15/11/2025
  [852/1355] ✅ DELETED  | 14-04-2026, 18.59.08 WIB | JV.2025.11.00858       | Tgl jurnal: 16/11/2025   | Uang masuk penjualan cafe strada MKG tanggal 15/11/2025
  [853/1355] ✅ DELETED  | 14-04-2026, 18.59.09 WIB | JV.2025.11.00793       | Tgl jurnal: 15/11/2025   | Penjualan cafe strada SMS tanggal 15/11/2025
  [854/1355] ✅ DELETED  | 14-04-2026, 18.59.10 WIB | JV.2025.11.00813       | Tgl jurnal: 16/11/2025   | Uang masuk penjualan cafe strada SMS tanggal 15/11/2025
  [855/1355] ✅ DELETED  | 14-04-2026, 18.59.10 WIB | JV.2025.11.00460       | Tgl jurnal: 16/11/2025   | Penjualan cafe strada MKG tanggal 16/11/2025
  [856/1355] ✅ DELETED  | 14-04-2026, 18.59.11 WIB | JV.2025.11.00859       | Tgl jurnal: 17/11/2025   | Uang masuk penjualan cafe strada MKG tanggal 16/11/2025
  [857/1355] ✅ DELETED  | 14-04-2026, 18.59.12 WIB | JV.2025.11.00794       | Tgl jurnal: 16/11/2025   | Penjualan cafe strada SMS tanggal 16/11/2025
  [858/1355] ✅ DELETED  | 14-04-2026, 18.59.13 WIB | JV.2025.11.00814       | Tgl jurnal: 17/11/2025   | Uang masuk penjualan cafe strada SMS tanggal 16/11/2025
  [859/1355] ✅ DELETED  | 14-04-2026, 18.59.13 WIB | JV.2025.11.00461       | Tgl jurnal: 17/11/2025   | Penjualan cafe strada MKG tanggal 17/11/2025
  [860/1355] ✅ DELETED  | 14-04-2026, 18.59.14 WIB | JV.2025.11.00860       | Tgl jurnal: 18/11/2025   | Uang masuk penjualan cafe strada MKG tanggal 17/11/2025
  [861/1355] ✅ DELETED  | 14-04-2026, 18.59.15 WIB | JV.2025.11.00795       | Tgl jurnal: 17/11/2025   | Penjualan cafe strada SMS tanggal 17/11/2025
  [862/1355] ✅ DELETED  | 14-04-2026, 18.59.16 WIB | JV.2025.11.00815       | Tgl jurnal: 18/11/2025   | Uang masuk penjualan cafe strada SMS tanggal 17/11/2025
  [863/1355] ✅ DELETED  | 14-04-2026, 18.59.16 WIB | JV.2025.11.00462       | Tgl jurnal: 18/11/2025   | Penjualan cafe strada MKG tanggal 18/11/2025
  [864/1355] ✅ DELETED  | 14-04-2026, 18.59.17 WIB | JV.2025.11.00861       | Tgl jurnal: 19/11/2025   | Uang masuk penjualan cafe strada MKG tanggal 18/11/2025
  [865/1355] ✅ DELETED  | 14-04-2026, 18.59.18 WIB | JV.2025.11.00796       | Tgl jurnal: 18/11/2025   | Penjualan cafe strada SMS tanggal 18/11/2025
  [866/1355] ✅ DELETED  | 14-04-2026, 18.59.19 WIB | JV.2025.11.00816       | Tgl jurnal: 19/11/2025   | Uang masuk penjualan cafe strada SMS tanggal 18/11/2025
  [867/1355] ✅ DELETED  | 14-04-2026, 18.59.19 WIB | JV.2025.11.00463       | Tgl jurnal: 19/11/2025   | Penjualan cafe strada MKG tanggal 19/11/2025
  [868/1355] ✅ DELETED  | 14-04-2026, 18.59.20 WIB | JV.2025.11.00862       | Tgl jurnal: 20/11/2025   | Uang masuk penjualan cafe strada MKG tanggal 19/11/2025
  [869/1355] ✅ DELETED  | 14-04-2026, 18.59.21 WIB | JV.2025.11.00797       | Tgl jurnal: 19/11/2025   | Penjualan cafe strada SMS tanggal 19/11/2025
  [870/1355] ✅ DELETED  | 14-04-2026, 18.59.22 WIB | JV.2025.11.00817       | Tgl jurnal: 20/11/2025   | Uang masuk penjualan cafe strada SMS tanggal 19/11/2025
  [871/1355] ✅ DELETED  | 14-04-2026, 18.59.22 WIB | JV.2025.11.00464       | Tgl jurnal: 20/11/2025   | Penjualan cafe strada MKG tanggal 20/11/2025
  [872/1355] ✅ DELETED  | 14-04-2026, 18.59.23 WIB | JV.2025.11.00863       | Tgl jurnal: 21/11/2025   | Uang masuk penjualan cafe strada MKG tanggal 20/11/2025
  [873/1355] ✅ DELETED  | 14-04-2026, 18.59.24 WIB | JV.2025.10.01179       | Tgl jurnal: 21/10/2025   | Uang masuk penjualan cafe strada SMS tanggal 20/11/2025
  [874/1355] ✅ DELETED  | 14-04-2026, 18.59.25 WIB | JV.2025.11.00798       | Tgl jurnal: 20/11/2025   | Penjualan cafe strada SMS tanggal 20/11/2025
  [875/1355] ✅ DELETED  | 14-04-2026, 18.59.25 WIB | JV.2025.11.00818       | Tgl jurnal: 21/11/2025   | Uang masuk penjualan cafe strada SMS tanggal 20/11/2025
  [876/1355] ✅ DELETED  | 14-04-2026, 18.59.26 WIB | JV.2025.11.00465       | Tgl jurnal: 21/11/2025   | Penjualan cafe strada MKG tanggal 21/11/2025
  [877/1355] ✅ DELETED  | 14-04-2026, 18.59.27 WIB | JV.2025.11.00864       | Tgl jurnal: 22/11/2025   | Uang masuk penjualan cafe strada MKG tanggal 21/11/2025
  [878/1355] ✅ DELETED  | 14-04-2026, 18.59.28 WIB | JV.2025.11.00799       | Tgl jurnal: 21/11/2025   | Penjualan cafe strada SMS tanggal 21/11/2025
  [879/1355] ✅ DELETED  | 14-04-2026, 18.59.29 WIB | JV.2025.11.00819       | Tgl jurnal: 22/11/2025   | Uang masuk penjualan cafe strada SMS tanggal 21/11/2025
  [880/1355] ✅ DELETED  | 14-04-2026, 18.59.29 WIB | JV.2025.11.00466       | Tgl jurnal: 22/11/2025   | Penjualan cafe strada MKG tanggal 22/11/2025
  [881/1355] ✅ DELETED  | 14-04-2026, 18.59.30 WIB | JV.2025.11.00865       | Tgl jurnal: 23/11/2025   | Uang masuk penjualan cafe strada MKG tanggal 22/11/2025
  [882/1355] ✅ DELETED  | 14-04-2026, 18.59.31 WIB | JV.2025.11.00800       | Tgl jurnal: 22/11/2025   | Penjualan cafe strada SMS tanggal 22/11/2025
  [883/1355] ✅ DELETED  | 14-04-2026, 18.59.32 WIB | JV.2025.11.00820       | Tgl jurnal: 23/11/2025   | Uang masuk penjualan cafe strada SMS tanggal 22/11/2025
  [884/1355] ✅ DELETED  | 14-04-2026, 18.59.32 WIB | JV.2025.11.00467       | Tgl jurnal: 23/11/2025   | Penjualan cafe strada MKG tanggal 23/11/2025
  [885/1355] ✅ DELETED  | 14-04-2026, 18.59.33 WIB | JV.2025.11.00866       | Tgl jurnal: 24/11/2025   | Uang masuk penjualan cafe strada MKG tanggal 23/11/2025
  [886/1355] ✅ DELETED  | 14-04-2026, 18.59.34 WIB | JV.2025.11.00801       | Tgl jurnal: 23/11/2025   | Penjualan cafe strada SMS tanggal 23/11/2025
  [887/1355] ✅ DELETED  | 14-04-2026, 18.59.35 WIB | JV.2025.11.00821       | Tgl jurnal: 24/11/2025   | Uang masuk penjualan cafe strada SMS tanggal 23/11/2025
  [888/1355] ✅ DELETED  | 14-04-2026, 18.59.35 WIB | JV.2025.11.00674       | Tgl jurnal: 24/11/2025   | Penjualan cafe strada MKG tanggal 24/11/2025
  [889/1355] ✅ DELETED  | 14-04-2026, 18.59.36 WIB | JV.2025.11.00867       | Tgl jurnal: 25/11/2025   | Uang masuk penjualan cafe strada MKG tanggal 24/11/2025
  [890/1355] ✅ DELETED  | 14-04-2026, 18.59.37 WIB | JV.2025.11.00802       | Tgl jurnal: 24/11/2025   | Penjualan cafe strada SMS tanggal 24/11/2025
  [891/1355] ✅ DELETED  | 14-04-2026, 18.59.38 WIB | JV.2025.11.00822       | Tgl jurnal: 25/11/2025   | Uang masuk penjualan cafe strada SMS tanggal 24/11/2025
  [892/1355] ✅ DELETED  | 14-04-2026, 18.59.38 WIB | JV.2025.11.00675       | Tgl jurnal: 25/11/2025   | Penjualan cafe strada MKG tanggal 25/11/2025
  [893/1355] ✅ DELETED  | 14-04-2026, 18.59.39 WIB | JV.2025.11.00868       | Tgl jurnal: 26/11/2025   | Uang masuk penjualan cafe strada MKG tanggal 25/11/2025
  [894/1355] ✅ DELETED  | 14-04-2026, 18.59.40 WIB | JV.2025.11.00803       | Tgl jurnal: 25/11/2025   | Penjualan cafe strada SMS tanggal 25/11/2025
  [895/1355] ✅ DELETED  | 14-04-2026, 18.59.41 WIB | JV.2025.11.00823       | Tgl jurnal: 26/11/2025   | Uang masuk penjualan cafe strada SMS tanggal 25/11/2025
  [896/1355] ✅ DELETED  | 14-04-2026, 18.59.41 WIB | JV.2025.11.00676       | Tgl jurnal: 26/11/2025   | Penjualan cafe strada MKG tanggal 26/11/2025
  [897/1355] ✅ DELETED  | 14-04-2026, 18.59.42 WIB | JV.2025.11.00869       | Tgl jurnal: 27/11/2025   | Uang masuk penjualan cafe strada MKG tanggal 26/11/2025
  [898/1355] ✅ DELETED  | 14-04-2026, 18.59.43 WIB | JV.2025.11.00804       | Tgl jurnal: 26/11/2025   | Penjualan cafe strada SMS tanggal 26/11/2025
  [899/1355] ✅ DELETED  | 14-04-2026, 18.59.44 WIB | JV.2025.11.00824       | Tgl jurnal: 27/11/2025   | Uang masuk penjualan cafe strada SMS tanggal 26/11/2025
  [900/1355] ✅ DELETED  | 14-04-2026, 18.59.45 WIB | JV.2025.11.00677       | Tgl jurnal: 27/11/2025   | Penjualan cafe strada MKG tanggal 27/11/2025
  [901/1355] ✅ DELETED  | 14-04-2026, 18.59.45 WIB | JV.2025.11.00870       | Tgl jurnal: 28/11/2025   | Uang masuk penjualan cafe strada MKG tanggal 27/11/2025
  [902/1355] ✅ DELETED  | 14-04-2026, 18.59.46 WIB | JV.2025.11.00805       | Tgl jurnal: 27/11/2025   | Penjualan cafe strada SMS tanggal 27/11/2025
  [903/1355] ✅ DELETED  | 14-04-2026, 18.59.47 WIB | JV.2025.11.00825       | Tgl jurnal: 28/11/2025   | Uang masuk penjualan cafe strada SMS tanggal 27/11/2025
  [904/1355] ✅ DELETED  | 14-04-2026, 18.59.48 WIB | JV.2025.11.00678       | Tgl jurnal: 28/11/2025   | Penjualan cafe strada MKG tanggal 28/11/2025
  [905/1355] ✅ DELETED  | 14-04-2026, 18.59.48 WIB | JV.2025.11.00871       | Tgl jurnal: 29/11/2025   | Uang masuk penjualan cafe strada MKG tanggal 28/11/2025
  [906/1355] ✅ DELETED  | 14-04-2026, 18.59.49 WIB | JV.2025.11.00806       | Tgl jurnal: 28/11/2025   | Penjualan cafe strada SMS tanggal 28/11/2025
  [907/1355] ✅ DELETED  | 14-04-2026, 18.59.50 WIB | JV.2025.11.00826       | Tgl jurnal: 29/11/2025   | Uang masuk penjualan cafe strada SMS tanggal 28/11/2025
  [908/1355] ✅ DELETED  | 14-04-2026, 18.59.51 WIB | JV.2025.11.00679       | Tgl jurnal: 29/11/2025   | Penjualan cafe strada MKG tanggal 29/11/2025
  [909/1355] ✅ DELETED  | 14-04-2026, 18.59.52 WIB | JV.2025.11.00872       | Tgl jurnal: 30/11/2025   | Uang masuk penjualan cafe strada MKG tanggal 29/11/2025
  [910/1355] ✅ DELETED  | 14-04-2026, 18.59.52 WIB | JV.2025.11.00807       | Tgl jurnal: 29/11/2025   | Penjualan cafe strada SMS tanggal 29/11/2025
  [911/1355] ✅ DELETED  | 14-04-2026, 18.59.53 WIB | JV.2025.11.00827       | Tgl jurnal: 30/11/2025   | Uang masuk penjualan cafe strada SMS tanggal 29/11/2025
  [912/1355] ✅ DELETED  | 14-04-2026, 18.59.54 WIB | JV.2025.11.01027       | Tgl jurnal: 30/11/2025   | Penjualan cafe strada MKG tanggal 30/11/2025
  [913/1355] ✅ DELETED  | 14-04-2026, 18.59.55 WIB | JV.2025.12.00520       | Tgl jurnal: 01/12/2025   | Uang masuk penjualan cafe strada MKG tanggal 30/11/2025
  [914/1355] ✅ DELETED  | 14-04-2026, 18.59.56 WIB | JV.2025.11.00808       | Tgl jurnal: 30/11/2025   | Penjualan cafe strada SMS tanggal 30/11/2025
  [915/1355] ✅ DELETED  | 14-04-2026, 18.59.56 WIB | JV.2025.12.01477       | Tgl jurnal: 01/12/2025   | uang masuk Penjualan cafe strada SMS tanggal 30/11/2025
  [916/1355] ✅ DELETED  | 14-04-2026, 18.59.57 WIB | JV.2025.12.01416       | Tgl jurnal: 02/12/2025   | Uang masuk penjualan cafe strada MKG tanggal 01/12/2025
  [917/1355] ✅ DELETED  | 14-04-2026, 18.59.58 WIB | JV.2025.12.01446       | Tgl jurnal: 01/12/2025   | Penjualan cafe strada SMS tanggal 1/12/2025
  [918/1355] ✅ DELETED  | 14-04-2026, 18.59.59 WIB | JV.2025.12.01478       | Tgl jurnal: 02/12/2025   | Uang masuk penjualan cafe strada SMS tanggal 01/12/2025
  [919/1355] ✅ DELETED  | 14-04-2026, 18.59.59 WIB | JV.2025.12.01417       | Tgl jurnal: 03/12/2025   | Uang masuk penjualan cafe strada MKG tanggal 02/12/2025
  [920/1355] ✅ DELETED  | 14-04-2026, 19.00.00 WIB | JV.2025.12.01447       | Tgl jurnal: 02/12/2025   | Penjualan cafe strada SMS tanggal 2/12/2025
  [921/1355] ✅ DELETED  | 14-04-2026, 19.00.01 WIB | JV.2025.12.01479       | Tgl jurnal: 03/12/2025   | Uang masuk penjualan cafe strada SMS tanggal 02/12/2025
  [922/1355] ✅ DELETED  | 14-04-2026, 19.00.02 WIB | JV.2025.12.01418       | Tgl jurnal: 04/12/2025   | Uang masuk penjualan cafe strada MKG tanggal 03/12/2025
  [923/1355] ✅ DELETED  | 14-04-2026, 19.00.03 WIB | JV.2025.12.01448       | Tgl jurnal: 03/12/2025   | Penjualan cafe strada SMS tanggal 3/12/2025
  [924/1355] ✅ DELETED  | 14-04-2026, 19.00.03 WIB | JV.2025.12.01388       | Tgl jurnal: 04/12/2025   | Penjualan cafe strada MKG tanggal 04/12/2025
  [925/1355] ✅ DELETED  | 14-04-2026, 19.00.04 WIB | JV.2025.12.01419       | Tgl jurnal: 05/12/2025   | Uang masuk penjualan cafe strada MKG tanggal 04/12/2025
  [926/1355] ✅ DELETED  | 14-04-2026, 19.00.05 WIB | JV.2025.12.01449       | Tgl jurnal: 04/12/2025   | Penjualan cafe strada SMS tanggal 4/12/2025
  [927/1355] ✅ DELETED  | 14-04-2026, 19.00.06 WIB | JV.2025.12.01481       | Tgl jurnal: 05/12/2025   | Uang masuk penjualan cafe strada SMS tanggal 04/12/2025
  [928/1355] ✅ DELETED  | 14-04-2026, 19.00.06 WIB | JV.2025.12.01389       | Tgl jurnal: 05/12/2025   | Penjualan cafe strada MKG tanggal 05/12/2025
  [929/1355] ✅ DELETED  | 14-04-2026, 19.00.07 WIB | JV.2025.12.01420       | Tgl jurnal: 06/12/2025   | Uang masuk penjualan cafe strada MKG tanggal 05/12/2025
  [930/1355] ✅ DELETED  | 14-04-2026, 19.00.08 WIB | JV.2025.12.01450       | Tgl jurnal: 05/12/2025   | Penjualan cafe strada SMS tanggal 05/12/2025
  [931/1355] ✅ DELETED  | 14-04-2026, 19.00.09 WIB | JV.2025.12.01482       | Tgl jurnal: 06/12/2025   | Uang masuk penjualan cafe strada SMS tanggal 05/12/2025
  [932/1355] ✅ DELETED  | 14-04-2026, 19.00.10 WIB | JV.2025.12.01390       | Tgl jurnal: 06/12/2025   | Penjualan cafe strada MKG tanggal 06/12/2025
  [933/1355] ✅ DELETED  | 14-04-2026, 19.00.10 WIB | JV.2025.12.01421       | Tgl jurnal: 07/12/2025   | Uang masuk penjualan cafe strada MKG tanggal 06/12/2025
  [934/1355] ✅ DELETED  | 14-04-2026, 19.00.11 WIB | JV.2025.12.01451       | Tgl jurnal: 06/12/2025   | Penjualan cafe strada SMS tanggal 06/12/2025
  [935/1355] ✅ DELETED  | 14-04-2026, 19.00.12 WIB | JV.2025.12.01483       | Tgl jurnal: 07/12/2025   | Uang masuk penjualan cafe strada SMS tanggal 06/12/2025
  [936/1355] ✅ DELETED  | 14-04-2026, 19.00.13 WIB | JV.2025.12.01391       | Tgl jurnal: 07/12/2025   | Penjualan cafe strada MKG tanggal 07/12/2025
  [937/1355] ✅ DELETED  | 14-04-2026, 19.00.13 WIB | JV.2025.12.01422       | Tgl jurnal: 08/12/2025   | Uang masuk penjualan cafe strada MKG tanggal 07/12/2025
  [938/1355] ✅ DELETED  | 14-04-2026, 19.00.14 WIB | JV.2025.12.01452       | Tgl jurnal: 07/12/2025   | Penjualan cafe strada SMS tanggal 07/12/2025
  [939/1355] ✅ DELETED  | 14-04-2026, 19.00.15 WIB | JV.2025.12.01484       | Tgl jurnal: 08/12/2025   | Uang masuk penjualan cafe strada SMS tanggal 07/12/2025
  [940/1355] ✅ DELETED  | 14-04-2026, 19.00.16 WIB | JV.2025.12.01392       | Tgl jurnal: 08/12/2025   | Penjualan cafe strada MKG tanggal 08/12/2025
  [941/1355] ✅ DELETED  | 14-04-2026, 19.00.16 WIB | JV.2025.12.01423       | Tgl jurnal: 09/12/2025   | Uang masuk penjualan cafe strada MKG tanggal 08/12/2025
  [942/1355] ✅ DELETED  | 14-04-2026, 19.00.17 WIB | JV.2025.12.01453       | Tgl jurnal: 08/12/2025   | Penjualan cafe strada SMS tanggal 08/12/2025
  [943/1355] ✅ DELETED  | 14-04-2026, 19.00.18 WIB | JV.2025.12.01485       | Tgl jurnal: 09/12/2025   | Uang masuk penjualan cafe strada SMS tanggal 08/12/2025
  [944/1355] ✅ DELETED  | 14-04-2026, 19.00.19 WIB | JV.2025.12.01393       | Tgl jurnal: 09/12/2025   | Penjualan cafe strada MKG tanggal 09/12/2025
  [945/1355] ✅ DELETED  | 14-04-2026, 19.00.19 WIB | JV.2025.12.01424       | Tgl jurnal: 10/12/2025   | Uang masuk penjualan cafe strada MKG tanggal 09/12/2025
  [946/1355] ✅ DELETED  | 14-04-2026, 19.00.20 WIB | JV.2025.12.01454       | Tgl jurnal: 09/12/2025   | Penjualan cafe strada SMS tanggal 09/12/2025
  [947/1355] ✅ DELETED  | 14-04-2026, 19.00.21 WIB | JV.2025.12.01486       | Tgl jurnal: 10/12/2025   | Uang masuk penjualan cafe strada SMS tanggal 09/12/2025
  [948/1355] ✅ DELETED  | 14-04-2026, 19.00.22 WIB | JV.2025.12.01394       | Tgl jurnal: 10/12/2025   | Penjualan cafe strada MKG tanggal 10/12/2025
  [949/1355] ✅ DELETED  | 14-04-2026, 19.00.22 WIB | JV.2025.12.01425       | Tgl jurnal: 11/12/2025   | Uang masuk penjualan cafe strada MKG tanggal 10/12/2025
  [950/1355] ✅ DELETED  | 14-04-2026, 19.00.23 WIB | JV.2025.12.01455       | Tgl jurnal: 10/12/2025   | Penjualan cafe strada SMS tanggal 10/12/2025
  [951/1355] ✅ DELETED  | 14-04-2026, 19.00.24 WIB | JV.2025.12.01487       | Tgl jurnal: 11/12/2025   | Uang masuk penjualan cafe strada SMS tanggal 10/12/2025
  [952/1355] ✅ DELETED  | 14-04-2026, 19.00.25 WIB | JV.2025.12.01395       | Tgl jurnal: 11/12/2025   | Penjualan cafe strada MKG tanggal 11/12/2025
  [953/1355] ✅ DELETED  | 14-04-2026, 19.00.26 WIB | JV.2025.12.01426       | Tgl jurnal: 12/12/2025   | Uang masuk penjualan cafe strada MKG tanggal 11/12/2025
  [954/1355] ✅ DELETED  | 14-04-2026, 19.00.26 WIB | JV.2025.12.01456       | Tgl jurnal: 11/12/2025   | Penjualan cafe strada SMS tanggal 11/12/2025
  [955/1355] ✅ DELETED  | 14-04-2026, 19.00.27 WIB | JV.2025.12.01488       | Tgl jurnal: 12/12/2025   | Uang masuk penjualan cafe strada SMS tanggal 11/12/2025
  [956/1355] ✅ DELETED  | 14-04-2026, 19.00.28 WIB | JV.2025.12.01531       | Tgl jurnal: 13/12/2025   | Uang masuk penjualan cafe strada BSD tanggal 12/12/2025
  [957/1355] ✅ DELETED  | 14-04-2026, 19.00.29 WIB | JV.2025.12.01396       | Tgl jurnal: 12/12/2025   | Penjualan cafe strada MKG tanggal 12/12/2025
  [958/1355] ✅ DELETED  | 14-04-2026, 19.00.30 WIB | JV.2025.12.01427       | Tgl jurnal: 13/12/2025   | Uang masuk penjualan cafe strada MKG tanggal 12/12/2025
  [959/1355] ✅ DELETED  | 14-04-2026, 19.00.30 WIB | JV.2025.12.01457       | Tgl jurnal: 12/12/2025   | Penjualan cafe strada SMS tanggal 12/12/2025
  [960/1355] ✅ DELETED  | 14-04-2026, 19.00.31 WIB | JV.2025.12.01489       | Tgl jurnal: 13/12/2025   | Uang masuk penjualan cafe strada SMS tanggal 12/12/2025
  [961/1355] ✅ DELETED  | 14-04-2026, 19.00.32 WIB | JV.2025.12.01397       | Tgl jurnal: 13/12/2025   | Penjualan cafe strada MKG tanggal 13/12/2025
  [962/1355] ✅ DELETED  | 14-04-2026, 19.00.33 WIB | JV.2025.12.01428       | Tgl jurnal: 14/12/2025   | Uang masuk penjualan cafe strada MKG tanggal 13/12/2025
  [963/1355] ✅ DELETED  | 14-04-2026, 19.00.33 WIB | JV.2025.12.01458       | Tgl jurnal: 13/12/2025   | Penjualan cafe strada SMS tanggal 13/12/2025
  [964/1355] ✅ DELETED  | 14-04-2026, 19.00.34 WIB | JV.2025.12.01490       | Tgl jurnal: 14/12/2025   | Uang masuk penjualan cafe strada SMS tanggal 13/12/2025
  [965/1355] ✅ DELETED  | 14-04-2026, 19.00.35 WIB | JV.2025.12.01533       | Tgl jurnal: 15/12/2025   | Uang masuk penjualan cafe strada BSD tanggal 14/12/2025
  [966/1355] ✅ DELETED  | 14-04-2026, 19.00.36 WIB | JV.2025.12.01398       | Tgl jurnal: 14/12/2025   | Penjualan cafe strada MKG tanggal 14/12/2025
  [967/1355] ✅ DELETED  | 14-04-2026, 19.00.36 WIB | JV.2025.12.01429       | Tgl jurnal: 15/12/2025   | Uang masuk penjualan cafe strada MKG tanggal 14/12/2025
  [968/1355] ✅ DELETED  | 14-04-2026, 19.00.37 WIB | JV.2025.12.01459       | Tgl jurnal: 14/12/2025   | Penjualan cafe strada SMS tanggal 14/12/2025
  [969/1355] ✅ DELETED  | 14-04-2026, 19.00.38 WIB | JV.2025.12.01491       | Tgl jurnal: 15/12/2025   | Uang masuk penjualan cafe strada SMS tanggal 14/12/2025
  [970/1355] ✅ DELETED  | 14-04-2026, 19.00.39 WIB | JV.2025.12.01534       | Tgl jurnal: 15/12/2025   | Penjualan cafe strada BSD tanggal 15/12/2025
  [971/1355] ✅ DELETED  | 14-04-2026, 19.00.39 WIB | JV.2025.12.01535       | Tgl jurnal: 16/12/2025   | Uang masuk penjualan cafe strada BSD tanggal 15/12/2025
  [972/1355] ✅ DELETED  | 14-04-2026, 19.00.40 WIB | JV.2025.12.01399       | Tgl jurnal: 15/12/2025   | Penjualan cafe strada MKG tanggal 15/12/2025
  [973/1355] ✅ DELETED  | 14-04-2026, 19.00.41 WIB | JV.2025.12.01400       | Tgl jurnal: 16/12/2025   | Penjualan cafe strada MKG tanggal 15/12/2025
  [974/1355] ✅ DELETED  | 14-04-2026, 19.00.42 WIB | JV.2025.12.01430       | Tgl jurnal: 16/12/2025   | Uang masuk penjualan cafe strada MKG tanggal 15/12/2025
  [975/1355] ✅ DELETED  | 14-04-2026, 19.00.42 WIB | JV.2025.12.01460       | Tgl jurnal: 15/12/2025   | Penjualan cafe strada SMS tanggal 15/12/2025
  [976/1355] ✅ DELETED  | 14-04-2026, 19.00.43 WIB | JV.2025.12.01492       | Tgl jurnal: 16/12/2025   | Uang masuk penjualan cafe strada SMS tanggal 15/12/2025
  [977/1355] ✅ DELETED  | 14-04-2026, 19.00.44 WIB | JV.2026.04.00533       | Tgl jurnal: 16/12/2025   | Penjualan cafe strada BSD tanggal 16/12/2025
  [978/1355] ✅ DELETED  | 14-04-2026, 19.00.45 WIB | JV.2025.12.01431       | Tgl jurnal: 17/12/2025   | Uang masuk penjualan cafe strada MKG tanggal 16/12/2025
  [979/1355] ✅ DELETED  | 14-04-2026, 19.00.45 WIB | JV.2025.12.01461       | Tgl jurnal: 16/12/2025   | Penjualan cafe strada SMS tanggal 16/12/2025
  [980/1355] ✅ DELETED  | 14-04-2026, 19.00.46 WIB | JV.2025.12.01493       | Tgl jurnal: 17/12/2025   | Uang masuk penjualan cafe strada SMS tanggal 16/12/2025
  [981/1355] ✅ DELETED  | 14-04-2026, 19.00.47 WIB | JV.2025.12.01401       | Tgl jurnal: 17/12/2025   | Penjualan cafe strada MKG tanggal 17/12/2025
  [982/1355] ✅ DELETED  | 14-04-2026, 19.00.48 WIB | JV.2025.12.01432       | Tgl jurnal: 18/12/2025   | Uang masuk penjualan cafe strada MKG tanggal 17/12/2025
  [983/1355] ✅ DELETED  | 14-04-2026, 19.00.48 WIB | JV.2025.12.01462       | Tgl jurnal: 17/12/2025   | Penjualan cafe strada SMS tanggal 17/12/2025
  [984/1355] ✅ DELETED  | 14-04-2026, 19.00.49 WIB | JV.2025.12.01494       | Tgl jurnal: 18/12/2025   | Uang masuk penjualan cafe strada SMS tanggal 17/12/2025
  [985/1355] ✅ DELETED  | 14-04-2026, 19.00.50 WIB | JV.2025.12.01402       | Tgl jurnal: 18/12/2025   | Penjualan cafe strada MKG tanggal 18/12/2025
  [986/1355] ✅ DELETED  | 14-04-2026, 19.00.51 WIB | JV.2025.12.01433       | Tgl jurnal: 19/12/2025   | Uang masuk penjualan cafe strada MKG tanggal 18/12/2025
  [987/1355] ✅ DELETED  | 14-04-2026, 19.00.51 WIB | JV.2025.12.01463       | Tgl jurnal: 18/12/2025   | Penjualan cafe strada SMS tanggal 18/12/2025
  [988/1355] ✅ DELETED  | 14-04-2026, 19.00.52 WIB | JV.2025.12.01495       | Tgl jurnal: 19/12/2025   | Uang masuk penjualan cafe strada SMS tanggal 18/12/2025
  [989/1355] ✅ DELETED  | 14-04-2026, 19.00.53 WIB | JV.2025.12.01404       | Tgl jurnal: 19/12/2025   | Penjualan cafe strada MKG tanggal 19/12/2025
  [990/1355] ✅ DELETED  | 14-04-2026, 19.00.54 WIB | JV.2025.12.01403       | Tgl jurnal: 19/12/2025   | Penjualan cafe strada MKG tanggal 19/12/2025
  [991/1355] ✅ DELETED  | 14-04-2026, 19.00.54 WIB | JV.2025.12.01434       | Tgl jurnal: 20/12/2025   | Uang masuk penjualan cafe strada MKG tanggal 19/12/2025
  [992/1355] ✅ DELETED  | 14-04-2026, 19.00.55 WIB | JV.2025.12.01464       | Tgl jurnal: 19/12/2025   | Penjualan cafe strada SMS tanggal 19/12/2025
  [993/1355] ✅ DELETED  | 14-04-2026, 19.00.56 WIB | JV.2025.12.01496       | Tgl jurnal: 20/12/2025   | Uang masuk penjualan cafe strada SMS tanggal 19/12/2025
  [994/1355] ✅ DELETED  | 14-04-2026, 19.00.57 WIB | JV.2025.12.01405       | Tgl jurnal: 20/12/2025   | Penjualan cafe strada MKG tanggal 20/12/2025
  [995/1355] ✅ DELETED  | 14-04-2026, 19.00.57 WIB | JV.2025.12.01435       | Tgl jurnal: 21/12/2025   | Uang masuk penjualan cafe strada MKG tanggal 20/12/2025
  [996/1355] ✅ DELETED  | 14-04-2026, 19.00.58 WIB | JV.2025.12.01465       | Tgl jurnal: 20/12/2025   | Penjualan cafe strada SMS tanggal 20/12/2025
  [997/1355] ✅ DELETED  | 14-04-2026, 19.00.59 WIB | JV.2025.12.01497       | Tgl jurnal: 21/12/2025   | Uang masuk penjualan cafe strada SMS tanggal 20/12/2025
  [998/1355] ✅ DELETED  | 14-04-2026, 19.01.00 WIB | JV.2025.12.01406       | Tgl jurnal: 21/12/2025   | Penjualan cafe strada MKG tanggal 21/12/2025
  [999/1355] ✅ DELETED  | 14-04-2026, 19.01.00 WIB | JV.2025.12.01436       | Tgl jurnal: 22/12/2025   | Uang masuk penjualan cafe strada MKG tanggal 21/12/2025
  [1000/1355] ✅ DELETED  | 14-04-2026, 19.01.01 WIB | JV.2025.12.01466       | Tgl jurnal: 21/12/2025   | Penjualan cafe strada SMS tanggal 21/12/2025
  [1001/1355] ✅ DELETED  | 14-04-2026, 19.01.02 WIB | JV.2025.12.01498       | Tgl jurnal: 22/12/2025   | Uang masuk penjualan cafe strada SMS tanggal 21/12/2025
  [1002/1355] ✅ DELETED  | 14-04-2026, 19.01.02 WIB | JV.2025.12.01407       | Tgl jurnal: 22/12/2025   | Penjualan cafe strada MKG tanggal 22/12/2025
  [1003/1355] ✅ DELETED  | 14-04-2026, 19.01.03 WIB | JV.2025.12.01437       | Tgl jurnal: 23/12/2025   | Uang masuk penjualan cafe strada MKG tanggal 22/12/2025
  [1004/1355] ✅ DELETED  | 14-04-2026, 19.01.04 WIB | JV.2025.12.01467       | Tgl jurnal: 22/12/2025   | Penjualan cafe strada SMS tanggal 22/12/2025
  [1005/1355] ✅ DELETED  | 14-04-2026, 19.01.05 WIB | JV.2025.12.01499       | Tgl jurnal: 23/12/2025   | Uang masuk penjualan cafe strada SMS tanggal 22/12/2025
  [1006/1355] ✅ DELETED  | 14-04-2026, 19.01.05 WIB | JV.2025.12.01408       | Tgl jurnal: 23/12/2025   | Penjualan cafe strada MKG tanggal 23/12/2025
  [1007/1355] ✅ DELETED  | 14-04-2026, 19.01.06 WIB | JV.2025.12.01438       | Tgl jurnal: 24/12/2025   | Uang masuk penjualan cafe strada MKG tanggal 23/12/2025
  [1008/1355] ✅ DELETED  | 14-04-2026, 19.01.07 WIB | JV.2025.12.01468       | Tgl jurnal: 23/12/2025   | Penjualan cafe strada SMS tanggal 23/12/2025
  [1009/1355] ✅ DELETED  | 14-04-2026, 19.01.08 WIB | JV.2025.12.01500       | Tgl jurnal: 24/12/2025   | Uang masuk penjualan cafe strada SMS tanggal 23/12/2025
  [1010/1355] ✅ DELETED  | 14-04-2026, 19.01.08 WIB | JV.2025.12.01409       | Tgl jurnal: 24/12/2025   | Penjualan cafe strada MKG tanggal 24/12/2025
  [1011/1355] ✅ DELETED  | 14-04-2026, 19.01.09 WIB | JV.2025.12.01439       | Tgl jurnal: 25/12/2025   | Uang masuk penjualan cafe strada MKG tanggal 24/12/2025
  [1012/1355] ✅ DELETED  | 14-04-2026, 19.01.10 WIB | JV.2025.12.01469       | Tgl jurnal: 24/12/2025   | Penjualan cafe strada SMS tanggal 24/12/2025
  [1013/1355] ✅ DELETED  | 14-04-2026, 19.01.11 WIB | JV.2025.12.01501       | Tgl jurnal: 25/12/2025   | Uang masuk penjualan cafe strada SMS tanggal 24/12/2025
  [1014/1355] ✅ DELETED  | 14-04-2026, 19.01.11 WIB | JV.2025.12.01440       | Tgl jurnal: 26/12/2025   | Uang masuk penjualan cafe strada MKG tanggal 25/12/2025
  [1015/1355] ✅ DELETED  | 14-04-2026, 19.01.12 WIB | JV.2025.12.01470       | Tgl jurnal: 25/12/2025   | Penjualan cafe strada SMS tanggal 25/12/2025
  [1016/1355] ✅ DELETED  | 14-04-2026, 19.01.13 WIB | JV.2025.12.01502       | Tgl jurnal: 26/12/2025   | Uang masuk penjualan cafe strada SMS tanggal 25/12/2025
  [1017/1355] ✅ DELETED  | 14-04-2026, 19.01.14 WIB | JV.2025.12.01411       | Tgl jurnal: 26/12/2025   | Penjualan cafe strada MKG tanggal 26/12/2025
  [1018/1355] ✅ DELETED  | 14-04-2026, 19.01.14 WIB | JV.2025.12.01471       | Tgl jurnal: 26/12/2025   | Penjualan cafe strada SMS tanggal 26/12/2025
  [1019/1355] ✅ DELETED  | 14-04-2026, 19.01.15 WIB | JV.2025.12.01503       | Tgl jurnal: 27/12/2025   | Uang masuk penjualan cafe strada SMS tanggal 26/12/2025
  [1020/1355] ✅ DELETED  | 14-04-2026, 19.01.16 WIB | JV.2025.12.01412       | Tgl jurnal: 27/12/2025   | Penjualan cafe strada MKG tanggal 27/12/2025
  [1021/1355] ✅ DELETED  | 14-04-2026, 19.01.17 WIB | JV.2025.12.01442       | Tgl jurnal: 28/12/2025   | Uang masuk penjualan cafe strada MKG tanggal 27/12/2025
  [1022/1355] ✅ DELETED  | 14-04-2026, 19.01.17 WIB | JV.2025.12.01472       | Tgl jurnal: 27/12/2025   | Penjualan cafe strada SMS tanggal 27/12/2025
  [1023/1355] ✅ DELETED  | 14-04-2026, 19.01.18 WIB | JV.2025.12.01504       | Tgl jurnal: 28/12/2025   | Uang masuk penjualan cafe strada SMS tanggal 27/12/2025
  [1024/1355] ✅ DELETED  | 14-04-2026, 19.01.19 WIB | JV.2025.12.01413       | Tgl jurnal: 28/12/2025   | Penjualan cafe strada MKG tanggal 28/12/2025
  [1025/1355] ✅ DELETED  | 14-04-2026, 19.01.20 WIB | JV.2025.12.01443       | Tgl jurnal: 29/12/2025   | Uang masuk penjualan cafe strada MKG tanggal 28/12/2025
  [1026/1355] ✅ DELETED  | 14-04-2026, 19.01.20 WIB | JV.2025.12.01473       | Tgl jurnal: 28/12/2025   | Penjualan cafe strada SMS tanggal 28/12/2025
  [1027/1355] ✅ DELETED  | 14-04-2026, 19.01.21 WIB | JV.2025.12.01505       | Tgl jurnal: 29/12/2025   | Uang masuk penjualan cafe strada SMS tanggal 28/12/2025
  [1028/1355] ✅ DELETED  | 14-04-2026, 19.01.22 WIB | JV.2025.12.01414       | Tgl jurnal: 29/12/2025   | Penjualan cafe strada MKG tanggal 29/12/2025
  [1029/1355] ✅ DELETED  | 14-04-2026, 19.01.23 WIB | JV.2025.12.01444       | Tgl jurnal: 30/12/2025   | Uang masuk penjualan cafe strada MKG tanggal 29/12/2025
  [1030/1355] ✅ DELETED  | 14-04-2026, 19.01.24 WIB | JV.2025.12.01474       | Tgl jurnal: 29/12/2025   | Penjualan cafe strada SMS tanggal 29/12/2025
  [1031/1355] ✅ DELETED  | 14-04-2026, 19.01.24 WIB | JV.2025.12.01506       | Tgl jurnal: 30/12/2025   | Uang masuk penjualan cafe strada SMS tanggal 29/12/2025
  [1032/1355] ✅ DELETED  | 14-04-2026, 19.01.25 WIB | JV.2026.01.01128       | Tgl jurnal: 30/12/2025   | Penjualan cafe strada MKG tanggal 30/12/2025
  [1033/1355] ✅ DELETED  | 14-04-2026, 19.01.26 WIB | JV.2025.12.01445       | Tgl jurnal: 31/12/2025   | Uang masuk penjualan cafe strada MKG tanggal 30/12/2025
  [1034/1355] ✅ DELETED  | 14-04-2026, 19.01.27 WIB | JV.2025.12.01475       | Tgl jurnal: 30/12/2025   | Penjualan cafe strada SMS tanggal 30/12/2025
  [1035/1355] ✅ DELETED  | 14-04-2026, 19.01.27 WIB | JV.2025.12.01507       | Tgl jurnal: 31/12/2025   | Uang masuk penjualan cafe strada SMS tanggal 30/12/2025
  [1036/1355] ✅ DELETED  | 14-04-2026, 19.01.28 WIB | JV.2025.12.01415       | Tgl jurnal: 31/12/2025   | Penjualan cafe strada MKG tanggal 31/12/2025
  [1037/1355] ✅ DELETED  | 14-04-2026, 19.01.29 WIB | JV.2026.01.01129       | Tgl jurnal: 01/01/2026   | Uang masuk penjualan cafe strada MKG tanggal 31/12/2025
  [1038/1355] ✅ DELETED  | 14-04-2026, 19.01.30 WIB | JV.2025.12.01476       | Tgl jurnal: 31/12/2025   | Penjualan cafe strada SMS tanggal 31/12/2025
  [1039/1355] ✅ DELETED  | 14-04-2026, 19.01.30 WIB | JV.2026.01.01211       | Tgl jurnal: 01/01/2026   | Penjualan cafe strada MKG tanggal 1/01/2026
  [1040/1355] ✅ DELETED  | 14-04-2026, 19.01.31 WIB | JV.2026.01.01130       | Tgl jurnal: 02/01/2026   | Uang masuk penjualan cafe strada MKG tanggal 01/01/2026
  [1041/1355] ✅ DELETED  | 14-04-2026, 19.01.32 WIB | JV.2026.01.01162       | Tgl jurnal: 01/01/2026   | Penjualan cafe strada SMS tanggal 01/01/2026
  [1042/1355] ✅ DELETED  | 14-04-2026, 19.01.33 WIB | JV.2026.01.01193       | Tgl jurnal: 02/01/2026   | Uang masuk penjualan cafe strada SMS tanggal 01/01/2026
  [1043/1355] ✅ DELETED  | 14-04-2026, 19.01.33 WIB | JV.2026.01.01212       | Tgl jurnal: 02/01/2026   | Penjualan cafe strada MKG tanggal 2/01/2026
  [1044/1355] ✅ DELETED  | 14-04-2026, 19.01.34 WIB | JV.2026.01.01131       | Tgl jurnal: 03/01/2026   | Uang masuk penjualan cafe strada MKG tanggal 02/01/2026
  [1045/1355] ✅ DELETED  | 14-04-2026, 19.01.35 WIB | JV.2026.01.01163       | Tgl jurnal: 02/01/2026   | Penjualan cafe strada SMS tanggal 02/01/2026
  [1046/1355] ✅ DELETED  | 14-04-2026, 19.01.36 WIB | JV.2026.01.01194       | Tgl jurnal: 03/01/2026   | Uang masuk penjualan cafe strada SMS tanggal 02/01/2026
  [1047/1355] ✅ DELETED  | 14-04-2026, 19.01.36 WIB | JV.2026.01.01213       | Tgl jurnal: 03/01/2026   | Penjualan cafe strada MKG tanggal 3/01/2026
  [1048/1355] ✅ DELETED  | 14-04-2026, 19.01.37 WIB | JV.2026.01.01132       | Tgl jurnal: 04/01/2026   | Uang masuk penjualan cafe strada MKG tanggal 03/01/2026
  [1049/1355] ✅ DELETED  | 14-04-2026, 19.01.38 WIB | JV.2026.01.01164       | Tgl jurnal: 03/01/2026   | Penjualan cafe strada SMS tanggal 03/01/2026
  [1050/1355] ✅ DELETED  | 14-04-2026, 19.01.39 WIB | JV.2026.01.01195       | Tgl jurnal: 04/01/2026   | Uang masuk penjualan cafe strada SMS tanggal 03/01/2026
  [1051/1355] ✅ DELETED  | 14-04-2026, 19.01.39 WIB | JV.2026.01.01214       | Tgl jurnal: 04/01/2026   | Penjualan cafe strada MKG tanggal 4/01/2026
  [1052/1355] ✅ DELETED  | 14-04-2026, 19.01.40 WIB | JV.2026.01.01133       | Tgl jurnal: 05/01/2026   | Uang masuk penjualan cafe strada MKG tanggal 04/01/2026
  [1053/1355] ✅ DELETED  | 14-04-2026, 19.01.41 WIB | JV.2026.02.00453       | Tgl jurnal: 04/01/2026   | Penjualan cafe strada SMS tanggal 04/01/2026
  [1054/1355] ✅ DELETED  | 14-04-2026, 19.01.42 WIB | JV.2026.01.01196       | Tgl jurnal: 05/01/2026   | Uang masuk penjualan cafe strada SMS tanggal 04/01/2026
  [1055/1355] ✅ DELETED  | 14-04-2026, 19.01.42 WIB | JV.2026.01.01215       | Tgl jurnal: 05/01/2026   | Penjualan cafe strada MKG tanggal 5/01/2026
  [1056/1355] ✅ DELETED  | 14-04-2026, 19.01.43 WIB | JV.2026.01.01134       | Tgl jurnal: 06/01/2026   | Uang masuk penjualan cafe strada MKG tanggal 05/01/2026
  [1057/1355] ✅ DELETED  | 14-04-2026, 19.01.44 WIB | JV.2026.01.01165       | Tgl jurnal: 05/01/2026   | Penjualan cafe strada SMS tanggal 05/01/2026
  [1058/1355] ✅ DELETED  | 14-04-2026, 19.01.45 WIB | JV.2026.01.01197       | Tgl jurnal: 06/01/2026   | Uang masuk penjualan cafe strada SMS tanggal 05/01/2026
  [1059/1355] ✅ DELETED  | 14-04-2026, 19.01.46 WIB | JV.2026.01.01216       | Tgl jurnal: 06/01/2026   | Penjualan cafe strada MKG tanggal 6/01/2026
  [1060/1355] ✅ DELETED  | 14-04-2026, 19.01.46 WIB | JV.2026.01.01135       | Tgl jurnal: 07/01/2026   | Uang masuk penjualan cafe strada MKG tanggal 06/01/2026
  [1061/1355] ✅ DELETED  | 14-04-2026, 19.01.47 WIB | JV.2026.01.01166       | Tgl jurnal: 06/01/2026   | Penjualan cafe strada SMS tanggal 06/01/2026
  [1062/1355] ✅ DELETED  | 14-04-2026, 19.01.48 WIB | JV.2026.01.01198       | Tgl jurnal: 07/01/2026   | Uang masuk penjualan cafe strada SMS tanggal 06/01/2026
  [1063/1355] ✅ DELETED  | 14-04-2026, 19.01.49 WIB | JV.2026.01.01217       | Tgl jurnal: 07/01/2026   | Penjualan cafe strada MKG tanggal 7/01/2026
  [1064/1355] ✅ DELETED  | 14-04-2026, 19.01.49 WIB | JV.2026.01.01136       | Tgl jurnal: 08/01/2026   | Uang masuk penjualan cafe strada MKG tanggal 07/01/2026
  [1065/1355] ✅ DELETED  | 14-04-2026, 19.01.50 WIB | JV.2026.01.01167       | Tgl jurnal: 07/01/2026   | Penjualan cafe strada SMS tanggal 07/01/2026
  [1066/1355] ✅ DELETED  | 14-04-2026, 19.01.51 WIB | JV.2026.01.01199       | Tgl jurnal: 08/01/2026   | Uang masuk penjualan cafe strada SMS tanggal 07/01/2026
  [1067/1355] ✅ DELETED  | 14-04-2026, 19.01.52 WIB | JV.2026.01.01218       | Tgl jurnal: 08/01/2026   | Penjualan cafe strada MKG tanggal 8/01/2026
  [1068/1355] ✅ DELETED  | 14-04-2026, 19.01.52 WIB | JV.2026.01.01137       | Tgl jurnal: 09/01/2026   | Uang masuk penjualan cafe strada MKG tanggal 08/01/2026
  [1069/1355] ✅ DELETED  | 14-04-2026, 19.01.53 WIB | JV.2026.01.01168       | Tgl jurnal: 08/01/2026   | Penjualan cafe strada SMS tanggal 08/01/2026
  [1070/1355] ✅ DELETED  | 14-04-2026, 19.01.54 WIB | JV.2026.01.01200       | Tgl jurnal: 09/01/2026   | Uang masuk penjualan cafe strada SMS tanggal 08/01/2026
  [1071/1355] ✅ DELETED  | 14-04-2026, 19.01.55 WIB | JV.2026.01.01219       | Tgl jurnal: 09/01/2026   | Penjualan cafe strada MKG tanggal 9/01/2026
  [1072/1355] ✅ DELETED  | 14-04-2026, 19.01.55 WIB | JV.2026.01.01138       | Tgl jurnal: 10/01/2026   | Uang masuk penjualan cafe strada MKG tanggal 09/01/2026
  [1073/1355] ✅ DELETED  | 14-04-2026, 19.01.56 WIB | JV.2026.01.01169       | Tgl jurnal: 09/01/2026   | Penjualan cafe strada SMS tanggal 09/01/2026
  [1074/1355] ✅ DELETED  | 14-04-2026, 19.01.57 WIB | JV.2026.01.01201       | Tgl jurnal: 10/01/2026   | Uang masuk penjualan cafe strada SMS tanggal 09/01/2026
  [1075/1355] ✅ DELETED  | 14-04-2026, 19.01.58 WIB | JV.2026.01.01220       | Tgl jurnal: 10/01/2026   | Penjualan cafe strada MKG tanggal 10/01/2026
  [1076/1355] ✅ DELETED  | 14-04-2026, 19.01.58 WIB | JV.2026.01.01139       | Tgl jurnal: 11/01/2026   | Uang masuk penjualan cafe strada MKG tanggal 10/01/2026
  [1077/1355] ✅ DELETED  | 14-04-2026, 19.01.59 WIB | JV.2026.01.01170       | Tgl jurnal: 10/01/2026   | Penjualan cafe strada SMS tanggal 10/01/2026
  [1078/1355] ✅ DELETED  | 14-04-2026, 19.02.00 WIB | JV.2026.01.01202       | Tgl jurnal: 11/01/2026   | Uang masuk penjualan cafe strada SMS tanggal 10/01/2026
  [1079/1355] ✅ DELETED  | 14-04-2026, 19.02.01 WIB | JV.2026.01.01221       | Tgl jurnal: 11/01/2026   | Penjualan cafe strada MKG tanggal 11/01/2026
  [1080/1355] ✅ DELETED  | 14-04-2026, 19.02.02 WIB | JV.2026.01.01140       | Tgl jurnal: 12/01/2026   | Uang masuk penjualan cafe strada MKG tanggal 11/01/2026
  [1081/1355] ✅ DELETED  | 14-04-2026, 19.02.02 WIB | JV.2026.01.01171       | Tgl jurnal: 11/01/2026   | Penjualan cafe strada SMS tanggal 11/01/2026
  [1082/1355] ✅ DELETED  | 14-04-2026, 19.02.03 WIB | JV.2026.01.01203       | Tgl jurnal: 12/01/2026   | Uang masuk penjualan cafe strada SMS tanggal 11/01/2026
  [1083/1355] ✅ DELETED  | 14-04-2026, 19.02.04 WIB | JV.2026.01.01222       | Tgl jurnal: 12/01/2026   | Penjualan cafe strada MKG tanggal 12/01/2026
  [1084/1355] ✅ DELETED  | 14-04-2026, 19.02.05 WIB | JV.2026.01.01141       | Tgl jurnal: 13/01/2026   | Uang masuk penjualan cafe strada MKG tanggal 12/01/2026
  [1085/1355] ✅ DELETED  | 14-04-2026, 19.02.05 WIB | JV.2026.01.01172       | Tgl jurnal: 12/01/2026   | Penjualan cafe strada SMS tanggal 12/01/2026
  [1086/1355] ✅ DELETED  | 14-04-2026, 19.02.06 WIB | JV.2026.01.01204       | Tgl jurnal: 13/01/2026   | Uang masuk penjualan cafe strada SMS tanggal 12/01/2026
  [1087/1355] ✅ DELETED  | 14-04-2026, 19.02.07 WIB | JV.2026.01.01223       | Tgl jurnal: 13/01/2026   | Penjualan cafe strada MKG tanggal 13/01/2026
  [1088/1355] ✅ DELETED  | 14-04-2026, 19.02.08 WIB | JV.2026.01.01142       | Tgl jurnal: 14/01/2026   | Uang masuk penjualan cafe strada MKG tanggal 13/01/2026
  [1089/1355] ✅ DELETED  | 14-04-2026, 19.02.09 WIB | JV.2026.01.01173       | Tgl jurnal: 13/01/2026   | Penjualan cafe strada SMS tanggal 13/01/2026
  [1090/1355] ✅ DELETED  | 14-04-2026, 19.02.09 WIB | JV.2026.01.01368       | Tgl jurnal: 14/01/2026   | Uang masuk penjualan cafe strada SMS tanggal 13/01/2026
  [1091/1355] ✅ DELETED  | 14-04-2026, 19.02.10 WIB | JV.2026.01.01224       | Tgl jurnal: 14/01/2026   | Penjualan cafe strada MKG tanggal 14/01/2026
  [1092/1355] ✅ DELETED  | 14-04-2026, 19.02.11 WIB | JV.2026.01.01143       | Tgl jurnal: 15/01/2026   | Uang masuk penjualan cafe strada MKG tanggal 14/01/2026
  [1093/1355] ✅ DELETED  | 14-04-2026, 19.02.12 WIB | JV.2026.01.01174       | Tgl jurnal: 14/01/2026   | Penjualan cafe strada SMS tanggal 14/01/2026
  [1094/1355] ✅ DELETED  | 14-04-2026, 19.02.12 WIB | JV.2026.01.01369       | Tgl jurnal: 15/01/2026   | Uang masuk penjualan cafe strada SMS tanggal 14/01/2026
  [1095/1355] ✅ DELETED  | 14-04-2026, 19.02.13 WIB | JV.2026.01.01225       | Tgl jurnal: 15/01/2026   | Penjualan cafe strada MKG tanggal 15/01/2026
  [1096/1355] ✅ DELETED  | 14-04-2026, 19.02.14 WIB | JV.2026.01.01144       | Tgl jurnal: 16/01/2026   | Uang masuk penjualan cafe strada MKG tanggal 15/01/2026
  [1097/1355] ✅ DELETED  | 14-04-2026, 19.02.15 WIB | JV.2026.01.01175       | Tgl jurnal: 15/01/2026   | Penjualan cafe strada SMS tanggal 15/01/2026
  [1098/1355] ✅ DELETED  | 14-04-2026, 19.02.15 WIB | JV.2026.01.01370       | Tgl jurnal: 16/01/2026   | Uang masuk penjualan cafe strada SMS tanggal 15/01/2026
  [1099/1355] ✅ DELETED  | 14-04-2026, 19.02.16 WIB | JV.2026.01.01226       | Tgl jurnal: 16/01/2026   | Penjualan cafe strada MKG tanggal 16/01/2026
  [1100/1355] ✅ DELETED  | 14-04-2026, 19.02.17 WIB | JV.2026.01.01145       | Tgl jurnal: 17/01/2026   | Uang masuk penjualan cafe strada MKG tanggal 16/01/2026
  [1101/1355] ✅ DELETED  | 14-04-2026, 19.02.18 WIB | JV.2026.01.01176       | Tgl jurnal: 16/01/2026   | Penjualan cafe strada SMS tanggal 16/01/2026
  [1102/1355] ✅ DELETED  | 14-04-2026, 19.02.19 WIB | JV.2026.01.01371       | Tgl jurnal: 17/01/2026   | Uang masuk penjualan cafe strada SMS tanggal 16/01/2026
  [1103/1355] ✅ DELETED  | 14-04-2026, 19.02.19 WIB | JV.2026.01.01227       | Tgl jurnal: 17/01/2026   | Penjualan cafe strada MKG tanggal 17/01/2026
  [1104/1355] ✅ DELETED  | 14-04-2026, 19.02.20 WIB | JV.2026.01.01146       | Tgl jurnal: 18/01/2026   | Uang masuk penjualan cafe strada MKG tanggal 17/01/2026
  [1105/1355] ✅ DELETED  | 14-04-2026, 19.02.21 WIB | JV.2026.01.01177       | Tgl jurnal: 17/01/2026   | Penjualan cafe strada SMS tanggal 17/01/2026
  [1106/1355] ✅ DELETED  | 14-04-2026, 19.02.22 WIB | JV.2026.01.01372       | Tgl jurnal: 18/01/2026   | Uang masuk penjualan cafe strada SMS tanggal 17/01/2026
  [1107/1355] ✅ DELETED  | 14-04-2026, 19.02.22 WIB | JV.2026.01.01228       | Tgl jurnal: 18/01/2026   | Penjualan cafe strada MKG tanggal 18/01/2026
  [1108/1355] ✅ DELETED  | 14-04-2026, 19.02.23 WIB | JV.2026.01.01147       | Tgl jurnal: 19/01/2026   | Uang masuk penjualan cafe strada MKG tanggal 18/01/2026
  [1109/1355] ✅ DELETED  | 14-04-2026, 19.02.24 WIB | JV.2026.01.01178       | Tgl jurnal: 18/01/2026   | Penjualan cafe strada SMS tanggal 18/01/2026
  [1110/1355] ✅ DELETED  | 14-04-2026, 19.02.25 WIB | JV.2026.01.01373       | Tgl jurnal: 19/01/2026   | Uang masuk penjualan cafe strada SMS tanggal 18/01/2026
  [1111/1355] ✅ DELETED  | 14-04-2026, 19.02.26 WIB | JV.2026.01.01229       | Tgl jurnal: 19/01/2026   | Penjualan cafe strada MKG tanggal 19/01/2026
  [1112/1355] ✅ DELETED  | 14-04-2026, 19.02.26 WIB | JV.2026.01.01148       | Tgl jurnal: 20/01/2026   | Uang masuk penjualan cafe strada MKG tanggal 19/01/2026
  [1113/1355] ✅ DELETED  | 14-04-2026, 19.02.27 WIB | JV.2026.01.01179       | Tgl jurnal: 19/01/2026   | Penjualan cafe strada SMS tanggal 19/01/2026
  [1114/1355] ✅ DELETED  | 14-04-2026, 19.02.28 WIB | JV.2026.01.01374       | Tgl jurnal: 20/01/2026   | Uang masuk penjualan cafe strada SMS tanggal 19/01/2026
  [1115/1355] ✅ DELETED  | 14-04-2026, 19.02.29 WIB | JV.2026.01.01230       | Tgl jurnal: 20/01/2026   | Penjualan cafe strada MKG tanggal 20/01/2026
  [1116/1355] ✅ DELETED  | 14-04-2026, 19.02.29 WIB | JV.2026.01.01149       | Tgl jurnal: 21/01/2026   | Uang masuk penjualan cafe strada MKG tanggal 20/01/2026
  [1117/1355] ✅ DELETED  | 14-04-2026, 19.02.30 WIB | JV.2026.01.01180       | Tgl jurnal: 20/01/2026   | Penjualan cafe strada SMS tanggal 20/01/2026
  [1118/1355] ✅ DELETED  | 14-04-2026, 19.02.31 WIB | JV.2026.01.01375       | Tgl jurnal: 21/01/2026   | Uang masuk penjualan cafe strada SMS tanggal 20/01/2026
  [1119/1355] ✅ DELETED  | 14-04-2026, 19.02.32 WIB | JV.2026.01.01231       | Tgl jurnal: 21/01/2026   | Penjualan cafe strada MKG tanggal 21/01/2026
  [1120/1355] ✅ DELETED  | 14-04-2026, 19.02.33 WIB | JV.2026.01.01150       | Tgl jurnal: 22/01/2026   | Uang masuk penjualan cafe strada MKG tanggal 21/01/2026
  [1121/1355] ✅ DELETED  | 14-04-2026, 19.02.33 WIB | JV.2026.01.01181       | Tgl jurnal: 21/01/2026   | Penjualan cafe strada SMS tanggal 21/01/2026
  [1122/1355] ✅ DELETED  | 14-04-2026, 19.02.34 WIB | JV.2026.01.01376       | Tgl jurnal: 22/01/2026   | Uang masuk penjualan cafe strada SMS tanggal 21/01/2026
  [1123/1355] ✅ DELETED  | 14-04-2026, 19.02.35 WIB | JV.2026.01.01232       | Tgl jurnal: 22/01/2026   | Penjualan cafe strada MKG tanggal 22/01/2026
  [1124/1355] ✅ DELETED  | 14-04-2026, 19.02.36 WIB | JV.2026.01.01151       | Tgl jurnal: 23/01/2026   | Uang masuk penjualan cafe strada MKG tanggal 22/01/2026
  [1125/1355] ✅ DELETED  | 14-04-2026, 19.02.36 WIB | JV.2026.01.01182       | Tgl jurnal: 22/01/2026   | Penjualan cafe strada SMS tanggal 22/01/2026
  [1126/1355] ✅ DELETED  | 14-04-2026, 19.02.37 WIB | JV.2026.01.01377       | Tgl jurnal: 23/01/2026   | Uang masuk penjualan cafe strada SMS tanggal 22/01/2026
  [1127/1355] ✅ DELETED  | 14-04-2026, 19.02.38 WIB | JV.2026.01.01233       | Tgl jurnal: 23/01/2026   | Penjualan cafe strada MKG tanggal 23/01/2026
  [1128/1355] ✅ DELETED  | 14-04-2026, 19.02.39 WIB | JV.2026.01.01152       | Tgl jurnal: 24/01/2026   | Uang masuk penjualan cafe strada MKG tanggal 23/01/2026
  [1129/1355] ✅ DELETED  | 14-04-2026, 19.02.40 WIB | JV.2026.01.01183       | Tgl jurnal: 23/01/2026   | Penjualan cafe strada SMS tanggal 23/01/2026
  [1130/1355] ✅ DELETED  | 14-04-2026, 19.02.41 WIB | JV.2026.01.01378       | Tgl jurnal: 24/01/2026   | Uang masuk penjualan cafe strada SMS tanggal 23/01/2026
  [1131/1355] ✅ DELETED  | 14-04-2026, 19.02.42 WIB | JV.2026.01.01234       | Tgl jurnal: 24/01/2026   | Penjualan cafe strada MKG tanggal 24/01/2026
  [1132/1355] ✅ DELETED  | 14-04-2026, 19.02.42 WIB | JV.2026.01.01153       | Tgl jurnal: 25/01/2026   | Uang masuk penjualan cafe strada MKG tanggal 24/01/2026
  [1133/1355] ✅ DELETED  | 14-04-2026, 19.02.43 WIB | JV.2026.01.01184       | Tgl jurnal: 24/01/2026   | Penjualan cafe strada SMS tanggal 24/01/2026
  [1134/1355] ✅ DELETED  | 14-04-2026, 19.02.44 WIB | JV.2026.01.01379       | Tgl jurnal: 25/01/2026   | Uang masuk penjualan cafe strada SMS tanggal 24/01/2026
  [1135/1355] ✅ DELETED  | 14-04-2026, 19.02.45 WIB | JV.2026.01.01235       | Tgl jurnal: 25/01/2026   | Penjualan cafe strada MKG tanggal 25/01/2026
  [1136/1355] ✅ DELETED  | 14-04-2026, 19.02.46 WIB | JV.2026.01.01154       | Tgl jurnal: 26/01/2026   | Uang masuk penjualan cafe strada MKG tanggal 25/01/2026
  [1137/1355] ✅ DELETED  | 14-04-2026, 19.02.46 WIB | JV.2026.01.01185       | Tgl jurnal: 25/01/2026   | Penjualan cafe strada SMS tanggal 25/01/2026
  [1138/1355] ✅ DELETED  | 14-04-2026, 19.02.47 WIB | JV.2026.01.01380       | Tgl jurnal: 26/01/2026   | Uang masuk penjualan cafe strada SMS tanggal 25/01/2026
  [1139/1355] ✅ DELETED  | 14-04-2026, 19.02.48 WIB | JV.2026.01.01236       | Tgl jurnal: 26/01/2026   | Penjualan cafe strada MKG tanggal 26/01/2026
  [1140/1355] ✅ DELETED  | 14-04-2026, 19.02.49 WIB | JV.2026.01.01155       | Tgl jurnal: 27/01/2026   | Uang masuk penjualan cafe strada MKG tanggal 26/01/2026
  [1141/1355] ✅ DELETED  | 14-04-2026, 19.02.49 WIB | JV.2026.01.01186       | Tgl jurnal: 26/01/2026   | Penjualan cafe strada SMS tanggal 26/01/2026
  [1142/1355] ✅ DELETED  | 14-04-2026, 19.02.50 WIB | JV.2026.01.01381       | Tgl jurnal: 27/01/2026   | Uang masuk penjualan cafe strada SMS tanggal 26/01/2026
  [1143/1355] ✅ DELETED  | 14-04-2026, 19.02.51 WIB | JV.2026.01.01237       | Tgl jurnal: 27/01/2026   | Penjualan cafe strada MKG tanggal 27/01/2026
  [1144/1355] ✅ DELETED  | 14-04-2026, 19.02.52 WIB | JV.2026.01.01156       | Tgl jurnal: 28/01/2026   | Uang masuk penjualan cafe strada MKG tanggal 27/01/2026
  [1145/1355] ✅ DELETED  | 14-04-2026, 19.02.52 WIB | JV.2026.01.01187       | Tgl jurnal: 27/01/2026   | Penjualan cafe strada SMS tanggal 27/01/2026
  [1146/1355] ✅ DELETED  | 14-04-2026, 19.02.53 WIB | JV.2026.01.01382       | Tgl jurnal: 28/01/2026   | Uang masuk penjualan cafe strada SMS tanggal 27/01/2026
  [1147/1355] ✅ DELETED  | 14-04-2026, 19.02.54 WIB | JV.2026.01.01238       | Tgl jurnal: 28/01/2026   | Penjualan cafe strada MKG tanggal 28/01/2026
  [1148/1355] ✅ DELETED  | 14-04-2026, 19.02.55 WIB | JV.2026.01.01157       | Tgl jurnal: 29/01/2026   | Uang masuk penjualan cafe strada MKG tanggal 28/01/2026
  [1149/1355] ✅ DELETED  | 14-04-2026, 19.02.55 WIB | JV.2026.01.01188       | Tgl jurnal: 28/01/2026   | Penjualan cafe strada SMS tanggal 28/01/2026
  [1150/1355] ✅ DELETED  | 14-04-2026, 19.02.56 WIB | JV.2026.01.01383       | Tgl jurnal: 29/01/2026   | Uang masuk penjualan cafe strada SMS tanggal 28/01/2026
  [1151/1355] ✅ DELETED  | 14-04-2026, 19.02.57 WIB | JV.2026.01.01239       | Tgl jurnal: 29/01/2026   | Penjualan cafe strada MKG tanggal 29/01/2026
  [1152/1355] ✅ DELETED  | 14-04-2026, 19.02.58 WIB | JV.2026.01.01158       | Tgl jurnal: 30/01/2026   | Uang masuk penjualan cafe strada MKG tanggal 29/01/2026
  [1153/1355] ✅ DELETED  | 14-04-2026, 19.02.58 WIB | JV.2026.01.01189       | Tgl jurnal: 29/01/2026   | Penjualan cafe strada SMS tanggal 29/01/2026
  [1154/1355] ✅ DELETED  | 14-04-2026, 19.02.59 WIB | JV.2026.01.01384       | Tgl jurnal: 30/01/2026   | Uang masuk penjualan cafe strada SMS tanggal 29/01/2026
  [1155/1355] ✅ DELETED  | 14-04-2026, 19.03.00 WIB | JV.2026.01.01240       | Tgl jurnal: 30/01/2026   | Penjualan cafe strada MKG tanggal 30/01/2026
  [1156/1355] ✅ DELETED  | 14-04-2026, 19.03.01 WIB | JV.2026.01.01159       | Tgl jurnal: 31/01/2026   | Uang masuk penjualan cafe strada MKG tanggal 30/01/2026
  [1157/1355] ✅ DELETED  | 14-04-2026, 19.03.01 WIB | JV.2026.01.01190       | Tgl jurnal: 30/01/2026   | Penjualan cafe strada SMS tanggal 30/01/2026
  [1158/1355] ✅ DELETED  | 14-04-2026, 19.03.02 WIB | JV.2026.01.01385       | Tgl jurnal: 31/01/2026   | Uang masuk penjualan cafe strada SMS tanggal 30/01/2026
  [1159/1355] ✅ DELETED  | 14-04-2026, 19.03.03 WIB | JV.2026.01.01241       | Tgl jurnal: 31/01/2026   | Penjualan cafe strada MKG tanggal 31/01/2026
  [1160/1355] ✅ DELETED  | 14-04-2026, 19.03.04 WIB | JV.2026.02.00441       | Tgl jurnal: 01/02/2026   | Uang masuk penjualan cafe strada MKG tanggal 31/01/2026
  [1161/1355] ✅ DELETED  | 14-04-2026, 19.03.04 WIB | JV.2026.01.01192       | Tgl jurnal: 01/01/2026   | Uang masuk penjualan cafe strada SMS tanggal 31/01/2026
  [1162/1355] ✅ DELETED  | 14-04-2026, 19.03.05 WIB | JV.2026.01.01191       | Tgl jurnal: 31/01/2026   | Penjualan cafe strada SMS tanggal 31/01/2026
  [1163/1355] ✅ DELETED  | 14-04-2026, 19.03.06 WIB | JV.2026.02.01230       | Tgl jurnal: 01/02/2026   | Uang masuk penjualan cafe strada SMS tanggal 31/01/2026
  [1164/1355] ✅ DELETED  | 14-04-2026, 19.03.07 WIB | JV.2026.02.00625       | Tgl jurnal: 01/02/2026   | Penjualan cafe strada MKG tanggal 1/02/2026
  [1165/1355] ✅ DELETED  | 14-04-2026, 19.03.07 WIB | JV.2026.02.00442       | Tgl jurnal: 02/02/2026   | Uang masuk penjualan cafe strada MKG tanggal 01/02/2026
  [1166/1355] ✅ DELETED  | 14-04-2026, 19.03.08 WIB | JV.2026.02.00568       | Tgl jurnal: 01/02/2026   | Penjualan cafe strada SMS tanggal 1/02/2026
  [1167/1355] ✅ DELETED  | 14-04-2026, 19.03.09 WIB | JV.2026.02.01231       | Tgl jurnal: 02/02/2026   | Uang masuk penjualan cafe strada SMS tanggal 01/02/2026
  [1168/1355] ✅ DELETED  | 14-04-2026, 19.03.10 WIB | JV.2026.02.00627       | Tgl jurnal: 02/02/2026   | Penjualan cafe strada MKG tanggal 2/02/2026
  [1169/1355] ✅ DELETED  | 14-04-2026, 19.03.11 WIB | JV.2026.02.00443       | Tgl jurnal: 03/02/2026   | Uang masuk penjualan cafe strada MKG tanggal 02/02/2026
  [1170/1355] ✅ DELETED  | 14-04-2026, 19.03.11 WIB | JV.2026.02.00569       | Tgl jurnal: 02/02/2026   | Penjualan cafe strada SMS tanggal 2/02/2026
  [1171/1355] ✅ DELETED  | 14-04-2026, 19.03.12 WIB | JV.2026.02.01232       | Tgl jurnal: 03/02/2026   | Uang masuk penjualan cafe strada SMS tanggal 02/02/2026
  [1172/1355] ✅ DELETED  | 14-04-2026, 19.03.13 WIB | JV.2026.02.00629       | Tgl jurnal: 03/02/2026   | Penjualan cafe strada MKG tanggal 3/02/2026
  [1173/1355] ✅ DELETED  | 14-04-2026, 19.03.14 WIB | JV.2026.02.00578       | Tgl jurnal: 03/02/2026   | Penjualan cafe strada SMS tanggal 3/02/2026
  [1174/1355] ✅ DELETED  | 14-04-2026, 19.03.15 WIB | JV.2026.02.01233       | Tgl jurnal: 04/02/2026   | Uang masuk penjualan cafe strada SMS tanggal 03/02/2026
  [1175/1355] ✅ DELETED  | 14-04-2026, 19.03.15 WIB | JV.2026.02.00631       | Tgl jurnal: 04/02/2026   | Penjualan cafe strada MKG tanggal 4/02/2026
  [1176/1355] ✅ DELETED  | 14-04-2026, 19.03.16 WIB | JV.2026.02.00444       | Tgl jurnal: 05/02/2026   | Uang masuk penjualan cafe strada MKG tanggal 04/02/2026
  [1177/1355] ✅ DELETED  | 14-04-2026, 19.03.17 WIB | JV.2026.02.01732       | Tgl jurnal: 04/02/2026   | Penjualan cafe strada SMB tanggal 04/02/2026
  [1178/1355] ✅ DELETED  | 14-04-2026, 19.03.18 WIB | JV.2026.02.01733       | Tgl jurnal: 05/02/2026   | Uang masuk penjualan cafe strada SMB tanggal 04/02/2026
  [1179/1355] ✅ DELETED  | 14-04-2026, 19.03.18 WIB | JV.2026.02.00579       | Tgl jurnal: 04/02/2026   | Penjualan cafe strada SMS tanggal 4/02/2026
  [1180/1355] ✅ DELETED  | 14-04-2026, 19.03.19 WIB | JV.2026.02.01234       | Tgl jurnal: 05/02/2026   | Uang masuk penjualan cafe strada SMS tanggal 04/02/2026
  [1181/1355] ✅ DELETED  | 14-04-2026, 19.03.20 WIB | JV.2026.02.00632       | Tgl jurnal: 05/02/2026   | Penjualan cafe strada MKG tanggal 5/02/2026
  [1182/1355] ✅ DELETED  | 14-04-2026, 19.03.21 WIB | JV.2026.02.00445       | Tgl jurnal: 06/02/2026   | Uang masuk penjualan cafe strada MKG tanggal 05/02/2026
  [1183/1355] ✅ DELETED  | 14-04-2026, 19.03.21 WIB | JV.2026.02.00580       | Tgl jurnal: 05/02/2026   | Penjualan cafe strada SMS tanggal 5/02/2026
  [1184/1355] ✅ DELETED  | 14-04-2026, 19.03.22 WIB | JV.2026.02.01235       | Tgl jurnal: 06/02/2026   | Uang masuk penjualan cafe strada SMS tanggal 05/02/2026
  [1185/1355] ✅ DELETED  | 14-04-2026, 19.03.23 WIB | JV.2026.02.00633       | Tgl jurnal: 06/02/2026   | Penjualan cafe strada MKG tanggal 6/02/2026
  [1186/1355] ✅ DELETED  | 14-04-2026, 19.03.24 WIB | JV.2026.02.00446       | Tgl jurnal: 07/02/2026   | Uang masuk penjualan cafe strada MKG tanggal 06/02/2026
  [1187/1355] ✅ DELETED  | 14-04-2026, 19.03.24 WIB | JV.2026.02.00581       | Tgl jurnal: 06/02/2026   | Penjualan cafe strada SMS tanggal 6/02/2026
  [1188/1355] ✅ DELETED  | 14-04-2026, 19.03.25 WIB | JV.2026.02.01236       | Tgl jurnal: 07/02/2026   | Uang masuk penjualan cafe strada SMS tanggal 06/02/2026
  [1189/1355] ✅ DELETED  | 14-04-2026, 19.03.26 WIB | JV.2026.02.00635       | Tgl jurnal: 07/02/2026   | Penjualan cafe strada MKG tanggal 7/02/2026
  [1190/1355] ✅ DELETED  | 14-04-2026, 19.03.27 WIB | JV.2026.02.00447       | Tgl jurnal: 08/02/2026   | Uang masuk penjualan cafe strada MKG tanggal 07/02/2026
  [1191/1355] ✅ DELETED  | 14-04-2026, 19.03.27 WIB | JV.2026.02.00583       | Tgl jurnal: 07/02/2026   | Penjualan cafe strada SMS tanggal 7/02/2026
  [1192/1355] ✅ DELETED  | 14-04-2026, 19.03.28 WIB | JV.2026.02.01237       | Tgl jurnal: 08/02/2026   | Uang masuk penjualan cafe strada SMS tanggal 07/02/2026
  [1193/1355] ✅ DELETED  | 14-04-2026, 19.03.29 WIB | JV.2026.02.00636       | Tgl jurnal: 08/02/2026   | Penjualan cafe strada MKG tanggal 8/02/2026
  [1194/1355] ✅ DELETED  | 14-04-2026, 19.03.30 WIB | JV.2026.02.00448       | Tgl jurnal: 09/02/2026   | Uang masuk penjualan cafe strada MKG tanggal 08/02/2026
  [1195/1355] ✅ DELETED  | 14-04-2026, 19.03.30 WIB | JV.2026.02.00584       | Tgl jurnal: 08/02/2026   | Penjualan cafe strada SMS tanggal 8/02/2026
  [1196/1355] ✅ DELETED  | 14-04-2026, 19.03.31 WIB | JV.2026.02.01238       | Tgl jurnal: 09/02/2026   | Uang masuk penjualan cafe strada SMS tanggal 08/02/2026
  [1197/1355] ✅ DELETED  | 14-04-2026, 19.03.32 WIB | JV.2026.02.00637       | Tgl jurnal: 09/02/2026   | Penjualan cafe strada MKG tanggal 9/02/2026
  [1198/1355] ✅ DELETED  | 14-04-2026, 19.03.33 WIB | JV.2026.02.00449       | Tgl jurnal: 10/02/2026   | Uang masuk penjualan cafe strada MKG tanggal 09/02/2026
  [1199/1355] ✅ DELETED  | 14-04-2026, 19.03.34 WIB | JV.2026.02.00585       | Tgl jurnal: 09/02/2026   | Penjualan cafe strada SMS tanggal 9/02/2026
  [1200/1355] ✅ DELETED  | 14-04-2026, 19.03.35 WIB | JV.2026.02.01239       | Tgl jurnal: 10/02/2026   | Uang masuk penjualan cafe strada SMS tanggal 09/02/2026
  [1201/1355] ✅ DELETED  | 14-04-2026, 19.03.35 WIB | JV.2026.02.00639       | Tgl jurnal: 10/02/2026   | Penjualan cafe strada MKG tanggal 10/02/2026
  [1202/1355] ✅ DELETED  | 14-04-2026, 19.03.36 WIB | JV.2026.02.00450       | Tgl jurnal: 11/02/2026   | Uang masuk penjualan cafe strada MKG tanggal 10/02/2026
  [1203/1355] ✅ DELETED  | 14-04-2026, 19.03.37 WIB | JV.2026.02.00586       | Tgl jurnal: 10/02/2026   | Penjualan cafe strada SMS tanggal 10/02/2026
  [1204/1355] ✅ DELETED  | 14-04-2026, 19.03.38 WIB | JV.2026.02.01240       | Tgl jurnal: 11/02/2026   | Uang masuk penjualan cafe strada SMS tanggal 10/02/2026
  [1205/1355] ✅ DELETED  | 14-04-2026, 19.03.38 WIB | JV.2026.02.00640       | Tgl jurnal: 11/02/2026   | Penjualan cafe strada MKG tanggal 11/02/2026
  [1206/1355] ✅ DELETED  | 14-04-2026, 19.03.39 WIB | JV.2026.02.01253       | Tgl jurnal: 12/02/2026   | Uang masuk penjualan cafe strada MKG tanggal 11/02/2026
  [1207/1355] ✅ DELETED  | 14-04-2026, 19.03.40 WIB | JV.2026.02.00587       | Tgl jurnal: 11/02/2026   | Penjualan cafe strada SMS tanggal 11/02/2026
  [1208/1355] ✅ DELETED  | 14-04-2026, 19.03.41 WIB | JV.2026.02.01241       | Tgl jurnal: 12/02/2026   | Uang masuk penjualan cafe strada SMS tanggal 11/02/2026
  [1209/1355] ✅ DELETED  | 14-04-2026, 19.03.41 WIB | JV.2026.02.00641       | Tgl jurnal: 12/02/2026   | Penjualan cafe strada MKG tanggal 12/02/2026
  [1210/1355] ✅ DELETED  | 14-04-2026, 19.03.42 WIB | JV.2026.02.01254       | Tgl jurnal: 13/02/2026   | Uang masuk penjualan cafe strada MKG tanggal 12/02/2026
  [1211/1355] ✅ DELETED  | 14-04-2026, 19.03.43 WIB | JV.2026.02.00588       | Tgl jurnal: 12/02/2026   | Penjualan cafe strada SMS tanggal 12/02/2026
  [1212/1355] ✅ DELETED  | 14-04-2026, 19.03.44 WIB | JV.2026.02.01242       | Tgl jurnal: 13/02/2026   | Uang masuk penjualan cafe strada SMS tanggal 12/02/2026
  [1213/1355] ✅ DELETED  | 14-04-2026, 19.03.44 WIB | JV.2026.02.00642       | Tgl jurnal: 13/02/2026   | Penjualan cafe strada MKG tanggal 13/02/2026
  [1214/1355] ✅ DELETED  | 14-04-2026, 19.03.45 WIB | JV.2026.02.00648       | Tgl jurnal: 13/02/2026   | Penjualan cafe strada SMS tanggal 13/02/2026
  [1215/1355] ✅ DELETED  | 14-04-2026, 19.03.46 WIB | JV.2026.02.01243       | Tgl jurnal: 14/02/2026   | Uang masuk penjualan cafe strada SMS tanggal 13/02/2026
  [1216/1355] ✅ DELETED  | 14-04-2026, 19.03.47 WIB | JV.2026.02.00644       | Tgl jurnal: 14/02/2026   | Penjualan cafe strada MKG tanggal 14/02/2026
  [1217/1355] ✅ DELETED  | 14-04-2026, 19.03.47 WIB | JV.2026.02.01255       | Tgl jurnal: 15/02/2026   | Uang masuk penjualan cafe strada MKG tanggal 14/02/2026
  [1218/1355] ✅ DELETED  | 14-04-2026, 19.03.48 WIB | JV.2026.02.00649       | Tgl jurnal: 14/02/2026   | Penjualan cafe strada SMS tanggal 14/02/2026
  [1219/1355] ✅ DELETED  | 14-04-2026, 19.03.49 WIB | JV.2026.02.01244       | Tgl jurnal: 15/02/2026   | Uang masuk penjualan cafe strada SMS tanggal 14/02/2026
  [1220/1355] ✅ DELETED  | 14-04-2026, 19.03.50 WIB | JV.2026.02.00646       | Tgl jurnal: 15/02/2026   | Penjualan cafe strada MKG tanggal 15/02/2026
  [1221/1355] ✅ DELETED  | 14-04-2026, 19.03.50 WIB | JV.2026.02.01256       | Tgl jurnal: 16/02/2026   | Uang masuk penjualan cafe strada MKG tanggal 15/02/2026
  [1222/1355] ✅ DELETED  | 14-04-2026, 19.03.51 WIB | JV.2026.02.00650       | Tgl jurnal: 15/02/2026   | Penjualan cafe strada SMS tanggal 15/02/2026
  [1223/1355] ✅ DELETED  | 14-04-2026, 19.03.52 WIB | JV.2026.02.01245       | Tgl jurnal: 16/02/2026   | Uang masuk penjualan cafe strada SMS tanggal 15/02/2026
  [1224/1355] ✅ DELETED  | 14-04-2026, 19.03.53 WIB | JV.2026.02.01038       | Tgl jurnal: 16/02/2026   | Penjualan cafe strada MKG tanggal 16/02/2026
  [1225/1355] ✅ DELETED  | 14-04-2026, 19.03.53 WIB | JV.2026.02.01257       | Tgl jurnal: 17/02/2026   | Uang masuk penjualan cafe strada MKG tanggal 16/02/2026
  [1226/1355] ✅ DELETED  | 14-04-2026, 19.03.54 WIB | JV.2026.02.01030       | Tgl jurnal: 16/02/2026   | Penjualan cafe strada SMS tanggal 16/02/2026
  [1227/1355] ✅ DELETED  | 14-04-2026, 19.03.55 WIB | JV.2026.02.01246       | Tgl jurnal: 17/02/2026   | Uang masuk penjualan cafe strada SMS tanggal 16/02/2026
  [1228/1355] ✅ DELETED  | 14-04-2026, 19.03.56 WIB | JV.2026.02.01037       | Tgl jurnal: 17/02/2026   | Penjualan cafe strada MKG tanggal 17/02/2026
  [1229/1355] ✅ DELETED  | 14-04-2026, 19.03.57 WIB | JV.2026.02.01258       | Tgl jurnal: 18/02/2026   | Uang masuk penjualan cafe strada MKG tanggal 17/02/2026
  [1230/1355] ✅ DELETED  | 14-04-2026, 19.03.57 WIB | JV.2026.02.01031       | Tgl jurnal: 17/02/2026   | Penjualan cafe strada SMS tanggal 17/02/2026
  [1231/1355] ✅ DELETED  | 14-04-2026, 19.03.58 WIB | JV.2026.02.01247       | Tgl jurnal: 18/02/2026   | Uang masuk penjualan cafe strada SMS tanggal 17/02/2026
  [1232/1355] ✅ DELETED  | 14-04-2026, 19.03.59 WIB | JV.2026.02.01036       | Tgl jurnal: 18/02/2026   | Penjualan cafe strada MKG tanggal 18/02/2026
  [1233/1355] ✅ DELETED  | 14-04-2026, 19.04.00 WIB | JV.2026.02.01259       | Tgl jurnal: 19/02/2026   | Uang masuk penjualan cafe strada MKG tanggal 18/02/2026
  [1234/1355] ✅ DELETED  | 14-04-2026, 19.04.00 WIB | JV.2026.02.01032       | Tgl jurnal: 18/02/2026   | Penjualan cafe strada SMS tanggal 18/02/2026
  [1235/1355] ✅ DELETED  | 14-04-2026, 19.04.01 WIB | JV.2026.02.01248       | Tgl jurnal: 19/02/2026   | Uang masuk penjualan cafe strada SMS tanggal 18/02/2026
  [1236/1355] ✅ DELETED  | 14-04-2026, 19.04.02 WIB | JV.2026.02.01034       | Tgl jurnal: 19/02/2026   | Penjualan cafe strada MKG tanggal 19/02/2026
  [1237/1355] ✅ DELETED  | 14-04-2026, 19.04.03 WIB | JV.2026.02.01260       | Tgl jurnal: 20/02/2026   | Uang masuk penjualan cafe strada MKG tanggal 19/02/2026
  [1238/1355] ✅ DELETED  | 14-04-2026, 19.04.03 WIB | JV.2026.02.01033       | Tgl jurnal: 19/02/2026   | Penjualan cafe strada SMS tanggal 19/02/2026
  [1239/1355] ✅ DELETED  | 14-04-2026, 19.04.04 WIB | JV.2026.02.01249       | Tgl jurnal: 20/02/2026   | Uang masuk penjualan cafe strada SMS tanggal 19/02/2026
  [1240/1355] ✅ DELETED  | 14-04-2026, 19.04.05 WIB | JV.2026.02.01216       | Tgl jurnal: 20/02/2026   | Penjualan cafe strada MKG tanggal 20/02/2026
  [1241/1355] ✅ DELETED  | 14-04-2026, 19.04.06 WIB | JV.2026.02.01261       | Tgl jurnal: 21/02/2026   | Uang masuk penjualan cafe strada MKG tanggal 20/02/2026
  [1242/1355] ✅ DELETED  | 14-04-2026, 19.04.06 WIB | JV.2026.02.01215       | Tgl jurnal: 20/02/2026   | Penjualan cafe strada SMS tanggal 20/02/2026
  [1243/1355] ✅ DELETED  | 14-04-2026, 19.04.07 WIB | JV.2026.02.01250       | Tgl jurnal: 21/02/2026   | Uang masuk penjualan cafe strada SMS tanggal 20/02/2026
  [1244/1355] ✅ DELETED  | 14-04-2026, 19.04.08 WIB | JV.2026.02.01269       | Tgl jurnal: 21/02/2026   | Penjualan cafe strada MKG tanggal 21/02/2026
  [1245/1355] ✅ DELETED  | 14-04-2026, 19.04.09 WIB | JV.2026.02.01262       | Tgl jurnal: 22/02/2026   | Uang masuk penjualan cafe strada MKG tanggal 21/02/2026
  [1246/1355] ✅ DELETED  | 14-04-2026, 19.04.09 WIB | JV.2026.02.01264       | Tgl jurnal: 21/02/2026   | Penjualan cafe strada SMS tanggal 21/02/2026
  [1247/1355] ✅ DELETED  | 14-04-2026, 19.04.10 WIB | JV.2026.02.01251       | Tgl jurnal: 22/02/2026   | Uang masuk penjualan cafe strada SMS tanggal 21/02/2026
  [1248/1355] ✅ DELETED  | 14-04-2026, 19.04.11 WIB | JV.2026.02.01278       | Tgl jurnal: 22/02/2026   | Penjualan cafe strada MKG tanggal 22/02/2026
  [1249/1355] ✅ DELETED  | 14-04-2026, 19.04.12 WIB | JV.2026.02.01265       | Tgl jurnal: 22/02/2026   | Penjualan cafe strada SMS tanggal 22/02/2026
  [1250/1355] ✅ DELETED  | 14-04-2026, 19.04.13 WIB | JV.2026.02.01312       | Tgl jurnal: 23/02/2026   | Penjualan cafe strada MKG tanggal 23/02/2026
  [1251/1355] ✅ DELETED  | 14-04-2026, 19.04.13 WIB | JV.2026.02.01311       | Tgl jurnal: 23/02/2026   | Penjualan cafe strada SMS tanggal 23/02/2026
  [1252/1355] ✅ DELETED  | 14-04-2026, 19.04.14 WIB | JV.2026.02.01364       | Tgl jurnal: 24/02/2026   | Penjualan cafe strada MKG tanggal 24/02/2026
  [1253/1355] ✅ DELETED  | 14-04-2026, 19.04.15 WIB | JV.2026.02.01363       | Tgl jurnal: 24/02/2026   | Penjualan cafe strada SMS tanggal 24/02/2026
  [1254/1355] ✅ DELETED  | 14-04-2026, 19.04.16 WIB | JV.2026.02.01499       | Tgl jurnal: 25/02/2026   | Penjualan cafe strada MKG tanggal 25/02/2026
  [1255/1355] ✅ DELETED  | 14-04-2026, 19.04.17 WIB | JV.2026.02.01498       | Tgl jurnal: 25/02/2026   | Penjualan cafe strada SMS tanggal 25/02/2026
  [1256/1355] ✅ DELETED  | 14-04-2026, 19.04.17 WIB | JV.2026.02.01509       | Tgl jurnal: 26/02/2026   | Penjualan cafe strada MKG tanggal 26/02/2026
  [1257/1355] ✅ DELETED  | 14-04-2026, 19.04.18 WIB | JV.2026.02.01507       | Tgl jurnal: 26/02/2026   | Penjualan cafe strada SMS tanggal 26/02/2026
  [1258/1355] ✅ DELETED  | 14-04-2026, 19.04.19 WIB | JV.2026.02.01631       | Tgl jurnal: 27/02/2026   | Penjualan cafe strada MKG tanggal 27/02/2026
  [1259/1355] ✅ DELETED  | 14-04-2026, 19.04.20 WIB | JV.2026.02.01630       | Tgl jurnal: 27/02/2026   | Penjualan cafe strada SMS tanggal 27/02/2026
  [1260/1355] ✅ DELETED  | 14-04-2026, 19.04.20 WIB | JV.2026.02.01633       | Tgl jurnal: 28/02/2026   | Penjualan cafe strada MKG tanggal 28/02/2026
  [1261/1355] ✅ DELETED  | 14-04-2026, 19.04.21 WIB | JV.2026.02.01632       | Tgl jurnal: 28/02/2026   | Penjualan cafe strada SMS tanggal 28/02/2026
  [1262/1355] ✅ DELETED  | 14-04-2026, 19.04.22 WIB | JV.2026.03.00011       | Tgl jurnal: 01/03/2026   | Penjualan cafe strada MKG tanggal 01/03/2026
  [1263/1355] ✅ DELETED  | 14-04-2026, 19.04.23 WIB | JV.2026.03.00010       | Tgl jurnal: 01/03/2026   | Penjualan cafe strada SMS tanggal 01/03/2026
  [1264/1355] ✅ DELETED  | 14-04-2026, 19.04.23 WIB | JV.2026.03.00187       | Tgl jurnal: 02/03/2026   | Penjualan cafe strada MKG tanggal 02/03/2026
  [1265/1355] ✅ DELETED  | 14-04-2026, 19.04.24 WIB | JV.2026.03.00186       | Tgl jurnal: 02/03/2026   | Penjualan cafe strada SMS tanggal 02/03/2026
  [1266/1355] ✅ DELETED  | 14-04-2026, 19.04.25 WIB | JV.2026.03.00215       | Tgl jurnal: 03/03/2026   | Penjualan cafe strada MKG tanggal 03/03/2026
  [1267/1355] ✅ DELETED  | 14-04-2026, 19.04.26 WIB | JV.2026.03.00188       | Tgl jurnal: 03/03/2026   | Penjualan cafe strada SMS tanggal 03/03/2026
  [1268/1355] ✅ DELETED  | 14-04-2026, 19.04.27 WIB | JV.2026.03.00217       | Tgl jurnal: 04/03/2026   | Penjualan cafe strada MKG tanggal 04/03/2026
  [1269/1355] ✅ DELETED  | 14-04-2026, 19.04.27 WIB | JV.2026.03.00216       | Tgl jurnal: 04/03/2026   | Penjualan cafe strada SMS tanggal 04/03/2026
  [1270/1355] ✅ DELETED  | 14-04-2026, 19.04.28 WIB | JV.2026.03.00219       | Tgl jurnal: 05/03/2026   | Penjualan cafe strada MKG tanggal 05/03/2026
  [1271/1355] ✅ DELETED  | 14-04-2026, 19.04.29 WIB | JV.2026.03.00218       | Tgl jurnal: 05/03/2026   | Penjualan cafe strada SMS tanggal 05/03/2026
  [1272/1355] ✅ DELETED  | 14-04-2026, 19.04.30 WIB | JV.2026.03.00222       | Tgl jurnal: 06/03/2026   | Penjualan cafe strada MKG tanggal 06/03/2026
  [1273/1355] ✅ DELETED  | 14-04-2026, 19.04.30 WIB | JV.2026.03.00220       | Tgl jurnal: 06/03/2026   | Penjualan cafe strada SMS tanggal 06/03/2026
  [1274/1355] ✅ DELETED  | 14-04-2026, 19.04.31 WIB | JV.2026.03.00225       | Tgl jurnal: 07/03/2026   | Penjualan cafe strada MKG tanggal 07/03/2026
  [1275/1355] ✅ DELETED  | 14-04-2026, 19.04.32 WIB | JV.2026.03.00223       | Tgl jurnal: 07/03/2026   | Penjualan cafe strada SMS tanggal 07/03/2026
  [1276/1355] ✅ DELETED  | 14-04-2026, 19.04.33 WIB | JV.2026.03.00227       | Tgl jurnal: 08/03/2026   | Penjualan cafe strada MKG tanggal 08/03/2026
  [1277/1355] ✅ DELETED  | 14-04-2026, 19.04.33 WIB | JV.2026.03.00226       | Tgl jurnal: 08/03/2026   | Penjualan cafe strada SMS tanggal 08/03/2026
  [1278/1355] ✅ DELETED  | 14-04-2026, 19.04.34 WIB | JV.2026.03.00252       | Tgl jurnal: 09/03/2026   | Penjualan cafe strada MKG tanggal 09/03/2026
  [1279/1355] ✅ DELETED  | 14-04-2026, 19.04.35 WIB | JV.2026.03.00251       | Tgl jurnal: 09/03/2026   | Penjualan cafe strada SMS tanggal 09/03/2026
  [1280/1355] ✅ DELETED  | 14-04-2026, 19.04.35 WIB | JV.2026.03.00629       | Tgl jurnal: 10/03/2026   | Uang masuk penjualan cafe strada SMS tanggal 09/03/2026
  [1281/1355] ✅ DELETED  | 14-04-2026, 19.04.36 WIB | JV.2026.03.00299       | Tgl jurnal: 10/03/2026   | Penjualan cafe strada MKG tanggal 10/03/2026
  [1282/1355] ✅ DELETED  | 14-04-2026, 19.04.38 WIB | JV.2026.03.00296       | Tgl jurnal: 10/03/2026   | Penjualan cafe strada SMS tanggal 10/03/2026
  [1283/1355] ✅ DELETED  | 14-04-2026, 19.04.38 WIB | JV.2026.03.00628       | Tgl jurnal: 11/03/2026   | Uang masuk penjualan cafe strada SMS tanggal 10/03/2026
  [1284/1355] ✅ DELETED  | 14-04-2026, 19.04.39 WIB | JV.2026.03.00392       | Tgl jurnal: 11/03/2026   | Penjualan cafe strada MKG tanggal 11/03/2026
  [1285/1355] ✅ DELETED  | 14-04-2026, 19.04.40 WIB | JV.2026.03.00391       | Tgl jurnal: 11/03/2026   | Penjualan cafe strada SMS tanggal 11/03/2026
  [1286/1355] ✅ DELETED  | 14-04-2026, 19.04.41 WIB | JV.2026.03.00627       | Tgl jurnal: 12/03/2026   | Uang masuk penjualan cafe strada SMS tanggal 11/03/2026
  [1287/1355] ✅ DELETED  | 14-04-2026, 19.04.41 WIB | JV.2026.03.00626       | Tgl jurnal: 13/03/2026   | Uang masuk penjualan cafe strada SMS tanggal 12/03/20026
  [1288/1355] ✅ DELETED  | 14-04-2026, 19.04.42 WIB | JV.2026.03.00493       | Tgl jurnal: 12/03/2026   | Penjualan cafe strada MKG tanggal 12/03/2026
  [1289/1355] ✅ DELETED  | 14-04-2026, 19.04.43 WIB | JV.2026.03.00492       | Tgl jurnal: 12/03/2026   | Penjualan cafe strada SMS tanggal 12/03/2026
  [1290/1355] ✅ DELETED  | 14-04-2026, 19.04.44 WIB | JV.2026.03.00657       | Tgl jurnal: 13/03/2026   | Penjualan cafe strada MKG tanggal 13/03/2026
  [1291/1355] ✅ DELETED  | 14-04-2026, 19.04.45 WIB | JV.2026.03.00621       | Tgl jurnal: 13/03/2026   | Penjualan cafe strada SMS tanggal 13/03/2026
  [1292/1355] ✅ DELETED  | 14-04-2026, 19.04.45 WIB | JV.2026.03.00623       | Tgl jurnal: 14/03/2026   | Uang masuk penjualan cafe strada SMS tanggal 13/03/2026
  [1293/1355] ✅ DELETED  | 14-04-2026, 19.04.46 WIB | JV.2026.03.00701       | Tgl jurnal: 14/03/2026   | Penjualan cafe strada MKG tanggal 14/03/2026
  [1294/1355] ✅ DELETED  | 14-04-2026, 19.04.47 WIB | JV.2026.03.00700       | Tgl jurnal: 14/03/2026   | Penjualan cafe strada SMS tanggal 14/03/2026
  [1295/1355] ✅ DELETED  | 14-04-2026, 19.04.48 WIB | JV.2026.03.00703       | Tgl jurnal: 15/03/2026   | Penjualan cafe strada MKG tanggal 15/03/2026
  [1296/1355] ✅ DELETED  | 14-04-2026, 19.04.49 WIB | JV.2026.03.00702       | Tgl jurnal: 15/03/2026   | Penjualan cafe strada SMS tanggal 15/03/2026
  [1297/1355] ✅ DELETED  | 14-04-2026, 19.04.49 WIB | JV.2026.03.00705       | Tgl jurnal: 16/03/2026   | Penjualan cafe strada MKG tanggal 16/03/2026
  [1298/1355] ✅ DELETED  | 14-04-2026, 19.04.50 WIB | JV.2026.03.00704       | Tgl jurnal: 16/03/2026   | Penjualan cafe strada SMS tanggal 16/03/2026
  [1299/1355] ✅ DELETED  | 14-04-2026, 19.04.51 WIB | JV.2026.03.00737       | Tgl jurnal: 17/03/2026   | Penjualan cafe strada MKG tanggal 17/03/2026
  [1300/1355] ✅ DELETED  | 14-04-2026, 19.04.51 WIB | JV.2026.03.00736       | Tgl jurnal: 17/03/2026   | Penjualan cafe strada SMS tanggal 17/03/2026
  [1301/1355] ✅ DELETED  | 14-04-2026, 19.04.52 WIB | JV.2026.03.00988       | Tgl jurnal: 18/03/2026   | Penjualan cafe strada MKG tanggal 18/03/2026
  [1302/1355] ✅ DELETED  | 14-04-2026, 19.04.53 WIB | JV.2026.03.01356       | Tgl jurnal: 18/03/2026   | Penjualan cafe strada SMB Gold Lounge tanggal 18/03/2026
  [1303/1355] ✅ DELETED  | 14-04-2026, 19.04.54 WIB | JV.2026.03.01357       | Tgl jurnal: 19/03/2026   | Uang masuk penjualan cafe strada SMB Gold Lounge tanggal 18/03/2026
  [1304/1355] ✅ DELETED  | 14-04-2026, 19.04.54 WIB | JV.2026.03.00987       | Tgl jurnal: 18/03/2026   | Penjualan cafe strada SMS tanggal 18/03/2026
  [1305/1355] ✅ DELETED  | 14-04-2026, 19.04.55 WIB | JV.2026.03.01022       | Tgl jurnal: 19/03/2026   | Penjualan cafe strada MKG tanggal 19/03/2026
  [1306/1355] ✅ DELETED  | 14-04-2026, 19.04.56 WIB | JV.2026.03.01021       | Tgl jurnal: 19/03/2026   | Penjualan cafe strada SMS tanggal 19/03/2026
  [1307/1355] ✅ DELETED  | 14-04-2026, 19.04.57 WIB | JV.2026.03.01024       | Tgl jurnal: 20/03/2026   | Penjualan cafe strada MKG tanggal 20/03/2026
  [1308/1355] ✅ DELETED  | 14-04-2026, 19.04.57 WIB | JV.2026.03.01023       | Tgl jurnal: 20/03/2026   | Penjualan cafe strada SMS tanggal 20/03/2026
  [1309/1355] ✅ DELETED  | 14-04-2026, 19.04.58 WIB | JV.2026.03.01026       | Tgl jurnal: 21/03/2026   | Penjualan cafe strada MKG tanggal 21/03/2026
  [1310/1355] ✅ DELETED  | 14-04-2026, 19.04.59 WIB | JV.2026.03.01025       | Tgl jurnal: 21/03/2026   | Penjualan cafe strada SMS tanggal 21/03/2026
  [1311/1355] ✅ DELETED  | 14-04-2026, 19.05.00 WIB | JV.2026.03.01029       | Tgl jurnal: 22/03/2026   | Penjualan cafe strada MKG tanggal 22/03/2026
  [1312/1355] ✅ DELETED  | 14-04-2026, 19.05.00 WIB | JV.2026.03.01027       | Tgl jurnal: 22/03/2026   | Penjualan cafe strada SMS tanggal 22/03/2026
  [1313/1355] ✅ DELETED  | 14-04-2026, 19.05.01 WIB | JV.2026.03.01032       | Tgl jurnal: 23/03/2026   | Penjualan cafe strada MKG tanggal 23/03/2026
  [1314/1355] ✅ DELETED  | 14-04-2026, 19.05.02 WIB | JV.2026.03.01030       | Tgl jurnal: 23/03/2026   | Penjualan cafe strada SMS tanggal 23/03/2026
  [1315/1355] ✅ DELETED  | 14-04-2026, 19.05.03 WIB | JV.2026.03.01034       | Tgl jurnal: 24/03/2026   | Penjualan cafe strada MKG tanggal 24/03/2026
  [1316/1355] ✅ DELETED  | 14-04-2026, 19.05.03 WIB | JV.2026.03.01033       | Tgl jurnal: 24/03/2026   | Penjualan cafe strada SMS tanggal 24/03/2026
  [1317/1355] ✅ DELETED  | 14-04-2026, 19.05.04 WIB | JV.2026.03.01036       | Tgl jurnal: 25/03/2026   | Penjualan cafe strada MKG tanggal 25/03/2026
  [1318/1355] ✅ DELETED  | 14-04-2026, 19.05.05 WIB | JV.2026.03.01035       | Tgl jurnal: 25/03/2026   | Penjualan cafe strada SMS tanggal 25/03/2026
  [1319/1355] ✅ DELETED  | 14-04-2026, 19.05.06 WIB | JV.2026.03.01085       | Tgl jurnal: 26/03/2026   | Penjualan cafe strada MKG tanggal 26/03/2026
  [1320/1355] ✅ DELETED  | 14-04-2026, 19.05.06 WIB | JV.2026.03.01084       | Tgl jurnal: 26/03/2026   | Penjualan cafe strada SMS tanggal 26/03/2026
  [1321/1355] ✅ DELETED  | 14-04-2026, 19.05.07 WIB | JV.2026.03.01106       | Tgl jurnal: 27/03/2026   | Penjualan cafe strada MKG tanggal 27/03/2026
  [1322/1355] ✅ DELETED  | 14-04-2026, 19.05.08 WIB | JV.2026.03.01105       | Tgl jurnal: 27/03/2026   | Penjualan cafe strada SMS tanggal 27/03/2026
  [1323/1355] ✅ DELETED  | 14-04-2026, 19.05.09 WIB | JV.2026.03.01171       | Tgl jurnal: 28/03/2026   | Penjualan cafe strada MKG tanggal 28/03/2026
  [1324/1355] ✅ DELETED  | 14-04-2026, 19.05.10 WIB | JV.2026.03.01166       | Tgl jurnal: 28/03/2026   | Penjualan cafe strada SMS tanggal 28/03/2026
  [1325/1355] ✅ DELETED  | 14-04-2026, 19.05.11 WIB | JV.2026.03.01176       | Tgl jurnal: 29/03/2026   | Penjualan cafe strada MKG tanggal 29/03/2026
  [1326/1355] ✅ DELETED  | 14-04-2026, 19.05.11 WIB | JV.2026.03.01175       | Tgl jurnal: 29/03/2026   | Penjualan cafe strada SMS tanggal 29/03/2026
  [1327/1355] ✅ DELETED  | 14-04-2026, 19.05.13 WIB | JV.2026.03.01218       | Tgl jurnal: 30/03/2026   | Penjualan cafe strada MKG tanggal 30/03/2026
  [1328/1355] ✅ DELETED  | 14-04-2026, 19.05.13 WIB | JV.2026.03.01217       | Tgl jurnal: 30/03/2026   | Penjualan cafe strada SMS tanggal 30/03/2026
  [1329/1355] ✅ DELETED  | 14-04-2026, 19.05.14 WIB | JV.2026.03.01220       | Tgl jurnal: 31/03/2026   | Penjualan cafe strada MKG tanggal 31/03/2026
  [1330/1355] ✅ DELETED  | 14-04-2026, 19.05.15 WIB | JV.2026.03.01219       | Tgl jurnal: 31/03/2026   | Penjualan cafe strada SMS tanggal 31/03/2026
  [1331/1355] ✅ DELETED  | 14-04-2026, 19.05.15 WIB | JV.2026.04.00044       | Tgl jurnal: 01/04/2026   | Penjualan cafe strada MKG tanggal 01/04/2026
  [1332/1355] ✅ DELETED  | 14-04-2026, 19.05.16 WIB | JV.2026.04.00043       | Tgl jurnal: 01/04/2026   | Penjualan cafe strada SMS tanggal 01/04/2026
  [1333/1355] ✅ DELETED  | 14-04-2026, 19.05.17 WIB | JV.2026.04.00467       | Tgl jurnal: 02/04/2026   | Penjualan cafe strada MKG tanggal 02/04/2026
  [1334/1355] ✅ DELETED  | 14-04-2026, 19.05.18 WIB | JV.2026.04.00466       | Tgl jurnal: 02/04/2026   | Penjualan cafe strada SMS tanggal 02/04/2026
  [1335/1355] ✅ DELETED  | 14-04-2026, 19.05.18 WIB | JV.2026.04.00472       | Tgl jurnal: 03/04/2026   | Penjualan cafe strada MKG tanggal 03/04/2026
  [1336/1355] ✅ DELETED  | 14-04-2026, 19.05.19 WIB | JV.2026.04.00468       | Tgl jurnal: 03/04/2026   | Penjualan cafe strada SMS tanggal 03/04/2026
  [1337/1355] ✅ DELETED  | 14-04-2026, 19.05.20 WIB | JV.2026.04.00474       | Tgl jurnal: 04/04/2026   | Penjualan cafe strada MKG tanggal 04/04/2026
  [1338/1355] ✅ DELETED  | 14-04-2026, 19.05.21 WIB | JV.2026.04.00473       | Tgl jurnal: 04/04/2026   | Penjualan cafe strada SMS tanggal 04/04/2026
  [1339/1355] ✅ DELETED  | 14-04-2026, 19.05.21 WIB | JV.2026.04.00477       | Tgl jurnal: 05/04/2026   | Penjualan cafe strada MKG tanggal 05/04/2026
  [1340/1355] ✅ DELETED  | 14-04-2026, 19.05.22 WIB | JV.2026.04.00475       | Tgl jurnal: 05/04/2026   | Penjualan cafe strada SMS tanggal 05/04/2026
  [1341/1355] ✅ DELETED  | 14-04-2026, 19.05.23 WIB | JV.2026.04.00479       | Tgl jurnal: 06/04/2026   | Penjualan cafe strada MKG tanggal 06/04/2026
  [1342/1355] ✅ DELETED  | 14-04-2026, 19.05.24 WIB | JV.2026.04.00478       | Tgl jurnal: 06/04/2026   | Penjualan cafe strada SMS tanggal 06/04/2026
  [1343/1355] ✅ DELETED  | 14-04-2026, 19.05.25 WIB | JV.2026.04.00482       | Tgl jurnal: 07/04/2026   | Penjualan cafe strada MKG tanggal 07/04/2026
  [1344/1355] ✅ DELETED  | 14-04-2026, 19.05.26 WIB | JV.2026.04.00481       | Tgl jurnal: 07/04/2026   | Penjualan cafe strada SMS tanggal 07/04/2026
  [1345/1355] ✅ DELETED  | 14-04-2026, 19.05.27 WIB | JV.2026.04.00339       | Tgl jurnal: 08/04/2026   | Penjualan cafe strada MKG tanggal 08/04/2026
  [1346/1355] ✅ DELETED  | 14-04-2026, 19.05.28 WIB | JV.2026.04.00340       | Tgl jurnal: 09/04/2026   | Uang masuk penjualan cafe strada MKG tanggal 08/04/2026
  [1347/1355] ✅ DELETED  | 14-04-2026, 19.05.28 WIB | JV.2026.04.00484       | Tgl jurnal: 08/04/2026   | Penjualan cafe strada SMS tanggal 08/04/2026
  [1348/1355] ✅ DELETED  | 14-04-2026, 19.05.29 WIB | JV.2026.04.00487       | Tgl jurnal: 09/04/2026   | Penjualan cafe strada MKG tanggal 09/04/2026
  [1349/1355] ✅ DELETED  | 14-04-2026, 19.05.30 WIB | JV.2026.04.00486       | Tgl jurnal: 09/04/2026   | Penjualan cafe strada SMS tanggal 09/04/2026
  [1350/1355] ✅ DELETED  | 14-04-2026, 19.05.31 WIB | JV.2026.04.00544       | Tgl jurnal: 10/04/2026   | Penjualan cafe strada MKG tanggal 10/04/2026
  [1351/1355] ✅ DELETED  | 14-04-2026, 19.05.31 WIB | JV.2026.04.00543       | Tgl jurnal: 10/04/2026   | Penjualan cafe strada SMS tanggal 10/04/2026
  [1352/1355] ✅ DELETED  | 14-04-2026, 19.05.32 WIB | JV.2025.12.01385       | Tgl jurnal: 01/12/2025   | Penjualan cafe strada MKG tanggal 01/12/2026
  [1353/1355] ✅ DELETED  | 14-04-2026, 19.05.33 WIB | JV.2025.12.01386       | Tgl jurnal: 02/12/2025   | Penjualan cafe strada MKG tanggal 02/12/2026
  [1354/1355] ✅ DELETED  | 14-04-2026, 19.05.34 WIB | JV.2025.12.01387       | Tgl jurnal: 03/12/2025   | Penjualan cafe strada MKG tanggal 03/12/2026
  [1355/1355] ✅ DELETED  | 14-04-2026, 19.05.35 WIB | JV.2025.12.01410       | Tgl jurnal: 25/12/2025   | Penjualan cafe strada MKG tanggal 25/12/2026

──────────────────────────────────────────────────────────────────────
RINGKASAN AKHIR
──────────────────────────────────────────────────────────────────────
Selesai pada : 14-04-2026, 19.05.35 WIB
Total proses : 1355
Berhasil     : 1355
Gagal        : 0
Tidak ada    : 0
Log tersimpan: /Users/questmotors/strada-brew/scripts/finance/logs/mass_delete_20260414_183722.log
