BREW — Mass Patch Uang Masuk (Kas Besar → Bank BCA)
Mode       : ✏️  LIVE — akan menyimpan ke Accurate
Filter tgl : 2025-02-01 s/d 2026-04-12 (tanggal di keterangan jurnal)
Filter toko: Semua toko
Dijalankan : 17-04-2026, 12.48.52 WIB
Log file   : /Users/questmotors/strada-brew/scripts/finance/logs/mass_patch_uang_masuk_20260417_124852.log

Tabel remap DEBIT:
  1000.01.01   → 1000.02.01
  1000.01.10   → 1000.02.06
  1000.01.11   → 1000.02.04
  1000.01.12   → 1000.02.07
  1000.01.13   → 1000.02.08
  1000.01.14   → 1000.02.04

Menghubungkan ke Accurate...
✅ Terhubung. Session: a06e43cd-cf3a-417e-a6ef-f90e75576f3f

──────────────────────────────────────────────────────────────────────
FASE 1 — AMBIL DAFTAR JURNAL
──────────────────────────────────────────────────────────────────────
Mencari jurnal dengan keyword: "BREW - UANG MASUK" (tanggal: 2025-02-01 s/d 2026-04-12) ...
  Halaman 1: 100 total, 94 cocok (kumulatif: 94)
  Halaman 2: 100 total, 100 cocok (kumulatif: 194)
  Halaman 3: 100 total, 100 cocok (kumulatif: 294)
  Halaman 4: 100 total, 100 cocok (kumulatif: 394)
  Halaman 5: 100 total, 100 cocok (kumulatif: 494)
  Halaman 6: 100 total, 100 cocok (kumulatif: 594)
  Halaman 7: 100 total, 100 cocok (kumulatif: 694)
  Halaman 8: 100 total, 100 cocok (kumulatif: 794)
  Halaman 9: 100 total, 100 cocok (kumulatif: 894)
  Halaman 10: 100 total, 100 cocok (kumulatif: 994)
  Halaman 11: 100 total, 100 cocok (kumulatif: 1094)
  Halaman 12: 100 total, 100 cocok (kumulatif: 1194)
  Halaman 13: 100 total, 100 cocok (kumulatif: 1294)
  Halaman 14: 100 total, 47 cocok (kumulatif: 1341)
  Halaman 15: 6 total, 0 cocok (kumulatif: 1341)

Total jurnal ditemukan: 1341

──────────────────────────────────────────────────────────────────────
FASE 2 — PREVIEW (ambil detail & identifikasi perubahan)
──────────────────────────────────────────────────────────────────────

  ⏭️  SKIP (no Kas Besar DEBIT)  86574                     | BREW - UANG MASUK STRADA LA.PIAZZA 12/04/2026

  ⏭️  SKIP (no Kas Besar DEBIT)  85477                     | BREW - UANG MASUK STRADA BSD 12/04/2026

  ⏭️  SKIP (no Kas Besar DEBIT)  85073                     | BREW - UANG MASUK STRADA SMS 12/04/2026

  ⏭️  SKIP (no Kas Besar DEBIT)  84564                     | BREW - UANG MASUK STRADA MKG 12/04/2026

  ⏭️  SKIP (no Kas Besar DEBIT)  86653                     | BREW - UANG MASUK STRADA LA.PIAZZA 11/04/2026

  ⏭️  SKIP (no Kas Besar DEBIT)  85551                     | BREW - UANG MASUK STRADA BSD 11/04/2026

  ⏭️  SKIP (no Kas Besar DEBIT)  85169                     | BREW - UANG MASUK STRADA SMS 11/04/2026

  ⏭️  SKIP (no Kas Besar DEBIT)  84619                     | BREW - UANG MASUK STRADA MKG 11/04/2026

  ⏭️  SKIP (no Kas Besar DEBIT)  86572                     | BREW - UANG MASUK STRADA LA.PIAZZA 10/04/2026

  ⏭️  SKIP (no Kas Besar DEBIT)  85299                     | BREW - UANG MASUK STRADA BSD 10/04/2026

  ⏭️  SKIP (no Kas Besar DEBIT)  84994                     | BREW - UANG MASUK STRADA SMS 10/04/2026

  ⏭️  SKIP (no Kas Besar DEBIT)  84563                     | BREW - UANG MASUK STRADA MKG 10/04/2026

  ⏭️  SKIP (no Kas Besar DEBIT)  83927                     | BREW - Uang masuk penjualan cafe LA.PIAZZA tanggal 10/04/2026

  ⏭️  SKIP (no Kas Besar DEBIT)  86607                     | BREW - UANG MASUK STRADA LA.PIAZZA 09/04/2026

  ⏭️  SKIP (no Kas Besar DEBIT)  85541                     | BREW - UANG MASUK STRADA SMB 09/04/2026

  ⏭️  SKIP (no Kas Besar DEBIT)  85095                     | BREW - UANG MASUK STRADA BSD 09/04/2026

  ⏭️  SKIP (no Kas Besar DEBIT)  84959                     | BREW - UANG MASUK STRADA SMB GOLD LOUNGE 09/04/2026

  ⏭️  SKIP (no Kas Besar DEBIT)  84956                     | BREW - UANG MASUK STRADA SMS 09/04/2026

  ⏭️  SKIP (no Kas Besar DEBIT)  84441                     | BREW - UANG MASUK STRADA MKG 09/04/2026

  ⏭️  SKIP (no Kas Besar DEBIT)  86390                     | BREW - UANG MASUK STRADA LA.PIAZZA 08/04/2026

  ⏭️  SKIP (no Kas Besar DEBIT)  85540                     | BREW - UANG MASUK STRADA SMB 08/04/2026

  ⏭️  SKIP (no Kas Besar DEBIT)  85313                     | BREW - UANG MASUK STRADA BSD 08/04/2026

  ⏭️  SKIP (no Kas Besar DEBIT)  84796                     | BREW - UANG MASUK STRADA SMB GOLD LOUNGE 08/04/2026

  ⏭️  SKIP (no Kas Besar DEBIT)  84834                     | BREW - UANG MASUK STRADA SMS 08/04/2026

  ⏭️  SKIP (no Kas Besar DEBIT)  84546                     | BREW - UANG MASUK STRADA MKG 08/04/2026

  ⏭️  SKIP (no Kas Besar DEBIT)  86571                     | BREW - UANG MASUK STRADA LA.PIAZZA 07/04/2026

  ⏭️  SKIP (no Kas Besar DEBIT)  85539                     | BREW - UANG MASUK STRADA SMB 07/04/2026

  ⏭️  SKIP (no Kas Besar DEBIT)  85518                     | BREW - UANG MASUK STRADA BSD 07/04/2026

  ⏭️  SKIP (no Kas Besar DEBIT)  85224                     | BREW - UANG MASUK STRADA SMB GOLD LOUNGE 07/04/2026

  ⏭️  SKIP (no Kas Besar DEBIT)  84740                     | BREW - UANG MASUK STRADA SMS 07/04/2026

  ⏭️  SKIP (no Kas Besar DEBIT)  84701                     | BREW - UANG MASUK STRADA MKG 07/04/2026

  ⏭️  SKIP (no Kas Besar DEBIT)  83783                     | BREW - Uang masuk penjualan cafe LA.PIAZZA tanggal 08/04/2026

  ⏭️  SKIP (no Kas Besar DEBIT)  86540                     | BREW - UANG MASUK STRADA LA.PIAZZA 06/04/2026

  ⏭️  SKIP (no Kas Besar DEBIT)  85497                     | BREW - UANG MASUK STRADA SMB 06/04/2026

  ⏭️  SKIP (no Kas Besar DEBIT)  85296                     | BREW - UANG MASUK STRADA BSD 06/04/2026

  ⏭️  SKIP (no Kas Besar DEBIT)  84861                     | BREW - UANG MASUK STRADA SMB GOLD LOUNGE 06/04/2026

  ⏭️  SKIP (no Kas Besar DEBIT)  84904                     | BREW - UANG MASUK STRADA SMS 06/04/2026

  ⏭️  SKIP (no Kas Besar DEBIT)  84440                     | BREW - UANG MASUK STRADA MKG 06/04/2026

  ⏭️  SKIP (no Kas Besar DEBIT)  86499                     | BREW - UANG MASUK STRADA LA.PIAZZA 05/04/2026

  ⏭️  SKIP (no Kas Besar DEBIT)  85378                     | BREW - UANG MASUK STRADA SMB 05/04/2026

  ⏭️  SKIP (no Kas Besar DEBIT)  85475                     | BREW - UANG MASUK STRADA BSD 05/04/2026

  ⏭️  SKIP (no Kas Besar DEBIT)  84891                     | BREW - UANG MASUK STRADA SMS 05/04/2026

  ⏭️  SKIP (no Kas Besar DEBIT)  85007                     | BREW - UANG MASUK STRADA SMB GOLD LOUNGE 05/04/2026

  ⏭️  SKIP (no Kas Besar DEBIT)  84617                     | BREW - UANG MASUK STRADA MKG 05/04/2026

  ⏭️  SKIP (no Kas Besar DEBIT)  86498                     | BREW - UANG MASUK STRADA LA.PIAZZA 04/04/2026

  ⏭️  SKIP (no Kas Besar DEBIT)  85494                     | BREW - UANG MASUK STRADA SMB 04/04/2026

  ⏭️  SKIP (no Kas Besar DEBIT)  85474                     | BREW - UANG MASUK STRADA BSD 04/04/2026

  ⏭️  SKIP (no Kas Besar DEBIT)  85168                     | BREW - UANG MASUK STRADA SMS 04/04/2026

  ⏭️  SKIP (no Kas Besar DEBIT)  84794                     | BREW - UANG MASUK STRADA SMB GOLD LOUNGE 04/04/2026

  ⏭️  SKIP (no Kas Besar DEBIT)  84544                     | BREW - UANG MASUK STRADA MKG 04/04/2026

  ⏭️  SKIP (no Kas Besar DEBIT)  85493                     | BREW - UANG MASUK STRADA SMB 03/04/2026

  ⏭️  SKIP (no Kas Besar DEBIT)  85516                     | BREW - UANG MASUK STRADA BSD 03/04/2026

  ⏭️  SKIP (no Kas Besar DEBIT)  85166                     | BREW - UANG MASUK STRADA SMS 03/04/2026

  ⏭️  SKIP (no Kas Besar DEBIT)  84793                     | BREW - UANG MASUK STRADA SMB GOLD LOUNGE 03/04/2026

  ⏭️  SKIP (no Kas Besar DEBIT)  84656                     | BREW - UANG MASUK STRADA MKG 03/04/2026

  ⏭️  SKIP (no Kas Besar DEBIT)  84051                     | BREW - Uang masuk penjualan cafe LA.PIAZZA tanggal 03/04/2026

  ⏭️  SKIP (no Kas Besar DEBIT)  86388                     | BREW - UANG MASUK STRADA LA.PIAZZA 02/04/2026

  ⏭️  SKIP (no Kas Besar DEBIT)  85295                     | BREW - UANG MASUK STRADA BSD 02/04/2026

  ⏭️  SKIP (no Kas Besar DEBIT)  85174                     | BREW - UANG MASUK STRADA SMB GOLD LOUNGE 02/04/2026

  ⏭️  SKIP (no Kas Besar DEBIT)  84903                     | BREW - UANG MASUK STRADA SMS 02/04/2026

  ⏭️  SKIP (no Kas Besar DEBIT)  84560                     | BREW - UANG MASUK STRADA MKG 02/04/2026

  ⏭️  SKIP (no Kas Besar DEBIT)  86604                     | BREW - UANG MASUK STRADA LA.PIAZZA 01/04/2026

  ⏭️  SKIP (no Kas Besar DEBIT)  85538                     | BREW - UANG MASUK STRADA SMB 01/04/2026

  ⏭️  SKIP (no Kas Besar DEBIT)  85515                     | BREW - UANG MASUK STRADA BSD 01/04/2026

  ⏭️  SKIP (no Kas Besar DEBIT)  84792                     | BREW - UANG MASUK STRADA SMB GOLD LOUNGE 01/04/2026

  ⏭️  SKIP (no Kas Besar DEBIT)  84717                     | BREW - UANG MASUK STRADA SMS 01/04/2026

  ⏭️  SKIP (no Kas Besar DEBIT)  84615                     | BREW - UANG MASUK STRADA MKG 01/04/2026

  ⏭️  SKIP (no Kas Besar DEBIT)  86496                     | BREW - UANG MASUK STRADA LA.PIAZZA 31/03/2026

  ⏭️  SKIP (no Kas Besar DEBIT)  85376                     | BREW - UANG MASUK STRADA SMB 31/03/2026

  ⏭️  SKIP (no Kas Besar DEBIT)  85514                     | BREW - UANG MASUK STRADA BSD 31/03/2026

  ⏭️  SKIP (no Kas Besar DEBIT)  84790                     | BREW - UANG MASUK STRADA SMB GOLD LOUNGE 31/03/2026

  ⏭️  SKIP (no Kas Besar DEBIT)  85002                     | BREW - UANG MASUK STRADA SMS 31/03/2026

  ⏭️  SKIP (no Kas Besar DEBIT)  84654                     | BREW - UANG MASUK STRADA MKG 31/03/2026

  ⏭️  SKIP (no Kas Besar DEBIT)  86387                     | BREW - UANG MASUK STRADA LA.PIAZZA 30/03/2026

  ⏭️  SKIP (no Kas Besar DEBIT)  85375                     | BREW - UANG MASUK STRADA SMB 30/03/2026

  ⏭️  SKIP (no Kas Besar DEBIT)  85472                     | BREW - UANG MASUK STRADA BSD 30/03/2026

  ⏭️  SKIP (no Kas Besar DEBIT)  84789                     | BREW - UANG MASUK STRADA SMB GOLD LOUNGE 30/03/2026

  ⏭️  SKIP (no Kas Besar DEBIT)  84953                     | BREW - UANG MASUK STRADA SMS 30/03/2026

  ⏭️  SKIP (no Kas Besar DEBIT)  84438                     | BREW - UANG MASUK STRADA MKG 30/03/2026

  ⏭️  SKIP (no Kas Besar DEBIT)  86603                     | BREW - UANG MASUK STRADA LA.PIAZZA 29/03/2026

  ⏭️  SKIP (no Kas Besar DEBIT)  85607                     | BREW - UANG MASUK STRADA SMB 29/03/2026

  ⏭️  SKIP (no Kas Besar DEBIT)  85093                     | BREW - UANG MASUK STRADA BSD 29/03/2026

  ⏭️  SKIP (no Kas Besar DEBIT)  85173                     | BREW - UANG MASUK STRADA SMB GOLD LOUNGE 29/03/2026

  ⏭️  SKIP (no Kas Besar DEBIT)  84993                     | BREW - UANG MASUK STRADA SMS 29/03/2026

  ⏭️  SKIP (no Kas Besar DEBIT)  84614                     | BREW - UANG MASUK STRADA MKG 29/03/2026

  ⏭️  SKIP (no Kas Besar DEBIT)  86385                     | BREW - UANG MASUK STRADA LA.PIAZZA 28/03/2026

  ⏭️  SKIP (no Kas Besar DEBIT)  85490                     | BREW - UANG MASUK STRADA SMB 28/03/2026

  ⏭️  SKIP (no Kas Besar DEBIT)  85469                     | BREW - UANG MASUK STRADA BSD 28/03/2026

  ⏭️  SKIP (no Kas Besar DEBIT)  85250                     | BREW - UANG MASUK STRADA SMB GOLD LOUNGE 28/03/2026

  ⏭️  SKIP (no Kas Besar DEBIT)  85216                     | BREW - UANG MASUK STRADA SMS 28/03/2026

  ⏭️  SKIP (no Kas Besar DEBIT)  84612                     | BREW - UANG MASUK STRADA MKG 28/03/2026

  ⏭️  SKIP (no Kas Besar DEBIT)  86537                     | BREW - UANG MASUK STRADA LA.PIAZZA 27/03/2026

  ⏭️  SKIP (no Kas Besar DEBIT)  85223                     | BREW - UANG MASUK STRADA SMB GOLD LOUNGE 27/03/2026

  ⏭️  SKIP (no Kas Besar DEBIT)  84858                     | BREW - UANG MASUK STRADA SMS 27/03/2026

  ⏭️  SKIP (no Kas Besar DEBIT)  84437                     | BREW - UANG MASUK STRADA MKG 27/03/2026

  ⏭️  SKIP (no Kas Besar DEBIT)  86601                     | BREW - UANG MASUK STRADA LA.PIAZZA 26/03/2026

  ⏭️  SKIP (no Kas Besar DEBIT)  85513                     | BREW - UANG MASUK STRADA BSD 26/03/2026

  ⏭️  SKIP (no Kas Besar DEBIT)  84957                     | BREW - UANG MASUK STRADA SMB GOLD LOUNGE 26/03/2026

  ⏭️  SKIP (no Kas Besar DEBIT)  84952                     | BREW - UANG MASUK STRADA SMS 26/03/2026

  ⏭️  SKIP (no Kas Besar DEBIT)  84651                     | BREW - UANG MASUK STRADA MKG 26/03/2026

  ⏭️  SKIP (no Kas Besar DEBIT)  86536                     | BREW - UANG MASUK STRADA LA.PIAZZA 25/03/2026

  ⏭️  SKIP (no Kas Besar DEBIT)  85374                     | BREW - UANG MASUK STRADA SMB 25/03/2026

  ⏭️  SKIP (no Kas Besar DEBIT)  85511                     | BREW - UANG MASUK STRADA BSD 25/03/2026

  ⏭️  SKIP (no Kas Besar DEBIT)  84739                     | BREW - UANG MASUK STRADA SMS 25/03/2026

  ⏭️  SKIP (no Kas Besar DEBIT)  85005                     | BREW - UANG MASUK STRADA SMB GOLD LOUNGE 25/03/2026

  ⏭️  SKIP (no Kas Besar DEBIT)  84609                     | BREW - UANG MASUK STRADA MKG 25/03/2026

  ⏭️  SKIP (no Kas Besar DEBIT)  86600                     | BREW - UANG MASUK STRADA LA.PIAZZA 24/03/2026

  ⏭️  SKIP (no Kas Besar DEBIT)  85568                     | BREW - UANG MASUK STRADA SMB 24/03/2026

  ⏭️  SKIP (no Kas Besar DEBIT)  85467                     | BREW - UANG MASUK STRADA BSD 24/03/2026

  ⏭️  SKIP (no Kas Besar DEBIT)  84893                     | BREW - UANG MASUK STRADA SMB GOLD LOUNGE 24/03/2026

  ⏭️  SKIP (no Kas Besar DEBIT)  84992                     | BREW - UANG MASUK STRADA SMS 24/03/2026

  ⏭️  SKIP (no Kas Besar DEBIT)  84608                     | BREW - UANG MASUK STRADA MKG 24/03/2026

  ⏭️  SKIP (no Kas Besar DEBIT)  86535                     | BREW - UANG MASUK STRADA LA.PIAZZA 23/03/2026

  ⏭️  SKIP (no Kas Besar DEBIT)  85421                     | BREW - UANG MASUK STRADA SMB 23/03/2026

  ⏭️  SKIP (no Kas Besar DEBIT)  85465                     | BREW - UANG MASUK STRADA BSD 23/03/2026

  ⏭️  SKIP (no Kas Besar DEBIT)  85172                     | BREW - UANG MASUK STRADA SMB GOLD LOUNGE 23/03/2026

  ⏭️  SKIP (no Kas Besar DEBIT)  84951                     | BREW - UANG MASUK STRADA SMS 23/03/2026

  ⏭️  SKIP (no Kas Besar DEBIT)  84543                     | BREW - UANG MASUK STRADA MKG 23/03/2026

  ⏭️  SKIP (no Kas Besar DEBIT)  86534                     | BREW - UANG MASUK STRADA LA.PIAZZA 22/03/2026

  ⏭️  SKIP (no Kas Besar DEBIT)  85326                     | BREW - UANG MASUK STRADA SMB 22/03/2026

  ⏭️  SKIP (no Kas Besar DEBIT)  85294                     | BREW - UANG MASUK STRADA BSD 22/03/2026

  ⏭️  SKIP (no Kas Besar DEBIT)  85171                     | BREW - UANG MASUK STRADA SMB GOLD LOUNGE 22/03/2026

  ⏭️  SKIP (no Kas Besar DEBIT)  84715                     | BREW - UANG MASUK STRADA SMS 22/03/2026

  ⏭️  SKIP (no Kas Besar DEBIT)  84557                     | BREW - UANG MASUK STRADA MKG 22/03/2026

  ⏭️  SKIP (no Kas Besar DEBIT)  86491                     | BREW - UANG MASUK STRADA LA.PIAZZA 21/03/2026

  ⏭️  SKIP (no Kas Besar DEBIT)  85420                     | BREW - UANG MASUK STRADA SMB 21/03/2026

  ⏭️  SKIP (no Kas Besar DEBIT)  85363                     | BREW - UANG MASUK STRADA BSD 21/03/2026

  ⏭️  SKIP (no Kas Besar DEBIT)  84741                     | BREW - UANG MASUK STRADA SMB GOLD LOUNGE 21/03/2026

  ⏭️  SKIP (no Kas Besar DEBIT)  84991                     | BREW - UANG MASUK STRADA SMS 21/03/2026

  ⏭️  SKIP (no Kas Besar DEBIT)  84239                     | BREW - UANG MASUK STRADA MKG 21/03/2026

  ⏭️  SKIP (no Kas Besar DEBIT)  86533                     | BREW - UANG MASUK STRADA LA.PIAZZA 20/03/2026

  ⏭️  SKIP (no Kas Besar DEBIT)  85325                     | BREW - UANG MASUK STRADA SMB 20/03/2026

  ⏭️  SKIP (no Kas Besar DEBIT)  85362                     | BREW - UANG MASUK STRADA BSD 20/03/2026

  ⏭️  SKIP (no Kas Besar DEBIT)  85221                     | BREW - UANG MASUK STRADA SMB GOLD LOUNGE 20/03/2026

  ⏭️  SKIP (no Kas Besar DEBIT)  85000                     | BREW - UANG MASUK STRADA SMS 20/03/2026

  ⏭️  SKIP (no Kas Besar DEBIT)  84498                     | BREW - UANG MASUK STRADA MKG 20/03/2026

  ⏭️  SKIP (no Kas Besar DEBIT)  86448                     | BREW - UANG MASUK STRADA LA.PIAZZA 19/03/2026

  ⏭️  SKIP (no Kas Besar DEBIT)  85419                     | BREW - UANG MASUK STRADA SMB 19/03/2026

  ⏭️  SKIP (no Kas Besar DEBIT)  85464                     | BREW - UANG MASUK STRADA BSD 19/03/2026

  ⏭️  SKIP (no Kas Besar DEBIT)  85148                     | BREW - UANG MASUK STRADA SMB GOLD LOUNGE 19/03/2026

  ⏭️  SKIP (no Kas Besar DEBIT)  85165                     | BREW - UANG MASUK STRADA SMS 19/03/2026

  ⏭️  SKIP (no Kas Besar DEBIT)  84435                     | BREW - UANG MASUK STRADA MKG 19/03/2026

  ⏭️  SKIP (no Kas Besar DEBIT)  86447                     | BREW - UANG MASUK STRADA LA.PIAZZA 18/03/2026

  ⏭️  SKIP (no Kas Besar DEBIT)  85535                     | BREW - UANG MASUK STRADA SMB 18/03/2026

  ⏭️  SKIP (no Kas Besar DEBIT)  85310                     | BREW - UANG MASUK STRADA BSD 18/03/2026

  ⏭️  SKIP (no Kas Besar DEBIT)  84995                     | BREW - UANG MASUK STRADA SMB GOLD LOUNGE 18/03/2026

  ⏭️  SKIP (no Kas Besar DEBIT)  85164                     | BREW - UANG MASUK STRADA SMS 18/03/2026

  ⏭️  SKIP (no Kas Besar DEBIT)  84238                     | BREW - UANG MASUK STRADA MKG 18/03/2026

  ⏭️  SKIP (no Kas Besar DEBIT)  86530                     | BREW - UANG MASUK STRADA LA.PIAZZA 17/03/2026

  ⏭️  SKIP (no Kas Besar DEBIT)  85565                     | BREW - UANG MASUK STRADA SMB 17/03/2026

  ⏭️  SKIP (no Kas Besar DEBIT)  85463                     | BREW - UANG MASUK STRADA BSD 17/03/2026

  ⏭️  SKIP (no Kas Besar DEBIT)  84786                     | BREW - UANG MASUK STRADA SMS 17/03/2026

  ⏭️  SKIP (no Kas Besar DEBIT)  84434                     | BREW - UANG MASUK STRADA MKG 17/03/2026

  ⏭️  SKIP (no Kas Besar DEBIT)  86490                     | BREW - UANG MASUK STRADA LA.PIAZZA 16/03/2026

  ⏭️  SKIP (no Kas Besar DEBIT)  85563                     | BREW - UANG MASUK STRADA SMB 16/03/2026

  ⏭️  SKIP (no Kas Besar DEBIT)  85408                     | BREW - UANG MASUK STRADA BSD 16/03/2026

  ⏭️  SKIP (no Kas Besar DEBIT)  84832                     | BREW - UANG MASUK STRADA SMS 16/03/2026

  ⏭️  SKIP (no Kas Besar DEBIT)  84497                     | BREW - UANG MASUK STRADA MKG 16/03/2026

  ⏭️  SKIP (no Kas Besar DEBIT)  86445                     | BREW - UANG MASUK STRADA LA.PIAZZA 15/03/2026

  ⏭️  SKIP (no Kas Besar DEBIT)  85488                     | BREW - UANG MASUK STRADA SMB 15/03/2026

  ⏭️  SKIP (no Kas Besar DEBIT)  85309                     | BREW - UANG MASUK STRADA BSD 15/03/2026

  ⏭️  SKIP (no Kas Besar DEBIT)  85163                     | BREW - UANG MASUK STRADA SMS 15/03/2026

  ⏭️  SKIP (no Kas Besar DEBIT)  84237                     | BREW - UANG MASUK STRADA MKG 15/03/2026

  ⏭️  SKIP (no Kas Besar DEBIT)  86489                     | BREW - UANG MASUK STRADA LA.PIAZZA 14/03/2026

  ⏭️  SKIP (no Kas Besar DEBIT)  85561                     | BREW - UANG MASUK STRADA SMB 14/03/2026

  ⏭️  SKIP (no Kas Besar DEBIT)  85290                     | BREW - UANG MASUK STRADA BSD 14/03/2026

  ⏭️  SKIP (no Kas Besar DEBIT)  84988                     | BREW - UANG MASUK STRADA SMS 14/03/2026

  ⏭️  SKIP (no Kas Besar DEBIT)  84555                     | BREW - UANG MASUK STRADA MKG 14/03/2026

  ⏭️  SKIP (no Kas Besar DEBIT)  86528                     | BREW - UANG MASUK STRADA LA.PIAZZA 13/03/2026

  ⏭️  SKIP (no Kas Besar DEBIT)  85604                     | BREW - UANG MASUK STRADA SMB 13/03/2026

  ⏭️  SKIP (no Kas Besar DEBIT)  85213                     | BREW - UANG MASUK STRADA SMS 13/03/2026

  ⏭️  SKIP (no Kas Besar DEBIT)  85011                     | BREW - UANG MASUK STRADA BSD 13/03/2026

  ⏭️  SKIP (no Kas Besar DEBIT)  84236                     | BREW - UANG MASUK STRADA MKG 13/03/2026

  ⏭️  SKIP (no Kas Besar DEBIT)  86527                     | BREW - UANG MASUK STRADA LA.PIAZZA 12/03/2026

  ⏭️  SKIP (no Kas Besar DEBIT)  85324                     | BREW - UANG MASUK STRADA SMB 12/03/2026

  ⏭️  SKIP (no Kas Besar DEBIT)  85289                     | BREW - UANG MASUK STRADA BSD 12/03/2026

  ⏭️  SKIP (no Kas Besar DEBIT)  84831                     | BREW - UANG MASUK STRADA SMS 12/03/2026

  ⏭️  SKIP (no Kas Besar DEBIT)  84496                     | BREW - UANG MASUK STRADA MKG 12/03/2026

  ⏭️  SKIP (no Kas Besar DEBIT)  86486                     | BREW - UANG MASUK STRADA LA.PIAZZA 11/03/2026

  ⏭️  SKIP (no Kas Besar DEBIT)  85288                     | BREW - UANG MASUK STRADA BSD 11/03/2026

  ⏭️  SKIP (no Kas Besar DEBIT)  85212                     | BREW - UANG MASUK STRADA SMS 11/03/2026

  ⏭️  SKIP (no Kas Besar DEBIT)  84296                     | BREW - UANG MASUK STRADA MKG 11/03/2026

  ⏭️  SKIP (no Kas Besar DEBIT)  86485                     | BREW - UANG MASUK STRADA LA.PIAZZA 10/03/2026

  ⏭️  SKIP (no Kas Besar DEBIT)  85560                     | BREW - UANG MASUK STRADA SMB 10/03/2026

  ⏭️  SKIP (no Kas Besar DEBIT)  85460                     | BREW - UANG MASUK STRADA BSD 10/03/2026

  ⏭️  SKIP (no Kas Besar DEBIT)  84950                     | BREW - UANG MASUK STRADA SMS 10/03/2026

  ⏭️  SKIP (no Kas Besar DEBIT)  84539                     | BREW - UANG MASUK STRADA MKG 10/03/2026

  ⏭️  SKIP (no Kas Besar DEBIT)  86379                     | BREW - UANG MASUK STRADA LA.PIAZZA 09/03/2026

  ⏭️  SKIP (no Kas Besar DEBIT)  85559                     | BREW - UANG MASUK STRADA SMB 09/03/2026

  ⏭️  SKIP (no Kas Besar DEBIT)  85286                     | BREW - UANG MASUK STRADA BSD 09/03/2026

  ⏭️  SKIP (no Kas Besar DEBIT)  85071                     | BREW - UANG MASUK STRADA SMS 09/03/2026

  ⏭️  SKIP (no Kas Besar DEBIT)  84433                     | BREW - UANG MASUK STRADA MKG 09/03/2026

  ⏭️  SKIP (no Kas Besar DEBIT)  86484                     | BREW - UANG MASUK STRADA LA.PIAZZA 08/03/2026

  ⏭️  SKIP (no Kas Besar DEBIT)  85558                     | BREW - UANG MASUK STRADA SMB 08/03/2026

  ⏭️  SKIP (no Kas Besar DEBIT)  85458                     | BREW - UANG MASUK STRADA BSD 08/03/2026

  ⏭️  SKIP (no Kas Besar DEBIT)  85161                     | BREW - UANG MASUK STRADA SMS 08/03/2026

  ⏭️  SKIP (no Kas Besar DEBIT)  84295                     | BREW - UANG MASUK STRADA MKG 08/03/2026

  ⏭️  SKIP (no Kas Besar DEBIT)  86524                     | BREW - UANG MASUK STRADA LA.PIAZZA 07/03/2026

  ⏭️  SKIP (no Kas Besar DEBIT)  85720                     | BREW - UANG MASUK STRADA SMB 07/03/2026

  ⏭️  SKIP (no Kas Besar DEBIT)  85360                     | BREW - UANG MASUK STRADA BSD 07/03/2026

  ⏭️  SKIP (no Kas Besar DEBIT)  84987                     | BREW - UANG MASUK STRADA SMS 07/03/2026

  ⏭️  SKIP (no Kas Besar DEBIT)  84536                     | BREW - UANG MASUK STRADA MKG 07/03/2026

  ⏭️  SKIP (no Kas Besar DEBIT)  86442                     | BREW - UANG MASUK STRADA LA.PIAZZA 06/03/2026

  ⏭️  SKIP (no Kas Besar DEBIT)  85602                     | BREW - UANG MASUK STRADA SMB 06/03/2026

  ⏭️  SKIP (no Kas Besar DEBIT)  85359                     | BREW - UANG MASUK STRADA BSD 06/03/2026

  ⏭️  SKIP (no Kas Besar DEBIT)  84830                     | BREW - UANG MASUK STRADA SMS 06/03/2026

  ⏭️  SKIP (no Kas Besar DEBIT)  84494                     | BREW - UANG MASUK STRADA MKG 06/03/2026

  ⏭️  SKIP (no Kas Besar DEBIT)  85371                     | BREW - UANG MASUK STRADA SMB 05/03/2026

  ⏭️  SKIP (no Kas Besar DEBIT)  85284                     | BREW - UANG MASUK STRADA BSD 05/03/2026

  ⏭️  SKIP (no Kas Besar DEBIT)  84699                     | BREW - UANG MASUK STRADA SMS 05/03/2026

  ⏭️  SKIP (no Kas Besar DEBIT)  84552                     | BREW - UANG MASUK STRADA MKG 05/03/2026

  ⏭️  SKIP (no Kas Besar DEBIT)  86441                     | BREW - UANG MASUK STRADA LA.PIAZZA 04/03/2026

  ⏭️  SKIP (no Kas Besar DEBIT)  85482                     | BREW - UANG MASUK STRADA SMB 04/03/2026

  ⏭️  SKIP (no Kas Besar DEBIT)  85505                     | BREW - UANG MASUK STRADA BSD 04/03/2026

  ⏭️  SKIP (no Kas Besar DEBIT)  84829                     | BREW - UANG MASUK STRADA SMS 04/03/2026

  ⏭️  SKIP (no Kas Besar DEBIT)  84235                     | BREW - UANG MASUK STRADA MKG 04/03/2026

  ⏭️  SKIP (no Kas Besar DEBIT)  86522                     | BREW - UANG MASUK STRADA LA.PIAZZA 03/03/2026

  ⏭️  SKIP (no Kas Besar DEBIT)  85323                     | BREW - UANG MASUK STRADA SMB 03/03/2026

  ⏭️  SKIP (no Kas Besar DEBIT)  85070                     | BREW - UANG MASUK STRADA SMS 03/03/2026

  ⏭️  SKIP (no Kas Besar DEBIT)  84961                     | BREW - UANG MASUK STRADA BSD 03/03/2026

  ⏭️  SKIP (no Kas Besar DEBIT)  84603                     | BREW - UANG MASUK STRADA MKG 03/03/2026

  ⏭️  SKIP (no Kas Besar DEBIT)  86376                     | BREW - UANG MASUK STRADA LA.PIAZZA 02/03/2026

  ⏭️  SKIP (no Kas Besar DEBIT)  85481                     | BREW - UANG MASUK STRADA SMB 02/03/2026

  ⏭️  SKIP (no Kas Besar DEBIT)  85283                     | BREW - UANG MASUK STRADA BSD 02/03/2026

  ⏭️  SKIP (no Kas Besar DEBIT)  84782                     | BREW - UANG MASUK STRADA SMS 02/03/2026

  ⏭️  SKIP (no Kas Besar DEBIT)  84234                     | BREW - UANG MASUK STRADA MKG 02/03/2026

  ⏭️  SKIP (no Kas Besar DEBIT)  86375                     | BREW - UANG MASUK STRADA LA.PIAZZA 01/03/2026

  ⏭️  SKIP (no Kas Besar DEBIT)  85556                     | BREW - UANG MASUK STRADA SMB 01/03/2026

  ⏭️  SKIP (no Kas Besar DEBIT)  84960                     | BREW - UANG MASUK STRADA BSD 01/03/2026

  ⏭️  SKIP (no Kas Besar DEBIT)  84698                     | BREW - UANG MASUK STRADA SMS 01/03/2026

  ⏭️  SKIP (no Kas Besar DEBIT)  84534                     | BREW - UANG MASUK STRADA MKG 01/03/2026

  ⏭️  SKIP (no Kas Besar DEBIT)  86520                     | BREW - UANG MASUK STRADA LA.PIAZZA 28/02/2026

  ⏭️  SKIP (no Kas Besar DEBIT)  85504                     | BREW - UANG MASUK STRADA BSD 28/02/2026

  ⏭️  SKIP (no Kas Besar DEBIT)  84857                     | BREW - UANG MASUK STRADA SMS 28/02/2026

  ⏭️  SKIP (no Kas Besar DEBIT)  84432                     | BREW - UANG MASUK STRADA MKG 28/02/2026

  ⏭️  SKIP (no Kas Besar DEBIT)  86481                     | BREW - UANG MASUK STRADA LA.PIAZZA 27/02/2026

  ⏭️  SKIP (no Kas Besar DEBIT)  85719                     | BREW - UANG MASUK STRADA SMB 27/02/2026

  ⏭️  SKIP (no Kas Besar DEBIT)  85457                     | BREW - UANG MASUK STRADA BSD 27/02/2026

  ⏭️  SKIP (no Kas Besar DEBIT)  84737                     | BREW - UANG MASUK STRADA SMS 27/02/2026

  ⏭️  SKIP (no Kas Besar DEBIT)  84490                     | BREW - UANG MASUK STRADA MKG 27/02/2026

  ⏭️  SKIP (no Kas Besar DEBIT)  86518                     | BREW - UANG MASUK STRADA LA.PIAZZA 26/02/2026

  ⏭️  SKIP (no Kas Besar DEBIT)  85393                     | BREW - UANG MASUK STRADA SMB 26/02/2026

  ⏭️  SKIP (no Kas Besar DEBIT)  85090                     | BREW - UANG MASUK STRADA BSD 26/02/2026

  ⏭️  SKIP (no Kas Besar DEBIT)  85069                     | BREW - UANG MASUK STRADA SMS 26/02/2026

  ⏭️  SKIP (no Kas Besar DEBIT)  84431                     | BREW - UANG MASUK STRADA MKG 26/02/2026

  ⏭️  SKIP (no Kas Besar DEBIT)  86439                     | BREW - UANG MASUK STRADA LA.PIAZZA 25/02/2026

  ⏭️  SKIP (no Kas Besar DEBIT)  85531                     | BREW - UANG MASUK STRADA SMB 25/02/2026

  ⏭️  SKIP (no Kas Besar DEBIT)  85456                     | BREW - UANG MASUK STRADA BSD 25/02/2026

  ⏭️  SKIP (no Kas Besar DEBIT)  85210                     | BREW - UANG MASUK STRADA SMS 25/02/2026

  ⏭️  SKIP (no Kas Besar DEBIT)  84602                     | BREW - UANG MASUK STRADA MKG 25/02/2026

  ⏭️  SKIP (no Kas Besar DEBIT)  86480                     | BREW - UANG MASUK STRADA LA.PIAZZA 24/02/2026

  ⏭️  SKIP (no Kas Besar DEBIT)  85320                     | BREW - UANG MASUK STRADA SMB 24/02/2026

  ⏭️  SKIP (no Kas Besar DEBIT)  85455                     | BREW - UANG MASUK STRADA BSD 24/02/2026

  ⏭️  SKIP (no Kas Besar DEBIT)  84986                     | BREW - UANG MASUK STRADA SMS 24/02/2026

  ⏭️  SKIP (no Kas Besar DEBIT)  84551                     | BREW - UANG MASUK STRADA MKG 24/02/2026

  ⏭️  SKIP (no Kas Besar DEBIT)  86565                     | BREW - UANG MASUK STRADA LA.PIAZZA 23/02/2026

  ⏭️  SKIP (no Kas Besar DEBIT)  85480                     | BREW - UANG MASUK STRADA SMB 23/02/2026

  ⏭️  SKIP (no Kas Besar DEBIT)  85281                     | BREW - UANG MASUK STRADA BSD 23/02/2026

  ⏭️  SKIP (no Kas Besar DEBIT)  84827                     | BREW - UANG MASUK STRADA SMS 23/02/2026

  ⏭️  SKIP (no Kas Besar DEBIT)  84430                     | BREW - UANG MASUK STRADA MKG 23/02/2026

  ⏭️  SKIP (no Kas Besar DEBIT)  86437                     | BREW - UANG MASUK STRADA LA.PIAZZA 22/02/2026

  ⏭️  SKIP (no Kas Besar DEBIT)  85529                     | BREW - UANG MASUK STRADA SMB 22/02/2026

  ⏭️  SKIP (no Kas Besar DEBIT)  85453                     | BREW - UANG MASUK STRADA BSD 22/02/2026

  ⏭️  SKIP (no Kas Besar DEBIT)  85142                     | BREW - UANG MASUK STRADA SMS 22/02/2026

  ⏭️  SKIP (no Kas Besar DEBIT)  84530                     | BREW - UANG MASUK STRADA MKG 22/02/2026

  ⏭️  SKIP (no Kas Besar DEBIT)  85369                     | BREW - UANG MASUK STRADA SMB 21/02/2026

  ⏭️  SKIP (no Kas Besar DEBIT)  85308                     | BREW - UANG MASUK STRADA BSD 21/02/2026

  ⏭️  SKIP (no Kas Besar DEBIT)  84697                     | BREW - UANG MASUK STRADA SMS 21/02/2026

  ⏭️  SKIP (no Kas Besar DEBIT)  84550                     | BREW - UANG MASUK STRADA MKG 21/02/2026

  ⏭️  SKIP (no Kas Besar DEBIT)  86517                     | BREW - UANG MASUK STRADA LA.PIAZZA 20/02/2026

  ⏭️  SKIP (no Kas Besar DEBIT)  85319                     | BREW - UANG MASUK STRADA SMB 20/02/2026

  ⏭️  SKIP (no Kas Besar DEBIT)  85141                     | BREW - UANG MASUK STRADA SMS 20/02/2026

  ⏭️  SKIP (no Kas Besar DEBIT)  84798                     | BREW - UANG MASUK STRADA BSD 20/02/2026

  ⏭️  SKIP (no Kas Besar DEBIT)  84293                     | BREW - UANG MASUK STRADA MKG 20/02/2026

  ⏭️  SKIP (no Kas Besar DEBIT)  86436                     | BREW - UANG MASUK STRADA LA.PIAZZA 19/02/2026

  ⏭️  SKIP (no Kas Besar DEBIT)  85528                     | BREW - UANG MASUK STRADA SMB 19/02/2026

  ⏭️  SKIP (no Kas Besar DEBIT)  84906                     | BREW - UANG MASUK STRADA BSD 19/02/2026

  ⏭️  SKIP (no Kas Besar DEBIT)  84826                     | BREW - UANG MASUK STRADA SMS 19/02/2026

  ⏭️  SKIP (no Kas Besar DEBIT)  84398                     | BREW - UANG MASUK STRADA MKG 19/02/2026

  ⏭️  SKIP (no Kas Besar DEBIT)  86435                     | BREW - UANG MASUK STRADA LA.PIAZZA 18/02/2026

  ⏭️  SKIP (no Kas Besar DEBIT)  85526                     | BREW - UANG MASUK STRADA SMB 18/02/2026

  ⏭️  SKIP (no Kas Besar DEBIT)  85404                     | BREW - UANG MASUK STRADA BSD 18/02/2026

  ⏭️  SKIP (no Kas Besar DEBIT)  85068                     | BREW - UANG MASUK STRADA SMS 18/02/2026

  ⏭️  SKIP (no Kas Besar DEBIT)  84529                     | BREW - UANG MASUK STRADA MKG 18/02/2026

  ⏭️  SKIP (no Kas Besar DEBIT)  86476                     | BREW - UANG MASUK STRADA LA.PIAZZA 17/02/2026

  ⏭️  SKIP (no Kas Besar DEBIT)  85553                     | BREW - UANG MASUK STRADA SMB 17/02/2026

  ⏭️  SKIP (no Kas Besar DEBIT)  85088                     | BREW - UANG MASUK STRADA BSD 17/02/2026

  ⏭️  SKIP (no Kas Besar DEBIT)  85139                     | BREW - UANG MASUK STRADA SMS 17/02/2026

  ⏭️  SKIP (no Kas Besar DEBIT)  84232                     | BREW - UANG MASUK STRADA MKG 17/02/2026

  ⏭️  SKIP (no Kas Besar DEBIT)  86433                     | BREW - UANG MASUK STRADA LA.PIAZZA 16/02/2026

  ⏭️  SKIP (no Kas Besar DEBIT)  85099                     | BREW - UANG MASUK STRADA SMB 16/02/2026

  ⏭️  SKIP (no Kas Besar DEBIT)  85280                     | BREW - UANG MASUK STRADA BSD 16/02/2026

  ⏭️  SKIP (no Kas Besar DEBIT)  84734                     | BREW - UANG MASUK STRADA SMS 16/02/2026

  ⏭️  SKIP (no Kas Besar DEBIT)  84396                     | BREW - UANG MASUK STRADA MKG 16/02/2026

  ⏭️  SKIP (no Kas Besar DEBIT)  85279                     | BREW - UANG MASUK STRADA BSD 15/02/2026

  ⏭️  SKIP (no Kas Besar DEBIT)  85138                     | BREW - UANG MASUK STRADA SMS 15/02/2026

  ⏭️  SKIP (no Kas Besar DEBIT)  84527                     | BREW - UANG MASUK STRADA MKG 15/02/2026

  ⏭️  SKIP (no Kas Besar DEBIT)  85318                     | BREW - UANG MASUK STRADA SMB 14/02/2026

  ⏭️  SKIP (no Kas Besar DEBIT)  85450                     | BREW - UANG MASUK STRADA BSD 14/02/2026

  ⏭️  SKIP (no Kas Besar DEBIT)  85206                     | BREW - UANG MASUK STRADA SMS 14/02/2026

  ⏭️  SKIP (no Kas Besar DEBIT)  84487                     | BREW - UANG MASUK STRADA MKG 14/02/2026

  ⏭️  SKIP (no Kas Besar DEBIT)  85523                     | BREW - UANG MASUK STRADA SMB 13/02/2026

  ⏭️  SKIP (no Kas Besar DEBIT)  85199                     | BREW - UANG MASUK STRADA BSD 13/02/2026

  ⏭️  SKIP (no Kas Besar DEBIT)  84856                     | BREW - UANG MASUK STRADA SMS 13/02/2026

  ⏭️  SKIP (no Kas Besar DEBIT)  84429                     | BREW - UANG MASUK STRADA MKG 13/02/2026

  ⏭️  SKIP (no Kas Besar DEBIT)  85317                     | BREW - UANG MASUK STRADA SMB 12/02/2026

  ⏭️  SKIP (no Kas Besar DEBIT)  85277                     | BREW - UANG MASUK STRADA BSD 12/02/2026

  ⏭️  SKIP (no Kas Besar DEBIT)  84855                     | BREW - UANG MASUK STRADA SMS 12/02/2026

  ⏭️  SKIP (no Kas Besar DEBIT)  84231                     | BREW - UANG MASUK STRADA MKG 12/02/2026

  ⏭️  SKIP (no Kas Besar DEBIT)  86515                     | BREW - UANG MASUK STRADA LA.PIAZZA 11/02/2026

  ⏭️  SKIP (no Kas Besar DEBIT)  85276                     | BREW - UANG MASUK STRADA BSD 11/02/2026

  ⏭️  SKIP (no Kas Besar DEBIT)  84696                     | BREW - UANG MASUK STRADA SMS 11/02/2026

  ⏭️  SKIP (no Kas Besar DEBIT)  84347                     | BREW - UANG MASUK STRADA MKG 11/02/2026

  ⏭️  SKIP (no Kas Besar DEBIT)  86430                     | BREW - UANG MASUK STRADA LA.PIAZZA 10/02/2026

  ⏭️  SKIP (no Kas Besar DEBIT)  85368                     | BREW - UANG MASUK STRADA SMB 10/02/2026

  ⏭️  SKIP (no Kas Besar DEBIT)  85248                     | BREW - UANG MASUK STRADA BSD 10/02/2026

  ⏭️  SKIP (no Kas Besar DEBIT)  84885                     | BREW - UANG MASUK STRADA SMS 10/02/2026

  ⏭️  SKIP (no Kas Besar DEBIT)  84229                     | BREW - UANG MASUK STRADA MKG 10/02/2026

  ⏭️  SKIP (no Kas Besar DEBIT)  86472                     | BREW - UANG MASUK STRADA LA.PIAZZA 09/02/2026

  ⏭️  SKIP (no Kas Besar DEBIT)  85521                     | BREW - UANG MASUK STRADA SMB 09/02/2026

  ⏭️  SKIP (no Kas Besar DEBIT)  85087                     | BREW - UANG MASUK STRADA BSD 09/02/2026

  ⏭️  SKIP (no Kas Besar DEBIT)  84778                     | BREW - UANG MASUK STRADA SMS 09/02/2026

  ⏭️  SKIP (no Kas Besar DEBIT)  84484                     | BREW - UANG MASUK STRADA MKG 09/02/2026

  ⏭️  SKIP (no Kas Besar DEBIT)  85159                     | BREW - UANG MASUK STRADA SMS 08/02/2026

  ⏭️  SKIP (no Kas Besar DEBIT)  84428                     | BREW - UANG MASUK STRADA MKG 08/02/2026

  ⏭️  SKIP (no Kas Besar DEBIT)  86428                     | BREW - UANG MASUK STRADA LA.PIAZZA 07/02/2026

  ⏭️  SKIP (no Kas Besar DEBIT)  85356                     | BREW - UANG MASUK STRADA BSD 07/02/2026

  ⏭️  SKIP (no Kas Besar DEBIT)  84647                     | BREW - UANG MASUK STRADA SMS 07/02/2026

  ⏭️  SKIP (no Kas Besar DEBIT)  84345                     | BREW - UANG MASUK STRADA MKG 07/02/2026

  ⏭️  SKIP (no Kas Besar DEBIT)  86559                     | BREW - UANG MASUK STRADA LA.PIAZZA 06/02/2026

  ⏭️  SKIP (no Kas Besar DEBIT)  85273                     | BREW - UANG MASUK STRADA BSD 06/02/2026

  ⏭️  SKIP (no Kas Besar DEBIT)  84884                     | BREW - UANG MASUK STRADA SMS 06/02/2026

  ⏭️  SKIP (no Kas Besar DEBIT)  84483                     | BREW - UANG MASUK STRADA MKG 06/02/2026

  ⏭️  SKIP (no Kas Besar DEBIT)  85367                     | BREW - UANG MASUK STRADA SMB 05/02/2026

  ⏭️  SKIP (no Kas Besar DEBIT)  85247                     | BREW - UANG MASUK STRADA BSD 05/02/2026

  ⏭️  SKIP (no Kas Besar DEBIT)  84985                     | BREW - UANG MASUK STRADA SMS 05/02/2026

  ⏭️  SKIP (no Kas Besar DEBIT)  84524                     | BREW - UANG MASUK STRADA MKG 05/02/2026

  ⏭️  SKIP (no Kas Besar DEBIT)  86512                     | BREW - UANG MASUK STRADA LA.PIAZZA 04/02/2026

  ⏭️  SKIP (no Kas Besar DEBIT)  85552                     | BREW - UANG MASUK STRADA SMB 04/02/2026

  ⏭️  SKIP (no Kas Besar DEBIT)  85272                     | BREW - UANG MASUK STRADA BSD 04/02/2026

  ⏭️  SKIP (no Kas Besar DEBIT)  84984                     | BREW - UANG MASUK STRADA SMS 04/02/2026

  ⏭️  SKIP (no Kas Besar DEBIT)  84481                     | BREW - UANG MASUK STRADA MKG 04/02/2026

  ⏭️  SKIP (no Kas Besar DEBIT)  86367                     | BREW - UANG MASUK STRADA LA.PIAZZA 03/02/2026

  ⏭️  SKIP (no Kas Besar DEBIT)  85271                     | BREW - UANG MASUK STRADA BSD 03/02/2026

  ⏭️  SKIP (no Kas Besar DEBIT)  84712                     | BREW - UANG MASUK STRADA SMS 03/02/2026

  ⏭️  SKIP (no Kas Besar DEBIT)  84344                     | BREW - UANG MASUK STRADA MKG 03/02/2026

  ⏭️  SKIP (no Kas Besar DEBIT)  86558                     | BREW - UANG MASUK STRADA LA.PIAZZA 02/02/2026

  ⏭️  SKIP (no Kas Besar DEBIT)  85400                     | BREW - UANG MASUK STRADA BSD 02/02/2026

  ⏭️  SKIP (no Kas Besar DEBIT)  85203                     | BREW - UANG MASUK STRADA SMS 02/02/2026

  ⏭️  SKIP (no Kas Besar DEBIT)  84343                     | BREW - UANG MASUK STRADA MKG 02/02/2026

  ⏭️  SKIP (no Kas Besar DEBIT)  86427                     | BREW - UANG MASUK STRADA LA.PIAZZA 01/02/2026

  ⏭️  SKIP (no Kas Besar DEBIT)  84749                     | BREW - UANG MASUK STRADA BSD 01/02/2026

  ⏭️  SKIP (no Kas Besar DEBIT)  84732                     | BREW - UANG MASUK STRADA SMS 01/02/2026

  ⏭️  SKIP (no Kas Besar DEBIT)  84522                     | BREW - UANG MASUK STRADA MKG 01/02/2026

  ⏭️  SKIP (no Kas Besar DEBIT)  86425                     | BREW - UANG MASUK STRADA LA.PIAZZA 31/01/2026

  ⏭️  SKIP (no Kas Besar DEBIT)  85156                     | BREW - UANG MASUK STRADA SMS 31/01/2026

  ⏭️  SKIP (no Kas Besar DEBIT)  84480                     | BREW - UANG MASUK STRADA MKG 31/01/2026

  ⏭️  SKIP (no Kas Besar DEBIT)  86556                     | BREW - UANG MASUK STRADA LA.PIAZZA 30/01/2026

  ⏭️  SKIP (no Kas Besar DEBIT)  85700                     | BREW - UANG MASUK STRADA BSD 30/01/2026

  ⏭️  SKIP (no Kas Besar DEBIT)  85135                     | BREW - UANG MASUK STRADA SMS 30/01/2026

  ⏭️  SKIP (no Kas Besar DEBIT)  84479                     | BREW - UANG MASUK STRADA MKG 30/01/2026

  ⏭️  SKIP (no Kas Besar DEBIT)  86468                     | BREW - UANG MASUK STRADA LA.PIAZZA 29/01/2026

  ⏭️  SKIP (no Kas Besar DEBIT)  85307                     | BREW - UANG MASUK STRADA BSD 29/01/2026

  ⏭️  SKIP (no Kas Besar DEBIT)  85066                     | BREW - UANG MASUK STRADA SMS 29/01/2026

  ⏭️  SKIP (no Kas Besar DEBIT)  84340                     | BREW - UANG MASUK STRADA MKG 29/01/2026

  ⏭️  SKIP (no Kas Besar DEBIT)  86508                     | BREW - UANG MASUK STRADA LA.PIAZZA 28/01/2026

  ⏭️  SKIP (no Kas Besar DEBIT)  85245                     | BREW - UANG MASUK STRADA BSD 28/01/2026

  ⏭️  SKIP (no Kas Besar DEBIT)  85201                     | BREW - UANG MASUK STRADA SMS 28/01/2026

  ⏭️  SKIP (no Kas Besar DEBIT)  84227                     | BREW - UANG MASUK STRADA MKG 28/01/2026

  ⏭️  SKIP (no Kas Besar DEBIT)  86507                     | BREW - UANG MASUK STRADA LA.PIAZZA 27/01/2026

  ⏭️  SKIP (no Kas Besar DEBIT)  85305                     | BREW - UANG MASUK STRADA BSD 27/01/2026

  ⏭️  SKIP (no Kas Besar DEBIT)  85154                     | BREW - UANG MASUK STRADA SMS 27/01/2026

  ⏭️  SKIP (no Kas Besar DEBIT)  84521                     | BREW - UANG MASUK STRADA MKG 27/01/2026

  ⏭️  SKIP (no Kas Besar DEBIT)  86466                     | BREW - UANG MASUK STRADA LA.PIAZZA 26/01/2026

  ⏭️  SKIP (no Kas Besar DEBIT)  85243                     | BREW - UANG MASUK STRADA BSD 26/01/2026

  ⏭️  SKIP (no Kas Besar DEBIT)  84711                     | BREW - UANG MASUK STRADA SMS 26/01/2026

  ⏭️  SKIP (no Kas Besar DEBIT)  84423                     | BREW - UANG MASUK STRADA MKG 26/01/2026

  ⏭️  SKIP (no Kas Besar DEBIT)  85353                     | BREW - UANG MASUK STRADA BSD 25/01/2026

  ⏭️  SKIP (no Kas Besar DEBIT)  84730                     | BREW - UANG MASUK STRADA SMS 25/01/2026

  ⏭️  SKIP (no Kas Besar DEBIT)  84226                     | BREW - UANG MASUK STRADA MKG 25/01/2026

  ⏭️  SKIP (no Kas Besar DEBIT)  86422                     | BREW - UANG MASUK STRADA LA.PIAZZA 24/01/2026

  ⏭️  SKIP (no Kas Besar DEBIT)  85241                     | BREW - UANG MASUK STRADA BSD 24/01/2026

  ⏭️  SKIP (no Kas Besar DEBIT)  84982                     | BREW - UANG MASUK STRADA SMS 24/01/2026

  ⏭️  SKIP (no Kas Besar DEBIT)  84392                     | BREW - UANG MASUK STRADA MKG 24/01/2026

  ⏭️  SKIP (no Kas Besar DEBIT)  86420                     | BREW - UANG MASUK STRADA LA.PIAZZA 23/01/2026

  ⏭️  SKIP (no Kas Besar DEBIT)  85240                     | BREW - UANG MASUK STRADA BSD 23/01/2026

  ⏭️  SKIP (no Kas Besar DEBIT)  84881                     | BREW - UANG MASUK STRADA SMS 23/01/2026

  ⏭️  SKIP (no Kas Besar DEBIT)  84391                     | BREW - UANG MASUK STRADA MKG 23/01/2026

  ⏭️  SKIP (no Kas Besar DEBIT)  86465                     | BREW - UANG MASUK STRADA LA.PIAZZA 22/01/2026

  ⏭️  SKIP (no Kas Besar DEBIT)  85193                     | BREW - UANG MASUK STRADA BSD 22/01/2026

  ⏭️  SKIP (no Kas Besar DEBIT)  85153                     | BREW - UANG MASUK STRADA SMS 22/01/2026

  ⏭️  SKIP (no Kas Besar DEBIT)  84290                     | BREW - UANG MASUK STRADA MKG 22/01/2026

  ⏭️  SKIP (no Kas Besar DEBIT)  86505                     | BREW - UANG MASUK STRADA LA.PIAZZA 21/01/2026

  ⏭️  SKIP (no Kas Besar DEBIT)  84748                     | BREW - UANG MASUK STRADA BSD 21/01/2026

  ⏭️  SKIP (no Kas Besar DEBIT)  85132                     | BREW - UANG MASUK STRADA SMS 21/01/2026

  ⏭️  SKIP (no Kas Besar DEBIT)  84289                     | BREW - UANG MASUK STRADA MKG 21/01/2026

  ⏭️  SKIP (no Kas Besar DEBIT)  86464                     | BREW - UANG MASUK STRADA LA.PIAZZA 20/01/2026

  ⏭️  SKIP (no Kas Besar DEBIT)  85267                     | BREW - UANG MASUK STRADA BSD 20/01/2026

  ⏭️  SKIP (no Kas Besar DEBIT)  84821                     | BREW - UANG MASUK STRADA SMS 20/01/2026

  ⏭️  SKIP (no Kas Besar DEBIT)  84421                     | BREW - UANG MASUK STRADA MKG 20/01/2026

  ⏭️  SKIP (no Kas Besar DEBIT)  86417                     | BREW - UANG MASUK STRADA LA.PIAZZA 19/01/2026

  ⏭️  SKIP (no Kas Besar DEBIT)  85351                     | BREW - UANG MASUK STRADA BSD 19/01/2026

  ⏭️  SKIP (no Kas Besar DEBIT)  84596                     | BREW - UANG MASUK STRADA SMS 19/01/2026

  ⏭️  SKIP (no Kas Besar DEBIT)  84288                     | BREW - UANG MASUK STRADA MKG 19/01/2026

  ⏭️  SKIP (no Kas Besar DEBIT)  86462                     | BREW - UANG MASUK STRADA LA.PIAZZA 18/01/2026

  ⏭️  SKIP (no Kas Besar DEBIT)  85238                     | BREW - UANG MASUK STRADA BSD 18/01/2026

  ⏭️  SKIP (no Kas Besar DEBIT)  84981                     | BREW - UANG MASUK STRADA SMS 18/01/2026

  ⏭️  SKIP (no Kas Besar DEBIT)  84476                     | BREW - UANG MASUK STRADA MKG 18/01/2026

  ⏭️  SKIP (no Kas Besar DEBIT)  86460                     | BREW - UANG MASUK STRADA LA.PIAZZA 17/01/2026

  ⏭️  SKIP (no Kas Besar DEBIT)  85266                     | BREW - UANG MASUK STRADA BSD 17/01/2026

  ⏭️  SKIP (no Kas Besar DEBIT)  84949                     | BREW - UANG MASUK STRADA SMS 17/01/2026

  ⏭️  SKIP (no Kas Besar DEBIT)  84420                     | BREW - UANG MASUK STRADA MKG 17/01/2026

  ⏭️  SKIP (no Kas Besar DEBIT)  86553                     | BREW - UANG MASUK STRADA LA.PIAZZA 16/01/2026

  ⏭️  SKIP (no Kas Besar DEBIT)  84747                     | BREW - UANG MASUK STRADA BSD 16/01/2026

  ⏭️  SKIP (no Kas Besar DEBIT)  85131                     | BREW - UANG MASUK STRADA SMS 16/01/2026

  ⏭️  SKIP (no Kas Besar DEBIT)  84224                     | BREW - UANG MASUK STRADA MKG 16/01/2026

  ⏭️  SKIP (no Kas Besar DEBIT)  86458                     | BREW - UANG MASUK STRADA LA.PIAZZA 15/01/2026

  ⏭️  SKIP (no Kas Besar DEBIT)  85350                     | BREW - UANG MASUK STRADA BSD 15/01/2026

  ⏭️  SKIP (no Kas Besar DEBIT)  85152                     | BREW - UANG MASUK STRADA SMS 15/01/2026

  ⏭️  SKIP (no Kas Besar DEBIT)  84518                     | BREW - UANG MASUK STRADA MKG 15/01/2026

  ⏭️  SKIP (no Kas Besar DEBIT)  86416                     | BREW - UANG MASUK STRADA LA.PIAZZA 14/01/2026

  ⏭️  SKIP (no Kas Besar DEBIT)  85235                     | BREW - UANG MASUK STRADA BSD 14/01/2026

  ⏭️  SKIP (no Kas Besar DEBIT)  84646                     | BREW - UANG MASUK STRADA SMS 14/01/2026

  ⏭️  SKIP (no Kas Besar DEBIT)  84223                     | BREW - UANG MASUK STRADA MKG 14/01/2026

  ⏭️  SKIP (no Kas Besar DEBIT)  85263                     | BREW - UANG MASUK STRADA BSD 13/01/2026

  ⏭️  SKIP (no Kas Besar DEBIT)  84979                     | BREW - UANG MASUK STRADA SMS 13/01/2026

  ⏭️  SKIP (no Kas Besar DEBIT)  84419                     | BREW - UANG MASUK STRADA MKG 13/01/2026

  ⏭️  SKIP (no Kas Besar DEBIT)  86415                     | BREW - UANG MASUK STRADA LA.PIAZZA 12/01/2026

  ⏭️  SKIP (no Kas Besar DEBIT)  85262                     | BREW - UANG MASUK STRADA BSD 12/01/2026

  ⏭️  SKIP (no Kas Besar DEBIT)  84645                     | BREW - UANG MASUK STRADA SMS 12/01/2026

  ⏭️  SKIP (no Kas Besar DEBIT)  84475                     | BREW - UANG MASUK STRADA MKG 12/01/2026

  ⏭️  SKIP (no Kas Besar DEBIT)  86414                     | BREW - UANG MASUK STRADA LA.PIAZZA 11/01/2026

  ⏭️  SKIP (no Kas Besar DEBIT)  84899                     | BREW - UANG MASUK STRADA BSD 11/01/2026

  ⏭️  SKIP (no Kas Besar DEBIT)  84880                     | BREW - UANG MASUK STRADA SMS 11/01/2026

  ⏭️  SKIP (no Kas Besar DEBIT)  84388                     | BREW - UANG MASUK STRADA MKG 11/01/2026

  ⏭️  SKIP (no Kas Besar DEBIT)  85188                     | BREW - UANG MASUK STRADA BSD 10/01/2026

  ⏭️  SKIP (no Kas Besar DEBIT)  85128                     | BREW - UANG MASUK STRADA SMS 10/01/2026

  ⏭️  SKIP (no Kas Besar DEBIT)  84474                     | BREW - UANG MASUK STRADA MKG 10/01/2026

  ⏭️  SKIP (no Kas Besar DEBIT)  86454                     | BREW - UANG MASUK STRADA LA.PIAZZA 09/01/2026

  ⏭️  SKIP (no Kas Besar DEBIT)  85084                     | BREW - UANG MASUK STRADA BSD 09/01/2026

  ⏭️  SKIP (no Kas Besar DEBIT)  84820                     | BREW - UANG MASUK STRADA SMS 09/01/2026

  ⏭️  SKIP (no Kas Besar DEBIT)  84416                     | BREW - UANG MASUK STRADA MKG 09/01/2026

  ⏭️  SKIP (no Kas Besar DEBIT)  86453                     | BREW - UANG MASUK STRADA LA.PIAZZA 08/01/2026

  ⏭️  SKIP (no Kas Besar DEBIT)  85304                     | BREW - UANG MASUK STRADA BSD 08/01/2026

  ⏭️  SKIP (no Kas Besar DEBIT)  84595                     | BREW - UANG MASUK STRADA SMS 08/01/2026

  ⏭️  SKIP (no Kas Besar DEBIT)  84335                     | BREW - UANG MASUK STRADA MKG 08/01/2026

  ⏭️  SKIP (no Kas Besar DEBIT)  85187                     | BREW - UANG MASUK STRADA BSD 07/01/2026

  ⏭️  SKIP (no Kas Besar DEBIT)  85062                     | BREW - UANG MASUK STRADA SMS 07/01/2026

  ⏭️  SKIP (no Kas Besar DEBIT)  84387                     | BREW - UANG MASUK STRADA MKG 07/01/2026

  ⏭️  SKIP (no Kas Besar DEBIT)  86413                     | BREW - UANG MASUK STRADA LA.PIAZZA 06/01/2026

  ⏭️  SKIP (no Kas Besar DEBIT)  85185                     | BREW - UANG MASUK STRADA BSD 06/01/2026

  ⏭️  SKIP (no Kas Besar DEBIT)  84594                     | BREW - UANG MASUK STRADA SMS 06/01/2026

  ⏭️  SKIP (no Kas Besar DEBIT)  84385                     | BREW - UANG MASUK STRADA MKG 06/01/2026

  ⏭️  SKIP (no Kas Besar DEBIT)  86451                     | BREW - UANG MASUK STRADA LA.PIAZZA 05/01/2026

  ⏭️  SKIP (no Kas Besar DEBIT)  84692                     | BREW - UANG MASUK STRADA SMS 05/01/2026

  ⏭️  SKIP (no Kas Besar DEBIT)  84472                     | BREW - UANG MASUK STRADA MKG 05/01/2026

  ⏭️  SKIP (no Kas Besar DEBIT)  86412                     | BREW - UANG MASUK STRADA LA.PIAZZA 04/01/2026

  ⏭️  SKIP (no Kas Besar DEBIT)  85083                     | BREW - UANG MASUK STRADA BSD 04/01/2026

  ⏭️  SKIP (no Kas Besar DEBIT)  85127                     | BREW - UANG MASUK STRADA SMS 04/01/2026

  ⏭️  SKIP (no Kas Besar DEBIT)  84471                     | BREW - UANG MASUK STRADA MKG 04/01/2026

  ⏭️  SKIP (no Kas Besar DEBIT)  85081                     | BREW - UANG MASUK STRADA BSD 03/01/2026

  ⏭️  SKIP (no Kas Besar DEBIT)  84643                     | BREW - UANG MASUK STRADA SMS 03/01/2026

  ⏭️  SKIP (no Kas Besar DEBIT)  84516                     | BREW - UANG MASUK STRADA MKG 03/01/2026

  ⏭️  SKIP (no Kas Besar DEBIT)  86450                     | BREW - UANG MASUK STRADA LA.PIAZZA 02/01/2026

  ⏭️  SKIP (no Kas Besar DEBIT)  85232                     | BREW - UANG MASUK STRADA BSD 02/01/2026

  ⏭️  SKIP (no Kas Besar DEBIT)  84776                     | BREW - UANG MASUK STRADA SMS 02/01/2026

  ⏭️  SKIP (no Kas Besar DEBIT)  84414                     | BREW - UANG MASUK STRADA MKG 02/01/2026

  ⏭️  SKIP (no Kas Besar DEBIT)  86346                     | BREW - UANG MASUK STRADA LA.PIAZZA 01/01/2026

  ⏭️  SKIP (no Kas Besar DEBIT)  85580                     | BREW - UANG MASUK STRADA MKG 01/01/2026

  ⏭️  SKIP (no Kas Besar DEBIT)  85302                     | BREW - UANG MASUK STRADA BSD 01/01/2026

  ⏭️  SKIP (no Kas Besar DEBIT)  85151                     | BREW - UANG MASUK STRADA SMS 01/01/2026

  ⏭️  SKIP (no Kas Besar DEBIT)  85259                     | BREW - UANG MASUK STRADA BSD 31/12/2025

  ⏭️  SKIP (no Kas Besar DEBIT)  84775                     | BREW - UANG MASUK STRADA SMS 31/12/2025

  ⏭️  SKIP (no Kas Besar DEBIT)  86048                     | BREW - UANG MASUK STRADA LA.PIAZZA 30/12/2025

  ⏭️  SKIP (no Kas Besar DEBIT)  85301                     | BREW - UANG MASUK STRADA BSD 30/12/2025

  ⏭️  SKIP (no Kas Besar DEBIT)  85150                     | BREW - UANG MASUK STRADA SMS 30/12/2025

  ⏭️  SKIP (no Kas Besar DEBIT)  84221                     | BREW - UANG MASUK STRADA MKG 30/12/2025

  ⏭️  SKIP (no Kas Besar DEBIT)  86359                     | BREW - UANG MASUK STRADA LA.PIAZZA 29/12/2025

  ⏭️  SKIP (no Kas Besar DEBIT)  85258                     | BREW - UANG MASUK STRADA BSD 29/12/2025

  ⏭️  SKIP (no Kas Besar DEBIT)  84774                     | BREW - UANG MASUK STRADA SMS 29/12/2025

  ⏭️  SKIP (no Kas Besar DEBIT)  84220                     | BREW - UANG MASUK STRADA MKG 29/12/2025

  ⏭️  SKIP (no Kas Besar DEBIT)  86343                     | BREW - UANG MASUK STRADA LA.PIAZZA 28/12/2025

  ⏭️  SKIP (no Kas Besar DEBIT)  85229                     | BREW - UANG MASUK STRADA BSD 28/12/2025

  ⏭️  SKIP (no Kas Besar DEBIT)  84944                     | BREW - UANG MASUK STRADA SMS 28/12/2025

  ⏭️  SKIP (no Kas Besar DEBIT)  84411                     | BREW - UANG MASUK STRADA MKG 28/12/2025

  ⏭️  SKIP (no Kas Besar DEBIT)  85080                     | BREW - UANG MASUK STRADA BSD 27/12/2025

  ⏭️  SKIP (no Kas Besar DEBIT)  84818                     | BREW - UANG MASUK STRADA SMS 27/12/2025

  ⏭️  SKIP (no Kas Besar DEBIT)  84470                     | BREW - UANG MASUK STRADA MKG 27/12/2025

  ⏭️  SKIP (no Kas Besar DEBIT)  86047                     | BREW - UANG MASUK STRADA LA.PIAZZA 26/12/2025

  ⏭️  SKIP (no Kas Besar DEBIT)  84745                     | BREW - UANG MASUK STRADA BSD 26/12/2025

  ⏭️  SKIP (no Kas Besar DEBIT)  84878                     | BREW - UANG MASUK STRADA SMS 26/12/2025

  ⏭️  SKIP (no Kas Besar DEBIT)  84219                     | BREW - UANG MASUK STRADA MKG 26/12/2025

  ⏭️  SKIP (no Kas Besar DEBIT)  86409                     | BREW - UANG MASUK STRADA LA.PIAZZA 25/12/2025

  ⏭️  SKIP (no Kas Besar DEBIT)  85228                     | BREW - UANG MASUK STRADA BSD 25/12/2025

  ⏭️  SKIP (no Kas Besar DEBIT)  85124                     | BREW - UANG MASUK STRADA SMS 25/12/2025

  ⏭️  SKIP (no Kas Besar DEBIT)  84469                     | BREW - UANG MASUK STRADA MKG 25/12/2025

  ⏭️  SKIP (no Kas Besar DEBIT)  85253                     | BREW - UANG MASUK STRADA BSD 24/12/2025

  ⏭️  SKIP (no Kas Besar DEBIT)  84591                     | BREW - UANG MASUK STRADA SMS 24/12/2025

  ⏭️  SKIP (no Kas Besar DEBIT)  84513                     | BREW - UANG MASUK STRADA MKG 24/12/2025

  ⏭️  SKIP (no Kas Besar DEBIT)  86297                     | BREW - UANG MASUK STRADA LA.PIAZZA 23/12/2025

  ⏭️  SKIP (no Kas Besar DEBIT)  85181                     | BREW - UANG MASUK STRADA BSD 23/12/2025

  ⏭️  SKIP (no Kas Besar DEBIT)  85048                     | BREW - UANG MASUK STRADA SMS 23/12/2025

  ⏭️  SKIP (no Kas Besar DEBIT)  84512                     | BREW - UANG MASUK STRADA MKG 23/12/2025

  ⏭️  SKIP (no Kas Besar DEBIT)  85227                     | BREW - UANG MASUK STRADA BSD 22/12/2025

  ⏭️  SKIP (no Kas Besar DEBIT)  85047                     | BREW - UANG MASUK STRADA SMS 22/12/2025

  ⏭️  SKIP (no Kas Besar DEBIT)  84379                     | BREW - UANG MASUK STRADA MKG 22/12/2025

  ⏭️  SKIP (no Kas Besar DEBIT)  86406                     | BREW - UANG MASUK STRADA LA.PIAZZA 21/12/2025

  ⏭️  SKIP (no Kas Besar DEBIT)  85226                     | BREW - UANG MASUK STRADA BSD 21/12/2025

  ⏭️  SKIP (no Kas Besar DEBIT)  85060                     | BREW - UANG MASUK STRADA SMS 21/12/2025

  ⏭️  SKIP (no Kas Besar DEBIT)  84410                     | BREW - UANG MASUK STRADA MKG 21/12/2025

  ⏭️  SKIP (no Kas Besar DEBIT)  86295                     | BREW - UANG MASUK STRADA LA.PIAZZA 20/12/2025

  ⏭️  SKIP (no Kas Besar DEBIT)  84896                     | BREW - UANG MASUK STRADA BSD 20/12/2025

  ⏭️  SKIP (no Kas Besar DEBIT)  84729                     | BREW - UANG MASUK STRADA SMS 20/12/2025

  ⏭️  SKIP (no Kas Besar DEBIT)  84331                     | BREW - UANG MASUK STRADA MKG 20/12/2025

  ⏭️  SKIP (no Kas Besar DEBIT)  86294                     | BREW - UANG MASUK STRADA LA.PIAZZA 19/12/2025

  ⏭️  SKIP (no Kas Besar DEBIT)  85078                     | BREW - UANG MASUK STRADA BSD 19/12/2025

  ⏭️  SKIP (no Kas Besar DEBIT)  84876                     | BREW - UANG MASUK STRADA SMS 19/12/2025

  ⏭️  SKIP (no Kas Besar DEBIT)  84329                     | BREW - UANG MASUK STRADA MKG 19/12/2025

  ⏭️  SKIP (no Kas Besar DEBIT)  86293                     | BREW - UANG MASUK STRADA LA.PIAZZA 18/12/2025

  ⏭️  SKIP (no Kas Besar DEBIT)  85225                     | BREW - UANG MASUK STRADA BSD 18/12/2025

  ⏭️  SKIP (no Kas Besar DEBIT)  84773                     | BREW - UANG MASUK STRADA SMS 18/12/2025

  ⏭️  SKIP (no Kas Besar DEBIT)  84467                     | BREW - UANG MASUK STRADA MKG 18/12/2025

  ⏭️  SKIP (no Kas Besar DEBIT)  86403                     | BREW - UANG MASUK STRADA LA.PIAZZA 17/12/2025

  ⏭️  SKIP (no Kas Besar DEBIT)  85077                     | BREW - UANG MASUK STRADA BSD 17/12/2025

  ⏭️  SKIP (no Kas Besar DEBIT)  84977                     | BREW - UANG MASUK STRADA SMS 17/12/2025

  ⏭️  SKIP (no Kas Besar DEBIT)  84376                     | BREW - UANG MASUK STRADA MKG 17/12/2025

  ⏭️  SKIP (no Kas Besar DEBIT)  86291                     | BREW - UANG MASUK STRADA LA.PIAZZA 16/12/2025

  ⏭️  SKIP (no Kas Besar DEBIT)  85008                     | BREW - UANG MASUK STRADA BSD 16/12/2025

  ⏭️  SKIP (no Kas Besar DEBIT)  84772                     | BREW - UANG MASUK STRADA SMS 16/12/2025

  ⏭️  SKIP (no Kas Besar DEBIT)  84465                     | BREW - UANG MASUK STRADA MKG 16/12/2025

  ⏭️  SKIP (no Kas Besar DEBIT)  86044                     | BREW - UANG MASUK STRADA LA.PIAZZA 15/12/2025

  ⏭️  SKIP (no Kas Besar DEBIT)  84999                     | BREW - UANG MASUK STRADA BSD 15/12/2025

  ⏭️  SKIP (no Kas Besar DEBIT)  85120                     | BREW - UANG MASUK STRADA SMS 15/12/2025

  ⏭️  SKIP (no Kas Besar DEBIT)  84408                     | BREW - UANG MASUK STRADA MKG 15/12/2025

  ⏭️  SKIP (no Kas Besar DEBIT)  86357                     | BREW - UANG MASUK STRADA LA.PIAZZA 14/12/2025

  ⏭️  SKIP (no Kas Besar DEBIT)  84895                     | BREW - UANG MASUK STRADA BSD 14/12/2025

  ⏭️  SKIP (no Kas Besar DEBIT)  84941                     | BREW - UANG MASUK STRADA SMS 14/12/2025

  ⏭️  SKIP (no Kas Besar DEBIT)  84407                     | BREW - UANG MASUK STRADA MKG 14/12/2025

  ⏭️  SKIP (no Kas Besar DEBIT)  86287                     | BREW - UANG MASUK STRADA LA.PIAZZA 13/12/2025

  ⏭️  SKIP (no Kas Besar DEBIT)  84875                     | BREW - UANG MASUK STRADA SMS 13/12/2025

  ⏭️  SKIP (no Kas Besar DEBIT)  84282                     | BREW - UANG MASUK STRADA MKG 13/12/2025

  ⏭️  SKIP (no Kas Besar DEBIT)  86402                     | BREW - UANG MASUK STRADA LA.PIAZZA 12/12/2025

  ⏭️  SKIP (no Kas Besar DEBIT)  85177                     | BREW - UANG MASUK STRADA BSD 12/12/2025

  ⏭️  SKIP (no Kas Besar DEBIT)  84939                     | BREW - UANG MASUK STRADA SMS 12/12/2025

  ⏭️  SKIP (no Kas Besar DEBIT)  84463                     | BREW - UANG MASUK STRADA MKG 12/12/2025

  ⏭️  SKIP (no Kas Besar DEBIT)  86400                     | BREW - UANG MASUK STRADA LA.PIAZZA 11/12/2025

  ⏭️  SKIP (no Kas Besar DEBIT)  84728                     | BREW - UANG MASUK STRADA SMS 11/12/2025

  ⏭️  SKIP (no Kas Besar DEBIT)  84279                     | BREW - UANG MASUK STRADA MKG 11/12/2025

  ⏭️  SKIP (no Kas Besar DEBIT)  86249                     | BREW - UANG MASUK STRADA LA.PIAZZA 10/12/2025

  ⏭️  SKIP (no Kas Besar DEBIT)  84727                     | BREW - UANG MASUK STRADA SMS 10/12/2025

  ⏭️  SKIP (no Kas Besar DEBIT)  84511                     | BREW - UANG MASUK STRADA MKG 10/12/2025

  ⏭️  SKIP (no Kas Besar DEBIT)  86285                     | BREW - UANG MASUK STRADA LA.PIAZZA 09/12/2025

  ⏭️  SKIP (no Kas Besar DEBIT)  84974                     | BREW - UANG MASUK STRADA SMS 09/12/2025

  ⏭️  SKIP (no Kas Besar DEBIT)  84327                     | BREW - UANG MASUK STRADA MKG 09/12/2025

  ⏭️  SKIP (no Kas Besar DEBIT)  86248                     | BREW - UANG MASUK STRADA LA.PIAZZA 08/12/2025

  ⏭️  SKIP (no Kas Besar DEBIT)  84590                     | BREW - UANG MASUK STRADA SMS 08/12/2025

  ⏭️  SKIP (no Kas Besar DEBIT)  84510                     | BREW - UANG MASUK STRADA MKG 08/12/2025

  ⏭️  SKIP (no Kas Besar DEBIT)  86247                     | BREW - UANG MASUK STRADA LA.PIAZZA 07/12/2025

  ⏭️  SKIP (no Kas Besar DEBIT)  84973                     | BREW - UANG MASUK STRADA SMS 07/12/2025

  ⏭️  SKIP (no Kas Besar DEBIT)  84326                     | BREW - UANG MASUK STRADA MKG 07/12/2025

  ⏭️  SKIP (no Kas Besar DEBIT)  86246                     | BREW - UANG MASUK STRADA LA.PIAZZA 06/12/2025

  ⏭️  SKIP (no Kas Besar DEBIT)  85044                     | BREW - UANG MASUK STRADA SMS 06/12/2025

  ⏭️  SKIP (no Kas Besar DEBIT)  84462                     | BREW - UANG MASUK STRADA MKG 06/12/2025

  ⏭️  SKIP (no Kas Besar DEBIT)  86283                     | BREW - UANG MASUK STRADA LA.PIAZZA 05/12/2025

  ⏭️  SKIP (no Kas Besar DEBIT)  84725                     | BREW - UANG MASUK STRADA SMS 05/12/2025

  ⏭️  SKIP (no Kas Besar DEBIT)  84508                     | BREW - UANG MASUK STRADA MKG 05/12/2025

  ⏭️  SKIP (no Kas Besar DEBIT)  86335                     | BREW - UANG MASUK STRADA LA.PIAZZA 04/12/2025

  ⏭️  SKIP (no Kas Besar DEBIT)  84872                     | BREW - UANG MASUK STRADA SMS 04/12/2025

  ⏭️  SKIP (no Kas Besar DEBIT)  84405                     | BREW - UANG MASUK STRADA MKG 04/12/2025

  ⏭️  SKIP (no Kas Besar DEBIT)  86244                     | BREW - UANG MASUK STRADA LA.PIAZZA 03/12/2025

  ⏭️  SKIP (no Kas Besar DEBIT)  84641                     | BREW - UANG MASUK STRADA SMS 03/12/2025

  ⏭️  SKIP (no Kas Besar DEBIT)  84507                     | BREW - UANG MASUK STRADA MKG 03/12/2025

  ⏭️  SKIP (no Kas Besar DEBIT)  86333                     | BREW - UANG MASUK STRADA LA.PIAZZA 02/12/2025

  ⏭️  SKIP (no Kas Besar DEBIT)  84640                     | BREW - UANG MASUK STRADA SMS 02/12/2025

  ⏭️  SKIP (no Kas Besar DEBIT)  84372                     | BREW - UANG MASUK STRADA MKG 02/12/2025

  ⏭️  SKIP (no Kas Besar DEBIT)  86043                     | BREW - UANG MASUK STRADA LA.PIAZZA 01/12/2025

  ⏭️  SKIP (no Kas Besar DEBIT)  84687                     | BREW - UANG MASUK STRADA SMS 01/12/2025

  ⏭️  SKIP (no Kas Besar DEBIT)  84276                     | BREW - UANG MASUK STRADA MKG 01/12/2025

  ⏭️  SKIP (no Kas Besar DEBIT)  86331                     | BREW - UANG MASUK STRADA LA.PIAZZA 30/11/2025

  ⏭️  SKIP (no Kas Besar DEBIT)  84972                     | BREW - UANG MASUK STRADA SMS 30/11/2025

  ⏭️  SKIP (no Kas Besar DEBIT)  84371                     | BREW - UANG MASUK STRADA MKG 30/11/2025

  ⏭️  SKIP (no Kas Besar DEBIT)  86354                     | BREW - UANG MASUK STRADA LA.PIAZZA 29/11/2025

  ⏭️  SKIP (no Kas Besar DEBIT)  84936                     | BREW - UANG MASUK STRADA SMS 29/11/2025

  ⏭️  SKIP (no Kas Besar DEBIT)  84504                     | BREW - UANG MASUK STRADA MKG 29/11/2025

  ⏭️  SKIP (no Kas Besar DEBIT)  86242                     | BREW - UANG MASUK STRADA LA.PIAZZA 28/11/2025

  ⏭️  SKIP (no Kas Besar DEBIT)  84935                     | BREW - UANG MASUK STRADA SMS 28/11/2025

  ⏭️  SKIP (no Kas Besar DEBIT)  84459                     | BREW - UANG MASUK STRADA MKG 28/11/2025

  ⏭️  SKIP (no Kas Besar DEBIT)  86329                     | BREW - UANG MASUK STRADA LA.PIAZZA 27/11/2025

  ⏭️  SKIP (no Kas Besar DEBIT)  84851                     | BREW - UANG MASUK STRADA SMS 27/11/2025

  ⏭️  SKIP (no Kas Besar DEBIT)  84502                     | BREW - UANG MASUK STRADA MKG 27/11/2025

  ⏭️  SKIP (no Kas Besar DEBIT)  86279                     | BREW - UANG MASUK STRADA LA.PIAZZA 26/11/2025

  ⏭️  SKIP (no Kas Besar DEBIT)  84639                     | BREW - UANG MASUK STRADA SMS 26/11/2025

  ⏭️  SKIP (no Kas Besar DEBIT)  84501                     | BREW - UANG MASUK STRADA MKG 26/11/2025

  ⏭️  SKIP (no Kas Besar DEBIT)  86352                     | BREW - UANG MASUK STRADA LA.PIAZZA 25/11/2025

  ⏭️  SKIP (no Kas Besar DEBIT)  84324                     | BREW - UANG MASUK STRADA MKG 25/11/2025

  ⏭️  SKIP (no Kas Besar DEBIT)  86327                     | BREW - UANG MASUK STRADA LA.PIAZZA 24/11/2025

  ⏭️  SKIP (no Kas Besar DEBIT)  84816                     | BREW - UANG MASUK STRADA SMS 24/11/2025

  ⏭️  SKIP (no Kas Besar DEBIT)  84323                     | BREW - UANG MASUK STRADA MKG 24/11/2025

  ⏭️  SKIP (no Kas Besar DEBIT)  86240                     | BREW - UANG MASUK STRADA LA.PIAZZA 23/11/2025

  ⏭️  SKIP (no Kas Besar DEBIT)  85116                     | BREW - UANG MASUK STRADA SMS 23/11/2025

  ⏭️  SKIP (no Kas Besar DEBIT)  84369                     | BREW - UANG MASUK STRADA MKG 23/11/2025

  ⏭️  SKIP (no Kas Besar DEBIT)  86351                     | BREW - UANG MASUK STRADA LA.PIAZZA 22/11/2025

  ⏭️  SKIP (no Kas Besar DEBIT)  85059                     | BREW - UANG MASUK STRADA SMS 22/11/2025

  ⏭️  SKIP (no Kas Besar DEBIT)  84455                     | BREW - UANG MASUK STRADA MKG 22/11/2025

  ⏭️  SKIP (no Kas Besar DEBIT)  86239                     | BREW - UANG MASUK STRADA LA.PIAZZA 21/11/2025

  ⏭️  SKIP (no Kas Besar DEBIT)  84588                     | BREW - UANG MASUK STRADA SMS 21/11/2025

  ⏭️  SKIP (no Kas Besar DEBIT)  84199                     | BREW - UANG MASUK STRADA MKG 21/11/2025

  ⏭️  SKIP (no Kas Besar DEBIT)  84771                     | BREW - UANG MASUK STRADA SMS 20/11/2025

  ⏭️  SKIP (no Kas Besar DEBIT)  84322                     | BREW - UANG MASUK STRADA MKG 20/11/2025

  ⏭️  SKIP (no Kas Besar DEBIT)  86238                     | BREW - UANG MASUK STRADA LA.PIAZZA 19/11/2025

  ⏭️  SKIP (no Kas Besar DEBIT)  85114                     | BREW - UANG MASUK STRADA SMS 19/11/2025

  ⏭️  SKIP (no Kas Besar DEBIT)  84368                     | BREW - UANG MASUK STRADA MKG 19/11/2025

  ⏭️  SKIP (no Kas Besar DEBIT)  86236                     | BREW - UANG MASUK STRADA LA.PIAZZA 18/11/2025

  ⏭️  SKIP (no Kas Besar DEBIT)  84815                     | BREW - UANG MASUK STRADA SMS 18/11/2025

  ⏭️  SKIP (no Kas Besar DEBIT)  84197                     | BREW - UANG MASUK STRADA MKG 18/11/2025

  ⏭️  SKIP (no Kas Besar DEBIT)  86040                     | BREW - UANG MASUK STRADA LA.PIAZZA 17/11/2025

  ⏭️  SKIP (no Kas Besar DEBIT)  84586                     | BREW - UANG MASUK STRADA SMS 17/11/2025

  ⏭️  SKIP (no Kas Besar DEBIT)  84451                     | BREW - UANG MASUK STRADA MKG 17/11/2025

  ⏭️  SKIP (no Kas Besar DEBIT)  84932                     | BREW - UANG MASUK STRADA SMS 16/11/2025

  ⏭️  SKIP (no Kas Besar DEBIT)  84450                     | BREW - UANG MASUK STRADA MKG 16/11/2025

  ⏭️  SKIP (no Kas Besar DEBIT)  86322                     | BREW - UANG MASUK STRADA LA.PIAZZA 15/11/2025

  ⏭️  SKIP (no Kas Besar DEBIT)  84249                     | BREW - UANG MASUK STRADA SMS 15/11/2025

  ⏭️  SKIP (no Kas Besar DEBIT)  84275                     | BREW - UANG MASUK STRADA MKG 15/11/2025

  ⏭️  SKIP (no Kas Besar DEBIT)  86039                     | BREW - UANG MASUK STRADA LA.PIAZZA 14/11/2025

  ⏭️  SKIP (no Kas Besar DEBIT)  84585                     | BREW - UANG MASUK STRADA SMS 14/11/2025

  ⏭️  SKIP (no Kas Besar DEBIT)  84274                     | BREW - UANG MASUK STRADA MKG 14/11/2025

  ⏭️  SKIP (no Kas Besar DEBIT)  86276                     | BREW - UANG MASUK STRADA LA.PIAZZA 13/11/2025

  ⏭️  SKIP (no Kas Besar DEBIT)  84871                     | BREW - UANG MASUK STRADA SMS 13/11/2025

  ⏭️  SKIP (no Kas Besar DEBIT)  84216                     | BREW - UANG MASUK STRADA MKG 13/11/2025

  ⏭️  SKIP (no Kas Besar DEBIT)  86233                     | BREW - UANG MASUK STRADA LA.PIAZZA 12/11/2025

  ⏭️  SKIP (no Kas Besar DEBIT)  85058                     | BREW - UANG MASUK STRADA SMS 12/11/2025

  ⏭️  SKIP (no Kas Besar DEBIT)  84194                     | BREW - UANG MASUK STRADA MKG 12/11/2025

  ⏭️  SKIP (no Kas Besar DEBIT)  86275                     | BREW - UANG MASUK STRADA LA.PIAZZA 11/11/2025

  ⏭️  SKIP (no Kas Besar DEBIT)  84812                     | BREW - UANG MASUK STRADA SMS 11/11/2025

  ⏭️  SKIP (no Kas Besar DEBIT)  84364                     | BREW - UANG MASUK STRADA MKG 11/11/2025

  ⏭️  SKIP (no Kas Besar DEBIT)  86036                     | BREW - UANG MASUK STRADA LA.PIAZZA 10/11/2025

  ⏭️  SKIP (no Kas Besar DEBIT)  84584                     | BREW - UANG MASUK STRADA SMS 10/11/2025

  ⏭️  SKIP (no Kas Besar DEBIT)  84403                     | BREW - UANG MASUK STRADA MKG 10/11/2025

  ⏭️  SKIP (no Kas Besar DEBIT)  85847                     | BREW - UANG MASUK STRADA LA.PIAZZA 09/11/2025

  ⏭️  SKIP (no Kas Besar DEBIT)  84636                     | BREW - UANG MASUK STRADA SMS 09/11/2025

  ⏭️  SKIP (no Kas Besar DEBIT)  84192                     | BREW - UANG MASUK STRADA MKG 09/11/2025

  ⏭️  SKIP (no Kas Besar DEBIT)  86232                     | BREW - UANG MASUK STRADA LA.PIAZZA 08/11/2025

  ⏭️  SKIP (no Kas Besar DEBIT)  84683                     | BREW - UANG MASUK STRADA SMS 08/11/2025

  ⏭️  SKIP (no Kas Besar DEBIT)  84402                     | BREW - UANG MASUK STRADA MKG 08/11/2025

  ⏭️  SKIP (no Kas Besar DEBIT)  86274                     | BREW - UANG MASUK STRADA LA.PIAZZA 07/11/2025

  ⏭️  SKIP (no Kas Besar DEBIT)  84248                     | BREW - UANG MASUK STRADA SMS 07/11/2025

  ⏭️  SKIP (no Kas Besar DEBIT)  84149                     | BREW - UANG MASUK STRADA MKG 07/11/2025

  ⏭️  SKIP (no Kas Besar DEBIT)  86318                     | BREW - UANG MASUK STRADA LA.PIAZZA 06/11/2025

  ⏭️  SKIP (no Kas Besar DEBIT)  84682                     | BREW - UANG MASUK STRADA SMS 06/11/2025

  ⏭️  SKIP (no Kas Besar DEBIT)  84401                     | BREW - UANG MASUK STRADA MKG 06/11/2025

  ⏭️  SKIP (no Kas Besar DEBIT)  84633                     | BREW - UANG MASUK STRADA SMS 05/11/2025

  ⏭️  SKIP (no Kas Besar DEBIT)  84099                     | BREW - UANG MASUK STRADA MKG 05/11/2025

  ⏭️  SKIP (no Kas Besar DEBIT)  86035                     | BREW - UANG MASUK STRADA LA.PIAZZA 04/11/2025

  ⏭️  SKIP (no Kas Besar DEBIT)  84631                     | BREW - UANG MASUK STRADA SMS 04/11/2025

  ⏭️  SKIP (no Kas Besar DEBIT)  84360                     | BREW - UANG MASUK STRADA MKG 04/11/2025

  ⏭️  SKIP (no Kas Besar DEBIT)  86034                     | BREW - UANG MASUK STRADA LA.PIAZZA 03/11/2025

  ⏭️  SKIP (no Kas Besar DEBIT)  84766                     | BREW - UANG MASUK STRADA SMS 03/11/2025

  ⏭️  SKIP (no Kas Besar DEBIT)  84359                     | BREW - UANG MASUK STRADA MKG 03/11/2025

  ⏭️  SKIP (no Kas Besar DEBIT)  86228                     | BREW - UANG MASUK STRADA LA.PIAZZA 02/11/2025

  ⏭️  SKIP (no Kas Besar DEBIT)  84931                     | BREW - UANG MASUK STRADA SMS 02/11/2025

  ⏭️  SKIP (no Kas Besar DEBIT)  84096                     | BREW - UANG MASUK STRADA MKG 02/11/2025

  ⏭️  SKIP (no Kas Besar DEBIT)  86033                     | BREW - UANG MASUK STRADA LA.PIAZZA 01/11/2025

  ⏭️  SKIP (no Kas Besar DEBIT)  85112                     | BREW - UANG MASUK STRADA SMS 01/11/2025

  ⏭️  SKIP (no Kas Besar DEBIT)  84358                     | BREW - UANG MASUK STRADA MKG 01/11/2025

  ⏭️  SKIP (no Kas Besar DEBIT)  86316                     | BREW - UANG MASUK STRADA LA.PIAZZA 31/10/2025

  ⏭️  SKIP (no Kas Besar DEBIT)  85057                     | BREW - UANG MASUK STRADA SMS 31/10/2025

  ⏭️  SKIP (no Kas Besar DEBIT)  84095                     | BREW - UANG MASUK STRADA MKG 31/10/2025

  ⏭️  SKIP (no Kas Besar DEBIT)  86314                     | BREW - UANG MASUK STRADA LA.PIAZZA 30/10/2025

  ⏭️  SKIP (no Kas Besar DEBIT)  84583                     | BREW - UANG MASUK STRADA SMS 30/10/2025

  ⏭️  SKIP (no Kas Besar DEBIT)  84148                     | BREW - UANG MASUK STRADA MKG 30/10/2025

  ⏭️  SKIP (no Kas Besar DEBIT)  86227                     | BREW - UANG MASUK STRADA LA.PIAZZA 29/10/2025

  ⏭️  SKIP (no Kas Besar DEBIT)  85111                     | BREW - UANG MASUK STRADA SMS 29/10/2025

  ⏭️  SKIP (no Kas Besar DEBIT)  84356                     | BREW - UANG MASUK STRADA MKG 29/10/2025

  ⏭️  SKIP (no Kas Besar DEBIT)  86032                     | BREW - UANG MASUK STRADA LA.PIAZZA 28/10/2025

  ⏭️  SKIP (no Kas Besar DEBIT)  84582                     | BREW - UANG MASUK STRADA SMS 28/10/2025

  ⏭️  SKIP (no Kas Besar DEBIT)  84092                     | BREW - UANG MASUK STRADA MKG 28/10/2025

  ⏭️  SKIP (no Kas Besar DEBIT)  86226                     | BREW - UANG MASUK STRADA LA.PIAZZA 27/10/2025

  ⏭️  SKIP (no Kas Besar DEBIT)  84630                     | BREW - UANG MASUK STRADA SMS 27/10/2025

  ⏭️  SKIP (no Kas Besar DEBIT)  84091                     | BREW - UANG MASUK STRADA MKG 27/10/2025

  ⏭️  SKIP (no Kas Besar DEBIT)  86310                     | BREW - UANG MASUK STRADA LA.PIAZZA 26/10/2025

  ⏭️  SKIP (no Kas Besar DEBIT)  84707                     | BREW - UANG MASUK STRADA SMS 26/10/2025

  ⏭️  SKIP (no Kas Besar DEBIT)  84089                     | BREW - UANG MASUK STRADA MKG 26/10/2025

  ⏭️  SKIP (no Kas Besar DEBIT)  86269                     | BREW - UANG MASUK STRADA LA.PIAZZA 25/10/2025

  ⏭️  SKIP (no Kas Besar DEBIT)  84723                     | BREW - UANG MASUK STRADA SMS 25/10/2025

  ⏭️  SKIP (no Kas Besar DEBIT)  84273                     | BREW - UANG MASUK STRADA MKG 25/10/2025

  ⏭️  SKIP (no Kas Besar DEBIT)  85844                     | BREW - UANG MASUK STRADA LA.PIAZZA 24/10/2025

  ⏭️  SKIP (no Kas Besar DEBIT)  84706                     | BREW - UANG MASUK STRADA SMS 24/10/2025

  ⏭️  SKIP (no Kas Besar DEBIT)  84147                     | BREW - UANG MASUK STRADA MKG 24/10/2025

  ⏭️  SKIP (no Kas Besar DEBIT)  86225                     | BREW - UANG MASUK STRADA LA.PIAZZA 23/10/2025

  ⏭️  SKIP (no Kas Besar DEBIT)  84680                     | BREW - UANG MASUK STRADA SMS 23/10/2025

  ⏭️  SKIP (no Kas Besar DEBIT)  84146                     | BREW - UANG MASUK STRADA MKG 23/10/2025

  ⏭️  SKIP (no Kas Besar DEBIT)  86224                     | BREW - UANG MASUK STRADA LA.PIAZZA 22/10/2025

  ⏭️  SKIP (no Kas Besar DEBIT)  84764                     | BREW - UANG MASUK STRADA SMS 22/10/2025

  ⏭️  SKIP (no Kas Besar DEBIT)  84189                     | BREW - UANG MASUK STRADA MKG 22/10/2025

  ⏭️  SKIP (no Kas Besar DEBIT)  84808                     | BREW - UANG MASUK STRADA SMS 21/10/2025

  ⏭️  SKIP (no Kas Besar DEBIT)  84087                     | BREW - UANG MASUK STRADA MKG 21/10/2025

  ⏭️  SKIP (no Kas Besar DEBIT)  86267                     | BREW - UANG MASUK STRADA LA.PIAZZA 20/10/2025

  ⏭️  SKIP (no Kas Besar DEBIT)  84763                     | BREW - UANG MASUK STRADA SMS 20/10/2025

  ⏭️  SKIP (no Kas Besar DEBIT)  84144                     | BREW - UANG MASUK STRADA MKG 20/10/2025

  ⏭️  SKIP (no Kas Besar DEBIT)  86266                     | BREW - UANG MASUK STRADA LA.PIAZZA 19/10/2025

  ⏭️  SKIP (no Kas Besar DEBIT)  84870                     | BREW - UANG MASUK STRADA SMS 19/10/2025

  ⏭️  SKIP (no Kas Besar DEBIT)  84188                     | BREW - UANG MASUK STRADA MKG 19/10/2025

  ⏭️  SKIP (no Kas Besar DEBIT)  85109                     | BREW - UANG MASUK STRADA SMS 18/10/2025

  ⏭️  SKIP (no Kas Besar DEBIT)  84143                     | BREW - UANG MASUK STRADA MKG 18/10/2025

  ⏭️  SKIP (no Kas Besar DEBIT)  85841                     | BREW - UANG MASUK STRADA LA.PIAZZA 17/10/2025

  ⏭️  SKIP (no Kas Besar DEBIT)  84579                     | BREW - UANG MASUK STRADA SMS 17/10/2025

  ⏭️  SKIP (no Kas Besar DEBIT)  84141                     | BREW - UANG MASUK STRADA MKG 17/10/2025

  ⏭️  SKIP (no Kas Besar DEBIT)  84678                     | BREW - UANG MASUK STRADA SMS 16/10/2025

  ⏭️  SKIP (no Kas Besar DEBIT)  84271                     | BREW - UANG MASUK STRADA MKG 16/10/2025

  ⏭️  SKIP (no Kas Besar DEBIT)  86305                     | BREW - UANG MASUK STRADA LA.PIAZZA 15/10/2025

  ⏭️  SKIP (no Kas Besar DEBIT)  84805                     | BREW - UANG MASUK STRADA SMS 15/10/2025

  ⏭️  SKIP (no Kas Besar DEBIT)  84140                     | BREW - UANG MASUK STRADA MKG 15/10/2025

  ⏭️  SKIP (no Kas Besar DEBIT)  86303                     | BREW - UANG MASUK STRADA LA.PIAZZA 14/10/2025

  ⏭️  SKIP (no Kas Besar DEBIT)  84677                     | BREW - UANG MASUK STRADA SMS 14/10/2025

  ⏭️  SKIP (no Kas Besar DEBIT)  84355                     | BREW - UANG MASUK STRADA MKG 14/10/2025

  ⏭️  SKIP (no Kas Besar DEBIT)  86263                     | BREW - UANG MASUK STRADA LA.PIAZZA 13/10/2025

  ⏭️  SKIP (no Kas Besar DEBIT)  84704                     | BREW - UANG MASUK STRADA SMS 13/10/2025

  ⏭️  SKIP (no Kas Besar DEBIT)  84139                     | BREW - UANG MASUK STRADA MKG 13/10/2025

  ⏭️  SKIP (no Kas Besar DEBIT)  86030                     | BREW - UANG MASUK STRADA LA.PIAZZA 12/10/2025

  ⏭️  SKIP (no Kas Besar DEBIT)  84869                     | BREW - UANG MASUK STRADA SMS 12/10/2025

  ⏭️  SKIP (no Kas Besar DEBIT)  84085                     | BREW - UANG MASUK STRADA MKG 12/10/2025

  ⏭️  SKIP (no Kas Besar DEBIT)  86221                     | BREW - UANG MASUK STRADA LA.PIAZZA 11/10/2025

  ⏭️  SKIP (no Kas Besar DEBIT)  84626                     | BREW - UANG MASUK STRADA SMS 11/10/2025

  ⏭️  SKIP (no Kas Besar DEBIT)  84269                     | BREW - UANG MASUK STRADA MKG 11/10/2025

  ⏭️  SKIP (no Kas Besar DEBIT)  86029                     | BREW - UANG MASUK STRADA LA.PIAZZA 10/10/2025

  ⏭️  SKIP (no Kas Besar DEBIT)  84676                     | BREW - UANG MASUK STRADA SMS 10/10/2025

  ⏭️  SKIP (no Kas Besar DEBIT)  84315                     | BREW - UANG MASUK STRADA MKG 10/10/2025

  ⏭️  SKIP (no Kas Besar DEBIT)  86253                     | BREW - UANG MASUK STRADA LA.PIAZZA 09/10/2025

  ⏭️  SKIP (no Kas Besar DEBIT)  84803                     | BREW - UANG MASUK STRADA SMS 09/10/2025

  ⏭️  SKIP (no Kas Besar DEBIT)  84212                     | BREW - UANG MASUK STRADA MKG 09/10/2025

  ⏭️  SKIP (no Kas Besar DEBIT)  86252                     | BREW - UANG MASUK STRADA LA.PIAZZA 08/10/2025

  ⏭️  SKIP (no Kas Besar DEBIT)  84970                     | BREW - UANG MASUK STRADA SMS 08/10/2025

  ⏭️  SKIP (no Kas Besar DEBIT)  84354                     | BREW - UANG MASUK STRADA MKG 08/10/2025

  ⏭️  SKIP (no Kas Besar DEBIT)  86140                     | BREW - UANG MASUK STRADA LA.PIAZZA 07/10/2025

  ⏭️  SKIP (no Kas Besar DEBIT)  84577                     | BREW - UANG MASUK STRADA SMS 07/10/2025

  ⏭️  SKIP (no Kas Besar DEBIT)  84185                     | BREW - UANG MASUK STRADA MKG 07/10/2025

  ⏭️  SKIP (no Kas Besar DEBIT)  86139                     | BREW - UANG MASUK STRADA LA.PIAZZA 06/10/2025

  ⏭️  SKIP (no Kas Besar DEBIT)  84247                     | BREW - UANG MASUK STRADA SMS 06/10/2025

  ⏭️  SKIP (no Kas Besar DEBIT)  84352                     | BREW - UANG MASUK STRADA MKG 06/10/2025

  ⏭️  SKIP (no Kas Besar DEBIT)  85835                     | BREW - UANG MASUK STRADA LA.PIAZZA 05/10/2025

  ⏭️  SKIP (no Kas Besar DEBIT)  84928                     | BREW - UANG MASUK STRADA SMS 05/10/2025

  ⏭️  SKIP (no Kas Besar DEBIT)  84266                     | BREW - UANG MASUK STRADA MKG 05/10/2025

  ⏭️  SKIP (no Kas Besar DEBIT)  85834                     | BREW - UANG MASUK STRADA LA.PIAZZA 04/10/2025

  ⏭️  SKIP (no Kas Besar DEBIT)  84760                     | BREW - UANG MASUK STRADA SMS 04/10/2025

  ⏭️  SKIP (no Kas Besar DEBIT)  84211                     | BREW - UANG MASUK STRADA MKG 04/10/2025

  ⏭️  SKIP (no Kas Besar DEBIT)  85949                     | BREW - UANG MASUK STRADA LA.PIAZZA 03/10/2025

  ⏭️  SKIP (no Kas Besar DEBIT)  84575                     | BREW - UANG MASUK STRADA SMS 03/10/2025

  ⏭️  SKIP (no Kas Besar DEBIT)  84137                     | BREW - UANG MASUK STRADA MKG 03/10/2025

  ⏭️  SKIP (no Kas Besar DEBIT)  86261                     | BREW - UANG MASUK STRADA LA.PIAZZA 02/10/2025

  ⏭️  SKIP (no Kas Besar DEBIT)  84624                     | BREW - UANG MASUK STRADA SMS 02/10/2025

  ⏭️  SKIP (no Kas Besar DEBIT)  84350                     | BREW - UANG MASUK STRADA MKG 02/10/2025

  ⏭️  SKIP (no Kas Besar DEBIT)  85948                     | BREW - UANG MASUK STRADA LA.PIAZZA 01/10/2025

  ⏭️  SKIP (no Kas Besar DEBIT)  84672                     | BREW - UANG MASUK STRADA SMS 01/10/2025

  ⏭️  SKIP (no Kas Besar DEBIT)  84210                     | BREW - UANG MASUK STRADA MKG 01/10/2025

  ⏭️  SKIP (no Kas Besar DEBIT)  86214                     | BREW - UANG MASUK STRADA LA.PIAZZA 30/09/2025

  ⏭️  SKIP (no Kas Besar DEBIT)  84759                     | BREW - UANG MASUK STRADA SMS 30/09/2025

  ⏭️  SKIP (no Kas Besar DEBIT)  84048                     | BREW - UANG MASUK STRADA MKG 30/09/2025

  ⏭️  SKIP (no Kas Besar DEBIT)  84927                     | BREW - UANG MASUK STRADA SMS 29/09/2025

  ⏭️  SKIP (no Kas Besar DEBIT)  84082                     | BREW - UANG MASUK STRADA MKG 29/09/2025

  ⏭️  SKIP (no Kas Besar DEBIT)  85036                     | BREW - UANG MASUK STRADA SMS 28/09/2025

  ⏭️  SKIP (no Kas Besar DEBIT)  84135                     | BREW - UANG MASUK STRADA MKG 28/09/2025

  ⏭️  SKIP (no Kas Besar DEBIT)  84758                     | BREW - UANG MASUK STRADA SMS 27/09/2025

  ⏭️  SKIP (no Kas Besar DEBIT)  84184                     | BREW - UANG MASUK STRADA MKG 27/09/2025

  ⏭️  SKIP (no Kas Besar DEBIT)  86259                     | BREW - UANG MASUK STRADA LA.PIAZZA 26/09/2025

  ⏭️  SKIP (no Kas Besar DEBIT)  84968                     | BREW - UANG MASUK STRADA SMS 26/09/2025

  ⏭️  SKIP (no Kas Besar DEBIT)  84080                     | BREW - UANG MASUK STRADA MKG 26/09/2025

  ⏭️  SKIP (no Kas Besar DEBIT)  85829                     | BREW - UANG MASUK STRADA LA.PIAZZA 25/09/2025

  ⏭️  SKIP (no Kas Besar DEBIT)  84926                     | BREW - UANG MASUK STRADA SMS 25/09/2025

  ⏭️  SKIP (no Kas Besar DEBIT)  84079                     | BREW - UANG MASUK STRADA MKG 25/09/2025

  ⏭️  SKIP (no Kas Besar DEBIT)  86257                     | BREW - UANG MASUK STRADA LA.PIAZZA 24/09/2025

  ⏭️  SKIP (no Kas Besar DEBIT)  84574                     | BREW - UANG MASUK STRADA SMS 24/09/2025

  ⏭️  SKIP (no Kas Besar DEBIT)  84078                     | BREW - UANG MASUK STRADA MKG 24/09/2025

  ⏭️  SKIP (no Kas Besar DEBIT)  84572                     | BREW - UANG MASUK STRADA SMS 23/09/2025

  ⏭️  SKIP (no Kas Besar DEBIT)  84311                     | BREW - UANG MASUK STRADA MKG 23/09/2025

  ⏭️  SKIP (no Kas Besar DEBIT)  85827                     | BREW - UANG MASUK STRADA LA.PIAZZA 22/09/2025

  ⏭️  SKIP (no Kas Besar DEBIT)  84757                     | BREW - UANG MASUK STRADA SMS 22/09/2025

  ⏭️  SKIP (no Kas Besar DEBIT)  84077                     | BREW - UANG MASUK STRADA MKG 22/09/2025

  ⏭️  SKIP (no Kas Besar DEBIT)  84925                     | BREW - UANG MASUK STRADA SMS 21/09/2025

  ⏭️  SKIP (no Kas Besar DEBIT)  84076                     | BREW - UANG MASUK STRADA MKG 21/09/2025

  ⏭️  SKIP (no Kas Besar DEBIT)  86204                     | BREW - UANG MASUK STRADA LA.PIAZZA 20/09/2025

  ⏭️  SKIP (no Kas Besar DEBIT)  85547                     | BREW - UANG MASUK STRADA SMS 20/09/2025

  ⏭️  SKIP (no Kas Besar DEBIT)  86218                     | BREW - UANG MASUK STRADA LA.PIAZZA 19/09/2025

  ⏭️  SKIP (no Kas Besar DEBIT)  85548                     | BREW - UANG MASUK STRADA SMS 19/09/2025

  ⏭️  SKIP (no Kas Besar DEBIT)  84132                     | BREW - UANG MASUK STRADA MKG 19/09/2025

  ⏭️  SKIP (no Kas Besar DEBIT)  86132                     | BREW - UANG MASUK STRADA LA.PIAZZA 18/09/2025

  ⏭️  SKIP (no Kas Besar DEBIT)  84571                     | BREW - UANG MASUK STRADA SMS 18/09/2025

  ⏭️  SKIP (no Kas Besar DEBIT)  84047                     | BREW - UANG MASUK STRADA MKG 18/09/2025

  ⏭️  SKIP (no Kas Besar DEBIT)  85943                     | BREW - UANG MASUK STRADA LA.PIAZZA 17/09/2025

  ⏭️  SKIP (no Kas Besar DEBIT)  84670                     | BREW - UANG MASUK STRADA SMS 17/09/2025

  ⏭️  SKIP (no Kas Besar DEBIT)  84208                     | BREW - UANG MASUK STRADA MKG 17/09/2025

  ⏭️  SKIP (no Kas Besar DEBIT)  85942                     | BREW - UANG MASUK STRADA LA.PIAZZA 16/09/2025

  ⏭️  SKIP (no Kas Besar DEBIT)  85033                     | BREW - UANG MASUK STRADA SMS 16/09/2025

  ⏭️  SKIP (no Kas Besar DEBIT)  84131                     | BREW - UANG MASUK STRADA MKG 16/09/2025

  ⏭️  SKIP (no Kas Besar DEBIT)  86201                     | BREW - UANG MASUK STRADA LA.PIAZZA 15/09/2025

  ⏭️  SKIP (no Kas Besar DEBIT)  85032                     | BREW - UANG MASUK STRADA SMS 15/09/2025

  ⏭️  SKIP (no Kas Besar DEBIT)  84179                     | BREW - UANG MASUK STRADA MKG 15/09/2025

  ⏭️  SKIP (no Kas Besar DEBIT)  86068                     | BREW - UANG MASUK STRADA LA.PIAZZA 14/09/2025

  ⏭️  SKIP (no Kas Besar DEBIT)  85108                     | BREW - UANG MASUK STRADA SMS 14/09/2025

  ⏭️  SKIP (no Kas Besar DEBIT)  84309                     | BREW - UANG MASUK STRADA MKG 14/09/2025

  ⏭️  SKIP (no Kas Besar DEBIT)  86130                     | BREW - UANG MASUK STRADA LA.PIAZZA 13/09/2025

  ⏭️  SKIP (no Kas Besar DEBIT)  85031                     | BREW - UANG MASUK STRADA SMS 13/09/2025

  ⏭️  SKIP (no Kas Besar DEBIT)  84074                     | BREW - UANG MASUK STRADA MKG 13/09/2025

  ⏭️  SKIP (no Kas Besar DEBIT)  85939                     | BREW - UANG MASUK STRADA LA.PIAZZA 12/09/2025

  ⏭️  SKIP (no Kas Besar DEBIT)  84622                     | BREW - UANG MASUK STRADA SMS 12/09/2025

  ⏭️  SKIP (no Kas Besar DEBIT)  84307                     | BREW - UANG MASUK STRADA MKG 12/09/2025

  ⏭️  SKIP (no Kas Besar DEBIT)  85825                     | BREW - UANG MASUK STRADA LA.PIAZZA 11/09/2025

  ⏭️  SKIP (no Kas Besar DEBIT)  84756                     | BREW - UANG MASUK STRADA SMS 11/09/2025

  ⏭️  SKIP (no Kas Besar DEBIT)  84130                     | BREW - UANG MASUK STRADA MKG 11/09/2025

  ⏭️  SKIP (no Kas Besar DEBIT)  86067                     | BREW - UANG MASUK STRADA LA.PIAZZA 10/09/2025

  ⏭️  SKIP (no Kas Besar DEBIT)  84245                     | BREW - UANG MASUK STRADA SMS 10/09/2025

  ⏭️  SKIP (no Kas Besar DEBIT)  84129                     | BREW - UANG MASUK STRADA MKG 10/09/2025

  ⏭️  SKIP (no Kas Besar DEBIT)  85936                     | BREW - UANG MASUK STRADA LA.PIAZZA 09/09/2025

  ⏭️  SKIP (no Kas Besar DEBIT)  85053                     | BREW - UANG MASUK STRADA SMS 09/09/2025

  ⏭️  SKIP (no Kas Besar DEBIT)  84128                     | BREW - UANG MASUK STRADA MKG 09/09/2025

  ⏭️  SKIP (no Kas Besar DEBIT)  85998                     | BREW - UANG MASUK STRADA LA.PIAZZA 08/09/2025

  ⏭️  SKIP (no Kas Besar DEBIT)  84755                     | BREW - UANG MASUK STRADA SMS 08/09/2025

  ⏭️  SKIP (no Kas Besar DEBIT)  84073                     | BREW - UANG MASUK STRADA MKG 08/09/2025

  ⏭️  SKIP (no Kas Besar DEBIT)  86146                     | BREW - UANG MASUK STRADA LA.PIAZZA 07/09/2025

  ⏭️  SKIP (no Kas Besar DEBIT)  85028                     | BREW - UANG MASUK STRADA SMS 07/09/2025

  ⏭️  SKIP (no Kas Besar DEBIT)  84261                     | BREW - UANG MASUK STRADA MKG 07/09/2025

  ⏭️  SKIP (no Kas Besar DEBIT)  84665                     | BREW - UANG MASUK STRADA SMS 06/09/2025

  ⏭️  SKIP (no Kas Besar DEBIT)  84304                     | BREW - UANG MASUK STRADA MKG 06/09/2025

  ⏭️  SKIP (no Kas Besar DEBIT)  86129                     | BREW - UANG MASUK STRADA LA.PIAZZA 05/09/2025

  ⏭️  SKIP (no Kas Besar DEBIT)  85106                     | BREW - UANG MASUK STRADA SMS 05/09/2025

  ⏭️  SKIP (no Kas Besar DEBIT)  86145                     | BREW - UANG MASUK STRADA LA.PIAZZA 04/09/2025

  ⏭️  SKIP (no Kas Besar DEBIT)  84922                     | BREW - UANG MASUK STRADA SMS 04/09/2025

  ⏭️  SKIP (no Kas Besar DEBIT)  84127                     | BREW - UANG MASUK STRADA MKG 04/09/2025

  ⏭️  SKIP (no Kas Besar DEBIT)  86128                     | BREW - UANG MASUK STRADA LA.PIAZZA 03/09/2025

  ⏭️  SKIP (no Kas Besar DEBIT)  84721                     | BREW - UANG MASUK STRADA SMS 03/09/2025

  ⏭️  SKIP (no Kas Besar DEBIT)  84260                     | BREW - UANG MASUK STRADA MKG 03/09/2025

  ⏭️  SKIP (no Kas Besar DEBIT)  86022                     | BREW - UANG MASUK STRADA LA.PIAZZA 02/09/2025

  ⏭️  SKIP (no Kas Besar DEBIT)  84754                     | BREW - UANG MASUK STRADA SMS 02/09/2025

  ⏭️  SKIP (no Kas Besar DEBIT)  84042                     | BREW - UANG MASUK STRADA MKG 02/09/2025

  ⏭️  SKIP (no Kas Besar DEBIT)  86155                     | BREW - UANG MASUK STRADA LA.PIAZZA 01/09/2025

  ⏭️  SKIP (no Kas Besar DEBIT)  84921                     | BREW - UANG MASUK STRADA SMS 01/09/2025

  ⏭️  SKIP (no Kas Besar DEBIT)  84041                     | BREW - UANG MASUK STRADA MKG 01/09/2025

  ⏭️  SKIP (no Kas Besar DEBIT)  84920                     | BREW - UANG MASUK STRADA SMS 31/08/2025

  ⏭️  SKIP (no Kas Besar DEBIT)  84302                     | BREW - UANG MASUK STRADA MKG 31/08/2025

  ⏭️  SKIP (no Kas Besar DEBIT)  85934                     | BREW - UANG MASUK STRADA LA.PIAZZA 30/08/2025

  ⏭️  SKIP (no Kas Besar DEBIT)  84919                     | BREW - UANG MASUK STRADA SMS 30/08/2025

  ⏭️  SKIP (no Kas Besar DEBIT)  84205                     | BREW - UANG MASUK STRADA MKG 30/08/2025

  ⏭️  SKIP (no Kas Besar DEBIT)  86153                     | BREW - UANG MASUK STRADA LA.PIAZZA 29/08/2025

  ⏭️  SKIP (no Kas Besar DEBIT)  85026                     | BREW - UANG MASUK STRADA SMS 29/08/2025

  ⏭️  SKIP (no Kas Besar DEBIT)  84125                     | BREW - UANG MASUK STRADA MKG 29/08/2025

  ⏭️  SKIP (no Kas Besar DEBIT)  86152                     | BREW - UANG MASUK STRADA LA.PIAZZA 28/08/2025

  ⏭️  SKIP (no Kas Besar DEBIT)  84965                     | BREW - UANG MASUK STRADA SMS 28/08/2025

  ⏭️  SKIP (no Kas Besar DEBIT)  84257                     | BREW - UANG MASUK STRADA MKG 28/08/2025

  ⏭️  SKIP (no Kas Besar DEBIT)  86125                     | BREW - UANG MASUK STRADA LA.PIAZZA 27/08/2025

  ⏭️  SKIP (no Kas Besar DEBIT)  85579                     | BREW - UANG MASUK STRADA MKG 27/08/2025

  ⏭️  SKIP (no Kas Besar DEBIT)  85024                     | BREW - UANG MASUK STRADA SMS 27/08/2025

  ⏭️  SKIP (no Kas Besar DEBIT)  86173                     | BREW - UANG MASUK STRADA LA.PIAZZA 26/08/2025

  ⏭️  SKIP (no Kas Besar DEBIT)  84548                     | BREW - UANG MASUK STRADA SMS 26/08/2025

  ⏭️  SKIP (no Kas Besar DEBIT)  84175                     | BREW - UANG MASUK STRADA MKG 26/08/2025

  ⏭️  SKIP (no Kas Besar DEBIT)  86124                     | BREW - UANG MASUK STRADA LA.PIAZZA 25/08/2025

  ⏭️  SKIP (no Kas Besar DEBIT)  84570                     | BREW - UANG MASUK STRADA SMS 25/08/2025

  ⏭️  SKIP (no Kas Besar DEBIT)  86216                     | BREW - UANG MASUK STRADA LA.PIAZZA 24/08/2025

  ⏭️  SKIP (no Kas Besar DEBIT)  84751                     | BREW - UANG MASUK STRADA SMS 24/08/2025

  ⏭️  SKIP (no Kas Besar DEBIT)  86170                     | BREW - UANG MASUK STRADA LA.PIAZZA 23/08/2025

  ⏭️  SKIP (no Kas Besar DEBIT)  84866                     | BREW - UANG MASUK STRADA SMS 23/08/2025

  ⏭️  SKIP (no Kas Besar DEBIT)  86256                     | BREW - UANG MASUK STRADA LA.PIAZZA 22/08/2025

  ⏭️  SKIP (no Kas Besar DEBIT)  85022                     | BREW - UANG MASUK STRADA SMS 22/08/2025

  ⏭️  SKIP (no Kas Besar DEBIT)  84040                     | BREW - UANG MASUK STRADA MKG 22/08/2025

  ⏭️  SKIP (no Kas Besar DEBIT)  86070                     | BREW - UANG MASUK STRADA LA.PIAZZA 21/08/2025

  ⏭️  SKIP (no Kas Besar DEBIT)  85021                     | BREW - UANG MASUK STRADA SMS 21/08/2025

  ⏭️  SKIP (no Kas Besar DEBIT)  84252                     | BREW - UANG MASUK STRADA MKG 21/08/2025

  ⏭️  SKIP (no Kas Besar DEBIT)  86254                     | BREW - UANG MASUK STRADA LA.PIAZZA 20/08/2025

  ⏭️  SKIP (no Kas Besar DEBIT)  84917                     | BREW - UANG MASUK STRADA SMS 20/08/2025

  ⏭️  SKIP (no Kas Besar DEBIT)  84039                     | BREW - UANG MASUK STRADA MKG 20/08/2025

  ⏭️  SKIP (no Kas Besar DEBIT)  84848                     | BREW - UANG MASUK STRADA SMS 19/08/2025

  ⏭️  SKIP (no Kas Besar DEBIT)  84174                     | BREW - UANG MASUK STRADA MKG 19/08/2025

  ⏭️  SKIP (no Kas Besar DEBIT)  86169                     | BREW - UANG MASUK STRADA LA.PIAZZA 18/08/2025

  ⏭️  SKIP (no Kas Besar DEBIT)  85020                     | BREW - UANG MASUK STRADA SMS 18/08/2025

  ⏭️  SKIP (no Kas Besar DEBIT)  84038                     | BREW - UANG MASUK STRADA MKG 18/08/2025

  ⏭️  SKIP (no Kas Besar DEBIT)  85992                     | BREW - UANG MASUK STRADA LA.PIAZZA 17/08/2025

  ⏭️  SKIP (no Kas Besar DEBIT)  84663                     | BREW - UANG MASUK STRADA SMS 17/08/2025

  ⏭️  SKIP (no Kas Besar DEBIT)  83949                     | BREW - UANG MASUK STRADA MKG 17/08/2025

  ⏭️  SKIP (no Kas Besar DEBIT)  86136                     | BREW - UANG MASUK STRADA LA.PIAZZA 16/08/2025

  ⏭️  SKIP (no Kas Besar DEBIT)  84847                     | BREW - UANG MASUK STRADA SMS 16/08/2025

  ⏭️  SKIP (no Kas Besar DEBIT)  83948                     | BREW - UANG MASUK STRADA MKG 16/08/2025

  ⏭️  SKIP (no Kas Besar DEBIT)  86069                     | BREW - UANG MASUK STRADA LA.PIAZZA 15/08/2025

  ⏭️  SKIP (no Kas Besar DEBIT)  84449                     | BREW - UANG MASUK STRADA SMS 15/08/2025

  ⏭️  SKIP (no Kas Besar DEBIT)  83947                     | BREW - UANG MASUK STRADA MKG 15/08/2025

  ⏭️  SKIP (no Kas Besar DEBIT)  86151                     | BREW - UANG MASUK STRADA LA.PIAZZA 14/08/2025

  ⏭️  SKIP (no Kas Besar DEBIT)  84914                     | BREW - UANG MASUK STRADA SMS 14/08/2025

  ⏭️  SKIP (no Kas Besar DEBIT)  83946                     | BREW - UANG MASUK STRADA MKG 14/08/2025

  ⏭️  SKIP (no Kas Besar DEBIT)  86157                     | BREW - UANG MASUK STRADA LA.PIAZZA 13/08/2025

  ⏭️  SKIP (no Kas Besar DEBIT)  84567                     | BREW - UANG MASUK STRADA SMS 13/08/2025

  ⏭️  SKIP (no Kas Besar DEBIT)  84172                     | BREW - UANG MASUK STRADA MKG 13/08/2025

  ⏭️  SKIP (no Kas Besar DEBIT)  86121                     | BREW - UANG MASUK STRADA LA.PIAZZA 12/08/2025

  ⏭️  SKIP (no Kas Besar DEBIT)  84846                     | BREW - UANG MASUK STRADA SMS 12/08/2025

  ⏭️  SKIP (no Kas Besar DEBIT)  84120                     | BREW - UANG MASUK STRADA MKG 12/08/2025

  ⏭️  SKIP (no Kas Besar DEBIT)  85823                     | BREW - UANG MASUK STRADA LA.PIAZZA 11/08/2025

  ⏭️  SKIP (no Kas Besar DEBIT)  84566                     | BREW - UANG MASUK STRADA SMS 11/08/2025

  ⏭️  SKIP (no Kas Besar DEBIT)  84037                     | BREW - UANG MASUK STRADA MKG 11/08/2025

  ⏭️  SKIP (no Kas Besar DEBIT)  84703                     | BREW - UANG MASUK STRADA SMS 10/08/2025

  ⏭️  SKIP (no Kas Besar DEBIT)  84070                     | BREW - UANG MASUK STRADA MKG 10/08/2025

  ⏭️  SKIP (no Kas Besar DEBIT)  84845                     | BREW - UANG MASUK STRADA SMS 09/08/2025

  ⏭️  SKIP (no Kas Besar DEBIT)  84118                     | BREW - UANG MASUK STRADA MKG 09/08/2025

  ⏭️  SKIP (no Kas Besar DEBIT)  86120                     | BREW - UANG MASUK STRADA LA.PIAZZA 08/08/2025

  ⏭️  SKIP (no Kas Besar DEBIT)  84446                     | BREW - UANG MASUK STRADA SMS 08/08/2025

  ⏭️  SKIP (no Kas Besar DEBIT)  83798                     | BREW - UANG MASUK STRADA MKG 08/08/2025

  ⏭️  SKIP (no Kas Besar DEBIT)  85899                     | BREW - UANG MASUK STRADA LA.PIAZZA 07/08/2025

  ⏭️  SKIP (no Kas Besar DEBIT)  84661                     | BREW - UANG MASUK STRADA SMS 07/08/2025

  ⏭️  SKIP (no Kas Besar DEBIT)  83944                     | BREW - UANG MASUK STRADA MKG 07/08/2025

  ⏭️  SKIP (no Kas Besar DEBIT)  85988                     | BREW - UANG MASUK STRADA LA.PIAZZA 06/08/2025

  ⏭️  SKIP (no Kas Besar DEBIT)  84844                     | BREW - UANG MASUK STRADA SMS 06/08/2025

  ⏭️  SKIP (no Kas Besar DEBIT)  84170                     | BREW - UANG MASUK STRADA MKG 06/08/2025

  ⏭️  SKIP (no Kas Besar DEBIT)  85929                     | BREW - UANG MASUK STRADA LA.PIAZZA 05/08/2025

  ⏭️  SKIP (no Kas Besar DEBIT)  84244                     | BREW - UANG MASUK STRADA SMS 05/08/2025

  ⏭️  SKIP (no Kas Besar DEBIT)  84116                     | BREW - UANG MASUK STRADA MKG 05/08/2025

  ⏭️  SKIP (no Kas Besar DEBIT)  85986                     | BREW - UANG MASUK STRADA LA.PIAZZA 04/08/2025

  ⏭️  SKIP (no Kas Besar DEBIT)  84243                     | BREW - UANG MASUK STRADA SMS 04/08/2025

  ⏭️  SKIP (no Kas Besar DEBIT)  83797                     | BREW - UANG MASUK STRADA MKG 04/08/2025

  ⏭️  SKIP (no Kas Besar DEBIT)  86117                     | BREW - UANG MASUK STRADA LA.PIAZZA 03/08/2025

  ⏭️  SKIP (no Kas Besar DEBIT)  84843                     | BREW - UANG MASUK STRADA SMS 03/08/2025

  ⏭️  SKIP (no Kas Besar DEBIT)  84168                     | BREW - UANG MASUK STRADA MKG 03/08/2025

  ⏭️  SKIP (no Kas Besar DEBIT)  85985                     | BREW - UANG MASUK STRADA LA.PIAZZA 02/08/2025

  ⏭️  SKIP (no Kas Besar DEBIT)  84720                     | BREW - UANG MASUK STRADA SMS 02/08/2025

  ⏭️  SKIP (no Kas Besar DEBIT)  84167                     | BREW - UANG MASUK STRADA MKG 02/08/2025

  ⏭️  SKIP (no Kas Besar DEBIT)  86064                     | BREW - UANG MASUK STRADA LA.PIAZZA 01/08/2025

  ⏭️  SKIP (no Kas Besar DEBIT)  84620                     | BREW - UANG MASUK STRADA SMS 01/08/2025

  ⏭️  SKIP (no Kas Besar DEBIT)  84033                     | BREW - UANG MASUK STRADA MKG 01/08/2025

  ⏭️  SKIP (no Kas Besar DEBIT)  85928                     | BREW - UANG MASUK STRADA LA.PIAZZA 31/07/2025

  ⏭️  SKIP (no Kas Besar DEBIT)  84443                     | BREW - UANG MASUK STRADA SMS 31/07/2025

  ⏭️  SKIP (no Kas Besar DEBIT)  84165                     | BREW - UANG MASUK STRADA MKG 31/07/2025

  ⏭️  SKIP (no Kas Besar DEBIT)  85015                     | BREW - UANG MASUK STRADA SMS 30/07/2025

  ⏭️  SKIP (no Kas Besar DEBIT)  84067                     | BREW - UANG MASUK STRADA MKG 30/07/2025

  ⏭️  SKIP (no Kas Besar DEBIT)  85927                     | BREW - UANG MASUK STRADA LA.PIAZZA 29/07/2025

  ⏭️  SKIP (no Kas Besar DEBIT)  84842                     | BREW - UANG MASUK STRADA SMS 29/07/2025

  ⏭️  SKIP (no Kas Besar DEBIT)  83943                     | BREW - UANG MASUK STRADA MKG 29/07/2025

  ⏭️  SKIP (no Kas Besar DEBIT)  85896                     | BREW - UANG MASUK STRADA LA.PIAZZA 28/07/2025

  ⏭️  SKIP (no Kas Besar DEBIT)  84659                     | BREW - UANG MASUK STRADA SMS 28/07/2025

  ⏭️  SKIP (no Kas Besar DEBIT)  84163                     | BREW - UANG MASUK STRADA MKG 28/07/2025

  ⏭️  SKIP (no Kas Besar DEBIT)  86018                     | BREW - UANG MASUK STRADA LA.PIAZZA 27/07/2025

  ⏭️  SKIP (no Kas Besar DEBIT)  84031                     | BREW - UANG MASUK STRADA MKG 27/07/2025

  ⏭️  SKIP (no Kas Besar DEBIT)  83938                     | BREW - UANG MASUK STRADA MKG 26/07/2025

  ⏭️  SKIP (no Kas Besar DEBIT)  84024                     | BREW - UANG MASUK STRADA MKG 25/07/2025

  ⏭️  SKIP (no Kas Besar DEBIT)  86114                     | BREW - UANG MASUK STRADA LA.PIAZZA 24/07/2025

  ⏭️  SKIP (no Kas Besar DEBIT)  84108                     | BREW - UANG MASUK STRADA MKG 24/07/2025

  ⏭️  SKIP (no Kas Besar DEBIT)  85979                     | BREW - UANG MASUK STRADA LA.PIAZZA 23/07/2025

  ⏭️  SKIP (no Kas Besar DEBIT)  84023                     | BREW - UANG MASUK STRADA MKG 23/07/2025

  ⏭️  SKIP (no Kas Besar DEBIT)  86113                     | BREW - UANG MASUK STRADA LA.PIAZZA 22/07/2025

  ⏭️  SKIP (no Kas Besar DEBIT)  83936                     | BREW - UANG MASUK STRADA MKG 22/07/2025

  ⏭️  SKIP (no Kas Besar DEBIT)  85893                     | BREW - UANG MASUK STRADA LA.PIAZZA 21/07/2025

  ⏭️  SKIP (no Kas Besar DEBIT)  86062                     | BREW - UANG MASUK STRADA LA.PIAZZA 20/07/2025

  ⏭️  SKIP (no Kas Besar DEBIT)  84154                     | BREW - UANG MASUK STRADA MKG 20/07/2025

  ⏭️  SKIP (no Kas Besar DEBIT)  83549                     | BREW - UANG MASUK STRADA MKG 19/07/2025

  ⏭️  SKIP (no Kas Besar DEBIT)  85890                     | BREW - UANG MASUK STRADA LA.PIAZZA 18/07/2025

  ⏭️  SKIP (no Kas Besar DEBIT)  84058                     | BREW - UANG MASUK STRADA MKG 18/07/2025

  ⏭️  SKIP (no Kas Besar DEBIT)  85889                     | BREW - UANG MASUK STRADA LA.PIAZZA 17/07/2025

  ⏭️  SKIP (no Kas Besar DEBIT)  84107                     | BREW - UANG MASUK STRADA MKG 17/07/2025

  ⏭️  SKIP (no Kas Besar DEBIT)  85923                     | BREW - UANG MASUK STRADA LA.PIAZZA 16/07/2025

  ⏭️  SKIP (no Kas Besar DEBIT)  84162                     | BREW - UANG MASUK STRADA MKG 16/07/2025

  ⏭️  SKIP (no Kas Besar DEBIT)  85922                     | BREW - UANG MASUK STRADA LA.PIAZZA 15/07/2025

  ⏭️  SKIP (no Kas Besar DEBIT)  84066                     | BREW - UANG MASUK STRADA MKG 15/07/2025

  ⏭️  SKIP (no Kas Besar DEBIT)  86112                     | BREW - UANG MASUK STRADA LA.PIAZZA 14/07/2025

  ⏭️  SKIP (no Kas Besar DEBIT)  84113                     | BREW - UANG MASUK STRADA MKG 14/07/2025

  ⏭️  SKIP (no Kas Besar DEBIT)  85976                     | BREW - UANG MASUK STRADA LA.PIAZZA 13/07/2025

  ⏭️  SKIP (no Kas Besar DEBIT)  84065                     | BREW - UANG MASUK STRADA MKG 13/07/2025

  ⏭️  SKIP (no Kas Besar DEBIT)  85975                     | BREW - UANG MASUK STRADA LA.PIAZZA 12/07/2025

  ⏭️  SKIP (no Kas Besar DEBIT)  84151                     | BREW - UANG MASUK STRADA MKG 12/07/2025

  ⏭️  SKIP (no Kas Besar DEBIT)  86059                     | BREW - UANG MASUK STRADA LA.PIAZZA 11/07/2025

  ⏭️  SKIP (no Kas Besar DEBIT)  84202                     | BREW - UANG MASUK STRADA MKG 11/07/2025

  ⏭️  SKIP (no Kas Besar DEBIT)  84112                     | BREW - UANG MASUK STRADA MKG 10/07/2025

  ⏭️  SKIP (no Kas Besar DEBIT)  84027                     | BREW - UANG MASUK STRADA MKG 09/07/2025

  ⏭️  SKIP (no Kas Besar DEBIT)  84064                     | BREW - UANG MASUK STRADA MKG 08/07/2025

  ⏭️  SKIP (no Kas Besar DEBIT)  85918                     | BREW - UANG MASUK STRADA LA.PIAZZA 07/07/2025

  ⏭️  SKIP (no Kas Besar DEBIT)  83794                     | BREW - UANG MASUK STRADA MKG 07/07/2025

  ⏭️  SKIP (no Kas Besar DEBIT)  86016                     | BREW - UANG MASUK STRADA LA.PIAZZA 06/07/2025

  ⏭️  SKIP (no Kas Besar DEBIT)  84026                     | BREW - UANG MASUK STRADA MKG 06/07/2025

  ⏭️  SKIP (no Kas Besar DEBIT)  85972                     | BREW - UANG MASUK STRADA LA.PIAZZA 05/07/2025

  ⏭️  SKIP (no Kas Besar DEBIT)  84201                     | BREW - UANG MASUK STRADA MKG 05/07/2025

  ⏭️  SKIP (no Kas Besar DEBIT)  83941                     | BREW - UANG MASUK STRADA MKG 04/07/2025

  ⏭️  SKIP (no Kas Besar DEBIT)  85819                     | BREW - UANG MASUK STRADA LA.PIAZZA 03/07/2025

  ⏭️  SKIP (no Kas Besar DEBIT)  83940                     | BREW - UANG MASUK STRADA MKG 03/07/2025

  ⏭️  SKIP (no Kas Besar DEBIT)  85883                     | BREW - UANG MASUK STRADA LA.PIAZZA 02/07/2025

  ⏭️  SKIP (no Kas Besar DEBIT)  84056                     | BREW - UANG MASUK STRADA MKG 02/07/2025

  ⏭️  SKIP (no Kas Besar DEBIT)  86013                     | BREW - UANG MASUK STRADA LA.PIAZZA 01/07/2025

  ⏭️  SKIP (no Kas Besar DEBIT)  84061                     | BREW - UANG MASUK STRADA MKG 01/07/2025

  ⏭️  SKIP (no Kas Besar DEBIT)  85817                     | BREW - UANG MASUK STRADA LA.PIAZZA 30/06/2025

  ⏭️  SKIP (no Kas Besar DEBIT)  84157                     | BREW - UANG MASUK STRADA MKG 30/06/2025

  ⏭️  SKIP (no Kas Besar DEBIT)  84156                     | BREW - UANG MASUK STRADA MKG 29/06/2025

  ⏭️  SKIP (no Kas Besar DEBIT)  86110                     | BREW - UANG MASUK STRADA LA.PIAZZA 28/06/2025

  ⏭️  SKIP (no Kas Besar DEBIT)  84021                     | BREW - UANG MASUK STRADA MKG 28/06/2025

  ⏭️  SKIP (no Kas Besar DEBIT)  86012                     | BREW - UANG MASUK STRADA LA.PIAZZA 26/06/2025

  ⏭️  SKIP (no Kas Besar DEBIT)  84150                     | BREW - UANG MASUK STRADA MKG 26/06/2025

  ⏭️  SKIP (no Kas Besar DEBIT)  83999                     | BREW - UANG MASUK STRADA MKG 25/06/2025

  ⏭️  SKIP (no Kas Besar DEBIT)  85969                     | BREW - UANG MASUK STRADA LA.PIAZZA 24/06/2025

  ⏭️  SKIP (no Kas Besar DEBIT)  84103                     | BREW - UANG MASUK STRADA MKG 24/06/2025

  ⏭️  SKIP (no Kas Besar DEBIT)  84102                     | BREW - UANG MASUK STRADA MKG 23/06/2025

  ⏭️  SKIP (no Kas Besar DEBIT)  86054                     | BREW - UANG MASUK STRADA LA.PIAZZA 22/06/2025

  ⏭️  SKIP (no Kas Besar DEBIT)  83933                     | BREW - UANG MASUK STRADA MKG 22/06/2025

  ⏭️  SKIP (no Kas Besar DEBIT)  84018                     | BREW - UANG MASUK STRADA MKG 21/06/2025

  ⏭️  SKIP (no Kas Besar DEBIT)  83931                     | BREW - UANG MASUK STRADA MKG 20/06/2025

  ⏭️  SKIP (no Kas Besar DEBIT)  85968                     | BREW - UANG MASUK STRADA LA.PIAZZA 19/06/2025

  ⏭️  SKIP (no Kas Besar DEBIT)  84100                     | BREW - UANG MASUK STRADA MKG 19/06/2025

  ⏭️  SKIP (no Kas Besar DEBIT)  85879                     | BREW - UANG MASUK STRADA LA.PIAZZA 18/06/2025

  ⏭️  SKIP (no Kas Besar DEBIT)  83899                     | BREW - UANG MASUK STRADA MKG 18/06/2025

  ⏭️  SKIP (no Kas Besar DEBIT)  85877                     | BREW - UANG MASUK STRADA LA.PIAZZA 17/06/2025

  ⏭️  SKIP (no Kas Besar DEBIT)  83932                     | BREW - UANG MASUK STRADA MKG 17/06/2025

  ⏭️  SKIP (no Kas Besar DEBIT)  86010                     | BREW - UANG MASUK STRADA LA.PIAZZA 16/06/2025

  ⏭️  SKIP (no Kas Besar DEBIT)  83898                     | BREW - UANG MASUK STRADA MKG 16/06/2025

  ⏭️  SKIP (no Kas Besar DEBIT)  86102                     | BREW - UANG MASUK STRADA LA.PIAZZA 15/06/2025

  ⏭️  SKIP (no Kas Besar DEBIT)  83897                     | BREW - UANG MASUK STRADA MKG 15/06/2025

  ⏭️  SKIP (no Kas Besar DEBIT)  83895                     | BREW - UANG MASUK STRADA MKG 14/06/2025

  ⏭️  SKIP (no Kas Besar DEBIT)  86008                     | BREW - UANG MASUK STRADA LA.PIAZZA 13/06/2025

  ⏭️  SKIP (no Kas Besar DEBIT)  83994                     | BREW - UANG MASUK STRADA MKG 13/06/2025

  ⏭️  SKIP (no Kas Besar DEBIT)  85966                     | BREW - UANG MASUK STRADA LA.PIAZZA 12/06/2025

  ⏭️  SKIP (no Kas Besar DEBIT)  83929                     | BREW - UANG MASUK STRADA MKG 12/06/2025

  ⏭️  SKIP (no Kas Besar DEBIT)  85815                     | BREW - UANG MASUK STRADA LA.PIAZZA 11/06/2025

  ⏭️  SKIP (no Kas Besar DEBIT)  83992                     | BREW - UANG MASUK STRADA MKG 11/06/2025

  ⏭️  SKIP (no Kas Besar DEBIT)  84053                     | BREW - UANG MASUK STRADA MKG 10/06/2025

  ⏭️  SKIP (no Kas Besar DEBIT)  86100                     | BREW - UANG MASUK STRADA LA.PIAZZA 09/06/2025

  ⏭️  SKIP (no Kas Besar DEBIT)  83896                     | BREW - UANG MASUK STRADA MKG 09/06/2025

  ⏭️  SKIP (no Kas Besar DEBIT)  87450                     | BREW - UANG MASUK STRADA MKG 08/06/2025

  ⏭️  SKIP (no Kas Besar DEBIT)  87700                     | BREW - UANG MASUK STRADA MKG 07/06/2025

  ⏭️  SKIP (no Kas Besar DEBIT)  87480                     | BREW - UANG MASUK STRADA MKG 06/06/2025

  ⏭️  SKIP (no Kas Besar DEBIT)  87650                     | BREW - UANG MASUK STRADA MKG 05/06/2025

  ⏭️  SKIP (no Kas Besar DEBIT)  85911                     | BREW - UANG MASUK STRADA LA.PIAZZA 05/06/2025

  ⏭️  SKIP (no Kas Besar DEBIT)  87529                     | BREW - UANG MASUK STRADA MKG 04/06/2025

  ⏭️  SKIP (no Kas Besar DEBIT)  86051                     | BREW - UANG MASUK STRADA LA.PIAZZA 04/06/2025

  ⏭️  SKIP (no Kas Besar DEBIT)  87449                     | BREW - UANG MASUK STRADA MKG 03/06/2025

  ⏭️  SKIP (no Kas Besar DEBIT)  86007                     | BREW - UANG MASUK STRADA LA.PIAZZA 03/06/2025

  ⏭️  SKIP (no Kas Besar DEBIT)  87478                     | BREW - UANG MASUK STRADA MKG 02/06/2025

  ⏭️  SKIP (no Kas Besar DEBIT)  87448                     | BREW - UANG MASUK STRADA MKG 01/06/2025

  ⏭️  SKIP (no Kas Besar DEBIT)  87589                     | BREW - UANG MASUK STRADA MKG 31/05/2025

  ⏭️  SKIP (no Kas Besar DEBIT)  85793                     | BREW - UANG MASUK STRADA LA.PIAZZA 31/05/2025

  ⏭️  SKIP (no Kas Besar DEBIT)  87339                     | BREW - UANG MASUK STRADA MKG 30/05/2025

  ⏭️  SKIP (no Kas Besar DEBIT)  85910                     | BREW - UANG MASUK STRADA LA.PIAZZA 30/05/2025

  ⏭️  SKIP (no Kas Besar DEBIT)  87605                     | BREW - UANG MASUK STRADA MKG 29/05/2025

  ⏭️  SKIP (no Kas Besar DEBIT)  85814                     | BREW - UANG MASUK STRADA LA.PIAZZA 29/05/2025

  ⏭️  SKIP (no Kas Besar DEBIT)  87338                     | BREW - UANG MASUK STRADA MKG 28/05/2025

  ⏭️  SKIP (no Kas Besar DEBIT)  85961                     | BREW - UANG MASUK STRADA LA.PIAZZA 28/05/2025

  ⏭️  SKIP (no Kas Besar DEBIT)  87588                     | BREW - UANG MASUK STRADA MKG 27/05/2025

  ⏭️  SKIP (no Kas Besar DEBIT)  87604                     | BREW - UANG MASUK STRADA MKG 26/05/2025

  ⏭️  SKIP (no Kas Besar DEBIT)  85789                     | BREW - UANG MASUK STRADA LA.PIAZZA 26/05/2025

  ⏭️  SKIP (no Kas Besar DEBIT)  87447                     | BREW - UANG MASUK STRADA MKG 25/05/2025

  ⏭️  SKIP (no Kas Besar DEBIT)  87398                     | BREW - UANG MASUK STRADA MKG 24/05/2025

  ⏭️  SKIP (no Kas Besar DEBIT)  87526                     | BREW - UANG MASUK STRADA MKG 23/05/2025

  ⏭️  SKIP (no Kas Besar DEBIT)  87476                     | BREW - UANG MASUK STRADA MKG 22/05/2025

  ⏭️  SKIP (no Kas Besar DEBIT)  85908                     | BREW - UANG MASUK STRADA LA.PIAZZA 22/05/2025

  ⏭️  SKIP (no Kas Besar DEBIT)  87445                     | BREW - UANG MASUK STRADA MKG 21/05/2025

  ⏭️  SKIP (no Kas Besar DEBIT)  87602                     | BREW - UANG MASUK STRADA MKG 20/05/2025

  ⏭️  SKIP (no Kas Besar DEBIT)  85648                     | BREW - UANG MASUK STRADA LA.PIAZZA 20/05/2025

  ⏭️  SKIP (no Kas Besar DEBIT)  87443                     | BREW - UANG MASUK STRADA MKG 19/05/2025

  ⏭️  SKIP (no Kas Besar DEBIT)  87442                     | BREW - UANG MASUK STRADA MKG 18/05/2025

  ⏭️  SKIP (no Kas Besar DEBIT)  87601                     | BREW - UANG MASUK STRADA MKG 17/05/2025

  ⏭️  SKIP (no Kas Besar DEBIT)  85812                     | BREW - UANG MASUK STRADA LA.PIAZZA 17/05/2025

  ⏭️  SKIP (no Kas Besar DEBIT)  87600                     | BREW - UANG MASUK STRADA MKG 16/05/2025

  ⏭️  SKIP (no Kas Besar DEBIT)  87299                     | BREW - UANG MASUK STRADA MKG 15/05/2025

  ⏭️  SKIP (no Kas Besar DEBIT)  87475                     | BREW - UANG MASUK STRADA MKG 14/05/2025

  ⏭️  SKIP (no Kas Besar DEBIT)  86001                     | BREW - UANG MASUK STRADA LA.PIAZZA 14/05/2025

  ⏭️  SKIP (no Kas Besar DEBIT)  87525                     | BREW - UANG MASUK STRADA MKG 13/05/2025

  ⏭️  SKIP (no Kas Besar DEBIT)  85785                     | BREW - UANG MASUK STRADA LA.PIAZZA 13/05/2025

  ⏭️  SKIP (no Kas Besar DEBIT)  87336                     | BREW - UANG MASUK STRADA MKG 12/05/2025

  ⏭️  SKIP (no Kas Besar DEBIT)  87440                     | BREW - UANG MASUK STRADA MKG 11/05/2025

  ⏭️  SKIP (no Kas Besar DEBIT)  87439                     | BREW - UANG MASUK STRADA MKG 10/05/2025

  ⏭️  SKIP (no Kas Besar DEBIT)  86000                     | BREW - UANG MASUK STRADA LA.PIAZZA 10/05/2025

  ⏭️  SKIP (no Kas Besar DEBIT)  87523                     | BREW - UANG MASUK STRADA MKG 09/05/2025

  ⏭️  SKIP (no Kas Besar DEBIT)  85866                     | BREW - UANG MASUK STRADA LA.PIAZZA 09/05/2025

  ⏭️  SKIP (no Kas Besar DEBIT)  87394                     | BREW - UANG MASUK STRADA MKG 08/05/2025

  ⏭️  SKIP (no Kas Besar DEBIT)  85784                     | BREW - UANG MASUK STRADA LA.PIAZZA 08/05/2025

  ⏭️  SKIP (no Kas Besar DEBIT)  87334                     | BREW - UANG MASUK STRADA MKG 07/05/2025

  ⏭️  SKIP (no Kas Besar DEBIT)  85906                     | BREW - UANG MASUK STRADA LA.PIAZZA 07/05/2025

  ⏭️  SKIP (no Kas Besar DEBIT)  87522                     | BREW - UANG MASUK STRADA MKG 06/05/2025

  ⏭️  SKIP (no Kas Besar DEBIT)  85951                     | BREW - UANG MASUK STRADA LA.PIAZZA 06/05/2025

  ⏭️  SKIP (no Kas Besar DEBIT)  87521                     | BREW - UANG MASUK STRADA MKG 05/05/2025

  ⏭️  SKIP (no Kas Besar DEBIT)  85905                     | BREW - UANG MASUK STRADA LA.PIAZZA 05/05/2025

  ⏭️  SKIP (no Kas Besar DEBIT)  87438                     | BREW - UANG MASUK STRADA MKG 04/05/2025

  ⏭️  SKIP (no Kas Besar DEBIT)  87391                     | BREW - UANG MASUK STRADA MKG 03/05/2025

  ⏭️  SKIP (no Kas Besar DEBIT)  85645                     | BREW - UANG MASUK STRADA LA.PIAZZA 03/05/2025

  ⏭️  SKIP (no Kas Besar DEBIT)  87332                     | BREW - UANG MASUK STRADA MKG 02/05/2025

  ⏭️  SKIP (no Kas Besar DEBIT)  85780                     | BREW - UANG MASUK STRADA LA.PIAZZA 02/05/2025

  ⏭️  SKIP (no Kas Besar DEBIT)  87295                     | BREW - UANG MASUK STRADA MKG 01/05/2025

  ⏭️  SKIP (no Kas Besar DEBIT)  87437                     | BREW - UANG MASUK STRADA MKG 30/04/2025

  ⏭️  SKIP (no Kas Besar DEBIT)  85644                     | BREW - UANG MASUK STRADA LA.PIAZZA 30/04/2025

  ⏭️  SKIP (no Kas Besar DEBIT)  87436                     | BREW - UANG MASUK STRADA MKG 29/04/2025

  ⏭️  SKIP (no Kas Besar DEBIT)  85809                     | BREW - UANG MASUK STRADA LA.PIAZZA 29/04/2025

  ⏭️  SKIP (no Kas Besar DEBIT)  87582                     | BREW - UANG MASUK STRADA MKG 28/04/2025

  ⏭️  SKIP (no Kas Besar DEBIT)  85448                     | BREW - UANG MASUK STRADA LA.PIAZZA 28/04/2025

  ⏭️  SKIP (no Kas Besar DEBIT)  87293                     | BREW - UANG MASUK STRADA MKG 27/04/2025

  ⏭️  SKIP (no Kas Besar DEBIT)  85863                     | BREW - UANG MASUK STRADA LA.PIAZZA 27/04/2025

  ⏭️  SKIP (no Kas Besar DEBIT)  87435                     | BREW - UANG MASUK STRADA MKG 26/04/2025

  ⏭️  SKIP (no Kas Besar DEBIT)  85447                     | BREW - UANG MASUK STRADA LA.PIAZZA 26/04/2025

  ⏭️  SKIP (no Kas Besar DEBIT)  87330                     | BREW - UANG MASUK STRADA MKG 25/04/2025

  ⏭️  SKIP (no Kas Besar DEBIT)  85446                     | BREW - UANG MASUK STRADA LA.PIAZZA 25/04/2025

  ⏭️  SKIP (no Kas Besar DEBIT)  87329                     | BREW - UANG MASUK STRADA MKG 24/04/2025

  ⏭️  SKIP (no Kas Besar DEBIT)  87581                     | BREW - UANG MASUK STRADA MKG 23/04/2025

  ⏭️  SKIP (no Kas Besar DEBIT)  85901                     | BREW - UANG MASUK STRADA LA.PIAZZA 23/04/2025

  ⏭️  SKIP (no Kas Besar DEBIT)  87328                     | BREW - UANG MASUK STRADA MKG 22/04/2025

  ⏭️  SKIP (no Kas Besar DEBIT)  85445                     | BREW - UANG MASUK STRADA LA.PIAZZA 22/04/2025

  ⏭️  SKIP (no Kas Besar DEBIT)  87327                     | BREW - UANG MASUK STRADA MKG 21/04/2025

  ⏭️  SKIP (no Kas Besar DEBIT)  85950                     | BREW - UANG MASUK STRADA LA.PIAZZA 21/04/2025

  ⏭️  SKIP (no Kas Besar DEBIT)  87388                     | BREW - UANG MASUK STRADA MKG 20/04/2025

  ⏭️  SKIP (no Kas Besar DEBIT)  85699                     | BREW - UANG MASUK STRADA LA.PIAZZA 20/04/2025

  ⏭️  SKIP (no Kas Besar DEBIT)  87326                     | BREW - UANG MASUK STRADA MKG 19/04/2025

  ⏭️  SKIP (no Kas Besar DEBIT)  86024                     | BREW - UANG MASUK STRADA LA.PIAZZA 19/04/2025

  ⏭️  SKIP (no Kas Besar DEBIT)  87433                     | BREW - UANG MASUK STRADA MKG 18/04/2025

  ⏭️  SKIP (no Kas Besar DEBIT)  87579                     | BREW - UANG MASUK STRADA MKG 17/04/2025

  ⏭️  SKIP (no Kas Besar DEBIT)  87517                     | BREW - UANG MASUK STRADA MKG 16/04/2025

  ⏭️  SKIP (no Kas Besar DEBIT)  87292                     | BREW - UANG MASUK STRADA MKG 15/04/2025

  ⏭️  SKIP (no Kas Besar DEBIT)  85698                     | BREW - UANG MASUK STRADA LA.PIAZZA 15/04/2025

  ⏭️  SKIP (no Kas Besar DEBIT)  87291                     | BREW - UANG MASUK STRADA MKG 14/04/2025

  ⏭️  SKIP (no Kas Besar DEBIT)  85696                     | BREW - UANG MASUK STRADA LA.PIAZZA 14/04/2025

  ⏭️  SKIP (no Kas Besar DEBIT)  87432                     | BREW - UANG MASUK STRADA MKG 12/04/2025

  ⏭️  SKIP (no Kas Besar DEBIT)  87289                     | BREW - UANG MASUK STRADA MKG 11/04/2025

  ⏭️  SKIP (no Kas Besar DEBIT)  85640                     | BREW - UANG MASUK STRADA LA.PIAZZA 11/04/2025

  ⏭️  SKIP (no Kas Besar DEBIT)  87431                     | BREW - UANG MASUK STRADA MKG 10/04/2025

  ⏭️  SKIP (no Kas Besar DEBIT)  85694                     | BREW - UANG MASUK STRADA LA.PIAZZA 10/04/2025

  ⏭️  SKIP (no Kas Besar DEBIT)  87577                     | BREW - UANG MASUK STRADA MKG 09/04/2025

  ⏭️  SKIP (no Kas Besar DEBIT)  85638                     | BREW - UANG MASUK STRADA LA.PIAZZA 09/04/2025

  ⏭️  SKIP (no Kas Besar DEBIT)  87430                     | BREW - UANG MASUK STRADA MKG 08/04/2025

  ⏭️  SKIP (no Kas Besar DEBIT)  85853                     | BREW - UANG MASUK STRADA LA.PIAZZA 08/04/2025

  ⏭️  SKIP (no Kas Besar DEBIT)  87386                     | BREW - UANG MASUK STRADA MKG 07/04/2025

  ⏭️  SKIP (no Kas Besar DEBIT)  85693                     | BREW - UANG MASUK STRADA LA.PIAZZA 07/04/2025

  ⏭️  SKIP (no Kas Besar DEBIT)  87286                     | BREW - UANG MASUK STRADA MKG 06/04/2025

  ⏭️  SKIP (no Kas Besar DEBIT)  85747                     | BREW - UANG MASUK STRADA LA.PIAZZA 06/04/2025

  ⏭️  SKIP (no Kas Besar DEBIT)  87469                     | BREW - UANG MASUK STRADA MKG 05/04/2025

  ⏭️  SKIP (no Kas Besar DEBIT)  85805                     | BREW - UANG MASUK STRADA LA.PIAZZA 05/04/2025

  ⏭️  SKIP (no Kas Besar DEBIT)  87468                     | BREW - UANG MASUK STRADA MKG 04/04/2025

  ⏭️  SKIP (no Kas Besar DEBIT)  85774                     | BREW - UANG MASUK STRADA LA.PIAZZA 04/04/2025

  ⏭️  SKIP (no Kas Besar DEBIT)  87385                     | BREW - UANG MASUK STRADA MKG 03/04/2025

  ⏭️  SKIP (no Kas Besar DEBIT)  85850                     | BREW - UANG MASUK STRADA LA.PIAZZA 03/04/2025

  ⏭️  SKIP (no Kas Besar DEBIT)  87466                     | BREW - UANG MASUK STRADA MKG 02/04/2025

  ⏭️  SKIP (no Kas Besar DEBIT)  87428                     | BREW - UANG MASUK STRADA MKG 01/04/2025

  ⏭️  SKIP (no Kas Besar DEBIT)  87384                     | BREW - UANG MASUK STRADA MKG 31/03/2025

  ⏭️  SKIP (no Kas Besar DEBIT)  87427                     | BREW - UANG MASUK STRADA MKG 30/03/2025

  ⏭️  SKIP (no Kas Besar DEBIT)  87285                     | BREW - UANG MASUK STRADA MKG 29/03/2025

  ⏭️  SKIP (no Kas Besar DEBIT)  85771                     | BREW - UANG MASUK STRADA LA.PIAZZA 29/03/2025

  ⏭️  SKIP (no Kas Besar DEBIT)  87575                     | BREW - UANG MASUK STRADA MKG 28/03/2025

  ⏭️  SKIP (no Kas Besar DEBIT)  87284                     | BREW - UANG MASUK STRADA MKG 27/03/2025

  ⏭️  SKIP (no Kas Besar DEBIT)  85636                     | BREW - UANG MASUK STRADA LA.PIAZZA 27/03/2025

  ⏭️  SKIP (no Kas Besar DEBIT)  87383                     | BREW - UANG MASUK STRADA MKG 26/03/2025

  ⏭️  SKIP (no Kas Besar DEBIT)  87574                     | BREW - UANG MASUK STRADA MKG 25/03/2025

  ⏭️  SKIP (no Kas Besar DEBIT)  85634                     | BREW - UANG MASUK STRADA LA.PIAZZA 25/03/2025

  ⏭️  SKIP (no Kas Besar DEBIT)  87382                     | BREW - UANG MASUK STRADA MKG 24/03/2025

  ⏭️  SKIP (no Kas Besar DEBIT)  85802                     | BREW - UANG MASUK STRADA LA.PIAZZA 24/03/2025

  ⏭️  SKIP (no Kas Besar DEBIT)  87381                     | BREW - UANG MASUK STRADA MKG 23/03/2025

  ⏭️  SKIP (no Kas Besar DEBIT)  87465                     | BREW - UANG MASUK STRADA MKG 22/03/2025

  ⏭️  SKIP (no Kas Besar DEBIT)  87283                     | BREW - UANG MASUK STRADA MKG 21/03/2025

  ⏭️  SKIP (no Kas Besar DEBIT)  85344                     | BREW - UANG MASUK STRADA LA.PIAZZA 21/03/2025

  ⏭️  SKIP (no Kas Besar DEBIT)  87380                     | BREW - UANG MASUK STRADA MKG 20/03/2025

  ⏭️  SKIP (no Kas Besar DEBIT)  85770                     | BREW - UANG MASUK STRADA LA.PIAZZA 20/03/2025

  ⏭️  SKIP (no Kas Besar DEBIT)  87572                     | BREW - UANG MASUK STRADA MKG 19/03/2025

  ⏭️  SKIP (no Kas Besar DEBIT)  85741                     | BREW - UANG MASUK STRADA LA.PIAZZA 19/03/2025

  ⏭️  SKIP (no Kas Besar DEBIT)  87378                     | BREW - UANG MASUK STRADA MKG 18/03/2025

  ⏭️  SKIP (no Kas Besar DEBIT)  85800                     | BREW - UANG MASUK STRADA LA.PIAZZA 18/03/2025

  ⏭️  SKIP (no Kas Besar DEBIT)  87570                     | BREW - UANG MASUK STRADA MKG 17/03/2025

  ⏭️  SKIP (no Kas Besar DEBIT)  85632                     | BREW - UANG MASUK STRADA LA.PIAZZA 17/03/2025

  ⏭️  SKIP (no Kas Besar DEBIT)  87425                     | BREW - UANG MASUK STRADA MKG 16/03/2025

  ⏭️  SKIP (no Kas Besar DEBIT)  85769                     | BREW - UANG MASUK STRADA LA.PIAZZA 16/03/2025

  ⏭️  SKIP (no Kas Besar DEBIT)  87462                     | BREW - UANG MASUK STRADA MKG 15/03/2025

  ⏭️  SKIP (no Kas Besar DEBIT)  85343                     | BREW - UANG MASUK STRADA LA.PIAZZA 15/03/2025

  ⏭️  SKIP (no Kas Besar DEBIT)  87377                     | BREW - UANG MASUK STRADA MKG 14/03/2025

  ⏭️  SKIP (no Kas Besar DEBIT)  85767                     | BREW - UANG MASUK STRADA LA.PIAZZA 14/03/2025

  ⏭️  SKIP (no Kas Besar DEBIT)  87376                     | BREW - UANG MASUK STRADA MKG 13/03/2025

  ⏭️  SKIP (no Kas Besar DEBIT)  85631                     | BREW - UANG MASUK STRADA LA.PIAZZA 13/03/2025

  ⏭️  SKIP (no Kas Besar DEBIT)  87322                     | BREW - UANG MASUK STRADA MKG 12/03/2025

  ⏭️  SKIP (no Kas Besar DEBIT)  85687                     | BREW - UANG MASUK STRADA LA.PIAZZA 12/03/2025

  ⏭️  SKIP (no Kas Besar DEBIT)  87279                     | BREW - UANG MASUK STRADA MKG 11/03/2025

  ⏭️  SKIP (no Kas Besar DEBIT)  85630                     | BREW - UANG MASUK STRADA LA.PIAZZA 11/03/2025

  ⏭️  SKIP (no Kas Besar DEBIT)  87375                     | BREW - UANG MASUK STRADA MKG 10/03/2025

  ⏭️  SKIP (no Kas Besar DEBIT)  85342                     | BREW - UANG MASUK STRADA LA.PIAZZA 10/03/2025

  ⏭️  SKIP (no Kas Besar DEBIT)  87420                     | BREW - UANG MASUK STRADA MKG 09/03/2025

  ⏭️  SKIP (no Kas Besar DEBIT)  87461                     | BREW - UANG MASUK STRADA MKG 08/03/2025

  ⏭️  SKIP (no Kas Besar DEBIT)  85341                     | BREW - UANG MASUK STRADA LA.PIAZZA 08/03/2025

  ⏭️  SKIP (no Kas Besar DEBIT)  87569                     | BREW - UANG MASUK STRADA MKG 07/03/2025

  ⏭️  SKIP (no Kas Besar DEBIT)  85735                     | BREW - UANG MASUK STRADA LA.PIAZZA 07/03/2025

  ⏭️  SKIP (no Kas Besar DEBIT)  87460                     | BREW - UANG MASUK STRADA MKG 06/03/2025

  ⏭️  SKIP (no Kas Besar DEBIT)  85684                     | BREW - UANG MASUK STRADA LA.PIAZZA 06/03/2025

  ⏭️  SKIP (no Kas Besar DEBIT)  87568                     | BREW - UANG MASUK STRADA MKG 05/03/2025

  ⏭️  SKIP (no Kas Besar DEBIT)  85629                     | BREW - UANG MASUK STRADA LA.PIAZZA 05/03/2025

  ⏭️  SKIP (no Kas Besar DEBIT)  87459                     | BREW - UANG MASUK STRADA MKG 04/03/2025

  ⏭️  SKIP (no Kas Besar DEBIT)  85681                     | BREW - UANG MASUK STRADA LA.PIAZZA 04/03/2025

  ⏭️  SKIP (no Kas Besar DEBIT)  87567                     | BREW - UANG MASUK STRADA MKG 03/03/2025

  ⏭️  SKIP (no Kas Besar DEBIT)  85762                     | BREW - UANG MASUK STRADA LA.PIAZZA 03/03/2025

  ⏭️  SKIP (no Kas Besar DEBIT)  87277                     | BREW - UANG MASUK STRADA MKG 02/03/2025

  ⏭️  SKIP (no Kas Besar DEBIT)  85399                     | BREW - UANG MASUK STRADA LA.PIAZZA 02/03/2025

  ⏭️  SKIP (no Kas Besar DEBIT)  87374                     | BREW - UANG MASUK STRADA MKG 01/03/2025

  ⏭️  SKIP (no Kas Besar DEBIT)  85397                     | BREW - UANG MASUK STRADA LA.PIAZZA 01/03/2025

  ⏭️  SKIP (no Kas Besar DEBIT)  87415                     | BREW - UANG MASUK STRADA MKG 28/02/2025

  ⏭️  SKIP (no Kas Besar DEBIT)  85679                     | BREW - UANG MASUK STRADA LA.PIAZZA 28/02/2025

  ⏭️  SKIP (no Kas Besar DEBIT)  87319                     | BREW - UANG MASUK STRADA MKG 27/02/2025

  ⏭️  SKIP (no Kas Besar DEBIT)  85627                     | BREW - UANG MASUK STRADA LA.PIAZZA 27/02/2025

  ⏭️  SKIP (no Kas Besar DEBIT)  87565                     | BREW - UANG MASUK STRADA MKG 26/02/2025

  ⏭️  SKIP (no Kas Besar DEBIT)  85733                     | BREW - UANG MASUK STRADA LA.PIAZZA 26/02/2025

  ⏭️  SKIP (no Kas Besar DEBIT)  87276                     | BREW - UANG MASUK STRADA MKG 25/02/2025

  ⏭️  SKIP (no Kas Besar DEBIT)  85731                     | BREW - UANG MASUK STRADA LA.PIAZZA 25/02/2025

  ⏭️  SKIP (no Kas Besar DEBIT)  87318                     | BREW - UANG MASUK STRADA MKG 24/02/2025

  ⏭️  SKIP (no Kas Besar DEBIT)  85761                     | BREW - UANG MASUK STRADA LA.PIAZZA 24/02/2025

  ⏭️  SKIP (no Kas Besar DEBIT)  87371                     | BREW - UANG MASUK STRADA MKG 23/02/2025

  ⏭️  SKIP (no Kas Besar DEBIT)  85730                     | BREW - UANG MASUK STRADA LA.PIAZZA 23/02/2025

  ⏭️  SKIP (no Kas Besar DEBIT)  87275                     | BREW - UANG MASUK STRADA MKG 22/02/2025

  ⏭️  SKIP (no Kas Besar DEBIT)  85340                     | BREW - UANG MASUK STRADA LA.PIAZZA 22/02/2025

  ⏭️  SKIP (no Kas Besar DEBIT)  87317                     | BREW - UANG MASUK STRADA MKG 21/02/2025

  ⏭️  SKIP (no Kas Besar DEBIT)  85396                     | BREW - UANG MASUK STRADA LA.PIAZZA 21/02/2025

  ⏭️  SKIP (no Kas Besar DEBIT)  87564                     | BREW - UANG MASUK STRADA MKG 20/02/2025

  ⏭️  SKIP (no Kas Besar DEBIT)  85727                     | BREW - UANG MASUK STRADA LA.PIAZZA 20/02/2025

  ⏭️  SKIP (no Kas Besar DEBIT)  87273                     | BREW - UANG MASUK STRADA MKG 19/02/2025

  ⏭️  SKIP (no Kas Besar DEBIT)  85677                     | BREW - UANG MASUK STRADA LA.PIAZZA 19/02/2025

  ⏭️  SKIP (no Kas Besar DEBIT)  87370                     | BREW - UANG MASUK STRADA MKG 18/02/2025

  ⏭️  SKIP (no Kas Besar DEBIT)  85338                     | BREW - UANG MASUK STRADA LA.PIAZZA 18/02/2025

  ⏭️  SKIP (no Kas Besar DEBIT)  87369                     | BREW - UANG MASUK STRADA MKG 17/02/2025

  ⏭️  SKIP (no Kas Besar DEBIT)  85437                     | BREW - UANG MASUK STRADA LA.PIAZZA 17/02/2025

  ⏭️  SKIP (no Kas Besar DEBIT)  87270                     | BREW - UANG MASUK STRADA MKG 16/02/2025

  ⏭️  SKIP (no Kas Besar DEBIT)  85337                     | BREW - UANG MASUK STRADA LA.PIAZZA 16/02/2025

  ⏭️  SKIP (no Kas Besar DEBIT)  87314                     | BREW - UANG MASUK STRADA MKG 15/02/2025

  ⏭️  SKIP (no Kas Besar DEBIT)  85336                     | BREW - UANG MASUK STRADA LA.PIAZZA 15/02/2025

  ⏭️  SKIP (no Kas Besar DEBIT)  87269                     | BREW - UANG MASUK STRADA MKG 14/02/2025

  ⏭️  SKIP (no Kas Besar DEBIT)  85436                     | BREW - UANG MASUK STRADA LA.PIAZZA 14/02/2025

  ⏭️  SKIP (no Kas Besar DEBIT)  87457                     | BREW - UANG MASUK STRADA MKG 13/02/2025

  ⏭️  SKIP (no Kas Besar DEBIT)  85725                     | BREW - UANG MASUK STRADA LA.PIAZZA 13/02/2025

  ⏭️  SKIP (no Kas Besar DEBIT)  87562                     | BREW - UANG MASUK STRADA MKG 12/02/2025

  ⏭️  SKIP (no Kas Besar DEBIT)  85395                     | BREW - UANG MASUK STRADA LA.PIAZZA 12/02/2025

  ⏭️  SKIP (no Kas Besar DEBIT)  87312                     | BREW - UANG MASUK STRADA MKG 11/02/2025

  ⏭️  SKIP (no Kas Besar DEBIT)  85335                     | BREW - UANG MASUK STRADA LA.PIAZZA 11/02/2025

  ⏭️  SKIP (no Kas Besar DEBIT)  87561                     | BREW - UANG MASUK STRADA MKG 10/02/2025

  ⏭️  SKIP (no Kas Besar DEBIT)  85434                     | BREW - UANG MASUK STRADA LA.PIAZZA 10/02/2025

  ⏭️  SKIP (no Kas Besar DEBIT)  87560                     | BREW - UANG MASUK STRADA MKG 09/02/2025

  ⏭️  SKIP (no Kas Besar DEBIT)  85723                     | BREW - UANG MASUK STRADA LA.PIAZZA 09/02/2025

  ⏭️  SKIP (no Kas Besar DEBIT)  87411                     | BREW - UANG MASUK STRADA MKG 08/02/2025

  ⏭️  SKIP (no Kas Besar DEBIT)  85754                     | BREW - UANG MASUK STRADA LA.PIAZZA 08/02/2025

  ⏭️  SKIP (no Kas Besar DEBIT)  87266                     | BREW - UANG MASUK STRADA MKG 07/02/2025

  ⏭️  SKIP (no Kas Besar DEBIT)  85752                     | BREW - UANG MASUK STRADA LA.PIAZZA 07/02/2025

  ⏭️  SKIP (no Kas Besar DEBIT)  87310                     | BREW - UANG MASUK STRADA MKG 06/02/2025

  ⏭️  SKIP (no Kas Besar DEBIT)  85722                     | BREW - UANG MASUK STRADA LA.PIAZZA 06/02/2025

  ⏭️  SKIP (no Kas Besar DEBIT)  87367                     | BREW - UANG MASUK STRADA MKG 05/02/2025

  ⏭️  SKIP (no Kas Besar DEBIT)  85674                     | BREW - UANG MASUK STRADA LA.PIAZZA 05/02/2025

  ⏭️  SKIP (no Kas Besar DEBIT)  87366                     | BREW - UANG MASUK STRADA MKG 04/02/2025

  ⏭️  SKIP (no Kas Besar DEBIT)  85673                     | BREW - UANG MASUK STRADA LA.PIAZZA 04/02/2025

  ⏭️  SKIP (no Kas Besar DEBIT)  87558                     | BREW - UANG MASUK STRADA MKG 03/02/2025

  ⏭️  SKIP (no Kas Besar DEBIT)  85669                     | BREW - UANG MASUK STRADA LA.PIAZZA 03/02/2025

  ⏭️  SKIP (no Kas Besar DEBIT)  87264                     | BREW - UANG MASUK STRADA MKG 02/02/2025

  ⏭️  SKIP (no Kas Besar DEBIT)  85391                     | BREW - UANG MASUK STRADA LA.PIAZZA 02/02/2025

  ⏭️  SKIP (no Kas Besar DEBIT)  87365                     | BREW - UANG MASUK STRADA MKG 01/02/2025

  ⏭️  SKIP (no Kas Besar DEBIT)  85718                     | BREW - UANG MASUK STRADA LA.PIAZZA 01/02/2025

Perlu diubah       : 105
Tidak ada perubahan: 1236
Gagal fetch detail : 0

Daftar jurnal yang akan diubah:
  85426                     | 11/04/2026   | BREW - UANG MASUK STRADA SMB 10/04/2026
    Baris 2: DEBIT 1000.01.12 → 1000.02.07  (Rp 151.305)
  86605                     | 04/04/2026   | BREW - UANG MASUK STRADA LA.PIAZZA 03/04/2026
    Baris 2: DEBIT 1000.01.01 → 1000.02.01  (Rp 54.285)
  85707                     | 03/04/2026   | BREW - UANG MASUK STRADA SMB 02/04/2026
    Baris 2: DEBIT 1000.01.12 → 1000.02.07  (Rp 210.210)
  85705                     | 28/03/2026   | BREW - UANG MASUK STRADA SMB 27/03/2026
    Baris 2: DEBIT 1000.01.12 → 1000.02.07  (Rp 1.121.505)
  85583                     | 28/03/2026   | BREW - UANG MASUK STRADA BSD 27/03/2026
    Baris 2: DEBIT 1000.01.10 → 1000.02.06  (Rp 69.300)
  85655                     | 27/03/2026   | BREW - UANG MASUK STRADA SMB 26/03/2026
    Baris 2: DEBIT 1000.01.12 → 1000.02.07  (Rp 200.970)
  85671                     | 12/03/2026   | BREW - UANG MASUK STRADA SMB 11/03/2026
    Baris 2: DEBIT 1000.01.12 → 1000.02.07  (Rp 192.885)
  86567                     | 06/03/2026   | BREW - UANG MASUK STRADA LA.PIAZZA 05/03/2026
    Baris 2: DEBIT 1000.01.01 → 1000.02.01  (Rp 42.735)
  85670                     | 01/03/2026   | BREW - UANG MASUK STRADA SMB 28/02/2026
    Baris 2: DEBIT 1000.01.12 → 1000.02.07  (Rp 28.875)
  86479                     | 22/02/2026   | BREW - UANG MASUK STRADA LA.PIAZZA 21/02/2026
    Baris 2: DEBIT 1000.01.01 → 1000.02.01  (Rp 225.225)
  86475                     | 16/02/2026   | BREW - UANG MASUK STRADA LA.PIAZZA 15/02/2026
    Baris 2: DEBIT 1000.01.01 → 1000.02.01  (Rp 272.580)
  85622                     | 16/02/2026   | BREW - UANG MASUK STRADA SMB 15/02/2026
    Baris 2: DEBIT 1000.01.12 → 1000.02.07  (Rp 51.975)
  86369                     | 15/02/2026   | BREW - UANG MASUK STRADA LA.PIAZZA 14/02/2026
    Baris 2: DEBIT 1000.01.01 → 1000.02.01  (Rp 11.700)
  86431                     | 14/02/2026   | BREW - UANG MASUK STRADA LA.PIAZZA 13/02/2026
    Baris 2: DEBIT 1000.01.01 → 1000.02.01  (Rp 108.570)
  86562                     | 13/02/2026   | BREW - UANG MASUK STRADA LA.PIAZZA 12/02/2026
    Baris 2: DEBIT 1000.01.01 → 1000.02.01  (Rp 102.795)
  85614                     | 12/02/2026   | BREW - UANG MASUK STRADA SMB 11/02/2026
    Baris 2: DEBIT 1000.01.12 → 1000.02.07  (Rp 450.450)
  86471                     | 09/02/2026   | BREW - UANG MASUK STRADA LA.PIAZZA 08/02/2026
    Baris 2: DEBIT 1000.01.01 → 1000.02.01  (Rp 162.855)
  85704                     | 09/02/2026   | BREW - UANG MASUK STRADA SMB 08/02/2026
    Baris 2: DEBIT 1000.01.12 → 1000.02.07  (Rp 106.260)
  85702                     | 09/02/2026   | BREW - UANG MASUK STRADA BSD 08/02/2026
    Baris 2: DEBIT 1000.01.10 → 1000.02.06  (Rp 100.485)
  85703                     | 07/02/2026   | BREW - UANG MASUK STRADA SMB 06/02/2026
    Baris 2: DEBIT 1000.01.12 → 1000.02.07  (Rp 110.880)
  86513                     | 06/02/2026   | BREW - UANG MASUK STRADA LA.PIAZZA 05/02/2026
    Baris 2: DEBIT 1000.01.01 → 1000.02.01  (Rp 152.460)
  85701                     | 01/02/2026   | BREW - UANG MASUK STRADA BSD 31/01/2026
    Baris 2: DEBIT 1000.01.10 → 1000.02.06  (Rp 332.640)
  86423                     | 26/01/2026   | BREW - UANG MASUK STRADA LA.PIAZZA 25/01/2026
    Baris 2: DEBIT 1000.01.01 → 1000.02.01  (Rp 108.570)
  86502                     | 14/01/2026   | BREW - UANG MASUK STRADA LA.PIAZZA 13/01/2026
    Baris 2: DEBIT 1000.01.01 → 1000.02.01  (Rp 103.950)
  86456                     | 11/01/2026   | BREW - UANG MASUK STRADA LA.PIAZZA 10/01/2026
    Baris 2: DEBIT 1000.01.01 → 1000.02.01  (Rp 150.150)
  86361                     | 08/01/2026   | BREW - UANG MASUK STRADA LA.PIAZZA 07/01/2026
    Baris 2: DEBIT 1000.01.01 → 1000.02.01  (Rp 42.735)
  85582                     | 06/01/2026   | BREW - UANG MASUK STRADA BSD 05/01/2026
    Baris 2: DEBIT 1000.01.10 → 1000.02.06  (Rp 485.100)
  86349                     | 04/01/2026   | BREW - UANG MASUK STRADA LA.PIAZZA 03/01/2026
    Baris 2: DEBIT 1000.01.01 → 1000.02.01  (Rp 379.995)
  86345                     | 01/01/2026   | BREW - UANG MASUK STRADA LA.PIAZZA 31/12/2025
    Baris 2: DEBIT 1000.01.01 → 1000.02.01  (Rp 269.115)
  85611                     | 01/01/2026   | BREW - UANG MASUK STRADA MKG 31/12/2025
    Baris 2: DEBIT 1000.01.11 → 1000.02.04  (Rp 113.190)
  86342                     | 28/12/2025   | BREW - UANG MASUK STRADA LA.PIAZZA 27/12/2025
    Baris 2: DEBIT 1000.01.01 → 1000.02.01  (Rp 358.050)
  86046                     | 25/12/2025   | BREW - UANG MASUK STRADA LA.PIAZZA 24/12/2025
    Baris 2: DEBIT 1000.01.01 → 1000.02.01  (Rp 295.680)
  86407                     | 23/12/2025   | BREW - UANG MASUK STRADA LA.PIAZZA 22/12/2025
    Baris 2: DEBIT 1000.01.01 → 1000.02.01  (Rp 51.975)
  85581                     | 26/11/2025   | BREW - UANG MASUK STRADA SMS 25/11/2025
    Baris 2: DEBIT 1000.01.14 → 1000.02.04  (Rp 430.000)
  86278                     | 21/11/2025   | BREW - UANG MASUK STRADA LA.PIAZZA 20/11/2025
    Baris 2: DEBIT 1000.01.01 → 1000.02.01  (Rp 364.980)
  86323                     | 17/11/2025   | BREW - UANG MASUK STRADA LA.PIAZZA 16/11/2025
    Baris 2: DEBIT 1000.01.01 → 1000.02.01  (Rp 339.570)
  86272                     | 06/11/2025   | BREW - UANG MASUK STRADA LA.PIAZZA 05/11/2025
    Baris 2: DEBIT 1000.01.01 → 1000.02.01  (Rp 99.330)
  86307                     | 22/10/2025   | BREW - UANG MASUK STRADA LA.PIAZZA 21/10/2025
    Baris 2: DEBIT 1000.01.01 → 1000.02.01  (Rp 122.430)
  86031                     | 19/10/2025   | BREW - UANG MASUK STRADA LA.PIAZZA 18/10/2025
    Baris 2: DEBIT 1000.01.01 → 1000.02.01  (Rp 151.305)
  86264                     | 17/10/2025   | BREW - UANG MASUK STRADA LA.PIAZZA 16/10/2025
    Baris 2: DEBIT 1000.01.01 → 1000.02.01  (Rp 207.900)
  86137                     | 30/09/2025   | BREW - UANG MASUK STRADA LA.PIAZZA 29/09/2025
    Baris 2: DEBIT 1000.01.01 → 1000.02.01  (Rp 107.415)
  86213                     | 29/09/2025   | BREW - UANG MASUK STRADA LA.PIAZZA 28/09/2025
    Baris 2: DEBIT 1000.01.01 → 1000.02.01  (Rp 121.275)
  86300                     | 28/09/2025   | BREW - UANG MASUK STRADA LA.PIAZZA 27/09/2025
    Baris 2: DEBIT 1000.01.01 → 1000.02.01  (Rp 110.880)
  85828                     | 24/09/2025   | BREW - UANG MASUK STRADA LA.PIAZZA 23/09/2025
    Baris 2: DEBIT 1000.01.01 → 1000.02.01  (Rp 78.540)
  86148                     | 22/09/2025   | BREW - UANG MASUK STRADA LA.PIAZZA 21/09/2025
    Baris 2: DEBIT 1000.01.01 → 1000.02.01  (Rp 105.105)
  85328                     | 21/09/2025   | BREW - UANG MASUK STRADA MKG 20/09/2025
    Baris 2: DEBIT 1000.01.11 → 1000.02.04  (Rp 240.425)
  86071                     | 07/09/2025   | BREW - UANG MASUK STRADA LA.PIAZZA 06/09/2025
    Baris 2: DEBIT 1000.01.01 → 1000.02.01  (Rp 218.295)
  85824                     | 01/09/2025   | BREW - UANG MASUK STRADA LA.PIAZZA 31/08/2025
    Baris 2: DEBIT 1000.01.01 → 1000.02.01  (Rp 159.390)
  85578                     | 26/08/2025   | BREW - UANG MASUK STRADA MKG 25/08/2025
    Baris 2: DEBIT 1000.01.11 → 1000.02.04  (Rp 100.000)
  85653                     | 25/08/2025   | BREW - UANG MASUK STRADA MKG 24/08/2025
    Baris 2: DEBIT 1000.01.11 → 1000.02.04  (Rp 140.425)
  85546                     | 24/08/2025   | BREW - UANG MASUK STRADA MKG 23/08/2025
    Baris 2: DEBIT 1000.01.11 → 1000.02.04  (Rp 40.425)
  86122                     | 20/08/2025   | BREW - UANG MASUK STRADA LA.PIAZZA 19/08/2025
    Baris 2: DEBIT 1000.01.01 → 1000.02.01  (Rp 105.105)
  85990                     | 11/08/2025   | BREW - UANG MASUK STRADA LA.PIAZZA 10/08/2025
    Baris 2: DEBIT 1000.01.01 → 1000.02.01  (Rp 100.000)
  86065                     | 10/08/2025   | BREW - UANG MASUK STRADA LA.PIAZZA 09/08/2025
    Baris 2: DEBIT 1000.01.01 → 1000.02.01  (Rp 47.355)
  85982                     | 31/07/2025   | BREW - UANG MASUK STRADA LA.PIAZZA 30/07/2025
    Baris 2: DEBIT 1000.01.01 → 1000.02.01  (Rp 103.950)
  85926                     | 27/07/2025   | BREW - UANG MASUK STRADA LA.PIAZZA 26/07/2025
    Baris 2: DEBIT 1000.01.01 → 1000.02.01  (Rp 307.230)
  86115                     | 26/07/2025   | BREW - UANG MASUK STRADA LA.PIAZZA 25/07/2025
    Baris 2: DEBIT 1000.01.01 → 1000.02.01  (Rp 115.500)
  85545                     | 22/07/2025   | BREW - UANG MASUK STRADA MKG 21/07/2025
    Baris 2: DEBIT 1000.01.11 → 1000.02.04  (Rp 179.665)
  85891                     | 20/07/2025   | BREW - UANG MASUK STRADA LA.PIAZZA 19/07/2025
    Baris 2: DEBIT 1000.01.01 → 1000.02.01  (Rp 35.805)
  85886                     | 11/07/2025   | BREW - UANG MASUK STRADA LA.PIAZZA 10/07/2025
    Baris 2: DEBIT 1000.01.01 → 1000.02.01  (Rp 358.050)
  85920                     | 10/07/2025   | BREW - UANG MASUK STRADA LA.PIAZZA 09/07/2025
    Baris 2: DEBIT 1000.01.01 → 1000.02.01  (Rp 386.925)
  85919                     | 09/07/2025   | BREW - UANG MASUK STRADA LA.PIAZZA 08/07/2025
    Baris 2: DEBIT 1000.01.01 → 1000.02.01  (Rp 1.451.835)
  86015                     | 05/07/2025   | BREW - UANG MASUK STRADA LA.PIAZZA 04/07/2025
    Baris 2: DEBIT 1000.01.01 → 1000.02.01  (Rp 229.845)
  85916                     | 30/06/2025   | BREW - UANG MASUK STRADA LA.PIAZZA 29/06/2025
    Baris 2: DEBIT 1000.01.01 → 1000.02.01  (Rp 179.025)
  85882                     | 28/06/2025   | BREW - UANG MASUK STRADA LA.PIAZZA 27/06/2025
    Baris 2: DEBIT 1000.01.01 → 1000.02.01  (Rp 279.995)
  85327                     | 28/06/2025   | BREW - UANG MASUK STRADA MKG 27/06/2025
    Baris 2: DEBIT 1000.01.11 → 1000.02.04  (Rp 120.120)
  86057                     | 26/06/2025   | BREW - UANG MASUK STRADA LA.PIAZZA 25/06/2025
    Baris 2: DEBIT 1000.01.01 → 1000.02.01  (Rp 92.400)
  85881                     | 24/06/2025   | BREW - UANG MASUK STRADA LA.PIAZZA 23/06/2025
    Baris 2: DEBIT 1000.01.01 → 1000.02.01  (Rp 635.000)
  86106                     | 22/06/2025   | BREW - UANG MASUK STRADA LA.PIAZZA 21/06/2025
    Baris 2: DEBIT 1000.01.01 → 1000.02.01  (Rp 257.565)
  86105                     | 21/06/2025   | BREW - UANG MASUK STRADA LA.PIAZZA 20/06/2025
    Baris 2: DEBIT 1000.01.01 → 1000.02.01  (Rp 244.860)
  86053                     | 15/06/2025   | BREW - UANG MASUK STRADA LA.PIAZZA 14/06/2025
    Baris 2: DEBIT 1000.01.01 → 1000.02.01  (Rp 49.665)
  85875                     | 11/06/2025   | BREW - UANG MASUK STRADA LA.PIAZZA 10/06/2025
    Baris 2: DEBIT 1000.01.01 → 1000.02.01  (Rp 49.665)
  85798                     | 09/06/2025   | BREW - UANG MASUK STRADA LA.PIAZZA 08/06/2025
    Baris 2: DEBIT 1000.01.01 → 1000.02.01  (Rp 214.830)
  86052                     | 08/06/2025   | BREW - UANG MASUK STRADA LA.PIAZZA 07/06/2025
    Baris 2: DEBIT 1000.01.01 → 1000.02.01  (Rp 87.780)
  85795                     | 07/06/2025   | BREW - UANG MASUK STRADA LA.PIAZZA 06/06/2025
    Baris 2: DEBIT 1000.01.01 → 1000.02.01  (Rp 659.840)
  85873                     | 03/06/2025   | BREW - UANG MASUK STRADA LA.PIAZZA 02/06/2025
    Baris 2: DEBIT 1000.01.01 → 1000.02.01  (Rp 266.805)
  86006                     | 02/06/2025   | BREW - UANG MASUK STRADA LA.PIAZZA 01/06/2025
    Baris 2: DEBIT 1000.01.01 → 1000.02.01  (Rp 49.665)
  85791                     | 28/05/2025   | BREW - UANG MASUK STRADA LA.PIAZZA 27/05/2025
    Baris 2: DEBIT 1000.01.01 → 1000.02.01  (Rp 775.005)
  85649                     | 26/05/2025   | BREW - UANG MASUK STRADA LA.PIAZZA 25/05/2025
    Baris 2: DEBIT 1000.01.01 → 1000.02.01  (Rp 108.570)
  86207                     | 25/05/2025   | BREW - UANG MASUK STRADA LA.PIAZZA 24/05/2025
    Baris 2: DEBIT 1000.01.01 → 1000.02.01  (Rp 204.435)
  85959                     | 24/05/2025   | BREW - UANG MASUK STRADA LA.PIAZZA 23/05/2025
    Baris 2: DEBIT 1000.01.01 → 1000.02.01  (Rp 40.425)
  85788                     | 22/05/2025   | BREW - UANG MASUK STRADA LA.PIAZZA 21/05/2025
    Baris 2: DEBIT 1000.01.01 → 1000.02.01  (Rp 255.255)
  86003                     | 20/05/2025   | BREW - UANG MASUK STRADA LA.PIAZZA 19/05/2025
    Baris 2: DEBIT 1000.01.01 → 1000.02.01  (Rp 139.755)
  85957                     | 19/05/2025   | BREW - UANG MASUK STRADA LA.PIAZZA 18/05/2025
    Baris 2: DEBIT 1000.01.01 → 1000.02.01  (Rp 302.610)
  85787                     | 17/05/2025   | BREW - UANG MASUK STRADA LA.PIAZZA 16/05/2025
    Baris 2: DEBIT 1000.01.01 → 1000.02.01  (Rp 92.400)
  85811                     | 16/05/2025   | BREW - UANG MASUK STRADA LA.PIAZZA 15/05/2025
    Baris 2: DEBIT 1000.01.01 → 1000.02.01  (Rp 212.520)
  85955                     | 13/05/2025   | BREW - UANG MASUK STRADA LA.PIAZZA 12/05/2025
    Baris 2: DEBIT 1000.01.01 → 1000.02.01  (Rp 813.120)
  85646                     | 12/05/2025   | BREW - UANG MASUK STRADA LA.PIAZZA 11/05/2025
    Baris 2: DEBIT 1000.01.01 → 1000.02.01  (Rp 371.910)
  85782                     | 05/05/2025   | BREW - UANG MASUK STRADA LA.PIAZZA 04/05/2025
    Baris 2: DEBIT 1000.01.01 → 1000.02.01  (Rp 35.805)
  85904                     | 02/05/2025   | BREW - UANG MASUK STRADA LA.PIAZZA 01/05/2025
    Baris 2: DEBIT 1000.01.01 → 1000.02.01  (Rp 324.555)
  85642                     | 25/04/2025   | BREW - UANG MASUK STRADA LA.PIAZZA 24/04/2025
    Baris 2: DEBIT 1000.01.01 → 1000.02.01  (Rp 87.780)
  85858                     | 19/04/2025   | BREW - UANG MASUK STRADA LA.PIAZZA 18/04/2025
    Baris 2: DEBIT 1000.01.01 → 1000.02.01  (Rp 166.410)
  85857                     | 18/04/2025   | BREW - UANG MASUK STRADA LA.PIAZZA 17/04/2025
    Baris 2: DEBIT 1000.01.01 → 1000.02.01  (Rp 181.335)
  85444                     | 17/04/2025   | BREW - UANG MASUK STRADA LA.PIAZZA 16/04/2025
    Baris 2: DEBIT 1000.01.01 → 1000.02.01  (Rp 157.080)
  85695                     | 14/04/2025   | BREW - UANG MASUK STRADA LA.PIAZZA 13/04/2025
    Baris 2: DEBIT 1000.01.01 → 1000.02.01  (Rp 173.250)
  85854                     | 13/04/2025   | BREW - UANG MASUK STRADA LA.PIAZZA 12/04/2025
    Baris 2: DEBIT 1000.01.01 → 1000.02.01  (Rp 1.597.365)
  85773                     | 03/04/2025   | BREW - UANG MASUK STRADA LA.PIAZZA 02/04/2025
    Baris 2: DEBIT 1000.01.01 → 1000.02.01  (Rp 382.455)
  85349                     | 02/04/2025   | BREW - UANG MASUK STRADA LA.PIAZZA 01/04/2025
    Baris 2: DEBIT 1000.01.01 → 1000.02.01  (Rp 136.290)
  85348                     | 01/04/2025   | BREW - UANG MASUK STRADA LA.PIAZZA 31/03/2025
    Baris 2: DEBIT 1000.01.01 → 1000.02.01  (Rp 196.350)
  85346                     | 31/03/2025   | BREW - UANG MASUK STRADA LA.PIAZZA 30/03/2025
    Baris 2: DEBIT 1000.01.01 → 1000.02.01  (Rp 429.660)
  85745                     | 29/03/2025   | BREW - UANG MASUK STRADA LA.PIAZZA 28/03/2025
    Baris 2: DEBIT 1000.01.01 → 1000.02.01  (Rp 101.640)
  85803                     | 27/03/2025   | BREW - UANG MASUK STRADA LA.PIAZZA 26/03/2025
    Baris 2: DEBIT 1000.01.01 → 1000.02.01  (Rp 99.330)
  85440                     | 24/03/2025   | BREW - UANG MASUK STRADA LA.PIAZZA 23/03/2025
    Baris 2: DEBIT 1000.01.01 → 1000.02.01  (Rp 51.975)
  85801                     | 23/03/2025   | BREW - UANG MASUK STRADA LA.PIAZZA 22/03/2025
    Baris 2: DEBIT 1000.01.01 → 1000.02.01  (Rp 148.995)
  85763                     | 10/03/2025   | BREW - UANG MASUK STRADA LA.PIAZZA 09/03/2025
    Baris 2: DEBIT 1000.01.01 → 1000.02.01  (Rp 199.815)

──────────────────────────────────────────────────────────────────────
FASE 3 — PATCH
──────────────────────────────────────────────────────────────────────
  [  1/105] ✅ PATCHED  | 17-04-2026, 13.04.29 WIB | 85426                     | 1000.01.12→1000.02.07 Rp 151.305
  [  2/105] ✅ PATCHED  | 17-04-2026, 13.04.30 WIB | 86605                     | 1000.01.01→1000.02.01 Rp 54.285
  [  3/105] ✅ PATCHED  | 17-04-2026, 13.04.30 WIB | 85707                     | 1000.01.12→1000.02.07 Rp 210.210
  [  4/105] ✅ PATCHED  | 17-04-2026, 13.04.31 WIB | 85705                     | 1000.01.12→1000.02.07 Rp 1.121.505
  [  5/105] ✅ PATCHED  | 17-04-2026, 13.04.32 WIB | 85583                     | 1000.01.10→1000.02.06 Rp 69.300
  [  6/105] ✅ PATCHED  | 17-04-2026, 13.04.33 WIB | 85655                     | 1000.01.12→1000.02.07 Rp 200.970
  [  7/105] ✅ PATCHED  | 17-04-2026, 13.04.33 WIB | 85671                     | 1000.01.12→1000.02.07 Rp 192.885
  [  8/105] ✅ PATCHED  | 17-04-2026, 13.04.34 WIB | 86567                     | 1000.01.01→1000.02.01 Rp 42.735
  [  9/105] ✅ PATCHED  | 17-04-2026, 13.04.35 WIB | 85670                     | 1000.01.12→1000.02.07 Rp 28.875
  [ 10/105] ✅ PATCHED  | 17-04-2026, 13.04.36 WIB | 86479                     | 1000.01.01→1000.02.01 Rp 225.225
  [ 11/105] ✅ PATCHED  | 17-04-2026, 13.04.36 WIB | 86475                     | 1000.01.01→1000.02.01 Rp 272.580
  [ 12/105] ✅ PATCHED  | 17-04-2026, 13.04.37 WIB | 85622                     | 1000.01.12→1000.02.07 Rp 51.975
  [ 13/105] ✅ PATCHED  | 17-04-2026, 13.04.38 WIB | 86369                     | 1000.01.01→1000.02.01 Rp 11.700
  [ 14/105] ✅ PATCHED  | 17-04-2026, 13.04.39 WIB | 86431                     | 1000.01.01→1000.02.01 Rp 108.570
  [ 15/105] ✅ PATCHED  | 17-04-2026, 13.04.40 WIB | 86562                     | 1000.01.01→1000.02.01 Rp 102.795
  [ 16/105] ✅ PATCHED  | 17-04-2026, 13.04.40 WIB | 85614                     | 1000.01.12→1000.02.07 Rp 450.450
  [ 17/105] ✅ PATCHED  | 17-04-2026, 13.04.41 WIB | 86471                     | 1000.01.01→1000.02.01 Rp 162.855
  [ 18/105] ✅ PATCHED  | 17-04-2026, 13.04.42 WIB | 85704                     | 1000.01.12→1000.02.07 Rp 106.260
  [ 19/105] ✅ PATCHED  | 17-04-2026, 13.04.43 WIB | 85702                     | 1000.01.10→1000.02.06 Rp 100.485
  [ 20/105] ✅ PATCHED  | 17-04-2026, 13.04.43 WIB | 85703                     | 1000.01.12→1000.02.07 Rp 110.880
  [ 21/105] ✅ PATCHED  | 17-04-2026, 13.04.44 WIB | 86513                     | 1000.01.01→1000.02.01 Rp 152.460
  [ 22/105] ✅ PATCHED  | 17-04-2026, 13.04.45 WIB | 85701                     | 1000.01.10→1000.02.06 Rp 332.640
  [ 23/105] ✅ PATCHED  | 17-04-2026, 13.04.46 WIB | 86423                     | 1000.01.01→1000.02.01 Rp 108.570
  [ 24/105] ✅ PATCHED  | 17-04-2026, 13.04.46 WIB | 86502                     | 1000.01.01→1000.02.01 Rp 103.950
  [ 25/105] ✅ PATCHED  | 17-04-2026, 13.04.47 WIB | 86456                     | 1000.01.01→1000.02.01 Rp 150.150
  [ 26/105] ✅ PATCHED  | 17-04-2026, 13.04.48 WIB | 86361                     | 1000.01.01→1000.02.01 Rp 42.735
  [ 27/105] ✅ PATCHED  | 17-04-2026, 13.04.49 WIB | 85582                     | 1000.01.10→1000.02.06 Rp 485.100
  [ 28/105] ✅ PATCHED  | 17-04-2026, 13.04.50 WIB | 86349                     | 1000.01.01→1000.02.01 Rp 379.995
  [ 29/105] ✅ PATCHED  | 17-04-2026, 13.04.50 WIB | 86345                     | 1000.01.01→1000.02.01 Rp 269.115
  [ 30/105] ✅ PATCHED  | 17-04-2026, 13.04.51 WIB | 85611                     | 1000.01.11→1000.02.04 Rp 113.190
  [ 31/105] ✅ PATCHED  | 17-04-2026, 13.04.52 WIB | 86342                     | 1000.01.01→1000.02.01 Rp 358.050
  [ 32/105] ✅ PATCHED  | 17-04-2026, 13.04.53 WIB | 86046                     | 1000.01.01→1000.02.01 Rp 295.680
  [ 33/105] ✅ PATCHED  | 17-04-2026, 13.04.53 WIB | 86407                     | 1000.01.01→1000.02.01 Rp 51.975
  [ 34/105] ✅ PATCHED  | 17-04-2026, 13.04.54 WIB | 85581                     | 1000.01.14→1000.02.04 Rp 430.000
  [ 35/105] ✅ PATCHED  | 17-04-2026, 13.04.55 WIB | 86278                     | 1000.01.01→1000.02.01 Rp 364.980
  [ 36/105] ✅ PATCHED  | 17-04-2026, 13.04.56 WIB | 86323                     | 1000.01.01→1000.02.01 Rp 339.570
  [ 37/105] ✅ PATCHED  | 17-04-2026, 13.04.56 WIB | 86272                     | 1000.01.01→1000.02.01 Rp 99.330
  [ 38/105] ✅ PATCHED  | 17-04-2026, 13.04.57 WIB | 86307                     | 1000.01.01→1000.02.01 Rp 122.430
  [ 39/105] ✅ PATCHED  | 17-04-2026, 13.04.58 WIB | 86031                     | 1000.01.01→1000.02.01 Rp 151.305
  [ 40/105] ✅ PATCHED  | 17-04-2026, 13.04.59 WIB | 86264                     | 1000.01.01→1000.02.01 Rp 207.900
  [ 41/105] ✅ PATCHED  | 17-04-2026, 13.04.59 WIB | 86137                     | 1000.01.01→1000.02.01 Rp 107.415
  [ 42/105] ✅ PATCHED  | 17-04-2026, 13.05.00 WIB | 86213                     | 1000.01.01→1000.02.01 Rp 121.275
  [ 43/105] ✅ PATCHED  | 17-04-2026, 13.05.01 WIB | 86300                     | 1000.01.01→1000.02.01 Rp 110.880
  [ 44/105] ✅ PATCHED  | 17-04-2026, 13.05.02 WIB | 85828                     | 1000.01.01→1000.02.01 Rp 78.540
  [ 45/105] ✅ PATCHED  | 17-04-2026, 13.05.02 WIB | 86148                     | 1000.01.01→1000.02.01 Rp 105.105
  [ 46/105] ✅ PATCHED  | 17-04-2026, 13.05.03 WIB | 85328                     | 1000.01.11→1000.02.04 Rp 240.425
  [ 47/105] ✅ PATCHED  | 17-04-2026, 13.05.04 WIB | 86071                     | 1000.01.01→1000.02.01 Rp 218.295
  [ 48/105] ✅ PATCHED  | 17-04-2026, 13.05.05 WIB | 85824                     | 1000.01.01→1000.02.01 Rp 159.390
  [ 49/105] ✅ PATCHED  | 17-04-2026, 13.05.05 WIB | 85578                     | 1000.01.11→1000.02.04 Rp 100.000
  [ 50/105] ✅ PATCHED  | 17-04-2026, 13.05.06 WIB | 85653                     | 1000.01.11→1000.02.04 Rp 140.425
  [ 51/105] ✅ PATCHED  | 17-04-2026, 13.05.07 WIB | 85546                     | 1000.01.11→1000.02.04 Rp 40.425
  [ 52/105] ✅ PATCHED  | 17-04-2026, 13.05.08 WIB | 86122                     | 1000.01.01→1000.02.01 Rp 105.105
  [ 53/105] ✅ PATCHED  | 17-04-2026, 13.05.08 WIB | 85990                     | 1000.01.01→1000.02.01 Rp 100.000
  [ 54/105] ✅ PATCHED  | 17-04-2026, 13.05.09 WIB | 86065                     | 1000.01.01→1000.02.01 Rp 47.355
  [ 55/105] ✅ PATCHED  | 17-04-2026, 13.05.10 WIB | 85982                     | 1000.01.01→1000.02.01 Rp 103.950
  [ 56/105] ✅ PATCHED  | 17-04-2026, 13.05.11 WIB | 85926                     | 1000.01.01→1000.02.01 Rp 307.230
  [ 57/105] ✅ PATCHED  | 17-04-2026, 13.05.12 WIB | 86115                     | 1000.01.01→1000.02.01 Rp 115.500
  [ 58/105] ✅ PATCHED  | 17-04-2026, 13.05.12 WIB | 85545                     | 1000.01.11→1000.02.04 Rp 179.665
  [ 59/105] ✅ PATCHED  | 17-04-2026, 13.05.13 WIB | 85891                     | 1000.01.01→1000.02.01 Rp 35.805
  [ 60/105] ✅ PATCHED  | 17-04-2026, 13.05.14 WIB | 85886                     | 1000.01.01→1000.02.01 Rp 358.050
  [ 61/105] ✅ PATCHED  | 17-04-2026, 13.05.15 WIB | 85920                     | 1000.01.01→1000.02.01 Rp 386.925
  [ 62/105] ✅ PATCHED  | 17-04-2026, 13.05.16 WIB | 85919                     | 1000.01.01→1000.02.01 Rp 1.451.835
  [ 63/105] ✅ PATCHED  | 17-04-2026, 13.05.16 WIB | 86015                     | 1000.01.01→1000.02.01 Rp 229.845
  [ 64/105] ✅ PATCHED  | 17-04-2026, 13.05.17 WIB | 85916                     | 1000.01.01→1000.02.01 Rp 179.025
  [ 65/105] ✅ PATCHED  | 17-04-2026, 13.05.18 WIB | 85882                     | 1000.01.01→1000.02.01 Rp 279.995
  [ 66/105] ✅ PATCHED  | 17-04-2026, 13.05.19 WIB | 85327                     | 1000.01.11→1000.02.04 Rp 120.120
  [ 67/105] ✅ PATCHED  | 17-04-2026, 13.05.19 WIB | 86057                     | 1000.01.01→1000.02.01 Rp 92.400
  [ 68/105] ✅ PATCHED  | 17-04-2026, 13.05.20 WIB | 85881                     | 1000.01.01→1000.02.01 Rp 635.000
  [ 69/105] ✅ PATCHED  | 17-04-2026, 13.05.21 WIB | 86106                     | 1000.01.01→1000.02.01 Rp 257.565
  [ 70/105] ✅ PATCHED  | 17-04-2026, 13.05.22 WIB | 86105                     | 1000.01.01→1000.02.01 Rp 244.860
  [ 71/105] ✅ PATCHED  | 17-04-2026, 13.05.23 WIB | 86053                     | 1000.01.01→1000.02.01 Rp 49.665
  [ 72/105] ✅ PATCHED  | 17-04-2026, 13.05.23 WIB | 85875                     | 1000.01.01→1000.02.01 Rp 49.665
  [ 73/105] ✅ PATCHED  | 17-04-2026, 13.05.24 WIB | 85798                     | 1000.01.01→1000.02.01 Rp 214.830
  [ 74/105] ✅ PATCHED  | 17-04-2026, 13.05.25 WIB | 86052                     | 1000.01.01→1000.02.01 Rp 87.780
  [ 75/105] ✅ PATCHED  | 17-04-2026, 13.05.26 WIB | 85795                     | 1000.01.01→1000.02.01 Rp 659.840
  [ 76/105] ✅ PATCHED  | 17-04-2026, 13.05.26 WIB | 85873                     | 1000.01.01→1000.02.01 Rp 266.805
  [ 77/105] ✅ PATCHED  | 17-04-2026, 13.05.27 WIB | 86006                     | 1000.01.01→1000.02.01 Rp 49.665
  [ 78/105] ✅ PATCHED  | 17-04-2026, 13.05.28 WIB | 85791                     | 1000.01.01→1000.02.01 Rp 775.005
  [ 79/105] ✅ PATCHED  | 17-04-2026, 13.05.29 WIB | 85649                     | 1000.01.01→1000.02.01 Rp 108.570
  [ 80/105] ✅ PATCHED  | 17-04-2026, 13.05.29 WIB | 86207                     | 1000.01.01→1000.02.01 Rp 204.435
  [ 81/105] ✅ PATCHED  | 17-04-2026, 13.05.30 WIB | 85959                     | 1000.01.01→1000.02.01 Rp 40.425
  [ 82/105] ✅ PATCHED  | 17-04-2026, 13.05.31 WIB | 85788                     | 1000.01.01→1000.02.01 Rp 255.255
  [ 83/105] ✅ PATCHED  | 17-04-2026, 13.05.32 WIB | 86003                     | 1000.01.01→1000.02.01 Rp 139.755
  [ 84/105] ✅ PATCHED  | 17-04-2026, 13.05.32 WIB | 85957                     | 1000.01.01→1000.02.01 Rp 302.610
  [ 85/105] ✅ PATCHED  | 17-04-2026, 13.05.33 WIB | 85787                     | 1000.01.01→1000.02.01 Rp 92.400
  [ 86/105] ✅ PATCHED  | 17-04-2026, 13.05.34 WIB | 85811                     | 1000.01.01→1000.02.01 Rp 212.520
  [ 87/105] ✅ PATCHED  | 17-04-2026, 13.05.35 WIB | 85955                     | 1000.01.01→1000.02.01 Rp 813.120
  [ 88/105] ✅ PATCHED  | 17-04-2026, 13.05.35 WIB | 85646                     | 1000.01.01→1000.02.01 Rp 371.910
  [ 89/105] ✅ PATCHED  | 17-04-2026, 13.05.36 WIB | 85782                     | 1000.01.01→1000.02.01 Rp 35.805
  [ 90/105] ✅ PATCHED  | 17-04-2026, 13.05.37 WIB | 85904                     | 1000.01.01→1000.02.01 Rp 324.555
  [ 91/105] ✅ PATCHED  | 17-04-2026, 13.05.38 WIB | 85642                     | 1000.01.01→1000.02.01 Rp 87.780
  [ 92/105] ✅ PATCHED  | 17-04-2026, 13.05.38 WIB | 85858                     | 1000.01.01→1000.02.01 Rp 166.410
  [ 93/105] ✅ PATCHED  | 17-04-2026, 13.05.39 WIB | 85857                     | 1000.01.01→1000.02.01 Rp 181.335
  [ 94/105] ✅ PATCHED  | 17-04-2026, 13.05.40 WIB | 85444                     | 1000.01.01→1000.02.01 Rp 157.080
  [ 95/105] ✅ PATCHED  | 17-04-2026, 13.05.41 WIB | 85695                     | 1000.01.01→1000.02.01 Rp 173.250
  [ 96/105] ✅ PATCHED  | 17-04-2026, 13.05.41 WIB | 85854                     | 1000.01.01→1000.02.01 Rp 1.597.365
  [ 97/105] ✅ PATCHED  | 17-04-2026, 13.05.42 WIB | 85773                     | 1000.01.01→1000.02.01 Rp 382.455
  [ 98/105] ✅ PATCHED  | 17-04-2026, 13.05.43 WIB | 85349                     | 1000.01.01→1000.02.01 Rp 136.290
  [ 99/105] ✅ PATCHED  | 17-04-2026, 13.05.44 WIB | 85348                     | 1000.01.01→1000.02.01 Rp 196.350
  [100/105] ✅ PATCHED  | 17-04-2026, 13.05.44 WIB | 85346                     | 1000.01.01→1000.02.01 Rp 429.660
  [101/105] ✅ PATCHED  | 17-04-2026, 13.05.45 WIB | 85745                     | 1000.01.01→1000.02.01 Rp 101.640
  [102/105] ✅ PATCHED  | 17-04-2026, 13.05.46 WIB | 85803                     | 1000.01.01→1000.02.01 Rp 99.330
  [103/105] ✅ PATCHED  | 17-04-2026, 13.05.47 WIB | 85440                     | 1000.01.01→1000.02.01 Rp 51.975
  [104/105] ✅ PATCHED  | 17-04-2026, 13.05.48 WIB | 85801                     | 1000.01.01→1000.02.01 Rp 148.995
  [105/105] ✅ PATCHED  | 17-04-2026, 13.05.48 WIB | 85763                     | 1000.01.01→1000.02.01 Rp 199.815

──────────────────────────────────────────────────────────────────────
RINGKASAN AKHIR
──────────────────────────────────────────────────────────────────────
Selesai pada      : 17-04-2026, 13.05.49 WIB
Total perlu patch : 105
Berhasil dipatch  : 105
Gagal             : 0
Tidak ada perubahan: 1236
Gagal fetch detail : 0
Log tersimpan     : /Users/questmotors/strada-brew/scripts/finance/logs/mass_patch_uang_masuk_20260417_124852.log
